"会社名","SOC","あなたの名刺所有枚数","全体の名刺所有枚数","最終名刺交換日","コンタクト登録数","最終コンタクト日","URL","郵便番号","住所","電話番号","代表者の役職名","代表者の氏名","主業：大分類","主業：中分類","従業：大分類","従業：中分類","従業員数","資本金（千円）","売上高（百万円）","決算年月","創業年月","設立年月","株式公開区分","法人番号","会社キーワード","企業動向","導入ITサービス","会社メモ"
"株式会社４５１０デザイン事務所","7636492064920","","","","","","","604-8151","京都府京都市中京区橋弁慶町224","","","","","","","","","","","","","","","4130001055159","","","",""
"株式会社ＷＯＪＥ","8459513361477","","","","","","","531-0072","大阪府大阪市北区豊崎三丁目15-5 TKビル503","","","","","","","","","","","","","","","2120001198654","","","",""
"Ｉ＆ＥＬＶＯ株式会社","5066740703717","","","","","","","980-0012","宮城県仙台市青葉区錦町一丁目4-5 チサン2F","","","","","","","","","","","","","","","8370001021109","","","",""
"株式会社あいうえる","7352582521536","","","","","","","530-0045","大阪府大阪市北区天神西町5-17","","","","","","","","","","","","","","","2120001106468","","","",""
"株式会社ｉＨＲ","8885318886275","","","","","","","231-0057","神奈川県横浜市中区曙町二丁目19-1 曙町新井ビル6F","","","","","","","","","","","","","","","1012801016866","","","",""
"株式会社アイ・エイチ・エム","2116060419281","","","","","","","103-0004","東京都中央区東日本橋二丁目6-11","","","","","","","","","","","","","","","3010001140618","","","",""
"株式会社アイエス産業","4486639878867","","","","","","","918-8231","福井県福井市問屋町一丁目43","","","","","","","","","","","","","","","9210001000011","","","",""
"株式会社ＩＮＥライティング","4458134114531","","","","","","","169-0074","東京都新宿区北新宿二丁目21-1 新宿フロントタワー15F","","","","","","","","","","","","","","","8013301036596","","","",""
"株式会社アイエム・ラボ","6747919072522","","","","","","","732-0803","広島県広島市南区南蟹屋二丁目3-2803","","","","","","","","","","","","","","","5240001027360","","","",""
"株式会社ＡＩＯ","8154145046884","","","","","","","400-0858","山梨県甲府市相生二丁目9-10","","","","","","","","","","","","","","","6090001016155","","","",""
"株式会社アイオンライン","3578823234324","","","","","","","107-0061","東京都港区北青山二丁目7-26 2F","","","","","","","","","","","","","","","7010901030253","","","",""
"株式会社愛京家倶楽部","7378846478148","","","","","","","615-0014","京都府京都市右京区西院巽町37-1 TAKE7・2F","","","","","","","","","","","","","","","8130001031024","","","",""
"株式会社アイクルー","9506407497814","","","","","","","314-0121","茨城県神栖市溝口神地1703","","","","","","","","","","","","","","","9050001022666","","","",""
"株式会社アイケアＴ","4877509628373","","","","","","","470-0134","愛知県日進市香久山五丁目1801 MIO香久山1F","","","","","","","","","","","","","","","8180001062114","","","",""
"株式会社アイケイ","3979543577669","","","","","","","450-0002","愛知県名古屋市中村区名駅三丁目26-8 KDX名古屋駅前ビル5階","","","","","","","","","","","","","","","8180001152063","","","",""
"株式会社アイコニック","8620114844117","","","","","","","150-0011","東京都渋谷区東二丁目24-3 渋谷THビル5F","","","","","","","","","","","","","","","9010001215158","","","",""
"株式会社アイコーワンズ","4372277722396","","","","","","","546-0012","大阪府大阪市東住吉区中野二丁目6-12","","","","","","","","","","","","","","","8120001132277","","","",""
"株式会社アイサ","3073464974341","","","","","","","164-0001","東京都中野区中野三丁目31-8 Nスクエア2F","","","","","","","","","","","","","","","8011201013880","","","",""
"株式会社アイサプライ","2667101635282","","","","","","","602-8319","京都府京都市上京区溝前町82","","","","","","","","","","","","","","","1130001028976","","","",""
"株式会社ＩＣＴ","5292555399932","","","","","","","541-0045","大阪府大阪市中央区道修町二丁目1-10","","","","","","","","","","","","","","","3120001126779","","","",""
"株式会社アイシス","7744170503717","","","","","","","103-0011","東京都中央区日本橋大伝馬町14-10","","","","","","","","","","","","","","","3010001147794","","","",""
"有限会社アイシステム","1398813369722","","","","","","","970-8026","福島県いわき市平三町目34","","","","","","","","","","","","","","","7380002027352","","","",""
"アイシーティー株式会社","6616856912173","","","","","","","231-0861","神奈川県横浜市中区元町四丁目168 BIZcomfort元町ビルB1F/3F","","","","","","","","","","","","","","","9011101069171","","","",""
"株式会社アイシーネット","6396259281281","","","","","","","192-0081","東京都八王子市横山町6-9 丸多屋ビル7F","","","","","","","","","","","","","","","3010101009754","","","",""
"アイショップいしがき株式会社","9393342970098","","","","","","","907-0004","沖縄県石垣市字登野城80 コーポレーション新盛102","","","","","","","","","","","","","","","4360002021707","","","",""
"株式会社アイズバレル","8636080689799","","","","","","","150-0041","東京都渋谷区神南一丁目14-7 ワイズ神南ビル7F","","","","","","","","","","","","","","","7020001127701","","","",""
"アイゼックス株式会社","7450430879612","","","","","","","105-0013","東京都港区浜松町二丁目1-12 VORT浜松町","","","","","","","","","","","","","","","8010701026764","","","",""
"株式会社ＩＺＡ","2099110288215","","","","","","","107-0062","東京都港区南青山六丁目12-1 TTS南青山ビル4F","","","","","","","","","","","","","","","7010401081243","","","",""
"株式会社あいたいよう","8994997003994","","","","","","","705-0021","岡山県備前市西片上1825-1","","","","","","","","","","","","","","","2260001022073","","","",""
"株式会社ＩＷＦ","4173363195391","","","","","","","150-0011","東京都渋谷区東三丁目25-3 ライオンズプラザ恵比寿3F309","","","","","","","","","","","","","","","3011001108051","","","",""
"Ａｉｄｅｒ　ｌａｂ株式会社","1825146613032","","","","","","","130-0004","東京都墨田区本所三丁目7-11 カスタリア本所吾妻橋603","","","","","","","","","","","","","","","3010501037652","","","",""
"株式会社アイティーエスエス","4600679560835","","","","","","","559-0034","大阪府大阪市住之江区南港北二丁目1-10 ATCビルITM棟12F","","","","","","","","","","","","","","","7120001102347","","","",""
"合同会社アイティーエスジャパン","4488187585221","","","","","","","683-0823","鳥取県米子市加茂町二丁目213","","","","","","","","","","","","","","","6270003000832","","","",""
"合同会社アイティーオー","2967122493955","","","","","","","812-0011","福岡県福岡市博多区博多駅前二丁目19-17 トーカン博多第5ビル312号室","","","","","","","","","","","","","","","7290003010399","","","",""
"ＩＴＧマーケティング株式会社","8462320197287","","","","","","","105-0021","東京都港区東新橋二丁目4-1 サンマリーノ汐留9F","","","","","","","","","","","","","","","1010401098648","","","",""
"株式会社ＩＴＵ","8263029871979","","","","","","","536-0024","大阪府大阪市城東区中浜三丁目17-18","","","","","","","","","","","","","","","3120001144269","","","",""
"株式会社アイテック","2120516592621","","","","","","","104-0061","東京都中央区銀座六丁目14-8 銀座石井ビル4F","","","","","","","","","","","","","","","2020001089566","","","",""
"株式会社アイテック","2110078528775","","","","","","","540-0005","大阪府大阪市中央区上町一丁目7-9","","","","","","","","","","","","","","","1120001073206","","","",""
"株式会社アイテント","8484957516323","","","","","","","460-0008","愛知県名古屋市中区栄三丁目2-3 名古屋日興證券ビル4階","","","","","","","","","","","","","","","4180001125790","","","",""
"株式会社ＩＤトレーディング","9818879380676","","","","","","","343-0828","埼玉県越谷市レイクタウン六丁目30-1","","","","","","","","","","","","","","","9030001067069","","","",""
"株式会社アイデザイン","2216456669452","","","","","","","464-0038","愛知県名古屋市千種区春里町二丁目15-14","","","","","","","","","","","","","","","4180001126582","","","",""
"株式会社アイデンティティー","6574346659911","","","","","","","661-0003","兵庫県尼崎市富松町一丁目37-15 205","","","","","","","","","","","","","","","6140001100366","","","",""
"株式会社愛道具館","7867491302974","","","","","","","577-0814","大阪府東大阪市南上小阪8-35","","","","","","","","","","","","","","","6122001028572","","","",""
"株式会社アイナ","8873724459934","","","","","","","564-0051","大阪府吹田市豊津町9-16 905","","","","","","","","","","","","","","","4140001093224","","","",""
"アイナチュラ株式会社","1087349740814","","","","","","","279-0011","千葉県浦安市美浜一丁目9-2","","","","","","","","","","","","","","","4040001033801","","","",""
"株式会社あいネット","1404379736569","","","","","","","422-8064","静岡県静岡市駿河区新川二丁目6-6-2","","","","","","","","","","","","","","","4080001000087","","","",""
"アイネット合同会社","7513052431196","","","","","","","386-0012","長野県上田市中央六丁目17-10","","","","","","","","","","","","","","","8100003004006","","","",""
"株式会社ＡＩＨＡ","8738391857948","","","","","","","344-0023","埼玉県春日部市大枝834-6","","","","","","","","","","","","","","","3030001053149","","","",""
"アイバリー株式会社","7484760657827","","","","","","","153-0043","東京都目黒区東山一丁目5-9 801","","","","","","","","","","","","","","","5011001137263","","","",""
"アイパブリッシュ合同会社","4340283069424","","","","","","","151-0053","東京都渋谷区代々木五丁目42-8 EZEHOUSE1F","","","","","","","","","","","","","","","1011003012906","","","",""
"株式会社ＩＢＩ","2337091688690","","","","","","","181-0013","東京都三鷹市下連雀三丁目37-41","","","","","","","","","","","","","","","9012401031408","","","",""
"株式会社アイビーロード","7167627566054","","","","","","","520-2153","滋賀県大津市一里山四丁目15-15","","","","","","","","","","","","","","","5160001000094","","","",""
"株式会社ＩＰＡ","9485755544269","","","","","","","810-0024","福岡県福岡市中央区桜坂一丁目14-18","","","","","","","","","","","","","","","8290001067317","","","",""
"ＩＰプランニング株式会社","4167972253544","","","","","","","910-0804","福井県福井市高木中央一丁目504","","","","","","","","","","","","","","","7210001016447","","","",""
"株式会社アイフォーレ","5203647870459","","","","","","","244-0842","神奈川県横浜市栄区飯島町109-1","","","","","","","","","","","","","","","3020001094334","","","",""
"アイプラスユーアンドユー株式会社","2079515352145","","","","","","","541-0051","大阪府大阪市中央区備後町一丁目4-8 FD備後町ビル","","","","","","","","","","","","","","","3140001102407","","","",""
"ＡｉＢＯｒｇａｎｉｃｓ株式会社","4936439656646","","","","","","","225-0015","神奈川県横浜市青葉区荏田北一丁目2-1","","","","","","","","","","","","","","","6020001117686","","","",""
"株式会社藍星","3403432524717","","","","","","","566-0062","大阪府摂津市鳥飼上三丁目15-3 ATCビル3F","","","","","","","","","","","","","","","8120901013683","","","",""
"株式会社アイポケット","2910650059127","","","","","","","231-0023","神奈川県横浜市中区山下町194 横浜ニューポートビル3F","","","","","","","","","","","","","","","8020001038278","","","",""
"株式会社アイ・メーカー","9400993406720","","","","","","","182-0026","東京都調布市小島町二丁目54-4 403","","","","","","","","","","","","","","","7012401024611","","","",""
"株式会社Ｉ　Ｒｕｓｈ","2979221841496","","","","","","","370-0411","群馬県太田市亀岡町440","","","","","","","","","","","","","","","7070001033663","","","",""
"アイランド合同会社","3461198598770","","","","","","","338-0011","埼玉県さいたま市中央区新中里一丁目11-18 302","","","","","","","","","","","","","","","4030003005452","","","",""
"株式会社ＩＳＬＡＮＤ　ＢＡＲ","1183273425591","","","","","","","150-0013","東京都渋谷区恵比寿四丁目20-3 恵比寿ガーデンプレイスタワー18F","","","","","","","","","","","","","","","9011001141237","","","",""
"株式会社アイリスプラザ","7237957645569","","","","","","","980-0021","宮城県仙台市青葉区中央二丁目1-7","","","","","","","","","","","","","","","1370001000886","","","",""
"株式会社アイリレーション","3780190648333","","","","","","","221-0052","神奈川県横浜市神奈川区栄町5-1","","","","","","","","","","","","","","","9020001037436","","","",""
"株式会社アイリンク","1604347314034","","","","","","","577-0809","大阪府東大阪市永和三丁目4-1","","","","","","","","","","","","","","","2122001023973","","","",""
"アイリンクス株式会社","4733079716327","","","","","","","812-0016","福岡県福岡市博多区博多駅南一丁目6-9 三和ビル7F","","","","","","","","","","","","","","","5290001015732","","","",""
"株式会社アイルウェン","8553688157625","","","","","","","104-0061","東京都中央区銀座五丁目1 先GINZA5-1F","","","","","","","","","","","","","","","3010601037750","","","",""
"株式会社アイルバート","2883761633609","","","","","","","373-0815","群馬県太田市東別所町416-17","","","","","","","","","","","","","","","2070001021004","","","",""
"合資会社アイワーク","5689668081340","","","","","","","552-0011","大阪府大阪市港区南市岡一丁目1-32","","","","","","","","","","","","","","","4120003004180","","","",""
"有限会社アイワンファクトリー","4713997836769","","","","","","","564-0063","大阪府吹田市江坂町一丁目17-26 エスプリ江坂8F","","","","","","","","","","","","","","","8120902017948","","","",""
"株式会社アイント","2310912470457","","","","","","","578-0957","大阪府東大阪市本庄中一丁目1-45","","","","","","","","","","","","","","","5122001027402","","","",""
"株式会社アウティングスペース","2587209136214","","","","","","","559-0017","大阪府大阪市住之江区中加賀屋四丁目4-18","","","","","","","","","","","","","","","6120001030185","","","",""
"有限会社アウトドアーズコンパス","9613622368423","","","","","","","791-8013","愛媛県松山市山越五丁目5-11","","","","","","","","","","","","","","","6500002000504","","","",""
"株式会社あうる","8126912167447","","","","","","","279-0012","千葉県浦安市入船三丁目70 A4-1","","","","","","","","","","","","","","","5040001034600","","","",""
"アウル・ビジョン株式会社","8218578909917","","","","","","","179-0084","東京都練馬区氷川台二丁目1-17","","","","","","","","","","","","","","","6013301041160","","","",""
"株式会社アヴァンティ","2632047250765","","","","","","","135-0063","東京都江東区有明一丁目4-11 1522号","","","","","","","","","","","","","","","4010601050075","","","",""
"有限会社アヴィオス","5895486927292","","","","","","","703-8282","岡山県岡山市中区平井三丁目1015-14","","","","","","","","","","","","","","","6260002014958","","","",""
"株式会社あおごち","7738525920390","","","","","","","271-0093","千葉県松戸市小山138-25","","","","","","","","","","","","","","","5040001098521","","","",""
"株式会社青粒","3419476055586","","","","","","","651-1312","兵庫県神戸市北区有野町有野3406-1","","","","","","","","","","","","","","","7140001015142","","","",""
"株式会社青葉","4920901518661","","","","","","","985-0822","宮城県宮城郡七ヶ浜町汐見台南一丁目35-1","","","","","","","","","","","","","","","8370601000008","","","",""
"青森ヤクルト販売株式会社","5149900501097","","","","","","","038-0003","青森県青森市大字石江岡部69","","","","","","","","","","","","","","","9420001000287","","","",""
"Ａｏｙａｍａ＆Ｃｏ．株式会社","4963528002843","","","","","","","918-8105","福井県福井市木田三丁目2101","","","","","","","","","","","","","","","8210001015126","","","",""
"青山貿易株式会社","6770644171511","","","","","","","101-0038","東京都千代田区神田美倉町10 喜助新神田ビル4F","","","","","","","","","","","","","","","6010001008985","","","",""
"株式会社アカシヤ","8908974331434","","","","","","","232-0064","神奈川県横浜市南区別所五丁目20-40","","","","","","","","","","","","","","","3020001012485","","","",""
"株式会社ＡＫＡＮＥ　ＵＴＳＵＮＯＭＩＹＡ","1519244150452","","","","","","","154-0011","東京都世田谷区上馬三丁目9-1","","","","","","","","","","","","","","","6010901036202","","","",""
"赤富士株式会社","1387571488160","","","","","","","278-0016","千葉県野田市二ツ塚430-20","","","","","","","","","","","","","","","1040001072744","","","",""
"あかり環境株式会社","6772371060965","","","","","","","110-0016","東京都台東区台東四丁目26-8","","","","","","","","","","","","","","","6010501038474","","","",""
"株式会社アカリセンター","7208530114318","","","","","","","140-0013","東京都品川区南大井三丁目17-1 3F","","","","","","","","","","","","","","","2010701026877","","","",""
"合同会社あきたこまちネット","2577208937375","","","","","","","011-0932","秋田県秋田市将軍野青山町1-43","","","","","","","","","","","","","","","1410003002835","","","",""
"株式会社あきないオートパーツ","4997428487847","","","","","","","270-1613","千葉県印西市鎌苅392","","","","","","","","","","","","","","","1040001039529","","","",""
"株式会社ＡＲＧＵＥ","7933337717265","","","","","","","254-0813","神奈川県平塚市袖ケ浜17-9 M・ouginomatsu","","","","","","","","","","","","","","","2021001056060","","","",""
"株式会社アクアｏｆサイエンス","7837543246805","","","","","","","664-0023","兵庫県伊丹市中野西三丁目1-1-1 マイシティー伊丹104","","","","","","","","","","","","","","","8140001080838","","","",""
"株式会社アクアギフト","5735521398631","","","","","","","595-0803","大阪府泉北郡忠岡町北出一丁目9-18","","","","","","","","","","","","","","","3120101055201","","","",""
"株式会社アクアノート","3778779161601","","","","","","","150-0035","東京都渋谷区鉢山町11-1","","","","","","","","","","","","","","","4011001056935","","","",""
"株式会社ａｋｕａ　ｍａｎａ","1296645933345","","","","","","","577-0835","大阪府東大阪市柏田西二丁目6-11","","","","","","","","","","","","","","","9122001025690","","","",""
"Ａｋｕａ　ｍａｎａ株式会社","3004105318440","","","","","","","963-8022","福島県郡山市西ノ内二丁目15-13 関ビル3F","","","","","","","","","","","","","","","3380001023835","","","",""
"株式会社アクエリアス・ナビ","5293921531861","","","","","","","150-0013","東京都渋谷区恵比寿四丁目11-8 グラン・ヌーノ6F","","","","","","","","","","","","","","","8011001067805","","","",""
"株式会社ＡＣＳＨＵ","8499071333925","","","","","","","231-0015","神奈川県横浜市中区尾上町四丁目57 横浜尾上町ビルディング5F","","","","","","","","","","","","","","","3020001137324","","","",""
"Ａｘｉｎｇ株式会社","9005325712154","","","","","","","939-0305","富山県射水市鷲塚112","","","","","","","","","","","","","","","7230001018111","","","",""
"アクセス株式会社","7390301933101","","","","","","","065-0010","北海道札幌市東区北十条東九丁目3-5","","","","","","","","","","","","","","","6430001037265","","","",""
"アクセス合同会社","3452509644556","","","","","","","542-0012","大阪府大阪市中央区谷町七丁目1-6","","","","","","","","","","","","","","","8120003019002","","","",""
"株式会社アクセルクリエィション","5024346178606","","","","","","","104-0031","東京都中央区京橋一丁目12-2","","","","","","","","","","","","","","","5010001035477","","","",""
"有限会社アクティ","5625653877032","","","","","","","116-0013","東京都荒川区西日暮里一丁目2-8 ピレーネ西日暮里2階","","","","","","","","","","","","","","","1011502006722","","","",""
"Ａｒｃｔｙ株式会社","9629073196042","","","","","","","101-0032","東京都千代田区岩本町二丁目7-11 松見ビル7階","","","","","","","","","","","","","","","7011201015977","","","",""
"株式会社アクティブ","8071119639421","","","","","","","151-0053","東京都渋谷区代々木一丁目31-15","","","","","","","","","","","","","","","7020001082599","","","",""
"株式会社アクティブエージェント","2805099402277","","","","","","","064-0806","北海道札幌市中央区南六条西二十三丁目3-10","","","","","","","","","","","","","","","2430001032385","","","",""
"株式会社ＡｃｔｉｖｅＭ　ＪＡＰＡＮ","7705087748439","","","","","","","247-0022","神奈川県横浜市栄区庄戸五丁目18-10","","","","","","","","","","","","","","","2020001128662","","","",""
"株式会社アークラフト","1058737271534","","","","","","","102-0084","東京都千代田区二番町9-3","","","","","","","","","","","","","","","1010001184666","","","",""
"アクリルオンライン株式会社","8059402882864","","","","","","","150-0043","東京都渋谷区道玄坂一丁目12-1","","","","","","","","","","","","","","","8021001071244","","","",""
"有限会社アクロス","4207838394324","","","","","","","462-0812","愛知県名古屋市北区矢田町一丁目3","","","","","","","","","","","","","","","6180002052512","","","",""
"株式会社Ａｇｒｉｔｕｒｅ","7282488549475","","","","","","","600-8427","京都府京都市下京区玉津島町294","","","","","","","","","","","","","","","4130001072501","","","",""
"株式会社アグリーム","5324857355766","","","","","","","107-0052","東京都港区赤坂二丁目12-31 赤坂GHSビル3F","","","","","","","","","","","","","","","5010401080569","","","",""
"株式会社ＡＧＡＩＮ","7946643865931","","","","","","","530-0002","大阪府大阪市北区曾根崎新地一丁目13-22","","","","","","","","","","","","","","","1120001238270","","","",""
"株式会社アコードプラン","8694308169306","","","","","","","167-0021","東京都杉並区井草二丁目31-17","","","","","","","","","","","","","","","4011301018486","","","",""
"株式会社アゴラ","6534407799253","","","","","","","796-0087","愛媛県八幡浜市沖新田1581-23","","","","","","","","","","","","","","","3500001016677","","","",""
"朝岡スパイス株式会社","5776330728252","","","","","","","102-0094","東京都千代田区紀尾井町6-3","","","","","","","","","","","","","","","4010001079005","","","",""
"合同会社朝活","9170439006457","","","","","","","104-0061","東京都中央区銀座一丁目12-4 N","","","","","","","","","","","","","","","5010703002650","","","",""
"株式会社浅草マテリアル","7933826703122","","","","","","","111-0032","東京都台東区浅草六丁目25-10","","","","","","","","","","","","","","","1010501044898","","","",""
"株式会社朝倉匠庵","1118126964332","","","","","","","910-1222","福井県吉田郡永平寺町諏訪間65-1-1","","","","","","","","","","","","","","","4210001000156","","","",""
"株式会社朝ごはんラボ","1048744805453","","","","","","","592-0014","大阪府高石市綾園三丁目14-22","","","","","","","","","","","","","","","5120101059299","","","",""
"株式会社あさひ","9382022200691","","","","","","","534-0011","大阪府大阪市都島区高倉町三丁目11-4","","","","","","","","","","","","","","","7120001006861","","","",""
"旭合名会社","1888735818296","","","","","","","799-3703","愛媛県宇和島市吉田町東小路甲112-2","","","","","","","","","","","","","","","3500003000968","","","",""
"アサヒ軽金属工業株式会社","6753028055456","","","","","","","541-0045","大阪府大阪市中央区道修町三丁目3-3 アサヒ軽金属ビル","","","","","","","","","","","","","","","5120001073490","","","",""
"旭産業株式会社","6892522455654","","","","","","","144-0035","東京都大田区南蒲田二丁目28-6","","","","","","","","","","","","","","","8010801000041","","","",""
"株式会社旭デンキ","2177363043663","","","","","","","769-1406","香川県三豊市仁尾町仁尾辛46-14","","","","","","","","","","","","","","","7470001010779","","","",""
"株式会社アサヒ洋服店","8543064614529","","","","","","","150-0046","東京都渋谷区松濤一丁目2-2","","","","","","","","","","","","","","","5011001001972","","","",""
"あさみワイン物産株式会社","6295845588134","","","","","","","340-0016","埼玉県草加市中央一丁目4-3-7","","","","","","","","","","","","","","","3030001094886","","","",""
"株式会社ＡＳＡＹＡＫＥ","1965220997616","","","","","","","541-0046","大阪府大阪市中央区平野町二丁目2-8 5F","","","","","","","","","","","","","","","9120001187989","","","",""
"株式会社ＡＺＡＹＡＫＡ　ＪＡＰＡＮ","4937668633532","","","","","","","231-0861","神奈川県横浜市中区元町一丁目11-1 4F","","","","","","","","","","","","","","","7020001120474","","","",""
"有限会社海豹舎","1682691164993","","","","","","","065-0024","北海道札幌市東区北二十四条東三丁目1-16","","","","","","","","","","","","","","","2430002027376","","","",""
"株式会社アーシィペル","5367153367096","","","","","","","170-0013","東京都豊島区東池袋三丁目21-21","","","","","","","","","","","","","","","4020001012815","","","",""
"ａｓｈｅ株式会社","9301872636378","","","","","","","124-0013","東京都葛飾区東立石一丁目13-4 201号","","","","","","","","","","","","","","","1011701017248","","","",""
"株式会社ａｓｓｉｓｔ","5413493031874","","","","","","","179-0073","東京都練馬区田柄四丁目17-17","","","","","","","","","","","","","","","7011601020065","","","",""
"有限会社アシストオン","1705852120190","","","","","","","108-0072","東京都港区白金四丁目15-10","","","","","","","","","","","","","","","8011002022370","","","",""
"株式会社アシストネオ","5875774283967","","","","","","","799-1522","愛媛県今治市桜井三丁目9-5","","","","","","","","","","","","","","","4500001019035","","","",""
"株式会社あしたるんるんラボ","4800477643843","","","","","","","150-0001","東京都渋谷区神宮前六丁目5-6 サンポウ綜合ビル6F","","","","","","","","","","","","","","","8011101058852","","","",""
"株式会社あしながカンパニー","6731087213735","","","","","","","869-1113","熊本県菊池郡菊陽町花立二丁目3-1","","","","","","","","","","","","","","","8330001009751","","","",""
"株式会社アジアクリエィティブコミュニケーションズ","9459845063251","","","","","","","107-0062","東京都港区南青山七丁目13-28","","","","","","","","","","","","","","","9010401057002","","","",""
"株式会社ａｚｉ－ａｚｉ","8228128451578","","","","","","","582-0026","大阪府柏原市旭ケ丘三丁目2-15","","","","","","","","","","","","","","","3122001024450","","","",""
"あじあ堂株式会社","6966479537200","","","","","","","580-0016","大阪府松原市上田二丁目6-21","","","","","","","","","","","","","","","6120101053053","","","",""
"株式会社アジアンクローゼット","5579380689425","","","","","","","173-0004","東京都板橋区板橋二丁目67-8 4F","","","","","","","","","","","","","","","7011401015199","","","",""
"有限会社味源","8253794545499","","","","","","","769-0312","香川県仲多度郡まんのう町宮田1019-16","","","","","","","","","","","","","","","8470002013169","","","",""
"味の素ダイレクト株式会社","6753615260546","","","","","","","104-0031","東京都中央区京橋一丁目15-1","","","","","","","","","","","","","","","8010001094545","","","",""
"株式会社味よし","1012309572027","","","","","","","802-0062","福岡県北九州市小倉北区片野新町二丁目13-5","","","","","","","","","","","","","","","9290801018014","","","",""
"アスターパートナーズ株式会社","5688791710616","","","","","","","812-0014","福岡県福岡市博多区比恵町1-18","","","","","","","","","","","","","","","9290001079484","","","",""
"アストリンク株式会社","9001387000614","","","","","","","272-0034","千葉県市川市市川一丁目7-15","","","","","","","","","","","","","","","4011001108777","","","",""
"株式会社ＡＳ　ＰＯＴＥＮＴＩＡＬ","8800685952115","","","","","","","064-0823","北海道札幌市中央区北三条西二十七丁目1-7 デュオヒルズ円山アーバンヴィラ710","","","","","","","","","","","","","","","9430001069636","","","",""
"株式会社ＥａｒＳｍｉｌｅ","9565282146527","","","","","","","111-0053","東京都台東区浅草橋五丁目5-5 浅草橋THビル1階B","","","","","","","","","","","","","","","2010501040657","","","",""
"アスミ企画有限会社","7449531186451","","","","","","","379-0109","群馬県安中市秋間みのりが丘3-56","","","","","","","","","","","","","","","2070002037230","","","",""
"株式会社アスメディア","5580278921964","","","","","","","220-0072","神奈川県横浜市西区浅間町一丁目4-3 ウィザードビル402","","","","","","","","","","","","","","","9010701026490","","","",""
"株式会社アスモアンファング","4054832267833","","","","","","","642-0032","和歌山県海南市名高532-14","","","","","","","","","","","","","","","8170001006872","","","",""
"株式会社アースモス","4157031437228","","","","","","","116-0013","東京都荒川区西日暮里二丁目53-1 田中ビル201","","","","","","","","","","","","","","","3011201015865","","","",""
"株式会社ＡＳＭＯＴＴＯ","7187577985481","","","","","","","794-0831","愛媛県今治市八町東二丁目4-17","","","","","","","","","","","","","","","4500001017121","","","",""
"株式会社アースライズ","9674884668175","","","","","","","808-0035","福岡県北九州市若松区白山一丁目9-44","","","","","","","","","","","","","","","6290801019337","","","",""
"有限会社アスワン","7859140133307","","","","","","","999-8235","山形県酒田市観音寺前田17-16","","","","","","","","","","","","","","","5390002008717","","","",""
"有限会社アズ・イズ","9146429316092","","","","","","","376-0023","群馬県桐生市錦町三丁目5-7 山田ビル1F","","","","","","","","","","","","","","","4070002022494","","","",""
"アズインターナショナル株式会社","4246299245845","","","","","","","102-0085","東京都千代田区六番町11","","","","","","","","","","","","","","","9010001009816","","","",""
"株式会社ＡＤＺＵＫＩ　Ｔｒａｄｉｎｇ","4404945815927","","","","","","","150-0043","東京都渋谷区道玄坂一丁目10-8 渋谷東急ビル2FC","","","","","","","","","","","","","","","6010001210327","","","",""
"有限会社アズキューブ","3992379594074","","","","","","","151-0051","東京都渋谷区千駄ケ谷五丁目1-7","","","","","","","","","","","","","","","5011002032884","","","",""
"株式会社アズネット","7639593412398","","","","","","","553-0003","大阪府大阪市福島区福島四丁目3-3","","","","","","","","","","","","","","","6120001140736","","","",""
"株式会社アズマ","7548007954156","","","","","","","671-0248","兵庫県姫路市四郷町山脇616-2","","","","","","","","","","","","","","","7140001098674","","","",""
"合同会社Ａｓ－Ｍｏｙ","8119652474280","","","","","","","700-0866","岡山県岡山市北区岡南町二丁目2-45","","","","","","","","","","","","","","","4260003002039","","","",""
"株式会社アズーロ","3676794836550","","","","","","","151-0064","東京都渋谷区上原一丁目3-9","","","","","","","","","","","","","","","1011001069139","","","",""
"株式会社亜星コミュニティー","5856517688660","","","","","","","341-0038","埼玉県三郷市中央四丁目20-2 メイツ三郷中央サラテラス625","","","","","","","","","","","","","","","5030001083391","","","",""
"アタケライフ株式会社","6163274824173","","","","","","","399-4117","長野県駒ヶ根市赤穂12989-47","","","","","","","","","","","","","","","4100001025899","","","",""
"有限会社アダムス","7524003926452","","","","","","","136-0072","東京都江東区大島八丁目40-4 101号","","","","","","","","","","","","","","","7010602000068","","","",""
"株式会社アチーブリバー","7485761641193","","","","","","","130-0024","東京都墨田区菊川二丁目5-18 川口ビル2F","","","","","","","","","","","","","","","1010601049616","","","",""
"株式会社アッカ","2977155941362","","","","","","","112-0012","東京都文京区大塚三丁目11-13","","","","","","","","","","","","","","","5010001065697","","","",""
"株式会社アックストレーディング","9149715083190","","","","","","","572-0832","大阪府寝屋川市本町15-77","","","","","","","","","","","","","","","1120001231151","","","",""
"株式会社アッサンブラージュ","5545448632230","","","","","","","570-0001","大阪府守口市佐太西町二丁目10-34","","","","","","","","","","","","","","","3120001209393","","","",""
"株式会社アッシュ","2770351783830","","","","","","","454-0932","愛知県名古屋市中川区中島新町三丁目2012","","","","","","","","","","","","","","","5180001065912","","","",""
"株式会社ＡＴＴＩＱＵＥ","4675932901197","","","","","","","160-0023","東京都新宿区西新宿三丁目7-1 新宿パークタワーN30F","","","","","","","","","","","","","","","7011101062657","","","",""
"アット企画株式会社","1170123804149","","","","","","","963-8033","福島県郡山市亀田二丁目20-8","","","","","","","","","","","","","","","1380001009101","","","",""
"アットクリエイション株式会社","8308075143262","","","","","","","541-0048","大阪府大阪市中央区瓦町一丁目6-1 シティタワー大阪","","","","","","","","","","","","","","","8120001200067","","","",""
"アットショップ株式会社","2219306159203","","","","","","","272-0802","千葉県市川市柏井町四丁目330-1","","","","","","","","","","","","","","","4040001033082","","","",""
"株式会社アットネットサービス","9262464894815","","","","","","","155-0033","東京都世田谷区代田六丁目34-17 渋谷ハウス201号室","","","","","","","","","","","","","","","2011001091760","","","",""
"有限会社アットプランニング","6037189363618","","","","","","","575-0052","大阪府四條畷市中野二丁目2-44","","","","","","","","","","","","","","","8122002012284","","","",""
"アットライフ株式会社","3554876818108","","","","","","","671-0218","兵庫県姫路市飾東町庄237-9","","","","","","","","","","","","","","","4140001091095","","","",""
"株式会社ＵＰＰＥＲ　ＦＬＯＯＲ","6201846504348","","","","","","","160-0022","東京都新宿区新宿二丁目12-4 アコード新宿ビル4F","","","","","","","","","","","","","","","9011101054487","","","",""
"株式会社Ｕｐ　ｅｉｇｈｔ","1465612016648","","","","","","","577-0827","大阪府東大阪市衣摺二丁目8-7","","","","","","","","","","","","","","","2122001035465","","","",""
"ｕｐｓｃｒｉｐｔ合同会社","4801358761272","","","","","","","810-0004","福岡県福岡市中央区渡辺通四丁目4-19 401","","","","","","","","","","","","","","","7290003008410","","","",""
"株式会社アップデイト","6161141926781","","","","","","","125-0031","東京都葛飾区西水元三丁目26-22","","","","","","","","","","","","","","","1010401048818","","","",""
"株式会社アップドラフト","1518444900485","","","","","","","540-0039","大阪府大阪市中央区東高麗橋2-31 大阪洋服会館ビル内","","","","","","","","","","","","","","","2120001106220","","","",""
"アップフィールド株式会社","6983781100266","","","","","","","997-0011","山形県鶴岡市宝田二丁目2-32","","","","","","","","","","","","","","","3390001013554","","","",""
"有限会社アップライズ","8043695579474","","","","","","","171-0021","東京都豊島区西池袋五丁目11-11 スカイハイツ1階","","","","","","","","","","","","","","","2013302012180","","","",""
"株式会社アップライト","1056601041932","","","","","","","550-0003","大阪府大阪市西区京町堀一丁目4-16 センチュリービル6階","","","","","","","","","","","","","","","2120001123265","","","",""
"株式会社アップライム","1714073996699","","","","","","","521-1301","滋賀県近江八幡市安土町大中619-2","","","","","","","","","","","","","","","8160001019545","","","",""
"株式会社アツマル水産","7698240373345","","","","","","","001-0902","北海道札幌市北区新琴似二条二丁目7-10","","","","","","","","","","","","","","","3430001061945","","","",""
"Ｅａｒｔｈｉｎｋ株式会社","5951430143998","","","","","","","669-1535","兵庫県三田市南が丘一丁目40-34 コタニビル2階","","","","","","","","","","","","","","","6140001067317","","","",""
"有限会社アテーネシステム","7582736524002","","","","","","","920-0348","石川県金沢市松村七丁目74","","","","","","","","","","","","","","","6220002008253","","","",""
"株式会社アディクティージャパン","9163074938508","","","","","","","180-0005","東京都武蔵野市御殿山一丁目2-1","","","","","","","","","","","","","","","2011301022127","","","",""
"株式会社ＡｄｉＢａｌ","6416064941375","","","","","","","150-0012","東京都渋谷区広尾五丁目23-3","","","","","","","","","","","","","","","2350001016776","","","",""
"株式会社ＡＲＴ　ＰＬＡＮ","8179389291337","","","","","","","661-0041","兵庫県尼崎市武庫の里二丁目24-22 2F","","","","","","","","","","","","","","","1140001087724","","","",""
"合同会社ＡＴＴＲＡＣＴＩＶＥ","2476257551644","","","","","","","183-0015","東京都府中市清水が丘一丁目3-8 小林ビル404","","","","","","","","","","","","","","","8012403001624","","","",""
"株式会社アート・ラボ","4161841400163","","","","","","","607-8085","京都府京都市山科区竹鼻堂ノ前町8-6 メゾン・ド・ブランシェ2F南","","","","","","","","","","","","","","","6130001031406","","","",""
"株式会社アートリー","4516620336743","","","","","","","460-0012","愛知県名古屋市中区千代田一丁目1-25 第一中川ビル2F","","","","","","","","","","","","","","","5180001103903","","","",""
"株式会社ＡＴＥＬＩＥＲ　ＯＰＡ","3392692136093","","","","","","","101-0032","東京都千代田区岩本町一丁目26-10 中屋第一ビル3F","","","","","","","","","","","","","","","1010001102801","","","",""
"アトリエブリゼ株式会社","6399656441200","","","","","","","659-0013","兵庫県芦屋市岩園町18-10","","","","","","","","","","","","","","","5140001114202","","","",""
"株式会社あとりえＯＮＥ’Ｓ","2960872287898","","","","","","","701-0213","岡山県岡山市南区中畦133-1","","","","","","","","","","","","","","","4260001029496","","","",""
"株式会社アートレックス","8451553136044","","","","","","","176-0023","東京都練馬区中村北一丁目9-11","","","","","","","","","","","","","","","3011601000178","","","",""
"アドクリエイト株式会社","3172460821754","","","","","","","360-0024","埼玉県熊谷市問屋町三丁目4-7","","","","","","","","","","","","","","","3030001085613","","","",""
"株式会社アドシア","6688472450236","","","","","","","451-0046","愛知県名古屋市西区牛島町6-1","","","","","","","","","","","","","","","5180001072479","","","",""
"株式会社アドテックジャパン","4185860821094","","","","","","","550-0003","大阪府大阪市西区京町堀一丁目8-33","","","","","","","","","","","","","","","8120001143935","","","",""
"株式会社ａｄｏｎｕｓｔ","4607388751721","","","","","","","150-0032","東京都渋谷区鶯谷町4-1 B1","","","","","","","","","","","","","","","5011001053394","","","",""
"株式会社アドバンスホールディングス","5722894999914","","","","","","","541-0047","大阪府大阪市中央区淡路町一丁目4-9 TPR北浜ビル9F","","","","","","","","","","","","","","","5120001191508","","","",""
"株式会社アドワン","8410242401692","","","","","","","589-0005","大阪府大阪狭山市狭山五丁目2252-3","","","","","","","","","","","","","","","1120101050988","","","",""
"あなたとわたしの合同会社","1275851489765","","","","","","","369-1243","埼玉県深谷市永田2113-2","","","","","","","","","","","","","","","1030003016444","","","",""
"株式会社アニマルライフ研究所","4968402185067","","","","","","","107-0062","東京都港区南青山二丁目2-15 ウィン青山942","","","","","","","","","","","","","","","9010401128018","","","",""
"株式会社Ａｎｅｍｏｎｅ","3446497228927","","","","","","","666-0155","兵庫県川西市西畦野二丁目12-20","","","","","","","","","","","","","","","6140001095103","","","",""
"有限会社Ａｎｅｌａ","6695622475519","","","","","","","114-0024","東京都北区西ケ原一丁目41-1","","","","","","","","","","","","","","","2011502015160","","","",""
"ＡＮＯ株式会社","5574884229882","","","","","","","170-0013","東京都豊島区東池袋三丁目1-4 1022","","","","","","","","","","","","","","","5013301030172","","","",""
"ａｎｏｉ株式会社","1577218403856","","","","","","","107-0062","東京都港区南青山二丁目2-15","","","","","","","","","","","","","","","4010401116860","","","",""
"網走水産株式会社","1504059258119","","","","","","","099-2231","北海道北見市端野町緋牛内153-5","","","","","","","","","","","","","","","5460301004632","","","",""
"株式会社アーバン","3370761123244","","","","","","","335-0021","埼玉県戸田市大字新曽2184 シャンピエールA号室","","","","","","","","","","","","","","","7030002111661","","","",""
"株式会社Ａｂｂｙ","4944825283096","","","","","","","272-0111","千葉県市川市妙典五丁目17-30","","","","","","","","","","","","","","","7040001084321","","","",""
"株式会社Ａｂｙトレーディング","2686259977056","","","","","","","598-0046","大阪府泉佐野市羽倉崎二丁目2-43 殿元ビル2階","","","","","","","","","","","","","","","2120101052835","","","",""
"ＡＢｉＬ株式会社","6116944193261","","","","","","","950-2061","新潟県新潟市西区寺尾北二丁目7-10-8","","","","","","","","","","","","","","","2110001035858","","","",""
"株式会社ａｆｆｅｃｔｉｏｎ","5786456442560","","","","","","","691-0001","島根県出雲市平田町1708-1 2F","","","","","","","","","","","","","","","9280001008510","","","",""
"株式会社ＡＦＲＯ　ＤＥＬＩＣＥＳ","6063936851551","","","","","","","343-0033","埼玉県越谷市大字恩間350-1","","","","","","","","","","","","","","","6040001094494","","","",""
"株式会社アブソーブ","9214896356018","","","","","","","553-0007","大阪府大阪市福島区大開二丁目6-25","","","","","","","","","","","","","","","7120001122535","","","",""
"合同会社アプローチ","4460695869383","","","","","","","167-0051","東京都杉並区荻窪五丁目21-10 シティーコート荻窪5F","","","","","","","","","","","","","","","4011303002190","","","",""
"あべ産業株式会社","7582660490995","","","","","","","224-0034","神奈川県横浜市都筑区勝田町1313","","","","","","","","","","","","","","","6020001008258","","","",""
"株式会社アーベント","1522480914885","","","","","","","107-0062","東京都港区南青山二丁目2-15 ウィン青山942","","","","","","","","","","","","","","","3020003007335","","","",""
"Ａｐｅｘｔｒａ株式会社","7569902155390","","","","","","","424-0932","静岡県静岡市清水区南岡町5-15","","","","","","","","","","","","","","","4080001023666","","","",""
"株式会社アペックス西日本","1870330825270","","","","","","","650-0047","兵庫県神戸市中央区港島南町一丁目4-8","","","","","","","","","","","","","","","5120001140828","","","",""
"アボワールインターナショナル株式会社","3303847357193","","","","","","","600-8385","京都府京都市下京区五坊大宮町77 肥後エグゼクティブビル301","","","","","","","","","","","","","","","6130001059208","","","",""
"有限会社アマナクラ","3031235264139","","","","","","","144-0051","東京都大田区西蒲田四丁目18-18","","","","","","","","","","","","","","","5021002056453","","","",""
"株式会社奄美自然食本舗","2012327484665","","","","","","","145-0064","東京都大田区上池台一丁目43-6","","","","","","","","","","","","","","","9010801013439","","","",""
"アミー株式会社","5350746241797","","","","","","","105-0013","東京都港区浜松町二丁目2-15 浜松町ダイヤビル2F","","","","","","","","","","","","","","","9010401148263","","","",""
"株式会社Ａｍｉｋｏ","4597457089609","","","","","","","135-0005","東京都江東区高橋13-4 501","","","","","","","","","","","","","","","1010601058146","","","",""
"株式会社アミーゴ","8401469616820","","","","","","","922-0000","石川県加賀市勅使町ハ2-1","","","","","","","","","","","","","","","6220001014368","","","",""
"アミリアハウス株式会社","1633870261752","","","","","","","918-8104","福井県福井市板垣三丁目711","","","","","","","","","","","","","","","4210001016292","","","",""
"合同会社アムベスト","7161388006129","","","","","","","550-0002","大阪府大阪市西区江戸堀二丁目1-1 江戸堀センタービル9F","","","","","","","","","","","","","","","6120003007719","","","",""
"株式会社ＡＭＲＩＴＡＲＡ","3057290095042","","","","","","","153-0052","東京都目黒区祐天寺二丁目8-16 祐天寺KITビル3F","","","","","","","","","","","","","","","7011001067269","","","",""
"株式会社アメージングプレイズ","2273826141874","","","","","","","224-0024","神奈川県横浜市都筑区東山田町1359-38","","","","","","","","","","","","","","","4090001013559","","","",""
"株式会社ＡＭＯ","1779208381317","","","","","","","602-8141","京都府京都市上京区上堀川町113 ARMファーストビル2階","","","","","","","","","","","","","","","6130001056626","","","",""
"有限会社あゆ吉","4887117982491","","","","","","","641-0004","和歌山県和歌山市和田1194-8","","","","","","","","","","","","","","","7170002008456","","","",""
"有限会社アユコム","9454559604365","","","","","","","132-0013","東京都江戸川区江戸川三丁目41","","","","","","","","","","","","","","","5011702015321","","","",""
"株式会社アライヴ","3598949813420","","","","","","","220-0011","神奈川県横浜市西区高島二丁目11-2 スカイメナー横浜519","","","","","","","","","","","","","","","2020001088527","","","",""
"ＡＬＩＫＥ合同会社","2789144314171","","","","","","","107-0062","東京都港区南青山二丁目2-15","","","","","","","","","","","","","","","5010403024367","","","",""
"株式会社荒井商会","5884562422957","","","","","","","152-0034","東京都目黒区緑が丘一丁目7-21","","","","","","","","","","","","","","","5013201000390","","","",""
"株式会社あらいメディカル","2054326099647","","","","","","","350-0229","埼玉県坂戸市薬師町34-3","","","","","","","","","","","","","","","9030001102602","","","",""
"有限会社新井屋呉服店","5900989337420","","","","","","","362-0035","埼玉県上尾市仲町一丁目6-7","","","","","","","","","","","","","","","5030002053055","","","",""
"株式会社アラタナル","2260768359585","","","","","","","167-0032","東京都杉並区天沼三丁目3-7","","","","","","","","","","","","","","","3011301019254","","","",""
"株式会社アラム","2682772850331","","","","","","","340-0833","埼玉県八潮市大字西袋279-7","","","","","","","","","","","","","","","7011801020385","","","",""
"株式会社アーリアネット","6784067059216","","","","","","","755-0154","山口県宇部市今村南二丁目6-1","","","","","","","","","","","","","","","2250001015219","","","",""
"ありがとうファミリー株式会社","3238379201075","","","","","","","002-8012","北海道札幌市北区太平十二条四丁目3-3","","","","","","","","","","","","","","","3430001040536","","","",""
"株式会社アリー・コーポレーション","3086860379735","","","","","","","170-0013","東京都豊島区東池袋五丁目45-5","","","","","","","","","","","","","","","1013301000666","","","",""
"株式会社有寿","3275931836835","","","","","","","559-0034","大阪府大阪市住之江区南港北二丁目1-10 ATCビルITM棟12階","","","","","","","","","","","","","","","1120001164946","","","",""
"株式会社アリスネット","3771982181570","","","","","","","650-0021","兵庫県神戸市中央区三宮町二丁目11-1 センタープラザ西館206","","","","","","","","","","","","","","","5140001100549","","","",""
"株式会社アリスブックス","9751058111524","","","","","","","111-0043","東京都台東区駒形一丁目2-13 駒形一丁目ビル5F","","","","","","","","","","","","","","","5010501031026","","","",""
"有限会社アーリーバード","4787558919866","","","","","","","811-3304","福岡県福津市津屋崎三丁目11-8","","","","","","","","","","","","","","","2290002035609","","","",""
"株式会社ＡＲＩＭＡＴＨＥ","6647891596862","","","","","","","341-0035","埼玉県三郷市鷹野一丁目186-2","","","","","","","","","","","","","","","3011001109867","","","",""
"株式会社アリュール","8519739385277","","","","","","","223-0053","神奈川県横浜市港北区綱島西五丁目2-29","","","","","","","","","","","","","","","4020001085118","","","",""
"合同会社アリュール","4946770379830","","","","","","","270-1147","千葉県我孫子市若松133-10","","","","","","","","","","","","","","","9011803001885","","","",""
"株式会社アール","7640865960988","","","","","","","543-0012","大阪府大阪市天王寺区空堀町2-6","","","","","","","","","","","","","","","9120001113086","","","",""
"有限会社Ｒ２Ａ","9220746817363","","","","","","","662-0025","兵庫県西宮市北名次町5-9","","","","","","","","","","","","","","","2140002056636","","","",""
"Ｒ＆Ｓ合同会社","3083684256547","","","","","","","830-0016","福岡県久留米市通東町5-16 富士ビル407号","","","","","","","","","","","","","","","1290003012789","","","",""
"株式会社Ｒ＆Ｄ　ＥＳＰＲＥＳＳＯ　ＬＡＢ","9741139565843","","","","","","","566-0043","大阪府摂津市一津屋一丁目32-10","","","","","","","","","","","","","","","1120901046566","","","",""
"アール・イー株式会社","6785442767955","","","","","","","370-2451","群馬県富岡市宇田264-4","","","","","","","","","","","","","","","5070001012280","","","",""
"株式会社アールヴォイス","9497562783180","","","","","","","257-0014","神奈川県秦野市今泉724-6","","","","","","","","","","","","","","","2021001058759","","","",""
"株式会社アールエスエス","8909775633587","","","","","","","861-3106","熊本県上益城郡嘉島町大字上島2006-1","","","","","","","","","","","","","","","5330001005761","","","",""
"株式会社ＡＲＣＡＳＩＸ","9875091862085","","","","","","","103-0025","東京都中央区日本橋茅場町二丁目3-11","","","","","","","","","","","","","","","6010001139715","","","",""
"株式会社ＡＬＣＨＥＭＹ","1387045593496","","","","","","","106-0031","東京都港区西麻布三丁目10-2 101号","","","","","","","","","","","","","","","1010401169580","","","",""
"Ｒ・ＣｏＣｏ合同会社","3841930861636","","","","","","","270-2231","千葉県松戸市稔台七丁目2-17 スプリングハイツ202","","","","","","","","","","","","","","","6011003004964","","","",""
"株式会社ＡＲＣＩＯＮ","3147919840931","","","","","","","170-0004","東京都豊島区北大塚二丁目11-14 第二アンザイ・ヤマキビル8階","","","","","","","","","","","","","","","4013301037689","","","",""
"アルスフィア株式会社","6390336495876","","","","","","","101-0032","東京都千代田区岩本町一丁目1-6 渡東ビルディングANNEX2-3F","","","","","","","","","","","","","","","9010001120960","","","",""
"株式会社アルタシステム","7119513383030","","","","","","","775-0202","徳島県海部郡海陽町四方原旭町3-7","","","","","","","","","","","","","","","6480001006934","","","",""
"株式会社アールツー","3477983710659","","","","","","","101-0054","東京都千代田区神田錦町一丁目5 カワベビル2F","","","","","","","","","","","","","","","4010001177527","","","",""
"有限会社アルテ・アッシュ","3716207802868","","","","","","","150-0021","東京都渋谷区恵比寿西二丁目6-14 104号","","","","","","","","","","","","","","","4011002014693","","","",""
"株式会社アルティード","8258136388462","","","","","","","132-0024","東京都江戸川区一之江一丁目10-12 2階","","","","","","","","","","","","","","","6011701022359","","","",""
"ＲＤＣ株式会社","3034584763459","","","","","","","101-0021","東京都千代田区外神田二丁目8-9 光村ビル3階","","","","","","","","","","","","","","","6010001106632","","","",""
"株式会社Ａｌｔｏｍａｒｅ","1670770177421","","","","","","","164-0001","東京都中野区中野二丁目11-5 吉田ビル2階","","","","","","","","","","","","","","","7011201015028","","","",""
"株式会社アルトルイズム","8798592543621","","","","","","","814-0006","福岡県福岡市早良区百道三丁目5-6 504号","","","","","","","","","","","","","","","3290001063213","","","",""
"合同会社Ａｒｈａｔ","3701121339832","","","","","","","957-0232","新潟県新発田市真野原外3369-2","","","","","","","","","","","","","","","6010403019837","","","",""
"ＲＢＳ　Ｊａｐａｎ　Ｄｉｓｔｒｉｂｕｔｉｏｎ合同会社","2216218866665","","","","","","","120-0037","東京都足立区千住河原町21-1","","","","","","","","","","","","","","","5011803001708","","","",""
"ＲＢ　Ｔｏｋｙｏ株式会社","4245838247880","","","","","","","151-0064","東京都渋谷区上原一丁目3-9","","","","","","","","","","","","","","","3021001047430","","","",""
"株式会社Ａｌｐｈａ　Ａｇｅｎｔ","2224338293505","","","","","","","104-0061","東京都中央区銀座一丁目3-3 G1ビル7階","","","","","","","","","","","","","","","9020001111307","","","",""
"株式会社アルファジャパン","9522056236571","","","","","","","456-0051","愛知県名古屋市熱田区四番二丁目11-3","","","","","","","","","","","","","","","8180001091030","","","",""
"株式会社アルファリンクス","8615489061396","","","","","","","770-8064","徳島県徳島市城南町一丁目3-30 102号","","","","","","","","","","","","","","","4480001003743","","","",""
"株式会社アルペンガーデンやまくさ","9285557827039","","","","","","","346-0115","埼玉県久喜市菖蒲町小林5855-1","","","","","","","","","","","","","","","7030001099238","","","",""
"アルボノ株式会社","2313418122970","","","","","","","140-0013","東京都品川区南大井三丁目17-9 ベルズ大森6階","","","","","","","","","","","","","","","5040001076865","","","",""
"株式会社Ａｌｙｏ","9895840166136","","","","","","","158-0094","東京都世田谷区玉川三丁目20-2 マノア玉川第3ビル501","","","","","","","","","","","","","","","2010901040851","","","",""
"株式会社Ａｌｅｘｉｓ","9008584056596","","","","","","","220-0012","神奈川県横浜市西区みなとみらい四丁目9-1","","","","","","","","","","","","","","","7020001138888","","","",""
"アレックス株式会社","6914651326506","","","","","","","530-0011","大阪府大阪市北区大深町3-1 グランフロント大阪ナレッジキャピタル8F","","","","","","","","","","","","","","","9010401089061","","","",""
"株式会社アレックス","2472737616741","","","","","","","350-0836","埼玉県川越市大字谷中205","","","","","","","","","","","","","","","4030001107993","","","",""
"株式会社アレラ販売","3716818062869","","","","","","","810-0012","福岡県福岡市中央区白金一丁目6-9 111号","","","","","","","","","","","","","","","3290001030031","","","",""
"株式会社アレン","2896694955093","","","","","","","064-0823","北海道札幌市中央区北三条西三十丁目5-1","","","","","","","","","","","","","","","8430001052428","","","",""
"アロエ食品株式会社","6565342580673","","","","","","","421-0218","静岡県焼津市下江留2208","","","","","","","","","","","","","","","7080001015438","","","",""
"株式会社アロマキュア","5180936039964","","","","","","","167-0032","東京都杉並区天沼二丁目9-23","","","","","","","","","","","","","","","3011301018108","","","",""
"アロマセラピー株式会社","5635538604460","","","","","","","612-8379","京都府京都市伏見区南寝小屋町5 京都SRC3F","","","","","","","","","","","","","","","7010701022384","","","",""
"株式会社アロマフォレスト","1315964294695","","","","","","","460-0022","愛知県名古屋市中区金山二丁目16-22","","","","","","","","","","","","","","","3180002045130","","","",""
"あわい株式会社","6964109359070","","","","","","","774-0003","徳島県阿南市畭町亀崎1-90","","","","","","","","","","","","","","","9480001011064","","","",""
"阿波銀コネクト株式会社","6438672614871","","","","","","","770-0901","徳島県徳島市西船場町二丁目24-1","","","","","","","","","","","","","","","5480001011241","","","",""
"淡路教育サービス有限会社","2947762994617","","","","","","","656-2212","兵庫県淡路市佐野2356-28 503","","","","","","","","","","","","","","","3140002069216","","","",""
"株式会社アワバリュー","8442712787722","","","","","","","104-0061","東京都中央区銀座八丁目6-25 河北新報ビル8F","","","","","","","","","","","","","","","8010401156481","","","",""
"株式会社アンクトレーディング","6735304373449","","","","","","","235-0023","神奈川県横浜市磯子区森五丁目23-31","","","","","","","","","","","","","","","4020001097237","","","",""
"有限会社アンシャンテ","7136378719934","","","","","","","630-8003","奈良県奈良市佐紀町1 城田ビル1階","","","","","","","","","","","","","","","6150002002379","","","",""
"安心健康ライフ株式会社","7973998253232","","","","","","","134-0084","東京都江戸川区東葛西六丁目6-3","","","","","","","","","","","","","","","3011701020084","","","",""
"有限会社ａｎｎ－Ｊ","8522875465136","","","","","","","542-0081","大阪府大阪市中央区南船場一丁目3-27 NIL南船場2A","","","","","","","","","","","","","","","3120002045318","","","",""
"あんず合同会社","5631966562878","","","","","","","221-0812","神奈川県横浜市神奈川区平川町12-13","","","","","","","","","","","","","","","8020003011836","","","",""
"株式会社ＵＮＣＥＰＴ","9776206587902","","","","","","","860-0055","熊本県熊本市西区蓮台寺一丁目6-44 101","","","","","","","","","","","","","","","4330001008955","","","",""
"有限会社あんだーらいん","9697811702387","","","","","","","101-0024","東京都千代田区神田和泉町1-2-2 文華堂ビル1F","","","","","","","","","","","","","","","4010002041491","","","",""
"株式会社アンティミンス","6552243897443","","","","","","","106-0032","東京都港区六本木六丁目10-1 六本木ヒルズ森タワー16階","","","","","","","","","","","","","","","6011001066081","","","",""
"株式会社アンテル","6521582093071","","","","","","","103-0011","東京都中央区日本橋大伝馬町14-10 大前ビル2階","","","","","","","","","","","","","","","1010001175153","","","",""
"株式会社アンドイット","7832457646523","","","","","","","563-0032","大阪府池田市石橋一丁目9-13 リバティーハウス石橋4F","","","","","","","","","","","","","","","3120901022466","","","",""
"株式会社安藤通商沖縄","7838755378108","","","","","","","901-2104","沖縄県浦添市当山二丁目9-3","","","","","","","","","","","","","","","5360001008415","","","",""
"アンドケイジェイ株式会社","1962360438588","","","","","","","330-0073","埼玉県さいたま市浦和区元町一丁目16-14","","","","","","","","","","","","","","","3011501025614","","","",""
"株式会社ＡＮＤ　ＴＨＥ　ＳＯＩＬ．","4077321991925","","","","","","","810-0011","福岡県福岡市中央区高砂一丁目11-1 福岡ゼネラルビル3F","","","","","","","","","","","","","","","9290001072092","","","",""
"株式会社アンドブリッジ","2777054539534","","","","","","","107-0061","東京都港区北青山三丁目5-10 ワールド北青山ビル","","","","","","","","","","","","","","","3010401147287","","","",""
"株式会社アンドモア","3975926106883","","","","","","","134-0086","東京都江戸川区臨海町三丁目6-4 ヒューリック葛西臨海ビル6F","","","","","","","","","","","","","","","9010601044964","","","",""
"ａｎｄ　ｒｏｏｔｓ株式会社","2448435292306","","","","","","","812-0018","福岡県福岡市博多区住吉二丁目16-36 ANDROOTSFORESTSQUARE2F","","","","","","","","","","","","","","","2290001084284","","","",""
"アンドワン株式会社","2312386180474","","","","","","","530-0011","大阪府大阪市北区大深町3-1 グランフロント大阪北館6階","","","","","","","","","","","","","","","2122001033667","","","",""
"株式会社アンノックアウト","9029847649706","","","","","","","164-0001","東京都中野区中野四丁目17-1 408","","","","","","","","","","","","","","","1010401095744","","","",""
"アンバー株式会社","3195708821685","","","","","","","101-0041","東京都千代田区神田須田町二丁目3-1212 KANDA009","","","","","","","","","","","","","","","6011001113255","","","",""
"株式会社ＡＭｂｉｅｎｔ","4861977759829","","","","","","","107-0062","東京都港区南青山四丁目26-22","","","","","","","","","","","","","","","7011001120300","","","",""
"株式会社アンビシャスアンドカンパニー","6945972179497","","","","","","","547-0004","大阪府大阪市平野区加美鞍作一丁目12-27","","","","","","","","","","","","","","","4120001193430","","","",""
"アンプイーマート株式会社","4370713070827","","","","","","","781-5103","高知県高知市大津乙1910-17","","","","","","","","","","","","","","","8490001003482","","","",""
"株式会社アンプラース","6703559202088","","","","","","","105-0004","東京都港区新橋三丁目1-11 長友ランディックビル6F","","","","","","","","","","","","","","","7010401065543","","","",""
"アンヘックス株式会社","4996821480939","","","","","","","101-0047","東京都千代田区内神田一丁目11-10","","","","","","","","","","","","","","","7010001186491","","","",""
"株式会社ＵｎＢｏｘ","9472456370783","","","","","","","433-8122","静岡県浜松市中央区上島二丁目13-11","","","","","","","","","","","","","","","2080401018276","","","",""
"株式会社ｕｎｂｏｔ","4036164386941","","","","","","","141-0031","東京都品川区西五反田七丁目22-17 TOCビル10階2号室","","","","","","","","","","","","","","","7290001068373","","","",""
"株式会社アンリミット","2613496393652","","","","","","","599-8231","大阪府堺市中区学園町4-14","","","","","","","","","","","","","","","4120101056405","","","",""
"株式会社ＵＮＬＩＭＩＴＥＤ　ＥＮＴＥＲＴＡＩＮＭＥＮＴ","7225420260886","","","","","","","103-0004","東京都中央区東日本橋二丁目27-9 9階","","","","","","","","","","","","","","","1010001192124","","","",""
"株式会社ｅあきんど","8719662788423","","","","","","","923-0000","石川県小松市符津町ム82","","","","","","","","","","","","","","","3220001019048","","","",""
"株式会社イーアス","7784317781593","","","","","","","124-0011","東京都葛飾区四つ木四丁目12-22","","","","","","","","","","","","","","","6011801021772","","","",""
"株式会社イーアールエス","1179410757704","","","","","","","121-0064","東京都足立区保木間三丁目13-14","","","","","","","","","","","","","","","7011801027488","","","",""
"株式会社Ｅ＆Ｃコーポレーション","7296536929660","","","","","","","617-0838","京都府長岡京市緑が丘9-4","","","","","","","","","","","","","","","5130001054473","","","",""
"ｅｅ株式会社","7010898044319","","","","","","","107-0062","東京都港区南青山二丁目22-14 1004号","","","","","","","","","","","","","","","4010401144283","","","",""
"いいね株式会社","4580268452295","","","","","","","330-0071","埼玉県さいたま市浦和区上木崎一丁目2-1 フロントシティ与野101","","","","","","","","","","","","","","","3030001133306","","","",""
"株式会社イヴコーポレーション","4705800089003","","","","","","","150-0001","東京都渋谷区神宮前二丁目26-5 2F","","","","","","","","","","","","","","","6010701023648","","","",""
"株式会社ｅｈ．","5827348182883","","","","","","","153-0063","東京都目黒区目黒二丁目14-13 602号ダイアパレスシェルトワレ目黒","","","","","","","","","","","","","","","5011001146685","","","",""
"株式会社イエス‐タカギ","7937753260254","","","","","","","141-0031","東京都品川区西五反田七丁目19-1 五反田高木ビル4F","","","","","","","","","","","","","","","6010801019091","","","",""
"株式会社ｅｓｔ","1267512703909","","","","","","","470-1166","愛知県豊明市栄町大根1-1408","","","","","","","","","","","","","","","3180001127697","","","",""
"イー・エム・エー株式会社","1066744464358","","","","","","","989-1246","宮城県柴田郡大河原町字新東156","","","","","","","","","","","","","","","1370101001272","","","",""
"株式会社ＥＭＺ－ＪＡＰＡＮ","9581281345651","","","","","","","860-0042","熊本県熊本市中央区小沢町89-3","","","","","","","","","","","","","","","5330001012221","","","",""
"有限会社イーエムテックフクダ","8637199110417","","","","","","","566-0072","大阪府摂津市鳥飼西二丁目18-23","","","","","","","","","","","","","","","6120902022529","","","",""
"イーエルライトパーツ株式会社","2880602437512","","","","","","","604-8437","京都府京都市中京区西ノ京東中合町55-1 ハイツウエストロード309号室","","","","","","","","","","","","","","","3130001044600","","","",""
"株式会社イエロードクタージャパン","9414677245452","","","","","","","305-0051","茨城県つくば市二の宮二丁目13-6","","","","","","","","","","","","","","","3050001034584","","","",""
"イオンネクスト株式会社","3788725456816","","","","","","","261-0023","千葉県千葉市美浜区中瀬一丁目5-1","","","","","","","","","","","","","","","7040001111975","","","",""
"イオンレーヴコスメ株式会社","4288183106344","","","","","","","261-0023","千葉県千葉市美浜区中瀬一丁目5-1","","","","","","","","","","","","","","","2040001110544","","","",""
"株式会社ｅ－ｋｉｔ","7014131682521","","","","","","","546-0035","大阪府大阪市東住吉区山坂五丁目14-18","","","","","","","","","","","","","","","7120001196892","","","",""
"株式会社イクス","6427698414852","","","","","","","151-0066","東京都渋谷区西原三丁目25-5 ファインビル","","","","","","","","","","","","","","","4011001031847","","","",""
"ｉｘＭａｒｋ株式会社","3767642150545","","","","","","","106-0032","東京都港区六本木五丁目18-18 プレシャス六本木ビル2F","","","","","","","","","","","","","","","6010401129051","","","",""
"Ｅ－Ｃｒｅａｔｉｏｎ株式会社","6621532888952","","","","","","","105-0022","東京都港区海岸一丁目14-17 ベイサイド竹芝1504","","","","","","","","","","","","","","","4010801021396","","","",""
"株式会社イーグルコム","4822242771897","","","","","","","577-0007","大阪府東大阪市稲田本町二丁目4-38","","","","","","","","","","","","","","","2120101048684","","","",""
"株式会社池野電機商会","8286615248333","","","","","","","426-0201","静岡県藤枝市下藪田722-7","","","","","","","","","","","","","","","3080001020887","","","",""
"株式会社ｅ健康ショップ","1100318108001","","","","","","","104-0028","東京都中央区八重洲二丁目2-1 東京ミッドタウン八重洲八重洲セントラルタワー9F","","","","","","","","","","","","","","","9010001133310","","","",""
"株式会社生駒興産","2551994808976","","","","","","","630-0264","奈良県生駒市西菜畑町1570-1 B201","","","","","","","","","","","","","","","4150001004700","","","",""
"株式会社イーコレ","6418947964668","","","","","","","811-2419","福岡県糟屋郡篠栗町庄六丁目13-6","","","","","","","","","","","","","","","2290001039742","","","",""
"イーコンビニ株式会社","7490288407867","","","","","","","300-0061","茨城県土浦市並木四丁目18-11","","","","","","","","","","","","","","","1021001017971","","","",""
"イーコンフォート株式会社","7930692262325","","","","","","","563-0014","大阪府池田市木部町205-1 405号","","","","","","","","","","","","","","","8120901034894","","","",""
"有限会社囲碁ラボジャパン","1293412240352","","","","","","","666-0142","兵庫県川西市清和台東一丁目3-96","","","","","","","","","","","","","","","1140002065464","","","",""
"株式会社ｅサービス","7236524193097","","","","","","","279-0012","千葉県浦安市入船一丁目5-2","","","","","","","","","","","","","","","8010001168324","","","",""
"株式会社イシイ","1179419077403","","","","","","","367-0232","埼玉県児玉郡神川町大字新里174","","","","","","","","","","","","","","","5030001060705","","","",""
"ＥＣＨ株式会社","1512773771440","","","","","","","153-0042","東京都目黒区青葉台三丁目6-28 住友不動産青葉台タワー8F","","","","","","","","","","","","","","","2011001046558","","","",""
"有限会社イシカワイベント","6889755726562","","","","","","","733-0853","広島県広島市西区山田新町一丁目30-27","","","","","","","","","","","","","","","6240002018928","","","",""
"イシケン株式会社","6706442759149","","","","","","","720-1142","広島県福山市駅家町大字上山守244","","","","","","","","","","","","","","","3240001029846","","","",""
"有限会社イーシー・コミュニケーションズ","8931521118216","","","","","","","166-0003","東京都杉並区高円寺南二丁目23-4 201","","","","","","","","","","","","","","","8011202010530","","","",""
"株式会社ＥＣスタジオ","7434415945938","","","","","","","102-0083","東京都千代田区麴町二丁目2-4 麹町セントラルビル4階","","","","","","","","","","","","","","","5010001159210","","","",""
"ＥＣソリューションズ株式会社","1395626829178","","","","","","","901-0225","沖縄県豊見城市字豊崎3-59","","","","","","","","","","","","","","","9011801023378","","","",""
"株式会社石野商事","5848752462284","","","","","","","597-0052","大阪府貝塚市窪田91-1 第1石野ビル2F","","","","","","","","","","","","","","","5120101039103","","","",""
"株式会社医食同源ドットコム","8094147354498","","","","","","","336-0027","埼玉県さいたま市南区沼影一丁目10-1 ラムザタワー7階","","","","","","","","","","","","","","","9021001046360","","","",""
"有限会社ｅｇｅｍｊａｐａｎ","8292165270600","","","","","","","812-0886","福岡県福岡市博多区南八幡町二丁目9-19 311","","","","","","","","","","","","","","","2290002015164","","","",""
"株式会社イージャパンアンドカンパニーズ","5576230236236","","","","","","","546-0043","大阪府大阪市東住吉区駒川五丁目23-32 3F","","","","","","","","","","","","","","","8122001017004","","","",""
"有限会社イースクエア","6183822871392","","","","","","","794-0018","愛媛県今治市本町四丁目2-18","","","","","","","","","","","","","","","1500002020003","","","",""
"合同会社イースト","6675587216388","","","","","","","011-0942","秋田県秋田市土崎港東四丁目6-40","","","","","","","","","","","","","","","3410003003006","","","",""
"株式会社イースト","5285359348884","","","","","","","343-0032","埼玉県越谷市大字袋山1105-20","","","","","","","","","","","","","","","9030001119101","","","",""
"株式会社イーストパーク","5063506496156","","","","","","","181-0002","東京都三鷹市牟礼二丁目14-7 410","","","","","","","","","","","","","","","8010401033714","","","",""
"株式会社イーストラテジー","6874770592878","","","","","","","101-0021","東京都千代田区外神田六丁目5-11 長谷川ビル4F","","","","","","","","","","","","","","","3010001148371","","","",""
"有限会社イー・ストリーム・グループ","6735411050560","","","","","","","150-0046","東京都渋谷区松濤一丁目26-10","","","","","","","","","","","","","","","6011002023387","","","",""
"有限会社イーズクリエーション","3861766646473","","","","","","","700-0013","岡山県岡山市北区伊福町三丁目2-7 アメニティ21-2F","","","","","","","","","","","","","","","9260002012224","","","",""
"株式会社イズバック","9035774512784","","","","","","","106-0045","東京都港区麻布十番一丁目8-11 タカデンビル3F","","","","","","","","","","","","","","","5010401099667","","","",""
"株式会社ＩＺＢＩＺ","1556883174680","","","","","","","810-0073","福岡県福岡市中央区舞鶴二丁目8-13","","","","","","","","","","","","","","","7290001063168","","","",""
"株式会社イズミセ","9191526896420","","","","","","","600-8007","京都府京都市下京区立売西町60 日本生命四条ビル7F","","","","","","","","","","","","","","","5130001013834","","","",""
"ＩＤＸ合同会社","2341615142922","","","","","","","861-4235","熊本県熊本市南区城南町千町1628 23F","","","","","","","","","","","","","","","3330003008987","","","",""
"株式会社ＩＺＵＭＩファクトリー","3767101686369","","","","","","","599-0211","大阪府阪南市鳥取中595-4","","","","","","","","","","","","","","","2120101048767","","","",""
"株式会社イズム","9880826705624","","","","","","","150-0043","東京都渋谷区道玄坂一丁目21-1 渋谷ソラスタ3F","","","","","","","","","","","","","","","2011001045007","","","",""
"株式会社イズム","9107864318501","","","","","","","164-0014","東京都中野区南台一丁目1-12 マインハイム","","","","","","","","","","","","","","","1011201013375","","","",""
"株式会社イーセツビ","9276959819050","","","","","","","171-0022","東京都豊島区南池袋二丁目49-7 池袋パークビル1階","","","","","","","","","","","","","","","5013301036599","","","",""
"株式会社伊勢屋フーズ","9799269539688","","","","","","","649-6333","和歌山県和歌山市永穂399","","","","","","","","","","","","","","","9170001006343","","","",""
"ｅーセラ・コーポレーション株式会社","8333020962571","","","","","","","737-0045","広島県呉市本通四丁目7-12","","","","","","","","","","","","","","","3240001044449","","","",""
"株式会社Ｅ‐セレクト","5762413524258","","","","","","","104-0061","東京都中央区銀座一丁目22-11 銀座大竹ビジデンス2F","","","","","","","","","","","","","","","1010001158331","","","",""
"ｅＳｅｌｅｃｔ株式会社","4381455793865","","","","","","","161-0031","東京都新宿区西落合四丁目21-9 パームスプラザ西落合1F","","","","","","","","","","","","","","","9011101083288","","","",""
"ＩＳＯＺＡＫＩ株式会社","1254733454801","","","","","","","206-0011","東京都多摩市関戸四丁目8-18 TOHO聖蹟桜ヶ丘ビル4F","","","","","","","","","","","","","","","6013401006625","","","",""
"有限会社イー・ソシオ","8994184539592","","","","","","","640-8322","和歌山県和歌山市秋月159-10","","","","","","","","","","","","","","","2170002006068","","","",""
"株式会社いただきますねっと","1905055469777","","","","","","","561-0852","大阪府豊中市服部本町一丁目6-7","","","","","","","","","","","","","","","6120901028254","","","",""
"至デザインＥＸ株式会社","7630961093356","","","","","","","167-0034","東京都杉並区桃井一丁目1-8","","","","","","","","","","","","","","","6011301013477","","","",""
"株式会社いちかわ","7797022569856","","","","","","","679-2315","兵庫県神崎郡市川町西川辺163-1","","","","","","","","","","","","","","","3140001105748","","","",""
"株式会社ＩＣＨＩＧＯ","2668253665166","","","","","","","108-0014","東京都港区芝五丁目13-18 いちご三田ビル7階","","","","","","","","","","","","","","","7010403013665","","","",""
"株式会社一迅社","7931855140955","","","","","","","160-0022","東京都新宿区新宿三丁目1-13 京王新宿追分ビル5階","","","","","","","","","","","","","","","3011101038867","","","",""
"株式会社イチネンネット","9874422052297","","","","","","","532-0011","大阪府大阪市淀川区西中島四丁目10-6","","","","","","","","","","","","","","","5120001161865","","","",""
"株式会社一番","4466403050954","","","","","","","901-0306","沖縄県糸満市西崎町四丁目17-20","","","","","","","","","","","","","","","8360001005285","","","",""
"合同会社１ｍｍ","3313531792545","","","","","","","235-0032","神奈川県横浜市磯子区新杉田町8-8","","","","","","","","","","","","","","","2020003022525","","","",""
"株式会社いち屋","4344451949441","","","","","","","630-8113","奈良県奈良市法蓮町559-1","","","","","","","","","","","","","","","4150001020474","","","",""
"株式会社一休堂","6225475136700","","","","","","","112-0013","東京都文京区音羽一丁目25-13","","","","","","","","","","","","","","","5010001000704","","","",""
"一間堂株式会社","7873938750159","","","","","","","176-0014","東京都練馬区豊玉南三丁目19-1","","","","","","","","","","","","","","","9012701013345","","","",""
"株式会社一心堂","6489637125497","","","","","","","880-0951","宮崎県宮崎市大塚町天神後2668","","","","","","","","","","","","","","","5350001004753","","","",""
"株式会社Ｉｔ’ｓ　ａ　ｐｉｅｃｅ　ｏｆ　ｃａｋｅ．","8287650972493","","","","","","","810-0001","福岡県福岡市中央区天神二丁目3-10 天神パインクレスト1004","","","","","","","","","","","","","","","8011001136840","","","",""
"一通商事株式会社","2253975746613","","","","","","","170-0005","東京都豊島区南大塚二丁目40-1 大塚中央ビル206","","","","","","","","","","","","","","","3013301045296","","","",""
"逸品屋株式会社","5297125449891","","","","","","","238-0025","神奈川県横須賀市衣笠町45-19","","","","","","","","","","","","","","","4021001055416","","","",""
"株式会社伊藤商会","8806795123848","","","","","","","211-0002","神奈川県川崎市中原区上丸子山王町一丁目1428","","","","","","","","","","","","","","","4020001068849","","","",""
"有限会社伊東ラジエーター工業","4427831946914","","","","","","","050-0081","北海道室蘭市日の出町一丁目19-14","","","","","","","","","","","","","","","5430002063872","","","",""
"伊都観光物産センター有限会社","5677890280911","","","","","","","649-7121","和歌山県伊都郡かつらぎ町大字丁ノ町2226-4","","","","","","","","","","","","","","","2170002010870","","","",""
"株式会社稲垣商事","3986606370571","","","","","","","646-0005","和歌山県田辺市秋津町1824-1","","","","","","","","","","","","","","","4170001008542","","","",""
"株式会社イーナストゥディオス","2628014466505","","","","","","","904-0417","沖縄県国頭郡恩納村字真栄田1473","","","","","","","","","","","","","","","6360001024642","","","",""
"株式会社いなほ","9499547367670","","","","","","","987-0321","宮城県登米市米山町西野後小路10","","","","","","","","","","","","","","","9370001038705","","","",""
"株式会社いにしえ","8367236790618","","","","","","","600-8413","京都府京都市下京区大政所町680-1 第八長谷ビル","","","","","","","","","","","","","","","9010102011340","","","",""
"イヌヤ株式会社","5293338790086","","","","","","","171-0022","東京都豊島区南池袋二丁目24-7 島根ビル4階","","","","","","","","","","","","","","","6013301036020","","","",""
"ｅ－ｎｅｔ　ｓｈｏｐ株式会社","5565047003474","","","","","","","980-0023","宮城県仙台市青葉区北目町1-13","","","","","","","","","","","","","","","5370001012597","","","",""
"株式会社イーノ","4235351603995","","","","","","","910-4138","福井県あわら市下番12-10","","","","","","","","","","","","","","","8210001009342","","","",""
"有限会社井上糀店","6236513260656","","","","","","","194-0212","東京都町田市小山町2483-2","","","","","","","","","","","","","","","5012302000572","","","",""
"井ノ上珈琲有限会社","8399359128442","","","","","","","899-4332","鹿児島県霧島市国分中央五丁目3-17","","","","","","","","","","","","","","","7340002015311","","","",""
"株式会社いのししや","5342088609305","","","","","","","382-0000","長野県須坂市大字日滝351-6","","","","","","","","","","","","","","","7100001006938","","","",""
"株式会社イノス","2373364041060","","","","","","","242-0025","神奈川県大和市代官一丁目9-2","","","","","","","","","","","","","","","7021001050728","","","",""
"株式会社イノセントラボ","2558588801766","","","","","","","190-0004","東京都立川市柏町二丁目34-37","","","","","","","","","","","","","","","3011401016531","","","",""
"株式会社ＩＮＮＯＶＡＴＩＯＮ　ＷＯＲＫＳ","3231491762205","","","","","","","572-0082","大阪府寝屋川市香里本通町1-7","","","","","","","","","","","","","","","1120001181727","","","",""
"イノベスタ株式会社","5792635444125","","","","","","","901-2133","沖縄県浦添市城間一丁目32-7 ハロービル3F","","","","","","","","","","","","","","","3360001027458","","","",""
"株式会社ｅ－ＮＯＶＡＴＩＶＥ","7585919639545","","","","","","","107-0062","東京都港区南青山二丁目2-3","","","","","","","","","","","","","","","6010401089386","","","",""
"株式会社ＩＢＡＤＡＨ","8035386098073","","","","","","","374-0055","群馬県館林市成島町222 タツザワビル1-2A","","","","","","","","","","","","","","","4070001038657","","","",""
"株式会社ＥＰＡＲＫスポーツ","4055560351152","","","","","","","104-0033","東京都中央区新川一丁目26-9 新川イワデビル4F","","","","","","","","","","","","","","","5011001112803","","","",""
"株式会社イーパス","9516494138810","","","","","","","733-0025","広島県広島市西区小河内町二丁目23-8","","","","","","","","","","","","","","","3240001019236","","","",""
"株式会社威風堂","2939097552982","","","","","","","733-0035","広島県広島市西区南観音三丁目12-10","","","","","","","","","","","","","","","5240001024267","","","",""
"株式会社イブキ","1980493576303","","","","","","","141-0031","東京都品川区西五反田二丁目15-9 ブルーベルビル4F","","","","","","","","","","","","","","","3010701001029","","","",""
"指宿食品株式会社","2823375884734","","","","","","","891-0501","鹿児島県指宿市山川新栄町1-42","","","","","","","","","","","","","","","3340001018566","","","",""
"株式会社イープラス","1792193176247","","","","","","","329-1105","栃木県宇都宮市中岡本町3718-9","","","","","","","","","","","","","","","4060001021804","","","",""
"イー・プロダクト株式会社","8542433387391","","","","","","","301-0044","茨城県龍ケ崎市小柴四丁目2-18","","","","","","","","","","","","","","","2010001110076","","","",""
"イーベルスベルク株式会社","3595295938198","","","","","","","563-0045","大阪府池田市桃園一丁目3-13","","","","","","","","","","","","","","","1120901019381","","","",""
"株式会社イボーナ","3401560467654","","","","","","","451-0053","愛知県名古屋市西区枇杷島三丁目26-11","","","","","","","","","","","","","","","8180001150059","","","",""
"株式会社イポー","6850901246577","","","","","","","344-0004","埼玉県春日部市牛島957-6","","","","","","","","","","","","","","","4030001092006","","","",""
"株式会社今木","2893926621077","","","","","","","558-0014","大阪府大阪市住吉区我孫子三丁目6-8","","","","","","","","","","","","","","","8120001032188","","","",""
"株式会社イミューゼン","4967420204856","","","","","","","201-0014","東京都狛江市東和泉四丁目7-8","","","","","","","","","","","","","","","5020001093581","","","",""
"イメージアンドクリエイト株式会社","4882626406659","","","","","","","150-0001","東京都渋谷区神宮前六丁目23-4 桑野ビル2階","","","","","","","","","","","","","","","8360001025168","","","",""
"株式会社イメンス","1171467622335","","","","","","","221-0835","神奈川県横浜市神奈川区鶴屋町二丁目20-2 田代ビル3F","","","","","","","","","","","","","","","9020001022339","","","",""
"芋つる合同会社","2924299695968","","","","","","","930-0082","富山県富山市桜木町9-21 第2サンナインプラザ1F","","","","","","","","","","","","","","","4230003000838","","","",""
"株式会社イーライフ","9207308531473","","","","","","","581-0885","大阪府八尾市神宮寺五丁目184","","","","","","","","","","","","","","","6122001021412","","","",""
"株式会社Ｅ－ＬＩＮＥ","4874969705852","","","","","","","286-0033","千葉県成田市花崎町807-1 センチュリー成田ビル2F","","","","","","","","","","","","","","","5040001102803","","","",""
"Ｅ－ＬＩＮＥ株式会社","7074617374669","","","","","","","170-0013","東京都豊島区東池袋一丁目34-5","","","","","","","","","","","","","","","1011101073924","","","",""
"株式会社ｉｌｌｕｓｔｒｉｏｕｓ","1917683102966","","","","","","","150-0002","東京都渋谷区渋谷一丁目20-1 井門美竹ビル3F","","","","","","","","","","","","","","","8500003001532","","","",""
"ＩＲＥＭＯＮＯ株式会社","9183012577742","","","","","","","870-0049","大分県大分市中島中央一丁目4-33","","","","","","","","","","","","","","","5320001011785","","","",""
"合同会社イレンカ","6112086150116","","","","","","","166-0003","東京都杉並区高円寺南五丁目27-4 K-FLAT106","","","","","","","","","","","","","","","2011303001665","","","",""
"株式会社いろどり","2554723298334","","","","","","","277-0832","千葉県柏市北柏二丁目8-2","","","","","","","","","","","","","","","1011701019178","","","",""
"株式会社イロドリ","6556300785558","","","","","","","105-0001","東京都港区虎ノ門一丁目17-1 虎ノ門ヒルズビジネスタワー14階","","","","","","","","","","","","","","","5010401163200","","","",""
"株式会社いろどり","3366367142653","","","","","","","151-0071","東京都渋谷区本町六丁目8-6 501","","","","","","","","","","","","","","","2010801029581","","","",""
"株式会社ｅｅＲｏｎｅｒ","9508307161074","","","","","","","657-0051","兵庫県神戸市灘区八幡町三丁目6-17","","","","","","","","","","","","","","","2140001101830","","","",""
"株式会社いろは","7597939189542","","","","","","","221-0802","神奈川県横浜市神奈川区六角橋六丁目29-16 202","","","","","","","","","","","","","","","4020001096288","","","",""
"いろは出版株式会社","2937700008863","","","","","","","606-0032","京都府京都市左京区岩倉南平岡町74","","","","","","","","","","","","","","","1130001025148","","","",""
"いろは粧業合同会社","3378497181679","","","","","","","882-0022","宮崎県延岡市二ツ島町9702-36","","","","","","","","","","","","","","","2350003002700","","","",""
"株式会社ｈｉｒｏｎｄｅｌｌｅ","9337446118157","","","","","","","107-0062","東京都港区南青山二丁目2-15 ウィン青山942","","","","","","","","","","","","","","","6010401118418","","","",""
"株式会社いわいうたや","9203523677903","","","","","","","224-0066","神奈川県横浜市都筑区見花山1-30 見花山ビル3F","","","","","","","","","","","","","","","4020001105759","","","",""
"有限会社いわさわ","9183287263777","","","","","","","240-0031","神奈川県横浜市保土ケ谷区藤塚町24-1","","","","","","","","","","","","","","","8020002064703","","","",""
"有限会社岩田事務所","9709033532454","","","","","","","491-0873","愛知県一宮市せんい一丁目3-1","","","","","","","","","","","","","","","4180002080168","","","",""
"株式会社岩手屋","2742302882607","","","","","","","463-0098","愛知県名古屋市守山区川北町78","","","","","","","","","","","","","","","4180001004623","","","",""
"イワトー株式会社","5877569932796","","","","","","","509-5171","岐阜県土岐市泉北山町二丁目7","","","","","","","","","","","","","","","4200001021211","","","",""
"Ｉｎａｇｏｒａ株式会社","5651115572233","","","","","","","231-0062","神奈川県横浜市中区桜木町一丁目1-7","","","","","","","","","","","","","","","1010401115691","","","",""
"株式会社インヴァスト","5794050525378","","","","","","","010-1632","秋田県秋田市新屋大川町15-2","","","","","","","","","","","","","","","7410001010883","","","",""
"株式会社ＩＮＶＥＬ","7374986131809","","","","","","","135-0064","東京都江東区青海二丁目5-10 テレコムセンタービルEAST14","","","","","","","","","","","","","","","2010601061735","","","",""
"ＩＮＣＵＢＯＳＳ合同会社","2266364167014","","","","","","","069-1508","北海道夕張郡栗山町字湯地","","","","","","","","","","","","","","","6430003007407","","","",""
"ＩＮＣ株式会社","2837798549756","","","","","","","980-0014","宮城県仙台市青葉区本町一丁目5-28 カーニープレイス仙台駅前通603号室","","","","","","","","","","","","","","","1370001040321","","","",""
"株式会社イング","6549121055053","","","","","","","360-0012","埼玉県熊谷市上之2156-5 コーエー上之ビル202","","","","","","","","","","","","","","","4030001092237","","","",""
"有限会社イングス","2086697483907","","","","","","","533-0011","大阪府大阪市東淀川区大桐二丁目15-20","","","","","","","","","","","","","","","2120002070309","","","",""
"株式会社イングファシリティーズ","5920926274344","","","","","","","651-0094","兵庫県神戸市中央区琴ノ緒町五丁目7-6","","","","","","","","","","","","","","","7140001027963","","","",""
"株式会社イングリウッド","2304136007849","","","","","","","150-0043","東京都渋谷区道玄坂一丁目21-1 渋谷ソラスタ13F","","","","","","","","","","","","","","","5012702013389","","","",""
"株式会社インサイト","7339271878856","","","","","","","454-0982","愛知県名古屋市中川区西伏屋三丁目605 アクティヴ浅岡D号","","","","","","","","","","","","","","","7180001116465","","","",""
"株式会社インスタイル","2817011104409","","","","","","","810-0004","福岡県福岡市中央区渡辺通五丁目14-12 南天神ビル3階","","","","","","","","","","","","","","","5290001062139","","","",""
"株式会社ＩＮＳＰＩＣＥ","8183145256433","","","","","","","900-0016","沖縄県那覇市前島一丁目18-1 マンション前島31号室","","","","","","","","","","","","","","","3360001028340","","","",""
"株式会社インソーレ","6668977973050","","","","","","","108-0014","東京都港区芝五丁目32-12 3F","","","","","","","","","","","","","","","9010401063834","","","",""
"有限会社インターアジアスーパーストアー","4035737898249","","","","","","","169-0072","東京都新宿区大久保一丁目8-2 シャルール新宿2F","","","","","","","","","","","","","","","6011102017198","","","",""
"株式会社インタークリスティーヌ","5795818919408","","","","","","","251-0055","神奈川県藤沢市南藤沢8-7","","","","","","","","","","","","","","","6021001046297","","","",""
"株式会社インターズー・クリニッククラブ","2134171302915","","","","","","","418-0022","静岡県富士宮市小泉16-2","","","","","","","","","","","","","","","1080101012340","","","",""
"株式会社インターナショナルスワングループ","4492471033441","","","","","","","530-0001","大阪府大阪市北区梅田二丁目4-9 ブリーゼタワー","","","","","","","","","","","","","","","8160001016864","","","",""
"株式会社インターパイロン","6660074443835","","","","","","","107-0062","東京都港区南青山三丁目1-3 スプライン青山東急ビル4階","","","","","","","","","","","","","","","3010401077253","","","",""
"株式会社インターマトリックス","6914500812403","","","","","","","140-0013","東京都品川区南大井四丁目3-13","","","","","","","","","","","","","","","9010001141387","","","",""
"株式会社インターラボ","8174026697381","","","","","","","700-0952","岡山県岡山市北区平田385-13","","","","","","","","","","","","","","","7260001009215","","","",""
"株式会社インターリユース","4722238038750","","","","","","","224-0032","神奈川県横浜市都筑区茅ケ崎中央7-19","","","","","","","","","","","","","","","6020001061876","","","",""
"株式会社インターワークス","4562456982498","","","","","","","812-0042","福岡県福岡市博多区豊一丁目5-24 丸信ビル5号","","","","","","","","","","","","","","","6290001023305","","","",""
"ＩＮＴＥＲＩＯＲ株式会社","6860747053281","","","","","","","890-0056","鹿児島県鹿児島市下荒田一丁目20-4 迫田ビル2F","","","","","","","","","","","","","","","8011001140223","","","",""
"株式会社ＩｎｄｙＧｏ","5706699375166","","","","","","","810-0042","福岡県福岡市中央区赤坂一丁目13-10","","","","","","","","","","","","","","","3290001066208","","","",""
"株式会社インデペンデンス","8378477895501","","","","","","","835-0102","福岡県みやま市山川町尾野637","","","","","","","","","","","","","","","5010001174060","","","",""
"株式会社Ｉｎｄｏｓｏｌｅ　Ｊａｐａｎ","2552423460091","","","","","","","150-0043","東京都渋谷区道玄坂一丁目15-3 616","","","","","","","","","","","","","","","7011001126875","","","",""
"株式会社インフィニタス・バリュー","7457044171421","","","","","","","210-0006","神奈川県川崎市川崎区砂子二丁目8-1 シャンボール互恵ビル503号室","","","","","","","","","","","","","","","7020001119368","","","",""
"インフィニティー株式会社","4396729464617","","","","","","","364-0002","埼玉県北本市宮内六丁目22","","","","","","","","","","","","","","","2030001104638","","","",""
"株式会社ｉｍｐｒｉｓｅ","3586865892796","","","","","","","879-0317","大分県宇佐市大字下高655-3","","","","","","","","","","","","","","","7320001014687","","","",""
"株式会社ｉｍｐｒｅｓｓｉｏｎ","1172826570076","","","","","","","190-0013","東京都立川市富士見町二丁目16-17 201号","","","","","","","","","","","","","","","2012803000628","","","",""
"インペリアル・エンタープライズ株式会社","5062413867258","1","2","2025/06/11","0","","https://www.iei.co.jp/","116-0014","東京都荒川区東日暮里五丁目7-18 コスモパークビル6階","03-5810-8181","代表取締役社長","原　良郎","卸売、小売","EC、通信販売","卸売、小売","その他の卸売","50 ～ 100","100,000 ～ 1,000,000","5,000 ～ 10,000","2025/03","","1982/09","非公開","8011501013093","工芸品卸売,工芸品製造,美術品販売,工芸品販売,腕時計販売,アパレル製品企画・開発,I・E・Iアートギャラリー,I・E・I オリジナルショップ,使ってヨカッタオンライン,I・E・Iコレクション,ヨカッタオンライン,インペリアル","WEB分析ツール利用,中途採用企業,営業職募集企業,売上50億円以上","Amazon Route 53,Autobahn for AppExchange,Benchmark Email,Bizメール＆ウェブ,Bizメール＆ウェブ プレミアム,Google Fonts,Google アナリティクス,jQuery,メールディーラー",""
"株式会社Ｗｅａｖａｓ","3572684975523","","","","","","","153-0064","東京都目黒区下目黒一丁目8-1 アルコタワー17F","","","","","","","","","","","","","","","8011001125538","","","",""
"株式会社ウィゴー","1474987865761","","","","","","","108-0023","東京都港区芝浦四丁目15-33 芝浦清水ビル5F","","","","","","","","","","","","","","","7010001192416","","","",""
"有限会社ウイザード・ティ・エス","6334970636648","","","","","","","243-0401","神奈川県海老名市東柏ケ谷五丁目15-23","","","","","","","","","","","","","","","6021002048739","","","",""
"株式会社ウィズキッド","6177958594075","","","","","","","168-0073","東京都杉並区下高井戸一丁目6-10","","","","","","","","","","","","","","","3011301017233","","","",""
"有限会社ウィズネット","2949781469014","","","","","","","661-0003","兵庫県尼崎市富松町二丁目1-5","","","","","","","","","","","","","","","9140002044849","","","",""
"株式会社ＷＩＴＨ　ＰＡＲＴＮＥＲＳ","9878043011871","","","","","","","150-0043","東京都渋谷区道玄坂一丁目12-1 渋谷マークシティ22F","","","","","","","","","","","","","","","2011001134552","","","",""
"ＷｉｚＢｉｚ株式会社","2233010543776","","","","","","","108-0014","東京都港区芝五丁目16-7 芝ビル3F","","","","","","","","","","","","","","","4010401089594","","","",""
"合同会社ウィットバンク","9969224476515","","","","","","","231-0032","神奈川県横浜市中区不老町一丁目2-1","","","","","","","","","","","","","","","8020003016281","","","",""
"ウイニングナイン株式会社","4072093122363","","","","","","","532-0011","大阪府大阪市淀川区西中島三丁目18-9 新大阪日大ビル203","","","","","","","","","","","","","","","8120901036098","","","",""
"Ｗｉｎｎｏｗ株式会社","2702749161920","","","","","","","167-0032","東京都杉並区天沼三丁目7-3 荻窪法人会館3F-C","","","","","","","","","","","","","","","4011101076602","","","",""
"株式会社ウィーバー","9014677300440","","","","","","","104-0033","東京都中央区新川一丁目6-12 AIビル茅場町203号室","","","","","","","","","","","","","","","9020001090674","","","",""
"合同会社ｗｅａｖｅｒｓ","1937790364386","","","","","","","390-0873","長野県松本市丸の内7-33 川上ビル2F","","","","","","","","","","","","","","","5012403001924","","","",""
"株式会社ウィーブ","1629319635869","","","","","","","530-0016","大阪府大阪市北区中崎二丁目1-4 嶌野ビル4F","","","","","","","","","","","","","","","1120001096504","","","",""
"ＷＥ　ＬＯＶＥ　ＭＵＳＩＣ株式会社","7734718672656","","","","","","","150-0013","東京都渋谷区恵比寿四丁目20-3 恵比寿ガーデンプレイス3F","","","","","","","","","","","","","","","6120001177753","","","",""
"株式会社ウィルハート","1389820803852","","","","","","","154-0023","東京都世田谷区若林四丁目9-11 エスペランサ若林","","","","","","","","","","","","","","","8011201014367","","","",""
"株式会社ウィルビー","3571237206395","","","","","","","791-1102","愛媛県松山市来住町1210-1","","","","","","","","","","","","","","","6500001008655","","","",""
"株式会社ｗｉｎｗｉｎ","1815296767285","","","","","","","124-0024","東京都葛飾区新小岩一丁目38-11 1303号メイツ新小岩","","","","","","","","","","","","","","","8011801026423","","","",""
"株式会社ウィンクル","3464483995983","","","","","","","710-0061","岡山県倉敷市浜ノ茶屋一丁目11-1","","","","","","","","","","","","","","","3160001019186","","","",""
"株式会社Ｗｉｎｇｓ","6033997175293","","","","","","","664-0022","兵庫県伊丹市中野東一丁目270 雅マンションパート1-303","","","","","","","","","","","","","","","1140001121284","","","",""
"ウィンテン株式会社","4946358414628","","","","","","","170-0013","東京都豊島区東池袋二丁目45-8 エコービル2F201号室","","","","","","","","","","","","","","","4013301024811","","","",""
"株式会社ウィンマックス","3837458385658","","","","","","","731-5136","広島県広島市佐伯区楽々園六丁目3-8","","","","","","","","","","","","","","","5240001057993","","","",""
"ＷＥＩＷＥＩホールディングス株式会社","7473088739271","","","","","","","810-0073","福岡県福岡市中央区舞鶴一丁目1-8 孔ホーリーランド天神7F","","","","","","","","","","","","","","","7290001056700","","","",""
"株式会社ウェイブ","4427400494099","","","","","","","537-0022","大阪府大阪市東成区中本五丁目12-41 109号","","","","","","","","","","","","","","","1120001195545","","","",""
"株式会社ウエストコースト","2022801519781","","","","","","","562-0004","大阪府箕面市牧落一丁目6-1","","","","","","","","","","","","","","","8120901029077","","","",""
"ウェストトレーディング株式会社","7723449318855","","","","","","","670-0996","兵庫県姫路市土山二丁目12-13 ディアコート101","","","","","","","","","","","","","","","2140001107679","","","",""
"株式会社ＵＥＤＡ","9618532845124","","","","","","","599-8114","大阪府堺市東区日置荘西町一丁22-20","","","","","","","","","","","","","","","4120101047981","","","",""
"Ｗｅｂｅｒ－Ｓｔｅｐｈｅｎ　Ｐｒｏｄｕｃｔｓ　Ｊａｐａｎ合同会社","8503990526708","","","","","","","107-0062","東京都港区南青山六丁目10-11","","","","","","","","","","","","","","","2010403015451","","","",""
"株式会社ウェーブ","7828823310779","","","","","","","096-0010","北海道名寄市大通南十丁目60","","","","","","","","","","","","","","","7450001007876","","","",""
"ウェブクリエイティブ株式会社","8561295516044","","","","","","","700-0907","岡山県岡山市北区下石井二丁目10-25","","","","","","","","","","","","","","","5260001009274","","","",""
"有限会社ウェブサービス","7508690907028","","","","","","","102-0073","東京都千代田区九段北一丁目13-1","","","","","","","","","","","","","","","5011202012133","","","",""
"ウェブショップジャパン株式会社","1838417827077","","","","","","","563-0043","大阪府池田市神田四丁目27-1 2F","","","","","","","","","","","","","","","5120901035409","","","",""
"有限会社ウェブトレジャー","1449113787652","","","","","","","615-0913","京都府京都市右京区梅津南上田町47-1","","","","","","","","","","","","","","","8010502022252","","","",""
"株式会社ウェブネーション","2260261622392","","","","","","","460-0002","愛知県名古屋市中区丸の内二丁目12-26 丸の内セントラルビル5F","","","","","","","","","","","","","","","2180001105547","","","",""
"株式会社ＷＥＢプロモーション","5704706848729","","","","","","","810-0073","福岡県福岡市中央区舞鶴二丁目4-13","","","","","","","","","","","","","","","9290001070501","","","",""
"株式会社ウェブベンダー","2888832638731","","","","","","","403-0022","山梨県南都留郡西桂町小沼283-1","","","","","","","","","","","","","","","4090001010746","","","",""
"Ｗｅｐｅｘ株式会社","4309261637767","","","","","","","653-0039","兵庫県神戸市長田区日吉町四丁目1-4 3F","","","","","","","","","","","","","","","5140001123038","","","",""
"株式会社ウェルグルーヴ","1590634880026","","","","","","","116-0003","東京都荒川区南千住四丁目9-7 808","","","","","","","","","","","","","","","9011501015709","","","",""
"ウェルケア株式会社","8670961688360","","","","","","","150-0013","東京都渋谷区恵比寿二丁目28-10","","","","","","","","","","","","","","","3120001180462","","","",""
"株式会社ウエルネス・ラボ","7031191682368","","","","","","","231-0015","神奈川県横浜市中区尾上町一丁目4-1 関内STビル3F","","","","","","","","","","","","","","","7020001091385","","","",""
"株式会社ウェルファーマ","9470505448195","","","","","","","140-0013","東京都品川区南大井五丁目26-12 JSCビル1F","","","","","","","","","","","","","","","1011001122112","","","",""
"株式会社ウェルリッチ","4849788817458","","","","","","","170-0005","東京都豊島区南大塚二丁目38-1","","","","","","","","","","","","","","","1030001057936","","","",""
"株式会社ウォーター・インスティーチュート","2639829835743","","","","","","","653-0037","兵庫県神戸市長田区大橋町五丁目3-1 アスタプラザイースト407","","","","","","","","","","","","","","","8140001030231","","","",""
"株式会社Ｗａｔｅｒ　Ｓｅｒｖｅｒ","9039843466520","","","","","","","542-0081","大阪府大阪市中央区南船場二丁目4-20 大阪福谷ビル3F","","","","","","","","","","","","","","","6120001224076","","","",""
"ウォーターワンスタッフ株式会社","3633215533822","","","","","","","640-8203","和歌山県和歌山市東蔵前丁4 ファーストビル6F","","","","","","","","","","","","","","","8020001057674","","","",""
"有限会社ウオッチミーインターナショナル","1349500168842","","","","","","","542-0081","大阪府大阪市中央区南船場二丁目7-26 シンセイビル5F","","","","","","","","","","","","","","","4120002065083","","","",""
"合同会社ウォームフィール","4390371278683","","","","","","","662-0934","兵庫県西宮市西宮浜四丁目12-45","","","","","","","","","","","","","","","2140003010609","","","",""
"ＷＯＯＲＥＬＬ株式会社","8285606129296","","","","","","","107-0061","東京都港区北青山三丁目8-3 厚生科学研究所ビル3F","","","","","","","","","","","","","","","5010401106282","","","",""
"株式会社ウォンツ・ビー","2498594489956","","","","","","","916-0081","福井県鯖江市石田下町12-11-1","","","","","","","","","","","","","","","1210001014670","","","",""
"ｗａｎｔ．ｊｐ株式会社","2599216044759","","","","","","","106-0032","東京都港区六本木三丁目2-1 住友不動産六本木グランドタワー37F","","","","","","","","","","","","","","","5011003008479","","","",""
"羽綺株式会社","2852446180428","","","","","","","674-0058","兵庫県明石市大久保町駅前二丁目8-17","","","","","","","","","","","","","","","5140001093413","","","",""
"うきはの宝株式会社","4210163186809","","","","","","","839-1415","福岡県うきは市浮羽町妹川4333-1","","","","","","","","","","","","","","","3290001086734","","","",""
"株式会社ＵＳＡＧＩ","6908995130144","","","","","","","542-0083","大阪府大阪市中央区東心斎橋一丁目17-1","","","","","","","","","","","","","","","3120001198629","","","",""
"株式会社ウサギオンライン","1285037313023","","","","","","","102-0083","東京都千代田区麴町五丁目7-2 MFPR麹町ビル6F","","","","","","","","","","","","","","","9011001093908","","","",""
"株式会社宇佐シヨツピングセンター","5646649025776","","","","","","","781-1161","高知県土佐市宇佐町宇佐1689-5","","","","","","","","","","","","","","","4490001005433","","","",""
"うしおだ株式会社","8879614871357","","","","","","","308-0854","茨城県筑西市女方787-32","","","","","","","","","","","","","","","8050001039513","","","",""
"株式会社宇治田原製茶場","1005677584022","","","","","","","610-0255","京都府綴喜郡宇治田原町大字郷之口紫坊4-1","","","","","","","","","","","","","","","4130001037883","","","",""
"株式会社ウスモト","8451978677989","","","","","","","950-3134","新潟県新潟市北区新崎一丁目12-29","","","","","","","","","","","","","","","4110001028934","","","",""
"株式会社うだつ","8199203930269","","","","","","","224-0056","神奈川県横浜市都筑区川和台32-10","","","","","","","","","","","","","","","9020001059224","","","",""
"有限会社内田商会","6333271324621","","","","","","","356-0044","埼玉県ふじみ野市西鶴ケ岡1748-10","","","","","","","","","","","","","","","5030002076394","","","",""
"うちでのこづち地域創造株式会社","9271459144275","","","","","","","028-1121","岩手県上閉伊郡大槌町小鎚第一地割29","","","","","","","","","","","","","","","1400001012993","","","",""
"株式会社ＵＴＵＫＵＳＩ","9867387957056","","","","","","","151-0051","東京都渋谷区千駄ケ谷五丁目25-7","","","","","","","","","","","","","","","5030001129806","","","",""
"ＷＯＯＤＢＬＯＣＫ株式会社","8442101312827","","","","","","","358-0054","埼玉県入間市大字野田290-1 ベルメゾン元加治ヒルズ408","","","","","","","","","","","","","","","5011001153979","","","",""
"株式会社ウッドワークス","6206368103007","","","","","","","019-0514","秋田県横手市十文字町睦合中谷地402","","","","","","","","","","","","","","","6410001011222","","","",""
"合同会社ウツワトエツケ","1815002165221","","","","","","","111-0053","東京都台東区浅草橋二丁目2-10 B1F","","","","","","","","","","","","","","","6011003011746","","","",""
"有限会社宇野薫商店","6422012822290","","","","","","","238-0017","神奈川県横須賀市上町一丁目39","","","","","","","","","","","","","","","5020002078441","","","",""
"株式会社Ｕ‐ＭＡ","9056899233400","","","","","","","577-0826","大阪府東大阪市大蓮北四丁目8-25","","","","","","","","","","","","","","","8120001196082","","","",""
"株式会社ウーマ","4016852723254","","","","","","","113-0033","東京都文京区本郷七丁目2-2 2F","","","","","","","","","","","","","","","2010001167249","","","",""
"馬一商店株式会社","4577211417711","","","","","","","063-0012","北海道札幌市西区福井一丁目8-36","","","","","","","","","","","","","","","6430001064433","","","",""
"株式会社うまみ","9429988126457","","","","","","","812-0018","福岡県福岡市博多区住吉五丁目1-3 椿乃華ビル3F","","","","","","","","","","","","","","","7290001067235","","","",""
"ＵＭＡＭＩ　ＵＮＩＴＥＤ　ＪＡＰＡＮ株式会社","7546082155801","","","","","","","150-0043","東京都渋谷区道玄坂一丁目16-16 リードシー渋谷道玄坂5F","","","","","","","","","","","","","","","9010501048561","","","",""
"驛株式会社","3521167329611","","","","","","","105-0001","東京都港区虎ノ門一丁目13-5 VORT虎ノ門II","","","","","","","","","","","","","","","8030001132542","","","",""
"株式会社ウーマンジャパン","9571495741867","","","","","","","101-0063","東京都千代田区神田淡路町二丁目3-12 安和淡路町ビル6F","","","","","","","","","","","","","","","6010001135920","","","",""
"ウミテコ株式会社","2591944165420","","","","","","","151-0053","東京都渋谷区代々木二丁目16-14","","","","","","","","","","","","","","","7011001105391","","","",""
"株式会社梅川","5856173874025","","","","","","","999-7781","山形県東田川郡庄内町余目三人谷地4","","","","","","","","","","","","","","","6390001014855","","","",""
"株式会社梅木商店","8579616840016","","","","","","","705-0033","岡山県備前市穂浪3048","","","","","","","","","","","","","","","4260001021486","","","",""
"株式会社梅春いちや","2672216427761","","","","","","","123-0851","東京都足立区梅田四丁目14-8","","","","","","","","","","","","","","","2011801030158","","","",""
"株式会社うめひかり","7249010626988","","","","","","","645-0022","和歌山県日高郡みなべ町晩稲505-1","","","","","","","","","","","","","","","8170001015725","","","",""
"株式会社浦本","8539279583774","","","","","","","859-3215","長崎県佐世保市早岐三丁目1-9","","","","","","","","","","","","","","","7310001007378","","","",""
"株式会社うるおいをプラス","1705537381759","","","","","","","432-8031","静岡県浜松市中央区平田町108 平田ホワイトビル3F","","","","","","","","","","","","","","","1080401021883","","","",""
"株式会社Ｗｏｌｆ＆ｃｏ．","7929281119295","","","","","","","213-0031","神奈川県川崎市高津区宇奈根727-14 石塚第2ビル2F","","","","","","","","","","","","","","","3010901035099","","","",""
"ウンログ株式会社","3346613556833","","","","","","","151-0061","東京都渋谷区初台一丁目51-1 初台センタービル9F","","","","","","","","","","","","","","","9011003004706","","","",""
"ヴァインツリー株式会社","2250404150864","","","","","","","103-0003","東京都中央区日本橋横山町9-7 カラム1401","","","","","","","","","","","","","","","1010001188122","","","",""
"株式会社ヴァジックジャパン","5323727157282","","","","","","","107-0062","東京都港区南青山五丁目2-15 ヴィオレ南青山1F","","","","","","","","","","","","","","","9010601052959","","","",""
"株式会社ｖａｎｉｔｙＭＥ．","6143210645787","","","","","","","541-0058","大阪府大阪市中央区南久宝寺町二丁目1-1 リブラ南久宝寺町1号館6F","","","","","","","","","","","","","","","4120001190774","","","",""
"有限会社ヴァリス","9547934909417","","","","","","","174-0073","東京都板橋区東山町14-1","","","","","","","","","","","","","","","6011402017955","","","",""
"株式会社ヴァリダックス","2541015908462","","","","","","","464-0850","愛知県名古屋市千種区今池五丁目1-5","","","","","","","","","","","","","","","6180001042299","","","",""
"株式会社ヴァンクールコーポレーション","9080850204154","","","","","","","060-0005","北海道札幌市中央区北五条西十三丁目1-116","","","","","","","","","","","","","","","9430001034144","","","",""
"株式会社Ｖｉａｌｅ","3033080816841","","","","","","","150-0043","東京都渋谷区道玄坂一丁目15-3 711","","","","","","","","","","","","","","","8010901040219","","","",""
"ＶＩＶＩＡ　ＪＡＰＡＮ株式会社","8400229128848","","","","","","","150-0013","東京都渋谷区恵比寿四丁目20-4 恵比寿ガーデンプレイスグラススクエアB1F","","","","","","","","","","","","","","","4040001088498","","","",""
"ヴィヴィッド株式会社","7364586808163","","","","","","","198-0031","東京都青梅市師岡町一丁目113-18","","","","","","","","","","","","","","","6013101006553","","","",""
"株式会社Ｖｉｓａｌ","8704079515820","","","","","","","231-0027","神奈川県横浜市中区扇町一丁目1-25 キンガビル501","","","","","","","","","","","","","","","5020001148476","","","",""
"Ｖｉｓｔａｇｅ合同会社","4224915469989","","","","","","","611-0031","京都府宇治市広野町新成田100-164","","","","","","","","","","","","","","","4120003010204","","","",""
"ヴィータ販売株式会社","2469242078797","","","","","","","356-0005","埼玉県ふじみ野市西二丁目7-18","","","","","","","","","","","","","","","1030001057969","","","",""
"ヴィーナスレコード株式会社","5359247744606","","","","","","","250-0631","神奈川県足柄下郡箱根町仙石原1292-111","","","","","","","","","","","","","","","1010001072342","","","",""
"株式会社ヴィレッジ・コミュニケーションズ","1580202099105","","","","","","","465-0002","愛知県名古屋市名東区引山三丁目108","","","","","","","","","","","","","","","6180001058163","","","",""
"株式会社ヴェルサーレ","8588482043096","","","","","","","460-0003","愛知県名古屋市中区錦三丁目2-23","","","","","","","","","","","","","","","4180001123737","","","",""
"株式会社ＶＥＮＤ","6073809719558","","","","","","","524-0104","滋賀県守山市木浜町3600-21","","","","","","","","","","","","","","","8160001019272","","","",""
"株式会社ｖｏｙａｇｅ","8194600608279","","","","","","","160-0022","東京都新宿区新宿二丁目12-4 アコード新宿ビル4F","","","","","","","","","","","","","","","8011101068843","","","",""
"株式会社Ａ","9245179886338","","","","","","","150-0002","東京都渋谷区渋谷二丁目6-11 花門ビル3F","","","","","","","","","","","","","","","1011001137523","","","",""
"エアコンスーパー株式会社","6013682171926","","","","","","","339-0076","埼玉県さいたま市岩槻区大字平林寺641-3","","","","","","","","","","","","","","","5030001113058","","","",""
"株式会社エアコン名人","1237519933243","","","","","","","272-0802","千葉県市川市柏井町三丁目625-5","","","","","","","","","","","","","","","1060001027192","","","",""
"株式会社ＡＩＲＳＴＡＧＥ","4219213531201","","","","","","","088-3212","北海道川上郡弟子屈町泉二丁目9-1","","","","","","","","","","","","","","","2460001003994","","","",""
"株式会社Ａｒｃ　Ｔｒａｄｅ　Ｊａｐａｎ","7502605488852","","","","","","","890-0082","鹿児島県鹿児島市紫原五丁目18-8","","","","","","","","","","","","","","","9340001018692","","","",""
"エーアールシーブレージング株式会社","4724061082032","","","","","","","417-0002","静岡県富士市依田橋239-3","","","","","","","","","","","","","","","9080101015419","","","",""
"株式会社エー・アンド・イー","2924126115908","","","","","","","103-0004","東京都中央区東日本橋二丁目2-6 REI東日本橋ビル5F","","","","","","","","","","","","","","","4010001145351","","","",""
"エイアイシー株式会社","9867663198376","","","","","","","231-0801","神奈川県横浜市中区新山下一丁目16-1","","","","","","","","","","","","","","","8021001040018","","","",""
"株式会社Ａ＆Ｍ","3702030120531","","","","","","","176-0003","東京都練馬区羽沢二丁目1-6 102","","","","","","","","","","","","","","","3011601018022","","","",""
"株式会社贏瀛国際商事","8755092325665","","","","","","","771-1320","徳島県板野郡上板町神宅堂床72","","","","","","","","","","","","","","","1480001009438","","","",""
"株式会社ＡＨ　Ｐｒｏｄｕｃｔｓ","9668672486744","","","","","","","153-0063","東京都目黒区目黒一丁目4-16 目黒Gビル7Fセルオフィス内","","","","","","","","","","","","","","","3011001096560","","","",""
"有限会社エイエムシー","2887195155027","","","","","","","847-0812","佐賀県唐津市平野町1603-2","","","","","","","","","","","","","","","1300002011162","","","",""
"エイキ総合株式会社","1401874588595","","","","","","","834-0121","福岡県八女郡広川町大字広川414","","","","","","","","","","","","","","","7290001079965","","","",""
"株式会社エイキューブ・インターナショナル","3800782053445","","","","","","","105-0012","東京都港区芝大門一丁目10-11","","","","","","","","","","","","","","","6010401124151","","","",""
"株式会社ＡＫＫ","5994489305530","","","","","","","536-0003","大阪府大阪市城東区今福南二丁目9-20","","","","","","","","","","","","","","","8120001175004","","","",""
"株式会社エイコー","5550324491310","","","","","","","349-0115","埼玉県蓮田市蓮田五丁目37","","","","","","","","","","","","","","","7030002042551","","","",""
"株式会社エイコー食品","8598874068815","","","","","","","571-0077","大阪府門真市大橋町26-23","","","","","","","","","","","","","","","5120001160116","","","",""
"エイシンク合同会社","5423729286252","","","","","","","420-0858","静岡県静岡市葵区伝馬町1-2","","","","","","","","","","","","","","","2080003002546","","","",""
"株式会社ＨＲＣ","2342499070865","","","","","","","171-0033","東京都豊島区高田三丁目14-29 KDX高田馬場ビル5階","","","","","","","","","","","","","","","4011101074754","","","",""
"ＨＲＪ株式会社","9934592637701","","","","","","","262-0019","千葉県千葉市花見川区朝日ケ丘四丁目37-21","","","","","","","","","","","","","","","1040001095324","","","",""
"株式会社Ｈ＆Ｍ","4258868378219","","","","","","","252-0015","神奈川県座間市南栗原五丁目8-12","","","","","","","","","","","","","","","9021001055444","","","",""
"株式会社エイチ・エス・アイ","2728365610348","","","","","","","004-0865","北海道札幌市清田区北野五条三丁目17-10","","","","","","","","","","","","","","","2430001031635","","","",""
"エイチ・エス・コミュニケーションズ株式会社","9834577327980","","","","","","","160-0022","東京都新宿区新宿一丁目34-5 VERDEVISTA新宿御苑2階","","","","","","","","","","","","","","","1011101056144","","","",""
"株式会社ＨＳマリン","5771954523111","","","","","","","239-0824","神奈川県横須賀市西浦賀四丁目11-5 ヴェラシスマリーナサービスヤード2F","","","","","","","","","","","","","","","1021001053083","","","",""
"株式会社ＨＭＧ","1585689887851","","","","","","","170-0013","東京都豊島区東池袋四丁目32-15 303号","","","","","","","","","","","","","","","5430001073468","","","",""
"株式会社ＨＭ　Ｄｉｒｅｃｔｉｏｎ","8040875056232","","","","","","","697-0062","島根県浜田市熱田町1005-1","","","","","","","","","","","","","","","1280001007370","","","",""
"株式会社Ｈ．Ｌ．Ｎ．Ａ","7493257736324","","","","","","","150-0001","東京都渋谷区神宮前三丁目31-17 ビラローザ8F","","","","","","","","","","","","","","","9011001064479","","","",""
"株式会社エイチ・ゲート","4554092631919","","","","","","","904-0313","沖縄県中頭郡読谷村字大湾431","","","","","","","","","","","","","","","5011001107415","","","",""
"株式会社エイチツーオー","7201383046943","","","","","","","300-0810","茨城県土浦市永国台2-79","","","","","","","","","","","","","","","1050001039858","","","",""
"合同会社エイチツーオー","6595621576171","","","","","","","612-8106","京都府京都市伏見区豊後橋町95-1","","","","","","","","","","","","","","","8130003003657","","","",""
"株式会社エイチームコマーステック","5852228377662","","","","","","","450-0002","愛知県名古屋市中村区名駅三丁目28-12 大名古屋ビルヂング32F","","","","","","","","","","","","","","","4180001145863","","","",""
"株式会社ＨＭｏｒｅ","3878855237165","","","","","","","071-1211","北海道上川郡鷹栖町北一条二丁目1-17","","","","","","","","","","","","","","","7430001070760","","","",""
"株式会社エイツ","4189320198407","","","","","","","150-0041","東京都渋谷区神南一丁目14-7 ワイズ神南ビル2F","","","","","","","","","","","","","","","4011001104322","","","",""
"Ｅｉｇｈｔｙ　Ｄａｙｓ株式会社","7121660960808","","","","","","","141-0022","東京都品川区東五反田五丁目28-1","","","","","","","","","","","","","","","8010701033257","","","",""
"８合同会社","1340346120383","","","","","","","460-0012","愛知県名古屋市中区千代田二丁目3-4 千代田ビル2階","","","","","","","","","","","","","","","8180003021209","","","",""
"株式会社ｅｉｇｈｔ","4953831505333","","","","","","","100-0013","東京都千代田区霞が関三丁目2-6 東京倶楽部ビルディング8階","","","","","","","","","","","","","","","3010001150583","","","",""
"Ｅｉｇｈｔ株式会社","9399630731309","","","","","","","664-0028","兵庫県伊丹市西野三丁目207","","","","","","","","","","","","","","","1140001107259","","","",""
"株式会社エイト","6803366414203","","","","","","","371-0044","群馬県前橋市荒牧町三丁目20-38","","","","","","","","","","","","","","","2070001029732","","","",""
"合同会社エイトカラーズ","3122760059457","","","","","","","107-0062","東京都港区南青山五丁目17-2 5F表参道プラザ","","","","","","","","","","","","","","","7011803003504","","","",""
"株式会社エイト・ボアー","2301298560890","","","","","","","661-0001","兵庫県尼崎市塚口本町六丁目15-8","","","","","","","","","","","","","","","6140001100580","","","",""
"ｅｉｇｈｔｌｏｏｐ株式会社","9046326136759","","","","","","","556-0001","大阪府大阪市浪速区下寺二丁目6-13","","","","","","","","","","","","","","","2120001166025","","","",""
"エイノバ株式会社","1959459675692","","","","","","","102-0083","東京都千代田区麴町三丁目6 住友不動産麹町ビル3号館5階","","","","","","","","","","","","","","","5010001207968","","","",""
"株式会社永福町大勝軒","3415654065650","","","","","","","168-0063","東京都杉並区和泉三丁目5-3","","","","","","","","","","","","","","","8011301018706","","","",""
"栄友株式会社","8395601555706","","","","","","","104-0031","東京都中央区京橋二丁目1-1","","","","","","","","","","","","","","","6010001097806","","","",""
"株式会社栄陽","1214623786106","","","","","","","531-0074","大阪府大阪市北区本庄東二丁目5-24","","","","","","","","","","","","","","","1120001188920","","","",""
"株式会社Ａ－ＹＯ商事","1528503718871","","","","","","","332-0017","埼玉県川口市栄町三丁目10-3 みどりビルディング3階","","","","","","","","","","","","","","","1030001083081","","","",""
"株式会社エイ・ワン","8704485163645","","","","","","","448-0007","愛知県刈谷市東境町焼田2-9","","","","","","","","","","","","","","","4180301016888","","","",""
"株式会社エーウィル","9039245148959","","","","","","","637-0093","奈良県五條市田園三丁目21-1","","","","","","","","","","","","","","","3150002011110","","","",""
"エヴァーフォレスト合同会社","2812451963506","","","","","","","107-0062","東京都港区南青山一丁目17-6","","","","","","","","","","","","","","","2010403018917","","","",""
"ＡＨＪ東亜未来株式会社","5484087649833","","","","","","","669-1103","兵庫県西宮市生瀬東町33-4","","","","","","","","","","","","","","","5140001090006","","","",""
"株式会社ＡＨＢＣ","9852727233268","","","","","","","550-0015","大阪府大阪市西区南堀江三丁目12-17 4F","","","","","","","","","","","","","","","1120001212903","","","",""
"株式会社ＡＳＪコマース","2758099751332","","","","","","","333-0802","埼玉県川口市戸塚東二丁目20-23","","","","","","","","","","","","","","","9030001081268","","","",""
"株式会社ＡＳＤ","4842271594486","","","","","","","675-0015","兵庫県加古川市野口町坂井157-8","","","","","","","","","","","","","","","7140001132004","","","",""
"株式会社エーエムアールジャパン","4877163100405","","","","","","","503-0807","岐阜県大垣市今宿六丁目52-16","","","","","","","","","","","","","","","5200001034591","","","",""
"株式会社ＡＭＳ","8151928909453","","","","","","","920-0061","石川県金沢市問屋町二丁目99","","","","","","","","","","","","","","","9220001022509","","","",""
"エーエム情報システム株式会社","3658147636608","","","","","","","779-3302","徳島県吉野川市川島町山田釿原132-3","","","","","","","","","","","","","","","1480001008175","","","",""
"有限会社エーエムピー","6970064022065","","","","","","","900-0002","沖縄県那覇市曙二丁目23-27","","","","","","","","","","","","","","","6360002018619","","","",""
"株式会社えがお","5426544061500","","","","","","","862-0901","熊本県熊本市東区東町四丁目10-1","","","","","","","","","","","","","","","6330001004977","","","",""
"エガオプラス株式会社","1537073485380","","","","","","","537-0025","大阪府大阪市東成区中道二丁目12-11","","","","","","","","","","","","","","","4120001133378","","","",""
"合同会社ｅｘｉｃｏａｓｔ","6139493206656","","","","","","","510-0064","三重県四日市市新正三丁目19-18","","","","","","","","","","","","","","","7190003002431","","","",""
"エーキューブ合同会社","3536612170022","","","","","","","540-0011","大阪府大阪市中央区農人橋二丁目1-31 第6松屋ビル","","","","","","","","","","","","","","","8120003009779","","","",""
"Ｅｋｕｉｐｐ株式会社","6561311303195","","","","","","","144-0051","東京都大田区西蒲田六丁目32-11","","","","","","","","","","","","","","","3012301011325","","","",""
"株式会社エクシート","6136732371096","","","","","","","859-4769","長崎県松浦市御厨町西木場免268-3","","","","","","","","","","","","","","","5310001011539","","","",""
"株式会社エクシードエンタテイメント","6474208610374","","","","","","","179-0085","東京都練馬区早宮三丁目8-20","","","","","","","","","","","","","","","9011601001360","","","",""
"エクシール株式会社","1260591331697","","","","","","","158-0091","東京都世田谷区中町三丁目22-14","","","","","","","","","","","","","","","3010001056319","","","",""
"株式会社エクスショップ","6483407619837","","","","","","","658-0032","兵庫県神戸市東灘区向洋町中六丁目9","","","","","","","","","","","","","","","5140001097538","","","",""
"株式会社Ｅｘｔａｇｅ","4050111411079","","","","","","","542-0081","大阪府大阪市中央区南船場三丁目6-10","","","","","","","","","","","","","","","2120003010750","","","",""
"株式会社エクストリーム","2702918942396","","","","","","","213-0035","神奈川県川崎市高津区向ケ丘162-5","","","","","","","","","","","","","","","9020001080188","","","",""
"株式会社エクスフィール","1481341120784","","","","","","","106-0046","東京都港区元麻布三丁目4-29 4F","","","","","","","","","","","","","","","9040001022411","","","",""
"株式会社エクスフィールド","1322186894423","","","","","","","461-0005","愛知県名古屋市東区東桜二丁目4-1 第3コジマビル5F","","","","","","","","","","","","","","","6180001064913","","","",""
"エクスプライス株式会社","2381374389918","","","","","","","130-0022","東京都墨田区江東橋四丁目26-5 東京トラフィック錦糸町ビル6階","","","","","","","","","","","","","","","5010401136676","","","",""
"株式会社Ｅｘｈａｌｅ　Ｂｏｄｙ","2009394336712","","","","","","","593-8328","大阪府堺市西区鳳北町十丁25-102","","","","","","","","","","","","","","","8120101023491","","","",""
"株式会社エクセレント","3312309386804","","","","","","","857-1162","長崎県佐世保市卸本町29-16","","","","","","","","","","","","","","","7310001007709","","","",""
"エクープ株式会社","5087808515530","","","","","","","104-0061","東京都中央区銀座一丁目22-11 銀座大竹ビジデンス2F","","","","","","","","","","","","","","","2010003033283","","","",""
"株式会社ＥＱＲＥＡ","7552182415296","","","","","","","104-0061","東京都中央区銀座一丁目22-11 銀座大竹ビジデンス2F","","","","","","","","","","","","","","","5011001123734","","","",""
"合資会社エーケイインターナショナル","5202643993082","","","","","","","243-0433","神奈川県海老名市河原口876-1","","","","","","","","","","","","","","","9021003002048","","","",""
"株式会社ＡＫＳＳ","8498745251791","","","","","","","463-0011","愛知県名古屋市守山区小幡四丁目9-7","","","","","","","","","","","","","","","2180001120769","","","",""
"株式会社ＡＫ　Ｓｍｉｌｅ　Ｌａｂｏｒａｔｏｒｙ","6811637806315","","","","","","","330-0854","埼玉県さいたま市大宮区桜木町一丁目9-18 MIO大宮","","","","","","","","","","","","","","","3011101061258","","","",""
"慧光株式会社","5130000851899","","","","","","","334-0063","埼玉県川口市大字東本郷1385-1","","","","","","","","","","","","","","","8010801021145","","","",""
"エコウ商事株式会社","3406966198900","","","","","","","334-0063","埼玉県川口市大字東本郷1385-1 三階","","","","","","","","","","","","","","","2010801023155","","","",""
"株式会社エコジョーカー","9878325638255","","","","","","","165-0033","東京都中野区若宮一丁目55-13","","","","","","","","","","","","","","","1011201020850","","","",""
"有限会社エコスタイル","1938544354545","","","","","","","491-0000","愛知県一宮市奥町36-6","","","","","","","","","","","","","","","2180002081548","","","",""
"株式会社ＥＣＯＴＯＫＵ","6652396592033","","","","","","","150-0001","東京都渋谷区神宮前六丁目19-21 井門神宮前六丁目ビル6F","","","","","","","","","","","","","","","2010401107325","","","",""
"合同会社エコパラダイス","5261959820698","","","","","","","673-0521","兵庫県三木市志染町青山一丁目11-16","","","","","","","","","","","","","","","1140003011137","","","",""
"ｅｃｏ　ｆｕｔｕｒｅ株式会社","7126497233364","","","","","","","287-0242","千葉県成田市多良貝245-2803","","","","","","","","","","","","","","","6040001077862","","","",""
"株式会社エコムプロダクト","5681474567371","","","","","","","510-1323","三重県三重郡菰野町大字小島4059","","","","","","","","","","","","","","","7190001026564","","","",""
"株式会社エコライフ","7696008890381","","","","","","","812-0013","福岡県福岡市博多区博多駅東一丁目9-11 8階","","","","","","","","","","","","","","","2290001006073","","","",""
"株式会社エコランドワールドミュージアム","2925060254055","","","","","","","460-0007","愛知県名古屋市中区新栄二丁目2-1 INOFICE・1F","","","","","","","","","","","","","","","3180001118770","","","",""
"株式会社エコリングＣＳ","6274718753763","","","","","","","561-0831","大阪府豊中市庄内東町二丁目1-2 HeaRthOneBLDG5階","","","","","","","","","","","","","","","8140001131343","","","",""
"エコワン株式会社","5733780582229","","","","","","","225-0002","神奈川県横浜市青葉区美しが丘二丁目14-5 リーフ美しが丘ビル3階","","","","","","","","","","","","","","","8020001060018","","","",""
"江坂貿易株式会社","5089131853115","","","","","","","170-0003","東京都豊島区駒込二丁目3-3","","","","","","","","","","","","","","","6180001117118","","","",""
"株式会社Ａ．Ｃ．Ｉ．","2861892340564","","","","","","","500-8286","岐阜県岐阜市西鶉二丁目35-2","","","","","","","","","","","","","","","9200001008518","","","",""
"株式会社ＡＪＪ","3281479146331","","","","","","","248-0015","神奈川県鎌倉市笹目町5-5","","","","","","","","","","","","","","","4021001062057","","","",""
"有限会社エージーコーポレーション","9949179811774","","","","","","","536-0016","大阪府大阪市城東区蒲生一丁目8-37","","","","","","","","","","","","","","","2120002046804","","","",""
"株式会社江島","8104338917997","","","","","","","258-0003","神奈川県足柄上郡松田町松田惣領1284","","","","","","","","","","","","","","","6021001033948","","","",""
"株式会社エース","4589528779769","","","","","","","162-0065","東京都新宿区住吉町2-18 ウィン四谷705","","","","","","","","","","","","","","","6010401084437","","","",""
"有限会社エスアイ","1997996616242","","","","","","","301-0017","茨城県龍ケ崎市姫宮町54","","","","","","","","","","","","","","","2050002033339","","","",""
"ＳＨトレーディング株式会社","2033962273314","","","","","","","110-0005","東京都台東区上野五丁目12-6 宝正ビル3F","","","","","","","","","","","","","","","8010501038191","","","",""
"株式会社ＳＡ商会","5884639995701","","","","","","","300-1622","茨城県北相馬郡利根町大字布川5834","","","","","","","","","","","","","","","9050001026452","","","",""
"株式会社Ｓ・Ｓ","3427371727238","","","","","","","101-0032","東京都千代田区岩本町一丁目13-5 SSスマートビル7階","","","","","","","","","","","","","","","9180001070693","","","",""
"株式会社ＳＳ　Ｃｏｍｐａｎｙ","1086231000720","","","","","","","107-0052","東京都港区赤坂八丁目3-12 AMSビル301","","","","","","","","","","","","","","","8010401157190","","","",""
"エスエヌエス有限会社","2818101883838","","","","","","","567-0861","大阪府茨木市東奈良三丁目9-15 アビタシオンF312号","","","","","","","","","","","","","","","4120902012820","","","",""
"株式会社ＳＦＧ","4285062821166","","","","","","","208-0032","東京都武蔵村山市三ツ木一丁目27-21","","","","","","","","","","","","","","","2013401007321","","","",""
"ＳＭＭＴ株式会社","7324841585342","","","","","","","150-0021","東京都渋谷区恵比寿西一丁目33-6 NOIE恵比寿西1F","","","","","","","","","","","","","","","7011001135645","","","",""
"株式会社エスエル","3846706843932","","","","","","","921-8023","石川県金沢市千日町5-15","","","","","","","","","","","","","","","7020001106333","","","",""
"Ｓ・Ｌ株式会社","2702014763694","","","","","","","501-6016","岐阜県羽島郡岐南町徳田五丁目81-1","","","","","","","","","","","","","","","6010001162881","","","",""
"ＳＬＳ株式会社","4090721623841","","","","","","","594-0076","大阪府和泉市肥子町二丁目3-31 201号","","","","","","","","","","","","","","","5120101057435","","","",""
"株式会社エスエルシー","9798554330830","","","","","","","984-0001","宮城県仙台市若林区鶴代町4-30","","","","","","","","","","","","","","","5370001021953","","","",""
"株式会社エスケーエイド","7516102415335","","","","","","","631-0004","奈良県奈良市登美ヶ丘三丁目2-10 コスモビル3F","","","","","","","","","","","","","","","1150001023892","","","",""
"ＳＫＬ株式会社","5475985078782","","","","","","","451-0052","愛知県名古屋市西区栄生一丁目7-10","","","","","","","","","","","","","","","7180001127660","","","",""
"有限会社エスケーシー","9953672272215","","","","","","","400-0047","山梨県甲府市徳行二丁目10-13","","","","","","","","","","","","","","","8090002005023","","","",""
"株式会社エスシー・カードビジネス","6610721114738","","","","","","","105-0004","東京都港区新橋一丁目8-4 SMBC新橋ビル","","","","","","","","","","","","","","","1010401004589","","","",""
"株式会社ＳＣＧ","8003074140090","","","","","","","730-0051","広島県広島市中区大手町五丁目14-10","","","","","","","","","","","","","","","4240001020770","","","",""
"株式会社エスジープランニング","8399844215602","","","","","","","064-0952","北海道札幌市中央区宮の森二条十一丁目6-33","","","","","","","","","","","","","","","8430001040424","","","",""
"株式会社エスゼット","1197426535160","","","","","","","343-0106","埼玉県北葛飾郡松伏町大字大川戸2335-2","","","","","","","","","","","","","","","8030001109094","","","",""
"Ａ‐ｓｔｙｌｅ株式会社","1417553849910","","","","","","","410-0004","静岡県沼津市本田町3-17","","","","","","","","","","","","","","","6080101019629","","","",""
"株式会社エスタスプロパティ","6428206181148","","","","","","","550-0011","大阪府大阪市西区阿波座一丁目11-19 新興ビル6F","","","","","","","","","","","","","","","1120001189448","","","",""
"ＳＴＨ株式会社","9210883660785","","","","","","","561-0885","大阪府豊中市岡町9-6 GS岡町304","","","","","","","","","","","","","","","9120901036535","","","",""
"株式会社エス・ティー・エンジン","2330225863730","","","","","","","183-0001","東京都府中市浅間町二丁目2-15","","","","","","","","","","","","","","","3012401022024","","","",""
"株式会社ＳＴＫ","7395358821634","","","","","","","108-0023","東京都港区芝浦四丁目16-14","","","","","","","","","","","","","","","6011001108511","","","",""
"エスティーシーアセット株式会社","9368054674397","","","","","","","700-0952","岡山県岡山市北区平田171-102","","","","","","","","","","","","","","","5260001002972","","","",""
"エスティームジャパン株式会社","7174870799481","","","","","","","133-0057","東京都江戸川区西小岩二丁目19-20","","","","","","","","","","","","","","","7011601024264","","","",""
"ＳＤＭ株式会社","3426811012972","","","","","","","810-0001","福岡県福岡市中央区天神三丁目16-15 サンヨービル4F","","","","","","","","","","","","","","","2290001068485","","","",""
"株式会社ＳＤクリエーション","2328959704608","","","","","","","102-0074","東京都千代田区九段南四丁目8-35 グリーンビル1F","","","","","","","","","","","","","","","8020001118880","","","",""
"株式会社ＳＤ　ＴＲＡＤＥ　ＪＡＰＡＮ","9525505781236","","","","","","","547-0025","大阪府大阪市平野区瓜破西三丁目5-3","","","","","","","","","","","","","","","2120001193597","","","",""
"株式会社ｅｓｔｏｗａ","9366852095705","","","","","","","036-0211","青森県平川市高木松元136-2","","","","","","","","","","","","","","","9420001013487","","","",""
"ＳＢＩバイオテック株式会社","2565291745898","","","","","","","106-0032","東京都港区六本木一丁目6-1 泉ガーデンタワー9F","","","","","","","","","","","","","","","2010401044056","","","",""
"ＳＢギフト株式会社","2776066330809","","","","","","","810-0065","福岡県福岡市中央区地行浜二丁目2-2","","","","","","","","","","","","","","","6290001031951","","","",""
"有限会社エスピーシー","8735554712992","","","","","","","490-1211","愛知県あま市篠田稲荷118","","","","","","","","","","","","","","","2180002092520","","","",""
"Ｓ－Ｂｒａｎｃｈ株式会社","4720511494941","","","","","","","400-0023","山梨県甲府市愛宕町335-17","","","","","","","","","","","","","","","1090001007282","","","",""
"株式会社エスプラス","2573462548501","","","","","","","223-0052","神奈川県横浜市港北区綱島東四丁目10-11","","","","","","","","","","","","","","","3020001086257","","","",""
"株式会社エスプリマ","7594636591853","","","","","","","541-0057","大阪府大阪市中央区北久宝寺町一丁目2-1","","","","","","","","","","","","","","","9120901017799","","","",""
"株式会社エスプリライン","9436050690838","","","","","","","350-1123","埼玉県川越市脇田本町15-21 KJ3ビル","","","","","","","","","","","","","","","4030001057149","","","",""
"株式会社ＳＵ","4264017318687","","","","","","","332-0001","埼玉県川口市朝日三丁目18-10","","","","","","","","","","","","","","","4030001143683","","","",""
"株式会社エスワイジャパン","6543588744156","","","","","","","101-0021","東京都千代田区外神田六丁目8-11 エ","","","","","","","","","","","","","","","7010001234787","","","",""
"株式会社エスワイリパブリツク","8910321001830","","","","","","","150-0033","東京都渋谷区猿楽町2-3","","","","","","","","","","","","","","","1010001038228","","","",""
"株式会社ＥＺＯ　ＣＲＥＡＴＥ","7055551487117","","","","","","","060-0001","北海道札幌市中央区北一条西七丁目3 北一条大和田ビル1F","","","","","","","","","","","","","","","2430001058926","","","",""
"エゾの杜株式会社","4188688175168","0","1","2026/04/20","0","","http://www.ezonomori.com","083-0090","北海道中川郡池田町字大通四丁目14","","","","卸売、小売","EC、通信販売","","","0 ～ 5","","50 ～ 100","2025/01","2016/03","2016/03","非公開","1460101005891","十勝,加工,鹿肉,大学","EC・ネット販売をしている企業,補助金受領企業,補助金受領企業経営基盤関連","Google Fonts,Google マップ,Sentry,Wix",""
"株式会社エタル商事","7337542541728","","","","","","","355-0814","埼玉県比企郡滑川町みなみ野一丁目12-5","","","","","","","","","","","","","","","3030001072314","","","",""
"越後情話株式会社","6550922920499","","","","","","","154-0003","東京都世田谷区野沢三丁目11-14","","","","","","","","","","","","","","","4010901052036","","","",""
"株式会社越後銘販","9943698724896","","","","","","","950-0953","新潟県新潟市中央区大島156-1","","","","","","","","","","","","","","","9110001003148","","","",""
"株式会社Ｅｃｈｉ－Ｚｅｎ","8977539612515","","","","","","","915-0061","福井県越前市堀川町3-1 105","","","","","","","","","","","","","","","5210001018230","","","",""
"株式会社ｅｘｄａｙｓ","3942933408541","","","","","","","160-0022","東京都新宿区新宿二丁目12-13 新宿アントレサロンビル2階","","","","","","","","","","","","","","","3010401139128","","","",""
"ＥＫＫＯ株式会社","4099723343616","","","","","","","110-0003","東京都台東区根岸三丁目6-15","","","","","","","","","","","","","","","9040001064949","","","",""
"株式会社エッジウェア","3306385371505","","","","","","","150-0036","東京都渋谷区南平台町2-6 101","","","","","","","","","","","","","","","4011401019871","","","",""
"株式会社エッチアンドジーキトウ","9580998524940","","","","","","","451-0072","愛知県名古屋市西区笠取町二丁目32-2","","","","","","","","","","","","","","","9180001023437","","","",""
"株式会社Ａ．Ｔ．","1941763047204","","","","","","","801-0873","福岡県北九州市門司区東門司一丁目12-13","","","","","","","","","","","","","","","4290801016162","","","",""
"株式会社ＡＴＫ","9474920886448","","","","","","","542-0085","大阪府大阪市中央区心斎橋筋二丁目2-15","","","","","","","","","","","","","","","9120001231895","","","",""
"ＡＴＧ＆Ｔ株式会社","8063757354580","","","","","","","153-0063","東京都目黒区目黒一丁目4-16 目黒Gビル7F","","","","","","","","","","","","","","","6011001124987","","","",""
"合同会社ＡＴＪ","9688681811097","","","","","","","284-0005","千葉県四街道市四街道1552-29","","","","","","","","","","","","","","","2040003008084","","","",""
"ＡＴマシナリー株式会社","7193906871441","","","","","","","243-0031","神奈川県厚木市戸室一丁目9-1","","","","","","","","","","","","","","","4021001070084","","","",""
"株式会社エーテルヴァイン","7626994567558","","","","","","","606-8332","京都府京都市左京区岡崎東天王町43-5","","","","","","","","","","","","","","","5130001036430","","","",""
"ＥＤＤＩＥ　ＨＩ株式会社","4343874828254","","","","","","","238-0008","神奈川県横須賀市大滝町二丁目6-3303","","","","","","","","","","","","","","","6021001057897","","","",""
"株式会社ＡｔｏＺ","3976450072408","","","","","","","619-0246","京都府相楽郡精華町大字菱田小字新池27 オプトビル102","","","","","","","","","","","","","","","5120001199170","","","",""
"株式会社江戸川ユニオン","6427149782352","","","","","","","134-0086","東京都江戸川区臨海町三丁目4-1","","","","","","","","","","","","","","","1011701009427","","","",""
"株式会社江戸ッ子","3666296968952","","","","","","","500-8301","岐阜県岐阜市浪花町一丁目13","","","","","","","","","","","","","","","6200001000634","","","",""
"株式会社エドムインクリメント","5678409659342","","","","","","","107-0062","東京都港区南青山二丁目22-2 クインビル4F","","","","","","","","","","","","","","","6011101040853","","","",""
"株式会社詠南","4547002833155","","","","","","","956-0112","新潟県新潟市秋葉区新保1223-1","","","","","","","","","","","","","","","1110001008872","","","",""
"有限会社エナレッジ","3974284035075","","","","","","","572-0074","大阪府寝屋川市池田中町2-21","","","","","","","","","","","","","","","9122002010766","","","",""
"合同会社エニクック","3219520565424","","","","","","","818-0011","福岡県筑紫野市大字阿志岐133-1","","","","","","","","","","","","","","","2290003005420","","","",""
"株式会社ＮＩＣ","1161929982359","","","","","","","103-0027","東京都中央区日本橋二丁目2-3 RISHEビルUCF402","","","","","","","","","","","","","","","2010001154379","","","",""
"株式会社Ｎ＆Ｋ","1977799904014","","","","","","","133-0073","東京都江戸川区鹿骨二丁目3-2","","","","","","","","","","","","","","","5011701013846","","","",""
"エヌ＆パートナーズ株式会社","5087636773251","","","","","","","611-0021","京都府宇治市宇治里尻81-18","","","","","","","","","","","","","","","5130001048244","","","",""
"ＮＥ株式会社","6350229328945","","","","","","","222-0033","神奈川県横浜市港北区新横浜三丁目2-3","","","","","","","","","","","","","","","2021001075886","","","",""
"株式会社ＮＥＷＳＳ","2975041323226","","","","","","","920-0000","石川県金沢市北塚町西443","","","","","","","","","","","","","","","2220001019429","","","",""
"エヌヴィジョン合同会社","2970770063774","","","","","","","732-0062","広島県広島市東区牛田早稲田四丁目10-20 706","","","","","","","","","","","","","","","5240003003574","","","",""
"株式会社Ｎ．Ａ","7377144345280","","","","","","","331-0823","埼玉県さいたま市北区日進町三丁目859 藤和シティコープ大宮宮原306","","","","","","","","","","","","","","","2500001019895","","","",""
"株式会社Ｎ‐Ａｇｅｎｔ","8090388208164","","","","","","","542-0066","大阪府大阪市中央区瓦屋町三丁目7-20","","","","","","","","","","","","","","","3260001031296","","","",""
"有限会社ＮＳＩ","8387027088496","","","","","","","003-0001","北海道札幌市白石区東札幌一条二丁目3-11 メディカルライフ札幌クリニックプラザ","","","","","","","","","","","","","","","8430002029417","","","",""
"株式会社エヌエム企画","8376214156434","","","","","","","285-0834","千葉県佐倉市吉見1255-1","","","","","","","","","","","","","","","6040001100228","","","",""
"株式会社エヌグループジャパン","2690371691598","","","","","","","290-0004","千葉県市原市辰巳台西一丁目3-19","","","","","","","","","","","","","","","8040001094435","","","",""
"株式会社ＮＫマインド","7488452984729","","","","","","","955-0845","新潟県三条市西本成寺43-5","","","","","","","","","","","","","","","3110001027342","","","",""
"ＮＣＲ株式会社","4253698962783","","","","","","","634-0078","奈良県橿原市八木町三丁目2-23","","","","","","","","","","","","","","","5150001012025","","","",""
"株式会社エヌ・シー・エス","9219552377237","","","","","","","123-0851","東京都足立区梅田八丁目14-2 626号","","","","","","","","","","","","","","","1010601041878","","","",""
"有限会社エヌシーサービス福山","3750215399777","","","","","","","721-0914","広島県福山市大谷台三丁目6-21","","","","","","","","","","","","","","","2240002038806","","","",""
"株式会社ＮＣＣ","6536052185330","","","","","","","171-0022","東京都豊島区南池袋三丁目18-35 OKビル301","","","","","","","","","","","","","","","1013301037114","","","",""
"株式会社Ｎ．ＳＨＩＦＴ","6628141653162","","","","","","","064-0806","北海道札幌市中央区南六条西四丁目4-3 LC壱番館3階","","","","","","","","","","","","","","","3430001082413","","","",""
"株式会社エヌ・スリー","5170696505361","","","","","","","143-0026","東京都大田区西馬込一丁目10-12 カースルビル1F","","","","","","","","","","","","","","","4013301035148","","","",""
"株式会社ＮＴＮ","8423502038495","","","","","","","150-0001","東京都渋谷区神宮前二丁目16-9 603号","","","","","","","","","","","","","","","3010601062955","","","",""
"エヌテック株式会社","2229902213289","","","","","","","065-0019","北海道札幌市東区北十九条東十九丁目4-20","","","","","","","","","","","","","","","5430001029404","","","",""
"ＮＴＥＣ株式会社","1264970658435","","","","","","","060-0906","北海道札幌市東区北六条東四丁目1-1 ライオンズ札幌イーストゲート401号","","","","","","","","","","","","","","","2430001034654","","","",""
"一般財団法人ＮＢＡバレエ団","2405489629911","","","","","","","359-1102","埼玉県所沢市岩岡町281-11","","","","","","","","","","","","","","","9030005019702","","","",""
"合同会社Ｎ－Ｂｏｒｄｅｒ","9786122385464","","","","","","","104-0061","東京都中央区銀座一丁目22-11 銀座大竹ビジデンス2階","","","","","","","","","","","","","","","1010003036312","","","",""
"エヌラインシステム株式会社","5424290868764","","","","","","","656-0511","兵庫県南あわじ市賀集八幡633","","","","","","","","","","","","","","","4140001086145","","","",""
"株式会社ＮＹグローバル","6884318571991","","","","","","","671-1331","兵庫県たつの市御津町岩見1277-1","","","","","","","","","","","","","","","2140001101129","","","",""
"株式会社Ｎ　ＯＮＥ","3294047290919","","","","","","","299-0107","千葉県市原市姉崎海岸42","","","","","","","","","","","","","","","2040001092015","","","",""
"株式会社エネック","8469118358126","","","","","","","124-0024","東京都葛飾区新小岩一丁目2-6","","","","","","","","","","","","","","","2011801024226","","","",""
"株式会社エネマグラ","4352978278214","","","","","","","573-0093","大阪府枚方市東中振一丁目7-13","","","","","","","","","","","","","","","2120001153287","","","",""
"有限会社えのもと玩具店","6840249450784","","","","","","","193-0844","東京都八王子市高尾町1529-3 榎本ビル1F","","","","","","","","","","","","","","","7010102001244","","","",""
"株式会社エノワ","7536887890218","","","","","","","569-0825","大阪府高槻市栄町一丁目2-9 713号","","","","","","","","","","","","","","","5120001188264","","","",""
"株式会社エバーシンク","8237056186000","","","","","","","530-0001","大阪府大阪市北区梅田一丁目1-3 大阪駅前第3ビル29階1-1-1号室","","","","","","","","","","","","","","","4120001188918","","","",""
"株式会社エバーブライト","2249307244947","","","","","","","146-0082","東京都大田区池上七丁目8-7 ベジタブル丸二102号","","","","","","","","","","","","","","","7240001047497","","","",""
"エーバンス株式会社","1837227696675","","","","","","","670-0876","兵庫県姫路市西八代町7-29","","","","","","","","","","","","","","","9140001111039","","","",""
"株式会社ＡＢＣファンライフ","2582942509730","","","","","","","553-0003","大阪府大阪市福島区福島二丁目4-3 ABCアネックス2F","","","","","","","","","","","","","","","9120001061806","","","",""
"株式会社エビス","5586567692859","","","","","","","161-0033","東京都新宿区下落合三丁目12-18","","","","","","","","","","","","","","","9011101027253","","","",""
"エビス漢方製薬株式会社","1267829603845","","","","","","","577-0012","大阪府東大阪市長田東三丁目2-43","","","","","","","","","","","","","","","3122001000988","","","",""
"有限会社エビス堂製菓","1575977588918","","","","","","","123-0844","東京都足立区興野二丁目3-15","","","","","","","","","","","","","","","6011802025228","","","",""
"Ａ．Ｐ．アドバイザリー株式会社","8666645813041","","","","","","","100-0005","東京都千代田区丸の内二丁目3-2","","","","","","","","","","","","","","","6010401078587","","","",""
"株式会社ＡＰＰ　ＴＥＬＥＣＯＭ","1385699514180","","","","","","","760-0008","香川県高松市中野町1-3","","","","","","","","","","","","","","","8470001011966","","","",""
"ＦＩＤ株式会社","8728495222417","","","","","","","578-0903","大阪府東大阪市今米一丁目9-6","","","","","","","","","","","","","","","6122001029100","","","",""
"株式会社Ｆｉｐｒｉｎ","4579181111242","","","","","","","286-0117","千葉県成田市三里塚光ケ丘1-429 B103","","","","","","","","","","","","","","","2010501030906","","","",""
"株式会社ｆｒａｐｐｏｒｔ","9607279598001","","","","","","","321-0962","栃木県宇都宮市今泉町29-1 203","","","","","","","","","","","","","","","5060001026975","","","",""
"ＦＶジャパン株式会社","6466586862065","","","","","","","170-0013","東京都豊島区東池袋三丁目1-1 サンシャイン60","","","","","","","","","","","","","","","5030001042653","","","",""
"有限会社エフェ","6857770528118","","","","","","","166-0001","東京都杉並区阿佐谷北二丁目15-16","","","","","","","","","","","","","","","9011302015321","","","",""
"株式会社ＦＳＣ","4913825005615","","","","","","","730-0844","広島県広島市中区舟入幸町7-1","","","","","","","","","","","","","","","3240001048004","","","",""
"株式会社Ｆ・Ｌ・Ｂ","9814008201387","","","","","","","520-2514","滋賀県蒲生郡竜王町大字橋本642","","","","","","","","","","","","","","","3160001019401","","","",""
"株式会社ＦＬＹ","1290535148259","","","","","","","336-0015","埼玉県さいたま市南区太田窪五丁目9-8","","","","","","","","","","","","","","","6010601041691","","","",""
"有限会社エフカンパニー","3433042234756","","","","","","","470-0364","愛知県豊田市加納町西大坪24-2","","","","","","","","","","","","","","","6180302021571","","","",""
"株式会社ＦＪ　ＣＲＡＦＴ","3071181400709","","","","","","","649-7207","和歌山県橋本市高野口町大野1844-99","","","","","","","","","","","","","","","9170001013793","","","",""
"株式会社エフジー武蔵","4860666734493","","","","","","","156-0041","東京都世田谷区大原二丁目17-6 B1","","","","","","","","","","","","","","","4010901001959","","","",""
"株式会社Ｆ　ｓｏｌｕｔｉｏｎ","5420722258772","","","","","","","193-0931","東京都八王子市台町四丁目36 A-107号ローズハイツ八王子","","","","","","","","","","","","","","","8010101011986","","","",""
"合同会社エフソリューション","7024876250244","","","","","","","345-0045","埼玉県北葛飾郡杉戸町高野台西六丁目1-15 ベリアス西六番街10号棟102","","","","","","","","","","","","","","","8030003017361","","","",""
"株式会社エフパワークリエイト","2135357399947","","","","","","","602-8377","京都府京都市上京区東竪町121-2","","","","","","","","","","","","","","","6130001027668","","","",""
"株式会社Ｆ・Ｂクリエイト","1219219153334","","","","","","","806-0067","福岡県北九州市八幡西区引野一丁目15-12","","","","","","","","","","","","","","","2290801012956","","","",""
"合同会社Ｆ．Ｖ．Ｃ","8021459968303","","","","","","","533-0033","大阪府大阪市東淀川区東中島一丁目20-12","","","","","","","","","","","","","","","5120003013932","","","",""
"株式会社笑福ブランド","4179673476761","","","","","","","542-0083","大阪府大阪市中央区東心斎橋一丁目17-19 Soie心斎橋","","","","","","","","","","","","","","","1120001254854","","","",""
"ＦＹカンパニー株式会社","3179768832568","","","","","","","160-0023","東京都新宿区西新宿三丁目11-20","","","","","","","","","","","","","","","5011201017827","","","",""
"株式会社エブリ","3127245741224","","","","","","","170-0013","東京都豊島区東池袋三丁目20-16","","","","","","","","","","","","","","","6030001111358","","","",""
"株式会社エブリバイト","1067225244952","","","","","","","812-0011","福岡県福岡市博多区博多駅前四丁目9-28 エヌケイビル502","","","","","","","","","","","","","","","4290001075018","","","",""
"株式会社Ａ－ＢＬＥＮＤ","6670991088019","","","","","","","182-0036","東京都調布市飛田給一丁目7-3","","","","","","","","","","","","","","","5012401032698","","","",""
"株式会社エベレストジャパン","1194426134341","","","","","","","160-0023","東京都新宿区西新宿六丁目15-1 セントラルパークタワー・ラ・トゥール新宿402号室","","","","","","","","","","","","","","","9011101094863","","","",""
"恵方源株式会社","2716624118500","","","","","","","242-0028","神奈川県大和市桜森二丁目16-24-1","","","","","","","","","","","","","","","8021001055775","","","",""
"株式会社ＥＶＯ","2228880547192","","","","","","","673-0013","兵庫県明石市和坂稲荷町50-10 101","","","","","","","","","","","","","","","2140001108405","","","",""
"株式会社ＥＭＭＡ","1072165897166","","","","","","","860-0812","熊本県熊本市中央区南熊本一丁目9-25 MRRくまもと207","","","","","","","","","","","","","","","8330001023711","","","",""
"株式会社エミナル","4295844336015","","","","","","","242-0029","神奈川県大和市上草柳二丁目10-22","","","","","","","","","","","","","","","1021001073189","","","",""
"株式会社エミネット","1058570664568","","","","","","","683-0004","鳥取県米子市上福原五丁目14-21","","","","","","","","","","","","","","","4270001004366","","","",""
"株式会社エミューズ","8853662633586","","","","","","","272-0143","千葉県市川市相之川一丁目26-5","","","","","","","","","","","","","","","8040001050330","","","",""
"株式会社ＭＩＦソフト","9478938854725","","","","","","","581-0019","大阪府八尾市南小阪合町三丁目4-4","","","","","","","","","","","","","","","9122001026887","","","",""
"株式会社Ｍ＆Ｓ","5690343170611","","","","","","","651-2116","兵庫県神戸市西区南別府一丁目14-14","","","","","","","","","","","","","","","6140001105431","","","",""
"株式会社エムアンドエム","9982129394661","","","","","","","107-0062","東京都港区南青山六丁目2-9 南青山KSビル3F","","","","","","","","","","","","","","","7010401094880","","","",""
"有限会社ｍ＆ｍ","5112720601765","","","","","","","381-0038","長野県長野市大字東和田592","","","","","","","","","","","","","","","5100002007838","","","",""
"株式会社エムアンドピー","1609182251009","","","","","","","121-0823","東京都足立区伊興三丁目14-1 109号","","","","","","","","","","","","","","","6011801030583","","","",""
"株式会社Ｍ・Ｈコーポレーション","2885109389780","","","","","","","904-0013","沖縄県沖縄市室川二丁目14-18 3F","","","","","","","","","","","","","","","6360001007556","","","",""
"株式会社エムエス　インターナショナル","6006123898897","","","","","","","562-0046","大阪府箕面市桜ケ丘四丁目15-17","","","","","","","","","","","","","","","6120901027330","","","",""
"株式会社Ｍ・Ｓ・Ｃグループ","6795106369636","","","","","","","263-0005","千葉県千葉市稲毛区長沼町254-25 1F","","","","","","","","","","","","","","","9040001015596","","","",""
"株式会社ＭＳＪ","6388477822996","","","","","","","252-0158","神奈川県相模原市緑区又野620-8","","","","","","","","","","","","","","","5021001057592","","","",""
"株式会社エム・エス・ティ","8665239330371","","","","","","","596-0042","大阪府岸和田市加守町四丁目12-13","","","","","","","","","","","","","","","1120101036277","","","",""
"株式会社Ｍ．Ｓ．ＮＡＶＹ","6187569605944","","","","","","","794-0006","愛媛県今治市石井町二丁目2-9","","","","","","","","","","","","","","","4500001022303","","","",""
"ＭＳネット株式会社","6426093353149","","","","","","","101-0041","東京都千代田区神田須田町二丁目15-2 クレアール神田","","","","","","","","","","","","","","","2011601016209","","","",""
"株式会社ＭＳプランニング","6230103968630","","","","","","","662-0914","兵庫県西宮市本町9-25","","","","","","","","","","","","","","","2140001073211","","","",""
"株式会社エムキューブ","9001459690650","","","","","","","653-0036","兵庫県神戸市長田区腕塚町九丁目1-13","","","","","","","","","","","","","","","3140001019584","","","",""
"株式会社エムケイ企画","6151873195588","","","","","","","542-0064","大阪府大阪市中央区上汐二丁目5-26 緒方ビル101","","","","","","","","","","","","","","","5120001106333","","","",""
"株式会社ＭＫコーポレーション","9472246058818","","","","","","","573-1118","大阪府枚方市楠葉並木二丁目22-1 樟葉ビル6階","","","","","","","","","","","","","","","6120001165097","","","",""
"株式会社ＭＫトレンド","3374678593497","","","","","","","959-1151","新潟県三条市猪子場新田931-44","","","","","","","","","","","","","","","2110001031196","","","",""
"株式会社ＭＫパーツ","1045482316153","","","","","","","444-0918","愛知県岡崎市日名中町16-14","","","","","","","","","","","","","","","7180001099289","","","",""
"株式会社エムコーポレーション","8360918866496","","","","","","","984-0011","宮城県仙台市若林区六丁の目西町1-43","","","","","","","","","","","","","","","2370301002648","","","",""
"ＭＣ株式会社","3076221142305","","","","","","","642-0012","和歌山県海南市岡田290-1 B","","","","","","","","","","","","","","","7170001011320","","","",""
"株式会社Ｍシステムズ","5927710734447","","","","","","","851-2127","長崎県西彼杵郡長与町高田郷1785-10","","","","","","","","","","","","","","","8310001003509","","","",""
"株式会社エムシーツー","9598667345076","","","","","","","225-0014","神奈川県横浜市青葉区荏田西一丁目13-2","","","","","","","","","","","","","","","8020001087746","","","",""
"株式会社ＭＣＴ　ＣＯＭＰＡＮＹ","4082134586631","","","","","","","653-0038","兵庫県神戸市長田区若松町一丁目5-7","","","","","","","","","","","","","","","6140001093379","","","",""
"株式会社エムジェイカンパニー","5389683987806","","","","","","","370-0046","群馬県高崎市江木町1283-39","","","","","","","","","","","","","","","5070001031693","","","",""
"株式会社エムジーエム","9371264286535","","","","","","","339-0065","埼玉県さいたま市岩槻区宮町二丁目4-30","","","","","","","","","","","","","","","7030001019625","","","",""
"株式会社エムジー・ワールド","9274701824177","","","","","","","103-0013","東京都中央区日本橋人形町二丁目24-4","","","","","","","","","","","","","","","6010001138964","","","",""
"株式会社エムスクエアジャパン","1282086876834","","","","","","","171-0014","東京都豊島区池袋二丁目16-12 502魚又ビル","","","","","","","","","","","","","","","5010001152009","","","",""
"株式会社エムスタイル","6375785517201","","","","","","","197-0011","東京都福生市大字福生1156-6","","","","","","","","","","","","","","","1013101006590","","","",""
"株式会社Ｍ３","5782325952456","","","","","","","150-0012","東京都渋谷区広尾一丁目11-2 BLOCKSEBISU209","","","","","","","","","","","","","","","4011001144533","","","",""
"有限会社エムズ","9161288770662","","","","","","","152-0023","東京都目黒区八雲三丁目19-9 A-3","","","","","","","","","","","","","","","3013202001332","","","",""
"株式会社エムズ・カンパニー","5538181485631","","","","","","","960-0113","福島県福島市北矢野目竹ノ花34-1","","","","","","","","","","","","","","","8380001000243","","","",""
"株式会社エムズサイエンス","7927015582228","","","","","","","814-0163","福岡県福岡市早良区干隈三丁目16-1","","","","","","","","","","","","","","","2290001066084","","","",""
"株式会社エムズハウス","7841994086037","","","","","","","454-0052","愛知県名古屋市中川区花塚町四丁目74","","","","","","","","","","","","","","","6180001103563","","","",""
"株式会社エムダブリューエムコーポレーション","7126747506913","","","","","","","202-0015","東京都西東京市保谷町六丁目21-1 107号","","","","","","","","","","","","","","","3012701011395","","","",""
"株式会社ＭＷＭインターナショナル","3588146051870","","","","","","","769-2516","香川県東かがわ市土居85-8","","","","","","","","","","","","","","","9470001011593","","","",""
"株式会社ＭＴＭ","4555853803712","","","","","","","222-0036","神奈川県横浜市港北区小机町1245-9","","","","","","","","","","","","","","","7020001102984","","","",""
"株式会社エム・ティー・ワインズ","3096071064800","","","","","","","640-8323","和歌山県和歌山市太田603-15","","","","","","","","","","","","","","","9170001012928","","","",""
"株式会社エム・ディー・シー","4526912488354","","","","","","","530-0047","大阪府大阪市北区西天満三丁目6-36","","","","","","","","","","","","","","","8120001103922","","","",""
"株式会社エムフロント","3637678171706","","","","","","","893-0064","鹿児島県鹿屋市西原一丁目5-14 アイネイアスタワー503号室","","","","","","","","","","","","","","","7340001016343","","","",""
"ＭＶマーケティング株式会社","4323065304465","","","","","","","460-0008","愛知県名古屋市中区栄二丁目12-12 アーク栄白川ビル7F","","","","","","","","","","","","","","","4180001115081","","","",""
"ＭＵＦ合同会社","5874450103983","","","","","","","590-0531","大阪府泉南市岡田二丁目953","","","","","","","","","","","","","","","1120103002681","","","",""
"株式会社ｅｍｏｔｉｏｎ","6851755218036","","","","","","","264-0024","千葉県千葉市若葉区高品町461-1 ファインビュー千葉601号","","","","","","","","","","","","","","","6040001093439","","","",""
"ａｕコマース＆ライフ株式会社","9179338000721","","","","","","","151-0051","東京都渋谷区千駄ケ谷五丁目31-11 住友不動産新宿南口ビル11F","","","","","","","","","","","","","","","6011001067039","","","",""
"株式会社エリモ","8127619587728","","","","","","","135-0064","東京都江東区青海二丁目7-4","","","","","","","","","","","","","","","3010601039169","","","",""
"ＡＬｉｎｋｓ合同会社","2382181602094","","","","","","","380-0803","長野県長野市大字三輪1187-75 B","","","","","","","","","","","","","","","7100003005137","","","",""
"株式会社エール","2108753161617","","","","","","","177-0051","東京都練馬区関町北四丁目10-17","","","","","","","","","","","","","","","1011601019501","","","",""
"有限会社エール","8770434155713","","","","","","","573-1122","大阪府枚方市西船橋二丁目4-6","","","","","","","","","","","","","","","3120002073731","","","",""
"株式会社ＬＩＨ","3480145197147","","","","","","","810-0001","福岡県福岡市中央区天神一丁目1-1 FABBITGGアクロス福岡1F","","","","","","","","","","","","","","","3290001072800","","","",""
"株式会社ＬＩＴ","2214186859902","","","","","","","333-0844","埼玉県川口市上青木六丁目27-5","","","","","","","","","","","","","","","6013301026599","","","",""
"株式会社ＬＲＧ","2031428219517","","","","","","","565-0806","大阪府吹田市樫切山21 E-907号","","","","","","","","","","","","","","","3120901018786","","","",""
"Ｌ＆Ｌライブリーライフ株式会社","6531598246122","","","","","","","190-0022","東京都立川市錦町三丁目1-13 立川ASビル3F3-1-13立川ASビル3F","","","","","","","","","","","","","","","5012801016994","","","",""
"Ｌ＆Ｄ株式会社","3202514455998","","","","","","","531-0041","大阪府大阪市北区天神橋七丁目3-2 403","","","","","","","","","","","","","","","7120001194095","","","",""
"株式会社Ｌ・Ａ・Ｃ","4945278238304","","","","","","","335-0014","埼玉県戸田市喜沢南二丁目9-24 C. S戸田ビル201号室","","","","","","","","","","","","","","","3013301038416","","","",""
"株式会社ＬＬＣ","8692139529879","","","","","","","150-0021","東京都渋谷区恵比寿西二丁目8-5 エビスS","","","","","","","","","","","","","","","2010401128008","","","",""
"ＬＯＣ株式会社","9071742391513","","","","","","","323-0032","栃木県小山市天神町一丁目4-15 一徳ハイツパートIII226号室","","","","","","","","","","","","","","","3010601031274","","","",""
"株式会社エルクラシコ","8801155720020","","","","","","","160-0022","東京都新宿区新宿四丁目1-4","","","","","","","","","","","","","","","9011501017399","","","",""
"株式会社エル・シャン","8896626203331","","","","","","","604-0804","京都府京都市中京区絹屋町129","","","","","","","","","","","","","","","6080101014175","","","",""
"Ｌ．Ｊ．Ｔ．Ｋ有限会社","2239013277018","","","","","","","180-0004","東京都武蔵野市吉祥寺本町一丁目12-5","","","","","","","","","","","","","","","5010402029276","","","",""
"株式会社Ｌ－ＧＭ","5880765797171","","","","","","","224-0032","神奈川県横浜市都筑区茅ケ崎中央11-5 パスタビル305","","","","","","","","","","","","","","","6020001124501","","","",""
"エルスタイル株式会社","5990766708261","","","","","","","810-0041","福岡県福岡市中央区大名一丁目15-33 福岡セントラルビル3F","","","","","","","","","","","","","","","9290001023335","","","",""
"株式会社ＬＴＧ","9339847844628","","","","","","","417-0061","静岡県富士市伝法2435-6 日の出ワンビル3F","","","","","","","","","","","","","","","5080101018631","","","",""
"有限会社エール電子工業","3400905495380","","","","","","","114-0024","東京都北区西ケ原四丁目31-6 KSビル","","","","","","","","","","","","","","","5011502000845","","","",""
"エールネット株式会社","4499262368941","","","","","","","509-0264","岐阜県可児市鳩吹台二丁目51","","","","","","","","","","","","","","","5200001032323","","","",""
"株式会社エルフ","4621480600710","","","","","","","170-0013","東京都豊島区東池袋一丁目5-6","","","","","","","","","","","","","","","9013301036752","","","",""
"株式会社エレクト","8665328983100","","","","","","","060-0001","北海道札幌市中央区北一条西十九丁目2-8","","","","","","","","","","","","","","","6430001073913","","","",""
"株式会社ＥｌｅｃｔｒｉｃＡｒｃｈｉｔｅｃｔ","4384079000031","","","","","","","210-0005","神奈川県川崎市川崎区東田町11-27 メットライフ川崎ビル4F","","","","","","","","","","","","","","","5020001059046","","","",""
"合同会社エレックスシステム","7850521168560","","","","","","","221-0856","神奈川県横浜市神奈川区三ツ沢上町7-8 ハイツジュネス2F-3","","","","","","","","","","","","","","","1020003007072","","","",""
"株式会社エレトレ","6202092348018","","","","","","","442-0812","愛知県豊川市三上町小深田32","","","","","","","","","","","","","","","3180301032498","","","",""
"株式会社ＥＬＥＭＥＮＴＳ","6678703353734","","","","","","","590-0077","大阪府堺市堺区中瓦町一丁4-22 2F","","","","","","","","","","","","","","","1120101060979","","","",""
"株式会社エレメンツリー","9814556769754","","","","","","","532-0011","大阪府大阪市淀川区西中島五丁目11-10 第三中島ビル3F","","","","","","","","","","","","","","","1120001124883","","","",""
"合同会社えん","5707026136556","","","","","","","286-0025","千葉県成田市東町248-2","","","","","","","","","","","","","","","8040003008987","","","",""
"株式会社ｅｎＲ","2627805075402","","","","","","","812-0041","福岡県福岡市博多区吉塚七丁目1-2 1F","","","","","","","","","","","","","","","5290001063236","","","",""
"株式会社エンキ","6931191115998","","","","","","","100-0005","東京都千代田区丸の内二丁目3-2 郵船ビルディング1階","","","","","","","","","","","","","","","9010001205316","","","",""
"Ｅｎｇｒａｍ株式会社","4279130235975","","","","","","","214-0037","神奈川県川崎市多摩区西生田四丁目18-8 102号","","","","","","","","","","","","","","","8020001140414","","","",""
"株式会社ＥＮＧＲＡＶＥ","3486318845875","","","","","","","111-0035","東京都台東区西浅草三丁目24-6","","","","","","","","","","","","","","","9010501035725","","","",""
"園芸ネット株式会社","9496739799437","","","","","","","103-0015","東京都中央区日本橋箱崎町5-11 ユニバーサルビル5F","","","","","","","","","","","","","","","3010001195323","","","",""
"株式会社エンゲージ","3023201071779","","","","","","","104-0045","東京都中央区築地四丁目4-15 東銀座ロイアルハイツ3F","","","","","","","","","","","","","","","5010001143057","","","",""
"えんじょいくらぶ合同会社","8932187594203","","","","","","","773-0006","徳島県小松島市横須町4-41","","","","","","","","","","","","","","","3480003000995","","","",""
"株式会社エンタメフリーク","8689127590925","","","","","","","377-0008","群馬県渋川市渋川3820-10","","","","","","","","","","","","","","","6070001030380","","","",""
"株式会社エンテオ","7640881789001","","","","","","","145-0063","東京都大田区南千束三丁目3-6","","","","","","","","","","","","","","","4010701017602","","","",""
"株式会社エンディライト","4836277603085","","","","","","","193-0803","東京都八王子市楢原町304-1","","","","","","","","","","","","","","","4010101012195","","","",""
"株式会社エンデバー","3129420133413","","","","","","","335-0001","埼玉県蕨市北町四丁目3-11 409号","","","","","","","","","","","","","","","1030001023302","","","",""
"エントレ株式会社","3121803892452","","","","","","","154-0016","東京都世田谷区弦巻五丁目17-12 502","","","","","","","","","","","","","","","7010701030619","","","",""
"株式会社遠藤宝石","5610966327255","","","","","","","400-0867","山梨県甲府市青沼二丁目4-4","","","","","","","","","","","","","","","2090001000286","","","",""
"合同会社エンドリング","9839678977975","","","","","","","173-0033","東京都板橋区大山西町15-1","","","","","","","","","","","","","","","2011403003272","","","",""
"合同会社ｅｎＢｒａｎＰｒｏ","2036779156086","","","","","","","231-0026","神奈川県横浜市中区寿町四丁目14 寿町スカイハイツ411","","","","","","","","","","","","","","","7020003019104","","","",""
"ＯＩＣ株式会社","1294482390152","","","","","","","322-0307","栃木県鹿沼市入粟野685","","","","","","","","","","","","","","","7060001007569","","","",""
"株式会社オアシス三喜","8752079239981","","","","","","","110-0016","東京都台東区台東一丁目11-10 大木ビル2F","","","","","","","","","","","","","","","5010001133537","","","",""
"有限会社ｏａｓｉｓ原質店","6384861197182","","","","","","","486-0945","愛知県春日井市勝川町六丁目130","","","","","","","","","","","","","","","5180002068377","","","",""
"オーイーシー株式会社","2512719596036","","","","","","","087-0032","北海道根室市花咲港374-6","","","","","","","","","","","","","","","1460401001038","","","",""
"オイシックス・ラ・大地株式会社","3488930236123","0","1","2023/11/14","0","","https://www.oisixradaichi.co.jp/","141-0032","東京都品川区大崎一丁目11-2 ゲートシティ大崎イーストタワー5F","03-6867-1149","代表取締役社長","髙島宏平","卸売、小売","EC、通信販売","","","1,000 ～ 3,000","1,000,000 ～ 10,000,000","100,000 ～ 300,000","2025/03","","1997/05","公開","6010701012329","カタログ,特別栽培農産物,有機野菜,食材,ウェブサイト,無添加加工食品,食品,Webマーケティング支援,健康食品製造,農産物加工,健康食品販売,食材宅配,食品加工,青果販売,オイシックス,オイシックス・ラ・大地株式会社,野菜,オイシックスラ大地,おいしっくす,Oisixradaichi,大地を守る会,Oisix,らでぃっしゅぼーや","CSRに力を入れている企業,ISMS認定取得企業,WEB分析ツール利用,アクティブシニア活用,エンジニアを採用募集している企業,サブスクリプションサービス,中途採用企業,内部統制・ｺﾝﾌﾟﾗｲｱﾝｽ推進企業,合併企業,営業職募集企業,売上1000億以上,売上300億円以上,売上50億円以上,展示会その他,展示会全体,従業員500人以上,海外に関連会社を保有する企業,省エネ法対象業者,表彰企業","Display & Video 360,Google アナリティクス,Google アナリティクス(gtag),Googleタグマネージャ,Google広告,Meta for Developers,Meta広告,Slack,X Developer Platform,X広告,Yahoo! 広告,fonts.com,kintone,トレジャーデータ,マイクロアド",""
"株式会社謳歌のあかり","7922846100506","","","","","","","041-0811","北海道函館市富岡町一丁目32-13","","","","","","","","","","","","","","","3440001007542","","","",""
"鶯鳴堂株式会社","7571975908171","","","","","","","859-3715","長崎県東彼杵郡波佐見町宿郷571-5","","","","","","","","","","","","","","","2050001038735","","","",""
"株式会社オゥルテス","3873313999738","","","","","","","105-0013","東京都港区浜松町二丁目2-15","","","","","","","","","","","","","","","4010401080504","","","",""
"株式会社Ｏ．Ｈ．Ｃ","7811373937953","","","","","","","918-8016","福井県福井市江端町13-43","","","","","","","","","","","","","","","8210001014508","","","",""
"株式会社ＯＨＣ","6873431477371","","","","","","","143-0001","東京都大田区東海三丁目2-6","","","","","","","","","","","","","","","5010801017410","","","",""
"株式会社ＯＡＪ－ｅ","9202262106439","","","","","","","400-0831","山梨県甲府市上町1274-18","","","","","","","","","","","","","","","4090001004509","","","",""
"株式会社ＯＳｗｏｒｌｄ","6248552305706","","","","","","","739-1754","広島県広島市安佐北区小河原町102","","","","","","","","","","","","","","","9240001041440","","","",""
"株式会社ＯＮＩ","5865084258002","","","","","","","547-0027","大阪府大阪市平野区喜連二丁目7-2 205","","","","","","","","","","","","","","","4120001204864","","","",""
"株式会社ｏ．ｆ．ｓ．","2819935286584","","","","","","","926-0000","石川県七尾市中島町長浦子部25-1","","","","","","","","","","","","","","","4220001021234","","","",""
"株式会社オーエムジェイ","5467114584206","","","","","","","680-0473","鳥取県八頭郡八頭町坂田97-1","","","","","","","","","","","","","","","4270001006189","","","",""
"株式会社オーエン","3338629675394","","","","","","","754-0894","山口県山口市佐山4285-4","","","","","","","","","","","","","","","1250001014543","","","",""
"大網株式会社","3756427351851","","","","","","","106-0046","東京都港区元麻布三丁目12-2","","","","","","","","","","","","","","","2010401005702","","","",""
"株式会社大分・地域ルネサンス","9559460288402","","","","","","","879-6903","大分県豊後大野市清川町砂田1716-3","","","","","","","","","","","","","","","7320001011684","","","",""
"ＯＨＳＨＩＭＡ　ＯＣＥＡＮ　ＳＡＬＴ有限会社","3774447646331","","","","","","","100-0101","東京都大島町元町小清水267-4","","","","","","","","","","","","","","","8010002052485","","","",""
"太田美品通商株式会社","1475812882730","","","","","","","578-0984","大阪府東大阪市菱江二丁目12-8","","","","","","","","","","","","","","","4122001014888","","","",""
"株式会社オオチワークス","2917637866174","","","","","","","501-0563","岐阜県揖斐郡大野町大字瀬古373-5","","","","","","","","","","","","","","","9200001033375","","","",""
"大塚ウエルネスベンディング株式会社","1230290537710","","","","","","","101-0048","東京都千代田区神田司町二丁目9","","","","","","","","","","","","","","","2010001163330","","","",""
"株式会社大西商店","3838088331097","","","","","","","133-0053","東京都江戸川区北篠崎二丁目6-23","","","","","","","","","","","","","","","7011701001799","","","",""
"大野水産株式会社","3888165797760","","","","","","","135-0061","東京都江東区豊洲六丁目6-1 管理施設棟505号","","","","","","","","","","","","","","","8010001039145","","","",""
"株式会社大場善次郎商店","4713556698771","","","","","","","987-0001","宮城県遠田郡美里町藤ケ崎一丁目55","","","","","","","","","","","","","","","7370201000061","","","",""
"株式会社大屋窯","1314739682177","","","","","","","758-0061","山口県萩市大字椿905","","","","","","","","","","","","","","","4250001008393","","","",""
"お買い上げありがとうございます株式会社","3072381544369","","","","","","","916-0022","福井県鯖江市水落町一丁目1-12","","","","","","","","","","","","","","","1210001013788","","","",""
"株式会社ＯＫＡＮ","7276940123748","","","","","","","171-0021","東京都豊島区西池袋二丁目41-8 IOBビル6階","","","","","","","","","","","","","","","8013301033098","","","",""
"株式会社Ａｕｇｕｓｔａｒ","7656083040743","","","","","","","370-0865","群馬県高崎市寺尾町110","","","","","","","","","","","","","","","1070001037265","","","",""
"株式会社ＯＧＡＴＯＲＥ","3471651084790","","","","","","","988-0511","宮城県気仙沼市唐桑町舘68","","","","","","","","","","","","","","","2370001045955","","","",""
"オーガニックサイエンス株式会社","3541810403612","","","","","","","105-0001","東京都港区虎ノ門五丁目11-15","","","","","","","","","","","","","","","1010401162552","","","",""
"株式会社オーガランド","6167449742219","","","","","","","899-4341","鹿児島県霧島市国分野口東1294-1","","","","","","","","","","","","","","","9340001008280","","","",""
"合同会社沖縄専科","6240235495786","","","","","","","903-0111","沖縄県中頭郡西原町字与那城203-1","","","","","","","","","","","","","","","3360003007763","","","",""
"株式会社沖縄ちゅら企画","7723983901010","","","","","","","901-0152","沖縄県那覇市小禄一丁目11-1","","","","","","","","","","","","","","","2360001010522","","","",""
"有限会社オキナワ宮古市場","2774492184981","","","","","","","906-0013","沖縄県宮古島市平良下里215-3 1F","","","","","","","","","","","","","","","5360002022068","","","",""
"隠岐の島づくり株式会社","2984852592136","","","","","","","685-0434","島根県隠岐郡隠岐の島町中村1541-3","","","","","","","","","","","","","","","1280001005457","","","",""
"株式会社オーク","8105336789039","","","","","","","530-0003","大阪府大阪市北区堂島一丁目3-1","","","","","","","","","","","","","","","9180001136288","","","",""
"有限会社オクトクリエーション","3480389320019","","","","","","","338-0832","埼玉県さいたま市桜区西堀二丁目11-1 ドエル永島102","","","","","","","","","","","","","","","7030002002695","","","",""
"有限会社おくらや","9884952294442","","","","","","","328-0043","栃木県栃木市境町7-6","","","","","","","","","","","","","","","7060002035008","","","",""
"株式会社オークローンマーケティング","1143442581223","","","","","","","461-0005","愛知県名古屋市東区東桜一丁目13-3 NHK名古屋放送センタービル14F","","","","","","","","","","","","","","","1180001034813","","","",""
"株式会社オグ","7378739378009","","","","","","","870-0161","大分県大分市明野東三丁目8-7","","","","","","","","","","","","","","","1320001005147","","","",""
"小倉株式会社","6958212275110","","","","","","","110-0016","東京都台東区台東二丁目17-5 403号パレステージ秋葉原","","","","","","","","","","","","","","","8100001028691","","","",""
"有限会社小此木オプティカル","3605110850239","","","","","","","371-0843","群馬県前橋市新前橋町26-7 ヤマコビル6階","","","","","","","","","","","","","","","5070002018616","","","",""
"株式会社ＡＷＥＳＯＭＥ　ＣＲＵＩＳＥ","7117672777815","","","","","","","616-8208","京都府京都市右京区宇多野福王子町10-10","","","","","","","","","","","","","","","3130001056224","","","",""
"Ｏｚａｋｉ　ＧＢＣ株式会社","2140459620365","","","","","","","292-0038","千葉県木更津市ほたる野四丁目8-4","","","","","","","","","","","","","","","8011501019487","","","",""
"株式会社オザワ・グローバルトレース","5844291755429","","","","","","","370-0005","群馬県高崎市浜尻町590-1","","","","","","","","","","","","","","","8070001011271","","","",""
"株式会社オーシャンズスター","4524964270755","","","","","","","150-0001","東京都渋谷区神宮前五丁目27-7 アルボーレ神宮前B1F","","","","","","","","","","","","","","","9011001096621","","","",""
"有限会社オージーコム","6419668923254","","","","","","","546-0003","大阪府大阪市東住吉区今川七丁目13-18 オージービル","","","","","","","","","","","","","","","5120002063103","","","",""
"株式会社オズー","5440037963131","","","","","","","980-0811","宮城県仙台市青葉区一番町一丁目6-19 壱番館ビル5F506","","","","","","","","","","","","","","","6370001022018","","","",""
"おたさく商事株式会社","6699764564283","","","","","","","300-2307","茨城県つくばみらい市板橋1851-1","","","","","","","","","","","","","","","2050001036771","","","",""
"オータムゲート株式会社","8289106961432","","","","","","","584-0045","大阪府富田林市山中田町二丁目8-9","","","","","","","","","","","","","","","1120101052365","","","",""
"オーダー・ジャパン株式会社","1794478251686","","","","","","","730-0015","広島県広島市中区橋本町7-14 橋本町BLD4F","","","","","","","","","","","","","","","2240001044409","","","",""
"株式会社ＯＷＫ","8818964660797","","","","","","","274-0056","千葉県船橋市神保町278","","","","","","","","","","","","","","","4040001122447","","","",""
"株式会社Ｏｒｄｅｒ　Ｍａｒｋｅｔ","8029872441990","","","","","","","340-0816","埼玉県八潮市中央二丁目6-12 Bビル3F","","","","","","","","","","","","","","","9030001038763","","","",""
"株式会社おちば","9084897412422","","","","","","","321-0904","栃木県宇都宮市陽東三丁目7-2","","","","","","","","","","","","","","","2380001018877","","","",""
"合同会社ＯＴＭ","5439524972701","","","","","","","572-0085","大阪府寝屋川市香里新町20-18 102号","","","","","","","","","","","","","","","7120003016479","","","",""
"ＯＴＴＧ株式会社","3467011320816","","","","","","","343-0857","埼玉県越谷市新越谷二丁目24-13 101","","","","","","","","","","","","","","","9030001130149","","","",""
"オーディオラボ鶴岡株式会社","1309431761248","","","","","","","997-0845","山形県鶴岡市下清水打越4-1","","","","","","","","","","","","","","","8390001015620","","","",""
"株式会社ｏｄｉｃｋ","5357581174511","","","","","","","435-0031","静岡県浜松市東区長鶴町52-1 307号","","","","","","","","","","","","","","","2080401013707","","","",""
"株式会社オートアベール","5426188918315","","","","","","","130-0004","東京都墨田区本所二丁目3-8","","","","","","","","","","","","","","","7010601027269","","","",""
"株式会社ＯＴＯＧＩＮＯ","6244609707049","","","","","","","877-0078","大分県日田市北友田2-2123-1","","","","","","","","","","","","","","","9320001010239","","","",""
"株式会社ＯＴＯＮＡＲＩ","6017206691777","","","","","","","141-0031","東京都品川区西五反田一丁目3-8 五反田PLACE2階","","","","","","","","","","","","","","","1011001104556","","","",""
"ＡＵＴＯＭＡＸ　ｉｚｕｍｉ株式会社","5077454495380","","","","","","","594-0031","大阪府和泉市伏屋町二丁目16-11","","","","","","","","","","","","","","","6120101057269","","","",""
"株式会社おとりよせ村","2090793675977","","","","","","","860-0801","熊本県熊本市中央区安政町4-19","","","","","","","","","","","","","","","9290001027344","","","",""
"オネットマーケットプラン株式会社","3872665294712","","","","","","","028-3601","岩手県紫波郡矢巾町大字高田第十地割60-18","","","","","","","","","","","","","","","9400001009693","","","",""
"有限会社オノ・エンタープライズ","3784205681240","","","","","","","654-0102","兵庫県神戸市須磨区東白川台四丁目2-7","","","","","","","","","","","","","","","3140002023750","","","",""
"株式会社Ｏｖｅｒ　Ｔｈｅ　Ｂｏｒｄｅｒ","1467179314374","","","","","","","107-0052","東京都港区赤坂一丁目12-32 アーク森ビル34階","","","","","","","","","","","","","","","7010401145444","","","",""
"株式会社ＯＶＥＲ’ｓ","5788729287308","","","","","","","116-0003","東京都荒川区南千住五丁目17-8 クレセント南千住1F・2F","","","","","","","","","","","","","","","1010601047215","","","",""
"株式会社ＯＶＥＲ’Ｓ　ＰＲＯＤＵＣＴＩＯＮＳ","9921324494184","","","","","","","253-0054","神奈川県茅ヶ崎市東海岸南二丁目7-25","","","","","","","","","","","","","","","4021001073599","","","",""
"株式会社ＯＶＥＲＶＩＥＷ　ＣＯＦＦＥＥ　ＪＡＰＡＮ","2646436088018","","","","","","","153-0043","東京都目黒区東山三丁目7-11 大橋会館","","","","","","","","","","","","","","","2010001234800","","","",""
"株式会社オーバルドリーム","4969604568633","","","","","","","771-0138","徳島県徳島市川内町平石流通団地29","","","","","","","","","","","","","","","6480001010242","","","",""
"株式会社オパビニア","1181656394189","","","","","","","545-0043","大阪府大阪市阿倍野区松虫通一丁目3-4","","","","","","","","","","","","","","","2120001217364","","","",""
"株式会社オービーシー","5342773618955","","","","","","","577-0046","大阪府東大阪市西堤本通西一丁目4-3","","","","","","","","","","","","","","","4122001009293","","","",""
"株式会社オービーシープロジェクト","5232475937747","","","","","","","552-0007","大阪府大阪市港区弁天一丁目2-4 400号大阪ベイタワーウエスト4階","","","","","","","","","","","","","","","3120001191402","","","",""
"株式会社オフィスイーアンバー","1120107939717","","","","","","","951-8141","新潟県新潟市中央区関新二丁目1-73","","","","","","","","","","","","","","","8110001010541","","","",""
"株式会社オフィスエッジ","4680468790888","","","","","","","715-0022","岡山県井原市下出部町一丁目5-13","","","","","","","","","","","","","","","1260001029689","","","",""
"株式会社オフィス岡部","1390449537408","","","","","","","709-0451","岡山県和気郡和気町和気707","","","","","","","","","","","","","","","4260001024951","","","",""
"株式会社ＯＦＦＩＣＥ３５","6629065749290","","","","","","","102-0074","東京都千代田区九段南一丁目5-6 りそな九段ビル5階","","","","","","","","","","","","","","","8010001200722","","","",""
"株式会社オフィスＨＡＬ","4711170607585","","","","","","","988-0853","宮城県気仙沼市松川前63-1","","","","","","","","","","","","","","","4370001045053","","","",""
"株式会社オフィス２２","8123960094910","","","","","","","238-0023","神奈川県横須賀市森崎一丁目19-18","","","","","","","","","","","","","","","3021001042745","","","",""
"有限会社オフィス・プラン社","1837987034156","","","","","","","509-0255","岐阜県可児市光陽台六丁目22","","","","","","","","","","","","","","","2200002016897","","","",""
"有限会社オフィスユウチク","8467643649680","","","","","","","102-0083","東京都千代田区麴町四丁目5-20","","","","","","","","","","","","","","","5011002036431","","","",""
"株式会社ｏｆｆｉｃｅ　ＵＳＫ","6298203334112","","","","","","","106-0031","東京都港区西麻布四丁目17-11","","","","","","","","","","","","","","","8010001186516","","","",""
"オフィス吉野合同会社","4259815573569","","","","","","","341-0035","埼玉県三郷市鷹野五丁目139-7","","","","","","","","","","","","","","","9030003005927","","","",""
"株式会社オフィスライズ","5149120538119","","","","","","","462-0804","愛知県名古屋市北区上飯田南町三丁目85","","","","","","","","","","","","","","","1180001071889","","","",""
"株式会社ＯＦＦｔＯＮ","3124132725321","","","","","","","153-0043","東京都目黒区東山二丁目3-2 COM'S、FORUM4F","","","","","","","","","","","","","","","2010901040827","","","",""
"株式会社Ｏｒｂ","4400193608685","","","","","","","710-0842","岡山県倉敷市吉岡242-1","","","","","","","","","","","","","","","7260001026672","","","",""
"株式会社ｏｖｇｏ","2036273889102","","","","","","","101-0065","東京都千代田区西神田二丁目5-2 TASビル1階","","","","","","","","","","","","","","","7011303003649","","","",""
"株式会社オブリ","7956688884300","","","","","","","924-0005","石川県白山市一塚町139","","","","","","","","","","","","","","","2220001018884","","","",""
"株式会社ＯＲＲＢ　ＷＯＲＫＳ","7033280304083","","","","","","","107-0061","東京都港区北青山三丁目8-13","","","","","","","","","","","","","","","7010401102668","","","",""
"株式会社オプティル","6635596968150","","","","","","","104-0061","東京都中央区銀座一丁目22-11 銀座大竹ビジデンス2F","","","","","","","","","","","","","","","8010001160561","","","",""
"株式会社オープンゲート","6639955358023","","","","","","","141-0031","東京都品川区西五反田一丁目26-2","","","","","","","","","","","","","","","6010701043159","","","",""
"Ｈｏｍｍａｇｅ合同会社","9585626527992","","","","","","","162-0806","東京都新宿区榎町45 さくらビル6F","","","","","","","","","","","","","","","1430003006413","","","",""
"オメガ・インターナショナル株式会社","4092721003354","","","","","","","930-0814","富山県富山市下冨居一丁目11-24-1","","","","","","","","","","","","","","","1230001013670","","","",""
"ＯＲＩＥＮＴ　ＪＡＰＡＮ株式会社","5872734442935","","","","","","","100-0005","東京都千代田区丸の内二丁目2-1 岸本ビルヂング2階213区","","","","","","","","","","","","","","","2010001213127","","","",""
"有限会社オリオスペック","7242934032124","","","","","","","101-0021","東京都千代田区外神田二丁目3-6 成田ビル2階","","","","","","","","","","","","","","","6010002028990","","","",""
"株式会社オリガミ","4230410558672","","","","","","","604-0000","京都府京都市中京区下丸屋町403","","","","","","","","","","","","","","","9130001048372","","","",""
"株式会社オリジナル","5913966006452","","","","","","","103-0012","東京都中央区日本橋堀留町一丁目2-16","","","","","","","","","","","","","","","9010001039656","","","",""
"Ｏｒｉｇｉｎ株式会社","6035777136609","","","","","","","399-9301","長野県北安曇郡白馬村大字北城6811-1","","","","","","","","","","","","","","","4011001104652","","","",""
"株式会社ｏｒｉｖａｎｃｅ","5505702468715","","","","","","","472-0043","愛知県知立市東栄三丁目48","","","","","","","","","","","","","","","8180001136792","","","",""
"株式会社オルガニコ","5000044918237","","","","","","","141-0031","東京都品川区西五反田八丁目11-21 五反田TRビル1F","","","","","","","","","","","","","","","1011001054611","","","",""
"ＡＬＬＸ株式会社","8978902573698","","","","","","","675-2103","兵庫県加西市鶉野町1074-8","","","","","","","","","","","","","","","7140001099689","","","",""
"株式会社オルサン","7973054727334","","","","","","","371-0825","群馬県前橋市大利根町二丁目31-1 コイデ第一ビル5階","","","","","","","","","","","","","","","9070001025205","","","",""
"ＡＬＬ－ＳＴＡＲ　ＪＡＰＡＮ株式会社","2501423586727","","","","","","","134-0083","東京都江戸川区中葛西七丁目20-16","","","","","","","","","","","","","","","8011701023652","","","",""
"農業生産法人株式会社オルタナティブファーム宮古","8548071345707","","","","","","","906-0305","沖縄県宮古島市下地与那覇53","","","","","","","","","","","","","","","3360001016130","","","",""
"株式会社オルトアム","1953112468124","","","","","","","892-0842","鹿児島県鹿児島市東千石町14-16","","","","","","","","","","","","","","","2340001024359","","","",""
"オルドット株式会社","2108242961098","","","","","","","150-0031","東京都渋谷区桜丘町10-4 モドマルシェ渋谷桜丘ビル5F","","","","","","","","","","","","","","","4011001139673","","","",""
"合同会社オール・マート","1331403494284","","","","","","","136-0071","東京都江東区亀戸五丁目6-21","","","","","","","","","","","","","","","8011403001246","","","",""
"株式会社オールライズ","4590026406088","","","","","","","150-0001","東京都渋谷区神宮前二丁目35-9 原宿リビン508","","","","","","","","","","","","","","","7013301027472","","","",""
"オールリンク株式会社","3982232001629","","","","","","","167-0033","東京都杉並区清水三丁目1-6","","","","","","","","","","","","","","","9011301016436","","","",""
"株式会社オレメカ","4192143496630","","","","","","","771-0218","徳島県板野郡松茂町住吉住吉開拓103","","","","","","","","","","","","","","","4480001009716","","","",""
"株式会社ｏｒａｎｇｅｊｕｉｃｅ．９９","6803105768176","","","","","","","998-0864","山形県酒田市新橋二丁目26-21 D-room新橋101号","","","","","","","","","","","","","","","8390001017138","","","",""
"オレンジハート合同会社","7639286533012","","","","","","","206-0013","東京都多摩市桜ケ丘二丁目40-4","","","","","","","","","","","","","","","5012403002773","","","",""
"株式会社オレンジブーケット","9463777062846","","","","","","","103-0005","東京都中央区日本橋久松町13-4 トスパビル1F・2F","","","","","","","","","","","","","","","3010001134743","","","",""
"卸合衆国株式会社","5263808021066","","","","","","","103-0016","東京都中央区日本橋小網町15-9","","","","","","","","","","","","","","","2010001071046","","","",""
"株式会社ＯＮ","8438701720919","","","","","","","136-0074","東京都江東区東砂五丁目16-5 AOYAMAビル1階","","","","","","","","","","","","","","","8010601053719","","","",""
"株式会社オン・エアー","2498042839039","","","","","","","542-0081","大阪府大阪市中央区南船場二丁目5-19 心斎橋イーストビル701","","","","","","","","","","","","","","","8120001096951","","","",""
"オングローブ株式会社","6241075386357","","","","","","","550-0005","大阪府大阪市西区西本町一丁目5-9 日清ビル403号","","","","","","","","","","","","","","","3120001180297","","","",""
"株式会社オンサイド","2384556986351","","","","","","","335-0021","埼玉県戸田市大字新曽265-1 103","","","","","","","","","","","","","","","4030001121367","","","",""
"おんたけ有機合同会社","3020738587460","","","","","","","397-0301","長野県木曽郡木曽町開田高原末川4119-2","","","","","","","","","","","","","","","5100003002417","","","",""
"株式会社Ｏｎ　Ｙｏｕｒ　Ｍａｒｋ","6924196338164","","","","","","","472-0055","愛知県知立市鳥居三丁目2-7","","","","","","","","","","","","","","","5180301024659","","","",""
"株式会社オンリースタイル","2954783504976","","","","","","","176-0013","東京都練馬区豊玉中二丁目18-9 第2オーエスビル","","","","","","","","","","","","","","","2011001047432","","","",""
"有限会社開運社本店","9743422913211","","","","","","","409-3244","山梨県西八代郡市川三郷町岩間941-1","","","","","","","","","","","","","","","4090002014820","","","",""
"海江田有限会社","1880754647169","","","","","","","899-5421","鹿児島県姶良市東餅田3828-6","","","","","","","","","","","","","","","8340002024732","","","",""
"海外ＧＯ株式会社","2321474870470","","","","","","","124-0012","東京都葛飾区立石五丁目26-15","","","","","","","","","","","","","","","9012401024626","","","",""
"株式会社介護のおくむらさん","5700631211947","","","","","","","639-1044","奈良県大和郡山市小泉町東二丁目7-3","","","","","","","","","","","","","","","8150001016824","","","",""
"株式会社快適生活","3795453531977","","","","","","","550-0001","大阪府大阪市西区土佐堀一丁目3-18 快適生活ビル","","","","","","","","","","","","","","","5120001116720","","","",""
"株式会社快適生活クラブ","1679648776994","","","","","","","273-0047","千葉県船橋市藤原七丁目17-25","","","","","","","","","","","","","","","6040001020293","","","",""
"株式会社海天","2121553515019","","","","","","","179-0081","東京都練馬区北町六丁目37-11","","","","","","","","","","","","","","","6011601019760","","","",""
"株式会社カウスメディア","5391569323027","","","","","","","162-0812","東京都新宿区西五軒町1-1 西五軒町ビル5F","","","","","","","","","","","","","","","5030001117760","","","",""
"株式会社カウスメディア","7051243137159","","","","","","","101-0032","東京都千代田区岩本町二丁目5-5","","","","","","","","","","","","","","","9040001083750","","","",""
"株式会社カウネット","4613251152789","","","","","","","108-0075","東京都港区港南一丁目8-35","","","","","","","","","","","","","","","3010401090025","","","",""
"株式会社Ｋａｅｄｅａｒ","1039600298564","","","","","","","226-0025","神奈川県横浜市緑区十日市場町849-6 アドバンス第5-1F-B","","","","","","","","","","","","","","","2020001138240","","","",""
"株式会社かえるハウス","3243535410783","","","","","","","180-0003","東京都武蔵野市吉祥寺南町一丁目8-8 1F","","","","","","","","","","","","","","","3010001066904","","","",""
"ＣＡＣＡＯ　ＨＵＮＴＥＲＳ　ＪＡＰＡＮ株式会社","2957233606986","","","","","","","108-0074","東京都港区高輪四丁目23-6 708","","","","","","","","","","","","","","","3021001060953","","","",""
"株式会社輝","9647073303461","","","","","","","101-0061","東京都千代田区神田三崎町二丁目17-8","","","","","","","","","","","","","","","6011101063219","","","",""
"カクイ株式会社","9250976593252","","","","","","","661-0953","兵庫県尼崎市東園田町九丁目4-26 202号","","","","","","","","","","","","","","","9140001100974","","","",""
"株式会社カクシン","6722553638709","","","","","","","107-0062","東京都港区南青山四丁目13-9 クレセントヒルズ1F","","","","","","","","","","","","","","","9011001099789","","","",""
"株式会社カーグラスワールド","2529890369352","","","","","","","141-0033","東京都品川区西品川三丁目7-16","","","","","","","","","","","","","","","7030001058227","","","",""
"株式会社鹿児島ここまる","9460932260890","","","","","","","893-0013","鹿児島県鹿屋市札元一丁目23-16","","","","","","","","","","","","","","","5340001014737","","","",""
"株式会社かごしまんま","3633834553662","","","","","","","893-1605","鹿児島県鹿屋市串良町上小原2600-2","","","","","","","","","","","","","","","8340001014833","","","",""
"株式会社笠倉出版社","7267223141048","","","","","","","110-0015","東京都台東区東上野二丁目8-7 笠倉ビル","","","","","","","","","","","","","","","4010501002853","","","",""
"株式会社カシエロ","5786077487309","","","","","","","297-0074","千葉県茂原市小林2531-14","","","","","","","","","","","","","","","1040001118761","","","",""
"樫原株式会社","2329266797620","","","","","","","543-0023","大阪府大阪市天王寺区味原町9-17","","","","","","","","","","","","","","","9120001022857","","","",""
"株式会社花匠ばら壱","3449529710232","","","","","","","061-1105","北海道北広島市西の里東三丁目13-8","","","","","","","","","","","","","","","4430001082866","","","",""
"株式会社カスタマ","2626909068713","","","","","","","133-0065","東京都江戸川区南篠崎町三丁目25-7 MOビル4階","","","","","","","","","","","","","","","4011701013194","","","",""
"株式会社霞出版社","5319798020896","","","","","","","102-0074","東京都千代田区九段南四丁目6-1 九段シルバーパレス203","","","","","","","","","","","","","","","9010001105342","","","",""
"株式会社カタパット","9756082093672","","","","","","","491-0921","愛知県一宮市妙興寺一丁目5-4","","","","","","","","","","","","","","","5180003015592","","","",""
"株式会社カタログハウス","9053434975301","","","","","","","151-0053","東京都渋谷区代々木二丁目12-2","","","","","","","","","","","","","","","7011001032512","","","",""
"かつお商店株式会社","4719605423252","","","","","","","001-0014","北海道札幌市北区北十四条西三丁目1-34","","","","","","","","","","","","","","","8430001058417","","","",""
"株式会社活彩北海道","2463398230326","","","","","","","097-0004","北海道稚内市緑五丁目24-2","","","","","","","","","","","","","","","3450001008804","","","",""
"株式会社カッパーゲート","3452907370847","","","","","","","410-2201","静岡県伊豆の国市古奈1160-6","","","","","","","","","","","","","","","7080101018241","","","",""
"株式会社ＣＡＲＤＥ","1561825647249","","","","","","","198-0036","東京都青梅市河辺町六丁目26-5","","","","","","","","","","","","","","","9013101008043","","","",""
"株式会社家電のＳＡＫＵＲＡ","5814676179100","","","","","","","556-0005","大阪府大阪市浪速区日本橋四丁目15-9 寿ビル2F","","","","","","","","","","","","","","","6120002064901","","","",""
"株式会社ＫＡＤＯＫＡＷＡ　ＬｉｆｅＤｅｓｉｇｎ","8924019554045","","","","","","","102-0076","東京都千代田区五番町3-1 五番町グランドビル2F","","","","","","","","","","","","","","","6010401086276","","","",""
"株式会社カドナガセレクト","9890156246970","","","","","","","684-0034","鳥取県境港市昭和町27-3","","","","","","","","","","","","","","","1270001004848","","","",""
"有限会社カナモリ","1930588465823","","","","","","","170-0005","東京都豊島区南大塚三丁目26-4","","","","","","","","","","","","","","","5013302012186","","","",""
"金山株式会社","9860371368450","","","","","","","330-0074","埼玉県さいたま市浦和区北浦和二丁目13-15","","","","","","","","","","","","","","","9030001110209","","","",""
"華成屋株式会社","4632952734100","","","","","","","450-0003","愛知県名古屋市中村区名駅南三丁目12-35","","","","","","","","","","","","","","","1180001124151","","","",""
"株式会社カナリン","8471131174139","","","","","","","501-6202","岐阜県羽島市足近町市場175-1","","","","","","","","","","","","","","","9200001032617","","","",""
"株式会社金児商店","6290782314845","","","","","","","515-0075","三重県松阪市新町830","","","","","","","","","","","","","","","8190001010162","","","",""
"有限会社金子屋商事","6984189183529","","","","","","","940-0097","新潟県長岡市山田一丁目6-1","","","","","","","","","","","","","","","3110002027300","","","",""
"株式会社カネトミ","8321550985458","","","","","","","111-0032","東京都台東区浅草一丁目37-2","","","","","","","","","","","","","","","9050001025834","","","",""
"有限会社カネマツ物産","3612889815268","","","","","","","381-1231","長野県長野市松代町松代583","","","","","","","","","","","","","","","3100002001198","","","",""
"有限会社加納ビジネス","3321884573510","","","","","","","500-8456","岐阜県岐阜市加納大黒町二丁目32","","","","","","","","","","","","","","","8200002001027","","","",""
"株式会社Ｃａｎｏｐｕｓ","9132510043646","","","","","","","192-0011","東京都八王子市滝山町一丁目577-4","","","","","","","","","","","","","","","8011301018219","","","",""
"株式会社ＫＡＮＯＮ","7725882579241","","","","","","","558-0011","大阪府大阪市住吉区苅田六丁目5-1","","","","","","","","","","","","","","","7120001168495","","","",""
"株式会社ＫＡＮＯＮ　ＳＴＯＲＹ","3671430247472","","","","","","","632-0073","奈良県天理市田町145-16","","","","","","","","","","","","","","","4150001018782","","","",""
"カバダ株式会社","2609689858803","","","","","","","579-8035","大阪府東大阪市鳥居町7-34 923号","","","","","","","","","","","","","","","1120001154864","","","",""
"株式会社エフ・エフ・ファクトリー","6242845484686","","","","","","","103-0004","東京都中央区東日本橋三丁目8-1 604","","","","","","","","","","","","","","","9700150003624","","","",""
"株式会社食は生命なり","4348163433870","","","","","","","721-0952","広島県福山市曙町一丁目16-16","","","","","","","","","","","","","","","3240001032841","","","",""
"株式会社スタジオＹクリエイション","5448588359806","","","","","","","111-0043","東京都台東区駒形一丁目2-11 ロジエール駒形1F","","","","","","","","","","","","","","","5010501047550","","","",""
"鎌田商事株式会社","7618288925134","","","","","","","762-0044","香川県坂出市本町一丁目6-35","","","","","","","","","","","","","","","8470001008896","","","",""
"ＫＡＭＩ株式会社","4559970055381","","","","","","","124-0023","東京都葛飾区東新小岩二丁目20-16 EERF新小岩02号室","","","","","","","","","","","","","","","8030001111802","","","",""
"株式会社上杉屋商店","9060469646042","","","","","","","105-0013","東京都港区浜松町二丁目2-15 浜松町ダイヤビル2F","","","","","","","","","","","","","","","1370001020892","","","",""
"カミングネット株式会社","3993795847128","","","","","","","417-0033","静岡県富士市島田町二丁目74","","","","","","","","","","","","","","","5080101011058","","","",""
"株式会社カム・ネッツ","7899604645880","","","","","","","578-0956","大阪府東大阪市横枕西6-23","","","","","","","","","","","","","","","7122001014745","","","",""
"有限会社ＫａＭ．Ｂａｌａｎｃｅ","1499053117264","","","","","","","839-0212","福岡県みやま市高田町江浦町537-2","","","","","","","","","","","","","","","2290002054823","","","",""
"株式会社嘉明商事","3655453787406","","","","","","","321-0964","栃木県宇都宮市駅前通り三丁目1-16","","","","","","","","","","","","","","","4060002012059","","","",""
"株式会社Ｃａｍｅｌｉａ","8977540329034","","","","","","","105-0013","東京都港区浜松町二丁目2-15","","","","","","","","","","","","","","","1011203002153","","","",""
"株式会社賀門","8118117005427","","","","","","","518-0869","三重県伊賀市上野中町2993","","","","","","","","","","","","","","","9190001020367","","","",""
"株式会社カモンジャパン","4991294995682","","","","","","","810-0062","福岡県福岡市中央区荒戸三丁目3-64","","","","","","","","","","","","","","","8290001084568","","","",""
"株式会社カラースキーム","5161879365315","","","","","","","157-0073","東京都世田谷区砧四丁目16-8","","","","","","","","","","","","","","","6010901035336","","","",""
"株式会社カラスバスター","2905673426481","","","","","","","533-0033","大阪府大阪市東淀川区東中島一丁目18-31 1510","","","","","","","","","","","","","","","6120001165601","","","",""
"株式会社カラーズエンターテインメント","7137797229029","","","","","","","541-0053","大阪府大阪市中央区本町四丁目5-4 本町GTCビル201","","","","","","","","","","","","","","","3120001138865","","","",""
"株式会社ＣＯＬＯＲＳ　ＰＬＵＳ","1552959898290","","","","","","","562-0035","大阪府箕面市船場東三丁目2-11 2F","","","","","","","","","","","","","","","9220001024736","","","",""
"株式会社ＫＡＲＡＴＺ","6060429833428","","","","","","","110-0005","東京都台東区上野五丁目26-4","","","","","","","","","","","","","","","3010501041885","","","",""
"ＣＡＬＡＦＯ合同会社","4895801202944","","","","","","","216-0024","神奈川県川崎市宮前区南平台8-7-1","","","","","","","","","","","","","","","9020003020761","","","",""
"株式会社ＫＡＲＡＦＵＲＵ","3003709934918","","","","","","","150-0021","東京都渋谷区恵比寿西二丁目20-14 1F","","","","","","","","","","","","","","","8010901029492","","","",""
"カラフル株式会社","1390704270102","","","","","","","818-0135","福岡県太宰府市向佐野四丁目4-1106","","","","","","","","","","","","","","","6290001082029","","","",""
"株式会社ｃａｌｉｅｎｔｅ","7527138571206","","","","","","","154-0024","東京都世田谷区三軒茶屋二丁目8-11 カーサML301","","","","","","","","","","","","","","","6010901035542","","","",""
"株式会社カリス","5127350920145","","","","","","","105-0013","東京都港区浜松町一丁目11-8","","","","","","","","","","","","","","","3010401062627","","","",""
"株式会社Ｃｈａｒｉｔｅｓ","4954755544484","","","","","","","890-0056","鹿児島県鹿児島市下荒田四丁目13-3","","","","","","","","","","","","","","","5340001016659","","","",""
"株式会社カリテプリ","4384763650010","","","","","","","153-0051","東京都目黒区上目黒一丁目16-12","","","","","","","","","","","","","","","9013201015336","","","",""
"株式会社花林","7531274120031","","","","","","","879-4412","大分県玖珠郡玖珠町大字山田2481-4","","","","","","","","","","","","","","","5320001017907","","","",""
"株式会社ＣＡＬＳＥＥＤ","7897450266426","","","","","","","818-0034","福岡県筑紫野市美しが丘南六丁目4-216","","","","","","","","","","","","","","","5290001061735","","","",""
"合同会社カルティベイツ","6017556308408","","","","","","","224-0057","神奈川県横浜市都筑区川和町268","","","","","","","","","","","","","","","1020003014993","","","",""
"株式会社かれん","4130861066754","","","","","","","153-0042","東京都目黒区青葉台三丁目6-28 住友不動産青葉台タワー8階","","","","","","","","","","","","","","","5130001046347","","","",""
"株式会社ＣＡＬＥＮＤＡＲ","2166388616386","","","","","","","989-4703","宮城県登米市石越町南郷小谷地前110","","","","","","","","","","","","","","","3370201003877","","","",""
"株式会社カロリアジャパン","8183134951636","","","","","","","034-0001","青森県十和田市大字三本木北平135-11","","","","","","","","","","","","","","","9420001011912","","","",""
"有限会社川崎ピンセット","5096653095639","","","","","","","340-0004","埼玉県草加市弁天五丁目34-15","","","","","","","","","","","","","","","6030002043815","","","",""
"有限会社川田餅本舗","9069785607158","","","","","","","742-2301","山口県大島郡周防大島町大字久賀新開5415-2","","","","","","","","","","","","","","","5250002020446","","","",""
"有限会社河内菌本舗","6489494469005","","","","","","","899-6404","鹿児島県霧島市溝辺町麓876-15","","","","","","","","","","","","","","","5340002015346","","","",""
"川野商事株式会社","6931554253209","","","","","","","815-0032","福岡県福岡市南区塩原四丁目19-25","","","","","","","","","","","","","","","5290001069860","","","",""
"株式会社かわむら家","2476001820825","","","","","","","988-0002","宮城県気仙沼市錦町二丁目31","","","","","","","","","","","","","","","8370001040257","","","",""
"株式会社冠宇","9287288535084","","","","","","","505-0027","岐阜県美濃加茂市本郷町六丁目7-8","","","","","","","","","","","","","","","9200001018789","","","",""
"有限会社カンヴァントレード","8346833074082","","","","","","","153-0042","東京都目黒区青葉台一丁目30-6 キャッスルマンション青葉台205号","","","","","","","","","","","","","","","1010002047491","","","",""
"株式会社環境機材販売","8523809473016","","","","","","","135-0063","東京都江東区有明三丁目6-11 TFTビル東館9F西-1","","","","","","","","","","","","","","","9010601047587","","","",""
"環境生活株式会社","7466570872492","","","","","","","224-0062","神奈川県横浜市都筑区葛が谷3-4 ベルデ・レナール2階","","","","","","","","","","","","","","","3010001196494","","","",""
"株式会社関西テレビハッズ","6467643354922","","","","","","","531-0041","大阪府大阪市北区天神橋七丁目12-6 グレーシィ天神橋ビル2号館5F","","","","","","","","","","","","","","","9120001062606","","","",""
"株式会社カンザエモン","1544240819659","","","","","","","300-1243","茨城県つくば市大井1566","","","","","","","","","","","","","","","4050001042909","","","",""
"株式会社神座茶生産組合","2748458740611","","","","","","","426-0036","静岡県藤枝市上青島一里山662-1","","","","","","","","","","","","","","","9080001016368","","","",""
"カントリー・ネット株式会社","1459234846539","","","","","","","046-0023","北海道余市郡余市町梅川町864","","","","","","","","","","","","","","","4430001051227","","","",""
"株式会社カントリーフーズＳｐ","7409456350676","","","","","","","950-3304","新潟県新潟市北区木崎1111-2","","","","","","","","","","","","","","","5110001034213","","","",""
"株式会社カンパネラ","5460665289752","","","","","","","919-0476","福井県坂井市春江町針原20-29","","","","","","","","","","","","","","","3011701015217","","","",""
"株式会社ガイアライブラリー","7729606136168","","","","","","","810-0004","福岡県福岡市中央区渡辺通五丁目14-12 南天神ビル3F","","","","","","","","","","","","","","","9300003000990","","","",""
"有限会社楽","7972436726508","","","","","","","258-0003","神奈川県足柄上郡松田町松田惣領11-6","","","","","","","","","","","","","","","8021002055163","","","",""
"有限会社画材屋ドットコム","6764228658403","","","","","","","337-0043","埼玉県さいたま市見沼区大字中川532-20","","","","","","","","","","","","","","","9030002019135","","","",""
"有限会社ガジェット広島","6821010821554","","","","","","","731-0152","広島県広島市安佐南区毘沙門台四丁目12-7","","","","","","","","","","","","","","","9240002025153","","","",""
"株式会社ガダバ","9713918677014","","","","","","","101-0046","東京都千代田区神田多町二丁目2-22 ハヤカワ多町ビル1F","","","","","","","","","","","","","","","6021001048491","","","",""
"学会放送株式会社","7481320426448","","","","","","","101-0047","東京都千代田区内神田三丁目15-1 UD内神田三丁目ビル5F","","","","","","","","","","","","","","","4010001106106","","","",""
"株式会社ガーデンプラス","7599785486442","","","","","","","658-0032","兵庫県神戸市東灘区向洋町中六丁目9","","","","","","","","","","","","","","","4140001097539","","","",""
"ガードハロー株式会社","9046778051158","","","","","","","340-0002","埼玉県草加市青柳七丁目3-8","","","","","","","","","","","","","","","9010001230768","","","",""
"株式会社ガナドーラ","8044104679896","","","","","","","250-0863","神奈川県小田原市飯泉1258-1","","","","","","","","","","","","","","","8021001052211","","","",""
"株式会社ガーフ","7723417711787","","","","","","","240-0036","神奈川県横浜市保土ケ谷区新桜ケ丘二丁目23-20","","","","","","","","","","","","","","","8020001060364","","","",""
"株式会社ＧＡＹＡ","9129189724223","","","","","","","332-0034","埼玉県川口市並木四丁目6-18","","","","","","","","","","","","","","","9011101071516","","","",""
"株式会社ガリバー","1755014150345","","","","","","","341-0059","埼玉県三郷市インター南三丁目4-1 DPL三郷II2F","","","","","","","","","","","","","","","7030001037420","","","",""
"キコー・インダストリアル・トレーディング有限会社","2118538313278","","","","","","","914-0812","福井県敦賀市昭和町二丁目6-5","","","","","","","","","","","","","","","5210002011176","","","",""
"株式会社キサラギ","2377920339980","","","","","","","963-0201","福島県郡山市大槻町西宮前14-3","","","","","","","","","","","","","","","9380001008450","","","",""
"株式会社紀州バイオ","4142878783705","","","","","","","646-0031","和歌山県田辺市湊8-20","","","","","","","","","","","","","","","8170001009669","","","",""
"株式会社紀州屋コーポレーション","1577834977860","","","","","","","277-0863","千葉県柏市豊四季380-31","","","","","","","","","","","","","","","5040001093984","","","",""
"株式会社岸和田コミュニケーションズ","9937827182028","","","","","","","596-0054","大阪府岸和田市宮本町2-8 秀幸ビル2階","","","","","","","","","","","","","","","2013301037773","","","",""
"キース株式会社","5113958271162","","","","","","","465-0025","愛知県名古屋市名東区上社一丁目1813-2 発明ビル3階","","","","","","","","","","","","","","","2180001131361","","","",""
"株式会社北うま","7113454120700","","","","","","","097-0017","北海道稚内市栄一丁目19-16","","","","","","","","","","","","","","","5450001012705","","","",""
"株式会社北の旬彩","4095327521562","","","","","","","062-0911","北海道札幌市豊平区旭町六丁目1-37","","","","","","","","","","","","","","","4430001034792","","","",""
"株式会社北の達人コーポレーション","9145399502674","","","","","","","060-0001","北海道札幌市中央区北一条西一丁目6 さっぽろ創世スクエア25階","","","","","","","","","","","","","","","8430001028254","","","",""
"株式会社キタファクトリー","5859808498001","","","","","","","005-0006","北海道札幌市南区澄川六条四丁目7-2","","","","","","","","","","","","","","","1430001064982","","","",""
"キタミ電機株式会社","6829463616865","","","","","","","177-0045","東京都練馬区石神井台八丁目15-5","","","","","","","","","","","","","","","5011601001752","","","",""
"北村販売株式会社","8280369456413","","","","","","","543-0043","大阪府大阪市天王寺区勝山一丁目6-11","","","","","","","","","","","","","","","7120001164619","","","",""
"株式会社北廊","9475097815960","","","","","","","079-8453","北海道旭川市永山北三条六丁目3-22","","","","","","","","","","","","","","","4450001006724","","","",""
"株式会社Ｋｉｃｈｉｂｅｉ","8872503806847","","","","","","","916-0142","福井県丹生郡越前町上川去3-3","","","","","","","","","","","","","","","7210001018971","","","",""
"キッコーマンニュートリケア・ジャパン株式会社","7603419131684","","","","","","","103-0001","東京都中央区日本橋小伝馬町1-3 ヨシヤ日本橋ビル201","","","","","","","","","","","","","","","6010401080213","","","",""
"株式会社吉粋","7523107656450","","","","","","","063-0867","北海道札幌市西区八軒七条東三丁目7-11","","","","","","","","","","","","","","","5430001028736","","","",""
"株式会社キッチンダイレクト","2784599107302","","","","","","","600-8208","京都府京都市下京区小稲荷町85-2 Grand-K京都駅前ビル201","","","","","","","","","","","","","","","8130001027476","","","",""
"株式会社キートス","7490791810006","","","","","","","810-0041","福岡県福岡市中央区大名二丁目6-50 福岡大名ガーデンシティ・タワー8階","","","","","","","","","","","","","","","6290001031308","","","",""
"衣笠商事株式会社","3336172881344","","","","","","","656-0131","兵庫県南あわじ市広田中筋35","","","","","","","","","","","","","","","6140001092067","","","",""
"有限会社キノサン","5735430058003","","","","","","","358-0012","埼玉県入間市東藤沢四丁目9-24","","","","","","","","","","","","","","","8030002036916","","","",""
"株式会社きのした","8367637000298","","","","","","","859-1106","長崎県雲仙市吾妻町大木場名17","","","","","","","","","","","","","","","3310001016325","","","",""
"株式会社ｋｉｈａｒａｔ","4658704121577","","","","","","","106-0032","東京都港区六本木七丁目7-7","","","","","","","","","","","","","","","6010401135644","","","",""
"木馬家具株式会社","8382194858507","","","","","","","762-0081","香川県丸亀市飯山町東坂元244-1","","","","","","","","","","","","","","","8470001014705","","","",""
"株式会社ｋｉｂｉｄａｎｇｏ","9448102621665","","","","","","","989-3205","宮城県仙台市青葉区吉成一丁目17-10","","","","","","","","","","","","","","","6370001024699","","","",""
"株式会社吉備の里","1901508588380","","","","","","","719-1162","岡山県総社市岡谷25-1","","","","","","","","","","","","","","","4260001015868","","","",""
"キープオン株式会社","1757180528314","","","","","","","581-0075","大阪府八尾市渋川町五丁目5-33","","","","","","","","","","","","","","","7122001026138","","","",""
"株式会社キーポイント","7439073103639","","","","","","","649-7121","和歌山県伊都郡かつらぎ町大字丁ノ町2468","","","","","","","","","","","","","","","2170001014732","","","",""
"株式会社ＣＡＳＴ　ＪＡＰＡＮ","5067220553597","","","","","","","111-0051","東京都台東区蔵前四丁目14-11 402","","","","","","","","","","","","","","","6010501024854","","","",""
"株式会社キャックルコム","2343613137277","","","","","","","350-0041","埼玉県川越市六軒町一丁目15-2","","","","","","","","","","","","","","","7030001063185","","","",""
"株式会社キャナック","4868485741627","","","","","","","586-0018","大阪府河内長野市千代田南町18-5","","","","","","","","","","","","","","","8120101033672","","","",""
"株式会社ＣａｎｎａＴｅｃｈ","8435575276758","","","","","","","252-1121","神奈川県綾瀬市小園1086","","","","","","","","","","","","","","","6021001067533","","","",""
"キャプロシス株式会社","9623416545381","","","","","","","166-0014","東京都杉並区松ノ木三丁目26-11 日信ビル2F","","","","","","","","","","","","","","","6010401108443","","","",""
"株式会社ＫＡＲＲＹ","5502833919450","","","","","","","650-0022","兵庫県神戸市中央区元町通三丁目9-4 6F","","","","","","","","","","","","","","","4140001129548","","","",""
"株式会社キャリアネクスト","7822249999538","","","","","","","104-0053","東京都中央区晴海一丁目8-8 晴海アイランドトリトンスクエアオフィスタワーW18階","","","","","","","","","","","","","","","5010901037663","","","",""
"キヤリコ合同会社","7621512780293","","","","","","","630-8211","奈良県奈良市雑司町491-5","","","","","","","","","","","","","","","5150003000936","","","",""
"株式会社きゃろっと","1578971223595","","","","","","","061-1405","北海道恵庭市戸磯47-6","","","","","","","","","","","","","","","4430001060418","","","",""
"株式会社キャンバス","6968355215436","","","","","","","815-0084","福岡県福岡市南区市崎一丁目1-5 403","","","","","","","","","","","","","","","1290001094540","","","",""
"株式会社ＣＡＭＰＬＡＢＯ","9378556833302","","","","","","","089-0355","北海道上川郡清水町字旭山2-56","","","","","","","","","","","","","","","7460101006851","","","",""
"株式会社Ｃｕｒｅ","7400979013393","","","","","","","550-0002","大阪府大阪市西区江戸堀一丁目24-15","","","","","","","","","","","","","","","7120001110853","","","",""
"株式会社ＱＵＩＸ","1645922492362","","","","","","","540-0026","大阪府大阪市中央区内本町一丁目2-5","","","","","","","","","","","","","","","2120001191147","","","",""
"株式会社九州医事新報社","6357212784012","","","","","","","812-0008","福岡県福岡市博多区東光一丁目3-8 第13博多東IRビル2階","","","","","","","","","","","","","","","6290001062451","","","",""
"株式会社九州自然館","3617110779581","","","","","","","815-0081","福岡県福岡市南区那の川一丁目6-14","","","","","","","","","","","","","","","6290001018429","","","",""
"九州自販機株式会社","7432467877738","","","","","","","861-8039","熊本県熊本市東区長嶺南六丁目6-1","","","","","","","","","","","","","","","5330001022641","","","",""
"株式会社Ｃｕｂｅ　Ｅａｒｔｈ","1553877264595","","","","","","","530-0005","大阪府大阪市北区中之島四丁目3-25 フジヒサFJ中之島ビル7F","","","","","","","","","","","","","","","5120001189031","","","",""
"株式会社キュリアス","8847379696794","","","","","","","603-8487","京都府京都市北区大北山原谷乾町53-13","","","","","","","","","","","","","","","9130001063561","","","",""
"株式会社ＣＵＲＵＣＵＲＵ","3858348791626","","","","","","","460-0002","愛知県名古屋市中区丸の内一丁目17-19 キリックス丸の内ビル7階","","","","","","","","","","","","","","","7180001068582","","","",""
"ＫＹＯＥＩＤＯカンパニー株式会社","4463308948520","","","","","","","616-8315","京都府京都市右京区嵯峨野宮ノ元町17-5","","","","","","","","","","","","","","","2130001058312","","","",""
"キョウエン株式会社","7147749666461","","","","","","","103-0007","東京都中央区日本橋浜町二丁目55-7 日本橋パークサイドビル6F","","","","","","","","","","","","","","","7010801025626","","","",""
"株式会社輝葉社","7352198343572","","","","","","","558-0033","大阪府大阪市住吉区清水丘二丁目30-9","","","","","","","","","","","","","","","3120001116920","","","",""
"京中貿易株式会社","7492258976581","","","","","","","604-8371","京都府京都市中京区神泉苑町1-2","","","","","","","","","","","","","","","2130001020486","","","",""
"株式会社京都絞美京","6575703337954","","","","","","","604-8863","京都府京都市中京区壬生中川町2-3","","","","","","","","","","","","","","","1130001057736","","","",""
"株式会社京都通販","8969563147984","","","","","","","601-8127","京都府京都市南区上鳥羽北花名町1-3","","","","","","","","","","","","","","","9130001023342","","","",""
"一般社団法人京都物産出品協会","2489333067117","","","","","","","600-8009","京都府京都市下京区函谷鉾町78","","","","","","","","","","","","","","","4130005016132","","","",""
"有限会社協友企画","2117791054911","","","","","","","110-0005","東京都台東区上野六丁目13-4 三井ビル1Fエムズ上野店","","","","","","","","","","","","","","","5010502021042","","","",""
"株式会社共立トラスト","5074702415141","","","","","","","101-0062","東京都千代田区神田駿河台二丁目5-4 お茶の水中央ビル6階","","","","","","","","","","","","","","","5010001014431","","","",""
"きょなん株式会社","8177342726674","","","","","","","299-1908","千葉県安房郡鋸南町吉浜514-1 517-1","","","","","","","","","","","","","","","1040001099234","","","",""
"株式会社キョーワ","1885444584678","","","","","","","573-0026","大阪府枚方市朝日丘町14-11","","","","","","","","","","","","","","","3120001149417","","","",""
"株式会社キリーク","3559510176462","","","","","","","547-0002","大阪府大阪市平野区加美東四丁目16-4 102号","","","","","","","","","","","","","","","3120001229128","","","",""
"株式会社桐工路","9289880715149","","","","","","","607-8302","京都府京都市山科区西野山欠ノ上町83-7","","","","","","","","","","","","","","","7130001058324","","","",""
"株式会社キリンビバックス","8958706141718","","","","","","","730-0013","広島県広島市中区八丁堀16-11 スタートラム広島11階","","","","","","","","","","","","","","","5240001009879","","","",""
"キリンビバレッジ株式会社","4833508474202","","","","","","","164-0001","東京都中野区中野四丁目10-2","","","","","","","","","","","","","","","6010001014934","","","",""
"株式会社Ｋｉｒｅｉ","2530591322785","","","","","","","500-8326","岐阜県岐阜市吹上町六丁目20-2","","","","","","","","","","","","","","","6200001008603","","","",""
"キロン株式会社","9773842672141","","","","","","","980-0021","宮城県仙台市青葉区中央一丁目2-3 仙台マークワン19F","","","","","","","","","","","","","","","6370001019220","","","",""
"株式会社Ｋｉｗａｎｄａ","8271345392876","","","","","","","150-0002","東京都渋谷区渋谷四丁目2-27 VORTEX青山101","","","","","","","","","","","","","","","8013201018587","","","",""
"株式会社キングダム","1813436351624","","","","","","","164-0003","東京都中野区東中野五丁目2-13 304","","","","","","","","","","","","","","","6120001137294","","","",""
"金氏高麗人参株式会社","8782321703201","","","","","","","602-8367","京都府京都市上京区堀川町富永町692 アスティルビル6F","","","","","","","","","","","","","","","7130001027964","","","",""
"株式会社ＫＩＮＳ","8492912803504","","","","","","","136-0082","東京都江東区新木場一丁目17-8 328","","","","","","","","","","","","","","","4010401142502","","","",""
"株式会社金豹国際商貿","5536872879545","","","","","","","812-0011","福岡県福岡市博多区博多駅前一丁目29-24 プレイン博多101","","","","","","","","","","","","","","","9290001068446","","","",""
"合同会社キンビシャス","3876653067602","","","","","","","131-0046","東京都墨田区京島一丁目","","","","","","","","","","","","","","","4040003005526","","","",""
"株式会社ギアラボ","6726566471304","","","","","","","813-0042","福岡県福岡市東区舞松原二丁目10-7 GMビル1F","","","","","","","","","","","","","","","9290001029225","","","",""
"ギガクラウド・テクノロジー・ジャパン株式会社","3598903136418","","","","","","","192-0032","東京都八王子市石川町2969-16 ランドポー卜八王子2F","","","","","","","","","","","","","","","5012401022781","","","",""
"株式会社ＧＩＴＡ　ＴＲＡＤＩＮＧ","1291369561336","","","","","","","110-0016","東京都台東区台東四丁目31-7 ラミアール御徒802平成31年3月1日移転","","","","","","","","","","","","","","","6010501029977","","","",""
"株式会社ＧＩＦＴ","7395551601494","","","","","","","290-0034","千葉県市原市島野1475-5","","","","","","","","","","","","","","","3040001092732","","","",""
"合同会社ＧＩＦＴ","2026486469078","","","","","","","350-0825","埼玉県川越市月吉町16-32","","","","","","","","","","","","","","","8030003010011","","","",""
"株式会社ギフトイット","3267625740567","","","","","","","531-0071","大阪府大阪市北区中津一丁目17-26","","","","","","","","","","","","","","","9120001094806","","","",""
"有限会社ギフトシヨツプあさの","6671844988697","","","","","","","757-0002","山口県山陽小野田市大字郡2024-10","","","","","","","","","","","","","","","1250002006267","","","",""
"株式会社ギフトハウス","3489241130378","","","","","","","252-0243","神奈川県相模原市中央区上溝三丁目20-22","","","","","","","","","","","","","","","9021001069741","","","",""
"株式会社ギフトパッド","4230226541230","","","","","","","550-0015","大阪府大阪市西区南堀江三丁目9-13 堀江家具WESTビルディング4F","","","","","","","","","","","","","","","5140001074792","","","",""
"株式会社ギフトモール","8724488194638","","","","","","","103-0028","東京都中央区八重洲一丁目4-10 東京建物八重洲仲通りビル12階","","","","","","","","","","","","","","","3010001162579","","","",""
"株式会社Ｇａｔｈｅｒｉｎｇ","3926523961951","","","","","","","152-0023","東京都目黒区八雲五丁目16-5","","","","","","","","","","","","","","","4011001099471","","","",""
"ギャラリー蒼茫有限会社","8995437490081","","","","","","","115-0045","東京都北区赤羽一丁目61-4 シティ・ヴィラ石井604","","","","","","","","","","","","","","","4011502014053","","","",""
"株式会社ギャレットインテリア","1269614104513","","","","","","","153-0043","東京都目黒区東山一丁目21-8","","","","","","","","","","","","","","","8010401110224","","","",""
"株式会社牛超","2589370210002","","","","","","","324-0041","栃木県大田原市本町一丁目2701-178","","","","","","","","","","","","","","","5060001013560","","","",""
"銀座化粧堂株式会社","5813289865114","","","","","","","104-0031","東京都中央区京橋二丁目1-3","","","","","","","","","","","","","","","1010001202873","","","",""
"株式会社銀座明倫館","3484920602168","","","","","","","104-0061","東京都中央区銀座八丁目10-7 東成ビル5階","","","","","","","","","","","","","","","2010001058753","","","",""
"株式会社クアオール","6074527091240","","","","","","","352-0032","埼玉県新座市新堀三丁目8-35","","","","","","","","","","","","","","","9012701003420","","","",""
"有限会社クィーンズカンパニー","9020253232902","","","","","","","102-0084","東京都千代田区二番町9-3 THEBASE麹町1F","","","","","","","","","","","","","","","1011402017415","","","",""
"クイーンパレット株式会社","4985453190551","","","","","","","659-0083","兵庫県芦屋市西山町21-23","","","","","","","","","","","","","","","7140001028994","","","",""
"有限会社空","1545997479433","","","","","","","263-0043","千葉県千葉市稲毛区小仲台二丁目13-13","","","","","","","","","","","","","","","7011702016912","","","",""
"株式会社Ｑｕｅｓｔ","9231271583684","","","","","","","541-0057","大阪府大阪市中央区北久宝寺町二丁目1-15 船場エースビル4階","","","","","","","","","","","","","","","5120001126190","","","",""
"株式会社クオリタ・コーポレーション","1800473588746","","","","","","","150-0001","東京都渋谷区神宮前六丁目23-13 メイメゾン5A","","","","","","","","","","","","","","","8013301041167","","","",""
"株式会社クオリーメン","5150907136432","","","","","","","441-8011","愛知県豊橋市菰口町五丁目30","","","","","","","","","","","","","","","4180301009165","","","",""
"ＫＵＫＵＲＵ株式会社","7708826948466","","","","","","","900-0015","沖縄県那覇市久茂地三丁目4-10 YAKAビル1F","","","","","","","","","","","","","","","3360001017855","","","",""
"株式会社クジラ","3413752457308","","","","","","","422-8033","静岡県静岡市駿河区登呂一丁目16-16","","","","","","","","","","","","","","","2080001001260","","","",""
"株式会社ｋｕｓｕｇｕｒｕ","1250608653016","","","","","","","169-0074","東京都新宿区北新宿二丁目6-14","","","","","","","","","","","","","","","9011101092347","","","",""
"株式会社クダモノラクエン","3946384447192","","","","","","","999-3511","山形県西村山郡河北町谷地月山堂421-6","","","","","","","","","","","","","","","5390001016803","","","",""
"クックス産直ネット株式会社","6275304538299","","","","","","","534-0025","大阪府大阪市都島区片町一丁目5-13 大手前センチュリービル","","","","","","","","","","","","","","","7120001163868","","","",""
"株式会社ＫＵＦＵ","4997800350430","","","","","","","547-0032","大阪府大阪市平野区流町三丁目17-9","","","","","","","","","","","","","","","4120001194775","","","",""
"有限会社熊沢米店","7636026590817","","","","","","","259-1131","神奈川県伊勢原市伊勢原二丁目4-17","","","","","","","","","","","","","","","1021002034875","","","",""
"合同会社ＣＲＩＢＥ","7576797169257","","","","","","","185-0004","東京都国分寺市新町三丁目18-30","","","","","","","","","","","","","","","8012803001967","","","",""
"株式会社ＣＬＩＭＢ　ＲＯＡＤ","9628465663175","","","","","","","141-0022","東京都品川区東五反田二丁目3-2 タイセイビル2F","","","","","","","","","","","","","","","8012401019742","","","",""
"株式会社Ｃｌｏｕｄ","2367432529834","","","","","","","150-0001","東京都渋谷区神宮前五丁目25-4 BARCA3F","","","","","","","","","","","","","","","6011001110483","","","",""
"株式会社クラウド","8281451503527","","","","","","","160-0022","東京都新宿区新宿一丁目18-10 橋場コーポ2F","","","","","","","","","","","","","","","6011101056255","","","",""
"株式会社クラウドウォーター","6200237897130","","","","","","","220-0072","神奈川県横浜市西区浅間町五丁目388-4 クリオ横浜天王町壱番館502号","","","","","","","","","","","","","","","8020001060678","","","",""
"有限会社クラウンモータース","2576365510200","","","","","","","041-0812","北海道函館市昭和四丁目19-11","","","","","","","","","","","","","","","9440002001423","","","",""
"株式会社蔵桐工房","3860239970351","","","","","","","344-0058","埼玉県春日部市栄町三丁目11-2","","","","","","","","","","","","","","","3011701018021","","","",""
"株式会社Ｃｒａｓｉｋ","7774017281043","","","","","","","530-0005","大阪府大阪市北区中之島四丁目2-28 甲南アセット中之島ビル2F","","","","","","","","","","","","","","","6120001188552","","","",""
"株式会社クラシコ","7145258179919","","","","","","","121-0831","東京都足立区舎人二丁目10-8 701号","","","","","","","","","","","","","","","1011801032741","","","",""
"株式会社クラシックセブン","8053604235457","","","","","","","422-8053","静岡県静岡市駿河区西中原一丁目5-32","","","","","","","","","","","","","","","2080001023585","","","",""
"株式会社くらしラボ","2479016415737","","","","","","","150-0013","東京都渋谷区恵比寿一丁目19-23 東邦ビル2F","","","","","","","","","","","","","","","6010601056847","","","",""
"クラスフィル株式会社","7473264436172","","","","","","","520-3015","滋賀県栗東市安養寺七丁目2-22","","","","","","","","","","","","","","","4160001014038","","","",""
"クラスリー株式会社","1295186812279","","","","","","","150-0043","東京都渋谷区道玄坂一丁目10-8 渋谷道玄坂東急ビル2F-C","","","","","","","","","","","","","","","2011001112194","","","",""
"株式会社クラダシ","3239472647027","","","","","","","141-0021","東京都品川区上大崎三丁目2-1","","","","","","","","","","","","","","","3011001100958","","","",""
"株式会社クラフト","1377763679261","","","","","","","779-3403","徳島県吉野川市山川町三島320-1","","","","","","","","","","","","","","","9480001004836","","","",""
"有限会社クララ","4121775987464","","","","","","","104-0061","東京都中央区銀座七丁目15-8 406","","","","","","","","","","","","","","","2240002052567","","","",""
"株式会社クララケア・サポート","3020032257573","","","","","","","981-0931","宮城県仙台市青葉区北山一丁目6-29","","","","","","","","","","","","","","","7370001015441","","","",""
"株式会社クリアプロダクト","1127007054757","","","","","","","532-0013","大阪府大阪市淀川区木川西二丁目2-17 507","","","","","","","","","","","","","","","8120001217755","","","",""
"株式会社クリアライフ","8466646325975","","","","","","","970-8024","福島県いわき市平北白土宮前29","","","","","","","","","","","","","","","3380001022176","","","",""
"一般社団法人クリエイターズブリッジ","9032210753622","","","","","","","650-0003","兵庫県神戸市中央区山本通二丁目3-1 日信貿易ビル5階","","","","","","","","","","","","","","","2140005022346","","","",""
"株式会社クリエイティブ","2628128947853","","","","","","","562-0035","大阪府箕面市船場東一丁目8-51 204号","","","","","","","","","","","","","","","2120901017566","","","",""
"株式会社クリエイティブアピス","7370431042006","","","","","","","350-1123","埼玉県川越市脇田本町11-36","","","","","","","","","","","","","","","9010001063508","","","",""
"株式会社クリエイティブハウスコーポレーション","4403357264933","","","","","","","113-0033","東京都文京区本郷三丁目38-10 さかえビル2F","","","","","","","","","","","","","","","3010001147175","","","",""
"株式会社クリエイト","7953627960843","","","","","","","963-0101","福島県郡山市安積町日出山旧屋敷4-1 佐藤貸家3号棟","","","","","","","","","","","","","","","2380001029651","","","",""
"株式会社クリエーションモデル","5352070804676","","","","","","","424-0037","静岡県静岡市清水区袖師町22-205","","","","","","","","","","","","","","","8021001053928","","","",""
"株式会社クリエートプラス","1026739085395","","","","","","","431-2103","静岡県浜松市浜名区新都田一丁目3-3-1 浜松都田インキュベートセンターA4","","","","","","","","","","","","","","","3020001132589","","","",""
"有限会社クリサンティム","1026974858276","","","","","","","107-0052","東京都港区赤坂六丁目13-8","","","","","","","","","","","","","","","2010402029337","","","",""
"株式会社Ｃｒｙｓｔａｌ　Ｄｒｏｐ","4862887296569","","","","","","","076-0011","北海道富良野市末広町8-1","","","","","","","","","","","","","","","2040001031303","","","",""
"株式会社ＣＲＥＥＴ　ｓｔａｇｅ","7575692938927","","","","","","","980-0013","宮城県仙台市青葉区花京院二丁目1-61 オークツリー1F","","","","","","","","","","","","","","","3370001049468","","","",""
"株式会社Ｃｒｅｗ","5365094374937","","","","","","","150-0022","東京都渋谷区恵比寿南二丁目5-8 TOTSUPARKVIEWPLAZA6F","","","","","","","","","","","","","","","7011101076847","","","",""
"クルーク株式会社","4199101831833","","","","","","","231-0806","神奈川県横浜市中区本牧町二丁目366","","","","","","","","","","","","","","","6020001109122","","","",""
"株式会社くるみ","1616981231481","","","","","","","150-0021","東京都渋谷区恵比寿西一丁目15-10 第6横芝ビル7階","","","","","","","","","","","","","","","4010401140415","","","",""
"有限会社クルール","8698882301250","","","","","","","669-3168","兵庫県丹波市山南町西谷253","","","","","","","","","","","","","","","5140002034762","","","",""
"ＣＲＥＡＸ株式会社","3043109121692","","","","","","","814-0021","福岡県福岡市早良区荒江二丁目3-12 202","","","","","","","","","","","","","","","1290001076423","","","",""
"株式会社クレアフィールド","4987533657610","","","","","","","591-8022","大阪府堺市北区金岡町3007-4","","","","","","","","","","","","","","","6120101059645","","","",""
"クレアル株式会社","6995514260175","","","","","","","167-0053","東京都杉並区西荻南四丁目4-15","","","","","","","","","","","","","","","3011302004321","","","",""
"株式会社ＣＲＡＺＹ　ＢＵＭＰ","7621548513552","","","","","","","153-0063","東京都目黒区目黒二丁目15-14 目黒FSDビル5F","","","","","","","","","","","","","","","7011001099394","","","",""
"クレオプラス株式会社","8919246476389","","","","","","","270-2241","千葉県松戸市松戸新田123-1 1F(事務所)","","","","","","","","","","","","","","","5040001088398","","","",""
"株式会社クレソワン化粧品","5327159459141","","","","","","","810-0001","福岡県福岡市中央区天神四丁目6-7 天神クリスタルビル4F","","","","","","","","","","","","","","","6290001024113","","","",""
"株式会社クレヨラ","8010879800998","","","","","","","155-0031","東京都世田谷区北沢二丁目26-10","","","","","","","","","","","","","","","9011001007099","","","",""
"株式会社Ｃｒｅｌａｂｏ","4408066954025","","","","","","","103-0027","東京都中央区日本橋一丁目13-1","","","","","","","","","","","","","","","4010001210626","","","",""
"株式会社ｑｕｒｏｃｏ","7641664644308","","","","","","","151-0051","東京都渋谷区千駄ケ谷四丁目7-5","","","","","","","","","","","","","","","2011001070608","","","",""
"株式会社クロコス","9023328329874","","","","","","","810-0011","福岡県福岡市中央区高砂二丁目1-4 オーキッドプレイス天神南8階","","","","","","","","","","","","","","","8290001091192","","","",""
"株式会社クロス","4866797783278","","","","","","","348-0053","埼玉県羽生市南二丁目13-8","","","","","","","","","","","","","","","4030001033331","","","",""
"株式会社クロスウィン","8810468690291","","","","","","","173-0011","東京都板橋区双葉町34-19","","","","","","","","","","","","","","","9011501014743","","","",""
"クロスエモーション合同会社","7112603882239","","","","","","","107-0062","東京都港区南青山五丁目12-6 英ビル8F","","","","","","","","","","","","","","","5013303002293","","","",""
"合同会社クロスシェアリング","4053981357409","","","","","","","803-0816","福岡県北九州市小倉北区金田二丁目1-2","","","","","","","","","","","","","","","2120003006831","","","",""
"株式会社クロスボーダー","4297026805606","","","","","","","760-0005","香川県高松市宮脇町一丁目20-6","","","","","","","","","","","","","","","3470001015492","","","",""
"Ｃｒｏｓｓ　Ｍｅｄｉａ　Ｊａｐａｎ株式会社","6320577125932","","","","","","","730-0046","広島県広島市中区昭和町4-18","","","","","","","","","","","","","","","1240001051182","","","",""
"株式会社Ｃｌｏｔｈ　ｌａｂ","9240011832835","","","","","","","150-0011","東京都渋谷区東三丁目4-14","","","","","","","","","","","","","","","5011001138880","","","",""
"株式会社クロノス","9754006222349","","","","","","","836-0004","福岡県大牟田市大字手鎌798-1","","","","","","","","","","","","","","","7290001060371","","","",""
"株式会社クローバー","8333278480243","","","","","","","731-0141","広島県広島市安佐南区相田三丁目33-26","","","","","","","","","","","","","","","6240001043555","","","",""
"株式会社クローバー","4256307855607","","","","","","","311-4151","茨城県水戸市姫子一丁目816-2","","","","","","","","","","","","","","","1050001044321","","","",""
"ＣＬＯＶＥＲＣ合同会社","8054445236351","","","","","","","511-0912","三重県桑名市大字星川958-5","","","","","","","","","","","","","","","5190003004223","","","",""
"株式会社クロフィア","6331102674668","","","","","","","600-8841","京都府京都市下京区朱雀正会町1-1 KYOCA202","","","","","","","","","","","","","","","3130001063583","","","",""
"株式会社クロマチック・フーガ","9440310233318","","","","","","","818-0114","福岡県太宰府市大字北谷960","","","","","","","","","","","","","","","8290001070048","","","",""
"株式会社ｃｒｏｉｘ","1462336666680","","","","","","","150-0002","東京都渋谷区渋谷一丁目8-3 渋谷安田ビル8F","","","","","","","","","","","","","","","4011001063403","","","",""
"株式会社Ｇｏｏｄｓａｎｉａ","1264556868816","","","","","","","761-0443","香川県高松市川島東町293-5","","","","","","","","","","","","","","","9470001018606","","","",""
"グッズカンパニー株式会社","4594274409309","","","","","","","553-0007","大阪府大阪市福島区大開四丁目1-18","","","","","","","","","","","","","","","3120901029593","","","",""
"Ｇｏｏｄｅ株式会社","9914461599740","","","","","","","430-0924","静岡県浜松市中区龍禅寺町6","","","","","","","","","","","","","","","3080401022401","","","",""
"株式会社Ｇｏｏｄ　ｔｈｉｎｇ","2556266502530","","","","","","","556-0014","大阪府大阪市浪速区大国一丁目3-8","","","","","","","","","","","","","","","7120001195531","","","",""
"株式会社グッドセレクト","8359800118142","","","","","","","187-0042","東京都小平市仲町291","","","","","","","","","","","","","","","3010001156184","","","",""
"株式会社グッドバイラル","6094985009590","","","","","","","965-0031","福島県会津若松市相生町1-13","","","","","","","","","","","","","","","6011101072005","","","",""
"株式会社グッドボックス","6078083073913","","","","","","","201-0004","東京都狛江市岩戸北一丁目7-15","","","","","","","","","","","","","","","2012401016010","","","",""
"ｇｏｏｄｂｏｄｙ株式会社","7401481374384","","","","","","","860-0845","熊本県熊本市中央区上通町11-1 TMGBLDG. 2F","","","","","","","","","","","","","","","9330001026779","","","",""
"株式会社グッドマム","7133144421087","","","","","","","350-0804","埼玉県川越市大字下広谷651-16","","","","","","","","","","","","","","","1030001072539","","","",""
"株式会社グッドメディア","9614114891922","","","","","","","104-0061","東京都中央区銀座六丁目14-5 銀座ホウライビル4F","","","","","","","","","","","","","","","1010001145230","","","",""
"Ｇｏｏｄ　Ｍｏｒｎｉｎｇ　Ｔｏｋｙｏ株式会社","4475840650770","","","","","","","153-0065","東京都目黒区中町一丁目8-12 サンハイム103","","","","","","","","","","","","","","","9013201015484","","","",""
"グッドライフソリューション株式会社","5203750400929","","","","","","","543-0043","大阪府大阪市天王寺区勝山一丁目8-31","","","","","","","","","","","","","","","1120001165696","","","",""
"株式会社グーピル","3540175794904","","","","","","","181-0013","東京都三鷹市下連雀五丁目3-1 903","","","","","","","","","","","","","","","7012401021360","","","",""
"株式会社グラジーレ","4257713604204","","","","","","","814-0003","福岡県福岡市早良区城西一丁目1-31","","","","","","","","","","","","","","","7290001067664","","","",""
"ＧＲＡＳＰ株式会社","5289756171800","","","","","","","152-0003","東京都目黒区碑文谷五丁目2-5 T&Aビル5F","","","","","","","","","","","","","","","9010601049105","","","",""
"株式会社グラッズ","9669497524150","","","","","","","104-0061","東京都中央区銀座七丁目4-14 HBCGINZA9階","","","","","","","","","","","","","","","4010001134775","","","",""
"株式会社ＧＲＡＤ","3746835448212","","","","","","","104-0061","東京都中央区銀座八丁目17-5","","","","","","","","","","","","","","","3010001128654","","","",""
"株式会社グラニフ","8790920131064","","","","","","","150-0001","東京都渋谷区神宮前二丁目34-17 住友不動産原宿ビル6F","","","","","","","","","","","","","","","2010001205727","","","",""
"株式会社グラニーレ","9458409118775","","","","","","","939-8213","富山県富山市黒瀬179-3","","","","","","","","","","","","","","","3380001024973","","","",""
"株式会社Ｇｒａｖ","6930275878885","","","","","","","761-0432","香川県高松市亀田南町409","","","","","","","","","","","","","","","9470001014662","","","",""
"株式会社グラミル","3983255819020","","","","","","","381-0051","長野県長野市大字若槻団地3-268","","","","","","","","","","","","","","","6100001035590","","","",""
"株式会社グランキ","3094100794543","","","","","","","760-0028","香川県高松市鍛冶屋町7-1 乃一ビル4階","","","","","","","","","","","","","","","1470001006287","","","",""
"株式会社グランサンク","7391856310783","","","","","","","642-0024","和歌山県海南市阪井1764","","","","","","","","","","","","","","","3170001005573","","","",""
"株式会社グランツリー","3203033532515","","","","","","","651-2129","兵庫県神戸市西区白水一丁目41-16","","","","","","","","","","","","","","","5140001033162","","","",""
"株式会社グランドーネ","7921864350953","","","","","","","263-0043","千葉県千葉市稲毛区小仲台八丁目19-3","","","","","","","","","","","","","","","3040001015783","","","",""
"株式会社グランレビュー","2655867075183","","","","","","","607-8136","京都府京都市山科区大塚丹田2-16","","","","","","","","","","","","","","","3130001060036","","","",""
"株式会社Ｇｒｉｓｈ","5736348440582","","","","","","","669-2455","兵庫県丹波篠山市宇土380-3","","","","","","","","","","","","","","","4140001101647","","","",""
"株式会社ｇｌｅａｍ","9445943512978","","","","","","","649-6331","和歌山県和歌山市北野336-2","","","","","","","","","","","","","","","7170001014133","","","",""
"株式会社ＧＲＥＥＮ　ＩＮＴＥＲＮＡＴＩＯＮＡＬ","1366611257225","","","","","","","542-0086","大阪府大阪市中央区西心斎橋二丁目10-35 優ビル1階","","","","","","","","","","","","","","","2120001161265","","","",""
"グリーンオン株式会社","7858842365135","","","","","","","103-0011","東京都中央区日本橋大伝馬町6-8 PMO日本橋大伝馬町9F","","","","","","","","","","","","","","","7010001227898","","","",""
"株式会社Ｇｒｅｅｎｓｐｏｏｎ","3714812775433","","","","","","","150-0012","東京都渋谷区広尾五丁目19-9 広尾ONビル2F","","","","","","","","","","","","","","","2010701037668","","","",""
"株式会社グリーンズ","5811333761531","","","","","","","684-0041","鳥取県境港市中野町415","","","","","","","","","","","","","","","5270001007038","","","",""
"株式会社グリーンファーム","9337078412006","","","","","","","838-0103","福岡県小郡市三国が丘五丁目13-1","","","","","","","","","","","","","","","8290001050421","","","",""
"株式会社ＧＲＯＯＶＥＨＡＮＤＳ","1665706194535","","","","","","","150-0044","東京都渋谷区円山町6-7","","","","","","","","","","","","","","","6011001095015","","","",""
"合資会社グルーヴプラン","5515274282737","","","","","","","369-0306","埼玉県児玉郡上里町大字七本木1767-9","","","","","","","","","","","","","","","8030003003097","","","",""
"株式会社Ｇｌｏｏｄ　ｒｏｉ","8440168257005","","","","","","","330-0834","埼玉県さいたま市大宮区天沼町二丁目18 T. M大宮ビル1階・2階","","","","","","","","","","","","","","","5040001115565","","","",""
"合同会社グルナッシュ","8043302355274","","","","","","","270-1424","千葉県白井市堀込一丁目1-34 パレット白井102","","","","","","","","","","","","","","","4040003002309","","","",""
"株式会社グループストア","1814870344598","","","","","","","170-0013","東京都豊島区東池袋三丁目1-1 サンシャイン60","","","","","","","","","","","","","","","8013301028858","","","",""
"株式会社グレイシーズ","8709764545483","","","","","","","577-0016","大阪府東大阪市長田西二丁目7-22","","","","","","","","","","","","","","","8160001020387","","","",""
"株式会社ＧＲＡＣＥ　ＣＲＥＡ","9385980393966","","","","","","","810-0042","福岡県福岡市中央区赤坂一丁目1-5 鶴田けやきビル3F","","","","","","","","","","","","","","","1290001032161","","","",""
"株式会社ｇｒａｔｅｆｕｌ","9834467897474","","","","","","","221-0835","神奈川県横浜市神奈川区鶴屋町二丁目10-1 ミンダンビル301","","","","","","","","","","","","","","","3010401086097","","","",""
"株式会社グレンフィールド","6902961296125","","","","","","","577-0063","大阪府東大阪市川俣一丁目1-41 ルクスビル3F","","","","","","","","","","","","","","","4122001013790","","","",""
"Ｇｌｏｏ株式会社","3933347809453","","","","","","","224-0012","神奈川県横浜市都筑区牛久保一丁目2-9 メディコーポ都筑308","","","","","","","","","","","","","","","1020001111818","","","",""
"合同会社グロー","8790081892785","","","","","","","123-0872","東京都足立区江北四丁目1-7","","","","","","","","","","","","","","","4011803004133","","","",""
"Ｇｒｏｗ株式会社","1155639159225","","","","","","","103-0004","東京都中央区東日本橋二丁目28-4 日本橋CETビル2F","","","","","","","","","","","","","","","3010001160327","","","",""
"株式会社グロウアップウェア","8080382619965","","","","","","","636-0012","奈良県北葛城郡王寺町本町三丁目1330-47","","","","","","","","","","","","","","","1150001020576","","","",""
"株式会社Ｇｒｏｗｔｈ＆Ｖａｌｕｅ","9130225096264","","","","","","","279-0001","千葉県浦安市当代島一丁目17-19 第2岡清ビル2F","","","","","","","","","","","","","","","1040001096000","","","",""
"株式会社ＧＲＯＷＰ","8387814541989","","","","","","","811-1213","福岡県那珂川市中原六丁目13-1 オフィスパレア","","","","","","","","","","","","","","","3240001054654","","","",""
"株式会社グローバルイノベーションハンドル","9098474487509","","","","","","","150-0001","東京都渋谷区神宮前六丁目27-8 京セラ原宿ビル2F","","","","","","","","","","","","","","","3011001128859","","","",""
"株式会社グローバルウォーター","1335571971757","","","","","","","177-0053","東京都練馬区関町南四丁目15-4 505号","","","","","","","","","","","","","","","7010001090322","","","",""
"有限会社グローバルサイエンス","8268629241299","","","","","","","170-0002","東京都豊島区巣鴨三丁目39-4 203号","","","","","","","","","","","","","","","2010002051955","","","",""
"グローバル商事株式会社","1625278811468","","","","","","","173-0026","東京都板橋区中丸町29-1 103サンビュー北池袋","","","","","","","","","","","","","","","9013301029624","","","",""
"合同会社グローバルナビゲーション","5287764140661","","","","","","","541-0047","大阪府大阪市中央区淡路町二丁目2-6 305号","","","","","","","","","","","","","","","5120003022207","","","",""
"株式会社ＧＬＯＢＡＬ　ＮＥＸＵＳ","1388626061154","","","","","","","277-0843","千葉県柏市明原一丁目2-6 ヤマニビル2F","","","","","","","","","","","","","","","5040001079240","","","",""
"グローバルファクトリー株式会社","1556149335923","","","","","","","675-0019","兵庫県加古川市野口町水足510-5","","","","","","","","","","","","","","","9140001046078","","","",""
"グローバルロジスティクス株式会社","1651509354076","","","","","","","567-0836","大阪府茨木市目垣一丁目23-15","","","","","","","","","","","","","","","7120901014096","","","",""
"株式会社グローバルロード","2960620808341","","","","","","","104-0045","東京都中央区築地五丁目6-10","","","","","","","","","","","","","","","8010001174462","","","",""
"株式会社グローランプ","2113000576633","","","","","","","639-1042","奈良県大和郡山市小泉町2475-4 2F","","","","","","","","","","","","","","","8150001019942","","","",""
"群馬県学校生活協同組合","5384580158252","","","","","","","371-0847","群馬県前橋市大友町一丁目13-12","","","","","","","","","","","","","","","7070005000858","","","",""
"株式会社ＫＩＧ","1677435089901","","","","","","","550-0002","大阪府大阪市西区江戸堀二丁目1-1","","","","","","","","","","","","","","","3120001146570","","","",""
"株式会社ケアーメディカル","7992248561611","","","","","","","190-0023","東京都立川市柴崎町二丁目17-18","","","","","","","","","","","","","","","5012801007507","","","",""
"ケアライフ株式会社","2662868460255","","","","","","","816-0855","福岡県春日市天神山四丁目137-1","","","","","","","","","","","","","","","8290001070378","","","",""
"株式会社Ｋ＆Ｉ","9573185184373","","","","","","","345-0804","埼玉県南埼玉郡宮代町川端三丁目7-8","","","","","","","","","","","","","","","3030001128999","","","",""
"Ｋ＆Ｓ株式会社","9516492165637","","","","","","","104-0045","東京都中央区築地五丁目4-19","","","","","","","","","","","","","","","9010001165428","","","",""
"株式会社Ｋ．Ｉ．Ｔ　ＰＬＡＮ","9193529069196","","","","","","","661-0041","兵庫県尼崎市武庫の里二丁目24-22","","","","","","","","","","","","","","","1140001053750","","","",""
"株式会社ケイアイト","9147464630005","","","","","","","662-0838","兵庫県西宮市能登町5-4","","","","","","","","","","","","","","","9140001104174","","","",""
"株式会社Ｋ＆Ｋ　ＴＲＡＤＩＮＧ","8446499550744","","","","","","","106-0046","東京都港区元麻布三丁目1-35 c-MA3ビル5階","","","","","","","","","","","","","","","4010401065950","","","",""
"株式会社恵運","9647191342675","","","","","","","377-1612","群馬県吾妻郡嬬恋村大字大前2269-15","","","","","","","","","","","","","","","8040001094253","","","",""
"ＫＳＥコーポレーション合同会社","1767777945488","","","","","","","812-0053","福岡県福岡市東区箱崎二丁目27-4 エクセレント箱崎ビル306号","","","","","","","","","","","","","","","9290803002726","","","",""
"株式会社ケイエスシー","8049072657417","","","","","","","338-0823","埼玉県さいたま市桜区栄和四丁目26-1 ストリーム栄和B102","","","","","","","","","","","","","","","7010401009021","","","",""
"慶應製薬株式会社","8320605520585","","","","","","","110-0015","東京都台東区東上野二丁目13-2 上野スカイビル","","","","","","","","","","","","","","","6040001100194","","","",""
"有限会社ケイ・オフィス空間研究所","3904383807782","","","","","","","231-0003","神奈川県横浜市中区北仲通四丁目49","","","","","","","","","","","","","","","5020002042315","","","",""
"株式会社Ｋａｙｃａｙ","4110690597535","","","","","","","550-0003","大阪府大阪市西区京町堀一丁目14-25 京二ビル308","","","","","","","","","","","","","","","6120003017511","","","",""
"株式会社慶コンサルティング","8545926788637","","","","","","","171-0014","東京都豊島区池袋二丁目60-11 ともビル10F","","","","","","","","","","","","","","","9012701011860","","","",""
"ケイシン株式会社","8252668843607","","","","","","","650-0023","兵庫県神戸市中央区栄町通七丁目1-1 713","","","","","","","","","","","","","","","8140001028267","","","",""
"株式会社恵中商事","8585596024239","","","","","","","653-0879","兵庫県神戸市長田区雲雀ケ丘三丁目6-4 308号","","","","","","","","","","","","","","","8140001098723","","","",""
"株式会社ＫＴＭ","7649560189004","","","","","","","501-0313","岐阜県瑞穂市十七条679-7","","","","","","","","","","","","","","","5200001010601","","","",""
"有限会社ケイ・ディー","8430735821080","","","","","","","389-0111","長野県北佐久郡軽井沢町大字長倉3841-2","","","","","","","","","","","","","","","2011002022896","","","",""
"株式会社ＫＢ","9636856783655","","","","","","","177-0041","東京都練馬区石神井町四丁目1-12","","","","","","","","","","","","","","","7011601002030","","","",""
"恵豊株式会社","5719019961524","","","","","","","124-0003","東京都葛飾区お花茶屋二丁目13-7 1F","","","","","","","","","","","","","","","9010001138680","","","",""
"株式会社ケイララ","4660385226802","","","","","","","341-0024","埼玉県三郷市三郷二丁目18-3","","","","","","","","","","","","","","","3011701019589","","","",""
"有限会社ケーウィンズ","2171886309875","","","","","","","174-0063","東京都板橋区前野町二丁目34-7","","","","","","","","","","","","","","","2013302018616","","","",""
"株式会社ＫＳＭコーポレーション","7727270364546","","","","","","","745-0026","山口県周南市住崎町13-25","","","","","","","","","","","","","","","7240001019604","","","",""
"株式会社ケーエーナチュラルフーズ","1123534542533","","","","","","","181-0013","東京都三鷹市下連雀一丁目11-23 1F","","","","","","","","","","","","","","","7012401017359","","","",""
"有限会社ケー・エヌコーポレーション","2193178108571","","","","","","","541-0058","大阪府大阪市中央区南久宝寺町一丁目3-9 ホワイティ船場6F","","","","","","","","","","","","","","","4120002053550","","","",""
"株式会社ＫＭＲ","2952220656375","","","","","","","900-0006","沖縄県那覇市おもろまち四丁目7-8","","","","","","","","","","","","","","","6360001016961","","","",""
"株式会社ケーオーカンパニー","7495701385453","","","","","","","160-0022","東京都新宿区新宿五丁目3-24 エコール・ド・御苑ビル2F","","","","","","","","","","","","","","","9011101052994","","","",""
"株式会社Ｃａｋｅ．ｊｐ","2622813651282","","","","","","","160-0023","東京都新宿区西新宿六丁目24-1","","","","","","","","","","","","","","","7011101052641","","","",""
"ＫＫＹ　Ｈｏｌｄｉｎｇｓ合同会社","1072156524606","","","","","","","252-0303","神奈川県相模原市南区相模大野七丁目35-2 1415","","","","","","","","","","","","","","","7021003012370","","","",""
"Ｋ－ｓｔｙｌｅ．Ｊａｐａｎ株式会社","4417500144411","","","","","","","277-0083","千葉県柏市日立台二丁目2-18 103","","","","","","","","","","","","","","","7040001070593","","","",""
"株式会社ケーズウェーブ","5152474079590","","","","","","","263-0051","千葉県千葉市稲毛区園生町138-1 カネナカ第5ビル1F","","","","","","","","","","","","","","","9040001013427","","","",""
"有限会社ケーズシステム","6184445051451","","","","","","","350-0212","埼玉県坂戸市大字石井2820","","","","","","","","","","","","","","","5030002079901","","","",""
"株式会社ケナクタ","6174947637702","","","","","","","540-0026","大阪府大阪市中央区内本町二丁目1-19 内本町松屋ビル10-1103","","","","","","","","","","","","","","","4120001182383","","","",""
"ケーブルダイレクト株式会社","9625148759013","","","","","","","191-0065","東京都日野市旭が丘一丁目5-13","","","","","","","","","","","","","","","8012801019458","","","",""
"株式会社Ｋマート","3521771943474","","","","","","","733-0854","広島県広島市西区山田町32-9","","","","","","","","","","","","","","","2240001050638","","","",""
"ケームービー株式会社","6062533784901","","","","","","","532-0023","大阪府大阪市淀川区十三東三丁目12-18","","","","","","","","","","","","","","","8120001162209","","","",""
"株式会社ＫＥＥＮ","7955428302839","","","","","","","240-0112","神奈川県三浦郡葉山町堀内1003-7 2F","","","","","","","","","","","","","","","3140001077632","","","",""
"株式会社建くるショップ","1214160793423","","","","","","","579-8011","大阪府東大阪市東石切町三丁目5-25","","","","","","","","","","","","","","","3122001027528","","","",""
"株式会社健康サプリ研究所","8646103631911","","","","","","","179-0085","東京都練馬区早宮三丁目10-17","","","","","","","","","","","","","","","6010401100920","","","",""
"有限会社健康水本舗","3719738871607","","","","","","","130-0026","東京都墨田区両国四丁目8-10 MYSビル3F","","","","","","","","","","","","","","","3010602022966","","","",""
"株式会社健康生活","7115328714417","","","","","","","731-0138","広島県広島市安佐南区祇園六丁目9-22","","","","","","","","","","","","","","","4240001029176","","","",""
"株式会社健康長寿医療維新","3670486182607","","","","","","","192-0082","東京都八王子市東町12-8 長澤ビル","","","","","","","","","","","","","","","9010101000229","","","",""
"健康屋株式会社","3027849903228","","","","","","","926-0000","石川県七尾市白馬町七十部1-17","","","","","","","","","","","","","","","1220001022813","","","",""
"株式会社ケンセイ","5438964119027","","","","","","","178-0061","東京都練馬区大泉学園町四丁目23-8","","","","","","","","","","","","","","","6011601012121","","","",""
"株式会社藝","9139274792533","","","","","","","769-1104","香川県三豊市詫間町大浜甲2094-4","","","","","","","","","","","","","","","8150001021808","","","",""
"株式会社ゲート","2496065025374","","","","","","","772-0011","徳島県鳴門市撫養町大桑島蛭子山173","","","","","","","","","","","","","","","7480001006314","","","",""
"株式会社ＧａｍｉｎｇＤ","7858965991756","","","","","","","488-0830","愛知県尾張旭市東印場町三丁目7-11","","","","","","","","","","","","","","","9180001117916","","","",""
"有限会社ゲームス","9840167350112","","","","","","","531-0072","大阪府大阪市北区豊崎七丁目2-3","","","","","","","","","","","","","","","8120002051435","","","",""
"有限会社玄","5565971102862","","","","","","","135-0001","東京都江東区毛利二丁目3-7","","","","","","","","","","","","","","","5010602028441","","","",""
"源輝株式会社","1114146119166","","","","","","","333-0856","埼玉県川口市芝塚原一丁目13-23","","","","","","","","","","","","","","","4030001106764","","","",""
"げんき生活株式会社","2698170482579","","","","","","","174-0046","東京都板橋区蓮根三丁目20-3","","","","","","","","","","","","","","","7011401015637","","","",""
"株式会社元気堂本舗","1737645358709","","","","","","","105-0003","東京都港区西新橋二丁目34-7 第一三須ビル8階","","","","","","","","","","","","","","","1010401077817","","","",""
"株式会社げんちゃん","7461166693845","","","","","","","379-2154","群馬県前橋市天川大島町1278-3","","","","","","","","","","","","","","","8070001028613","","","",""
"ゲンナイ製薬株式会社","9664180809230","","","","","","","100-0006","東京都千代田区有楽町一丁目5-2 東宝日比谷プロムナードビル11F","","","","","","","","","","","","","","","5010001125666","","","",""
"株式会社源屋","4222770749337","","","","","","","431-0424","静岡県湖西市新所原二丁目1-9","","","","","","","","","","","","","","","6080401022092","","","",""
"株式会社ＫＯＲ　ＪＡＰＡＮ","4132264842709","","","","","","","542-0086","大阪府大阪市中央区西心斎橋一丁目13-18 THEPLACEOSAKA3F","","","","","","","","","","","","","","","1120001186239","","","",""
"株式会社コアソルプション","8454240787503","","","","","","","885-0073","宮崎県都城市姫城町14-26","","","","","","","","","","","","","","","6350001013621","","","",""
"コーア・テクノ株式会社","4946981827238","","","","","","","815-0032","福岡県福岡市南区塩原一丁目25-1","","","","","","","","","","","","","","","4290001055597","","","",""
"株式会社ｃｏｒｅｄｅｍｉｃ","1268652161705","","","","","","","340-0115","埼玉県幸手市中三丁目17-24","","","","","","","","","","","","","","","1030001137093","","","",""
"株式会社コイル","3841101036636","","","","","","","107-0062","東京都港区南青山二丁目24-15 青山タワービル11F","","","","","","","","","","","","","","","4011001098639","","","",""
"株式会社光栄舎","4664679431100","","","","","","","179-0074","東京都練馬区春日町六丁目12-1","","","","","","","","","","","","","","","1011601002102","","","",""
"株式会社光華","8778344168361","","","","","","","750-0016","山口県下関市細江町一丁目6-10","","","","","","","","","","","","","","","5250001016924","","","",""
"有限会社好月堂","1012091037238","","","","","","","583-0995","大阪府南河内郡太子町大字太子685-2","","","","","","","","","","","","","","","3120102017282","","","",""
"株式会社Ｋｏｕｋｅｎ","5507727654848","","","","","","","010-1616","秋田県秋田市新屋松美ガ丘南町23-58","","","","","","","","","","","","","","","3410001009624","","","",""
"虹翔株式会社","9774125625751","","","","","","","170-0002","東京都豊島区巣鴨四丁目24-9 209","","","","","","","","","","","","","","","6020001111879","","","",""
"株式会社恆正","7966204625336","","","","","","","819-0052","福岡県福岡市西区下山門三丁目1-15","","","","","","","","","","","","","","","6290001042536","","","",""
"紅豆杉直販株式会社","7500023657890","","","","","","","150-0002","東京都渋谷区渋谷二丁目19-15 1104宮益坂ビルディング","","","","","","","","","","","","","","","5011101013380","","","",""
"株式会社光都サービス","2919034609403","","","","","","","679-5165","兵庫県たつの市新宮町光都一丁目20","","","","","","","","","","","","","","","5140001040737","","","",""
"株式会社神戸イノベーション","7208647943348","","","","","","","676-0812","兵庫県高砂市中筋五丁目11-27","","","","","","","","","","","","","","","1140001090760","","","",""
"株式会社神戸グルメネット","4959402146052","","","","","","","555-0043","大阪府大阪市西淀川区大野一丁目10-2","","","","","","","","","","","","","","","3140001011970","","","",""
"株式会社虹八","9741177403382","","","","","","","560-0013","大阪府豊中市上野東一丁目12-15","","","","","","","","","","","","","","","6120901030037","","","",""
"巧蓉株式会社","6499305581246","","","","","","","104-0041","東京都中央区新富一丁目15-7","","","","","","","","","","","","","","","9010001181821","","","",""
"有限会社コウリョウコーポレーション","7848248330883","","","","","","","901-0241","沖縄県豊見城市字豊見城437-11 1ビル2-C号室","","","","","","","","","","","","","","","3360002010933","","","",""
"香林館株式会社","4272323529331","","","","","","","989-1601","宮城県柴田郡柴田町船岡中央一丁目2-23","","","","","","","","","","","","","","","8370001044919","","","",""
"コーエックス株式会社","5510718716528","","","","","","","700-0011","岡山県岡山市北区学南町一丁目17-14","","","","","","","","","","","","","","","6260001032085","","","",""
"コカ・コーラボトラーズジャパン株式会社","5670672177299","","","","","","","107-0052","東京都港区赤坂九丁目7-1","","","","","","","","","","","","","","","9020001043244","","","",""
"有限会社小金辰正堂書店","2235810318839","","","","","","","270-2231","千葉県松戸市稔台一丁目21-1 あかぎハイツ108","","","","","","","","","","","","","","","7040002050859","","","",""
"株式会社ＫＯＫＹＵ","1395608096602","","","","","","","553-0003","大阪府大阪市福島区福島三丁目14-29 アルティジア新福島ビル4F","","","","","","","","","","","","","","","1120001234212","","","",""
"株式会社こきょう","6885391629076","","","","","","","527-0012","滋賀県東近江市八日市本町9-19","","","","","","","","","","","","","","","8120001137870","","","",""
"株式会社Ｃｏｋｅ　ｗｏｒｋｓ","9864442574976","","","","","","","151-0064","東京都渋谷区上原三丁目2-1 クレッセントコート1F","","","","","","","","","","","","","","","4011001059475","","","",""
"苔むすび合同会社","3121899628627","","","","","","","248-0014","神奈川県鎌倉市由比ガ浜二丁目4-22","","","","","","","","","","","","","","","8021003010860","","","",""
"株式会社ココダケジャパン","8318789967740","","","","","","","276-0046","千葉県八千代市大和田新田911-11 105","","","","","","","","","","","","","","","8040001107964","","","",""
"株式会社九固","3425716071804","","","","","","","808-0071","福岡県北九州市若松区今光一丁目3-16","","","","","","","","","","","","","","","6290801017340","","","",""
"株式会社ココリ","8610404865832","","","","","","","333-0801","埼玉県川口市東川口一丁目31-27 まんまるハウス101","","","","","","","","","","","","","","","2030001133703","","","",""
"株式会社ＫＯＫＯＲＯ心","8384932892402","","","","","","","879-0628","大分県豊後高田市新町2825-4 ピュアタウンA棟2F-B号","","","","","","","","","","","","","","","8320001016988","","","",""
"こころ粋株式会社","8911495377013","","","","","","","729-3101","広島県福山市新市町大字戸手946-3","","","","","","","","","","","","","","","1240001036118","","","",""
"株式会社ココロクリエイション","4795036327778","","","","","","","150-0001","東京都渋谷区神宮前六丁目23-4 桑野ビル2F","","","","","","","","","","","","","","","9010901027999","","","",""
"株式会社こころは","1487878525983","","","","","","","812-0016","福岡県福岡市博多区博多駅南四丁目19-5 204","","","","","","","","","","","","","","","9290001077562","","","",""
"有限会社コサカ","8593515342822","","","","","","","348-0041","埼玉県羽生市大字上新郷171-2","","","","","","","","","","","","","","","2030002041698","","","",""
"株式会社こしん","1802003669550","","","","","","","098-5825","北海道枝幸郡枝幸町新栄町640","","","","","","","","","","","","","","","3450001007723","","","",""
"株式会社コスティック．","3716855771779","","","","","","","639-2243","奈良県御所市大字東寺田185-1","","","","","","","","","","","","","","","9150001014736","","","",""
"Ｃｏｓｔｃｏｓｔ２１株式会社","5512147118436","","","","","","","135-0063","東京都江東区有明一丁目4-11 419号","","","","","","","","","","","","","","","4010601047344","","","",""
"有限会社コスモ企画","6015409104474","","","","","","","213-0001","神奈川県川崎市高津区溝口二丁目13-30","","","","","","","","","","","","","","","3020002088921","","","",""
"コスモ商事株式会社","8279482338909","","","","","","","520-0101","滋賀県大津市雄琴三丁目25-13","","","","","","","","","","","","","","","8160001004340","","","",""
"株式会社コスモス","9594266759731","","","","","","","251-0861","神奈川県藤沢市大庭5683-7 駒寄47-504","","","","","","","","","","","","","","","2021001005991","","","",""
"有限会社コスモス・サプライ","7062427123481","","","","","","","275-0016","千葉県習志野市津田沼一丁目12-7 101リーデンススクエア津田沼","","","","","","","","","","","","","","","2040002022061","","","",""
"株式会社コスモビジョン","9390428683310","","","","","","","103-0006","東京都中央区日本橋富沢町5-10","","","","","","","","","","","","","","","8011101037716","","","",""
"株式会社琥花堂","7960619989975","","","","","","","371-0805","群馬県前橋市南町二丁目43-5 101","","","","","","","","","","","","","","","5070001030282","","","",""
"株式会社ｋｏｔｔｙ","4035224485549","","","","","","","815-0075","福岡県福岡市南区長丘四丁目3-19 201","","","","","","","","","","","","","","","1290001082652","","","",""
"株式会社ＫＯＴＥＮ","9971306734197","","","","","","","264-0007","千葉県千葉市若葉区小倉町1255-2","","","","","","","","","","","","","","","6040001004750","","","",""
"株式会社コトシロライン","1972484327537","","","","","","","813-0013","福岡県福岡市東区香椎駅前二丁目9-11 4F","","","","","","","","","","","","","","","3290001086552","","","",""
"株式会社古都乃和","7305770469481","","","","","","","636-0247","奈良県磯城郡田原本町大字阪手623-1 細井店舗北2号室","","","","","","","","","","","","","","","9150001023365","","","",""
"株式会社コトレル","9483218954516","","","","","","","080-0838","北海道帯広市大空町十二丁目1-10","","","","","","","","","","","","","","","5430001076090","","","",""
"株式会社ＣＯＤＥＳＨＡＲＥ","6111830636005","","","","","","","152-0004","東京都目黒区鷹番一丁目9-21","","","","","","","","","","","","","","","6011001093646","","","",""
"株式会社子供服ＭＩＯ","9791790009461","","","","","","","399-3101","長野県下伊那郡高森町山吹4522-1","","","","","","","","","","","","","","","7100001025830","","","",""
"株式会社ＣＯＮＹ・ＥＡＲＴＨ","1063707228445","","","","","","","765-0040","香川県善通寺市与北町1002-1","","","","","","","","","","","","","","","8470001018623","","","",""
"小西商事株式会社","9970182194386","","","","","","","276-0047","千葉県八千代市吉橋1095-16","","","","","","","","","","","","","","","6040002031876","","","",""
"有限会社コネクト","1021466032463","","","","","","","078-8330","北海道旭川市宮下通十九丁目1113-2","","","","","","","","","","","","","","","8450002007874","","","",""
"株式会社コネクト","2449777608013","","","","","","","351-0011","埼玉県朝霞市本町一丁目16-17","","","","","","","","","","","","","","","7030001044755","","","",""
"コネクト株式会社","8319557935642","","","","","","","358-0034","埼玉県入間市大字根岸429-8","","","","","","","","","","","","","","","4030001030064","","","",""
"株式会社Ｃｏｎｎｅｃｔ　Ｗｏｒｌｄ　Ｊａｐａｎ","3968417018148","","","","","","","420-0859","静岡県静岡市葵区栄町2-5 アークビルディング502","","","","","","","","","","","","","","","2080401020959","","","",""
"有限会社小林陶器店","9989853511742","","","","","","","802-0077","福岡県北九州市小倉北区馬借一丁目11-1","","","","","","","","","","","","","","","9290802002529","","","",""
"株式会社ＣＯＦＦＥＡ　ＥＸＬＩＢＲＩＳ","2013050420070","","","","","","","183-0016","東京都府中市八幡町三丁目19-3","","","","","","","","","","","","","","","9012401038345","","","",""
"株式会社コープでんき東北","1732299665214","","","","","","","981-3112","宮城県仙台市泉区八乙女四丁目2-2","","","","","","","","","","","","","","","6370001041372","","","",""
"ｋｏｂｏｘ株式会社","6623760436488","","","","","","","321-0942","栃木県宇都宮市峰三丁目29-10","","","","","","","","","","","","","","","8011401022888","","","",""
"有限会社コマースゲート","6252031897064","","","","","","","277-0005","千葉県柏市柏五丁目4-2","","","","","","","","","","","","","","","5011202012604","","","",""
"株式会社コマースポイント","3349530216095","","","","","","","386-0002","長野県上田市住吉343-1","","","","","","","","","","","","","","","1100001011621","","","",""
"有限会社コマツ","5419129027194","","","","","","","677-0113","兵庫県多可郡多可町八千代区俵田4-1","","","","","","","","","","","","","","","8140002061738","","","",""
"株式会社コーミングアース","1131081133998","","","","","","","919-2111","福井県大飯郡おおい町本郷120-10-2","","","","","","","","","","","","","","","9040001089839","","","",""
"株式会社コムス","7919033994340","","","","","","","036-1313","青森県弘前市大字賀田大浦50-1","","","","","","","","","","","","","","","1420001014906","","","",""
"株式会社コムドアーズ","4825642536384","","","","","","","810-0041","福岡県福岡市中央区大名二丁目4-22 新日本ビル4F","","","","","","","","","","","","","","","2010001137508","","","",""
"米とわたしと合同会社","6888657863772","","","","","","","658-0072","兵庫県神戸市東灘区岡本二丁目11-10 101","","","","","","","","","","","","","","","1140003018677","","","",""
"株式会社ＣＯＲＡＺＯＮ","9188595519390","","","","","","","153-0061","東京都目黒区中目黒一丁目5-11 103号","","","","","","","","","","","","","","","3011001130815","","","",""
"コラボレック株式会社","3238791531150","","","","","","","606-8112","京都府京都市左京区一乗寺西杉ノ宮町50-51 合地","","","","","","","","","","","","","","","9130001026923","","","",""
"ＣＯＬＡＮ　ＣＯＬＡＮ株式会社","3783646695368","","","","","","","465-0056","愛知県名古屋市名東区野間町19","","","","","","","","","","","","","","","9180001144927","","","",""
"コリーネ株式会社","9137138338196","","","","","","","276-0028","千葉県八千代市村上3565-4","","","","","","","","","","","","","","","8040001020721","","","",""
"株式会社コルタス","7689328968825","","","","","","","550-0005","大阪府大阪市西区西本町一丁目12-20","","","","","","","","","","","","","","","6120001016028","","","",""
"株式会社Ｋｏｒｅ　Ｃｏｌｏｒコーポレーション","7459413914835","","","","","","","340-0816","埼玉県八潮市中央一丁目3-13","","","","","","","","","","","","","","","7030001140208","","","",""
"株式会社コレクション情報","1002320026874","","","","","","","500-8258","岐阜県岐阜市西川手七丁目89","","","","","","","","","","","","","","","9200001009053","","","",""
"株式会社ＣｏｌｌｅｃｔｉｏｎＤｏｍｉｎａ","3865276213399","","","","","","","590-0984","大阪府堺市堺区神南辺町二丁78-1","","","","","","","","","","","","","","","9120101023029","","","",""
"株式会社ＣＯＲＮ","2134475197679","","","","","","","550-0014","大阪府大阪市西区北堀江一丁目1-23 5C","","","","","","","","","","","","","","","1120001237768","","","",""
"コンシューマーズ・ハッピー株式会社","6559085992609","","","","","","","451-0042","愛知県名古屋市西区那古野二丁目23-21 デラ・ドーラ名駅2F","","","","","","","","","","","","","","","8180001063327","","","",""
"コンセント株式会社","4968426887900","","","","","","","106-0047","東京都港区南麻布五丁目2-32","","","","","","","","","","","","","","","9010401075012","","","",""
"株式会社コンセント・フリー","1476364600017","","","","","","","193-0801","東京都八王子市川口町1402-1","","","","","","","","","","","","","","","6010101001320","","","",""
"株式会社こんにちは","7933778429465","","","","","","","101-0054","東京都千代田区神田錦町三丁目21","","","","","","","","","","","","","","","7010001143625","","","",""
"株式会社ＣＯＮＦＩＤＥＮＣＥ","2900248747529","","","","","","","880-2105","宮崎県宮崎市大塚台西二丁目17-8","","","","","","","","","","","","","","","6350001014660","","","",""
"有限会社コンフェッティ","9899245605380","","","","","","","577-0843","大阪府東大阪市荒川一丁目16-7","","","","","","","","","","","","","","","8330002015336","","","",""
"株式会社コンプロス","8969625154162","","","","","","","520-0051","滋賀県大津市梅林一丁目15-30 林ビル本店1F-A","","","","","","","","","","","","","","","7011201016728","","","",""
"株式会社コンポジット","1315995397633","","","","","","","162-0842","東京都新宿区市谷砂土原町一丁目2-34 KSKビル3F","","","","","","","","","","","","","","","2010401097649","","","",""
"株式会社ＧＯ　ＥＡＳＹ","2009267095165","","","","","","","160-0023","東京都新宿区西新宿七丁目19-22 新宿ダイカンプラザシティI214室","","","","","","","","","","","","","","","7011601020115","","","",""
"ゴーウイング株式会社","2363598596598","","","","","","","150-0041","東京都渋谷区神南一丁目6-6 OZAWABUILDING1F","","","","","","","","","","","","","","","7010901048948","","","",""
"株式会社ＧｏＧｙｏＪａｐａｎ","4044827401084","","","","","","","730-0013","広島県広島市中区八丁堀14-4 JEI広島八丁堀ビル7F","","","","","","","","","","","","","","","3240001047303","","","",""
"互条總業有限会社","5242686146841","","","","","","","680-0844","鳥取県鳥取市興南町61-2","","","","","","","","","","","","","","","6270002000668","","","",""
"株式会社ごちそうカンパニー","1601183140262","","","","","","","769-2402","香川県さぬき市津田町鶴羽2653-1","","","","","","","","","","","","","","","4470001006623","","","",""
"株式会社ゴッドブリンク","3267033634615","","","","","","","470-0136","愛知県日進市竹の山一丁目618-4","","","","","","","","","","","","","","","1180001124911","","","",""
"株式会社ＧＯＦＯＲＷＡＲＤ","8169304087019","","","","","","","110-0005","東京都台東区上野六丁目1-6 御徒町グリーンハイツ1005号","","","","","","","","","","","","","","","5010401099519","","","",""
"合同会社ＧＯ－ｍｏｎｏ","5892889535626","","","","","","","943-0825","新潟県上越市東本町二丁目4-25","","","","","","","","","","","","","","","3110003004661","","","",""
"株式会社ゴルウィス","4731210784462","","","","","","","655-0051","兵庫県神戸市垂水区舞多聞西四丁目3-3","","","","","","","","","","","","","","","2140001115517","","","",""
"ＧＯＬＤＥＮＳＰＡＣＥ株式会社","5968345351732","","","","","","","251-0023","神奈川県藤沢市鵠沼花沢町10-1","","","","","","","","","","","","","","","1090001015442","","","",""
"株式会社ゴールデンタイム","7452639448418","","","","","","","144-0052","東京都大田区蒲田五丁目29-3 酒巻ビル5F","","","","","","","","","","","","","","","2010801013585","","","",""
"ゴールデン・ナショナル株式会社","9891900633334","","","","","","","810-0005","福岡県福岡市中央区清川三丁目12-1 305号","","","","","","","","","","","","","","","9290001071821","","","",""
"株式会社ゴールド","1221912063910","","","","","","","652-0801","兵庫県神戸市兵庫区中道通九丁目3-17","","","","","","","","","","","","","","","3140001033247","","","",""
"株式会社ＧＯＬＤ","1612893373088","","","","","","","150-0011","東京都渋谷区東一丁目25-2","","","","","","","","","","","","","","","9011001115876","","","",""
"ゴールドウッド株式会社","9255624331591","","","","","","","556-0006","大阪府大阪市浪速区日本橋東一丁目1-12","","","","","","","","","","","","","","","9120001189829","","","",""
"株式会社ＧＯＬＤ　ＣＡＳＴＬＥ","7103864348453","","","","","","","547-0004","大阪府大阪市平野区加美鞍作一丁目11-6 ガーデンハイツ加美C棟3402","","","","","","","","","","","","","","","2122001030152","","","",""
"株式会社ゴルフアパレル・オンライン","1609335027604","","","","","","","273-0024","千葉県船橋市海神町南一丁目1389 ロジスティクスウェーブジャパン海神センターB棟3階","","","","","","","","","","","","","","","4430001044949","","","",""
"株式会社ゴルフショップえざき","5339129551465","","","","","","","790-0054","愛媛県松山市空港通一丁目8-16","","","","","","","","","","","","","","","8500001001690","","","",""
"株式会社彩香","2755916687131","","","","","","","390-0874","長野県松本市大手二丁目1-9 松本大手ビル","","","","","","","","","","","","","","","2100001032600","","","",""
"有限会社サイキョウ","7210543924266","","","","","","","273-0117","千葉県鎌ケ谷市西道野辺15-25","","","","","","","","","","","","","","","1040002039296","","","",""
"株式会社彩群","7033542540133","","","","","","","660-0892","兵庫県尼崎市東難波町四丁目20-4","","","","","","","","","","","","","","","1140001097418","","","",""
"株式会社サイジス","8953311560932","","","","","","","492-8441","愛知県稲沢市福島町中之町80","","","","","","","","","","","","","","","7180001021921","","","",""
"株式会社サイタス","8565344258479","","","","","","","105-0013","東京都港区浜松町二丁目2-15 2F","","","","","","","","","","","","","","","4010403017537","","","",""
"株式会社サイタマパック","1943142202799","","","","","","","366-0813","埼玉県深谷市境691-2","","","","","","","","","","","","","","","6030001086328","","","",""
"株式会社サイテックファーム","7807127029262","","","","","","","105-0001","東京都港区虎ノ門一丁目17-1","","","","","","","","","","","","","","","9010401103516","","","",""
"有限会社さいとう楽器店","1380640197785","","","","","","","053-0031","北海道苫小牧市春日町三丁目12-2","","","","","","","","","","","","","","","8430002058647","","","",""
"株式会社サイネックス・ネットワーク","5439292469156","","","","","","","543-0001","大阪府大阪市天王寺区上本町五丁目3-15","","","","","","","","","","","","","","","8120001094526","","","",""
"株式会社さいばぁど","4002691979556","","","","","","","070-0032","北海道旭川市二条通九丁目373 東栄ビル","","","","","","","","","","","","","","","1450001005811","","","",""
"株式会社Ｃｙｂｅｒ　Ｓｅｎｓｅ","4790846209674","","","","","","","542-0072","大阪府大阪市中央区高津三丁目1-21 日本橋ムーンビル","","","","","","","","","","","","","","","2120001109553","","","",""
"株式会社サイバーマーケットジャパン","1387243426343","","","","","","","106-0032","東京都港区六本木三丁目8-9 ソシエ六本木402","","","","","","","","","","","","","","","5010401138053","","","",""
"株式会社サイバーライフ","1005640251778","","","","","","","373-0806","群馬県太田市龍舞町4450-2","","","","","","","","","","","","","","","3070001022744","","","",""
"サイフ株式会社","6468629639927","","","","","","","104-0033","東京都中央区新川一丁目28-25","","","","","","","","","","","","","","","1010001211791","","","",""
"有限会社彩文堂","3781821269239","","","","","","","215-0003","神奈川県川崎市麻生区高石二丁目49-6","","","","","","","","","","","","","","","5020002094414","","","",""
"株式会社彩良","3361987521477","","","","","","","231-0032","神奈川県横浜市中区不老町一丁目2-1","","","","","","","","","","","","","","","5010701035982","","","",""
"株式会社ＳＯＵＴＨ","3906363877490","","","","","","","289-2241","千葉県香取郡多古町多古1050-1","","","","","","","","","","","","","","","5040001102217","","","",""
"株式会社サウンドスタイル","4487652875817","","","","","","","160-0022","東京都新宿区新宿二丁目6-5","","","","","","","","","","","","","","","1011101045964","","","",""
"有限会社栄家","2990817341743","","","","","","","177-0034","東京都練馬区富士見台二丁目18-13","","","","","","","","","","","","","","","1011602004262","","","",""
"株式会社坂ノ途中","4711706271319","","","","","","","601-8101","京都府京都市南区上鳥羽高畠町56","","","","","","","","","","","","","","","6130001047807","","","",""
"株式会社サカモト","8912186117796","","","","","","","270-1408","千葉県白井市西白井一丁目18-8 304","","","","","","","","","","","","","","","6020001044807","","","",""
"有限会社三雅","2484529358318","","","","","","","185-0014","東京都国分寺市東恋ケ窪三丁目34-121","","","","","","","","","","","","","","","9012402014808","","","",""
"佐川ヒューモニー株式会社","6937050156462","","","","","","","136-0075","東京都江東区新砂一丁目8-2 SGHビル新砂","","","","","","","","","","","","","","","5010601050850","","","",""
"株式会社さきがけプラスＡ","6314983788603","","","","","","","010-0956","秋田県秋田市山王臨海町1-1 秋田魁新報社2階","","","","","","","","","","","","","","","5410001003749","","","",""
"株式会社咲屋","8563469535902","","","","","","","602-0864","京都府京都市上京区中之町502-102","","","","","","","","","","","","","","","9122001027902","","","",""
"株式会社ＳＡＫＵＲＡ","5923594022288","","","","","","","500-8288","岐阜県岐阜市中鶉三丁目86-1 大平ビル1-A","","","","","","","","","","","","","","","2120001190561","","","",""
"株式会社さくら","8399688061223","","","","","","","953-0041","新潟県新潟市西蒲区巻甲2163-6","","","","","","","","","","","","","","","9110001035323","","","",""
"有限会社さくら．ｏｆｆｉｃｅ","7688184617908","","","","","","","664-0898","兵庫県伊丹市千僧二丁目216-5","","","","","","","","","","","","","","","8140002066274","","","",""
"株式会社サクラ印はちみつ","8581301552452","","","","","","","111-0031","東京都台東区千束一丁目1-5","","","","","","","","","","","","","","","1010501008944","","","",""
"株式会社サクラディッシュ","3473965213031","","","","","","","152-0000","東京都目黒区柿の木坂","","","","","","","","","","","","","","","2011001105306","","","",""
"さくらビジネスソリューション株式会社","5008836985312","","","","","","","358-0021","埼玉県入間市高倉三丁目5-26 114","","","","","","","","","","","","","","","3030001117647","","","",""
"株式会社桜メディカルサプライ","7592461792898","","","","","","","460-0002","愛知県名古屋市中区丸の内三丁目19-12","","","","","","","","","","","","","","","7180002057948","","","",""
"株式会社サークワイド","9582603551009","","","","","","","811-2405","福岡県糟屋郡篠栗町大字篠栗3706-7","","","","","","","","","","","","","","","7290001068555","","","",""
"有限会社酒バッカス","2666867140999","","","","","","","310-0853","茨城県水戸市平須町1901-6","","","","","","","","","","","","","","","1050002004596","","","",""
"有限会社佐古商会","9067063129326","","","","","","","761-1703","香川県高松市香川町浅野622-6","","","","","","","","","","","","","","","9470002009430","","","",""
"株式会社佐々商","1996384836815","","","","","","","872-0103","大分県宇佐市大字北宇佐1802-1","","","","","","","","","","","","","","","1320001017398","","","",""
"株式会社ｓａｓａｍａｒｙ","9136883728887","","","","","","","461-0045","愛知県名古屋市東区砂田橋五丁目7-22 410","","","","","","","","","","","","","","","5180001125889","","","",""
"株式会社ＳＡＡＳＨＩ－ＡＮＤ","2413461328445","","","","","","","606-0827","京都府京都市左京区下鴨西半木町33-4","","","","","","","","","","","","","","","4130001071214","","","",""
"有限会社佐志生工芸村","5307483340127","","","","","","","875-0001","大分県臼杵市大字佐志生883-1","","","","","","","","","","","","","","","7320202000247","","","",""
"株式会社サージュ","9654890272221","","","","","","","730-0053","広島県広島市中区東千田町二丁目9-57 広電タワービル","","","","","","","","","","","","","","","9240001017622","","","",""
"株式会社サジーワン","3902605011241","","","","","","","812-0016","福岡県福岡市博多区博多駅南二丁目8-35","","","","","","","","","","","","","","","4290001079068","","","",""
"サステナブル・クルー株式会社","4516775185602","","","","","","","225-0002","神奈川県横浜市青葉区美しが丘一丁目5-2 5F","","","","","","","","","","","","","","","1021001016585","","","",""
"株式会社サステナブル・プランニング","1127086458383","","","","","","","150-0013","東京都渋谷区恵比寿一丁目19-19 恵比寿ビジネスタワー10F","","","","","","","","","","","","","","","4011101058518","","","",""
"さすぼし蒲鉾株式会社","7213634707027","","","","","","","421-3105","静岡県静岡市清水区由比町屋原176-7","","","","","","","","","","","","","","","9080001011914","","","",""
"株式会社サーズ","5037372721095","","","","","","","155-0033","東京都世田谷区代田二丁目5-7","","","","","","","","","","","","","","","3010901046402","","","",""
"サタデイズ株式会社","6854072301290","","","","","","","060-0061","北海道札幌市中央区南一条西十一丁目327-9 1F","","","","","","","","","","","","","","","2430001018970","","","",""
"サット株式会社","9312210347602","","","","","","","409-3845","山梨県中央市山之神1888-32","","","","","","","","","","","","","","","1090001005690","","","",""
"株式会社ＳＡＴ","2682537992377","","","","","","","601-8036","京都府京都市南区東九条松田町15 十条産業ビル301","","","","","","","","","","","","","","","5120901036670","","","",""
"サッフォ化粧品株式会社","3495942871036","","","","","","","532-0011","大阪府大阪市淀川区西中島四丁目11-21","","","","","","","","","","","","","","","4120001055382","","","",""
"株式会社薩摩家","2468993034141","","","","","","","891-0132","鹿児島県鹿児島市七ツ島一丁目1-7","","","","","","","","","","","","","","","7340001005767","","","",""
"株式会社サティスファクション","6844412122513","","","","","","","135-0016","東京都江東区東陽三丁目5-11 東陽ファーストビル301","","","","","","","","","","","","","","","6010601060329","","","",""
"株式会社Ｓａｔｉｓ　Ｆｉｒｓｔ","3347922680135","","","","","","","266-0026","千葉県千葉市緑区古市場町692-7","","","","","","","","","","","","","","","1120101048438","","","",""
"サテライト株式会社","2407249002827","","","","","","","270-0202","千葉県野田市関宿台町357-5","","","","","","","","","","","","","","","1030001109316","","","",""
"株式会社さとうはなみつ","2397974927764","","","","","","","064-0952","北海道札幌市中央区宮の森二条六丁目3-8","","","","","","","","","","","","","","","8430001072640","","","",""
"株式会社サトラ","5239985069951","","","","","","","321-0201","栃木県下都賀郡壬生町大字安塚1974-5","","","","","","","","","","","","","","","2060001028974","","","",""
"株式会社サードステージ","9609193572210","","","","","","","540-0017","大阪府大阪市中央区松屋町住吉6-10","","","","","","","","","","","","","","","3120001162469","","","",""
"株式会社Ｔｈｉｒｄ　Ｂａｙ","6036650560748","","","","","","","248-0012","神奈川県鎌倉市御成町11-10","","","","","","","","","","","","","","","8021001064025","","","",""
"ＳＵＮＮＹ　ＳＩＸＴＥＥＮ有限会社","2510546561533","","","","","","","152-0003","東京都目黒区碑文谷五丁目10-14","","","","","","","","","","","","","","","9013202005807","","","",""
"株式会社サニービー","7540715371734","","","","","","","643-0151","和歌山県有田郡有田川町大字長谷川638","","","","","","","","","","","","","","","9120001171596","","","",""
"株式会社サニープライズ","8482253322084","","","","","","","170-0013","東京都豊島区東池袋三丁目20-16 501","","","","","","","","","","","","","","","2013301037385","","","",""
"株式会社Ｓｕｒｖｉｖｅ","6194415510441","","","","","","","581-0846","大阪府八尾市上之島町南四丁目2 クレアール山本204号","","","","","","","","","","","","","","","7122001030461","","","",""
"株式会社サビーナ自然化粧品","1883803652614","","","","","","","104-0061","東京都中央区銀座八丁目18-1","","","","","","","","","","","","","","","2010001087208","","","",""
"株式会社サプライズ","7634477051959","","","","","","","593-8328","大阪府堺市西区鳳北町十丁45","","","","","","","","","","","","","","","3120102011921","","","",""
"株式会社サプライズコレクション","5488258269240","","","","","","","286-0018","千葉県成田市吾妻一丁目23","","","","","","","","","","","","","","","2040001045352","","","",""
"有限会社サプリジャパン","3729985213843","","","","","","","336-0031","埼玉県さいたま市南区鹿手袋四丁目12-6 106","","","","","","","","","","","","","","","6030002018924","","","",""
"サポート・リンク株式会社","5497859345768","","","","","","","104-0045","東京都中央区築地二丁目1-11 ガリシア銀座イースト10F","","","","","","","","","","","","","","","8220001002362","","","",""
"株式会社サポネット","3460882839687","","","","","","","436-0043","静岡県掛川市大池1144-1","","","","","","","","","","","","","","","9080401015655","","","",""
"Ｓｕｍｍａｒｙ　Ｊａｐａｎ株式会社","8145896931246","","","","","","","100-0005","東京都千代田区丸の内二丁目2-2 丸の内三井ビルシティユーワ法律事務所内","","","","","","","","","","","","","","","4010001180869","","","",""
"株式会社　ＳＡＭＵＲＡＩ","3668987118851","","","","","","","693-0006","島根県出雲市白枝町548-2","","","","","","","","","","","","","","","9280001004088","","","",""
"サムライストア株式会社","3348223183349","","","","","","","150-0001","東京都渋谷区神宮前二丁目16-20","","","","","","","","","","","","","","","1020001127236","","","",""
"株式会社サムライズム","5357867897469","","","","","","","170-0012","東京都豊島区上池袋一丁目24-10","","","","","","","","","","","","","","","8013301033569","","","",""
"サロンドュライズ株式会社","3451854113493","","","","","","","104-0054","東京都中央区勝どき五丁目3-1 2713","","","","","","","","","","","","","","","1010401063206","","","",""
"株式会社サロンドール","3553282337882","","","","","","","158-0097","東京都世田谷区用賀三丁目15-11 201","","","","","","","","","","","","","","","8010401091150","","","",""
"さわやかリテールサポート株式会社","4186975375514","","","","","","","920-0057","石川県金沢市桜田町一丁目1","","","","","","","","","","","","","","","8220001011660","","","",""
"株式会社サン・アート","7256259420301","","","","","","","107-0062","東京都港区南青山五丁目11-9 レキシントン青山4F","","","","","","","","","","","","","","","3010001045008","","","",""
"株式会社三育ベジライフ","3874865658517","","","","","","","299-0265","千葉県袖ケ浦市長浦拓1-1-65","","","","","","","","","","","","","","","4040001052776","","","",""
"株式会社サンエイ・ウエルク","4103675387161","","","","","","","350-1179","埼玉県川越市かし野台二丁目21-2","","","","","","","","","","","","","","","3020001080540","","","",""
"株式会社サンエー開発","1340891319780","","","","","","","615-0934","京都府京都市右京区梅津北浦町29 2階","","","","","","","","","","","","","","","3290001033447","","","",""
"有限会社サンカーク","8560329800879","","","","","","","183-0036","東京都府中市日新町四丁目65-6","","","","","","","","","","","","","","","6080102005058","","","",""
"三金株式会社","6749039508896","","","","","","","552-0007","大阪府大阪市港区弁天一丁目2-30 1210号","","","","","","","","","","","","","","","6120001029021","","","",""
"サンクスアイ株式会社","2775866323072","","","","","","","861-8035","熊本県熊本市東区御領六丁目1-6","","","","","","","","","","","","","","","1330001008909","","","",""
"株式会社サンクス・モア","5500031660217","","","","","","","572-0075","大阪府寝屋川市葛原二丁目9-7 4F","","","","","","","","","","","","","","","3120001000488","","","",""
"株式会社サンクラウド","5726633707748","","","","","","","103-0025","東京都中央区日本橋茅場町一丁目10-8 グリンヒルビル4F","","","","","","","","","","","","","","","8010001188231","","","",""
"株式会社サン・グランデ","8072013166409","","","","","","","761-0113","香川県高松市屋島西町2503-1","","","","","","","","","","","","","","","9470001013631","","","",""
"株式会社三建工業","8026617167544","","","","","","","030-0856","青森県青森市西大野二丁目13-16","","","","","","","","","","","","","","","5420001014704","","","",""
"三幸通商株式会社","6891375492651","","","","","","","103-0014","東京都中央区日本橋蛎殻町二丁目16-7","","","","","","","","","","","","","","","6010001044411","","","",""
"有限会社山五","6251279149951","","","","","","","642-0032","和歌山県海南市名高508-3","","","","","","","","","","","","","","","6170002006642","","","",""
"株式会社三州","5865666236002","","","","","","","345-0045","埼玉県北葛飾郡杉戸町高野台西五丁目18-10","","","","","","","","","","","","","","","1011501021739","","","",""
"株式会社三粧","5543966256278","","","","","","","161-0032","東京都新宿区中落合三丁目8-10","","","","","","","","","","","","","","","4011101007813","","","",""
"有限会社サンシング","7140433233459","","","","","","","630-8355","奈良県奈良市南魚屋町24","","","","","","","","","","","","","","","4150002003701","","","",""
"株式会社サンタイプ","4252425845802","","","","","","","336-0027","埼玉県さいたま市南区沼影一丁目30-25 1416","","","","","","","","","","","","","","","2030001003220","","","",""
"サンタ・カンパニー合同会社","7104368263481","","","","","","","184-0005","東京都小金井市桜町二丁目4-11 202","","","","","","","","","","","","","","","5012403004951","","","",""
"株式会社サンダー","5494137506246","","","","","","","121-0072","東京都足立区保塚町3-14","","","","","","","","","","","","","","","4013301032970","","","",""
"株式会社三丁目の菓子工房","8997520639731","","","","","","","182-0024","東京都調布市布田四丁目23-8 501","","","","","","","","","","","","","","","5012401017988","","","",""
"サン通商株式会社","4449113100661","","","","","","","700-0976","岡山県岡山市北区辰巳34-107","","","","","","","","","","","","","","","2260001002967","","","",""
"サンテク株式会社","9262065085387","","","","","","","700-0952","岡山県岡山市北区平田171-102","","","","","","","","","","","","","","","9260001035168","","","",""
"サンテクノシステム株式会社","9199685274615","","","","","","","880-0856","宮崎県宮崎市日ノ出町263-1","","","","","","","","","","","","","","","1330001014964","","","",""
"株式会社サンテレーヴ","4105001238689","","","","","","","332-0011","埼玉県川口市元郷二丁目12-10 501号室","","","","","","","","","","","","","","","2010001160567","","","",""
"株式会社サンディー","5250879140055","","","","","","","814-0022","福岡県福岡市早良区原六丁目27-52","","","","","","","","","","","","","","","7290001005203","","","",""
"Ｓｕｎｄａｙ　Ｍｏｒｎｉｎｇ　Ｆａｃｔｏｒｙ株式会社","6011716586329","","","","","","","813-0034","福岡県福岡市東区多の津四丁目14-1","","","","","","","","","","","","","","","6290001076963","","","",""
"サントリーウエルネス株式会社","5301217297681","","","","","","","135-0091","東京都港区台場二丁目3-3","","","","","","","","","","","","","","","1010401081174","","","",""
"株式会社サンネット","7497880097471","","","","","","","453-0855","愛知県名古屋市中村区烏森町七丁目284-1","","","","","","","","","","","","","","","9180001064167","","","",""
"株式会社サンネット","8171683943788","","","","","","","061-3223","北海道石狩市緑苑台東三条一丁目36-2","","","","","","","","","","","","","","","9430001037015","","","",""
"合同会社サンフラワー","9987482887511","","","","","","","734-0036","広島県広島市南区旭二丁目1-7 3階","","","","","","","","","","","","","","","2240003003701","","","",""
"株式会社三福","5589446451552","","","","","","","198-0043","東京都青梅市千ヶ瀬町四丁目328-2","","","","","","","","","","","","","","","9013101006996","","","",""
"株式会社サンプラス","4081883522224","","","","","","","141-0031","東京都品川区西五反田二丁目10-3","","","","","","","","","","","","","","","8010701026789","","","",""
"有限会社三友農園食品部","9238448970006","","","","","","","643-0033","和歌山県有田郡有田川町大字明王寺95-1","","","","","","","","","","","","","","","1170002007141","","","",""
"株式会社ＳＵＮＲＩＳＥ","4165565570281","","","","","","","107-0062","東京都港区南青山二丁目22-14","","","","","","","","","","","","","","","7010401129380","","","",""
"株式会社サンライズ","5335057712600","","","","","","","150-0044","東京都渋谷区円山町5-5 Navi渋谷V3階","","","","","","","","","","","","","","","5021001046488","","","",""
"山利商店株式会社","5340147485468","","","","","","","570-0015","大阪府守口市梶町二丁目25-27","","","","","","","","","","","","","","","3120001190619","","","",""
"サンリビング株式会社","6592101003129","","","","","","","402-0053","山梨県都留市上谷六丁目9-27 FYビル2階","","","","","","","","","","","","","","","5090001008384","","","",""
"サンリーブス株式会社","5706027016623","","","","","","","406-0818","山梨県笛吹市御坂町蕎麦塚754","","","","","","","","","","","","","","","5090001016123","","","",""
"三和インターナショナル株式会社","6417710611762","","","","","","","346-0105","埼玉県久喜市菖蒲町新堀1919-1","","","","","","","","","","","","","","","7030001137666","","","",""
"有限会社三和商会","1243122450387","","","","","","","289-1101","千葉県八街市朝日509-2","","","","","","","","","","","","","","","9010602033850","","","",""
"株式会社三和商事","6850377347569","","","","","","","182-0006","東京都調布市西つつじケ丘一丁目46-18","","","","","","","","","","","","","","","5120001165230","","","",""
"株式会社蔵王園","3847322980225","","","","","","","990-2331","山形県山形市飯田西五丁目10-4 コーポチェリーB102","","","","","","","","","","","","","","","5390001013692","","","",""
"株式会社蔵王銘販","5067875783791","","","","","","","983-0043","宮城県仙台市宮城野区萩野町一丁目13-8","","","","","","","","","","","","","","","7390001001134","","","",""
"有限会社ザカ・ヤ","5756185129260","","","","","","","239-0808","神奈川県横須賀市大津町三丁目8-1","","","","","","","","","","","","","","","7021002072176","","","",""
"ＴＨＥ　ＧＲＡＮＤ　Ｉｎｃ．株式会社","1106416678011","","","","","","","150-0011","東京都渋谷区東一丁目4-27","","","","","","","","","","","","","","","9010901024815","","","",""
"株式会社ザジ","6458349818459","","","","","","","151-0066","東京都渋谷区西原三丁目23-11","","","","","","","","","","","","","","","5011001072163","","","",""
"株式会社Ｔｈｅ　Ｓｅｃｏｎｄ　Ｔｒａｖｅｌ","9713453026222","","","","","","","460-0011","愛知県名古屋市中区大須三丁目26-18","","","","","","","","","","","","","","","7180001090231","","","",""
"株式会社ザ・セッションズ","6092734695437","","","","","","","460-0011","愛知県名古屋市中区大須三丁目36-48","","","","","","","","","","","","","","","4180001138099","","","",""
"株式会社ＺＡＫＫＡＳ","2335995500094","","","","","","","064-0916","北海道札幌市中央区南十六条西十丁目2-2","","","","","","","","","","","","","","","7430001063649","","","",""
"株式会社ザッパラス","1878102556465","","","","","","","151-0051","東京都渋谷区千駄ケ谷三丁目51-7 PORTALPOINTHARAJUKUANNEX3階","","","","","","","","","","","","","","","8011001048846","","","",""
"株式会社ザ・ティーハウス","7132785593183","","","","","","","324-0232","栃木県大田原市八塩147-1","","","","","","","","","","","","","","","1060001030460","","","",""
"株式会社ＴＨＥ　ＴＯＰ　ＦＩＥＬＤ","5335781424436","","","","","","","216-0033","神奈川県川崎市宮前区宮崎三丁目1-13","","","","","","","","","","","","","","","9020001113451","","","",""
"株式会社ザーナス","8175338396138","","","","","","","107-0052","東京都港区赤坂二丁目21-5 1F","","","","","","","","","","","","","","","4011001095925","","","",""
"ＴＨＥ　ＯＮＥ株式会社","9666590186355","","","","","","","652-0841","兵庫県神戸市兵庫区南仲町1-5 南仲TOビル301","","","","","","","","","","","","","","","8140001099077","","","",""
"株式会社シアリーズ","3148830930032","","","","","","","305-0861","茨城県つくば市谷田部3244-1","","","","","","","","","","","","","","","4010501036570","","","",""
"合同会社Ｃ＆Ｈトレーディング","7700206174674","","","","","","","232-0036","神奈川県横浜市南区山谷82-4","","","","","","","","","","","","","","","9020003019143","","","",""
"株式会社Ｃ＆Ｃ　ＰＬＡＮＥＴ　ＪＡＰＡＮ","5048870944869","","","","","","","160-0023","東京都新宿区西新宿七丁目18-13 ハイム大成ビル401号室","","","","","","","","","","","","","","","2020001141789","","","",""
"有限会社Ｃ．Ｅ．Ｐ","5050019516218","","","","","","","111-0051","東京都台東区蔵前四丁目21-9 蔵前ATビル7F","","","","","","","","","","","","","","","2010502020063","","","",""
"株式会社シーヴァ","9032499523736","","","","","","","152-0000","東京都目黒区上目黒","","","","","","","","","","","","","","","9011601014882","","","",""
"シェア株式会社","9903351850818","","","","","","","810-0004","福岡県福岡市中央区渡辺通五丁目10-18 IBBブルーム天神203","","","","","","","","","","","","","","","7290001074925","","","",""
"株式会社シェアスタイル","1414403459513","","","","","","","818-0122","福岡県太宰府市高雄一丁目3668-10","","","","","","","","","","","","","","","4290001060424","","","",""
"株式会社シーエス旭川","6652730980969","","","","","","","078-8346","北海道旭川市永山十二条二丁目9-2","","","","","","","","","","","","","","","6450001010212","","","",""
"シーエスシー株式会社","2483627650854","","","","","","","461-0001","愛知県名古屋市東区泉一丁目13-35 5F","","","","","","","","","","","","","","","4180001051599","","","",""
"株式会社シーエスシー","1750786620403","","","","","","","221-0822","神奈川県横浜市神奈川区西神奈川三丁目7-7 六角橋ビル2F","","","","","","","","","","","","","","","2020001023260","","","",""
"株式会社シーエスティーグレイス","3907701496330","","","","","","","156-0052","東京都世田谷区経堂二丁目4-8 B号室","","","","","","","","","","","","","","","9010901043055","","","",""
"株式会社シーエヌケー","8456928502103","","","","","","","170-0013","東京都豊島区東池袋二丁目32-22 大塚トーセイビルII3F","","","","","","","","","","","","","","","6013301030444","","","",""
"株式会社思縁","4621276989775","","","","","","","097-0401","北海道利尻郡利尻町沓形本町74-3","","","","","","","","","","","","","","","6430001042307","","","",""
"株式会社シェンド","3114397550594","","","","","","","259-0123","神奈川県中郡二宮町二宮92-130","","","","","","","","","","","","","","","8021001071500","","","",""
"合同会社ＣＯＬ","9846115150170","","","","","","","555-0021","大阪府大阪市西淀川区歌島二丁目9-20 302号室","","","","","","","","","","","","","","","5120003013313","","","",""
"株式会社潮路","5576898870961","","","","","","","893-1401","鹿児島県肝属郡肝付町北方2338","","","","","","","","","","","","","","","3340001016561","","","",""
"有限会社シーオースポーツ","5430604384937","","","","","","","586-0009","大阪府河内長野市木戸西町一丁目6-1","","","","","","","","","","","","","","","2120902020511","","","",""
"株式会社シーオーメディカル","7207585482953","","","","","","","160-0023","東京都新宿区西新宿六丁目2-16 カンノビル3階、4階、5階","","","","","","","","","","","","","","","9011001100432","","","",""
"株式会社四季舎","2078208720527","","","","","","","059-1275","北海道苫小牧市字錦岡332-111","","","","","","","","","","","","","","","1430001053052","","","",""
"株式会社鴫蔵","3370503113300","","","","","","","350-0065","埼玉県川越市仲町10-13","","","","","","","","","","","","","","","5030001058369","","","",""
"株式会社シーグラント","6131676423504","","","","","","","007-0847","北海道札幌市東区北四十七条東七丁目1-40","","","","","","","","","","","","","","","4430001034033","","","",""
"株式会社重松商事","4926002750471","","","","","","","107-0052","東京都港区赤坂二丁目12-21 ディアシティ赤坂西館5階","","","","","","","","","","","","","","","4010401013075","","","",""
"四國興業株式会社","1913877115357","","","","","","","101-0047","東京都千代田区内神田一丁目13-7","","","","","","","","","","","","","","","5010001018829","","","",""
"シーサー株式会社","8693924114172","","","","","","","900-0004","沖縄県那覇市銘苅二丁目3-6 那覇市IT創造館504号","","","","","","","","","","","","","","","7360002008734","","","",""
"株式会社ＳＨＩＺＡ","3252923795819","","","","","","","503-0887","岐阜県大垣市郭町二丁目9-3","","","","","","","","","","","","","","","4200001028446","","","",""
"株式会社ＳＨＩＺＡＩ－Ｒ","1966435571034","","","","","","","125-0062","東京都葛飾区青戸四丁目21-26","","","","","","","","","","","","","","","9010501039692","","","",""
"ＣＣＡ株式会社","1337295806444","","","","","","","370-0035","群馬県高崎市柴崎町1289","","","","","","","","","","","","","","","8070001010521","","","",""
"株式会社ＣＣＣ","7385737610271","","","","","","","550-0003","大阪府大阪市西区京町堀一丁目17-16","","","","","","","","","","","","","","","8120001195803","","","",""
"株式会社ＣＪＣ","3461446942823","","","","","","","652-0804","兵庫県神戸市兵庫区塚本通五丁目5-22 503","","","","","","","","","","","","","","","7140001089450","","","",""
"合同会社ＣＪＣシステムズ","5075929650218","","","","","","","294-0045","千葉県館山市北条1858-5","","","","","","","","","","","","","","","2040003016319","","","",""
"株式会社シスコップ","1175130282123","","","","","","","252-0131","神奈川県相模原市緑区西橋本二丁目26-8","","","","","","","","","","","","","","","8021001012512","","","",""
"有限会社シーズ","9354427579808","","","","","","","468-0045","愛知県名古屋市天白区野並四丁目240-1 204","","","","","","","","","","","","","","","2180002051575","","","",""
"株式会社ＣＩＺ","6798494164247","","","","","","","231-0033","神奈川県横浜市中区長者町三丁目8-13 TK関内プラザ403B","","","","","","","","","","","","","","","6020001046274","","","",""
"有限会社ｓｅｅｄｓ","2135937951286","","","","","","","738-0005","広島県廿日市市桜尾本町6-5","","","","","","","","","","","","","","","9240002037479","","","",""
"株式会社シーズ","8842440669128","","","","","","","106-0041","東京都港区麻布台一丁目10-9 3F","","","","","","","","","","","","","","","1010401101080","","","",""
"有限会社しずおか夢工房","8843725707580","","","","","","","437-1204","静岡県磐田市福田中島1172","","","","","","","","","","","","","","","2080402021114","","","",""
"株式会社雫","1112245623061","","","","","","","220-0072","神奈川県横浜市西区浅間町一丁目4-3 402","","","","","","","","","","","","","","","8020001151956","","","",""
"株式会社氏晴","1403647274342","","","","","","","604-8225","京都府京都市中京区蟷螂山町473-701","","","","","","","","","","","","","","","7120001174832","","","",""
"株式会社至誠","2021125841617","","","","","","","813-0017","福岡県福岡市東区香椎照葉七丁目6-16","","","","","","","","","","","","","","","3290001075910","","","",""
"株式会社自然絆コーポレーション","5984451921694","","","","","","","485-0815","愛知県小牧市篠岡三丁目29-5","","","","","","","","","","","","","","","4020001101576","","","",""
"株式会社ＳｉｔａＲａｍａ","4551862548887","","","","","","","326-0845","栃木県足利市大前町1386-67","","","","","","","","","","","","","","","9060001019835","","","",""
"シーダーアグリビジネス合同会社","6894639578744","","","","","","","182-0026","東京都調布市小島町二丁目51-2 寿ビル2階","","","","","","","","","","","","","","","4012403002989","","","",""
"株式会社シーダス","3355460485860","","","","","","","150-0001","東京都渋谷区神宮前六丁目23-4 桑野ビル2階","","","","","","","","","","","","","","","8020001134861","","","",""
"シックスセンスラボ株式会社","6245905402748","","","","","","","810-0021","福岡県福岡市中央区今泉一丁目20-2 天神MENTビル6階","","","","","","","","","","","","","","","3290001032671","","","",""
"株式会社シップス","7525594578239","","","","","","","531-0074","大阪府大阪市北区本庄東二丁目5-27","","","","","","","","","","","","","","","1120001064980","","","",""
"シップスコアーズ株式会社","5902966451452","","","","","","","103-0026","東京都中央区日本橋兜町17-2 兜町第6葉山ビル4階","","","","","","","","","","","","","","","1010001152912","","","",""
"株式会社ＳＩＰＳ‐１","4298040957068","","","","","","","107-0052","東京都港区赤坂四丁目14-14 3508","","","","","","","","","","","","","","","8010001168745","","","",""
"株式会社ＣＴＧ","1602935069884","","","","","","","194-0013","東京都町田市原町田六丁目14-15 ヴィンテージ7階","","","","","","","","","","","","","","","2012301011598","","","",""
"シティネット株式会社","6745083069901","","","","","","","246-0037","神奈川県横浜市瀬谷区橋戸一丁目22-12","","","","","","","","","","","","","","","3020001084517","","","",""
"株式会社シーディライト","7079104429964","","","","","","","220-0072","神奈川県横浜市西区浅間町一丁目4-3 ウィザードビル402","","","","","","","","","","","","","","","4020001105726","","","",""
"株式会社シートゥサミット","9780036583597","","","","","","","194-0005","東京都町田市南町田一丁目5-25 3階","","","","","","","","","","","","","","","9012301012821","","","",""
"株式会社シナジー","3140916896552","","","","","","","901-2223","沖縄県宜野湾市大山七丁目10-14 プロト宜野湾第二ビル3F","","","","","","","","","","","","","","","5360001011831","","","",""
"株式会社信濃","6532958589045","","","","","","","133-0065","東京都江戸川区南篠崎町三丁目2-4","","","","","","","","","","","","","","","1011701014195","","","",""
"株式会社シネマ・コーポレーション","4461120996572","","","","","","","154-0001","東京都世田谷区池尻二丁目35-9 610号","","","","","","","","","","","","","","","9013201012713","","","",""
"株式会社シーノ","3823984926574","","","","","","","236-0054","神奈川県横浜市金沢区堀口4-1","","","","","","","","","","","","","","","4020001129056","","","",""
"株式会社ＳＨｉＢＡＮｉＫＯ","8460939401701","","","","","","","160-0022","東京都新宿区新宿一丁目36-2 新宿第七葉山ビル3階","","","","","","","","","","","","","","","4011101071280","","","",""
"シービーシー株式会社","2569430154240","","","","","","","683-0033","鳥取県米子市長砂町985-2","","","","","","","","","","","","","","","5270001005735","","","",""
"有限会社ＣＶＣ","7123074569832","","","","","","","170-0002","東京都豊島区巣鴨二丁目9-25","","","","","","","","","","","","","","","4013302020454","","","",""
"株式会社ＣＶ　Ｐｒｏｊｅｃｔ","8566671521653","","","","","","","150-0002","東京都渋谷区渋谷二丁目24-12","","","","","","","","","","","","","","","2011001120131","","","",""
"株式会社シベール","6347013871319","","","","","","","990-2338","山形県山形市蔵王松ケ丘二丁目1-3","","","","","","","","","","","","","","","2090001016010","","","",""
"シペラス株式会社","2846908393909","","","","","","","550-0027","大阪府大阪市西区九条二丁目8-4","","","","","","","","","","","","","","","8150001004894","","","",""
"株式会社四方良","1599721866503","","","","","","","150-0012","東京都渋谷区広尾五丁目25-8 第二フラワーハイホームB棟403","","","","","","","","","","","","","","","7011001149802","","","",""
"Ｃ－ｐｏｓｉｔｉｏｎ株式会社","8288567765007","","","","","","","150-0042","東京都渋谷区宇田川町3-7 ヒューリック渋谷公園通りビル5F-5","","","","","","","","","","","","","","","6011001141264","","","",""
"株式会社嶋ノ屋","8724566662663","","","","","","","651-0085","兵庫県神戸市中央区八幡通三丁目1-14 サンシポートビル4F","","","","","","","","","","","","","","","6140001098873","","","",""
"株式会社ＳＨＩＭＡＹＡ食品","6857316641227","","","","","","","597-0082","大阪府貝塚市石才143-1","","","","","","","","","","","","","","","7120101055800","","","",""
"株式会社ＳＨＩ‐ＭＩＺＵ","1201793694930","","","","","","","530-0047","大阪府大阪市北区西天満六丁目4-9 M","","","","","","","","","","","","","","","8120001239361","","","",""
"有限会社清水三年坂美術館","8695028724943","","","","","","","605-0862","京都府京都市東山区清水三丁目337-1","","","","","","","","","","","","","","","8130002009812","","","",""
"有限会社シーム","9938640166184","","","","","","","003-0022","北海道札幌市白石区南郷通十六丁目南1-1 406号","","","","","","","","","","","","","","","4430002037357","","","",""
"株式会社しもつけ匠会","5640164036204","","","","","","","322-0606","栃木県栃木市西方町本城62-3","","","","","","","","","","","","","","","2060001026755","","","",""
"株式会社ＳＨＩＮＥ","3590331892768","","","","","","","811-0321","福岡県福岡市東区西戸崎二丁目30-1","","","","","","","","","","","","","","","5290001070364","","","",""
"株式会社シャドール","8311192539458","","","","","","","630-0101","奈良県生駒市高山町10192-11","","","","","","","","","","","","","","","3150001008768","","","",""
"有限会社しゃぶ亭まる","5229036785054","","","","","","","761-0823","香川県木田郡三木町大字井戸1293-1","","","","","","","","","","","","","","","4470002003710","","","",""
"株式会社ＳＨＡＲＰＥＮ　ＨＥＡＤ","9705751041598","","","","","","","333-0823","埼玉県川口市大字石神895","","","","","","","","","","","","","","","5011101078151","","","",""
"株式会社洒落紋","9014414544807","","","","","","","498-0027","愛知県弥富市鯏浦町南前新田25 Nビル2階","","","","","","","","","","","","","","","6180003014916","","","",""
"Ｓｈａｎｇｒｉ－Ｌａ　Ｊａｐａｎ株式会社","8504898889098","","","","","","","890-0082","鹿児島県鹿児島市紫原三丁目63-17","","","","","","","","","","","","","","","6340001022037","","","",""
"株式会社シャンティオール","2529087151273","","","","","","","154-0004","東京都世田谷区太子堂二丁目29-5","","","","","","","","","","","","","","","6010901040303","","","",""
"株式会社秀","1174960902653","","","","","","","536-0006","大阪府大阪市城東区野江二丁目16-4","","","","","","","","","","","","","","","7120001139637","","","",""
"秀源株式会社","4564660496369","","","","","","","651-0056","兵庫県神戸市中央区熊内町四丁目6-1","","","","","","","","","","","","","","","2140001118874","","","",""
"株式会社シューホリック","8242447772666","","","","","","","186-0002","東京都国立市東二丁目6-6 フジノビル2F","","","","","","","","","","","","","","","9012801017436","","","",""
"株式会社シュリセル","2052193954356","","","","","","","312-0054","茨城県ひたちなか市はしかべ二丁目1-1 T","","","","","","","","","","","","","","","4050001040490","","","",""
"株式会社春風","3147354122151","","","","","","","150-0031","東京都渋谷区桜丘町13-9 203","","","","","","","","","","","","","","","6011001099791","","","",""
"株式会社ｓｈｏｉｃｈｉ","7522297021158","","","","","","","541-0054","大阪府大阪市中央区南本町二丁目6-5 ファースト船場301","","","","","","","","","","","","","","","3120001161628","","","",""
"株式会社松華","7952062376440","","","","","","","870-0108","大分県大分市三佐三丁目12-24","","","","","","","","","","","","","","","6320001014523","","","",""
"株式会社松華堂","1917712579676","","","","","","","849-4154","佐賀県西松浦郡有田町大木宿乙1533-6","","","","","","","","","","","","","","","5300001005847","","","",""
"株式会社翔継","3306690003409","","","","","","","004-0841","北海道札幌市清田区清田一条四丁目1-45 R4TMビル2階","","","","","","","","","","","","","","","3430001056045","","","",""
"株式会社消防ユニフォーム","8658813441693","","","","","","","545-0022","大阪府大阪市阿倍野区播磨町一丁目14-18","","","","","","","","","","","","","","","1120001186734","","","",""
"株式会社昇和","5567730394294","","","","","","","419-0201","静岡県富士市厚原1542-3","","","","","","","","","","","","","","","8080101015155","","","",""
"昭和興産株式会社","2782298279475","","","","","","","892-0852","鹿児島県鹿児島市下竜尾町24-19","","","","","","","","","","","","","","","7340001002194","","","",""
"株式会社食材ファーム","2658829756043","","","","","","","210-0869","神奈川県川崎市川崎区東扇島24","","","","","","","","","","","","","","","2020001150897","","","",""
"株式会社食天地","8662856500505","","","","","","","751-0808","山口県下関市一の宮本町二丁目2-22","","","","","","","","","","","","","","","6250001007880","","","",""
"株式会社食とつながり","7452415564119","","","","","","","102-0093","東京都千代田区平河町二丁目10-1 4階","","","","","","","","","","","","","","","6011001124319","","","",""
"職人．ｃｏｍ株式会社","6849827541230","","","","","","","602-8423","京都府京都市上京区藤木町795-2","","","","","","","","","","","","","","","7130001040100","","","",""
"株式会社食の達人","8928876332641","","","","","","","547-0048","大阪府大阪市平野区平野馬場一丁目13-17","","","","","","","","","","","","","","","6120001230652","","","",""
"株式会社ショクパル","9055018761699","","","","","","","860-0057","熊本県熊本市西区八島町745-1 405号","","","","","","","","","","","","","","","2330001023304","","","",""
"株式会社食文化","9862152939081","","","","","","","106-0044","東京都港区東麻布一丁目27-1 東麻布食文化ビル4階","","","","","","","","","","","","","","","4010001125808","","","",""
"株式会社ショーケース","8116410926717","","","","","","","659-0037","兵庫県芦屋市南浜町4-26","","","","","","","","","","","","","","","3140001072435","","","",""
"株式会社白神屋","9493830792985","","","","","","","016-0122","秋田県能代市扇田扇渕14-1","","","","","","","","","","","","","","","4410001011208","","","",""
"株式会社シラカワ","6624263459283","","","","","","","038-0022","青森県青森市大字浪館前田39-6","","","","","","","","","","","","","","","4420001014275","","","",""
"有限会社シーラプランニング","6045509456132","","","","","","","171-0022","東京都豊島区南池袋二丁目49-7 池袋パークビル1Fインスクエア内","","","","","","","","","","","","","","","7011602004760","","","",""
"株式会社シリウストレード","6056836181844","","","","","","","619-0221","京都府木津川市吐師中ノ中条44","","","","","","","","","","","","","","","8130001056137","","","",""
"シルクドリバー株式会社","9659334632986","","","","","","","530-0013","大阪府大阪市北区茶屋町4-2 エスプライム茶屋町S-2","","","","","","","","","","","","","","","4120001242443","","","",""
"株式会社白木屋","8829759136204","","","","","","","431-3106","静岡県浜松市中央区笠井上町220","","","","","","","","","","","","","","","2080401002420","","","",""
"有限会社シロタ","6061733351830","","","","","","","418-0102","静岡県富士宮市人穴488","","","","","","","","","","","","","","","9080102017166","","","",""
"株式会社進栄貿易","6787826466100","","","","","","","453-0014","愛知県名古屋市中村区則武二丁目16-4 長江ビル","","","","","","","","","","","","","","","3180001103038","","","",""
"有限会社しんき","4392584563114","","","","","","","257-0003","神奈川県秦野市南矢名五丁目8-6","","","","","","","","","","","","","","","9021002038051","","","",""
"株式会社シンキ","6967211180264","","","","","","","259-1116","神奈川県伊勢原市石田899-2","","","","","","","","","","","","","","","3021001049971","","","",""
"シン企画株式会社","7750718445764","","","","","","","730-0005","広島県広島市中区西白島町8-3","","","","","","","","","","","","","","","2240001021770","","","",""
"有限会社信共社","4914586730467","","","","","","","990-2446","山形県山形市白山一丁目10-3","","","","","","","","","","","","","","","6390002001274","","","",""
"株式会社しんきんカードビジネス","1482919130429","","","","","","","170-0013","東京都豊島区東池袋三丁目1-1","","","","","","","","","","","","","","","6011701015610","","","",""
"シンクイノベーション株式会社","8935238029574","","","","","","","460-0008","愛知県名古屋市中区栄一丁目29-27 東海商事ビル4・5F","","","","","","","","","","","","","","","7180001113900","","","",""
"有限会社ＳＨＩＮＫＥ","5910610926945","","","","","","","594-1133","大阪府和泉市春木川町625","","","","","","","","","","","","","","","2120102026929","","","",""
"森惠国際貿易株式会社","1601041392186","","","","","","","653-0811","兵庫県神戸市長田区大塚町三丁目1-17","","","","","","","","","","","","","","","9140001098433","","","",""
"新光通販株式会社","1170509025754","","","","","","","103-0004","東京都中央区東日本橋二丁目2-6 REI東日本橋ビル4階","","","","","","","","","","","","","","","2010001018286","","","",""
"鑫三海株式会社","8408762138477","","","","","","","590-0012","大阪府堺市堺区浅香山町三丁9-11","","","","","","","","","","","","","","","6120001220216","","","",""
"信州生鮮流通株式会社","9512895186633","","","","","","","381-2204","長野県長野市真島町真島690-1","","","","","","","","","","","","","","","6100001004810","","","",""
"株式会社新宿津田家","3482528848855","","","","","","","160-0022","東京都新宿区新宿三丁目38-1 ルミネエスト新宿店4階","","","","","","","","","","","","","","","3011101009851","","","",""
"新庄株式会社","8808675339425","","","","","","","639-2144","奈良県葛城市葛木69-1","","","","","","","","","","","","","","","8150001012823","","","",""
"沁善株式会社","7736817484680","","","","","","","333-0851","埼玉県川口市芝新町8-17 奥田ビル302","","","","","","","","","","","","","","","9240001049277","","","",""
"新都ホールディングス株式会社","8081075765902","","","","","","","170-0004","東京都豊島区北大塚三丁目34-1","","","","","","","","","","","","","","","7010601010274","","","",""
"株式会社審美","6014831104570","","","","","","","064-0921","北海道札幌市中央区南二十一条西十四丁目3-35","","","","","","","","","","","","","","","8430001007621","","","",""
"シンプリス株式会社","3433712477896","","","","","","","600-8130","京都府京都市下京区紺屋町396-411","","","","","","","","","","","","","","","1130001046788","","","",""
"株式会社ＳＩＭＰＬＹ．ＣＯＭ","3764945064481","","","","","","","836-0046","福岡県大牟田市本町三丁目6-7","","","","","","","","","","","","","","","9290001058942","","","",""
"株式会社新米商店","5609984348844","","","","","","","125-0063","東京都葛飾区白鳥四丁目5-20","","","","","","","","","","","","","","","1011801033756","","","",""
"新洋商事株式会社","9656224952325","","","","","","","344-0066","埼玉県春日部市豊町五丁目7-31","","","","","","","","","","","","","","","7030001019303","","","",""
"有限会社心和","2591478926098","","","","","","","273-0005","千葉県船橋市本町二丁目25-16","","","","","","","","","","","","","","","3040002030914","","","",""
"株式会社ＧＩＧモルテック","5577154448700","","","","","","","297-0001","千葉県茂原市七渡3476-3","","","","","","","","","","","","","","","2080101003982","","","",""
"株式会社ＧＲＩ","2620764734345","","","","","","","105-0011","東京都港区芝公園二丁目3-6","","","","","","","","","","","","","","","4010401080545","","","",""
"Ｇ＆Ｆｕ株式会社","8631304564427","","","","","","","143-0023","東京都大田区山王二丁目5-6","","","","","","","","","","","","","","","7011001110730","","","",""
"株式会社ＧＥウェルネス","3261241561433","","","","","","","651-0087","兵庫県神戸市中央区御幸通八丁目1-6 神戸国際会館16F","","","","","","","","","","","","","","","7180001131092","","","",""
"株式会社Ｇ．Ｅ．Ｎ．","4652208485299","","","","","","","103-0023","東京都中央区日本橋本町三丁目3-6 7F","","","","","","","","","","","","","","","5011501015381","","","",""
"株式会社ジェイ・アール・シー","3510367221032","","","","","","","167-0052","東京都杉並区南荻窪四丁目36-4 第三田丸ビル","","","","","","","","","","","","","","","2011301002995","","","",""
"ジェイアンドエム株式会社","8461432812593","","","","","","","151-0053","東京都渋谷区代々木一丁目2-9 アーバンパーク代々木601","","","","","","","","","","","","","","","8011201017832","","","",""
"株式会社ジェイ・インターナショナル","2556848101334","","","","","","","107-0052","東京都港区赤坂六丁目15-11 ジャックプラザ","","","","","","","","","","","","","","","3010401039955","","","",""
"株式会社ＪＨＴ","9562522207429","","","","","","","110-0015","東京都台東区東上野一丁目22-1 宝華ビル3F","","","","","","","","","","","","","","","7010001142453","","","",""
"株式会社ジェイエスプラン","9816688807116","","","","","","","811-3115","福岡県古賀市久保906-80","","","","","","","","","","","","","","","8290001065592","","","",""
"株式会社ジェイエッチエス千葉","1381882904788","","","","","","","277-0863","千葉県柏市豊四季382-1","","","","","","","","","","","","","","","3040001065787","","","",""
"株式会社Ｊ・Ｆ・Ｓ","4374264124560","","","","","","","373-0806","群馬県太田市龍舞町1543-1","","","","","","","","","","","","","","","5070001028467","","","",""
"株式会社ＪＯＣ","5698701347502","","","","","","","531-0072","大阪府大阪市北区豊崎三丁目19-3 ピアスタワー13階","","","","","","","","","","","","","","","5140001028534","","","",""
"株式会社ジェイオーディ","7729823645624","","","","","","","491-0914","愛知県一宮市花池四丁目17-12","","","","","","","","","","","","","","","9180001082730","","","",""
"株式会社ジェイゲート","4567478008261","","","","","","","879-1502","大分県速見郡日出町大字藤原6005-50","","","","","","","","","","","","","","","4320001013840","","","",""
"株式会社ジェイ・コール","6809953117133","","","","","","","811-1101","福岡県福岡市早良区重留五丁目3-5","","","","","","","","","","","","","","","9290001035157","","","",""
"株式会社Ｊ・Ｃ・Ｆ","9060675592733","","","","","","","162-0808","東京都新宿区天神町63 6F","","","","","","","","","","","","","","","5011101057378","","","",""
"株式会社ジェイシークリエイティヴ","4155399396217","","","","","","","060-0004","北海道札幌市中央区北四条西十三丁目1-2 RICH植物園BLDG4F","","","","","","","","","","","","","","","3430001007626","","","",""
"Ｊ．Ｃ．富士株式会社","4396311913635","","","","","","","120-0006","東京都足立区谷中三丁目20-7 ファインクロス四番館402","","","","","","","","","","","","","","","3011401019179","","","",""
"株式会社ジェイセレクト","4705201706884","","","","","","","819-1116","福岡県糸島市前原中央二丁目13-3","","","","","","","","","","","","","","","2290001074129","","","",""
"ＪＷ　Ｏｃｅａｎ　Ａｖｅｎｕｅ　Ｊａｐａｎ株式会社","8109424976003","","","","","","","110-0005","東京都台東区上野六丁目1-6 1003号","","","","","","","","","","","","","","","8010501036162","","","",""
"株式会社ジーエイチオー","6210365700938","","","","","","","920-0000","石川県金沢市福増町北204-20","","","","","","","","","","","","","","","6220001011134","","","",""
"株式会社ＪＤＳインターナショナル","1527380564926","","","","","","","178-0063","東京都練馬区東大泉四丁目26-2 301","","","","","","","","","","","","","","","5011601019547","","","",""
"ジェイドグループ株式会社","4018877536030","","","","","","","151-0062","東京都渋谷区元代々木町30-13","","","","","","","","","","","","","","","5010401097274","","","",""
"株式会社Ｊ－ｎｅｘｔ","5364913726046","","","","","","","590-0023","大阪府堺市堺区南三国ヶ丘町五丁5-12","","","","","","","","","","","","","","","5120101053475","","","",""
"ＪＰＩ株式会社","2980240821430","","","","","","","362-0806","埼玉県北足立郡伊奈町大字小室8205-5","","","","","","","","","","","","","","","6030001127494","","","",""
"ＪＰＮフーズ株式会社","1947545003088","","","","","","","651-2132","兵庫県神戸市西区森友一丁目120-1","","","","","","","","","","","","","","","6140001030803","","","",""
"株式会社ＪＰＨｅａｒｔｓ","4521776211488","","","","","","","108-0074","東京都港区高輪一丁目23-23 シティタワー高輪1006","","","","","","","","","","","","","","","9010901026877","","","",""
"株式会社ジェイフロンティア","6337994311033","","","","","","","169-0075","東京都新宿区高田馬場一丁目31-7 ソアブール高田馬場2F","","","","","","","","","","","","","","","9011101077091","","","",""
"株式会社Ｊ．ＢＯＹ","4899751486562","","","","","","","103-0015","東京都中央区日本橋箱崎町22-1 東京シティ・エアターミナル内","","","","","","","","","","","","","","","7010001128519","","","",""
"株式会社ジェイ・レファ","7670478895446","","","","","","","112-0012","東京都文京区大塚五丁目18-19","","","","","","","","","","","","","","","8010001132536","","","",""
"Ｊ－ｗｉｒｅ株式会社","6215746060940","","","","","","","432-8031","静岡県浜松市中央区平田町108 平田ホワイトビル3F","","","","","","","","","","","","","","","9080401021109","","","",""
"株式会社ＪＹ　ｃｏｒｐｏｒａｔｉｏｎ","2565289212366","","","","","","","271-0068","千葉県松戸市古ケ崎一丁目3069-1 A105","","","","","","","","","","","","","","","8040001084007","","","",""
"株式会社ジェーオーイー","9160404017906","","","","","","","153-0064","東京都目黒区下目黒一丁目8-1 アルコタワー7階","","","","","","","","","","","","","","","8010501033688","","","",""
"ＪＫＮ株式会社","2116889090802","","","","","","","131-0033","東京都墨田区向島三丁目28-13","","","","","","","","","","","","","","","5010601052772","","","",""
"株式会社ＪＣＫ","8425223600214","","","","","","","171-0051","東京都豊島区長崎一丁目3-6","","","","","","","","","","","","","","","4013301036385","","","",""
"株式会社ＧＳＩ","1250289764920","","","","","","","453-0804","愛知県名古屋市中村区黄金通八丁目12-3","","","","","","","","","","","","","","","5180001119131","","","",""
"合資会社ジーエスセレクトフーズ","5728555284612","","","","","","","030-0945","青森県青森市桜川三丁目10-1","","","","","","","","","","","","","","","9420003000062","","","",""
"ＧＳＴ　Ｊａｐａｎ株式会社","4856860429156","","","","","","","819-1335","福岡県糸島市志摩芥屋927-1","","","","","","","","","","","","","","","9290001078230","","","",""
"株式会社Ｊ’ｓフロンティア","7963877202715","","","","","","","063-0803","北海道札幌市西区二十四軒三条一丁目1-31 水戸ビル4F","","","","","","","","","","","","","","","5430001058428","","","",""
"有限会社ジェーソリューション","7536922143347","","","","","","","107-0052","東京都港区赤坂九丁目6-23 赤坂葵マンション402号室","","","","","","","","","","","","","","","4010702013039","","","",""
"株式会社ＪＥＤＤＡ","8331780963693","","","","","","","253-0027","神奈川県茅ヶ崎市ひばりが丘1-65","","","","","","","","","","","","","","","2021001055475","","","",""
"株式会社ジェットスロウ","5742306797511","","","","","","","192-0153","東京都八王子市西寺方町363-2","","","","","","","","","","","","","","","8010101009857","","","",""
"株式会社ジェットラグ","5745510688682","","","","","","","193-0934","東京都八王子市小比企町819-38","","","","","","","","","","","","","","","3010101010316","","","",""
"有限会社ジェニュイン幸せ工房","9705787799790","","","","","","","174-0063","東京都板橋区前野町四丁目41-11","","","","","","","","","","","","","","","2011402019278","","","",""
"ＧＮＧ株式会社","7037435272887","","","","","","","103-0001","東京都中央区日本橋小伝馬町16-5 新日本橋長岡ビル8-C","","","","","","","","","","","","","","","3010001170284","","","",""
"株式会社ＧＥＮＥＲＡＬ　ＳＴＯＲＥ","3730812816732","","","","","","","101-0051","東京都千代田区神田神保町二丁目3-1 岩波書店アネックス6階","","","","","","","","","","","","","","","5011001118032","","","",""
"株式会社ジェネリックコーポレーション","5955132053063","","","","","","","113-0033","東京都文京区本郷一丁目28-34 本郷MKビル6階","","","","","","","","","","","","","","","6011001070273","","","",""
"株式会社ジェネレーションパス","7903234419786","","","","","","","160-0023","東京都新宿区西新宿六丁目12-1 西新宿パークウエストビル5F","","","","","","","","","","","","","","","9011101032971","","","",""
"株式会社ジェービーシー","4305167258048","","","","","","","810-0005","福岡県福岡市中央区清川一丁目7-12 大戸ビル5F","","","","","","","","","","","","","","","8290001013618","","","",""
"株式会社ジーエーピー","4338867084090","","","","","","","141-0031","東京都品川区西五反田八丁目1-14 最勝ビル4F","","","","","","","","","","","","","","","5010701013402","","","",""
"ＪＰ東京特選会株式会社","6267677335874","","","","","","","110-0015","東京都台東区東上野二丁目10-1 第3政木ビル5階","","","","","","","","","","","","","","","9010501037696","","","",""
"ｇｆ．Ｐ株式会社","9941188061409","","","","","","","102-0093","東京都千代田区平河町一丁目6-8 平河町貝坂ビル1F","","","","","","","","","","","","","","","3010901017246","","","",""
"株式会社ジェミニウム","9942038232069","","","","","","","154-0004","東京都世田谷区太子堂二丁目7-3 橋和屋東京5F","","","","","","","","","","","","","","","3010901020407","","","",""
"株式会社ＺＭ","5722100657529","","","","","","","810-0063","福岡県福岡市中央区唐人町二丁目9-6","","","","","","","","","","","","","","","5290001072014","","","",""
"株式会社ＧＭＧ","5361006374475","","","","","","","400-0828","山梨県甲府市青葉町13-25","","","","","","","","","","","","","","","9090001007259","","","",""
"ジーエムティー株式会社","9239006918371","","","","","","","133-0065","東京都江戸川区南篠崎町五丁目10-10","","","","","","","","","","","","","","","3011701009912","","","",""
"ジーエムピー株式会社","6329913710508","","","","","","","578-0981","大阪府東大阪市島之内二丁目4-18","","","","","","","","","","","","","","","2122001009080","","","",""
"有限会社ジェリーフィッシュ","6173215192699","","","","","","","261-0023","千葉県千葉市美浜区中瀬一丁目3","","","","","","","","","","","","","","","8040002013253","","","",""
"株式会社ジェントルマン","7558628901008","","","","","","","557-0016","大阪府大阪市西成区花園北二丁目5-12","","","","","","","","","","","","","","","6030001117041","","","",""
"ジェンヌ・インターナショナル株式会社","8777461498817","","","","","","","920-0869","石川県金沢市上堤町1-12 金沢南町ビルディング3F","","","","","","","","","","","","","","","7360001015104","","","",""
"株式会社Ｇｅｍｍａ　Ｊａｐａｎ","5122404533129","","","","","","","150-0013","東京都渋谷区恵比寿四丁目24-5 恵比寿パークテラス1階","","","","","","","","","","","","","","","8011101082134","","","",""
"株式会社Ｇｉｏ","5308139820837","","","","","","","550-0015","大阪府大阪市西区南堀江一丁目11-1 三共四ツ橋ビル3F","","","","","","","","","","","","","","","8120001137417","","","",""
"株式会社Ｇｅｅｋ","6000024277098","","","","","","","351-0101","埼玉県和光市白子一丁目1-9 2F","","","","","","","","","","","","","","","9030001049991","","","",""
"株式会社Ｇ‐ＱＵＥＥＮ","8271364110362","","","","","","","299-4101","千葉県茂原市清水2205-84","","","","","","","","","","","","","","","7040001123475","","","",""
"ジーザスユミー株式会社","4999447284768","","","","","","","351-0101","埼玉県和光市白子二丁目12-17","","","","","","","","","","","","","","","9030001093404","","","",""
"ＧＪ．Ｔｒａｄｉｎｇ合同会社","5345891138326","","","","","","","658-0082","兵庫県神戸市東灘区魚崎北町四丁目4-15 サンプラザ魚崎301号","","","","","","","","","","","","","","","9140003014859","","","",""
"株式会社ＧＧＣ","2697991510007","","","","","","","060-0041","北海道札幌市中央区大通東四丁目1-19 大通東やまむらセンタービル","","","","","","","","","","","","","","","3430001063025","","","",""
"ジースプレッド株式会社","1408928588122","","","","","","","505-0039","岐阜県美濃加茂市蜂屋台一丁目6-1","","","","","","","","","","","","","","","5200001030302","","","",""
"株式会社Ｇ‐７新流","4042174616316","","","","","","","561-0872","大阪府豊中市寺内二丁目13-57 緑地フレックスビル6F","","","","","","","","","","","","","","","4120901027233","","","",""
"自治労大分県本部信用販売生活協同組合","2177639359870","","","","","","","870-0022","大分県大分市大手町三丁目2-9 自治労県本部内","","","","","","","","","","","","","","","8320005001078","","","",""
"ジップコーポレーション株式会社","4947484945661","","","","","","","060-0806","北海道札幌市北区北六条西六丁目2 第2山崎ビル7F","","","","","","","","","","","","","","","1430001030084","","","",""
"株式会社ジーティー","2032668033191","","","","","","","551-0031","大阪府大阪市大正区泉尾二丁目23-18","","","","","","","","","","","","","","","4120001231867","","","",""
"有限会社ＧＴＯ","3718737585740","","","","","","","175-0092","東京都板橋区赤塚二丁目36-20","","","","","","","","","","","","","","","5011402017238","","","",""
"ジー・ティテクノ株式会社","9982053909462","","","","","","","550-0005","大阪府大阪市西区西本町一丁目8-2","","","","","","","","","","","","","","","4120001143170","","","",""
"ＪＩＴＯ株式会社","7231316273121","","","","","","","103-0013","東京都中央区日本橋人形町二丁目1-9","","","","","","","","","","","","","","","1010401095760","","","",""
"株式会社ジーニネット","3909484768791","","","","","","","136-0072","東京都江東区大島二丁目13-11 西澤ビル3階","","","","","","","","","","","","","","","3011701016322","","","",""
"株式会社Ｇ－ＨＯＵＳＥ","2724874902749","","","","","","","861-8039","熊本県熊本市東区長嶺南六丁目12-11","","","","","","","","","","","","","","","9330001021912","","","",""
"ＧＢＦＴ株式会社","4026780675841","","","","","","","556-0011","大阪府大阪市浪速区難波中二丁目11-18 パークスサウススクエア11階","","","","","","","","","","","","","","","4120001186062","","","",""
"株式会社Ｇ・Ｐ・Ｆａｃｔｏｒｙ","5635145893541","","","","","","","541-0046","大阪府大阪市中央区平野町三丁目4-9","","","","","","","","","","","","","","","6120001166582","","","",""
"株式会社ジーフロンティア","7220005487384","","","","","","","141-0031","東京都品川区西五反田五丁目11-11","","","","","","","","","","","","","","","1013201018296","","","",""
"株式会社ジプセル","9181246311117","","","","","","","064-0820","北海道札幌市中央区大通西二十六丁目1-8","","","","","","","","","","","","","","","1430001064702","","","",""
"株式会社ジムガレージ","8232576679912","","","","","","","158-0097","東京都世田谷区用賀四丁目12-5 Y","","","","","","","","","","","","","","","2010901049819","","","",""
"株式会社Ｇｙｍ　Ｆｉｎｅ","4098040485366","","","","","","","284-0008","千葉県四街道市鹿放ケ丘273-3","","","","","","","","","","","","","","","8040001090277","","","",""
"株式会社ジャクトリンク","4775840917057","","","","","","","107-0062","東京都港区南青山二丁目2-15 WIN-AOYAMAビルUCF9F","","","","","","","","","","","","","","","3010401131209","","","",""
"株式会社ジャコラ","4263412707580","","","","","","","220-0004","神奈川県横浜市西区北幸一丁目11-5 相鉄KSビル6階・9階","","","","","","","","","","","","","","","8021001042856","","","",""
"株式会社ジャパネットたかた","4462258456744","","","","","","","857-1151","長崎県佐世保市日宇町2781","","","","","","","","","","","","","","","3310001005550","","","",""
"ＪａｐａｎＦＴＮ合同会社","2880203139021","","","","","","","176-0012","東京都練馬区豊玉北五丁目14-13 301号","","","","","","","","","","","","","","","8011603001987","","","",""
"ジャパンオレンジ株式会社","3957929889166","","","","","","","135-0042","東京都江東区木場五丁目6-10 後藤ビル1F","","","","","","","","","","","","","","","5011003005014","","","",""
"Ｊａｐａｎ　Ｃｒａｔｅ合同会社","8202933442500","","","","","","","160-0022","東京都新宿区新宿一丁目6-3 新宿御苑フロント4階","","","","","","","","","","","","","","","7011103006760","","","",""
"ＪＡＰＡＮ　ＧＬＯＢＡＬ　ＴＲＡＤＥ株式会社","9691793226632","","","","","","","639-2143","奈良県葛城市南道穗81-3","","","","","","","","","","","","","","","3150001018676","","","",""
"ジャパン・コイン・キャビネット株式会社","9154483705751","","","","","","","105-0013","東京都港区浜松町一丁目9-2 POビルB1","","","","","","","","","","","","","","","9010401122821","","","",""
"株式会社ジャパンダイレクト","4505052138003","","","","","","","005-0022","北海道札幌市南区真駒内柏丘九丁目3-12","","","","","","","","","","","","","","","3430001069245","","","",""
"Ｊａｐａｎ　ＤＸ株式会社","9999451091586","","","","","","","105-0003","東京都港区西新橋三丁目13-7 VORT虎ノ門south12F","","","","","","","","","","","","","","","8010401159600","","","",""
"株式会社ジャパンネイルスクール","1061908943113","","","","","","","150-0043","東京都渋谷区道玄坂一丁目2-3 渋谷フクラス17F","","","","","","","","","","","","","","","8011001026389","","","",""
"株式会社ジャパンネットワーク","8197481700928","","","","","","","891-1306","鹿児島県鹿児島市牟礼岡一丁目20-15","","","","","","","","","","","","","","","8340001019808","","","",""
"株式会社ジャパンピットサービス","3886844731492","","","","","","","561-0835","大阪府豊中市庄本町三丁目11-4","","","","","","","","","","","","","","","2120901028563","","","",""
"株式会社ジャパンマーケットプレイス","8583186929951","","","","","","","150-0002","東京都渋谷区渋谷一丁目20-1 井門美竹ビル4F","","","","","","","","","","","","","","","1011001091159","","","",""
"株式会社ジャランジャパン","7594835309383","","","","","","","150-0043","東京都渋谷区道玄坂一丁目16-6","","","","","","","","","","","","","","","6011001098281","","","",""
"株式会社ジャンプス","8728932236109","","","","","","","812-0015","福岡県福岡市博多区山王一丁目10-27 山王川上ビルC-5","","","","","","","","","","","","","","","5250001008483","","","",""
"株式会社自由兄弟","3286718357055","","","","","","","630-0134","奈良県生駒市あすか野北二丁目9-28","","","","","","","","","","","","","","","3150003001639","","","",""
"じゅうたす株式会社","7001284934751","","","","","","","670-0805","兵庫県姫路市西中島14-8","","","","","","","","","","","","","","","7140001092074","","","",""
"株式会社十七商店","1048446019304","","","","","","","460-0008","愛知県名古屋市中区栄二丁目2-36 十七ビル4F","","","","","","","","","","","","","","","8180001145661","","","",""
"有限会社ジュエリーオフ","4256249662123","","","","","","","930-0854","富山県富山市城北町15-15","","","","","","","","","","","","","","","2230002001203","","","",""
"有限会社ジュエリーナカヤ","2431382169633","","","","","","","950-0088","新潟県新潟市中央区万代六丁目1-31","","","","","","","","","","","","","","","7110002003264","","","",""
"株式会社ジュエル","7197973807270","","","","","","","812-0013","福岡県福岡市博多区博多駅東三丁目9-3","","","","","","","","","","","","","","","7290001034821","","","",""
"株式会社寿香","6321201050193","","","","","","","286-0221","千葉県富里市七栄318-17 2階","","","","","","","","","","","","","","","1040001045898","","","",""
"株式会社ＪＵＮＩＣ　ＮＥＴＷＯＲＫＳ","9700204520644","","","","","","","158-0084","東京都世田谷区東玉川一丁目18-13","","","","","","","","","","","","","","","5010901036392","","","",""
"ジュピターショップチャンネル株式会社","8829669904160","","","","","","","135-0016","東京都江東区東陽七丁目2-18","","","","","","","","","","","","","","","6010001065291","","","",""
"有限会社ＪＵＮＣＯＭＰＡＮＹ","5163708972304","","","","","","","336-0027","埼玉県さいたま市南区沼影一丁目2-14","","","","","","","","","","","","","","","3010902026106","","","",""
"有限会社純商事","6976289047394","","","","","","","418-0022","静岡県富士宮市小泉117-4","","","","","","","","","","","","","","","5080102016824","","","",""
"株式会社純閃堂","2370070967241","","","","","","","355-0221","埼玉県比企郡嵐山町大字菅谷629-5","","","","","","","","","","","","","","","4020001112383","","","",""
"株式会社ジョイスチャレンジ","6486476473690","","","","","","","611-0041","京都府宇治市槇島町落合199-2","","","","","","","","","","","","","","","6130001032271","","","",""
"ジョイタス株式会社","5243105499599","","","","","","","543-0002","大阪府大阪市天王寺区上汐三丁目3-25 2F","","","","","","","","","","","","","","","8120001194235","","","",""
"株式会社ジョイフル","1786167241578","","","","","","","553-0003","大阪府大阪市福島区福島三丁目1-57","","","","","","","","","","","","","","","1011001115586","","","",""
"株式会社ジョイプロ","7255038304426","","","","","","","107-0062","東京都港区南青山一丁目15-9 第45興和ビルB1","","","","","","","","","","","","","","","4013201018863","","","",""
"株式会社ジョイライフ","8437512833047","","","","","","","745-0842","山口県周南市青山町4-1","","","","","","","","","","","","","","","1250001010468","","","",""
"株式会社ジョイントウィン","1150476647232","","","","","","","635-0035","奈良県大和高田市旭南町5-8","","","","","","","","","","","","","","","3150001024872","","","",""
"城内通販株式会社","4871491653069","","","","","","","940-0061","新潟県長岡市城内町三丁目3-2","","","","","","","","","","","","","","","5110002030335","","","",""
"合同会社ジョートー","8365920896332","","","","","","","901-0154","沖縄県那覇市赤嶺一丁目1-8 702","","","","","","","","","","","","","","","5360003005939","","","",""
"株式会社ジーリード","9978390417001","","","","","","","532-0011","大阪府大阪市淀川区西中島五丁目7-17 ビジネスVIP第二新大阪802","","","","","","","","","","","","","","","8120001197295","","","",""
"株式会社仁","8803560951087","","","","","","","107-0062","東京都港区南青山二丁目2-15","","","","","","","","","","","","","","","1010401101403","","","",""
"株式会社水玄京","3555620851812","","","","","","","601-8022","京都府京都市南区東九条北松ノ木町39-39","","","","","","","","","","","","","","","9130001071399","","","",""
"株式会社水晶院","2325531424623","","","","","","","230-0062","神奈川県横浜市鶴見区豊岡町34-24","","","","","","","","","","","","","","","9020001017727","","","",""
"株式会社スイーツクラフト","6912929140658","","","","","","","507-0057","岐阜県多治見市赤坂町八丁目175-35","","","","","","","","","","","","","","","2200001024653","","","",""
"有限会社末広堂","9589566130648","","","","","","","213-0001","神奈川県川崎市高津区溝口一丁目7-5","","","","","","","","","","","","","","","1020002089228","","","",""
"株式会社すおな","2105288289187","","","","","","","444-1221","愛知県安城市和泉町庄司作8-8","","","","","","","","","","","","","","","9150001020908","","","",""
"株式会社ＳＫＹ","2699495205818","","","","","","","650-0044","兵庫県神戸市中央区東川崎町七丁目1-5","","","","","","","","","","","","","","","6140001092637","","","",""
"株式会社Ｓｋｙ－Ｃ－Ｅａｒｔｈ","1057891111125","","","","","","","662-0895","兵庫県西宮市上ケ原五番町6-37","","","","","","","","","","","","","","","7140001072662","","","",""
"スカイネット株式会社","9371312208274","","","","","","","550-0014","大阪府大阪市西区北堀江一丁目5-2 四ツ橋新興産ビル2F2号","","","","","","","","","","","","","","","3120101023488","","","",""
"スカイネット・インターナショナル株式会社","9743238880200","","","","","","","971-8144","福島県いわき市鹿島町久保反町24-1","","","","","","","","","","","","","","","3380001014537","","","",""
"Ｓｋａｉ　Ｂｅａｕｔｙ株式会社","7901954063631","","","","","","","150-0002","東京都渋谷区渋谷二丁目10-15 806","","","","","","","","","","","","","","","2011001114918","","","",""
"株式会社スカイブルー","9518435585237","","","","","","","661-0014","兵庫県尼崎市上ノ島町一丁目2-5 505号","","","","","","","","","","","","","","","6140001053382","","","",""
"株式会社スカラー","4809518500780","","","","","","","550-0014","大阪府大阪市西区北堀江二丁目2-17 ビジネスゾーン北堀江ビル","","","","","","","","","","","","","","","8120001131592","","","",""
"株式会社スキップ","8662253249863","","","","","","","150-0013","東京都渋谷区恵比寿一丁目24-14","","","","","","","","","","","","","","","8011001120398","","","",""
"株式会社スキンケアプロフェッショナル","5438913904104","","","","","","","227-0062","神奈川県横浜市青葉区青葉台二丁目9-1 ケンプラザビル5F","","","","","","","","","","","","","","","9020001090716","","","",""
"杉浦忠商事株式会社","8210923404729","","","","","","","160-0022","東京都新宿区新宿三丁目36-12","","","","","","","","","","","","","","","5011101010444","","","",""
"合同会社杉本未来研究所","6619748212001","","","","","","","700-0902","岡山県岡山市北区錦町8-3 ブランシエラ岡山1008","","","","","","","","","","","","","","","6260003002004","","","",""
"株式会社スクマホウン","5516388776887","","","","","","","590-0028","大阪府堺市堺区三国ヶ丘御幸通57-2","","","","","","","","","","","","","","","1120101067504","","","",""
"株式会社スクロール","8402583595747","","","","","","","140-0002","東京都品川区東品川二丁目2-24 天王洲セントラルタワー25階・26階","","","","","","","","","","","","","","","9080401005367","","","",""
"株式会社Ｓｃａｌｅ","7210586580750","","","","","","","395-0601","長野県下伊那郡平谷村237-1","","","","","","","","","","","","","","","3100001035577","","","",""
"株式会社スコーレ","2454191943607","","","","","","","550-0005","大阪府大阪市西区西本町一丁目7-7 CE西本町ビル5F","","","","","","","","","","","","","","","4120001044410","","","",""
"スコレー合同会社","2737141392371","","","","","","","340-0115","埼玉県幸手市中五丁目11-4","","","","","","","","","","","","","","","5010003032547","","","",""
"鈴木電機株式会社","1937714180335","","","","","","","604-0091","京都府京都市中京区梅屋町166-7","","","","","","","","","","","","","","","9130001021222","","","",""
"株式会社鈴国","3676890080737","","","","","","","981-0215","宮城県宮城郡松島町高城町75","","","","","","","","","","","","","","","1370601003280","","","",""
"合同会社すずネット","1728755427023","","","","","","","529-1811","滋賀県甲賀市信楽町江田436-4","","","","","","","","","","","","","","","8160003001170","","","",""
"株式会社スターアベニュー","6683829844570","","","","","","","161-0033","東京都新宿区下落合三丁目12-18 4F","","","","","","","","","","","","","","","8011101051733","","","",""
"株式会社スタイリッシュワークス","7303059210217","","","","","","","120-0005","東京都足立区綾瀬七丁目20-4","","","","","","","","","","","","","","","8021001052095","","","",""
"スタイル株式会社","5498013784997","","","","","","","107-0052","東京都港区赤坂二丁目12-20 ディアシティ赤坂東館407","","","","","","","","","","","","","","","7011101075824","","","",""
"スタイル・アーキテクト株式会社","9628103869251","","","","","","","330-0055","埼玉県さいたま市浦和区東高砂町6-14","","","","","","","","","","","","","","","1010401090035","","","",""
"株式会社ｓｔｙｌｅ　ｏｆ　ＹＯＮＦＡ","8770012013266","","","","","","","123-0845","東京都足立区西新井本町一丁目14-11 太陽西新井ビル1階","","","","","","","","","","","","","","","7011801035672","","","",""
"有限会社スタイルキューブ","7332278247807","","","","","","","550-0011","大阪府大阪市西区阿波座一丁目5-12 福島ビル4F","","","","","","","","","","","","","","","3130002029963","","","",""
"スタイルクリエイト株式会社","8670723611113","","","","","","","810-0041","福岡県福岡市中央区大名一丁目3-32 ラ・コルテ大名203","","","","","","","","","","","","","","","4290001071512","","","",""
"スタイルグラフ株式会社","7143092313163","","","","","","","351-0014","埼玉県朝霞市膝折町四丁目12-40","","","","","","","","","","","","","","","8010701018976","","","",""
"株式会社スタイルゲート","7780275760038","","","","","","","150-0012","東京都渋谷区広尾五丁目23-5 長谷部第一ビル203","","","","","","","","","","","","","","","8010401113482","","","",""
"株式会社スタイルデザインラボ","3675741710692","","","","","","","369-0103","埼玉県熊谷市小八林1699","","","","","","","","","","","","","","","7030001087977","","","",""
"株式会社スタイルプラス","4788512843412","","","","","","","399-0721","長野県塩尻市大字金井811","","","","","","","","","","","","","","","3010001152720","","","",""
"ＳＴＡＲＫ　ＪＡＰＡＮ株式会社","7422477156216","","","","","","","563-0257","大阪府箕面市森町中二丁目3-13","","","","","","","","","","","","","","","2120901042985","","","",""
"株式会社スタークレア","8848677459009","","","","","","","532-0011","大阪府大阪市淀川区西中島四丁目7-30 アネックス新大阪ビル6階","","","","","","","","","","","","","","","3120001222396","","","",""
"株式会社ＳＴＡＲＳＨＩＰ","9540404350367","","","","","","","870-0045","大分県大分市城崎町三丁目2-25 エグゼコート城崎901号","","","","","","","","","","","","","","","9020001114210","","","",""
"株式会社ＳＴＵＤＩＯ　Ｒ３３０","1301329145547","","","","","","","107-0062","東京都港区南青山六丁目3-13 サーラ南青山404号室","","","","","","","","","","","","","","","2010401140400","","","",""
"株式会社スタジオヴィレイ","9558039615308","","","","","","","212-0005","神奈川県川崎市幸区戸手二丁目2-7-1","","","","","","","","","","","","","","","3020001112095","","","",""
"株式会社スタージャパン","6791966546227","","","","","","","509-0126","岐阜県各務原市鵜沼東町二丁目161 M'SAREA1","","","","","","","","","","","","","","","3200001028868","","","",""
"スタービバレッジサービス株式会社","6432170350252","","","","","","","135-0042","東京都江東区木場一丁目5-25 深川ギャザリアタワー","","","","","","","","","","","","","","","6122001023838","","","",""
"スターフィルター株式会社","7518334267169","","","","","","","103-0023","東京都中央区日本橋本町一丁目8-16","","","","","","","","","","","","","","","8010601024562","","","",""
"株式会社スターベンディング","4846386007524","","","","","","","558-0047","大阪府大阪市住吉区千躰一丁目4-34","","","","","","","","","","","","","","","8120001117435","","","",""
"株式会社スタメン","6727365890491","","","","","","","102-0083","東京都千代田区麴町六丁目6-2 町麹町ビルディング5F","","","","","","","","","","","","","","","7180001121985","","","",""
"スターライフ株式会社","8866806484042","","","","","","","470-0206","愛知県みよし市莇生町小金下2-23","","","","","","","","","","","","","","","6180301021127","","","",""
"株式会社スターリンク","2572449278529","","","","","","","511-0217","三重県いなべ市員弁町大泉新田43","","","","","","","","","","","","","","","5190001013853","","","",""
"株式会社Ｓｔａｎｄａｒｄ","3408699463930","","","","","","","406-0024","山梨県笛吹市石和町川中島504-1","","","","","","","","","","","","","","","4090001015464","","","",""
"株式会社Ｓｔａｎｄａｒｄ　Ｔｅｌｅｃｏｍ","7554141007996","","","","","","","104-0061","東京都中央区銀座一丁目27-7 銀座里村ビル2階","","","","","","","","","","","","","","","3100001030487","","","",""
"株式会社ＳＴＡＮＤ","4073037118650","","","","","","","150-0002","東京都渋谷区渋谷二丁目1-11 郁文堂青山通りビル4階","","","","","","","","","","","","","","","6020001114865","","","",""
"ｓｔａｎｄ　ｂｙ株式会社","9441833617533","","","","","","","150-0013","東京都渋谷区恵比寿一丁目19-19","","","","","","","","","","","","","","","9011601018974","","","",""
"株式会社ＳＴＡＹ　ＧＯＬＤ","9098718315057","","","","","","","811-2231","福岡県糟屋郡志免町別府東二丁目5-13","","","","","","","","","","","","","","","2290001079359","","","",""
"有限会社ＳＴＡＺＺ","2190495941135","","","","","","","466-0849","愛知県名古屋市昭和区南分町四丁目40-2","","","","","","","","","","","","","","","3180002058743","","","",""
"株式会社ステイタス","9896805992488","","","","","","","580-0026","大阪府松原市天美我堂三丁目255-44","","","","","","","","","","","","","","","8120101048844","","","",""
"スティーブンス株式会社","3685971393746","","","","","","","432-8061","静岡県浜松市中央区入野町4907-1","","","","","","","","","","","","","","","3080401013937","","","",""
"有限会社ステップ","9383701026529","","","","","","","813-0017","福岡県福岡市東区香椎照葉三丁目4-10 アトレアモール照葉","","","","","","","","","","","","","","","4290002022885","","","",""
"株式会社ステップ","5818004097168","","","","","","","438-0073","静岡県磐田市二之宮東2-3","","","","","","","","","","","","","","","8180301009632","","","",""
"ステップチェンジ株式会社","1411773261064","","","","","","","231-0023","神奈川県横浜市中区山下町82 徳永ビル503","","","","","","","","","","","","","","","7020001052676","","","",""
"株式会社ステップワールド","4191614191056","","","","","","","150-0002","東京都渋谷区渋谷三丁目28-15 渋谷S. 野口BLDG. 10階","","","","","","","","","","","","","","","7013201018489","","","",""
"有限会社ステップ・ワン","1371697457582","","","","","","","191-0065","東京都日野市旭が丘四丁目7-5 シティーハイツ旭が丘5-1102","","","","","","","","","","","","","","","1013402004260","","","",""
"すててこ株式会社","4714717847704","","","","","","","910-4131","福井県あわら市東善寺9-55","","","","","","","","","","","","","","","6210001007117","","","",""
"ステラ漢方株式会社","5571237999583","","","","","","","812-0011","福岡県福岡市博多区博多駅前二丁目17-14","","","","","","","","","","","","","","","3290001048230","","","",""
"株式会社ストライク","6660511995628","","","","","","","582-0005","大阪府柏原市法善寺三丁目526","","","","","","","","","","","","","","","8122001025527","","","",""
"ストリングス合同会社","8528822353874","","","","","","","201-0012","東京都狛江市中和泉一丁目2-6 プラザエクセル201","","","","","","","","","","","","","","","4012403004647","","","",""
"合同会社ＳＴＲＯＫＥ","9020312136095","","","","","","","603-8814","京都府京都市北区西賀茂南川上町69-5","","","","","","","","","","","","","","","5120903001573","","","",""
"株式会社ストーンズ","5971437457745","","","","","","","154-0012","東京都世田谷区駒沢五丁目21-14","","","","","","","","","","","","","","","7010901037018","","","",""
"スナウディ・エンターテインメント株式会社","1968817261514","","","","","","","150-0001","東京都渋谷区神宮前四丁目26-28 2F","","","","","","","","","","","","","","","7011001139258","","","",""
"スナオハーベスト株式会社","5840699362599","","","","","","","435-0028","静岡県浜松市中央区飯田町157-2","","","","","","","","","","","","","","","7080401013859","","","",""
"株式会社スナックミー","6786837744297","","","","","","","103-0015","東京都中央区日本橋箱崎町44-1 イマス箱崎ビル8F","","","","","","","","","","","","","","","3011001107400","","","",""
"株式会社ｓｎｏｗｄｒｏｐ","3852807069946","","","","","","","666-0142","兵庫県川西市清和台東四丁目2-72","","","","","","","","","","","","","","","1140001094860","","","",""
"有限会社スバル観光","2785938570659","","","","","","","540-0011","大阪府大阪市中央区農人橋二丁目1-31 第6松屋ビル10階","","","","","","","","","","","","","","","3120002036507","","","",""
"株式会社ＳＰｉＲＡＬ","2845272161781","","","","","","","574-0011","大阪府大東市北条一丁目23-1","","","","","","","","","","","","","","","5122001034893","","","",""
"Ｓｐｅｅｄ　Ｊａｐａｎ株式会社","9724312326159","","","","","","","174-0042","東京都板橋区東坂下二丁目4-14 Kanビル3F","","","","","","","","","","","","","","","5040001072889","","","",""
"株式会社ＳＰＩＲＩＴ","4059161911974","","","","","","","277-0872","千葉県柏市十余二254-830","","","","","","","","","","","","","","","6040001070520","","","",""
"株式会社スピンアウト","6311732853074","","","","","","","810-0014","福岡県福岡市中央区平尾二丁目2-25","","","","","","","","","","","","","","","4290001069226","","","",""
"株式会社スフィーダ","9877515562410","","","","","","","101-0047","東京都千代田区内神田一丁目6-7 太陽ビル4F","","","","","","","","","","","","","","","2020001101215","","","",""
"株式会社スプラウト","1739009443160","","","","","","","939-8087","富山県富山市大泉町二丁目8-8","","","","","","","","","","","","","","","3230001014634","","","",""
"Ｓｕｐｒｉｅｖｅ　Ｈｏｌｄｉｎｇｓ株式会社","5183383144276","","","","","","","107-0062","東京都港区南青山一丁目12-3 LIFORKMINAMIAOYAMAS215","","","","","","","","","","","","","","","8120002077348","","","",""
"株式会社スプリングス","4711590638593","","","","","","","990-0071","山形県山形市流通センター二丁目3","","","","","","","","","","","","","","","3390001005997","","","",""
"株式会社スプリングタイム","2441112183833","","","","","","","956-0011","新潟県新潟市秋葉区車場四丁目12-11","","","","","","","","","","","","","","","9110001030638","","","",""
"株式会社ＳＰＥＳ","2428357858517","","","","","","","151-0064","東京都渋谷区上原一丁目43-2 ドミール代々木101号室","","","","","","","","","","","","","","","2011001149410","","","",""
"株式会社スペースアイランド","9633326905169","","","","","","","300-2655","茨城県つくば市島名2171 STO万博","","","","","","","","","","","","","","","2012401020895","","","",""
"有限会社スペースファクトリー","4144550902516","","","","","","","471-0875","愛知県豊田市下市場町八丁目38-2","","","","","","","","","","","","","","","5180302025177","","","",""
"株式会社スペースワン","3656152716706","","","","","","","963-8833","福島県郡山市香久池一丁目17-3","","","","","","","","","","","","","","","4380002010253","","","",""
"有限会社スポーツアイランド","3199665585390","","","","","","","812-0894","福岡県福岡市博多区諸岡三丁目1-35","","","","","","","","","","","","","","","2290002031525","","","",""
"スポーツサクライ株式会社","9288687922664","","","","","","","595-0011","大阪府泉大津市曽根町三丁目9-40","","","","","","","","","","","","","","","4120101046546","","","",""
"株式会社スポーツシーブイ","4947374303910","","","","","","","273-0103","千葉県鎌ケ谷市丸山一丁目1-11","","","","","","","","","","","","","","","2040001028167","","","",""
"株式会社スポーツマジック","1484150929549","","","","","","","150-0043","東京都渋谷区道玄坂一丁目10-8 渋谷道玄坂東急ビル2F-C","","","","","","","","","","","","","","","3011001066737","","","",""
"株式会社スマイキージャパン","4445933300555","","","","","","","870-0048","大分県大分市碩田町三丁目1-35","","","","","","","","","","","","","","","1320001014065","","","",""
"株式会社ＳＭＩＬＥ","4184101208517","","","","","","","352-0017","埼玉県新座市菅沢一丁目8-56","","","","","","","","","","","","","","","6011101075362","","","",""
"株式会社スマイルクエスト","3211577966178","","","","","","","349-0111","埼玉県蓮田市東六丁目7-18 305号","","","","","","","","","","","","","","","7030001111150","","","",""
"株式会社スマイル・ジャパン","2674649616047","","","","","","","963-0107","福島県郡山市安積二丁目215","","","","","","","","","","","","","","","1380001022070","","","",""
"株式会社スマイルファクトリー","7025365500127","","","","","","","923-0000","石川県小松市矢崎町ル115-1","","","","","","","","","","","","","","","6220001020548","","","",""
"株式会社スマイルラボ","9200548259879","","","","","","","700-0823","岡山県岡山市北区丸の内二丁目10-9 難波ビル4F","","","","","","","","","","","","","","","3260001025208","","","",""
"株式会社スマッシュコアエンターテインメント","5160796168935","","","","","","","103-0004","東京都中央区東日本橋三丁目12-12 第5高野ビル9F","","","","","","","","","","","","","","","5010001145615","","","",""
"株式会社ＳＭＡＲＴ","8026301883758","","","","","","","880-0852","宮崎県宮崎市高洲町174-15","","","","","","","","","","","","","","","9350001017339","","","",""
"株式会社ＳｍａｒｔＥＣ","2913947014449","","","","","","","106-0045","東京都港区麻布十番一丁目2-7 ラフィネ麻布十番701号室","","","","","","","","","","","","","","","7010401165483","","","",""
"スマートセル株式会社","8288711092550","","","","","","","170-0005","東京都豊島区南大塚二丁目25-15","","","","","","","","","","","","","","","5011101073012","","","",""
"株式会社墨田商事","1567761212760","","","","","","","121-0061","東京都足立区花畑三丁目28-7","","","","","","","","","","","","","","","5011801021484","","","",""
"株式会社ＳＭＯＫＥＹ　ＳＵＮＤＡＹ","9587695381774","","","","","","","150-0001","東京都渋谷区神宮前三丁目25-15","","","","","","","","","","","","","","","7011001118484","","","",""
"株式会社ＴｈｒｅｅＡｃｃｏｕｎｔ","7521524539818","","","","","","","458-0021","愛知県名古屋市緑区滝ノ水五丁目1314","","","","","","","","","","","","","","","7180001101962","","","",""
"株式会社スリーエス企画","8790074753472","","","","","","","959-0423","新潟県新潟市西蒲区旗屋474-1","","","","","","","","","","","","","","","6110001032760","","","",""
"スリーエー・ライフ株式会社","1690211943438","","","","","","","154-0004","東京都世田谷区太子堂二丁目7-2 B-5F","","","","","","","","","","","","","","","4011001060573","","","",""
"株式会社ＴＨＲＥＥＴ","6197492012823","","","","","","","101-0032","東京都千代田区岩本町二丁目5-5 フジタニビル5F","","","","","","","","","","","","","","","9010001170881","","","",""
"株式会社ＴＨＲＥＥ　ＨＥＡＲＴ　ＣＲＥＡＴＩＯＮＳ","2558602624076","","","","","","","275-0014","千葉県習志野市鷺沼三丁目15-5","","","","","","","","","","","","","","","9010401109604","","","",""
"有限会社駿河台ビジネスネットワーク","9743918323187","","","","","","","101-0025","東京都千代田区神田佐久間町三丁目37-1 山茂登ビル2F","","","","","","","","","","","","","","","8010002032157","","","",""
"株式会社ｓｌｏｗ　ｂｏａｔ","7861054036605","","","","","","","651-1515","兵庫県神戸市北区上津台四丁目21-19","","","","","","","","","","","","","","","1140001042118","","","",""
"株式会社スワロースポーツ","8876986865297","","","","","","","179-0074","東京都練馬区春日町五丁目7-9","","","","","","","","","","","","","","","6011601003541","","","",""
"株式会社スワンユニオン","2547930743323","","","","","","","561-0834","大阪府豊中市庄内栄町二丁目11-1","","","","","","","","","","","","","","","8120901024276","","","",""
"株式会社瑞豊","4413241421961","","","","","","","910-0843","福井県福井市西開発一丁目2116-1","","","","","","","","","","","","","","","3210001009223","","","",""
"株式会社ＺＵＫＡ","1789289160535","","","","","","","502-0932","岐阜県岐阜市則武中二丁目6-2","","","","","","","","","","","","","","","4200001036713","","","",""
"ＺＵＴＴＯ株式会社","6969187880443","","","","","","","153-0042","東京都目黒区青葉台三丁目21-15 404","","","","","","","","","","","","","","","3010601036562","","","",""
"株式会社世亜企画","7007735323275","","","","","","","335-0034","埼玉県戸田市笹目八丁目10-10","","","","","","","","","","","","","","","6030001023025","","","",""
"株式会社晟","1230389628759","","","","","","","221-0015","神奈川県横浜市神奈川区神之木町8-23 704","","","","","","","","","","","","","","","9020001061601","","","",""
"株式会社精伊","2359864599558","","","","","","","120-0005","東京都足立区綾瀬六丁目4-23 馬場ビル1F・2F","","","","","","","","","","","","","","","7011801030079","","","",""
"株式会社精華","4909716475511","","","","","","","950-0134","新潟県新潟市江南区曙町五丁目3-41","","","","","","","","","","","","","","","1110001009937","","","",""
"誠昊株式会社","4960921348831","","","","","","","651-0055","兵庫県神戸市中央区熊内橋通一丁目9-2","","","","","","","","","","","","","","","8140001098211","","","",""
"株式会社成功商事","8150496448826","","","","","","","335-0001","埼玉県蕨市北町四丁目10-28","","","","","","","","","","","","","","","2030001107046","","","",""
"星光商事有限会社","6117378833325","","","","","","","399-0702","長野県塩尻市大字広丘野村1366-18","","","","","","","","","","","","","","","1100002024993","","","",""
"株式会社鮮鼓堂","5234988819869","","","","","","","812-0051","福岡県福岡市東区箱崎ふ頭五丁目8-2","","","","","","","","","","","","","","","6290001022463","","","",""
"合同会社セイシン","1178132354318","","","","","","","699-1822","島根県仁多郡奥出雲町下横田89-2","","","","","","","","","","","","","","","2280003001478","","","",""
"株式会社青成堂","9107298465902","","","","","","","110-0005","東京都台東区上野七丁目6-11 第一下谷ビル7階","","","","","","","","","","","","","","","5030001119039","","","",""
"株式会社セイブリッド","3662236494769","","","","","","","211-0067","神奈川県川崎市中原区今井上町10-1 1132号","","","","","","","","","","","","","","","1020001098279","","","",""
"株式会社西洋","8606354142495","","","","","","","546-0042","大阪府大阪市東住吉区西今川二丁目16-14","","","","","","","","","","","","","","","8120001187866","","","",""
"成和産業株式会社","4382662122866","","","","","","","649-2200","和歌山県西牟婁郡白浜町3777-7","","","","","","","","","","","","","","","3170001009079","","","",""
"株式会社ＳＥＫＡＩＥ","4416764587726","","","","","","","169-0051","東京都新宿区西早稲田二丁目18-23","","","","","","","","","","","","","","","3011101079085","","","",""
"公益財団法人世界自然保護基金ジャパン","2079813022600","","","","","","","108-0073","東京都港区三田一丁目4-28","","","","","","","","","","","","","","","4010405009292","","","",""
"株式会社ＳＥＫＩＫＯＮ","5403132939110","","","","","","","540-0026","大阪府大阪市中央区内本町一丁目2-11 502","","","","","","","","","","","","","","","6120001161311","","","",""
"株式会社関農園","8773434069122","","","","","","","949-6371","新潟県南魚沼市関892-1","","","","","","","","","","","","","","","6110001033916","","","",""
"合同会社セキレイ","9137139471510","","","","","","","444-0853","愛知県岡崎市三崎町1-5 上地ビル3F東","","","","","","","","","","","","","","","7180303003584","","","",""
"株式会社セグレイト","6247064336967","","","","","","","160-0022","東京都新宿区新宿七丁目12-5 402","","","","","","","","","","","","","","","1010001153002","","","",""
"ＳＥ－ＧＯＵ株式会社","8608348881511","","","","","","","557-0001","大阪府大阪市西成区山王一丁目14-16","","","","","","","","","","","","","","","6140001098287","","","",""
"株式会社セシール","8178103795754","","","","","","","169-0074","東京都新宿区北新宿二丁目21-1 新宿フロントタワー17F","","","","","","","","","","","","","","","1011201022566","","","",""
"株式会社セストセンソ","2161906066393","","","","","","","651-0084","兵庫県神戸市中央区磯辺通三丁目1-2 大和地所三宮ビル901号","","","","","","","","","","","","","","","3140001025426","","","",""
"ＳＥ－ＳＯ株式会社","7666017819671","","","","","","","332-0001","埼玉県川口市朝日六丁目12-8 メゾン川口朝日1-1F","","","","","","","","","","","","","","","4011401022446","","","",""
"株式会社Ｓｅｔｓｕ　Ｐｌａｎｎｉｎｇ","7573525592990","","","","","","","812-0016","福岡県福岡市博多区博多駅南三丁目1-10 アーバンセンター博多5F","","","","","","","","","","","","","","","9290001068264","","","",""
"株式会社セノフィッチジャパン","9684237996885","","","","","","","532-0002","大阪府大阪市淀川区東三国五丁目11-20 キャッスルハイツ102","","","","","","","","","","","","","","","7120001141122","","","",""
"株式会社セブン＆アイ・ネットメディア","5492128105618","","","","","","","102-0084","東京都千代田区二番町4-5 住友不動産二番町ファーストビル2F","","","","","","","","","","","","","","","8010001118865","","","",""
"セブンスター貿易株式会社","1319096110348","","","","","","","534-0011","大阪府大阪市都島区高倉町三丁目15-1","","","","","","","","","","","","","","","7120001124110","","","",""
"株式会社セブンネットショッピング","6630091409164","","","","","","","102-0084","東京都千代田区二番町8-8","","","","","","","","","","","","","","","4010001090507","","","",""
"株式会社Ｓｅｐｔ","4258583322258","","","","","","","356-0057","埼玉県ふじみ野市市沢三丁目4-31","","","","","","","","","","","","","","","1050001026427","","","",""
"有限会社瀬山研究所","1440461389714","","","","","","","338-0001","埼玉県さいたま市中央区上落合五丁目4-7","","","","","","","","","","","","","","","9030002007742","","","",""
"株式会社セラーエージェンシー","3520366687878","","","","","","","336-0967","埼玉県さいたま市緑区美園五丁目6-4","","","","","","","","","","","","","","","8030001134464","","","",""
"有限会社ＳＡＩＬＯＲＳ","1126897940148","","","","","","","154-0002","東京都世田谷区下馬五丁目27-5","","","","","","","","","","","","","","","8010902014601","","","",""
"セラビ株式会社","8524832876719","","","","","","","542-0081","大阪府大阪市中央区南船場四丁目13-10 南船場OCAビル4F","","","","","","","","","","","","","","","6290001090840","","","",""
"セルフアライアンス株式会社","3446861436057","","","","","","","532-0003","大阪府大阪市淀川区宮原二丁目9-1 アネックス新大阪4階","","","","","","","","","","","","","","","1120001183368","","","",""
"セレクチュアー株式会社","2634715865516","","","","","","","141-0031","東京都品川区西五反田二丁目2-10 POLA第2ビル3F","","","","","","","","","","","","","","","1010701018479","","","",""
"株式会社セレクトエージャパン","8453786010492","","","","","","","869-0521","熊本県宇城市松橋町浦川内2408-3","","","","","","","","","","","","","","","1330001020566","","","",""
"株式会社セレクトスクエア","5322857988100","","","","","","","103-0027","東京都中央区日本橋二丁目12-10 高島屋グループ本社ビル3階","","","","","","","","","","","","","","","9010601041193","","","",""
"株式会社セレクトプラス","7683230202751","","","","","","","231-0014","神奈川県横浜市中区常盤町三丁目27-2 アークステージ関内404号室","","","","","","","","","","","","","","","8020001050943","","","",""
"セレクトラ・ジャパン株式会社","4178364360232","","","","","","","150-0011","東京都渋谷区東一丁目27-9 奥山ビル5F","","","","","","","","","","","","","","","8290001074222","","","",""
"株式会社セレブブランド","1665056485425","","","","","","","662-0075","兵庫県西宮市南越木岩町6-12","","","","","","","","","","","","","","","3140001072212","","","",""
"株式会社千金","8366938596420","","","","","","","274-0077","千葉県船橋市薬円台四丁目7-2","","","","","","","","","","","","","","","4030001110543","","","",""
"株式会社千趣会","6833753156996","","","","","","","530-0035","大阪府大阪市北区同心一丁目6-23","","","","","","","","","","","","","","","5120001066081","","","",""
"株式会社センジュ商事","4102013290314","","","","","","","104-0061","東京都中央区銀座一丁目27-8","","","","","","","","","","","","","","","1010001149867","","","",""
"ＳＥＮＳＥ合同会社","6203878797286","","","","","","","798-0080","愛媛県宇和島市新田町一丁目2-23","","","","","","","","","","","","","","","8500003001805","","","",""
"株式会社ｃｅｎｔｅｒｗａｖｅ","5410368318676","","","","","","","460-0011","愛知県名古屋市中区大須四丁目11-17 日比野ユーハウスビル7階A号","","","","","","","","","","","","","","","9180001123823","","","",""
"仙台キリンビバレッジサービス株式会社","6429066025947","","","","","","","983-0021","宮城県仙台市宮城野区田子三丁目18-6","","","","","","","","","","","","","","","4370001006708","","","",""
"有限会社センチュリージャパン","4399967892429","","","","","","","812-0857","福岡県福岡市博多区西月隈三丁目8-11","","","","","","","","","","","","","","","1290002030940","","","",""
"株式会社センテンス","7923941593127","","","","","","","540-0001","大阪府大阪市中央区城見一丁目3-50 読売テレビ本社WESTWING7階","","","","","","","","","","","","","","","3120001118660","","","",""
"株式会社セントアン","4197346391789","","","","","","","333-0866","埼玉県川口市芝一丁目40-15","","","","","","","","","","","","","","","2030001103549","","","",""
"株式会社セントラル","2682316049787","","","","","","","457-0835","愛知県名古屋市南区西又兵ヱ町三丁目48","","","","","","","","","","","","","","","2180001133936","","","",""
"合同会社ＣＥＮＴＲＡＬＭＵＳＩＣ","6870682491215","","","","","","","790-0003","愛媛県松山市三番町七丁目6-15","","","","","","","","","","","","","","","3500003001272","","","",""
"千の幸株式会社","8481367783584","","","","","","","516-0025","三重県伊勢市宇治中之切町92-8","","","","","","","","","","","","","","","2190001007783","","","",""
"有限会社センプレーム","6347428812709","","","","","","","536-0008","大阪府大阪市城東区関目五丁目18-15","","","","","","","","","","","","","","","8120002008278","","","",""
"株式会社ＺＡＤＥＳ","6485688828740","","","","","","","321-0954","栃木県宇都宮市元今泉五丁目9-17","","","","","","","","","","","","","","","8060001027863","","","",""
"株式会社ＺＯＥ　ＣＯＲＰＯＲＡＴＩＯＮ","5823210409632","","","","","","","153-0042","東京都目黒区青葉台三丁目18-3 THEWORKS504","","","","","","","","","","","","","","","1011001096001","","","",""
"ゼット物産株式会社","5486800193328","","","","","","","205-0017","東京都羽村市羽西二丁目8-18","","","","","","","","","","","","","","","6013101000639","","","",""
"ｚｅｒｏｏｎｅ株式会社","1513605934759","","","","","","","810-0022","福岡県福岡市中央区薬院一丁目16-5 701","","","","","","","","","","","","","","","1290003008077","","","",""
"株式会社ゼロステップ","5984868906466","","","","","","","003-0021","北海道札幌市白石区栄通十七丁目8-12 105","","","","","","","","","","","","","","","1430001086119","","","",""
"株式会社ｚｅｒｏｃｅｒｏ","3273532224748","","","","","","","135-0034","東京都江東区永代一丁目2-7 703号","","","","","","","","","","","","","","","1010601045012","","","",""
"ゼロトゥワン株式会社","8867196591959","","","","","","","181-0011","東京都三鷹市井口一丁目21-53","","","","","","","","","","","","","","","1010401122829","","","",""
"ゼロマザーズ株式会社","8585559234375","","","","","","","104-0032","東京都中央区八丁堀二丁目19-7 佐藤ビル5F","","","","","","","","","","","","","","","6360001014957","","","",""
"ゼロワン株式会社","1445183189892","","","","","","","101-0031","東京都千代田区東神田一丁目11-7","","","","","","","","","","","","","","","2010001164493","","","",""
"有限会社禅","6888125786370","","","","","","","198-0212","東京都西多摩郡奥多摩町氷川1184-2","","","","","","","","","","","","","","","5013102007898","","","",""
"株式会社ゼンケア","5480561213304","","","","","","","153-0061","東京都目黒区中目黒三丁目5-5","","","","","","","","","","","","","","","3010801026090","","","",""
"株式会社全日本通教","1473762612615","","","","","","","166-0015","東京都杉並区成田東四丁目38-17","","","","","","","","","","","","","","","9011301005389","","","",""
"株式会社全日本通販","8732282728464","","","","","","","166-0015","東京都杉並区成田東四丁目38-17","","","","","","","","","","","","","","","7011301005390","","","",""
"禅日本貿易株式会社","6791958867630","","","","","","","553-0006","大阪府大阪市福島区吉野四丁目21-19 アイメックスビル401号室","","","","","","","","","","","","","","","6120001190979","","","",""
"ゼンノアジャパン株式会社","7377986124825","","","","","","","160-0023","東京都新宿区西新宿三丁目2-2","","","","","","","","","","","","","","","1010003024291","","","",""
"株式会社ゼンワン","5148068698897","","","","","","","235-0045","神奈川県横浜市磯子区洋光台一丁目9-31","","","","","","","","","","","","","","","6020001039625","","","",""
"株式会社創客コンサルティング","5110302690919","","","","","","","169-0073","東京都新宿区百人町二丁目13-13","","","","","","","","","","","","","","","2010001190993","","","",""
"株式会社相元堂","1717348122316","","","","","","","120-0004","東京都足立区東綾瀬二丁目8-1 105号","","","","","","","","","","","","","","","8013301045192","","","",""
"株式会社ＳＯＫＯ","9679082008251","","","","","","","543-0075","大阪府大阪市天王寺区夕陽丘町3-15","","","","","","","","","","","","","","","2120001192401","","","",""
"有限会社総合琉通根間","3055418300821","","","","","","","906-0007","沖縄県宮古島市平良東仲宗根555-11","","","","","","","","","","","","","","","2360002022178","","","",""
"株式会社宗新","1001612593760","","","","","","","252-0327","神奈川県相模原市南区磯部416-14","","","","","","","","","","","","","","","1020001091787","","","",""
"株式会社操装","7267956600670","","","","","","","141-0032","東京都品川区大崎三丁目6-21","","","","","","","","","","","","","","","7010701025065","","","",""
"創造美株式会社","7802201055624","","","","","","","061-3222","北海道石狩市緑苑台東二条二丁目71","","","","","","","","","","","","","","","3430001067562","","","",""
"合同会社ソウルジャパンメディア","8124376716411","","","","","","","814-0162","福岡県福岡市早良区星の原団地52-308","","","","","","","","","","","","","","","8290003003385","","","",""
"株式会社曽我製作所","5773411349156","","","","","","","243-0033","神奈川県厚木市温水1983-13","","","","","","","","","","","","","","","2021001022129","","","",""
"ＳｏＣａｌｉｚａｔｉｏｎ株式会社","8199849018948","","","","","","","104-0053","東京都中央区晴海二丁目3-302914","","","","","","","","","","","","","","","6011001132511","","","",""
"株式会社ソーシード","6644268615094","","","","","","","150-0044","東京都渋谷区円山町5-5 Navi渋谷V3階","","","","","","","","","","","","","","","6012301009647","","","",""
"株式会社ソトアソ","6067830592282","","","","","","","576-0021","大阪府交野市妙見坂七丁目8-3","","","","","","","","","","","","","","","5120001152328","","","",""
"株式会社Ｓｏｎｉａ","3653014481218","","","","","","","550-0012","大阪府大阪市西区立売堀四丁目7-24 TMG阿波座ビル901","","","","","","","","","","","","","","","5120001189205","","","",""
"有限会社園部商店","2558155329812","","","","","","","350-1156","埼玉県川越市大字中福54-4","","","","","","","","","","","","","","","3030002067437","","","",""
"有限会社そば信","9482748887074","","","","","","","381-2403","長野県長野市信州新町水内4619","","","","","","","","","","","","","","","5100002006385","","","",""
"株式会社ソフィアラボ","8216956914330","","","","","","","152-0021","東京都目黒区東が丘一丁目6-2","","","","","","","","","","","","","","","2013201014947","","","",""
"株式会社ソフトキュービック","5192292637053","","","","","","","373-0013","群馬県太田市市場町756-3","","","","","","","","","","","","","","","5070001028698","","","",""
"有限会社ソフニー工房","2007310886331","","","","","","","520-2351","滋賀県野洲市冨波甲906","","","","","","","","","","","","","","","1160002014667","","","",""
"株式会社ソメイ","4451487005892","","","","","","","141-0031","東京都品川区西五反田八丁目1-13 GBS-B-10号","","","","","","","","","","","","","","","5030001049995","","","",""
"宙ｓｏｒａ株式会社","4132676797357","","","","","","","769-1508","香川県三豊市豊中町下高野2787-1-2","","","","","","","","","","","","","","","3470001015410","","","",""
"株式会社ＳＯＲＡコスメプロ","8527632266855","","","","","","","370-2311","群馬県富岡市下高尾463-2","","","","","","","","","","","","","","","3070001031976","","","",""
"有限会社空主明グループ","2021573797333","","","","","","","466-0815","愛知県名古屋市昭和区山手通三丁目24-1 シンシア山手2階","","","","","","","","","","","","","","","7180002041794","","","",""
"株式会社ソリューションズ","2162941382041","","","","","","","880-0805","宮崎県宮崎市橘通東三丁目3-12 ポールスタービル5F","","","","","","","","","","","","","","","9350001013800","","","",""
"株式会社ソルエルブ","3375508606439","","","","","","","336-0963","埼玉県さいたま市緑区大字大門3654","","","","","","","","","","","","","","","2030001104233","","","",""
"株式会社ソルティアーツ","4896375598377","","","","","","","105-0001","東京都港区虎ノ門四丁目3-1 城山トラストタワー31階","","","","","","","","","","","","","","","3011101058279","","","",""
"株式会社ＳＡＬＴ","9481471013954","","","","","","","106-0047","東京都港区南麻布五丁目10-32 505号","","","","","","","","","","","","","","","7010401122807","","","",""
"ソルドジャパン株式会社","3149698695066","","","","","","","541-0057","大阪府大阪市中央区北久宝寺町二丁目6-10","","","","","","","","","","","","","","","7120001118500","","","",""
"株式会社ソルワークス","7680104495971","","","","","","","080-0025","北海道帯広市西十五条南一丁目1-5 TIDA2階","","","","","","","","","","","","","","","4460101004957","","","",""
"株式会社ソレイユ","2546332803014","","","","","","","569-0086","大阪府高槻市松原町4-3 猫ビル","","","","","","","","","","","","","","","7120901030861","","","",""
"ゾエ株式会社","2096600841895","","","","","","","541-0055","大阪府大阪市中央区船場中央一丁目3-2 船場センタービル2号館地下1階B103","","","","","","","","","","","","","","","1130001037176","","","",""
"株式会社ＺＯＺＯ","6519050850090","","","","","","","263-0023","千葉県千葉市稲毛区緑町一丁目15-16","","","","","","","","","","","","","","","4040001010503","","","",""
"株式会社ゾーンプラス","8582022647536","","","","","","","520-2134","滋賀県大津市瀬田三丁目1-5","","","","","","","","","","","","","","","1160001004669","","","",""
"株式会社大安設備","1655149378673","","","","","","","160-0023","東京都新宿区西新宿三丁目7-1","","","","","","","","","","","","","","","3010101012279","","","",""
"株式会社ＴＡＩＯＮ","5329318362163","","","","","","","460-0002","愛知県名古屋市中区丸の内一丁目17-29","","","","","","","","","","","","","","","9180001124417","","","",""
"株式会社タイガーキャット","5448831364041","","","","","","","441-8077","愛知県豊橋市神野新田町ホノ割15","","","","","","","","","","","","","","","5180301027983","","","",""
"有限会社大志","1506214114508","","","","","","","680-1222","鳥取県鳥取市河原町曳田12-2","","","","","","","","","","","","","","","3270002004671","","","",""
"合同会社Ｔａｉｓｅｉ","3370119261004","","","","","","","369-1871","埼玉県秩父市下影森268-2","","","","","","","","","","","","","","","9021003006049","","","",""
"株式会社大成商事","7010212617179","","","","","","","171-0021","東京都豊島区西池袋一丁目10-2 日高ビル502号室","","","","","","","","","","","","","","","7013301036507","","","",""
"有限会社泰成トレーディング","1864620352896","","","","","","","322-0026","栃木県鹿沼市茂呂2504-3","","","","","","","","","","","","","","","6060002021685","","","",""
"株式会社ＴＡＩＴＡＩ","4364549833885","","","","","","","474-0061","愛知県大府市共和町二丁目22-11","","","","","","","","","","","","","","","4180001145517","","","",""
"株式会社タイタンコミュニケーションズ","4298275003117","","","","","","","106-0032","東京都港区六本木七丁目21-24 THEMODULEROPPONGI2F","","","","","","","","","","","","","","","4011501015309","","","",""
"株式会社ＴＡＩＣＨＩ","1004781223946","","","","","","","599-0221","大阪府阪南市石田176","","","","","","","","","","","","","","","3120101048361","","","",""
"大平紙業株式会社","5623167346824","","","","","","","803-0802","福岡県北九州市小倉北区東港一丁目3-7","","","","","","","","","","","","","","","6290801024618","","","",""
"株式会社太平洋企画","5368303564044","","","","","","","103-0015","東京都中央区日本橋箱崎町14-5","","","","","","","","","","","","","","","1010001079313","","","",""
"株式会社タイム","1810702723770","","","","","","","790-0852","愛媛県松山市石手一丁目6-5","","","","","","","","","","","","","","","6500001014174","","","",""
"株式会社タイムウェル","8941101749673","","","","","","","110-0016","東京都台東区台東三丁目11-1 山田ビル1F","","","","","","","","","","","","","","","1010501036243","","","",""
"タイムテクノロジージャパン株式会社","2919258714359","","","","","","","170-0012","東京都豊島区上池袋四丁目11-16 ノックスドールビル4F","","","","","","","","","","","","","","","8013301043477","","","",""
"株式会社タイムレス","2186794218327","","","","","","","206-0033","東京都多摩市落合一丁目5-1 グリムコートビル405","","","","","","","","","","","","","","","7013301044708","","","",""
"株式会社太陽システム沖縄","5346370333528","","","","","","","900-0036","沖縄県那覇市西一丁目1-7","","","","","","","","","","","","","","","9360001011092","","","",""
"株式会社タイヨー販売","8132952625912","","","","","","","110-0015","東京都台東区東上野一丁目27-9","","","","","","","","","","","","","","","6010501029647","","","",""
"株式会社大漁カーペット","2683890544164","","","","","","","041-1122","北海道亀田郡七飯町大川一丁目10-8","","","","","","","","","","","","","","","6440001007449","","","",""
"株式会社タウジャン","8173461792246","","","","","","","731-0135","広島県広島市安佐南区長束五丁目5-31","","","","","","","","","","","","","","","1240001017480","","","",""
"ＴａｏＴｅｃｈ合同会社","4483522079004","","","","","","","175-0094","東京都板橋区成増二丁目5-5","","","","","","","","","","","","","","","7030003005656","","","",""
"株式会社高木商店","2736507166900","","","","","","","673-0882","兵庫県明石市相生町二丁目10-4","","","","","","","","","","","","","","","7140001037252","","","",""
"タカミトレード株式会社","1221258504745","","","","","","","780-8028","高知県高知市北高見町97","","","","","","","","","","","","","","","7490001008219","","","",""
"高山商事株式会社","9158890368319","","","","","","","581-0822","大阪府八尾市高砂町三丁目89-14","","","","","","","","","","","","","","","7120001196942","","","",""
"ＴＡＫＡ－ＬＡ合同会社","5276824116186","","","","","","","341-0021","埼玉県三郷市さつき平二丁目2 2116号室","","","","","","","","","","","","","","","7030003010177","","","",""
"株式会社タカラ開発","9406733973930","","","","","","","537-0002","大阪府大阪市東成区深江南三丁目20-17","","","","","","","","","","","","","","","2120001135772","","","",""
"宝島商事株式会社","1592411498151","","","","","","","544-0002","大阪府大阪市生野区小路三丁目18-15 川辺ビル38-305号","","","","","","","","","","","","","","","8120001244411","","","",""
"株式会社ｔａｃｔｉｃｓ","5910000932627","","","","","","","733-0012","広島県広島市西区中広町二丁目11-4","","","","","","","","","","","","","","","6240001050493","","","",""
"匠の食卓株式会社","4653745009555","","","","","","","787-0302","高知県土佐清水市以布利471","","","","","","","","","","","","","","","3490001009732","","","",""
"株式会社たくみ屋","9856935272351","","","","","","","488-0876","愛知県尾張旭市平子ケ丘町二丁目6-4","","","","","","","","","","","","","","","1180001073019","","","",""
"武内製薬株式会社","4839392006192","","","","","","","141-0031","東京都品川区西五反田一丁目18-9 五反田NTビル5F","","","","","","","","","","","","","","","3010401127025","","","",""
"竹内薬品株式会社","3728408151321","","","","","","","669-3105","兵庫県丹波市山南町北太田246","","","","","","","","","","","","","","","6140001041156","","","",""
"株式会社武雄ネット","1858893903672","","","","","","","804-0012","福岡県北九州市戸畑区中原東三丁目10-22","","","","","","","","","","","","","","","8290801008932","","","",""
"有限会社タケショウ","1132725535771","","","","","","","131-0043","東京都墨田区立花一丁目4-12","","","","","","","","","","","","","","","7011702015988","","","",""
"株式会社竹田謄写堂","4916790588705","","","","","","","602-8026","京都府京都市上京区春帯町350","","","","","","","","","","","","","","","4130001024056","","","",""
"株式会社竹まさ食品","1499477832104","","","","","","","861-8039","熊本県熊本市東区長嶺南四丁目4-60","","","","","","","","","","","","","","","7330001008465","","","",""
"株式会社多慶屋","1479804867489","","","","","","","110-0016","東京都台東区台東四丁目","","","","","","","","","","","","","","","3010501007473","","","",""
"合同会社多田ＥＣ支援事務所","2566392991902","","","","","","","569-1031","大阪府高槻市松が丘二丁目8-7","","","","","","","","","","","","","","","5120903003586","","","",""
"タッチスポット株式会社","5191432851057","","","","","","","141-0031","東京都品川区西五反田三丁目6-20 いちご西五反田ビル7F","","","","","","","","","","","","","","","8020001112958","","","",""
"辰美食品株式会社","9011514315107","","","","","","","120-0035","東京都足立区千住中居町21-19","","","","","","","","","","","","","","","6010401080378","","","",""
"立峰商事株式会社","5844725875850","","","","","","","359-0038","埼玉県所沢市大字北秋津692-1 キングス所沢2F","","","","","","","","","","","","","","","3030001100636","","","",""
"たつみ屋有限会社","1729288945133","","","","","","","963-0832","福島県郡山市中田町中津川町田前196","","","","","","","","","","","","","","","1380002009281","","","",""
"立山黒部貫光株式会社","9857683401119","","","","","","","930-0003","富山県富山市桜町一丁目1-36","","","","","","","","","","","","","","","3230001001632","","","",""
"合同会社たなかフルーツ","9599911964655","","","","","","","885-0072","宮崎県都城市上町8-1","","","","","","","","","","","","","","","5350003003299","","","",""
"株式会社珠屋珈琲","3124909521647","","","","","","","104-0045","東京都中央区築地二丁目14-3 NIT築地ビル703","","","","","","","","","","","","","","","5010001211417","","","",""
"株式会社珠山","5589320789503","","","","","","","110-0005","東京都台東区上野三丁目19-1 303号","","","","","","","","","","","","","","","5010501033708","","","",""
"株式会社ためのぶストア","9831562491265","","","","","","","036-8302","青森県弘前市大字高杉五反田282-1","","","","","","","","","","","","","","","4420001010737","","","",""
"株式会社たるたや","3655479027818","","","","","","","465-0024","愛知県名古屋市名東区本郷二丁目207-502","","","","","","","","","","","","","","","8180001023834","","","",""
"株式会社タロウワークス","5850281373373","","","","","","","919-0628","福井県あわら市大溝二丁目6-11","","","","","","","","","","","","","","","3210001015469","","","",""
"合同会社ＴａＬｏｓｏ＆Ｃｏｍｐａｎｙ","5107785822918","","","","","","","212-0054","神奈川県川崎市幸区小倉一丁目3-23","","","","","","","","","","","","","","","2011103005767","","","",""
"タンタンコーポレーション株式会社","9343569967400","","","","","","","193-0832","東京都八王子市散田町三丁目4-19","","","","","","","","","","","","","","","1010101002513","","","",""
"株式会社堪能や","5694129418908","","","","","","","173-0004","東京都板橋区板橋二丁目65-8 MSビル5階","","","","","","","","","","","","","","","3011401025425","","","",""
"ＴＡＮＶＩ合同会社","1028450159263","","","","","","","106-0032","東京都港区六本木七丁目7-7","","","","","","","","","","","","","","","9010903005466","","","",""
"タンブルウィード合同会社","8226857789892","","","","","","","279-0041","千葉県浦安市堀江四丁目6-11209","","","","","","","","","","","","","","","8012403001698","","","",""
"株式会社ダイアローグ研究所","8644258109449","","","","","","","106-0032","東京都港区六本木二丁目2-6 福吉町ビル6F","","","","","","","","","","","","","","","6011501014192","","","",""
"株式会社ダイアログ・マーチャンダイズ","4039665630200","","","","","","","124-0006","東京都葛飾区堀切三丁目35-18","","","","","","","","","","","","","","","1011801014830","","","",""
"株式会社大安","5069935658207","","","","","","","550-0013","大阪府大阪市西区新町二丁目9-1 301号","","","","","","","","","","","","","","","6120001145041","","","",""
"大安心株式会社","4647361311947","","","","","","","108-0075","東京都港区港南一丁目8-15 Wビル2Fリブポート品川","","","","","","","","","","","","","","","6010401168751","","","",""
"第一交通産業株式会社","1948579992994","","","","","","","802-0077","福岡県北九州市小倉北区馬借二丁目6-8","","","","","","","","","","","","","","","6290801002202","","","",""
"第一サービス株式会社","5681645659393","","","","","","","799-1502","愛媛県今治市喜田村一丁目6-40","","","","","","","","","","","","","","","1500001011820","","","",""
"株式会社ダイイチライフ","5213481408579","","","","","","","862-0926","熊本県熊本市東区保田窪四丁目14-97","","","","","","","","","","","","","","","5330001002692","","","",""
"株式会社大翁トレーデイング","5556161528268","","","","","","","603-8488","京都府京都市北区大北山長谷町2","","","","","","","","","","","","","","","4130001005007","","","",""
"株式会社大華物産","5716733442282","","","","","","","210-0842","神奈川県川崎市川崎区渡田東町18-15 ダイカビル2F","","","","","","","","","","","","","","","7020001094792","","","",""
"株式会社大航海時代","7093573506912","","","","","","","171-0033","東京都豊島区高田三丁目21-2 ユニハイト東京ビル3F","","","","","","","","","","","","","","","1013301039655","","","",""
"株式会社ＤＡＩＪＩＮ","8400909881005","","","","","","","465-0041","愛知県名古屋市名東区朝日が丘19-6","","","","","","","","","","","","","","","4180001123019","","","",""
"株式会社ＤＡＩＣＨＵ","1449603091109","","","","","","","182-0001","東京都調布市緑ケ丘二丁目60-8 三和ビルA棟1階2階","","","","","","","","","","","","","","","6120001180113","","","",""
"有限会社ダイト","9483210286258","","","","","","","157-0062","東京都世田谷区南烏山六丁目33-7 208","","","","","","","","","","","","","","","1010902025844","","","",""
"株式会社大杜工営","5985773842207","","","","","","","983-0005","宮城県仙台市宮城野区福室二丁目8-17","","","","","","","","","","","","","","","2370001012550","","","",""
"ダイドーベンディングジャパン株式会社","5677020491332","","","","","","","683-0853","鳥取県米子市両三柳2887-2","","","","","","","","","","","","","","","5270001006898","","","",""
"株式会社ダイナ","3844345465302","","","","","","","453-0801","愛知県名古屋市中村区太閤二丁目3-2","","","","","","","","","","","","","","","3180001108689","","","",""
"ダイナスター株式会社","9766564473366","","","","","","","340-0822","埼玉県八潮市大字大瀬1475","","","","","","","","","","","","","","","8030001108534","","","",""
"ダイナミックティーヴィ株式会社","3640319187048","","","","","","","361-0032","埼玉県行田市佐間一丁目10-3 リアルスクエア201","","","","","","","","","","","","","","","8030001088891","","","",""
"ダイナミックべンディングネットワーク株式会社","6879646565162","","","","","","","530-0005","大阪府大阪市北区中之島二丁目2-7 中之島セントラルタワー18F","","","","","","","","","","","","","","","1120001251991","","","",""
"大雄株式会社","1292683338858","","","","","","","500-8016","岐阜県岐阜市松ケ枝町1-3 603","","","","","","","","","","","","","","","8200001012504","","","",""
"有限会社大侑商事","4856714510013","","","","","","","157-0065","東京都世田谷区上祖師谷一丁目41-5","","","","","","","","","","","","","","","8010902009254","","","",""
"ダイレクトウェイブ株式会社","1419287782397","","","","","","","791-8023","愛媛県松山市朝美二丁目4-8","","","","","","","","","","","","","","","5290001065744","","","",""
"ダイロン株式会社","6149970327449","","","","","","","571-0015","大阪府門真市三ツ島一丁目34-9","","","","","","","","","","","","","","","5122001025224","","","",""
"株式会社大和インターナショナル・ホールディングス","5110583727779","","","","","","","100-0005","東京都千代田区丸の内一丁目9-1","","","","","","","","","","","","","","","8010001143046","","","",""
"株式会社大和科学教材研究所","4867076485652","","","","","","","547-0032","大阪府大阪市平野区流町四丁目6-13","","","","","","","","","","","","","","","7120001020929","","","",""
"株式会社ダイワコーポレーション","6302733763527","","","","","","","164-0003","東京都中野区東中野一丁目50-4","","","","","","","","","","","","","","","1011201003129","","","",""
"大和ネットワーク有限会社","1292910502287","","","","","","","662-0924","兵庫県西宮市東浜町2-119 エスエスマーケット5階","","","","","","","","","","","","","","","1140002057016","","","",""
"株式会社諾水月","6407211482469","","","","","","","602-0099","京都府京都市上京区竪社南半町239","","","","","","","","","","","","","","","3020001062365","","","",""
"株式会社ＤＵＣＴ","3428682188894","","","","","","","231-0834","神奈川県横浜市中区池袋61-9","","","","","","","","","","","","","","","5040001077434","","","",""
"株式会社ダグアウト","2463865160637","","","","","","","952-0015","新潟県佐渡市住吉227","","","","","","","","","","","","","","","8110001027791","","","",""
"株式会社ＤａＴｅｏ","7505015527282","","","","","","","903-0815","沖縄県那覇市首里金城町三丁目5-1","","","","","","","","","","","","","","","6360001014362","","","",""
"株式会社伊達商会","9947414666903","","","","","","","980-0003","宮城県仙台市青葉区小田原六丁目1-8 宮町コーポ102号","","","","","","","","","","","","","","","9370001025315","","","",""
"ダビンチインターナショナル株式会社","4165871302270","","","","","","","170-0013","東京都豊島区東池袋一丁目25-14 アルファビルディング5階","","","","","","","","","","","","","","","4013301023879","","","",""
"合同会社ＷＷＳ","1387324666184","","","","","","","344-0062","埼玉県春日部市粕壁東一丁目16-32 102","","","","","","","","","","","","","","","6030003003693","","","",""
"株式会社ＷＹ","6911090500054","","","","","","","703-8248","岡山県岡山市中区穝161-1","","","","","","","","","","","","","","","2260001026058","","","",""
"株式会社ダブルキャスト","1471742959776","","","","","","","150-0021","東京都渋谷区恵比寿西二丁目8-4 EX恵比寿西ビル5階","","","","","","","","","","","","","","","5010701025678","","","",""
"株式会社ＷＣＪＡＰＡＮ","1709704173511","","","","","","","107-0052","東京都港区赤坂八丁目5-40 PEGASUSAOYAMA5F","","","","","","","","","","","","","","","2010401104198","","","",""
"株式会社ダブルチェック","2711151007251","","","","","","","124-0025","東京都葛飾区西新小岩一丁目1-5 1404プラウド新小岩","","","","","","","","","","","","","","","1011801024474","","","",""
"株式会社Ｄａｎｃｅ","2395697036154","","","","","","","650-0022","兵庫県神戸市中央区元町通三丁目9-8 パルパローレ4F","","","","","","","","","","","","","","","7140001032988","","","",""
"株式会社ダンフォルム","2106628184557","","","","","","","136-0071","東京都江東区亀戸四丁目14-13","","","","","","","","","","","","","","","1010001022314","","","",""
"チアフル株式会社","2975296532434","","","","","","","639-3321","奈良県吉野郡吉野町大字三茶屋291-1","","","","","","","","","","","","","","","7150001020587","","","",""
"株式会社チエ","4299009597705","","","","","","","379-0301","群馬県安中市松井田町横川282","","","","","","","","","","","","","","","4070001010005","","","",""
"株式会社チェルシー","6773172760929","","","","","","","114-0031","東京都北区十条仲原一丁目4-7","","","","","","","","","","","","","","","9011501015072","","","",""
"株式会社ｃｉｏｋａｙ","4074887704680","","","","","","","089-5604","北海道十勝郡浦幌町字栄町31","","","","","","","","","","","","","","","9460101006230","","","",""
"有限会社千亀利","5210824594415","","","","","","","597-0083","大阪府貝塚市海塚121","","","","","","","","","","","","","","","3120102021334","","","",""
"株式会社千草園芸","9846577201817","","","","","","","520-0513","滋賀県大津市荒川565","","","","","","","","","","","","","","","5160001003782","","","",""
"株式会社千鳥饅頭総本舗","1675106868700","","","","","","","812-0026","福岡県福岡市博多区上川端町9-157","","","","","","","","","","","","","","","1290001018136","","","",""
"株式会社千葉運動具店","6761117233829","","","","","","","028-0052","岩手県久慈市本町一丁目18","","","","","","","","","","","","","","","8400001007995","","","",""
"株式会社千葉通信システム","6344027020303","","","","","","","286-0221","千葉県富里市七栄149-8","","","","","","","","","","","","","","","4040001045061","","","",""
"株式会社チーム天草","8006696038826","","","","","","","863-2802","熊本県天草市天草町下田南594","","","","","","","","","","","","","","","9330001022126","","","",""
"株式会社チーム・オースリー","3940202318706","","","","","","","158-0083","東京都世田谷区奥沢七丁目3-10 T-STYLE自由が丘1F","","","","","","","","","","","","","","","7010901014966","","","",""
"チムニー株式会社","9299981557208","","","","","","","130-0026","東京都墨田区両国三丁目22-6 雷電ビル6F・7F・8F","","","","","","","","","","","","","","","9010601039989","","","",""
"株式会社ＣＨＩＭＮＥＹ　ＴＯＷＮ","2565666336490","","","","","","","102-0074","東京都千代田区九段南一丁目5-6","","","","","","","","","","","","","","","2011001118687","","","",""
"チャイカ合同会社","2691009694591","","","","","","","040-0054","北海道函館市元町7-7","","","","","","","","","","","","","","","7440003001127","","","",""
"株式会社チャイナ・ウッド","6674393108687","","","","","","","831-0005","福岡県大川市大字向島1288","","","","","","","","","","","","","","","7290001053045","","","",""
"株式会社ＣＨａｉＬＤ","2029949260524","","","","","","","130-0013","東京都墨田区錦糸一丁目2-1","","","","","","","","","","","","","","","9010601048940","","","",""
"株式会社茶の間","4441674916558","","","","","","","858-0903","長崎県佐世保市上本山町971","","","","","","","","","","","","","","","6310001014854","","","",""
"株式会社ＣＨＡＭＵ","2759914450613","","","","","","","160-0023","東京都新宿区西新宿三丁目5-3 西新宿ダイヤモンドパレス211号","","","","","","","","","","","","","","","7010601049494","","","",""
"株式会社チャーム","8728175575186","","","","","","","370-0615","群馬県邑楽郡邑楽町大字篠塚1810-3","","","","","","","","","","","","","","","5070001019706","","","",""
"株式会社チャーム","1926634242895","","","","","","","536-0014","大阪府大阪市城東区鴫野西五丁目22-18","","","","","","","","","","","","","","","7120001190466","","","",""
"Ｃｈａｒｌｉｅ　Ｓｔｙｌｅ株式会社","4430898668134","","","","","","","106-0032","東京都港区六本木五丁目13-13 305","","","","","","","","","","","","","","","9010401151853","","","",""
"株式会社宙オリエンタル","1236287420509","","","","","","","525-0059","滋賀県草津市野路九丁目7-49","","","","","","","","","","","","","","","5160001017766","","","",""
"中信株式会社","3331197174579","","","","","","","272-0023","千葉県市川市南八幡三丁目2-7 グリーンターフセゾン205","","","","","","","","","","","","","","","1010501038314","","","",""
"株式会社Ｃｙｕｊｏ","9184174730346","","","","","","","540-0031","大阪府大阪市中央区北浜東1-29 GROW北浜ビル8F","","","","","","","","","","","","","","","7120001145271","","","",""
"中部ノートセンター株式会社","3667171511156","","","","","","","492-8144","愛知県稲沢市小池二丁目","","","","","","","","","","","","","","","4180001085985","","","",""
"有限会社中部リライアンス","2670564231141","","","","","","","935-0021","富山県氷見市幸町27-30","","","","","","","","","","","","","","","7230002012963","","","",""
"株式会社チューヤリテール","3049295140633","","","","","","","501-0304","岐阜県瑞穂市田之上147-10","","","","","","","","","","","","","","","7200001040159","","","",""
"チュラコス株式会社","5888428813093","","","","","","","160-0023","東京都新宿区西新宿三丁目7-30","","","","","","","","","","","","","","","4360001020676","","","",""
"長信ジャパン株式会社","9544148475896","","","","","","","104-0032","東京都中央区八丁堀一丁目1-4 井門八重洲通りビル4F","","","","","","","","","","","","","","","4010001130667","","","",""
"株式会社ちょくばい","7754640794909","","","","","","","220-0012","神奈川県横浜市西区みなとみらい四丁目10-1 E705号","","","","","","","","","","","","","","","7010901050887","","","",""
"株式会社チルドレン通信","1954499296886","","","","","","","562-0035","大阪府箕面市船場東一丁目11-43","","","","","","","","","","","","","","","9120901033689","","","",""
"株式会社ツインスター","8959492995602","","","","","","","577-0848","大阪府東大阪市岸田堂西二丁目3-32","","","","","","","","","","","","","","","3120001146042","","","",""
"株式会社通商国際","9220945970773","","","","","","","812-0881","福岡県福岡市博多区井相田一丁目8-33 2F","","","","","","","","","","","","","","","3290001071174","","","",""
"株式会社通販生活","3372199573945","","","","","","","164-0001","東京都中野区中野四丁目7-3","","","","","","","","","","","","","","","6011201003586","","","",""
"通販ドットＴＯＫＹＯ株式会社","3614310448108","","","","","","","150-0001","東京都渋谷区神宮前六丁目17-11 JPR原宿ビル9F","","","","","","","","","","","","","","","9013301026282","","","",""
"株式会社つうはん本舗","8641336869002","","","","","","","162-0825","東京都新宿区神楽坂五丁目32 近江屋ビル6F","","","","","","","","","","","","","","","6011101057468","","","",""
"司紙業株式会社","4716711156562","","","","","","","601-8205","京都府京都市南区久世殿城町316","","","","","","","","","","","","","","","4130001011178","","","",""
"有限会社塚田音楽企画","8706621837377","","","","","","","165-0026","東京都中野区新井四丁目3-5 201号","","","","","","","","","","","","","","","7011202011546","","","",""
"ツギノテ合同会社","4886439563178","","","","","","","216-0011","神奈川県川崎市宮前区犬蔵二丁目22-18 504","","","","","","","","","","","","","","","6020003007497","","","",""
"株式会社ツクシ製作所","9907040926978","","","","","","","124-0012","東京都葛飾区立石四丁目4-10","","","","","","","","","","","","","","","6011801002962","","","",""
"株式会社創り酒屋","5064616726527","","","","","","","999-6724","山形県酒田市山楯清水田52-1","","","","","","","","","","","","","","","5390001009674","","","",""
"株式会社ツタエ","9627151562237","","","","","","","210-0826","神奈川県川崎市川崎区塩浜三丁目24-6","","","","","","","","","","","","","","","1010701025351","","","",""
"株式会社つつうら","2454260860191","","","","","","","171-0021","東京都豊島区西池袋四丁目19-14 お取り寄せスーパーつつうら","","","","","","","","","","","","","","","2013301049884","","","",""
"合同会社続","4496896800523","","","","","","","162-0831","東京都新宿区横寺町31 一水寮205","","","","","","","","","","","","","","","6011103004468","","","",""
"株式会社つなぐ健康・日本本社","6629503005206","","","","","","","270-1112","千葉県我孫子市新木3066-7","","","","","","","","","","","","","","","3040001069887","","","",""
"株式会社ツナトレード","1416624662432","","","","","","","544-0015","大阪府大阪市生野区巽南二丁目2-17 A号","","","","","","","","","","","","","","","6120001190608","","","",""
"有限会社角田屋","9980724082885","","","","","","","250-0408","神奈川県足柄下郡箱根町強羅1300-278","","","","","","","","","","","","","","","3021002050400","","","",""
"株式会社ツーフィールド","1694722095259","","","","","","","101-0041","東京都千代田区神田須田町二丁目3-1212 KANDA603","","","","","","","","","","","","","","","8040001076350","","","",""
"つまみインターナショナル株式会社","4061638027693","","","","","","","110-0004","東京都台東区下谷三丁目5-14","","","","","","","","","","","","","","","2010001193567","","","",""
"有限会社ｔｕｒｉｂｕｎｅ","5489994358190","","","","","","","781-5106","高知県高知市介良乙3729-23","","","","","","","","","","","","","","","8490002002632","","","",""
"ＴＲＥＥ　ＭＡＲＫ株式会社","4977554776031","","","","","","","652-0802","兵庫県神戸市兵庫区水木通一丁目2-6","","","","","","","","","","","","","","","4140001093884","","","",""
"合同会社ツールシステム","8532394251660","","","","","","","061-3201","北海道石狩市花川南一条二丁目306","","","","","","","","","","","","","","","6430003007290","","","",""
"株式会社鶴月・社中","2704225266961","","","","","","","300-1221","茨城県牛久市牛久町834-2","","","","","","","","","","","","","","","6050001029086","","","",""
"株式会社ツルハ酒類販売","2527159057913","","","","","","","065-0024","北海道札幌市東区北二十四条東二十丁目1-21","","","","","","","","","","","","","","","7430001003984","","","",""
"株式会社つるや家具店","1718510142512","","","","","","","760-0045","香川県高松市古馬場町8-28","","","","","","","","","","","","","","","3470001017522","","","",""
"株式会社ＴＩＬＴ","1428991323002","","","","","","","150-0001","東京都渋谷区神宮前六丁目32-5 ドルミ原宿304","","","","","","","","","","","","","","","9011001063423","","","",""
"ティアクラッセ株式会社","9712703107470","","","","","","","560-0082","大阪府豊中市新千里東町一丁目5-3 千里朝日阪急ビル","","","","","","","","","","","","","","","8120901026974","","","",""
"株式会社Ｔ－Ａｄｖａｎｃｅ","8761357873104","","","","","","","971-8189","福島県いわき市泉滝尻一丁目20-24","","","","","","","","","","","","","","","3380001024049","","","",""
"株式会社ティアンドエスラボラトリー","3433221157502","","","","","","","540-0026","大阪府大阪市中央区内本町一丁目2-5 YSKビル4F401","","","","","","","","","","","","","","","7120001118277","","","",""
"株式会社Ｔ＆Ｎカンパニー","1225921932546","","","","","","","115-0043","東京都北区神谷三丁目54-13","","","","","","","","","","","","","","","9011501020527","","","",""
"有限会社ティー・アンド・ケイ・ステイショナリー","2962495477602","","","","","","","152-0023","東京都目黒区八雲一丁目11-18","","","","","","","","","","","","","","","9013202004230","","","",""
"Ｔ＆Ｐジャパン合同会社","9416847803415","","","","","","","150-0001","東京都渋谷区神宮前六丁目23-4 桑野ビル2F","","","","","","","","","","","","","","","8011603001814","","","",""
"株式会社ＴＥＭ","6224938973433","","","","","","","870-1121","大分県大分市大字鴛野1348-2 桜井コーポ205","","","","","","","","","","","","","","","1320001013793","","","",""
"株式会社ティーウッド","8618309964522","","","","","","","708-1544","岡山県久米郡美咲町周佐1155","","","","","","","","","","","","","","","7260001021153","","","",""
"株式会社ＴＨＳ","3660028347548","","","","","","","181-0005","東京都三鷹市中原四丁目22-14","","","","","","","","","","","","","","","6012401030107","","","",""
"株式会社Ｔ・Ｈ・Ｓ","3204286398869","","","","","","","105-0012","東京都港区芝大門一丁目10-11 芝大門センタービル10F","","","","","","","","","","","","","","","2010401113224","","","",""
"株式会社ＴＡＧ","9291984183840","","","","","","","107-0052","東京都港区赤坂四丁目3-26","","","","","","","","","","","","","","","2010401114379","","","",""
"株式会社ＴＳ２","1829058730178","","","","","","","840-2104","佐賀県佐賀市諸富町大字徳富127-1","","","","","","","","","","","","","","","6290001040259","","","",""
"株式会社ティーエッチエス","7648952402461","","","","","","","671-2123","兵庫県姫路市夢前町山冨40","","","","","","","","","","","","","","","5140001064554","","","",""
"株式会社ティーエッチエスサポート","8324709627063","","","","","","","671-2123","兵庫県姫路市夢前町山冨40","","","","","","","","","","","","","","","3140003007414","","","",""
"合同会社ＴＮＫ","7145679749755","","","","","","","343-0828","埼玉県越谷市レイクタウン八丁目13-2 254","","","","","","","","","","","","","","","6030003017561","","","",""
"ＴＭＳ株式会社","8317465908895","","","","","","","330-0854","埼玉県さいたま市大宮区桜木町二丁目3 大宮マルイ7階","","","","","","","","","","","","","","","1030001108532","","","",""
"株式会社ＴＯＣ","1102984116119","","","","","","","783-0007","高知県南国市明見483","","","","","","","","","","","","","","","4490001008790","","","",""
"株式会社ＴＯ貿易","1756214926083","","","","","","","460-0008","愛知県名古屋市中区栄三丁目9-22 グランドビル1階","","","","","","","","","","","","","","","6180001103935","","","",""
"Ｔａｋｅｏｆｆ株式会社","2054801702397","","","","","","","220-0051","神奈川県横浜市西区中央一丁目35-21 湘南ビル601","","","","","","","","","","","","","","","8013301038428","","","",""
"株式会社テイクデザイン","9883678986871","","","","","","","460-0008","愛知県名古屋市中区栄一丁目29-29","","","","","","","","","","","","","","","9180001102505","","","",""
"株式会社テイクトップ","8606995329580","","","","","","","550-0013","大阪府大阪市西区新町四丁目9-24","","","","","","","","","","","","","","","1120001179127","","","",""
"ティクーンジャパン株式会社","1873125928954","","","","","","","542-0081","大阪府大阪市中央区南船場三丁目7-27 NLC心斎橋4F-I","","","","","","","","","","","","","","","5120001187794","","","",""
"株式会社ティグリス","1003312124315","","","","","","","738-0039","広島県廿日市市宮内工業団地1-5","","","","","","","","","","","","","","","5240001048687","","","",""
"ＴＫＳ株式会社","7447565773249","","","","","","","816-0931","福岡県大野城市筒井一丁目6-19-2","","","","","","","","","","","","","","","7290001076946","","","",""
"株式会社ＴＫサービス","6787597580498","","","","","","","665-0822","兵庫県宝塚市安倉中五丁目23-7 102号","","","","","","","","","","","","","","","4140001100095","","","",""
"株式会社ＴＫブロス","5168681994918","","","","","","","150-0042","東京都渋谷区宇田川町6-20","","","","","","","","","","","","","","","8011001072953","","","",""
"有限会社ティーコミュファクトリー","7734805907231","","","","","","","420-0839","静岡県静岡市葵区鷹匠二丁目21-4","","","","","","","","","","","","","","","7080002000109","","","",""
"株式会社Ｔ．ｓａｋａｍａｋｉ　Ｄｅｓｉｇｎ　Ｆａｃｔｏｒｙ","3113444797601","","","","","","","323-0000","栃木県小山市八幡町あずまﾋﾞﾙ302","","","","","","","","","","","","","","","8011001051560","","","",""
"株式会社ＴＣＮ","8143389810051","","","","","","","460-0002","愛知県名古屋市中区丸の内一丁目10-29 白川第8ビル5階","","","","","","","","","","","","","","","2080401018029","","","",""
"株式会社テイシン","9249598062049","","","","","","","133-0056","東京都江戸川区南小岩七丁目28-11","","","","","","","","","","","","","","","2040001080614","","","",""
"株式会社Ｔ３　Ｃｏｒｐｏｒａｔｉｏｎ","8085607454457","","","","","","","577-0013","大阪府東大阪市長田中五丁目1-31","","","","","","","","","","","","","","","7122001024001","","","",""
"株式会社ティーズデザイン","6165331516312","","","","","","","463-0041","愛知県名古屋市守山区大谷町3-11","","","","","","","","","","","","","","","7180001109510","","","",""
"Ｔ’ｓ　ｂｒａｉｎ株式会社","8445164715900","","","","","","","150-0013","東京都渋谷区恵比寿四丁目27-1 PAGODASK7F","","","","","","","","","","","","","","","5011001056802","","","",""
"株式会社Ｔｉｓｍｓ","2567268160509","","","","","","","141-0031","東京都品川区西五反田三丁目15-6 リードシー目黒不動前ビル3F","","","","","","","","","","","","","","","9120001238569","","","",""
"株式会社ティーダイレクト","8703003689141","","","","","","","104-0045","東京都中央区築地四丁目1-1 東劇ビル4F","","","","","","","","","","","","","","","3010001141979","","","",""
"ティーツーケー株式会社","2644289476498","","","","","","","710-0145","岡山県倉敷市福江41-4","","","","","","","","","","","","","","","7260001016244","","","",""
"株式会社ＴＩＤＩ","4230438213741","","","","","","","541-0045","大阪府大阪市中央区道修町一丁目2-11","","","","","","","","","","","","","","","7140001074114","","","",""
"株式会社Ｔ－ｎｅｔ","4656350792012","","","","","","","146-0093","東京都大田区矢口三丁目24-44 731号","","","","","","","","","","","","","","","7010801026054","","","",""
"株式会社Ｔ－ＰＡＬ","6099514960866","","","","","","","233-0003","神奈川県横浜市港南区港南五丁目17-6","","","","","","","","","","","","","","","1020001138992","","","",""
"有限会社ティーピー・ミュージック・コーポレーション","1116898896560","","","","","","","772-0012","徳島県鳴門市撫養町小桑島前浜113","","","","","","","","","","","","","","","5480002010622","","","",""
"株式会社ＴＶＣ","4793379036375","","","","","","","541-0054","大阪府大阪市中央区南本町四丁目5-7","","","","","","","","","","","","","","","5120001225257","","","",""
"ティープラス株式会社","6569928173349","","","","","","","171-0014","東京都豊島区池袋四丁目27-12 CP5F","","","","","","","","","","","","","","","5013301038546","","","",""
"株式会社ティプロ","5413385018987","","","","","","","530-0022","大阪府大阪市北区浪花町13-38 千代田ビル北館7階","","","","","","","","","","","","","","","1240001046249","","","",""
"合同会社ティーボックス","3656532391130","","","","","","","368-0033","埼玉県秩父市野坂町一丁目10-6","","","","","","","","","","","","","","","7120003012627","","","",""
"有限会社ティム","1722345892249","","","","","","","577-0063","大阪府東大阪市川俣一丁目16-30","","","","","","","","","","","","","","","4122002003196","","","",""
"株式会社ＴＵＦ","4773394302411","","","","","","","198-0024","東京都青梅市新町一丁目19-45 NAKANOBLD","","","","","","","","","","","","","","","4013101000681","","","",""
"株式会社ＴＵＫ","5178837644625","","","","","","","171-0022","東京都豊島区南池袋三丁目13-9","","","","","","","","","","","","","","","5013301021295","","","",""
"ティーライフ株式会社","9831602435921","","","","","","","428-0006","静岡県島田市牛尾118","","","","","","","","","","","","","","","3080001013429","","","",""
"株式会社テイワイテイグループ","7511513809789","","","","","","","176-0014","東京都練馬区豊玉南一丁目11-10","","","","","","","","","","","","","","","8011601004389","","","",""
"株式会社テインコーポレーション","4118434707774","","","","","","","101-0043","東京都千代田区神田富山町17 リプロ神田9F","","","","","","","","","","","","","","","9010003017370","","","",""
"合同会社ＴＩＮＴ","1601557706112","","","","","","","150-0001","東京都渋谷区神宮前六丁目23-4 桑野ビル2F","","","","","","","","","","","","","","","9010603008463","","","",""
"株式会社テェアッシュ","4976469838170","","","","","","","592-0005","大阪府高石市千代田六丁目12-1 210号","","","","","","","","","","","","","","","3120101029584","","","",""
"株式会社テクノアート","1716313288823","","","","","","","665-0061","兵庫県宝塚市仁川北三丁目3-21","","","","","","","","","","","","","","","2120101008440","","","",""
"株式会社テクノロジー・エクスプレス","5334670325044","","","","","","","104-0061","東京都中央区銀座一丁目3-3","","","","","","","","","","","","","","","2010001103245","","","",""
"株式会社テースト","8068546218425","","","","","","","861-1111","熊本県合志市上庄185-1","","","","","","","","","","","","","","","6330001009539","","","",""
"株式会社ＴＥＳＯＲＯ","2906899784133","","","","","","","107-0062","東京都港区南青山五丁目4-35 たつむらビル909","","","","","","","","","","","","","","","1010401133652","","","",""
"株式会社てっぺん","2957271798842","","","","","","","097-0013","北海道稚内市若葉台二丁目1-4","","","","","","","","","","","","","","","9450001008781","","","",""
"ＴＥ　ｔｏ　ＴＥ株式会社","1726624392428","","","","","","","542-0081","大阪府大阪市中央区南船場三丁目9-6","","","","","","","","","","","","","","","4120001231850","","","",""
"株式会社テナックス","2200159625255","","","","","","","955-0041","新潟県三条市三竹一丁目1-1","","","","","","","","","","","","","","","4110001016988","","","",""
"株式会社寺の友社","4256828319851","","","","","","","611-0002","京都府宇治市木幡平尾54-2","","","","","","","","","","","","","","","2130001033694","","","",""
"テリフィーク株式会社","2693635443763","","","","","","","169-0073","東京都新宿区百人町二丁目5-8 科研ビル1D","","","","","","","","","","","","","","","1030001115173","","","",""
"株式会社照沼インターナショナル","3389101461907","","","","","","","176-0021","東京都練馬区貫井四丁目16-10 1F","","","","","","","","","","","","","","","3011201014264","","","",""
"株式会社てるべる","5220204803055","","","","","","","343-0857","埼玉県越谷市新越谷一丁目39-5 リーデンススクエア新越谷602号","","","","","","","","","","","","","","","9030001113970","","","",""
"有限会社テレサ","7416438617220","","","","","","","997-0047","山形県鶴岡市大塚町34-29","","","","","","","","","","","","","","","9390002010529","","","",""
"株式会社テレビ東京コミュニケーションズ","3297899472006","","","","","","","105-0001","東京都港区虎ノ門四丁目3-9 住友新虎ノ門ビル4F","","","","","","","","","","","","","","","6010401043789","","","",""
"株式会社テレマルシェ","7313932256095","","","","","","","170-0013","東京都豊島区東池袋二丁目21-1 桐生ビル3F","","","","","","","","","","","","","","","8013301024477","","","",""
"株式会社ＴＥＮＫＵＭＡ","4814758345509","","","","","","","115-0055","東京都北区赤羽西四丁目22-14 ウッド・ヴィレッジ赤羽103","","","","","","","","","","","","","","","1011501024989","","","",""
"天工株式会社","7995160711353","","","","","","","546-0035","大阪府大阪市東住吉区山坂一丁目8-24","","","","","","","","","","","","","","","2120001195809","","","",""
"天生閣株式会社","3308103438851","","","","","","","141-0032","東京都品川区大崎四丁目2-2","","","","","","","","","","","","","","","4010401063260","","","",""
"株式会社ＴＥＮＴ","1496282389927","","","","","","","153-0051","東京都目黒区上目黒三丁目6-18 ASTRA中目黒7階","","","","","","","","","","","","","","","9010701034428","","","",""
"株式会社テンフォーティエイト","7170695979018","","","","","","","169-0075","東京都新宿区高田馬場三丁目34-13","","","","","","","","","","","","","","","6011101074232","","","",""
"デーイー株式会社","4979918061766","","","","","","","106-0044","東京都港区東麻布二丁目22-4 池田ビル4F","","","","","","","","","","","","","","","5010401057212","","","",""
"株式会社ディア・サポート","9807923306893","","","","","","","634-0803","奈良県橿原市上品寺町194-1 1F","","","","","","","","","","","","","","","8150001012088","","","",""
"株式会社ディアーズコーポレーション","5506789084829","","","","","","","305-0051","茨城県つくば市二の宮三丁目25-6","","","","","","","","","","","","","","","1050001038315","","","",""
"株式会社ディアーナ","3986273566969","","","","","","","150-0002","東京都渋谷区渋谷二丁目2-17","","","","","","","","","","","","","","","8010001143558","","","",""
"株式会社ディアブロス","5458532225949","","","","","","","661-0974","兵庫県尼崎市若王寺三丁目30-16 當銘倉庫1階","","","","","","","","","","","","","","","3140001053914","","","",""
"株式会社Ｄｅａｒ　Ｙｕｋｉ","7136663230197","","","","","","","101-0024","東京都千代田区神田和泉町1-6-5 長光ビル32室","","","","","","","","","","","","","","","3030001109462","","","",""
"ＤＲＳ株式会社","9357939439923","","","","","","","532-0031","大阪府大阪市淀川区加島一丁目58-36","","","","","","","","","","","","","","","6120901036612","","","",""
"Ｄ＆Ｎホールディングス株式会社","1199976775980","","","","","","","550-0014","大阪府大阪市西区北堀江一丁目2-19 アステリオ北堀江ザ・メトロタワー4F","","","","","","","","","","","","","","","1150003001871","","","",""
"Ｄ＆Ｆクリエイツ株式会社","3034949937102","","","","","","","107-0062","東京都港区南青山二丁目2-15","","","","","","","","","","","","","","","6010401166152","","","",""
"株式会社Ｄ＆Ｋ","6416147750388","","","","","","","700-0953","岡山県岡山市南区西市668-49","","","","","","","","","","","","","","","1260001023155","","","",""
"株式会社ＤＥＩ－ＳＴＯＲＥ","3729798447780","","","","","","","550-0014","大阪府大阪市西区北堀江一丁目8-14 キャピタルビル3F","","","","","","","","","","","","","","","9120001172594","","","",""
"株式会社ディー・イー・エヌ","4474326329091","","","","","","","923-0924","石川県小松市三日市町42-2","","","","","","","","","","","","","","","2220001018678","","","",""
"株式会社Ｄ－ｉｎｎｏｖａｔｉｏｎ","9201036382890","","","","","","","150-0041","東京都渋谷区神南一丁目5-4 ロイヤルパレス原宿701","","","","","","","","","","","","","","","9011001135073","","","",""
"株式会社ＤＩＶＡ","8636424296705","","","","","","","607-8481","京都府京都市山科区北花山中道町65-5","","","","","","","","","","","","","","","5130001029384","","","",""
"株式会社ＤＨＰ","7430484705961","","","","","","","730-0032","広島県広島市中区立町6-13 203号","","","","","","","","","","","","","","","5240001053704","","","",""
"株式会社ＤＳＫ　Ｊａｐａｎ","2444306745516","","","","","","","305-0035","茨城県つくば市松代一丁目18-4 学園第一ビル302","","","","","","","","","","","","","","","1040001107112","","","",""
"株式会社ＤＳコトブキヤ","4748767152169","","","","","","","664-0007","兵庫県伊丹市北野五丁目9-1-10","","","","","","","","","","","","","","","9140001122944","","","",""
"株式会社ディーエスシー","1876969518825","","","","","","","150-0001","東京都渋谷区神宮前四丁目28-18 ピノ原宿B1","","","","","","","","","","","","","","","6011001062502","","","",""
"株式会社ディーエムエー","3218332243838","","","","","","","810-0011","福岡県福岡市中央区高砂二丁目24-12 DMAビル2F","","","","","","","","","","","","","","","7290001034846","","","",""
"ＤＭ国際株式会社","1754909557859","","","","","","","113-0033","東京都文京区本郷三丁目22-9 GSハイム御茶ノ水203","","","","","","","","","","","","","","","3010601056486","","","",""
"株式会社ディオ","6657473773550","","","","","","","604-8804","京都府京都市中京区壬生坊城町10 ウィングスビル","","","","","","","","","","","","","","","4130001036506","","","",""
"株式会社ＤＩＧＡＷＥＬ","2314727946048","","","","","","","153-0051","東京都目黒区上目黒二丁目30-7","","","","","","","","","","","","","","","4011001134609","","","",""
"株式会社ディーキャスト","5916135605534","","","","","","","116-0001","東京都荒川区町屋七丁目13-12","","","","","","","","","","","","","","","5011501015919","","","",""
"株式会社ディ・グレイス","4716559245386","","","","","","","670-0885","兵庫県姫路市八代宮前町14-6","","","","","","","","","","","","","","","4140001039391","","","",""
"株式会社ＤＧ　Ｊａｐａｎ","2121891467569","","","","","","","102-0074","東京都千代田区九段南一丁目5-6 りそな九段ビル5F","","","","","","","","","","","","","","","1010403013456","","","",""
"株式会社ディー・ジョイン製薬","9239312569148","","","","","","","811-3217","福岡県福津市中央六丁目8-8","","","","","","","","","","","","","","","9290001034704","","","",""
"株式会社ディスカバード","1786944405901","","","","","","","150-0021","東京都渋谷区恵比寿西一丁目33-3 光雲閣404","","","","","","","","","","","","","","","4011001056126","","","",""
"株式会社ディースタイル","9941495167182","","","","","","","351-0001","埼玉県朝霞市大字上内間木649","","","","","","","","","","","","","","","3030001092527","","","",""
"有限会社Ｄ’ｓ＆Ｃｏ．","6897478924982","","","","","","","651-0087","兵庫県神戸市中央区御幸通二丁目1-6 ジェイルミナ三宮ビル501号","","","","","","","","","","","","","","","8140002025461","","","",""
"ＤＷ．ＬｅａＤｒｅａｍ合同会社","4458050798436","","","","","","","272-0816","千葉県市川市本北方一丁目39-5","","","","","","","","","","","","","","","8040003019282","","","",""
"株式会社Ｄｔｓ　ｃｒｅａｔｉｏｎ","9248878699000","","","","","","","377-1304","群馬県吾妻郡長野原町大字長野原1295-32","","","","","","","","","","","","","","","3070001029590","","","",""
"株式会社ＤＴＡＩＬｓ","9482822994717","","","","","","","106-0044","東京都港区東麻布二丁目26-16 富士レジデンス102","","","","","","","","","","","","","","","3010401153938","","","",""
"ＤＤＸ株式会社","2044937404992","","","","","","","562-0035","大阪府箕面市船場東二丁目3-56 8F","","","","","","","","","","","","","","","2120001190644","","","",""
"ディーニーズ株式会社","1504382428255","","","","","","","144-0051","東京都大田区西蒲田七丁目25-7","","","","","","","","","","","","","","","3010801007669","","","",""
"株式会社ｄｉｎｏｓ","7703172715043","","","","","","","164-0012","東京都中野区本町二丁目46-2","","","","","","","","","","","","","","","9011201004664","","","",""
"株式会社Ｄｅｐａｒｔｕｒｅ","9642148580495","","","","","","","639-0223","奈良県香芝市真美ヶ丘五丁目8-28 202","","","","","","","","","","","","","","","4150001024277","","","",""
"有限会社ディープラン","8674621714555","","","","","","","530-0041","大阪府大阪市北区天神橋二丁目北1-21","","","","","","","","","","","","","","","6120002066988","","","",""
"株式会社Ｄｉｍｏ","2965569831279","","","","","","","673-0898","兵庫県明石市樽屋町8-34 第5池内ビル","","","","","","","","","","","","","","","2140001046357","","","",""
"ディーライズ株式会社","9087387536325","","","","","","","111-0051","東京都台東区蔵前三丁目16-1 KMHビル2階","","","","","","","","","","","","","","","4010501027727","","","",""
"株式会社ディライトソリューションズ","5502729712223","","","","","","","160-0023","東京都新宿区西新宿六丁目5-1","","","","","","","","","","","","","","","3011101074508","","","",""
"株式会社ディーラーニング","8718132216339","","","","","","","532-0011","大阪府大阪市淀川区西中島二丁目14-13 壷坂ビル2F","","","","","","","","","","","","","","","4120001144359","","","",""
"株式会社ディレクト","5008635075781","","","","","","","370-0058","群馬県高崎市九蔵町25-1","","","","","","","","","","","","","","","9070001025015","","","",""
"有限会社ＤＹＣ","5117136880431","","","","","","","376-0031","群馬県桐生市本町四丁目90-3","","","","","","","","","","","","","","","3070002025614","","","",""
"株式会社ｄｙマーケティング","7394093525967","","","","","","","721-0942","広島県福山市引野町五丁目44-45","","","","","","","","","","","","","","","7240001043991","","","",""
"株式会社デイワン","9872772800963","","","","","","","101-0042","東京都千代田区神田東松下町37-2","","","","","","","","","","","","","","","8011801022414","","","",""
"株式会社デコレクションズ","1352083454468","","","","","","","501-1136","岐阜県岐阜市黒野南一丁目83-1","","","","","","","","","","","","","","","1200001013021","","","",""
"合同会社ｄｅｓｉｇｎ　ｐｕｃｈｉ","2613795150819","","","","","","","251-0876","神奈川県藤沢市善行坂一丁目4-23","","","","","","","","","","","","","","","4021003007654","","","",""
"株式会社デザインマーケット","1847353028584","","","","","","","401-0301","山梨県南都留郡富士河口湖町船津1610-2","","","","","","","","","","","","","","","4090001014103","","","",""
"デジタルスタイル株式会社","9373237043407","","","","","","","561-0851","大阪府豊中市服部元町一丁目14-10","","","","","","","","","","","","","","","1120001167957","","","",""
"株式会社デジタルパーク","4152821701822","","","","","","","206-0002","東京都多摩市一ノ宮四丁目1-21 桜ヶ丘イン1F","","","","","","","","","","","","","","","4013401002295","","","",""
"有限会社デジレクト","4280506590787","","","","","","","192-0065","東京都八王子市新町2-5 コスモリード八王子1F","","","","","","","","","","","","","","","6010102010584","","","",""
"株式会社データゲート","6742837296563","","","","","","","530-0043","大阪府大阪市北区天満二丁目12-13","","","","","","","","","","","","","","","6120001111828","","","",""
"株式会社デック","1571315753821","","","","","","","170-0005","東京都豊島区南大塚一丁目60-20 天翔大塚駅前ビル8F","","","","","","","","","","","","","","","3011101036078","","","",""
"株式会社ＤＥＦｉ","1619965297296","","","","","","","273-0005","千葉県船橋市本町二丁目2-7 船橋本町プラザビル","","","","","","","","","","","","","","","4040001093944","","","",""
"株式会社デュールマン","3633117214078","","","","","","","332-0003","埼玉県川口市東領家二丁目6-14 ボアメゾン1A","","","","","","","","","","","","","","","1030001106346","","","",""
"株式会社デリースマイル","9435094072559","","","","","","","100-0005","東京都千代田区丸の内二丁目5-2 三菱ビル11Fアデリー内","","","","","","","","","","","","","","","9010001204375","","","",""
"株式会社デリセクト","2282072751744","","","","","","","150-0002","東京都渋谷区渋谷二丁目15-1 渋谷クロスタワー17階","","","","","","","","","","","","","","","1011001145435","","","",""
"株式会社デルタプラス","1134907190634","","","","","","","107-0062","東京都港区南青山二丁目2-15 ウィン青山1214号","","","","","","","","","","","","","","","2011101062348","","","",""
"株式会社ＤｅｌＦｉｏｒｅ","1848287857643","","","","","","","553-0003","大阪府大阪市福島区福島六丁目21-13 エステムプラザ梅田WEST305号","","","","","","","","","","","","","","","6122001030545","","","",""
"株式会社電材一番","7788046067198","","","","","","","712-8011","岡山県倉敷市連島町連島142","","","","","","","","","","","","","","","5260001028712","","","",""
"伝動機ドットコム株式会社","3552742779602","","","","","","","174-0052","東京都板橋区蓮沼町48-7","","","","","","","","","","","","","","","2011401015988","","","",""
"伝農アシスト株式会社","8680841664188","","","","","","","039-1103","青森県八戸市長苗代二丁目2-7","","","","","","","","","","","","","","","4420001015018","","","",""
"株式会社傳馬屋","4815282730534","","","","","","","103-0023","東京都中央区日本橋本町四丁目15-2","","","","","","","","","","","","","","","6010001051309","","","",""
"Ｔｗｉｎｋｌｅ　Ｃｕｂｅ株式会社","1193910505093","","","","","","","567-0058","大阪府茨木市西豊川町18-8","","","","","","","","","","","","","","","4120902000841","","","",""
"株式会社２０ｓ　Ｄｅｓｉｇｎ","8392707664089","","","","","","","150-0002","東京都渋谷区渋谷二丁目19-15 609","","","","","","","","","","","","","","","5030001116110","","","",""
"株式会社燈音舎","2476600347699","","","","","","","102-0081","東京都千代田区四番町8-34","","","","","","","","","","","","","","","4010001144312","","","",""
"東海テレビ事業株式会社","7829368467358","","","","","","","461-0005","愛知県名古屋市東区東桜一丁目14-27","","","","","","","","","","","","","","","8180001017539","","","",""
"東海乳業株式会社","4202518522004","","","","","","","502-0905","岐阜県岐阜市山吹町六丁目49-2","","","","","","","","","","","","","","","8200001003593","","","",""
"株式会社東海フロンティア","4536126156241","","","","","","","421-1213","静岡県静岡市葵区山崎一丁目34-1 1F","","","","","","","","","","","","","","","3080001024913","","","",""
"株式会社東京アートセンター","4733853585972","","","","","","","135-0052","東京都江東区潮見二丁目6-1","","","","","","","","","","","","","","","9010501031352","","","",""
"株式会社東京易元","7640561905102","","","","","","","332-0026","埼玉県川口市南町二丁目6-32","","","","","","","","","","","","","","","7030001108840","","","",""
"株式会社東京開発企画","7207728767137","","","","","","","105-0004","東京都港区新橋二丁目15-16 マクゲンビル5F","","","","","","","","","","","","","","","4010401122512","","","",""
"東京キリンビバレッジサービス株式会社","3725938597278","","","","","","","101-0024","東京都千代田区神田和泉町1 神田和泉町ビル10階","","","","","","","","","","","","","","","7010001067122","","","",""
"株式会社東京出版サービス","5405544086515","","","","","","","102-0072","東京都千代田区飯田橋三丁目11-6 4F","","","","","","","","","","","","","","","6010001124683","","","",""
"東京商品開発研究所株式会社","2702540270106","","","","","","","108-0023","東京都港区芝浦三丁目10-6 ローズハイツ田町3F","","","","","","","","","","","","","","","7010401147886","","","",""
"株式会社東京書芸館","7888629184359","","","","","","","140-0013","東京都品川区南大井三丁目28-10 OIトレーディングビル7F","","","","","","","","","","","","","","","4010701022866","","","",""
"株式会社東京精品館","9320363763898","","","","","","","145-0071","東京都大田区田園調布二丁目5-1","","","","","","","","","","","","","","","3010001194580","","","",""
"株式会社東京ディベロ","8893193005153","","","","","","","111-0052","東京都台東区柳橋一丁目1-11 イーストサイドビル4階","","","","","","","","","","","","","","","7010001201135","","","",""
"東京都学校生活協同組合","5592382692928","","","","","","","154-0017","東京都世田谷区世田谷一丁目41-12","","","","","","","","","","","","","","","3011405000226","","","",""
"株式会社東京時計","2481614924897","","","","","","","105-0013","東京都港区浜松町二丁目2-15 浜松町ダイヤビル2F","","","","","","","","","","","","","","","6010401125694","","","",""
"江戸流行婦凛株式会社","2856661402593","","","","","","","167-0022","東京都杉並区下井草三丁目29-10 佐藤ビル2F","","","","","","","","","","","","","","","9011301024752","","","",""
"東京ユーキ株式会社","7375889234036","","","","","","","252-0312","神奈川県相模原市南区相南四丁目8-3","","","","","","","","","","","","","","","8021001014649","","","",""
"株式会社東京ライフ","8097074548213","","","","","","","103-0004","東京都中央区東日本橋二丁目8-4 東日本橋1STビル4F","","","","","","","","","","","","","","","3010001131088","","","",""
"ＴＯＯＫＩＮ株式会社","8996847103060","","","","","","","171-0014","東京都豊島区池袋二丁目69-10 高原ビル1F","","","","","","","","","","","","","","","6013301038033","","","",""
"株式会社當銀屋","8827562495405","","","","","","","136-0076","東京都江東区南砂二丁目4-24 607号","","","","","","","","","","","","","","","5010601047392","","","",""
"株式会社涛煌","4696677795080","","","","","","","981-3132","宮城県仙台市泉区将監八丁目4-15 101","","","","","","","","","","","","","","","7370001042097","","","",""
"東興包装材料株式会社","8363260604598","","","","","","","987-0141","宮城県遠田郡涌谷町字田町裏139-2","","","","","","","","","","","","","","","7370201002173","","","",""
"株式会社藤商プロシード","8840611040208","","","","","","","756-0091","山口県山陽小野田市日の出一丁目9-7","","","","","","","","","","","","","","","2200001020421","","","",""
"湯治場株式会社","8374632124349","","","","","","","173-0035","東京都板橋区大谷口二丁目20-1","","","","","","","","","","","","","","","6011401024671","","","",""
"株式会社東上","5092393503684","","","","","","","567-0878","大阪府茨木市蔵垣内一丁目3-26 LOGI'Q南茨木306","","","","","","","","","","","","","","","1120001215427","","","",""
"有限会社トゥーズ","3730929167541","","","","","","","152-0022","東京都目黒区柿の木坂二丁目4-17","","","","","","","","","","","","","","","4013202004391","","","",""
"騰達商事株式会社","7260763301892","","","","","","","231-0025","神奈川県横浜市中区松影町二丁目5-9","","","","","","","","","","","","","","","1020001112576","","","",""
"ＴＯＤＡＹＳ株式会社","2015982939245","","","","","","","812-0043","福岡県福岡市博多区堅粕五丁目3-7 807号","","","","","","","","","","","","","","","4290001066677","","","",""
"東福貿易株式会社","2861936611739","","","","","","","116-0014","東京都荒川区東日暮里三丁目25-3","","","","","","","","","","","","","","","9011501017250","","","",""
"東邦敷物貿易株式会社","3618578008120","","","","","","","771-1504","徳島県阿波市土成町成当松原1010","","","","","","","","","","","","","","","5480001004690","","","",""
"株式会社東御","1786919953551","","","","","","","284-0001","千葉県四街道市大日1118","","","","","","","","","","","","","","","9040001091043","","","",""
"株式会社トウメイ人間製作所","3525194535096","","","","","","","107-0062","東京都港区南青山二丁目2-15 WINAOYAMAビルUCF9階","","","","","","","","","","","","","","","7010401097669","","","",""
"株式会社ＴＯＭＯＲＲＯＷ　ＮＥＶＥＲＬＡＮＤ","2142177378175","","","","","","","407-0044","山梨県韮崎市旭町上條北割2065-1","","","","","","","","","","","","","","","2013301038045","","","",""
"東陽株式会社","4103374448339","","","","","","","550-0014","大阪府大阪市西区北堀江一丁目6-5 大輪ビル6階A号室","","","","","","","","","","","","","","","6120001187744","","","",""
"株式会社東横インホテル企画開発","6349376804704","","","","","","","150-0013","東京都渋谷区恵比寿四丁目5-21","","","","","","","","","","","","","","","3011001067157","","","",""
"株式会社桃李","3266229464134","","","","","","","101-0047","東京都千代田区内神田一丁目12-7","","","","","","","","","","","","","","","1010001138572","","","",""
"有限会社トキタマネジメントサービス","1738824826264","","","","","","","337-0043","埼玉県さいたま市見沼区大字中川1069","","","","","","","","","","","","","","","5030002003134","","","",""
"株式会社ＴＯＫＩＭＥＫＵ　ＪＡＰＡＮ","5709417404706","","","","","","","102-0093","東京都千代田区平河町二丁目5-3 MIDORI. SONAGATACHO5F","","","","","","","","","","","","","","","2010001176852","","","",""
"株式会社とくえもん","5481017010152","","","","","","","794-0023","愛媛県今治市栄町三丁目2-19","","","","","","","","","","","","","","","2500001021521","","","",""
"株式会社時計企画工房ＳＵＷＡ","3054274451913","","","","","","","393-0000","長野県諏訪郡下諏訪町社6992-58","","","","","","","","","","","","","","","7100001024766","","","",""
"株式会社トコトンショップ","1287950251613","","","","","","","501-6019","岐阜県羽島郡岐南町みやまち一丁目3","","","","","","","","","","","","","","","3200001009422","","","",""
"ｔｏｃｏｈａｎａ　ｐｒｏｊｅｃｔ株式会社","2813077761994","","","","","","","810-0001","福岡県福岡市中央区天神三丁目10-1 天神源氏ビル","","","","","","","","","","","","","","","8290001077200","","","",""
"株式会社とこわか","8462115754501","","","","","","","151-0064","東京都渋谷区上原三丁目16-4","","","","","","","","","","","","","","","9011001139974","","","",""
"トーシン株式会社","7096709466188","","","","","","","621-0856","京都府亀岡市上矢田町下垣内3-50","","","","","","","","","","","","","","","3130001053477","","","",""
"トータルウィン商事株式会社","3948832952956","","","","","","","132-0035","東京都江戸川区平井六丁目5-15","","","","","","","","","","","","","","","3430001070657","","","",""
"株式会社Ｔｏｔａｌ　ｈｅａｌｔｈ　ｄｅｓｉｇｎ","9365491446497","","","","","","","619-0223","京都府木津川市相楽台九丁目1-1","","","","","","","","","","","","","","","6130001036826","","","",""
"株式会社塗太郎","2366409596725","","","","","","","928-0001","石川県輪島市河井町1 部95番地","","","","","","","","","","","","","","","8220001019968","","","",""
"株式会社トーチジンジャー","4826592785210","","","","","","","150-0034","東京都渋谷区代官山町14-2 ワイエム代官山","","","","","","","","","","","","","","","2011001046764","","","",""
"株式会社ＴＯＰ","2205093834651","","","","","","","577-0057","大阪府東大阪市足代新町4-3","","","","","","","","","","","","","","","3122001024772","","","",""
"株式会社トップラン","2657226294729","","","","","","","541-0059","大阪府大阪市中央区博労町三丁目4-15 ACN心斎橋博労町ビル5階","","","","","","","","","","","","","","","6120101051338","","","",""
"株式会社トトノウ","4389763642933","","","","","","","855-0062","長崎県島原市本町乙487-1","","","","","","","","","","","","","","","4310001014476","","","",""
"株式会社ととや","5471565843164","","","","","","","471-0848","愛知県豊田市本地町三丁目6 ラ・ヴィル本地町804号","","","","","","","","","","","","","","","1180301028507","","","",""
"トドクヨ合同会社","1593225264733","","","","","","","210-0007","神奈川県川崎市川崎区駅前本町11-2 川崎フロンティアビル4階","","","","","","","","","","","","","","","8020003022164","","","",""
"株式会社Ｔｏｄｏｋｅｒｕ－Ｌａｂ","9767905079953","","","","","","","376-0013","群馬県桐生市広沢町四丁目2157-1","","","","","","","","","","","","","","","1070001034948","","","",""
"株式会社トーマ","1752660520021","","","","","","","989-2474","宮城県岩沼市朝日二丁目3-35","","","","","","","","","","","","","","","6370801001996","","","",""
"株式会社トマト","2115783157194","","","","","","","131-0045","東京都墨田区押上二丁目21-2 501","","","","","","","","","","","","","","","5030001101054","","","",""
"有限会社トムソーヤ","4607967398837","","","","","","","400-0205","山梨県南アルプス市野牛島2115","","","","","","","","","","","","","","","9090002007654","","","",""
"株式会社トムール","1936124967112","","","","","","","808-0034","福岡県北九州市若松区本町二丁目9-7","","","","","","","","","","","","","","","4290801019363","","","",""
"株式会社トモウェル","1286847407812","","","","","","","214-0004","神奈川県川崎市多摩区菅馬場二丁目17-1 101","","","","","","","","","","","","","","","9020001108253","","","",""
"株式会社トモナ","6883411609187","","","","","","","470-1101","愛知県豊明市沓掛町徳田145","","","","","","","","","","","","","","","7180001137817","","","",""
"有限会社トーモンハウス","1246750976647","","","","","","","140-0001","東京都品川区北品川二丁目4-21","","","","","","","","","","","","","","","4010702005738","","","",""
"有限会社富山","2626632291774","","","","","","","870-0147","大分県大分市大字小池原23-1","","","","","","","","","","","","","","","8320002004901","","","",""
"富山県いきいき物産株式会社","2442375182596","","","","","","","930-0002","富山県富山市新富町一丁目2-3 1階","","","","","","","","","","","","","","","5230001001936","","","",""
"株式会社富山常備薬","4964519020885","","","","","","","103-0021","東京都中央区日本橋本石町四丁目2-16 DAIWA日本橋本石町ビル2階","","","","","","","","","","","","","","","6230001013410","","","",""
"株式会社トヨシコー","7662680215604","","","","","","","536-0014","大阪府大阪市城東区鴫野西二丁目8-8","","","","","","","","","","","","","","","5120001015732","","","",""
"ＴｒｙＡｎｇｌｅ株式会社","6419340681042","","","","","","","330-0043","埼玉県さいたま市浦和区大東一丁目15-28 201号","","","","","","","","","","","","","","","7030001141585","","","",""
"ＴＲＹＡＮＧＲ株式会社","1898515369871","","","","","","","552-0007","大阪府大阪市港区弁天一丁目2-1 大阪ベイタワーオフィス19階","","","","","","","","","","","","","","","6120001244982","","","",""
"合同会社トライ・ウェイ","7814117274961","","","","","","","335-0004","埼玉県蕨市中央四丁目13-3 ピアロードマンション1F","","","","","","","","","","","","","","","3050003002589","","","",""
"株式会社ｔｒｙ　ｆｏｒｃｅ","5535633553012","","","","","","","277-0872","千葉県柏市十余二248-325 A101","","","","","","","","","","","","","","","8040001092281","","","",""
"株式会社トライポッド","9193591232613","","","","","","","177-0044","東京都練馬区上石神井一丁目16-9","","","","","","","","","","","","","","","1011601014015","","","",""
"株式会社トラスキー","9280774786447","","","","","","","134-0015","東京都江戸川区西瑞江五丁目3-10","","","","","","","","","","","","","","","9011701013289","","","",""
"株式会社トラストイック","1055357724139","","","","","","","130-0026","東京都墨田区両国二丁目21-5 両国ダイカンプラザ410","","","","","","","","","","","","","","","4011803001394","","","",""
"トラスト不動産開発株式会社","7258467334174","","","","","","","812-0016","福岡県福岡市博多区博多駅南五丁目21-8 トラストレジデンス博多駅南2F","","","","","","","","","","","","","","","5290001024048","","","",""
"株式会社トラスロッド・ジャパン","1939674084722","","","","","","","124-0024","東京都葛飾区新小岩一丁目25-7","","","","","","","","","","","","","","","7010001176154","","","",""
"株式会社トラッドジャパン","8806951808439","","","","","","","813-0034","福岡県福岡市東区多の津一丁目16-4","","","","","","","","","","","","","","","6290801021565","","","",""
"ＴＲＡＤＥＸ株式会社","7306829181273","","","","","","","577-0066","大阪府東大阪市高井田本通六丁目2-10","","","","","","","","","","","","","","","4120001202141","","","",""
"株式会社虎ノ門堂","5702829998769","","","","","","","107-0052","東京都港区赤坂一丁目12-32 アーク森ビルWEST37階","","","","","","","","","","","","","","","5011401005862","","","",""
"トラベルブック株式会社","6446659688787","","","","","","","102-0074","東京都千代田区九段南二丁目4-11 パシフィックスクエア九段南9F","","","","","","","","","","","","","","","8010401087479","","","",""
"株式会社トラム","1068911240769","","","","","","","107-0052","東京都港区赤坂六丁目4-9","","","","","","","","","","","","","","","5010401058061","","","",""
"合同会社とらや","6406232569083","","","","","","","879-6113","大分県竹田市荻町恵良原769-1","","","","","","","","","","","","","","","4320003002973","","","",""
"とらやｆａｂｒｉｃ株式会社","1706617577092","","","","","","","596-0054","大阪府岸和田市宮本町3-2","","","","","","","","","","","","","","","5120101062996","","","",""
"株式会社トランクフィッシュ","6740481074596","","","","","","","221-0863","神奈川県横浜市神奈川区羽沢町807","","","","","","","","","","","","","","","1020001056807","","","",""
"株式会社トランスタイル","3912433598336","","","","","","","150-0013","東京都渋谷区恵比寿二丁目28-10","","","","","","","","","","","","","","","2010001147218","","","",""
"株式会社トランスフットウエア","7745629605725","","","","","","","542-0086","大阪府大阪市中央区西心斎橋一丁目16-15 川西ビル","","","","","","","","","","","","","","","8120002055469","","","",""
"株式会社トランスポーツ","3017666478121","","","","","","","277-0813","千葉県柏市大室1844-5","","","","","","","","","","","","","","","9040001078255","","","",""
"株式会社トランスミット","9277275435408","","","","","","","130-0012","東京都墨田区太平二丁目1-8","","","","","","","","","","","","","","","5010601038037","","","",""
"ＴＲＩＵＮＦＯ株式会社","1379045554310","","","","","","","567-0805","大阪府茨木市橋の内二丁目7-10 406号","","","","","","","","","","","","","","","4120901041936","","","",""
"株式会社ＴＲＩＧＧＥＲ　ＦＯＲＣＥ","3945036502180","","","","","","","134-0087","東京都江戸川区清新町一丁目4-4","","","","","","","","","","","","","","","3010401119757","","","",""
"株式会社ＴＯＲＩＣＯ","4394786609086","","","","","","","102-0074","東京都千代田区九段南二丁目1-30 イタリア文化会館ビル9階","","","","","","","","","","","","","","","5011201010526","","","",""
"合資会社鳥志商店","3749055047565","","","","","","","839-1321","福岡県うきは市吉井町220-3","","","","","","","","","","","","","","","6290003003346","","","",""
"有限会社鳥竹","2095861158215","","","","","","","537-0024","大阪府大阪市東成区東小橋三丁目18-9 大阪鶴橋卸売市場内","","","","","","","","","","","","","","","3120002007094","","","",""
"有限会社トリニティー","4309722280003","","","","","","","646-0001","和歌山県田辺市上秋津2515-1","","","","","","","","","","","","","","","3170002009689","","","",""
"株式会社トリフ","8119714482690","","","","","","","812-0054","福岡県福岡市東区馬出二丁目1-7","","","","","","","","","","","","","","","5290001072682","","","",""
"株式会社トリプルダブル","6164118574870","","","","","","","160-0023","東京都新宿区西新宿六丁目12-1 西新宿パークウエストビル5階","","","","","","","","","","","","","","","1011101049718","","","",""
"有限会社トリプレッタ","3661126863414","","","","","","","158-0097","東京都世田谷区用賀四丁目31-18","","","","","","","","","","","","","","","9010902023163","","","",""
"株式会社トレスタイル","3608135581449","","","","","","","550-0013","大阪府大阪市西区新町二丁目17-9","","","","","","","","","","","","","","","7120001146113","","","",""
"株式会社トレゾアプラスカンパニー","3214212332167","","","","","","","525-0048","滋賀県草津市追分南四丁目2-3 かがやきテラス1E","","","","","","","","","","","","","","","5160001014986","","","",""
"株式会社トレンドアクア","6088423296532","","","","","","","107-0062","東京都港区南青山四丁目17-33 グランカーサ南青山2F","","","","","","","","","","","","","","","5010901029297","","","",""
"株式会社ＴｏｗａＳｔｅｌａ","8995705233687","","","","","","","160-0023","東京都新宿区西新宿八丁目17-1","","","","","","","","","","","","","","","8011101078371","","","",""
"株式会社ドアーズラボ","5904216735440","","","","","","","534-0014","大阪府大阪市都島区都島北通二丁目13-5","","","","","","","","","","","","","","","7120001248421","","","",""
"株式会社ＤＯＩ乳販","6915267150358","","","","","","","658-0012","兵庫県神戸市東灘区本庄町三丁目6-17","","","","","","","","","","","","","","","1140002025609","","","",""
"有限会社道央技研","9309754309549","","","","","","","353-0002","埼玉県志木市中宗岡三丁目22-5","","","","","","","","","","","","","","","2030002026591","","","",""
"株式会社道具や","3793270479800","","","","","","","803-0861","福岡県北九州市小倉北区篠崎三丁目8-5","","","","","","","","","","","","","","","2290801018433","","","",""
"有限会社道産ネット・ミツハシ","8378397583497","","","","","","","049-2301","北海道茅部郡森町字尾白内町301","","","","","","","","","","","","","","","8440002009434","","","",""
"合同会社どうぶつえん","8138113245073","","","","","","","152-0001","東京都目黒区中央町二丁目37-8 ロイドビル","","","","","","","","","","","","","","","2010403029625","","","",""
"株式会社ドゥモア","7959760676010","","","","","","","557-0021","大阪府大阪市西成区北開二丁目3-3","","","","","","","","","","","","","","","2120001224039","","","",""
"ドクターホワイト株式会社","9769644702255","","","","","","","814-0021","福岡県福岡市早良区荒江二丁目8-1","","","","","","","","","","","","","","","1290001097452","","","",""
"株式会社ドクターヨシキスキンケア","5617555425854","","","","","","","160-0022","東京都新宿区新宿一丁目11-13","","","","","","","","","","","","","","","1010902018690","","","",""
"有限会社ドグー","5649544856072","","","","","","","260-0805","千葉県千葉市中央区宮崎町445","","","","","","","","","","","","","","","4040002017786","","","",""
"株式会社ＤｏｇＹｅａｒＳｐｅｅｄ","5513431360979","","","","","","","487-0034","愛知県春日井市白山町一丁目61-6 第18オーシャンプラザ3B","","","","","","","","","","","","","","","1180001059075","","","",""
"有限会社ドッグファースト","2101139495855","","","","","","","157-0064","東京都世田谷区給田四丁目20-30","","","","","","","","","","","","","","","2012402015738","","","",""
"合同会社ＤＯＴｉｎｎｏｖａｔｉｏｎ","5142635500634","","","","","","","104-0061","東京都中央区銀座一丁目22-11 銀座大竹ビジデンス2F","","","","","","","","","","","","","","","1010003033821","","","",""
"株式会社Ｄｏｔ　Ｔｈｒｅｅ","3046980831421","","","","","","","285-0837","千葉県佐倉市王子台一丁目27-11","","","","","","","","","","","","","","","4011101098183","","","",""
"株式会社ドットミソ","4405190040075","","","","","","","151-0073","東京都渋谷区笹塚二丁目1-10 スカイプラザ笹塚308","","","","","","","","","","","","","","","4011001145614","","","",""
"有限会社ドマーニ","9667520837561","","","","","","","597-0053","大阪府貝塚市地藏堂330-4 西谷第三ビル3F","","","","","","","","","","","","","","","6120102022593","","","",""
"株式会社Ｄｏｒａｇｏ","4154447544347","","","","","","","780-0870","高知県高知市本町二丁目1-3","","","","","","","","","","","","","","","3490001007570","","","",""
"株式会社ドラゴンスレイヤー","8517123014230","","","","","","","419-0317","静岡県富士宮市内房3894-1","","","","","","","","","","","","","","","9080001018785","","","",""
"株式会社ドラゴンロード","2940587782151","","","","","","","173-0004","東京都板橋区板橋二丁目64-2","","","","","","","","","","","","","","","4011401012802","","","",""
"株式会社ドラフト","5218900649844","","","","","","","919-0815","福井県あわら市清王18-10","","","","","","","","","","","","","","","2210001009356","","","",""
"株式会社ドリス","1875120246091","","","","","","","803-0802","福岡県北九州市小倉北区東港一丁目1-5","","","","","","","","","","","","","","","9290801008980","","","",""
"有限会社ドリブルスポーツ","5361922073700","","","","","","","194-0212","東京都町田市小山町210","","","","","","","","","","","","","","","2012302003330","","","",""
"株式会社ＤＲＥＡＭ－ＳＭＡＲＴ","7151697687556","","","","","","","675-1112","兵庫県加古郡稲美町六分一1178-244 六分一事務所1階","","","","","","","","","","","","","","","5140001067747","","","",""
"有限会社ドリームチーム","3531685804119","","","","","","","227-0064","神奈川県横浜市青葉区田奈町43-3 2F","","","","","","","","","","","","","","","7020002065289","","","",""
"有限会社ドリームマーケット","2080864528945","","","","","","","493-0001","愛知県一宮市木曽川町黒田中野黒161","","","","","","","","","","","","","","","1180002080121","","","",""
"株式会社ドリームリアライズ","7535765595304","","","","","","","721-0971","広島県福山市蔵王町二丁目18-22","","","","","","","","","","","","","","","7240001051631","","","",""
"有限会社ドリンクス","7766117672803","","","","","","","983-0038","宮城県仙台市宮城野区新田四丁目36-13","","","","","","","","","","","","","","","3370002019346","","","",""
"株式会社ドルフィンインターナショナル","6575593010190","","","","","","","192-0914","東京都八王子市片倉町2236","","","","","","","","","","","","","","","9010101002786","","","",""
"株式会社ドレステーブル","7419912680989","","","","","","","104-0028","東京都中央区八重洲二丁目1-1 YANMARTOKYO7F","","","","","","","","","","","","","","","6010601033326","","","",""
"有限会社ドレッシー・ネット","9605261538975","","","","","","","107-0062","東京都港区南青山二丁目2-15 ウイン青山942","","","","","","","","","","","","","","","2010402025682","","","",""
"株式会社ドレンティ","3689654650141","","","","","","","107-0062","東京都港区南青山二丁目2-15 WinAoyamaビルUCF6階","","","","","","","","","","","","","","","3010401154531","","","",""
"合同会社どんタロ","2781701206397","","","","","","","883-0306","宮崎県東臼杵郡美郷町南郷神門925","","","","","","","","","","","","","","","5350003000973","","","",""
"ナイス株式会社","4099274892100","","","","","","","573-0164","大阪府枚方市長尾谷町一丁目72-1","","","","","","","","","","","","","","","5120001186243","","","",""
"株式会社ナイスキャッチ","5313263808698","","","","","","","541-0045","大阪府大阪市中央区道修町二丁目5-9 イトヨシビル502","","","","","","","","","","","","","","","4120001212413","","","",""
"株式会社ＮＡＩＰＯ　ＣＡＲＥ　ＪＡＰＡＮ","7511913463666","","","","","","","540-0031","大阪府大阪市中央区北浜東1-12 天満橋フジタビル801号","","","","","","","","","","","","","","","9120001217928","","","",""
"株式会社ナイルジャパン","6348241498902","","","","","","","101-0021","東京都千代田区外神田六丁目15-14 410","","","","","","","","","","","","","","","5010401098990","","","",""
"株式会社ナインアディクト","1432117434568","","","","","","","577-0012","大阪府東大阪市長田東二丁目1-13","","","","","","","","","","","","","","","3120001142256","","","",""
"株式会社ナインブロック","5595812400538","","","","","","","550-0004","大阪府大阪市西区靱本町一丁目9-18 布亀ビル6階","","","","","","","","","","","","","","","4120001171072","","","",""
"ＮＩＮＥＬａｂ株式会社","4819465937744","","","","","","","860-0072","熊本県熊本市西区花園三丁目10-3","","","","","","","","","","","","","","","8330001020543","","","",""
"株式会社ナオセル","8694099002259","","","","","","","101-0024","東京都千代田区神田和泉町1-7-14 和泉ビル401","","","","","","","","","","","","","","","7010601052770","","","",""
"株式会社ＮＡＫＡＧＡＭＩ","9488896866684","","","","","","","790-0011","愛媛県松山市千舟町四丁目5-4 松山千舟454ビル3階","","","","","","","","","","","","","","","7500001017317","","","",""
"株式会社中嶋ヒューマス","9271665412795","","","","","","","621-0814","京都府亀岡市三宅町二丁目3-6","","","","","","","","","","","","","","","6130001036173","","","",""
"株式会社中島みかん農園","5868457987791","","","","","","","791-4501","愛媛県松山市中島大浦1968-1","","","","","","","","","","","","","","","8500001022209","","","",""
"中日本ハイウェイ・アドバンス株式会社","4784047898501","","","","","","","222-0033","神奈川県横浜市港北区新横浜二丁目5-5 住友不動産新横浜ビル12階","","","","","","","","","","","","","","","6010401098998","","","",""
"有限会社ナカノ","1251671198594","","","","","","","919-0475","福井県坂井市春江町東太郎丸21-22","","","","","","","","","","","","","","","6210002002587","","","",""
"有限会社中野製作所","6859739880121","","","","","","","125-0002","東京都葛飾区西亀有四丁目3-7","","","","","","","","","","","","","","","1011802005779","","","",""
"合同会社中野フジヤマ堂","2809272979174","","","","","","","413-0102","静岡県熱海市下多賀329-9","","","","","","","","","","","","","","","8011203001693","","","",""
"株式会社ナカノモードエンタープライズ","5349741047211","","","","","","","533-0014","大阪府大阪市東淀川区豊新四丁目1-29","","","","","","","","","","","","","","","4120002050754","","","",""
"株式会社ＮＡＫＡＭＡ‐Ｌａｂ","1049258057239","","","","","","","153-0051","東京都目黒区上目黒二丁目45-12 NAKAMEGALLERYSTREETJ1","","","","","","","","","","","","","","","6010401142896","","","",""
"有限会社ナカムラスポーツ","3320783663062","","","","","","","595-0021","大阪府泉大津市東豊中町一丁目10-11","","","","","","","","","","","","","","","7120102025959","","","",""
"なかやま株式会社","1083730348281","","","","","","","064-0804","北海道札幌市中央区南四条西十四丁目1-32 パームビル5F","","","","","","","","","","","","","","","8430001012241","","","",""
"株式会社ＮＡＧＡ","8717653570367","","","","","","","419-0317","静岡県富士宮市内房3894-1","","","","","","","","","","","","","","","9080101022101","","","",""
"株式会社長崎屋","7105067631365","","","","","","","730-0035","広島県広島市中区本通6-8","","","","","","","","","","","","","","","6240001007832","","","",""
"株式会社ながらｎｅｔ","1845570570317","","","","","","","501-4607","岐阜県郡上市大和町徳永147-4","","","","","","","","","","","","","","","6200001031919","","","",""
"ナゴヤンズパフェ株式会社","5711197429735","","","","","","","460-0002","愛知県名古屋市中区丸の内三丁目9-14","","","","","","","","","","","","","","","3180001065088","","","",""
"株式会社ナシカ","9715918191179","","","","","","","248-0013","神奈川県鎌倉市材木座三丁目16-31-2","","","","","","","","","","","","","","","7012401024520","","","",""
"株式会社ナースステージ","7705989803443","","","","","","","550-0014","大阪府大阪市西区北堀江一丁目1-18 四ツ橋イーストビル8階","","","","","","","","","","","","","","","5120001179222","","","",""
"株式会社ＮＡＺ","3434506715812","","","","","","","541-0052","大阪府大阪市中央区安土町一丁目8-15 野村不動産大阪ビル1F","","","","","","","","","","","","","","","6120001230033","","","",""
"ナーズヴィーノ合同会社","1864494194374","","","","","","","255-0005","神奈川県中郡大磯町西小磯807","","","","","","","","","","","","","","","5021003003586","","","",""
"株式会社ナチュラ","5323910916365","","","","","","","107-0061","東京都港区北青山一丁目4-1","","","","","","","","","","","","","","","4010401094132","","","",""
"株式会社ナチュラム","2732512472278","","","","","","","540-0011","大阪府大阪市中央区農人橋一丁目1-22 大江ビル10階","","","","","","","","","","","","","","","2120001094721","","","",""
"有限会社ナチュラルウェーブ","8655128679131","","","","","","","520-0242","滋賀県大津市本堅田五丁目12-1","","","","","","","","","","","","","","","8160002001361","","","",""
"ナチュラルグランド株式会社","8452457994485","","","","","","","160-0022","東京都新宿区新宿五丁目18-20","","","","","","","","","","","","","","","2011101078674","","","",""
"ナチュラルレインボー株式会社","4340483440737","","","","","","","340-0024","埼玉県草加市谷塚上町595-12","","","","","","","","","","","","","","","2030001109083","","","",""
"ナチュラン株式会社","6239918737774","","","","","","","107-0062","東京都港区南青山二丁目2-15","","","","","","","","","","","","","","","3010401079919","","","",""
"株式会社ナチュールアロマテラピー","6708473640249","","","","","","","150-0021","東京都渋谷区恵比寿西一丁目35-2","","","","","","","","","","","","","","","8010401079567","","","",""
"株式会社ナチュレジャパン","1743381867781","","","","","","","150-0002","東京都渋谷区渋谷三丁目1-1 PMO渋谷","","","","","","","","","","","","","","","6010901042745","","","",""
"株式会社夏花屋","8632918884964","","","","","","","202-0014","東京都西東京市富士町五丁目7-13","","","","","","","","","","","","","","","9010401160763","","","",""
"株式会社ナックスタイル","3271363733395","","","","","","","160-0023","東京都新宿区西新宿七丁目5-6","","","","","","","","","","","","","","","9010001163844","","","",""
"株式会社ＮＡＣＫ５プロジェクト","1490951593483","","","","","","","330-0853","埼玉県さいたま市大宮区錦町682-2 JACK大宮","","","","","","","","","","","","","","","7030001015756","","","",""
"有限会社ナッツベリープランニング","5592285166359","","","","","","","566-0011","大阪府摂津市千里丘東二丁目9-34","","","","","","","","","","","","","","","7120902008964","","","",""
"ナッツミー株式会社","8977062179286","","","","","","","340-0026","埼玉県草加市両新田東町94-3","","","","","","","","","","","","","","","4030001140227","","","",""
"合同会社なでしこスタイル","8186328324317","","","","","","","025-0064","岩手県花巻市桜台二丁目10-18","","","","","","","","","","","","","","","2400003001440","","","",""
"株式会社ｎａｎａｉｒｏ","2823058452007","","","","","","","661-0033","兵庫県尼崎市南武庫之荘七丁目2-14","","","","","","","","","","","","","","","5140001100895","","","",""
"株式会社ナナコ","1938963891997","","","","","","","955-0091","新潟県三条市上須頃350","","","","","","","","","","","","","","","8110001016943","","","",""
"株式会社ｎａｎａｐｌｅ","3188390749609","","","","","","","591-8025","大阪府堺市北区長曽根町3073-19","","","","","","","","","","","","","","","2120101024025","","","",""
"株式会社なにわや","1192779953762","","","","","","","801-0873","福岡県北九州市門司区東門司一丁目11-1","","","","","","","","","","","","","","","7290801020640","","","",""
"株式会社Ｎａｎｕｍ＆Ｄｅｓｉｇｎ","9243703931297","","","","","","","162-0801","東京都新宿区山吹町35222 グローサユウ新宿3F","","","","","","","","","","","","","","","4011101080298","","","",""
"株式会社ナビバード","4712431934605","","","","","","","541-0058","大阪府大阪市中央区南久宝寺町二丁目1-6 新和興産堺筋本町ビル3F","","","","","","","","","","","","","","","3120001109164","","","",""
"株式会社浪花屋商店","7687411782243","","","","","","","289-2136","千葉県匝瑳市時曽根265-1","","","","","","","","","","","","","","","8040001079634","","","",""
"奈良みらいデザイン株式会社","9184943943418","","","","","","","630-8115","奈良県奈良市大宮町四丁目297-2","","","","","","","","","","","","","","","9150001024529","","","",""
"株式会社Ｎａｌｕ　Ｇａｒｄｅｎ　Ｆａｒｍ","2477809732908","","","","","","","536-0007","大阪府大阪市城東区成育四丁目12-15 1階","","","","","","","","","","","","","","","7120001193147","","","",""
"株式会社ナールクリエイト","7015442320642","","","","","","","530-0043","大阪府大阪市北区天満二丁目7-6 天満橋双葉プラザ302号","","","","","","","","","","","","","","","8120001214843","","","",""
"株式会社Ｎｕｍｂｅｒ５１","8961352598475","","","","","","","107-0052","東京都港区赤坂九丁目6-28 アルベルゴ乃木坂7F","","","","","","","","","","","","","","","1010401135070","","","",""
"株式会社新潟味のれん本舗","4498554387869","","","","","","","940-1164","新潟県長岡市南陽一丁目1027-4","","","","","","","","","","","","","","","5110001023769","","","",""
"ＮＩＫＯ株式会社","5078933909446","","","","","","","332-0012","埼玉県川口市本町四丁目1-24","","","","","","","","","","","","","","","7010601049049","","","",""
"株式会社ニコラ","7912357456123","","","","","","","629-2261","京都府与謝郡与謝野町字男山479-2","","","","","","","","","","","","","","","4140001093851","","","",""
"株式会社ニコライズ","6722065081883","","","","","","","321-0111","栃木県宇都宮市川田町811-1 リベルテ203号","","","","","","","","","","","","","","","5060001027651","","","",""
"株式会社ニコリオ","3362165309651","","","","","","","154-0004","東京都世田谷区太子堂四丁目1-1 キャロットタワー17階","","","","","","","","","","","","","","","3013201010524","","","",""
"株式会社錦堂","5193271633210","","","","","","","110-0016","東京都台東区台東四丁目17-1 偕楽ビル新台東401","","","","","","","","","","","","","","","3010501010361","","","",""
"株式会社ニタス","4378542827611","","","","","","","460-0008","愛知県名古屋市中区栄五丁目19-31","","","","","","","","","","","","","","","1180001144744","","","",""
"株式会社Ｎｉｃｈｉｄｏ　Ｌｏｇｉｓｔｉｃｓ","6728541038991","","","","","","","684-0046","鳥取県境港市竹内団地255-3 夢みなとタワー2F","","","","","","","","","","","","","","","2270001004681","","","",""
"株式会社日貿出版社","9419501193510","","","","","","","113-0033","東京都文京区本郷五丁目2-2","","","","","","","","","","","","","","","2010001025571","","","",""
"合同会社日間賀島ともよし","3482167227264","","","","","","","470-3504","愛知県知多郡南知多町大字日間賀島新井浜1","","","","","","","","","","","","","","","3180003014324","","","",""
"株式会社日産グループサービス","8646571008790","","","","","","","104-0061","東京都中央区銀座七丁目17-2 アーク銀座ビルディング3階","","","","","","","","","","","","","","","3010001088980","","","",""
"株式会社日新","5445026231955","","","","","","","462-0059","愛知県名古屋市北区駒止町一丁目102-1","","","","","","","","","","","","","","","4180001013087","","","",""
"株式会社日新インターナショナル","5857323250596","","","","","","","824-0018","福岡県行橋市大字今井3619","","","","","","","","","","","","","","","2290801021437","","","",""
"にっしんれん事業所株式会社","4115715228865","","","","","","","151-0053","東京都渋谷区代々木五丁目57-6","","","","","","","","","","","","","","","5011001067031","","","",""
"株式会社ニッセン","1171460466226","","","","","","","601-8412","京都府京都市南区西九条院町26","","","","","","","","","","","","","","","8130001029266","","","",""
"株式会社ニッチ","8985149708925","","","","","","","169-0051","東京都新宿区西早稲田三丁目27-24","","","","","","","","","","","","","","","7011201023229","","","",""
"株式会社日中オンライン","3727913671321","","","","","","","332-0031","埼玉県川口市青木二丁目9-6 ウィスタリア青木101号室","","","","","","","","","","","","","","","8030001082424","","","",""
"合同会社ニッチライジング","8783358260737","","","","","","","708-0883","岡山県津山市一方146","","","","","","","","","","","","","","","1260003002264","","","",""
"日通貿易株式会社","8733593603710","","","","","","","105-0004","東京都港区新橋三丁目4-10","","","","","","","","","","","","","","","6011501020439","","","",""
"日鉄物産エイジェンシイ株式会社","2153159829963","","","","","","","103-0027","東京都中央区日本橋二丁目7-1 東京日本橋タワー23階","","","","","","","","","","","","","","","6120001075610","","","",""
"日テレ・ライフマーケティング株式会社","8887833919000","","","","","","","105-0021","東京都港区東新橋一丁目6-1","","","","","","","","","","","","","","","1010401133033","","","",""
"ＮＩＴＴＯ株式会社","7811091587134","","","","","","","131-0032","東京都墨田区東向島六丁目58-3 3階","","","","","","","","","","","","","","","5010401118229","","","",""
"株式会社日東海苔店","8217615919647","","","","","","","146-0082","東京都大田区池上二丁目20-14","","","","","","","","","","","","","","","2010801009146","","","",""
"日販アイ・ピー・エス株式会社","6870357508501","","","","","","","113-0034","東京都文京区湯島一丁目3-4","","","","","","","","","","","","","","","3010001033771","","","",""
"日本ルクシード株式会社","8910133780235","","","","","","","065-0010","北海道札幌市東区北十条東一丁目1-13 ノースマンション北10条1F","","","","","","","","","","","","","","","6430003004370","","","",""
"日本アパレルモード株式会社","7586218272897","","","","","","","326-0823","栃木県足利市朝倉町三丁目8-5","","","","","","","","","","","","","","","1060001019818","","","",""
"日本エアコンシステム有限会社","9339659565883","","","","","","","300-4224","茨城県つくば市小和田569","","","","","","","","","","","","","","","4050002023610","","","",""
"日本カタログシヨツピング株式会社","9928961184352","","","","","","","151-0062","東京都渋谷区元代々木町14-3 創芸ビル","","","","","","","","","","","","","","","8011001017611","","","",""
"株式会社日本環境テクノ","3620335123098","","","","","","","840-0214","佐賀県佐賀市大和町大字川上2840-3","","","","","","","","","","","","","","","4300001003595","","","",""
"株式会社日本元気化計画","7797170583270","","","","","","","162-0805","東京都新宿区矢来町88","","","","","","","","","","","","","","","4021001029279","","","",""
"日本タイガー電器株式会社","5872996067655","","","","","","","569-0051","大阪府高槻市八幡町7-33","","","","","","","","","","","","","","","5120901011731","","","",""
"株式会社日本中央貿易","4086213550250","","","","","","","121-0836","東京都足立区入谷二丁目12-5 102","","","","","","","","","","","","","","","4010601034581","","","",""
"日本直販株式会社","3655986883888","","","","","","","105-0001","東京都港区虎ノ門三丁目20-5 伊藤佑ビル虎ノ門3F","","","","","","","","","","","","","","","1120001247115","","","",""
"日本テレフォンショッピング株式会社","9324198491953","","","","","","","160-0022","東京都新宿区新宿一丁目27-2 ルミエール御苑3F","","","","","","","","","","","","","","","4011101016640","","","",""
"日本トレイドアーチ株式会社","3633959894299","","","","","","","110-0015","東京都台東区東上野一丁目6-8 2階","","","","","","","","","","","","","","","5011801033950","","","",""
"株式会社日本トレカセンター","7592521635846","","","","","","","170-0013","東京都豊島区東池袋一丁目12-13 8F","","","","","","","","","","","","","","","2013301050644","","","",""
"株式会社日本ブイ・シー・エス","5329266139527","","","","","","","816-0931","福岡県大野城市筒井一丁目7-17 ファミリーコーポ田中102号","","","","","","","","","","","","","","","6290001001871","","","",""
"日本物産株式会社","1700285709569","","","","","","","103-0007","東京都中央区日本橋浜町二丁目19-9 VCTビル2F","","","","","","","","","","","","","","","1010901035415","","","",""
"株式会社日本文化センター","1186536767633","","","","","","","169-0075","東京都新宿区高田馬場一丁目4-15 8F","","","","","","","","","","","","","","","8011101016694","","","",""
"株式会社日本宝石センター","8343438452652","","","","","","","177-0045","東京都練馬区石神井台五丁目26-13 フローレンス石神井台4F","","","","","","","","","","","","","","","6011601013103","","","",""
"株式会社日本薬店","3884007658661","","","","","","","550-0012","大阪府大阪市西区立売堀五丁目3-18","","","","","","","","","","","","","","","6120001115820","","","",""
"日本ラックシステム株式会社","8971101055035","","","","","","","577-0056","大阪府東大阪市長堂一丁目3-14 トクヤスビル","","","","","","","","","","","","","","","7122001025346","","","",""
"ニューアイドル株式会社","2349011147497","","","","","","","247-0065","神奈川県鎌倉市上町屋558 ダイヤハイツ鎌倉1号館113号室","","","","","","","","","","","","","","","9021001009441","","","",""
"株式会社Ｎｅｗｅｌｓｅ","7870860071186","","","","","","","155-0031","東京都世田谷区北沢二丁目39-14 ルックアップマンション501","","","","","","","","","","","","","","","4011001099637","","","",""
"株式会社ニユーカサハラ","6037677052592","","","","","","","180-0004","東京都武蔵野市吉祥寺本町一丁目4-18 ジョージフォーラムビル8階","","","","","","","","","","","","","","","2012401011655","","","",""
"株式会社ニュークリエーション","3243186877211","","","","","","","273-0027","千葉県船橋市海神町西一丁目1209-1 ドミトリー西船205号","","","","","","","","","","","","","","","8040001034382","","","",""
"株式会社ニューコンセプション","1156078201407","","","","","","","557-0022","大阪府大阪市西成区中開一丁目2-11","","","","","","","","","","","","","","","8120001178097","","","",""
"ニューステージ株式会社","3000792107812","","","","","","","165-0025","東京都中野区沼袋二丁目20-8 マンション沼袋105号室","","","","","","","","","","","","","","","4011201011657","","","",""
"株式会社ＮＥＷ　ＳＴＯＲＹ","3958335631764","","","","","","","112-0002","東京都文京区小石川五丁目20-4 601","","","","","","","","","","","","","","","7010001228608","","","",""
"株式会社ニューバランス","8262556510058","","","","","","","814-0113","福岡県福岡市城南区田島四丁目7-30","","","","","","","","","","","","","","","6290001043864","","","",""
"株式会社ＮｅｗＰｌａｃｅ","8229558648809","","","","","","","194-0013","東京都町田市原町田四丁目15-4 KSビル4階","","","","","","","","","","","","","","","8011801037395","","","",""
"株式会社ＮＥＷ　ＬＩＦＥ","6789343110124","","","","","","","144-0052","東京都大田区蒲田一丁目2-19","","","","","","","","","","","","","","","1010801032594","","","",""
"ｎｕｌｏ株式会社","9031750557488","","","","","","","530-0001","大阪府大阪市北区梅田三丁目3-45 マルイト西梅田ビル3階","","","","","","","","","","","","","","","5120001190229","","","",""
"株式会社ニルヴァーナストーン","5992903230427","","","","","","","110-0005","東京都台東区上野五丁目23-8 キューアス御徒町ビル1F、2F","","","","","","","","","","","","","","","7010501035727","","","",""
"株式会社ＮＩＷＡ","7995356626573","","","","","","","150-0002","東京都渋谷区渋谷二丁目19-15 宮益坂ビルディング609","","","","","","","","","","","","","","","9011001135602","","","",""
"有限会社人形のひなせい","8924712470457","","","","","","","426-0023","静岡県藤枝市茶町三丁目2-51","","","","","","","","","","","","","","","6080002017847","","","",""
"株式会社布","8353083812109","","","","","","","106-0032","東京都港区六本木五丁目17-1","","","","","","","","","","","","","","","7010401023419","","","",""
"株式会社ネイチャーオブシングス","5718378740528","","","","","","","150-0013","東京都渋谷区恵比寿四丁目20-3 恵比寿ガーデンプレイスタワー18F","","","","","","","","","","","","","","","5011001138988","","","",""
"株式会社ネイチャー生活倶楽部","4883122567506","","","","","","","862-0954","熊本県熊本市中央区神水二丁目7-10","","","","","","","","","","","","","","","3330001009673","","","",""
"ネイチャーダイン株式会社","6627256359106","","","","","","","112-0014","東京都文京区関口一丁目38-2 エクセル早稲田1F","","","","","","","","","","","","","","","2010001174427","","","",""
"株式会社ネオカデン甲子園","6330797614316","","","","","","","663-8113","兵庫県西宮市甲子園口二丁目5-22","","","","","","","","","","","","","","","4140001068878","","","",""
"ネオ・クリエート株式会社","3956179637420","","","","","","","913-0024","福井県坂井市三国町池見101-2","","","","","","","","","","","","","","","8210001010399","","","",""
"株式会社ネオゲート","8673299602522","","","","","","","162-0825","東京都新宿区神楽坂五丁目1-2 神楽坂TNヒルズ4F","","","","","","","","","","","","","","","3011101060086","","","",""
"Ｎｅｏ　Ｃｈａｉｒ　Ｊａｐａｎ株式会社","7712075344018","","","","","","","101-0025","東京都千代田区神田佐久間町二丁目18 秋葉原STNフロント11階B","","","","","","","","","","","","","","","1011101073206","","","",""
"株式会社ネオックスワン","4455334241700","","","","","","","900-0014","沖縄県那覇市松尾一丁目19-27 ミルコ那覇ビル6F","","","","","","","","","","","","","","","6360001020583","","","",""
"株式会社ネオバリュー","8845981867454","","","","","","","354-0011","埼玉県富士見市大字水子4933-9","","","","","","","","","","","","","","","5011001117884","","","",""
"株式会社ＮＥＸＵＳ","2124084783273","","","","","","","812-0016","福岡県福岡市博多区博多駅南三丁目16-13 1F","","","","","","","","","","","","","","","5290001068375","","","",""
"株式会社ＮＥＸＵＳ　ＩＮＦＩＮＩＴＹ","1910615191797","","","","","","","542-0086","大阪府大阪市中央区西心斎橋一丁目8-10 アメリカンスクエアビル5F","","","","","","","","","","","","","","","8120001188682","","","",""
"株式会社ネクサライズ","3570539514439","","","","","","","700-0927","岡山県岡山市北区西古松二丁目26-16 上杉第7ビル西古松2051号室","","","","","","","","","","","","","","","6260001027969","","","",""
"株式会社ＮＥＸＡＲＹ","5832188355112","","","","","","","650-0032","兵庫県神戸市中央区伊藤町110-2","","","","","","","","","","","","","","","7120001193667","","","",""
"株式会社ネクスティ","9211872682222","","","","","","","670-0012","兵庫県姫路市本町68","","","","","","","","","","","","","","","4140001086764","","","",""
"ネクステージグループホールディングス株式会社","9956283120741","","","","","","","169-0075","東京都新宿区高田馬場二丁目16-11 高田馬場216ビル7階","","","","","","","","","","","","","","","8011101042732","","","",""
"株式会社ＮＥＸＴＥＱ","3959638729037","","","","","","","150-0011","東京都渋谷区東一丁目25-2","","","","","","","","","","","","","","","9011001095813","","","",""
"株式会社ネクストイノベーション","7497508557274","","","","","","","306-0433","茨城県猿島郡境町217-1","","","","","","","","","","","","","","","6050001039011","","","",""
"株式会社ネクストイノベーショングループ","4911502278708","","","","","","","771-0134","徳島県徳島市川内町平石住吉318-1","","","","","","","","","","","","","","","4480001009732","","","",""
"株式会社ＮＥＸＴ８１","6953671674389","2","2","2025/07/14","0","","https://next81.jp/","102-0083","東京都千代田区麴町四丁目7-5 麹町ロイヤルビル3F","","","","卸売、小売","EC、通信販売","","","5 ～ 10","","50 ～ 100","2025/01","","2020/08","非公開","8010001211884","海外進出,越境EC,日本文化,日本製品","","GMOグローバルサイン,Google Cloud Storage,Google Fonts,Google アナリティクス,Microsoft365,STUDIO,STUDIO PV数計測,imgix,お名前.com レンタルサーバー,お名前メール",""
"ネクストオーダー株式会社","5107690352504","","","","","","","010-0201","秋田県潟上市天王塩口98-1","","","","","","","","","","","","","","","4410001010663","","","",""
"ネクストグロー株式会社","9389007011891","","","","","","","348-0052","埼玉県羽生市東六丁目6-8","","","","","","","","","","","","","","","7030001111638","","","",""
"株式会社ネクストステージ","4065892419063","","","","","","","815-0081","福岡県福岡市南区那の川一丁目6-14","","","","","","","","","","","","","","","1290001030446","","","",""
"株式会社ネクストスリー","1600292237266","","","","","","","617-0002","京都府向日市寺戸町八反田15-4 601","","","","","","","","","","","","","","","1130001050658","","","",""
"株式会社Ｎｅｘｔ　Ｃｈａｌｌｅｎｇｅ","3679954737713","","","","","","","323-0829","栃木県小山市東城南五丁目16-19","","","","","","","","","","","","","","","4060001028056","","","",""
"株式会社ネクストドリーム","4101330574626","","","","","","","104-0054","東京都中央区勝どき四丁目6-2 3523号","","","","","","","","","","","","","","","4011801031427","","","",""
"株式会社ネクストフードアール","2621343788461","","","","","","","515-2502","三重県津市一志町其村688","","","","","","","","","","","","","","","4190001021989","","","",""
"株式会社ネクストモーニング","2582120692562","","","","","","","079-8431","北海道旭川市永山町二丁目120-31","","","","","","","","","","","","","","","4450001006204","","","",""
"株式会社ネクストライ","3962760116987","","","","","","","284-0001","千葉県四街道市大日12-16","","","","","","","","","","","","","","","1040001073528","","","",""
"株式会社ＮＥＸＴ　ＬＥＶＥＬ","5908171497118","","","","","","","106-0031","東京都港区西麻布一丁目15-16","","","","","","","","","","","","","","","5330001018375","","","",""
"株式会社ＮＥＸＴ　ＯＮＥ","8110798109201","","","","","","","260-0015","千葉県千葉市中央区富士見二丁目7-5 富士見ハイネスビル8F","","","","","","","","","","","","","","","7040001088702","","","",""
"ネクスピュア株式会社","1122337560219","","","","","","","106-0032","東京都港区六本木六丁目10-1 六本木ヒルズ森タワー16F","","","","","","","","","","","","","","","4010401173480","","","",""
"株式会社ＮＥＸＬＩＮＥ","7707956299374","","","","","","","950-2001","新潟県新潟市西区浦山二丁目1-5 日星ビル1F","","","","","","","","","","","","","","","8110001035043","","","",""
"猫株式会社","5998748519159","","","","","","","400-0423","山梨県南アルプス市落合1677-21","","","","","","","","","","","","","","","3090001014368","","","",""
"ねこのかぎしっぽ株式会社","6759751991207","","","","","","","107-0052","東京都港区赤坂七丁目6-56 エクセル赤坂201","","","","","","","","","","","","","","","3010401137040","","","",""
"株式会社ネーゼコーポレーション","9052385577922","","","","","","","106-0032","東京都港区六本木六丁目15-1 六本木ヒルズ","","","","","","","","","","","","","","","5010401051149","","","",""
"株式会社ネットアベニュー","4904758340222","","","","","","","814-0174","福岡県福岡市早良区田隈三丁目42-10","","","","","","","","","","","","","","","1290001073197","","","",""
"ネットオフ株式会社","4358752136250","","","","","","","474-0053","愛知県大府市柊山町三丁目33","","","","","","","","","","","","","","","7180001143732","","","",""
"ネットコマース株式会社","2742830967114","","","","","","","501-6025","岐阜県各務原市川島河田町1441-3","","","","","","","","","","","","","","","2200001031633","","","",""
"ネットショップパートナーズ株式会社","5395475672236","","","","","","","107-0061","東京都港区北青山二丁目7-13 プラセオ青山ビル3F","","","","","","","","","","","","","","","5010401155057","","","",""
"ネットドリーム株式会社","2887653934635","","","","","","","542-0081","大阪府大阪市中央区南船場二丁目7-11 心斎橋EPビル6階","","","","","","","","","","","","","","","3120001122539","","","",""
"株式会社ネットプライス","8809079873802","","","","","","","105-0004","東京都港区新橋二丁目16-1 7F","","","","","","","","","","","","","","","3010701020607","","","",""
"有限会社ネットワーク","6471199560956","","","","","","","410-0011","静岡県沼津市岡宮782-19","","","","","","","","","","","","","","","6080102006444","","","",""
"株式会社ネットワールド","3166440085196","","","","","","","870-0030","大分県大分市大字三芳878-50","","","","","","","","","","","","","","","1320001005023","","","",""
"株式会社ネッピング","7698106123154","","","","","","","221-0863","神奈川県横浜市神奈川区羽沢町947-14-4 104","","","","","","","","","","","","","","","7020001058269","","","",""
"株式会社ネバーセイネバー","2966674107719","","","","","","","104-0033","東京都中央区新川二丁目32-4","","","","","","","","","","","","","","","6010001101641","","","",""
"ＮＡＭＥＳ　ＬＡＢＯ株式会社","3316686316988","","","","","","","868-0083","熊本県人吉市下林町1954-2","","","","","","","","","","","","","","","2330001020367","","","",""
"株式会社ＮｅｙｏＷｅｌｌ","3210058818559","","","","","","","735-0009","広島県安芸郡府中町城ヶ丘21-16","","","","","","","","","","","","","","","1240001048162","","","",""
"株式会社Ｎｏａｈ","2981059880027","","","","","","","790-0821","愛媛県松山市木屋町三丁目10-13 フジファニチャビル1F","","","","","","","","","","","","","","","8500001018033","","","",""
"合同会社農業生産マティダファーム","7941942121720","","","","","","","906-0203","沖縄県宮古島市上野宮国1348-1","","","","","","","","","","","","","","","3360003005379","","","",""
"株式会社ノーエンジンデン","9821817133798","","","","","","","729-6711","広島県世羅郡世羅町大字黒川2083-1","","","","","","","","","","","","","","","5240001041799","","","",""
"株式会社ノースアーク","5180195007155","","","","","","","102-0074","東京都千代田区九段南三丁目2-2 九段宝生ビル4F","","","","","","","","","","","","","","","2021001058577","","","",""
"株式会社ノースカンパニー","5097441315062","","","","","","","002-8091","北海道札幌市北区南あいの里五丁目1-8","","","","","","","","","","","","","","","1430001032543","","","",""
"ＮＯＲＴＨ　ＴＥＳＬＡ合同会社","1618584111812","","","","","","","064-0808","北海道札幌市中央区南八条西四丁目422-41","","","","","","","","","","","","","","","2430003007352","","","",""
"株式会社Ｎｏｒｔｈ　Ｎｅｖｅｒ　Ｌａｎｄ","5513162249583","","","","","","","065-0031","北海道札幌市東区北三十一条東一丁目7-27","","","","","","","","","","","","","","","4430001070516","","","",""
"有限会社ノースフィールド","6910470129093","","","","","","","713-8103","岡山県倉敷市玉島乙島5440","","","","","","","","","","","","","","","9260002020367","","","",""
"株式会社ノースプラント","1766124611823","","","","","","","069-0373","北海道岩見沢市幌向南三条四丁目289-6","","","","","","","","","","","","","","","2430001082182","","","",""
"有限会社野田岩フーズ","9988936376075","","","","","","","106-0044","東京都港区東麻布二丁目6-6 101号","","","","","","","","","","","","","","","6010402035620","","","",""
"有限会社野田屋","7722405206051","","","","","","","399-0712","長野県塩尻市大字塩尻町260","","","","","","","","","","","","","","","8100002025176","","","",""
"ＮＯＫＫＩ株式会社","7040178506020","","","","","","","910-0121","福井県福井市定正町102","","","","","","","","","","","","","","","3210001014958","","","",""
"株式会社野付","5536785946715","","","","","","","169-0075","東京都新宿区高田馬場一丁目26-12 高田馬場ビル503","","","","","","","","","","","","","","","3013301042145","","","",""
"株式会社Ｋｎｏｔ","5584929538105","","","","","","","150-0022","東京都渋谷区恵比寿南三丁目7-5","","","","","","","","","","","","","","","2011001138495","","","",""
"株式会社ＮＯｎａｍｅ","6586919758970","","","","","","","650-0012","兵庫県神戸市中央区北長狭通三丁目11-8","","","","","","","","","","","","","","","1140001116045","","","",""
"株式会社ｎｏｂｏｄｙ","8795366315359","","","","","","","605-0817","京都府京都市東山区弓矢町66","","","","","","","","","","","","","","","7012401038330","","","",""
"株式会社ノベルティコレクション","7136097571063","","","","","","","130-0014","東京都墨田区亀沢一丁目4-17 東洋ビル","","","","","","","","","","","","","","","5011101076634","","","",""
"株式会社ＮＯＶＥＬ　ＲＥＰＵＢＬＩＣ","5318103220256","","","","","","","160-0023","東京都新宿区西新宿五丁目5-1 ザ・パークハウス西新宿タワー60、915号室","","","","","","","","","","","","","","","3011101098341","","","",""
"株式会社農梦","9043320810730","","","","","","","949-8617","新潟県十日町市中条己1019","","","","","","","","","","","","","","","8110001032115","","","",""
"ノリット・ジャポン株式会社","2622761535986","","","","","","","010-0921","秋田県秋田市大町三丁目5-8 ウィング・グラン4F","","","","","","","","","","","","","","","7410001004472","","","",""
"ｎｏｌｌｅｔｔ株式会社","7214791160298","","","","","","","231-0062","神奈川県横浜市中区桜木町一丁目101-1 クロスゲート7階","","","","","","","","","","","","","","","6020001140804","","","",""
"株式会社ＮＯＲＤＡ","4393204666032","","","","","","","150-0002","東京都渋谷区渋谷三丁目5-16 渋谷三丁目スクエアビル2F","","","","","","","","","","","","","","","6011001132379","","","",""
"株式会社ノンフラッグ","8652074577434","","","","","","","250-0012","神奈川県小田原市本町二丁目11-16","","","","","","","","","","","","","","","7021001072227","","","",""
"株式会社はあとけあ","1831097512646","","","","","","","326-0822","栃木県足利市田中町907-1","","","","","","","","","","","","","","","3060001026267","","","",""
"はぁとマンリブ株式会社","2185670115501","","","","","","","819-0054","福岡県福岡市西区上山門二丁目28-40","","","","","","","","","","","","","","","8340001018784","","","",""
"株式会社Ｈｉｏｌｓ","2990397208574","","","","","","","471-0006","愛知県豊田市市木町五丁目6-6","","","","","","","","","","","","","","","6180301020657","","","",""
"株式会社ハイスタート","4668845683896","","","","","","","577-0013","大阪府東大阪市長田中二丁目3-19","","","","","","","","","","","","","","","2120101027622","","","",""
"ハイスタンダード株式会社","2402923879238","","","","","","","289-0311","千葉県香取市八日市場941-1","","","","","","","","","","","","","","","7040001064562","","","",""
"ハイテクサービス株式会社","8070687776674","","","","","","","112-0002","東京都文京区小石川五丁目6-9 ハイテクサービス本社ビル","","","","","","","","","","","","","","","1010001006325","","","",""
"有限会社ハイ・トゥール","7350696626601","","","","","","","242-0023","神奈川県大和市渋谷三丁目9-6","","","","","","","","","","","","","","","4021002042009","","","",""
"ハイパーコンチェルト株式会社","9575744807394","","","","","","","160-0004","東京都新宿区四谷二丁目9 APS記念ビル2階","","","","","","","","","","","","","","","1130001049394","","","",""
"株式会社ＨＹＢＲＩＤＳＴＹＬＥ","3379989759132","","","","","","","577-0809","大阪府東大阪市永和二丁目2-8","","","","","","","","","","","","","","","7120001141320","","","",""
"有限会社ハイブリッドワークス","4380885330805","","","","","","","158-0082","東京都世田谷区等々力六丁目5-4","","","","","","","","","","","","","","","3010402029303","","","",""
"株式会社ＨＵＩＳ","8655526060049","","","","","","","432-8005","静岡県浜松市中央区神ケ谷町1182-2","","","","","","","","","","","","","","","8080401025226","","","",""
"株式会社ハウスコンパス","2900008577297","","","","","","","247-0063","神奈川県鎌倉市梶原二丁目2-16","","","","","","","","","","","","","","","7010401071054","","","",""
"株式会社ハウズ","5713436367283","","","","","","","812-0007","福岡県福岡市博多区東比恵三丁目3-1","","","","","","","","","","","","","","","1290001035230","","","",""
"株式会社ハウズスタイル","7346330004318","","","","","","","565-0851","大阪府吹田市千里山西四丁目39 F301","","","","","","","","","","","","","","","2120901018969","","","",""
"株式会社ハウツー","6688219502926","","","","","","","818-0125","福岡県太宰府市五条五丁目10-20","","","","","","","","","","","","","","","1290001056656","","","",""
"有限会社羽賀總業","1144403056397","","","","","","","501-0512","岐阜県揖斐郡大野町大字上秋1053-3","","","","","","","","","","","","","","","4200002015658","","","",""
"合同会社萩焼屋","7808084464183","","","","","","","759-0207","山口県宇部市大字際波西際波台1-5-8","","","","","","","","","","","","","","","8250003001293","","","",""
"萩原綿業株式会社","7449765770466","","","","","","","640-8319","和歌山県和歌山市手平三丁目7-6","","","","","","","","","","","","","","","6170001002642","","","",""
"白馬ファーム株式会社","7365967654842","","","","","","","399-9211","長野県北安曇郡白馬村大字神城25538","","","","","","","","","","","","","","","4100001026146","","","",""
"株式会社ハクライドウ","3419644473528","","","","","","","854-0026","長崎県諫早市東本町5-10","","","","","","","","","","","","","","","4310001014484","","","",""
"株式会社柏楽","4285743871290","","","","","","","550-0015","大阪府大阪市西区南堀江一丁目1-16 OTK四ツ橋ビル8階","","","","","","","","","","","","","","","9120001180746","","","",""
"株式会社ハグ・コミュニケーション","3878169265357","","","","","","","167-0023","東京都杉並区上井草二丁目37-12 プランセスK2-2F","","","","","","","","","","","","","","","5012301007453","","","",""
"株式会社函館丸井今井","3303729359711","","","","","","","040-0011","北海道函館市本町32-15","","","","","","","","","","","","","","","8440001005590","","","",""
"ハコネット株式会社","7832806390330","","","","","","","250-0311","神奈川県足柄下郡箱根町湯本691-10 浅野ビル4階","","","","","","","","","","","","","","","4021001035293","","","",""
"合同会社はこや加藤園","8565219545301","","","","","","","358-0047","埼玉県入間市大字木蓮寺772","","","","","","","","","","","","","","","4030003008785","","","",""
"株式会社はじまる","3190227258868","","","","","","","120-0005","東京都足立区綾瀬五丁目20-8","","","","","","","","","","","","","","","3010001165565","","","",""
"株式会社ハースト婦人画報社","7094832236277","","","","","","","107-0062","東京都港区南青山三丁目8-38 表参道グランビル","","","","","","","","","","","","","","","2010401038925","","","",""
"株式会社はたけのみかた","2248064100973","","","","","","","520-3221","滋賀県湖南市三雲407-2","","","","","","","","","","","","","","","2160001018387","","","",""
"株式会社八代目儀兵衛","4329511955356","","","","","","","600-8883","京都府京都市下京区西七条北衣田町10","","","","","","","","","","","","","","","3130001027489","","","",""
"株式会社八道商事","6343329417879","","","","","","","121-0814","東京都足立区六月二丁目33-6","","","","","","","","","","","","","","","8011801018346","","","",""
"株式会社ハックルベリー","4673422850946","","","","","","","155-0031","東京都世田谷区北沢二丁目6-2 ミカン下北B街区第B401","","","","","","","","","","","","","","","4020001123439","","","",""
"株式会社ハッピークロイツ","6643988083770","","","","","","","655-0852","兵庫県神戸市垂水区名谷町寺池1481-21","","","","","","","","","","","","","","","3140001089041","","","",""
"株式会社ハッピー商店","7286334141345","","","","","","","169-0075","東京都新宿区高田馬場三丁目2-2 青柳ビル4階","","","","","","","","","","","","","","","3010001228553","","","",""
"株式会社ＨＡＰＰＹ　ＪＯＩＮＴ","2241971743552","","","","","","","452-0846","愛知県名古屋市西区浮野町138","","","","","","","","","","","","","","","6180001054724","","","",""
"ハッピープランニング株式会社","6503452384396","","","","","","","814-0141","福岡県福岡市城南区西片江一丁目25-3","","","","","","","","","","","","","","","8290001033657","","","",""
"株式会社はつらつ堂","4344694026812","","","","","","","101-0061","東京都千代田区神田三崎町二丁目7-6 高松ビル4階","","","","","","","","","","","","","","","8010402021131","","","",""
"株式会社Ｈｅａｒｔｅｃｔ","7102053440855","","","","","","","576-0035","大阪府交野市私部南四丁目9-37","","","","","","","","","","","","","","","2120001200254","","","",""
"株式会社ハートインコスモ","4753413481946","","","","","","","152-0031","東京都目黒区中根一丁目19-10","","","","","","","","","","","","","","","9011001040380","","","",""
"株式会社ハートケア","6613128642834","","","","","","","104-0045","東京都中央区築地四丁目5-10","","","","","","","","","","","","","","","6010001054410","","","",""
"ハートコンシェルジュ株式会社","4984503059387","","","","","","","150-0021","東京都渋谷区恵比寿西二丁目17-5 サンビレッジ代官山3階","","","","","","","","","","","","","","","9011001062540","","","",""
"ハートスフードクリエーツ株式会社","2114440407857","","","","","","","658-0045","兵庫県神戸市東灘区御影石町四丁目15-15","","","","","","","","","","","","","","","5140001034086","","","",""
"株式会社ＨＯＯＤ　ＬＵＣＫ","7608728433397","","","","","","","329-0211","栃木県小山市暁二丁目9-20","","","","","","","","","","","","","","","5060001029730","","","",""
"株式会社花咲","3230174646457","","","","","","","762-0045","香川県坂出市元町一丁目3-4","","","","","","","","","","","","","","","2470001009636","","","",""
"株式会社花咲堂企画","7680600271171","","","","","","","177-0051","東京都練馬区関町北一丁目20-11","","","","","","","","","","","","","","","7011401013343","","","",""
"有限会社花里企画","6448646168340","","","","","","","248-0013","神奈川県鎌倉市材木座六丁目4-22","","","","","","","","","","","","","","","4021002016524","","","",""
"ｈａｎａＴａｂａ株式会社","1298205020601","","","","","","","460-0002","愛知県名古屋市中区丸の内一丁目2-4","","","","","","","","","","","","","","","1180001138440","","","",""
"花もめん株式会社","7337602222948","","","","","","","601-8034","京都府京都市南区東九条南河辺町1-1 竹田ビルディング1階","","","","","","","","","","","","","","","5130001034764","","","",""
"花屋の花恋株式会社","4020551736288","","","","","","","134-0003","東京都江戸川区春江町四丁目17-14 財成第八ビル2F","","","","","","","","","","","","","","","9011701013322","","","",""
"有限会社花山","3121271197787","","","","","","","910-0853","福井県福井市城東一丁目5-13","","","","","","","","","","","","","","","2210002002855","","","",""
"ＨＯＮＥＹＥＤ　ＧＩＦＴ．株式会社","5831292433041","","","","","","","156-0043","東京都世田谷区松原三丁目30-10 2F","","","","","","","","","","","","","","","9010901032116","","","",""
"ＨＡＮＥＲＵ株式会社","1634680863261","","","","","","","812-0857","福岡県福岡市博多区西月隈二丁目4-37","","","","","","","","","","","","","","","6290001035911","","","",""
"合同会社ハハハ","5063697954116","","","","","","","652-0843","兵庫県神戸市兵庫区船大工町3-8","","","","","","","","","","","","","","","2140003006937","","","",""
"株式会社ハハハラボ","7648466505510","","","","","","","131-0032","東京都墨田区東向島五丁目2-10 801号","","","","","","","","","","","","","","","4010601056345","","","",""
"株式会社ハーバーリンクスジャパン","8914056639614","","","","","","","105-0004","東京都港区新橋六丁目9-4 新橋六丁目ビル3階","","","","","","","","","","","","","","","2040001042110","","","",""
"Ｈａｂｉｂｉ株式会社","4475016257039","","","","","","","150-0046","東京都渋谷区松濤一丁目28-2","","","","","","","","","","","","","","","2110001034307","","","",""
"株式会社ハピエ","2474784719720","","","","","","","107-0062","東京都港区南青山二丁目11-13 南青山ビル","","","","","","","","","","","","","","","1010401076141","","","",""
"株式会社はぴねすくらぶ","4492043160472","","","","","","","810-0074","福岡県福岡市中央区大手門三丁目14-19","","","","","","","","","","","","","","","4290001010750","","","",""
"ＨａｐｐｉｎｅＳｔａｒ株式会社","2045974005144","","","","","","","650-0015","兵庫県神戸市中央区多聞通五丁目1-13 歩10番館308号室","","","","","","","","","","","","","","","1140001100412","","","",""
"株式会社ハーベリィアースストーリー","5946258991962","","","","","","","810-0004","福岡県福岡市中央区渡辺通五丁目23-8 サンライトビル4F","","","","","","","","","","","","","","","1290001040148","","","",""
"濱田紙販売株式会社","9506077064675","","","","","","","649-6425","和歌山県紀の川市中井阪82","","","","","","","","","","","","","","","8170001008217","","","",""
"有限会社はまむら","6992336712532","","","","","","","811-1353","福岡県福岡市南区柏原六丁目61-12","","","","","","","","","","","","","","","4290002019576","","","",""
"株式会社ハーモニティ","1313107348746","","","","","","","150-0001","東京都渋谷区神宮前六丁目23-4 桑野ビル2階","","","","","","","","","","","","","","","8470001016024","","","",""
"有限会社林田本店","1773179945595","","","","","","","286-0028","千葉県成田市幸町490","","","","","","","","","","","","","","","8040002055592","","","",""
"株式会社流行屋","6076252784089","","","","","","","837-0911","福岡県大牟田市大字橘1071-4","","","","","","","","","","","","","","","3290001071942","","","",""
"株式会社原田ベンディングサービス","5616155790414","","","","","","","036-0345","青森県黒石市大字中川篠村39-2","","","","","","","","","","","","","","","4420002015883","","","",""
"株式会社ハリオ商事","1207128171791","","","","","","","103-0013","東京都中央区日本橋人形町三丁目10-1 かしきちビル3F","","","","","","","","","","","","","","","8010001162806","","","",""
"ＨＡＲＵＫＩ　ＩＮＤＵＳＴＲＹ株式会社","4210788807310","","","","","","","639-0214","奈良県北葛城郡上牧町大字上牧4727","","","","","","","","","","","","","","","1150001023026","","","",""
"ハルクリーン株式会社","5517639177033","","","","","","","152-0035","東京都目黒区自由が丘二丁目10-20 弥生ビル502","","","","","","","","","","","","","","","3011101083582","","","",""
"株式会社ハルサク","5010625784164","","","","","","","631-0036","奈良県奈良市学園北一丁目16-30 サンライフ学園前1F","","","","","","","","","","","","","","","5120001190815","","","",""
"株式会社ハルテリベイマ","2514227838808","","","","","","","927-2175","石川県輪島市門前町清水2-7 総持寺祖院内","","","","","","","","","","","","","","","3220001018454","","","",""
"株式会社はるの森ファシリティーズ","6282676485244","","","","","","","003-0862","北海道札幌市白石区川下二条六丁目2-10","","","","","","","","","","","","","","","4430001040799","","","",""
"株式会社ハルメク","7728695680770","","","","","","","892-0842","鹿児島県鹿児島市東千石町2-1 芙蓉ビル2階","","","","","","","","","","","","","","","7010403009762","","","",""
"株式会社ハルメク・アルファ","5403448461467","","","","","","","530-0002","大阪府大阪市北区曾根崎新地二丁目2-16 関電不動産西梅田ビル","","","","","","","","","","","","","","","9010403010173","","","",""
"株式会社春吉書房","1875608133817","","","","","","","810-0003","福岡県福岡市中央区春吉一丁目7-11","","","","","","","","","","","","","","","5290001069126","","","",""
"ＨＡＲＥＬＵ合同会社","3418596392070","","","","","","","336-0042","埼玉県さいたま市南区大字大谷口1272-24","","","","","","","","","","","","","","","6030003012967","","","",""
"株式会社ハロッズ","3073235426648","","","","","","","589-0006","大阪府大阪狭山市金剛二丁目7-2","","","","","","","","","","","","","","","3120101027258","","","",""
"有限会社ハローベル","9214215511848","","","","","","","102-0072","東京都千代田区飯田橋三丁目4-3 1103号","","","","","","","","","","","","","","","5010002013556","","","",""
"株式会社阪急キッチンエール関西","9455137217175","","","","","","","530-0017","大阪府大阪市北区角田町8-7","","","","","","","","","","","","","","","4120001161395","","","",""
"株式会社販売企画","3071855428949","","","","","","","125-0061","東京都葛飾区亀有四丁目30-4","","","","","","","","","","","","","","","9013301029285","","","",""
"株式会社梅翁園","5507635979026","","","","","","","645-0012","和歌山県日高郡みなべ町山内1339","","","","","","","","","","","","","","","6170001009200","","","",""
"バイオシステム株式会社","7416929940340","","","","","","","101-0025","東京都千代田区神田佐久間町三丁目27-3 601","","","","","","","","","","","","","","","8011001037246","","","",""
"株式会社バイオシャーク","8473814089368","","","","","","","070-0876","北海道旭川市春光六条八丁目3-24","","","","","","","","","","","","","","","5011801024355","","","",""
"バイオメディカルネット株式会社","1868117762467","","","","","","","113-0034","東京都文京区湯島二丁目18-6 湯島夏目ビル6F","","","","","","","","","","","","","","","1010001096151","","","",""
"株式会社ＢＹ　ＴＨＥ　ＷＡＹ","4545805323612","","","","","","","475-0064","愛知県半田市乙川薬師町二丁目39","","","","","","","","","","","","","","","7180001132925","","","",""
"ｂｙ　Ｐａｒｒａ　Ｊａｐａｎ合同会社","6910602821367","","","","","","","107-0062","東京都港区南青山二丁目26-32 802号","","","","","","","","","","","","","","","3010403024716","","","",""
"株式会社ＢＵＹＥＲ","5642585235129","","","","","","","150-0034","東京都渋谷区代官山町13-8","","","","","","","","","","","","","","","3011001105643","","","",""
"株式会社バーチ・デザイン","7743808364790","","","","","","","167-0042","東京都杉並区西荻北三丁目13-16","","","","","","","","","","","","","","","1011001046336","","","",""
"株式会社バックティース","7901187158243","","","","","","","360-0816","埼玉県熊谷市石原1011-5","","","","","","","","","","","","","","","5290001076659","","","",""
"株式会社バッテリーワークス","7505793973316","","","","","","","162-0052","東京都新宿区戸山二丁目27-1311","","","","","","","","","","","","","","","6010901028224","","","",""
"Ｂｉｒｄｉｅ　Ｒｕｓｈ株式会社","2067698223910","","","","","","","272-0831","千葉県市川市稲越一丁目19-6 ウッドサイド市川201号","","","","","","","","","","","","","","","3040001128899","","","",""
"株式会社バード電子","2858807083249","","","","","","","216-0006","神奈川県川崎市宮前区宮前平二丁目9-22","","","","","","","","","","","","","","","6020001068368","","","",""
"バナナ株式会社","7515470916840","","","","","","","491-0104","愛知県一宮市浅井町小日比野大萩1013-5","","","","","","","","","","","","","","","1180001138696","","","",""
"株式会社バニッシュ・スタンダード","3437226806435","","","","","","","150-0001","東京都渋谷区神宮前一丁目8-14","","","","","","","","","","","","","","","4010401098926","","","",""
"ＶＡＮＯＮ株式会社","7508307673130","","","","","","","104-0061","東京都中央区銀座一丁目15-4 銀座一丁目ビル7階","","","","","","","","","","","","","","","6013301046523","","","",""
"バブルスター株式会社","9088826761767","","","","","","","242-0025","神奈川県大和市代官一丁目15-15","","","","","","","","","","","","","","","3020001086488","","","",""
"株式会社ＶＡＲＶＥＬＯＵＳ","2991829360140","","","","","","","730-0037","広島県広島市中区中町3-11 4F","","","","","","","","","","","","","","","4240001050990","","","",""
"株式会社バベル２２","8763933940222","","","","","","","489-0981","愛知県瀬戸市ひまわり台五丁目28","","","","","","","","","","","","","","","4180001127688","","","",""
"株式会社Ｂ・Ａ・Ｍ","7972448664689","","","","","","","816-0844","福岡県春日市上白水七丁目152-202","","","","","","","","","","","","","","","8290001056872","","","",""
"バライル合同会社","6765418477097","","","","","","","904-0021","沖縄県沖縄市胡屋三丁目33-8","","","","","","","","","","","","","","","5360003010328","","","",""
"株式会社ＢＡＬＩ","2435338258629","","","","","","","332-0034","埼玉県川口市並木三丁目2-4 ミニヨンビル2F","","","","","","","","","","","","","","","8030001105754","","","",""
"株式会社バリューエージェンシー","3763783936024","","","","","","","693-0004","島根県出雲市渡橋町1227","","","","","","","","","","","","","","","1280001003741","","","",""
"株式会社バリュー通販","2724408461413","","","","","","","333-0842","埼玉県川口市前川四丁目2-3","","","","","","","","","","","","","","","2030001104737","","","",""
"株式会社ＢＵＬＫＧＵＹ","7940177385498","","","","","","","130-0022","東京都墨田区江東橋四丁目27-14 楽天地ビル3F","","","","","","","","","","","","","","","6010601058513","","","",""
"合同会社Ｂａｒｃｈｅｔｔａ","8000818581558","","","","","","","121-0813","東京都足立区竹の塚一丁目37-1 1F","","","","","","","","","","","","","","","6080403004155","","","",""
"株式会社バルサ堂","3223161077528","","","","","","","862-0941","熊本県熊本市中央区出水七丁目90-31","","","","","","","","","","","","","","","2330001021464","","","",""
"株式会社ＢＡＬＥＳ","2545437184741","","","","","","","242-0021","神奈川県大和市中央二丁目6-13 1F","","","","","","","","","","","","","","","1021001048389","","","",""
"株式会社バワーズ・コーポレーション","7887278066091","","","","","","","963-8832","福島県郡山市山根町4-4","","","","","","","","","","","","","","","9380001020513","","","",""
"株式会社播州卸問屋","5357832922537","","","","","","","671-1262","兵庫県姫路市余部区上余部88-75","","","","","","","","","","","","","","","4140001064241","","","",""
"株式会社ＢＡＮＤＳ","7401822848639","","","","","","","003-0805","北海道札幌市白石区菊水五条二丁目4-23 パークヒルズ菊水1階","","","","","","","","","","","","","","","7430001078837","","","",""
"バンビネット合資会社","2013739674011","","","","","","","152-0002","東京都目黒区目黒本町一丁目5-17","","","","","","","","","","","","","","","9013203000253","","","",""
"有限会社万来","9747375448796","","","","","","","340-0022","埼玉県草加市瀬崎一丁目9-1","","","","","","","","","","","","","","","8030002051667","","","",""
"ＰＹＺＥＬ　ＳＵＲＦＢＯＡＲＤＳ　ＪＡＰＡＮ株式会社","6404433476225","","","","","","","251-0037","神奈川県藤沢市鵠沼海岸四丁目8-14","","","","","","","","","","","","","","","3021001065011","","","",""
"パイツマイヤー有限会社","3118895840288","","","","","","","432-8061","静岡県浜松市中央区入野町20028-2","","","","","","","","","","","","","","","2080402016766","","","",""
"有限会社パインズクラブ","5851114310168","","","","","","","257-0015","神奈川県秦野市平沢520-5","","","","","","","","","","","","","","","5021002039152","","","",""
"有限会社パウチメール","1139164481669","","","","","","","278-0051","千葉県野田市七光台389 5102号室","","","","","","","","","","","","","","","5040002053120","","","",""
"パークアップ株式会社","7628467198847","","","","","","","673-0870","兵庫県明石市朝霧南町一丁目193-5 ネーベル藤本3F","","","","","","","","","","","","","","","5010001198654","","","",""
"パシフィック・スター株式会社","3525922444123","","","","","","","144-0041","東京都大田区羽田空港一丁目7-1 第二綜合ビル7階","","","","","","","","","","","","","","","8011001090542","","","",""
"パスラン株式会社","2571188884636","","","","","","","140-0013","東京都品川区南大井六丁目16-16","","","","","","","","","","","","","","","2011101076777","","","",""
"株式会社Ｐｅｒｓｏｎａｌ","9187807095057","","","","","","","170-0013","東京都豊島区東池袋一丁目18-1 HAREZATOWER12F","","","","","","","","","","","","","","","2013301037006","","","",""
"パーツキング有限会社","3163455087192","","","","","","","670-0033","兵庫県姫路市西新町125-21","","","","","","","","","","","","","","","2140002054111","","","",""
"株式会社パッショーネ","6380985260444","","","","","","","584-0036","大阪府富田林市甲田三丁目10-27","","","","","","","","","","","","","","","4120101048773","","","",""
"株式会社Ｐａｓｓｉｏｎｅ","3226213516222","","","","","","","550-0004","大阪府大阪市西区靱本町一丁目18-8 AXISWEST本町ビル9F","","","","","","","","","","","","","","","8140001091158","","","",""
"株式会社パティスリーロリアン","2471198179192","","","","","","","923-0941","石川県小松市城南町2","","","","","","","","","","","","","","","7220001021520","","","",""
"有限会社パナシアソフト","6366564866508","","","","","","","811-3219","福岡県福津市西福間三丁目23-16","","","","","","","","","","","","","","","7290002034176","","","",""
"パナセア株式会社","1085273115835","","","","","","","102-0094","東京都千代田区紀尾井町3-10 紀尾井町ガーデンタワー2505","","","","","","","","","","","","","","","9010001150009","","","",""
"株式会社ＰＥＲＦＥＣＴ　ＶＯＩＣＥ","2480365785600","","","","","","","279-0043","千葉県浦安市富士見一丁目7-29","","","","","","","","","","","","","","","8040001091936","","","",""
"株式会社パブリックデザイン","9599603660578","","","","","","","101-0051","東京都千代田区神田神保町三丁目9-15 幸保ビル7F","","","","","","","","","","","","","","","3010001096463","","","",""
"パブリックマークス株式会社","8548442139448","","","","","","","107-0062","東京都港区南青山三丁目2-7","","","","","","","","","","","","","","","3010401151974","","","",""
"株式会社ＰＡＭインターナショナル","6491062131660","","","","","","","201-0001","東京都狛江市西野川四丁目31-6","","","","","","","","","","","","","","","5012401034414","","","",""
"株式会社パリサ","5714727542300","","","","","","","693-0058","島根県出雲市矢野町150-1","","","","","","","","","","","","","","","3280002005883","","","",""
"株式会社パールライトジャパン","3852975414269","","","","","","","812-0016","福岡県福岡市博多区博多駅南三丁目22-2 第5大西ビル2F","","","","","","","","","","","","","","","1290001088410","","","",""
"株式会社パールラボラトリー","4248835988922","","","","","","","104-0061","東京都中央区銀座六丁目13-4","","","","","","","","","","","","","","","3010001078692","","","",""
"株式会社パレット","4504638043057","","","","","","","680-0034","鳥取県鳥取市元魚町一丁目116","","","","","","","","","","","","","","","1270001002273","","","",""
"株式会社パレット","5244034906590","","","","","","","288-0805","千葉県銚子市上野町282-2","","","","","","","","","","","","","","","7040001063390","","","",""
"パレード販売株式会社","4513190435590","","","","","","","530-0041","大阪府大阪市北区天神橋二丁目2-8 3階4号室","","","","","","","","","","","","","","","9120001207111","","","",""
"株式会社パンクチュアル","6072638318208","","","","","","","785-0036","高知県須崎市緑町1-12","","","","","","","","","","","","","","","6490001009507","","","",""
"株式会社ｐａｎｃｈ＆Ｃｏ．","4039183281763","","","","","","","103-0007","東京都中央区日本橋浜町二丁目18-4","","","","","","","","","","","","","","","6010001156413","","","",""
"株式会社ぱんどらぼっくす","9877498774012","","","","","","","340-0816","埼玉県八潮市中央三丁目11-4 MKビル八潮2階","","","","","","","","","","","","","","","1040001072620","","","",""
"有限会社光","1018036222714","","","","","","","711-0911","岡山県倉敷市児島小川一丁目2-36","","","","","","","","","","","","","","","1260002020614","","","",""
"光エステート株式会社","8256039252967","","","","","","","130-0005","東京都墨田区東駒形二丁目20-10 101","","","","","","","","","","","","","","","2120001179514","","","",""
"東粟倉後山ＡＯＪ株式会社","2898072900273","","","","","","","707-0402","岡山県美作市中谷1195","","","","","","","","","","","","","","","9260001025441","","","",""
"東日本貿易株式会社","6255622678951","","","","","","","071-1425","北海道上川郡東川町西町二丁目8-13","","","","","","","","","","","","","","","7450001011580","","","",""
"株式会社ヒキダシ","8344579459334","","","","","","","135-0033","東京都江東区深川二丁目12-7 102","","","","","","","","","","","","","","","7010401093791","","","",""
"株式会社肥後市場フーズ","3668545546488","","","","","","","860-0803","熊本県熊本市中央区新市街1-28 THEPLACE花畑ビル6F","","","","","","","","","","","","","","","2012401037329","","","",""
"ＨＩＳＴＯＲＩＣ株式会社","3405084514428","","","","","","","461-0002","愛知県名古屋市東区代官町40-15 LBUILDINGDAIKANCHO3階","","","","","","","","","","","","","","","2180001071293","","","",""
"株式会社アス企画","3388034928397","","","","","","","104-0061","東京都中央区銀座八丁目5-6 中島商事ビル4階","","","","","","","","","","","","","","","8020001099279","","","",""
"株式会社ヒットライン","1741965374722","","","","","","","450-0003","愛知県名古屋市中村区名駅南三丁目6-6 名駅ユタカビル3F","","","","","","","","","","","","","","","6180001057495","","","",""
"株式会社ＨＩＤＥＭＡＳＡ","6942625426558","","","","","","","136-0071","東京都江東区亀戸一丁目11-5 朝日プラザ806","","","","","","","","","","","","","","","9010601059772","","","",""
"株式会社ヒート","5747186123322","","","","","","","151-0063","東京都渋谷区富ケ谷一丁目19-4 代々木パークビル2階","","","","","","","","","","","","","","","1011001048992","","","",""
"株式会社ＨＥＡＴＫＩＮＧ　ＪＡＰＡＮ","6749489993686","","","","","","","526-0113","滋賀県長浜市南浜町746","","","","","","","","","","","","","","","9160001019338","","","",""
"株式会社ひとつの","2600746058599","","","","","","","417-0809","静岡県富士市中野215-1-1","","","","","","","","","","","","","","","5080101022897","","","",""
"株式会社ひとと","1086262281465","","","","","","","001-0013","北海道札幌市北区北十三条西三丁目2-1 アルファスクエア北13条2F","","","","","","","","","","","","","","","1430001052525","","","",""
"株式会社ヒトノエ","6047772461949","","","","","","","123-0845","東京都足立区西新井本町二丁目30-26","","","","","","","","","","","","","","","8011801033444","","","",""
"有限会社人吉スイコー","8169557237729","","","","","","","868-0086","熊本県人吉市下原田町嵯峨里1740-1","","","","","","","","","","","","","","","6330002030452","","","",""
"株式会社ヒノデタカ藥品","5387811077522","","","","","","","634-0824","奈良県橿原市一町1485","","","","","","","","","","","","","","","3150001010864","","","",""
"株式会社ｈｉｂｉｋｉ","7943242036583","","","","","","","541-0057","大阪府大阪市中央区北久宝寺町三丁目6-1 本町南ガーデンシティ7階","","","","","","","","","","","","","","","6010701035222","","","",""
"株式会社皮膚細胞活性研究所","8470720665574","","","","","","","738-0224","広島県廿日市市栗栖118-1","","","","","","","","","","","","","","","4240001028087","","","",""
"ヒマワリ株式会社","1055042020663","","","","","","","261-0001","千葉県千葉市美浜区幸町二丁目19-26","","","","","","","","","","","","","","","1040001094441","","","",""
"ひまわりベンダー企業組合","9097482257859","","","","","","","643-0004","和歌山県有田郡湯浅町大字湯浅1286","","","","","","","","","","","","","","","2170005002816","","","",""
"株式会社氷見うどん美濃屋","4056741696375","","","","","","","935-0024","富山県氷見市窪1971-5","","","","","","","","","","","","","","","9230001016872","","","",""
"株式会社百姓魂","7989917830169","","","","","","","861-0133","熊本県熊本市北区植木町滴水448-2","","","","","","","","","","","","","","","7330001019677","","","",""
"株式会社１００パーセント","3802054868947","","","","","","","162-0837","東京都新宿区納戸町12","","","","","","","","","","","","","","","1011101042425","","","",""
"株式会社百福","2604881484113","","","","","","","107-0061","東京都港区北青山一丁目3-1 アールキューブ青山3階","","","","","","","","","","","","","","","8020001119607","","","",""
"株式会社ｈｕｅ","8185977204932","","","","","","","543-0036","大阪府大阪市天王寺区小宮町7-2 WEST1901","","","","","","","","","","","","","","","8120001237613","","","",""
"株式会社ＨＵＫＯ　ＪＡＰＡＮ","5600297517808","","","","","","","231-0065","神奈川県横浜市中区宮川町一丁目1-1","","","","","","","","","","","","","","","6020001084943","","","",""
"株式会社ヒュージョン","5430558686738","","","","","","","152-0002","東京都目黒区目黒本町三丁目15-12 101","","","","","","","","","","","","","","","4011001106847","","","",""
"株式会社ヒューマンサーブ","7831311895758","","","","","","","150-0012","東京都渋谷区広尾五丁目19-14 卯月ビル801","","","","","","","","","","","","","","","3011101063031","","","",""
"ヒューリックプロサーブ株式会社","4497510132925","","","","","","","103-0011","東京都中央区日本橋大伝馬町7-3","","","","","","","","","","","","","","","2010001158644","","","",""
"合同会社日吉","4712867984711","","","","","","","371-0017","群馬県前橋市日吉町三丁目41-13","","","","","","","","","","","","","","","3070003000467","","","",""
"ヒラキ株式会社","7217920356113","","","","","","","651-2405","兵庫県神戸市西区岩岡町野中福吉556","","","","","","","","","","","","","","","9140001017855","","","",""
"株式会社平田商事","8986560455185","","","","","","","108-0023","東京都港区芝浦二丁目3-33","","","","","","","","","","","","","","","5010901022731","","","",""
"ヒラノ商事株式会社","3788847211598","","","","","","","292-0838","千葉県木更津市潮浜一丁目17-106","","","","","","","","","","","","","","","8040001050867","","","",""
"株式会社ＨＩＲＹＵ","2647947968775","","","","","","","277-0021","千葉県柏市中央町2-32 太康ビル1F","","","","","","","","","","","","","","","8040001069024","","","",""
"株式会社ヒーロー","8788015231105","","","","","","","151-0072","東京都渋谷区幡ケ谷二丁目21-4 2F","","","","","","","","","","","","","","","2011001042499","","","",""
"株式会社広尾産業流通振興公社","5282508022441","","","","","","","089-2605","北海道広尾郡広尾町会所前三丁目38","","","","","","","","","","","","","","","9460101003459","","","",""
"博川株式会社","3078698626499","","","","","","","537-0024","大阪府大阪市東成区東小橋一丁目15-2 オフィスT&Mビル401号室","","","","","","","","","","","","","","","2120001145895","","","",""
"弘形工芸有限会社","9259151325277","","","","","","","791-8042","愛媛県松山市南吉田町2034-1","","","","","","","","","","","","","","","4500002005612","","","",""
"有限会社Ｈｉｒｏ’ｚ","6315350547696","","","","","","","111-0053","東京都台東区浅草橋四丁目14-9 1303号","","","","","","","","","","","","","","","8010502022236","","","",""
"有限会社ヒロセ","1813380221853","","","","","","","794-0032","愛媛県今治市天保山町四丁目4-16","","","","","","","","","","","","","","","9500002018989","","","",""
"株式会社ヒロマル．ｃｏｍ","6540656060161","","","","","","","182-0016","東京都調布市佐須町一丁目10-1","","","","","","","","","","","","","","","9012401030434","","","",""
"株式会社ひろや商店","7710126979052","","","","","","","151-0051","東京都渋谷区千駄ケ谷一丁目19-8","","","","","","","","","","","","","","","3011001037481","","","",""
"繽紛株式会社","3861084168235","","","","","","","272-0836","千葉県市川市北国分四丁目27-10 204号","","","","","","","","","","","","","","","7040001090179","","","",""
"株式会社ＢＩＬＡ","5436349054282","","","","","","","151-0053","東京都渋谷区代々木二丁目23-1 205号","","","","","","","","","","","","","","","8011001101340","","","",""
"株式会社美アス","1862525153740","","","","","","","700-0976","岡山県岡山市北区辰巳29-103 辰巳セントラルビル1F","","","","","","","","","","","","","","","3260001029398","","","",""
"有限会社ＢＲＢ","2594059805292","","","","","","","567-0852","大阪府茨木市小柳町12-2","","","","","","","","","","","","","","","7120902002364","","","",""
"株式会社ビーアンドエイチサトウ","9985176912847","","","","","","","107-0051","東京都港区元赤坂一丁目5-10","","","","","","","","","","","","","","","9010401034083","","","",""
"Ｂ＆Ｓ株式会社","9545661460424","","","","","","","273-0005","千葉県船橋市本町二丁目29-15","","","","","","","","","","","","","","","3040001093185","","","",""
"株式会社ビーアンドエフ","2450416186790","","","","","","","106-0045","東京都港区麻布十番三丁目6-2 NS麻布十番ビル5F","","","","","","","","","","","","","","","8010401092355","","","",""
"有限会社ビィ・エム物産","9172538508764","","","","","","","069-0835","北海道江別市文京台南町39-11","","","","","","","","","","","","","","","1430002046625","","","",""
"株式会社ビーウェイ","8547578966352","","","","","","","203-0054","東京都東久留米市中央町五丁目1-22","","","","","","","","","","","","","","","1012701013294","","","",""
"株式会社ＢＨＣ　ＣＯＲＰＯＲＡＴＩＯＮ","3347311356793","","","","","","","569-0027","大阪府高槻市天川新町12-3","","","","","","","","","","","","","","","3120901043487","","","",""
"株式会社ＢＡＮトラスト","4843023525792","","","","","","","420-0852","静岡県静岡市葵区紺屋町8-13 内野ビル","","","","","","","","","","","","","","","9080001019800","","","",""
"株式会社ＢＦＹ","3528761771522","","","","","","","341-0021","埼玉県三郷市さつき平一丁目3-2 1107号","","","","","","","","","","","","","","","2030001111980","","","",""
"株式会社ビーエムアイル","3569833872622","","","","","","","830-0047","福岡県久留米市津福本町481-1 BV福岡ビル2F","","","","","","","","","","","","","","","9290001077298","","","",""
"ビオネス株式会社","6698013280494","","","","","","","161-0033","東京都新宿区下落合二丁目8-5","","","","","","","","","","","","","","","4070001020012","","","",""
"株式会社Ｂｅｇｉｎｎｉｎｇ","9507776435710","","","","","","","678-0221","兵庫県赤穂市尾崎3116-12","","","","","","","","","","","","","","","1120001199455","","","",""
"株式会社Ｂｅ－Ｃｒａｆｔ８","8853828484056","","","","","","","261-0002","千葉県千葉市美浜区新港222-20 ブリヂストン新港タイヤセンタービル3F","","","","","","","","","","","","","","","2040001016114","","","",""
"有限会社ビークリエイト","1373385273550","","","","","","","063-0864","北海道札幌市西区八軒四条東一丁目2-30","","","","","","","","","","","","","","","6430002036472","","","",""
"ＢｅｅＣｒｕｉｓｅ株式会社","7592806716835","","","","","","","141-0031","東京都品川区西五反田八丁目4-13","","","","","","","","","","","","","","","8010701034908","","","",""
"Ｂ－ＧＲＯＵＮＤ株式会社","5522261850062","","","","","","","162-0825","東京都新宿区神楽坂六丁目67","","","","","","","","","","","","","","","4011101096781","","","",""
"株式会社ビーグルズ","6826153327877","","","","","","","320-0004","栃木県宇都宮市長岡町276","","","","","","","","","","","","","","","9060001033010","","","",""
"Ｂｅｅグローバル株式会社","6457725515708","","","","","","","450-0002","愛知県名古屋市中村区名駅三丁目20-20 名駅錦ビル6F","","","","","","","","","","","","","","","5180001090729","","","",""
"株式会社美研","7791585015660","","","","","","","541-0054","大阪府大阪市中央区南本町一丁目3-9 サンコービル3F","","","","","","","","","","","","","","","8120001087736","","","",""
"株式会社美健","4965478799720","","","","","","","530-0012","大阪府大阪市北区芝田二丁目9-12 スミーナ801","","","","","","","","","","","","","","","7120001191381","","","",""
"株式会社ビー・コミュニティ","7981004433437","","","","","","","105-0004","東京都港区新橋五丁目20-3 新橋STビル7F","","","","","","","","","","","","","","","2010401110444","","","",""
"株式会社ビコル","6569060307015","","","","","","","651-2116","兵庫県神戸市西区南別府三丁目10-20","","","","","","","","","","","","","","","8140001098376","","","",""
"ビコロール株式会社","2177077682411","","","","","","","915-0054","福井県越前市小野谷町4-1-11","","","","","","","","","","","","","","","2210001016360","","","",""
"ビザンコマース株式会社","7877832444978","","","","","","","771-0360","徳島県鳴門市瀬戸町明神鳴谷68-5","","","","","","","","","","","","","","","7480001008987","","","",""
"有限会社ＢＣ企画","3607413685224","","","","","","","506-0808","岐阜県高山市松本町440-2","","","","","","","","","","","","","","","8200002026338","","","",""
"有限会社ビー・シーセンター","6464172751986","","","","","","","733-0033","広島県広島市西区観音本町二丁目10-19 103","","","","","","","","","","","","","","","8240002013159","","","",""
"ビーシングス株式会社","8243108407263","","","","","","","107-0062","東京都港区南青山二丁目2-15 ウィン青山942","","","","","","","","","","","","","","","9011401022904","","","",""
"ＢＪＫ株式会社","5557534771758","","","","","","","064-0807","北海道札幌市中央区南七条西六丁目289-6 カンエイビル1F","","","","","","","","","","","","","","","9430001068910","","","",""
"合同会社ＢＪＪ　ＬＡＢ","2816782782317","","","","","","","106-0031","東京都港区西麻布一丁目2-17 101","","","","","","","","","","","","","","","4010403027206","","","",""
"株式会社ビジネスアシスト","5958156047010","","","","","","","640-8482","和歌山県和歌山市六十谷748 MMKビル2F","","","","","","","","","","","","","","","8170001012160","","","",""
"株式会社ビジネスサポート","7936331451462","","","","","","","422-8044","静岡県静岡市駿河区西脇1317-3","","","","","","","","","","","","","","","8080001006007","","","",""
"株式会社ビジネスワールド社","9225894722000","","","","","","","160-0023","東京都新宿区西新宿四丁目1-10 1102","","","","","","","","","","","","","","","2011101059195","","","",""
"株式会社Ｖｉｓｉｏｎ　Ｈｏｌｄｉｎｇｓ","1745901121615","","","","","","","170-0012","東京都豊島区上池袋四丁目8-8","","","","","","","","","","","","","","","9013301034104","","","",""
"株式会社ビズキ","5577936624364","","","","","","","150-0044","東京都渋谷区円山町6-7 渋谷アムフラット1F","","","","","","","","","","","","","","","4011001111756","","","",""
"株式会社ＢＩＺＥＮＴＯ","9130119220962","","","","","","","150-0022","東京都渋谷区恵比寿南二丁目25-1 402","","","","","","","","","","","","","","","4011001117134","","","",""
"株式会社ビタットジャパン","6956343439962","","","","","","","187-0035","東京都小平市小川西町三丁目19-16","","","","","","","","","","","","","","","6012701011277","","","",""
"株式会社ビタマル","1310150500079","","","","","","","176-0002","東京都練馬区桜台二丁目17-13 フローラ桜台305","","","","","","","","","","","","","","","4011001071414","","","",""
"株式会社ビックカメラ楽天","9664979332823","","","","","","","171-0033","東京都豊島区高田三丁目23-23","","","","","","","","","","","","","","","7013301041861","","","",""
"株式会社ＢＩＣ・マックス","1025314616274","","","","","","","114-0012","東京都北区田端新町三丁目35-12 ジャンルダン田端ビル1F","","","","","","","","","","","","","","","2010501034873","","","",""
"株式会社ビックライフソリューション","8087446773641","","","","","","","171-0033","東京都豊島区高田三丁目23-23","","","","","","","","","","","","","","","1013301019211","","","",""
"株式会社ビッグウイング","7766097780954","","","","","","","144-0041","東京都大田区羽田空港三丁目3-2 第1旅客ターミナルビル4F","","","","","","","","","","","","","","","6010801010018","","","",""
"株式会社ビッグバン","6382416708064","","","","","","","331-0811","埼玉県さいたま市北区吉野町一丁目401-2","","","","","","","","","","","","","","","6030001017547","","","",""
"株式会社ビッグバンビ","6357662010084","","","","","","","130-0024","東京都墨田区菊川三丁目15-16","","","","","","","","","","","","","","","1010501046317","","","",""
"株式会社ビッグフィールド","8822661270863","","","","","","","581-0817","大阪府八尾市久宝園二丁目44-13","","","","","","","","","","","","","","","5122001022774","","","",""
"ビッグボーイズ株式会社","8675637947322","","","","","","","981-3226","宮城県仙台市泉区朴沢鳥居原14-6","","","","","","","","","","","","","","","3370001015008","","","",""
"株式会社ビットレイン","6569919403934","","","","","","","816-0911","福岡県大野城市大城三丁目10-31","","","","","","","","","","","","","","","4290003006202","","","",""
"ＢＴＭ株式会社","9475466342484","","","","","","","190-0142","東京都あきる野市伊奈引田ノ上643-1","","","","","","","","","","","","","","","6013101006834","","","",""
"株式会社ビーテックス","3999165701452","","","","","","","709-3931","岡山県津山市加茂町中原27","","","","","","","","","","","","","","","5020001079201","","","",""
"株式会社ビバ","5030713914509","","","","","","","300-0832","茨城県土浦市桜ケ丘町29-1-3","","","","","","","","","","","","","","","9050001039735","","","",""
"ビーバイエー株式会社","2314682866696","","","","","","","190-0031","東京都立川市砂川町八丁目65-15","","","","","","","","","","","","","","","8012801019128","","","",""
"美美株式会社","9130480038627","","","","","","","462-0843","愛知県名古屋市北区田幡二丁目8-5","","","","","","","","","","","","","","","9180001102075","","","",""
"ＢＢｎｅｔ株式会社","1221955032160","","","","","","","105-0001","東京都港区虎ノ門一丁目2-8 虎ノ門琴平タワー18階","","","","","","","","","","","","","","","3010401115442","","","",""
"株式会社Ｂ．Ｂ．ＦＩＶＥ","2024036805916","","","","","","","850-0875","長崎県長崎市栄町6-15","","","","","","","","","","","","","","","4310001016010","","","",""
"株式会社ＢＰダイレクト","2800430948277","","","","","","","107-0052","東京都港区赤坂六丁目18-3 アイビービル4F","","","","","","","","","","","","","","","9010401082033","","","",""
"Ｂ－Ｆａｉｔｈ株式会社","5481978227661","","","","","","","564-0038","大阪府吹田市南清和園町41-36","","","","","","","","","","","","","","","9120901038705","","","",""
"株式会社ビープログ","8176991392896","","","","","","","810-0014","福岡県福岡市中央区平尾二丁目2-22","","","","","","","","","","","","","","","2290001040304","","","",""
"株式会社ビーボ","3994579139387","","","","","","","107-0061","東京都港区北青山二丁目12-28 青山ビル5階","","","","","","","","","","","","","","","2011601017223","","","",""
"株式会社Ｂ－ｍａｉｎｄ","8096986053532","","","","","","","811-2320","福岡県糟屋郡粕屋町内橋東三丁目4-6","","","","","","","","","","","","","","","6290001077177","","","",""
"株式会社Ｂｍｅｎ","2246043007366","","","","","","","272-0813","千葉県市川市中山二丁目4-12","","","","","","","","","","","","","","","1040001112013","","","",""
"ＶｉｅｗＥＣ　Ｊａｐａｎ株式会社","1573085549059","","","","","","","105-0004","東京都港区新橋四丁目14-1 新橋AUNBLDG. 4階","","","","","","","","","","","","","","","9010701040896","","","",""
"株式会社Ｂｅａｕｃｒｅａｔｅ","6402569579612","","","","","","","451-0063","愛知県名古屋市西区押切一丁目10-7 1F","","","","","","","","","","","","","","","5180003023620","","","",""
"株式会社Ｂｅａｕｔｙ　Ｃｏｌｌｅｃｔｉｏｎ","9671927199887","","","","","","","650-0021","兵庫県神戸市中央区三宮町一丁目9-1 219","","","","","","","","","","","","","","","6140001102429","","","",""
"株式会社ビューティーサイエンス","8401733294369","","","","","","","180-0004","東京都武蔵野市吉祥寺本町二丁目4-14 メディ・コープビル8-5F","","","","","","","","","","","","","","","4012401013550","","","",""
"Ｂｅａｕｔｉｃｋ株式会社","2622754028348","","","","","","","150-0022","東京都渋谷区恵比寿南一丁目11-15 恵比寿KDビル4階","","","","","","","","","","","","","","","1010001199037","","","",""
"株式会社Ｂｅａｕｔｙｄｏｏｒｓ","4997681998255","","","","","","","150-0013","東京都渋谷区恵比寿三丁目30-3 中御門ビル2階","","","","","","","","","","","","","","","3010401136637","","","",""
"株式会社Ｂｅａｕｔｉｆｕｌ　Ｐｅｏｐｌｅ","8217199380129","","","","","","","292-0042","千葉県木更津市清見台南二丁目6-4","","","","","","","","","","","","","","","4040001091106","","","",""
"ビューテックラボ株式会社","6335808225429","","","","","","","141-0031","東京都品川区西五反田一丁目26-2 911号","","","","","","","","","","","","","","","6010701041229","","","",""
"株式会社ビューディカル","7694166784720","","","","","","","939-0117","富山県高岡市福岡町福岡新147","","","","","","","","","","","","","","","9230001019702","","","",""
"株式会社ビューバ","6105422155521","","","","","","","104-0061","東京都中央区銀座一丁目12-4 7階","","","","","","","","","","","","","","","1010401118967","","","",""
"株式会社Ｂｕｒｅａｕ","9427520676804","","","","","","","150-0001","東京都渋谷区神宮前五丁目47-8 メゾンリベラール103","","","","","","","","","","","","","","","8011001065800","","","",""
"株式会社ビヨンド・ザ・ウォール","1329459892333","","","","","","","333-0811","埼玉県川口市戸塚三丁目31-11 608号","","","","","","","","","","","","","","","2030001107277","","","",""
"Ｂ－ＬＡＮＤ株式会社","4317356127566","","","","","","","170-0013","東京都豊島区東池袋一丁目34-5 いちご東池袋ビル6階","","","","","","","","","","","","","","","5013301048181","","","",""
"株式会社ビリオニスタ","3976575458005","","","","","","","653-0052","兵庫県神戸市長田区海運町五丁目1-24","","","","","","","","","","","","","","","9140001099539","","","",""
"有限会社ビルドライズ","7390545157791","","","","","","","894-0031","鹿児島県奄美市名瀬金久町16-21","","","","","","","","","","","","","","","5340002021245","","","",""
"株式会社ビレッジグリーン","9063353754471","","","","","","","231-0031","神奈川県横浜市中区万代町一丁目2-12 VORT横濱関内","","","","","","","","","","","","","","","1020001091498","","","",""
"株式会社Ｂ‐ＷＯＲＫＳ","2314815165718","","","","","","","541-0052","大阪府大阪市中央区安土町一丁目4-5 本町ビル305号","","","","","","","","","","","","","","","4120001215639","","","",""
"びわ椿合同会社","8533853591133","","","","","","","853-0601","長崎県五島市三井楽町濱ノ畔1001-1","","","","","","","","","","","","","","","1310003003348","","","",""
"株式会社ＢＥＥ　ＷＯＲＬＤ","1424150316566","","","","","","","530-0016","大阪府大阪市北区中崎二丁目4-17 親邦ビル","","","","","","","","","","","","","","","2120001196526","","","",""
"有限会社ビーンズ企画","1581438206550","","","","","","","166-0004","東京都杉並区阿佐谷南一丁目13-27","","","","","","","","","","","","","","","6011302015902","","","",""
"合資会社ビーンズゴトー","2274286720307","","","","","","","133-0056","東京都江戸川区南小岩七丁目36-14","","","","","","","","","","","","","","","7011703000287","","","",""
"株式会社ＰＩＯ","8762237369485","","","","","","","342-0041","埼玉県吉川市大字保13-4","","","","","","","","","","","","","","","8380001024102","","","",""
"株式会社ピアエンタープライズ","7600411723357","","","","","","","289-1115","千葉県八街市八街ほ875-1","","","","","","","","","","","","","","","2040001048297","","","",""
"ピアニッシモ株式会社","5183933883973","","","","","","","060-0014","北海道札幌市中央区北十四条西十五丁目6-2","","","","","","","","","","","","","","","5430001059657","","","",""
"ピアパッコ株式会社","3947591899197","","","","","","","729-3106","広島県福山市新市町大字上安井368-1","","","","","","","","","","","","","","","1240001041753","","","",""
"Ｐ．Ｒシステム株式会社","9856237099125","","","","","","","533-0012","大阪府大阪市東淀川区大道南三丁目2-6 3F","","","","","","","","","","","","","","","4120001234234","","","",""
"株式会社ピーエスピー","8362700120022","","","","","","","530-0043","大阪府大阪市北区天満一丁目6-8 六甲天満ビル9F","","","","","","","","","","","","","","","2120001104785","","","",""
"ＰＯＭ　ＵＮＩＶＥＲＳＡＬ合同会社","5698670083484","","","","","","","160-0022","東京都新宿区新宿一丁目30-13","","","","","","","","","","","","","","","4011103010030","","","",""
"株式会社ピカキュウ","2295870408906","","","","","","","541-0054","大阪府大阪市中央区南本町四丁目5-7","","","","","","","","","","","","","","","3170001011274","","","",""
"ピカワン有限会社","6595825165129","","","","","","","726-0013","広島県府中市高木町780-17","","","","","","","","","","","","","","","2240002052253","","","",""
"株式会社ＰＫウェーブ","4992204458987","","","","","","","167-0021","東京都杉並区井草五丁目19-7 フォルスワタベビル3F","","","","","","","","","","","","","","","8011301019191","","","",""
"ＰＫＳ株式会社","8294874650502","","","","","","","612-8141","京都府京都市伏見区向島二ノ丸町399-2","","","","","","","","","","","","","","","4130001025673","","","",""
"ピコミーレ株式会社","4993334415253","","","","","","","480-0202","愛知県西春日井郡豊山町大字豊場城屋敷58","","","","","","","","","","","","","","","3180001058075","","","",""
"株式会社ｐｉｃｏｌｌｅｔ","4741088936593","","","","","","","332-0023","埼玉県川口市飯塚一丁目1-4 2F","","","","","","","","","","","","","","","7030001143549","","","",""
"株式会社ＰＣＥＹＥＳ","6749438409288","","","","","","","111-0042","東京都台東区寿三丁目15-10 ペンギンビル2F","","","","","","","","","","","","","","","1010501047406","","","",""
"株式会社ピーシーあきんど","5062197813248","","","","","","","110-0005","東京都台東区上野三丁目8-2 ピースコートビル1F","","","","","","","","","","","","","","","3010501020996","","","",""
"株式会社ピーシーサービス","5562383259881","","","","","","","144-0052","東京都大田区蒲田四丁目18-1","","","","","","","","","","","","","","","2010801020895","","","",""
"株式会社ＰＣ－ｔａｋｅ","4791266204461","","","","","","","245-0018","神奈川県横浜市泉区上飯田町1405-1","","","","","","","","","","","","","","","4020001056705","","","",""
"ピジン株式会社","3224348350380","","","","","","","145-0064","東京都大田区上池台二丁目4-3","","","","","","","","","","","","","","","7010701014968","","","",""
"ピースケア株式会社","3326391204709","","","","","","","132-0031","東京都江戸川区松島一丁目41-22 紀伊元ビル2-B","","","","","","","","","","","","","","","7011702015617","","","",""
"株式会社ピーチ・ジョン","1313604588207","","","","","","","107-0061","東京都港区北青山三丁目1-2 青山セント・シオンビル","","","","","","","","","","","","","","","8011001046445","","","",""
"株式会社Ｐｉｃｃｏｌｏ","6580976826181","","","","","","","920-0854","石川県金沢市安江町11-39","","","","","","","","","","","","","","","8220003001511","","","",""
"合同会社ｐｉｐｐｉｚ","5924372178607","","","","","","","158-0082","東京都世田谷区等々力六丁目2-7 101","","","","","","","","","","","","","","","7010903006862","","","",""
"有限会社ＰＤＷ","6141152256999","","","","","","","211-0022","神奈川県川崎市中原区苅宿49-34","","","","","","","","","","","","","","","3020002104406","","","",""
"株式会社ピー・ビー・アイ","4347616333585","","","","","","","154-0023","東京都世田谷区若林一丁目18-10 京阪世田谷ビル4F","","","","","","","","","","","","","","","9010401090969","","","",""
"株式会社ピュール","8930617949791","","","","","","","819-1111","福岡県糸島市泊723-1","","","","","","","","","","","","","","","3010001200529","","","",""
"株式会社ピュレアス","8634654056380","","","","","","","150-0043","東京都渋谷区道玄坂一丁目10-8","","","","","","","","","","","","","","","9010401157017","","","",""
"ピラティスメソッドジャパン株式会社","4701554717916","","","","","","","410-0056","静岡県沼津市高島町25-18 綾栄ビル2F","","","","","","","","","","","","","","","7080101017524","","","",""
"ピルボックスジャパン株式会社","5366332576995","","","","","","","107-0061","東京都港区北青山三丁目11-7 AOビル13F","","","","","","","","","","","","","","","4010401153243","","","",""
"株式会社ファイブエイス","5149149044731","","","","","","","461-0004","愛知県名古屋市東区葵一丁目26-10 ユニーブル新栄615号","","","","","","","","","","","","","","","7180001140119","","","",""
"株式会社ファイブセンス","2893053861374","","","","","","","150-0012","東京都渋谷区広尾五丁目4-12 大成ビル4F","","","","","","","","","","","","","","","4010401074613","","","",""
"株式会社ＦＩＶＥ　ＨＡＬＦ","8283992174862","","","","","","","541-0059","大阪府大阪市中央区博労町四丁目5-6 野上ビル402","","","","","","","","","","","","","","","1120001185190","","","",""
"有限会社ファインギヤー","9426426743391","","","","","","","344-0114","埼玉県春日部市東中野1332-1","","","","","","","","","","","","","","","9030002070146","","","",""
"株式会社ファインズ","4978786554411","","","","","","","532-0006","大阪府大阪市淀川区西三国一丁目5-22","","","","","","","","","","","","","","","5120101007010","","","",""
"ファインデイズ株式会社","6793827174925","","","","","","","891-0115","鹿児島県鹿児島市東開町3-26","","","","","","","","","","","","","","","6340001019784","","","",""
"ファインバレイ株式会社","4942227723839","","","","","","","532-0011","大阪府大阪市淀川区西中島四丁目6-30","","","","","","","","","","","","","","","5120001115144","","","",""
"ファインフーズジャパン株式会社","2432680777621","","","","","","","514-0803","三重県津市柳山津興3289","","","","","","","","","","","","","","","1190001020399","","","",""
"有限会社ファウヌーン","7067021341947","","","","","","","814-0001","福岡県福岡市早良区百道浜一丁目3-70","","","","","","","","","","","","","","","2010002038622","","","",""
"Ｆａｃｔａｒ株式会社","7214128117532","","","","","","","277-0852","千葉県柏市旭町一丁目10-17 レヴェンテ201","","","","","","","","","","","","","","","2040001092279","","","",""
"株式会社ファザーズ","4865749491982","","","","","","","630-8224","奈良県奈良市角振町26 いせやビル","","","","","","","","","","","","","","","6150001019465","","","",""
"株式会社ファース","1762352112808","","","","","","","213-0013","神奈川県川崎市高津区末長一丁目41-28 2F","","","","","","","","","","","","","","","3020001099457","","","",""
"ファステップ株式会社","2501597980812","","","","","","","335-0011","埼玉県戸田市下戸田一丁目7-16 ダイヤメゾン戸田公園405","","","","","","","","","","","","","","","8030001136675","","","",""
"株式会社Ｆｉｒｓｔｏ","6249911568183","","","","","","","212-0016","神奈川県川崎市幸区南幸町二丁目9","","","","","","","","","","","","","","","4020001155473","","","",""
"有限会社ファースト","9124407519474","","","","","","","564-0051","大阪府吹田市豊津町1-41","","","","","","","","","","","","","","","4120902016458","","","",""
"株式会社ファースト","4985735440282","","","","","","","507-0062","岐阜県多治見市大針町661-1","","","","","","","","","","","","","","","4370001012623","","","",""
"株式会社ファーストクリエイト","2422042719309","","","","","","","604-8156","京都府京都市中京区山伏山町558 三洋室町ビル502","","","","","","","","","","","","","","","5130001027082","","","",""
"株式会社Ｆｉｒｓｔ　Ｊ＆Ｋ","7287662263817","","","","","","","260-0016","千葉県千葉市中央区栄町27-11 狸小路ビル1F-B","","","","","","","","","","","","","","","1040001091100","","","",""
"株式会社ファーストムーブ","5012299578110","","","","","","","461-0002","愛知県名古屋市東区代官町15-3","","","","","","","","","","","","","","","8180001120549","","","",""
"株式会社ファーストリズム","9394928829384","","","","","","","150-0042","東京都渋谷区宇田川町1-12","","","","","","","","","","","","","","","5011001120847","","","",""
"ファストリーチ株式会社","9422855567111","","","","","","","150-0002","東京都渋谷区渋谷一丁目5-9 N. KEFIA渋谷ビル2F","","","","","","","","","","","","","","","7011001100599","","","",""
"株式会社ファストルックス","5901151177318","","","","","","","264-0028","千葉県千葉市若葉区桜木五丁目15-25 ルミエールメゾン202号","","","","","","","","","","","","","","","6040003005103","","","",""
"株式会社ＦＵＮＮＹ　ＣＯＭＰＡＮＹ","1971713777281","","","","","","","444-0516","愛知県西尾市吉良町吉田上浜77","","","","","","","","","","","","","","","1180301023771","","","",""
"株式会社ファブ","4599388236622","","","","","","","152-0001","東京都目黒区中央町二丁目7-2 1F","","","","","","","","","","","","","","","9011001114300","","","",""
"株式会社ファブリックストーリー","8878947875957","","","","","","","192-0045","東京都八王子市大和田町三丁目21-17 銀杏館201号","","","","","","","","","","","","","","","6010101010453","","","",""
"株式会社ファブルゼィール","4239985283203","","","","","","","659-0028","兵庫県芦屋市打出小槌町14-10 サンパレス門2F","","","","","","","","","","","","","","","4140001024864","","","",""
"株式会社ファヴールマルシェ","2224335197510","","","","","","","107-0052","東京都港区赤坂二丁目14-5 DAIWA赤坂ビル1F","","","","","","","","","","","","","","","3210001015700","","","",""
"ファーマーズガーデン株式会社","2741424268903","","","","","","","048-2406","北海道余市郡仁木町西町二丁目22-11","","","","","","","","","","","","","","","5430001071249","","","",""
"株式会社ファーマフーズコミュニケーション","1773946981931","","","","","","","810-0004","福岡県福岡市中央区渡辺通二丁目4-8","","","","","","","","","","","","","","","4290001071198","","","",""
"株式会社ファーマリー","1525575313666","","","","","","","171-0014","東京都豊島区池袋二丁目43-1 池袋青柳ビル4F","","","","","","","","","","","","","","","3011001121095","","","",""
"株式会社ファミリー・ライフ","3348702154506","","","","","","","170-0013","東京都豊島区東池袋三丁目1-1 サンシャイン60-40階","","","","","","","","","","","","","","","2013301016760","","","",""
"ＦＡＬＣＯ株式会社","3668728155481","","","","","","","073-0104","北海道砂川市空知太東四条四丁目6-5","","","","","","","","","","","","","","","6010101014636","","","",""
"株式会社ＦＡＬＣＯＮＥＲ","8846416834537","","","","","","","465-0068","愛知県名古屋市名東区牧の里三丁目104-2","","","","","","","","","","","","","","","4180301029403","","","",""
"合同会社ファルコニー","5416016423453","","","","","","","252-0244","神奈川県相模原市中央区田名4651-14","","","","","","","","","","","","","","","1021003012657","","","",""
"ファルシュ株式会社","2842337648576","","","","","","","272-0836","千葉県市川市北国分三丁目14-8","","","","","","","","","","","","","","","7010001150398","","","",""
"株式会社ファンクストレーディング","4078974544474","","","","","","","370-0803","群馬県高崎市大橋町40-3","","","","","","","","","","","","","","","5070001028888","","","",""
"株式会社ファンクリップ","2603929724514","","","","","","","391-0005","長野県茅野市仲町15-22","","","","","","","","","","","","","","","2100001020340","","","",""
"Ｆｕｎ　Ｇｏｏｄｓ合同会社","4764903017647","","","","","","","571-0017","大阪府門真市四宮二丁目2-5 東北ビル203","","","","","","","","","","","","","","","4120003013124","","","",""
"Ｆｕｎ　Ｓｔａｎｄａｒｄ株式会社","7460758278638","","","","","","","816-0954","福岡県大野城市紫台16-6 パセオ南ヶ丘1F1001","","","","","","","","","","","","","","","6290003005961","","","",""
"株式会社ファンセンス","9661654960470","","","","","","","242-0006","神奈川県大和市南林間一丁目10-1 杉本ビル2F-3F","","","","","","","","","","","","","","","3021001059269","","","",""
"株式会社ファンタス","2564253203010","","","","","","","759-4101","山口県長門市東深川863","","","","","","","","","","","","","","","8250001014875","","","",""
"ファンネット株式会社","4509085952537","","","","","","","104-0041","東京都中央区新富一丁目15-11 マキプラザ303室","","","","","","","","","","","","","","","2010001231054","","","",""
"株式会社ファンファレ","8229947978417","","","","","","","810-0011","福岡県福岡市中央区高砂二丁目1-4 8階","","","","","","","","","","","","","","","2290001061779","","","",""
"ＦＵＮＬＯＧＹ株式会社","7280205790245","","","","","","","260-0025","千葉県千葉市中央区問屋町1-1 エレル千葉みなとビル6F","","","","","","","","","","","","","","","3040001091908","","","",""
"株式会社フィカネル","8903193793894","","","","","","","107-0062","東京都港区南青山三丁目1-36","","","","","","","","","","","","","","","3010401149705","","","",""
"合同会社フィシカ","6611103371213","","","","","","","289-1126","千葉県八街市沖830","","","","","","","","","","","","","","","9040003011759","","","",""
"株式会社フィジー","6257352760360","","","","","","","639-2162","奈良県葛城市尺土54-11","","","","","","","","","","","","","","","4150001010905","","","",""
"株式会社フィッシングタックルオンライン","5667263983957","","","","","","","577-0046","大阪府東大阪市西堤本通西三丁目7-18","","","","","","","","","","","","","","","9120901017378","","","",""
"ＰＨＴ株式会社","3224336697317","","","","","","","115-0045","東京都北区赤羽一丁目41-12","","","","","","","","","","","","","","","8011501020643","","","",""
"株式会社フィネス","6969223497487","","","","","","","812-0016","福岡県福岡市博多区博多駅南二丁目8-35 4F","","","","","","","","","","","","","","","9290001033879","","","",""
"株式会社フィフティ・リパブリック","4274202040543","","","","","","","260-0824","千葉県千葉市中央区浜野町1216-64 FVビル1F","","","","","","","","","","","","","","","3040001034676","","","",""
"株式会社フィールズ","6923170291212","","","","","","","674-0051","兵庫県明石市大久保町大窪2603-565","","","","","","","","","","","","","","","3140001091121","","","",""
"有限会社フィールドケイ","5469459116752","","","","","","","158-0081","東京都世田谷区深沢五丁目5-3","","","","","","","","","","","","","","","4011002028768","","","",""
"株式会社フィールファイル","1220317974051","","","","","","","630-0224","奈良県生駒市萩の台一丁目2-1 705","","","","","","","","","","","","","","","1150001007549","","","",""
"株式会社ＦＡＶＯＲ","7904521523141","","","","","","","390-0806","長野県松本市女鳥羽二丁目4-7-3 3-A","","","","","","","","","","","","","","","7240001048339","","","",""
"合同会社フェーゲライン","7177915957169","","","","","","","006-0814","北海道札幌市手稲区前田四条九丁目4-23","","","","","","","","","","","","","","","6430003006276","","","",""
"有限会社フェザータッチＭＡＧＩＣ","5544480536399","","","","","","","520-0528","滋賀県大津市和邇高城334-17","","","","","","","","","","","","","","","9160002004933","","","",""
"株式会社ＦＥＡＴＨＥＲ　ＬＩＮＥ","4003569732306","","","","","","","361-0017","埼玉県行田市大字若小玉3126","","","","","","","","","","","","","","","4030001129410","","","",""
"株式会社Ｐｈｅｚｚａｎ","6750831853693","","","","","","","604-8353","京都府京都市中京区宮本町795-1","","","","","","","","","","","","","","","3120001176667","","","",""
"株式会社フェニキア","6974039412592","","","","","","","562-0033","大阪府箕面市今宮三丁目9-12","","","","","","","","","","","","","","","1120001197244","","","",""
"株式会社フェリシモ","2302876337033","2","2","2025/11/14","0","","https://www.felissimo.co.jp/company/company_cy.html","650-0041","兵庫県神戸市中央区新港町7-1","078-325-5555","代表取締役社長","矢崎和彦","卸売、小売","EC、通信販売","卸売、小売","生活関連品小売","500 ～ 1,000","1,000,000 ～ 10,000,000","10,000 ～ 30,000","2025/02","1965/05","2002/08","公開","4140001022298","フェリシモ,生活雑貨販売,インスタント・レトルト食品販売,インテリア雑貨販売,調味料販売,服飾資材・手芸用品販売,育児用品販売,調理器具販売,教材販売,子供服販売,下着販売,乾麺販売,紅茶販売,菓子販売,かばん・バッグ販売,インテリア製品販売,美容機器・美容器具販売,缶詰食品販売,文房具販売,財布販売,インナー販売,IR,サステナブル,会社情報,コーポレート,サステナビリティ,採用情報,プレスリリース","2027新卒インターン募集企業,2028新卒インターン募集企業,CSRに力を入れている企業,SNSツール利用,WEB分析ツール利用,合併企業,売上50億円以上,新規事業開発企業,特許出願企業,省エネ法対象業者,表彰企業","AJA DSP,AdStir,Adobe Advertising,Adobe Audience Manager,Adobe Experience Cloud IDサービス,Adobe Experience Platform Data Collection,Adobe Target,Adobe Typekit,Amazon Route 53,AudienceOne,BidSwitch,BizRobo!,CA ProFit-X,Clarity,Cloudflare Web Analytics,Criteo,Criteo OneTag,Display & Video 360,E-IR,Floodlight,GMO SSP,Geniee SSP,Google Fonts,Google Site Verification,Google Workspace,Google アナリティクス,Googleタグマネージャ,Google広告,IM-DMP,IM-UID,Ligla,Logicad,Magnite,Meta広告,Microsoft Invest,Microsoft365,NHN Cloud,OpenX,Outbrain,PubMatic,RTB House,Repro Web,Rtoaster,Salesforce Commerce Cloud,Scale Out,Spider AF,Taboola,Teads,Telaria,TikTok Analytics,TypeSquare,Underdog Media,Usergram,VALIS-CPX,X link service,X アナリティクス,X広告,YIELD ONE,Yahoo! タグマネージャー,Yahoo! 広告,Yahoo!広告の機能拡張,Zendesk,awoo AI,fluct,トレジャーデータ,マイクロアド,メルカリAds,リンクシェア",""
"株式会社フェリーチェ","1228735167731","","","","","","","466-0827","愛知県名古屋市昭和区川名山町50-4","","","","","","","","","","","","","","","6180002043684","","","",""
"株式会社フェリーチェウィステリア","2597231270343","","","","","","","145-0064","東京都大田区上池台一丁目20-13","","","","","","","","","","","","","","","2010801030713","","","",""
"株式会社ｆｅｉｌｅＢ","9928329070429","","","","","","","170-0013","東京都豊島区東池袋一丁目18-1 ハレザタワー20階WeWork内","","","","","","","","","","","","","","","7013201017350","","","",""
"株式会社フェローシステム","5192917582318","","","","","","","790-0805","愛媛県松山市西一万町10-2","","","","","","","","","","","","","","","1500001004543","","","",""
"株式会社フォアマン","7159209714780","","","","","","","125-0062","東京都葛飾区青戸三丁目31-4","","","","","","","","","","","","","","","4011801036839","","","",""
"株式会社ＦＯＲＶ","4928178209149","","","","","","","810-0001","福岡県福岡市中央区天神二丁目3-10 719","","","","","","","","","","","","","","","4290001097202","","","",""
"株式会社フォーヴィスム","2114897170570","","","","","","","101-0047","東京都千代田区内神田一丁目8-9 福田ビル2階","","","","","","","","","","","","","","","9010001183628","","","",""
"有限会社フォーエバー","4268800319921","","","","","","","660-0881","兵庫県尼崎市昭和通三丁目90-1","","","","","","","","","","","","","","","6140002045817","","","",""
"株式会社Ｆｏｒｅｖｅｒ　Ｄａｎｃｅ　Ｍｕｓｉｃ","6998817270463","","","","","","","160-0023","東京都新宿区西新宿六丁目12-1","","","","","","","","","","","","","","","1011101066614","","","",""
"株式会社フォーカスワン","5871356653956","","","","","","","273-0021","千葉県船橋市海神三丁目26-25 504","","","","","","","","","","","","","","","2010401108034","","","",""
"株式会社フォーカル","9984267857186","","","","","","","150-0013","東京都渋谷区恵比寿二丁目28-10","","","","","","","","","","","","","","","6011001063797","","","",""
"株式会社ＦＯＣＡＬ　ＬＩＮＥ","1190195529461","","","","","","","220-0004","神奈川県横浜市西区北幸二丁目13-4 横浜平成ビル3階","","","","","","","","","","","","","","","8020001110945","","","",""
"株式会社ＦＯＲＱＬ","7614234914738","","","","","","","508-0006","岐阜県中津川市落合2248-4","","","","","","","","","","","","","","","6200001024369","","","",""
"フォーコード株式会社","8925670099555","","","","","","","105-0001","東京都港区虎ノ門三丁目18-6 朝日虎ノ門マンション614号室","","","","","","","","","","","","","","","7011001069100","","","",""
"株式会社フォーサーブ","3306962839403","","","","","","","101-0051","東京都千代田区神田神保町一丁目64-2 野間ビル2階202号","","","","","","","","","","","","","","","2010401094191","","","",""
"株式会社Ｆｏｒｓｉｃｏｒｅ","4687882046487","","","","","","","530-0044","大阪府大阪市北区東天満二丁目9-4 千代田ビル東館405号","","","","","","","","","","","","","","","8010601044271","","","",""
"株式会社フォーシーズ","1110176149011","","","","","","","150-0013","東京都渋谷区恵比寿一丁目19-19","","","","","","","","","","","","","","","2011001070467","","","",""
"株式会社フォース","3339169677804","","","","","","","665-0051","兵庫県宝塚市高司四丁目1-7","","","","","","","","","","","","","","","3140001108437","","","",""
"フォース株式会社","5916080581632","","","","","","","252-0312","神奈川県相模原市南区相南四丁目1-12","","","","","","","","","","","","","","","4021001058492","","","",""
"株式会社フォースプルング","9217405989592","","","","","","","661-0043","兵庫県尼崎市武庫元町二丁目11-16","","","","","","","","","","","","","","","2140001054707","","","",""
"ＦｏｒＳｍｉｌｅｓ株式会社","7746329867628","","","","","","","153-0041","東京都目黒区駒場一丁目23-5 101","","","","","","","","","","","","","","","9010901050431","","","",""
"フォーチュンファクトリー株式会社","2819362316710","","","","","","","176-0001","東京都練馬区練馬一丁目20-8 日建練馬ビル2F","","","","","","","","","","","","","","","3011601022362","","","",""
"株式会社フォトライブラリー","9610646941698","","","","","","","104-0053","東京都中央区晴海三丁目13-1 E4610","","","","","","","","","","","","","","","4010001137233","","","",""
"株式会社フォーマルソフト","2724497525004","","","","","","","533-0013","大阪府大阪市東淀川区豊里六丁目15-15","","","","","","","","","","","","","","","3120001124312","","","",""
"株式会社フォーユアオール","3831701760927","","","","","","","620-0000","京都府福知山市字裏ノ44-17","","","","","","","","","","","","","","","9130001067554","","","",""
"株式会社ＦＯＲＲＵＩ","4884430224215","","","","","","","108-0074","東京都港区高輪四丁目23-6 ハイホーム高輪509号","","","","","","","","","","","","","","","6010401062376","","","",""
"フォルダ株式会社","9532963167814","","","","","","","150-0002","東京都渋谷区渋谷三丁目10-15","","","","","","","","","","","","","","","1290001058660","","","",""
"フォルテ株式会社","6052734486068","","","","","","","920-0000","石川県金沢市末町十六66-3","","","","","","","","","","","","","","","4230001016704","","","",""
"株式会社フォルム","3031466812232","","","","","","","101-0032","東京都千代田区岩本町三丁目9-9","","","","","","","","","","","","","","","3010001143471","","","",""
"株式会社フォレスト","3221688435916","","","","","","","583-0841","大阪府羽曳野市駒ヶ谷1210","","","","","","","","","","","","","","","4120101048022","","","",""
"フォーレスト株式会社","6851743996639","","","","","","","330-0844","埼玉県さいたま市大宮区下町二丁目1-1 JPR大宮ビル3階","","","","","","","","","","","","","","","9030001010870","","","",""
"株式会社フォレストリ","5442580650341","","","","","","","794-0831","愛媛県今治市八町東一丁目4-4","","","","","","","","","","","","","","","4500001018516","","","",""
"株式会社フォーレーベル","4347822710938","","","","","","","400-0031","山梨県甲府市丸の内二丁目14-13","","","","","","","","","","","","","","","2011101075440","","","",""
"ＨＯＯＧＡ　ｉｎｔｅｒｎａｔｉｏｎａｌ株式会社","4670112964340","","","","","","","321-3324","栃木県芳賀郡芳賀町大字西水沼282-5","","","","","","","","","","","","","","","7060001024044","","","",""
"福井県民生活協同組合","9362206582366","","","","","","","910-0842","福井県福井市開発五丁目1603","","","","","","","","","","","","","","","1210005000221","","","",""
"合同会社福岡カレードットコム","7988713354741","","","","","","","811-1321","福岡県福岡市南区柳瀬一丁目33-10","","","","","","","","","","","","","","","4290003010823","","","",""
"株式会社福岡マック","4034731595511","","","","","","","816-0855","福岡県福岡市天神山1-178","","","","","","","","","","","","","","","3290001041573","","","",""
"福祉クラブ生活協同組合","8781690637410","","","","","","","223-0057","神奈川県横浜市港北区新羽町868","","","","","","","","","","","","","","","4020005003414","","","",""
"福盛株式会社","8319488243920","","","","","","","123-0845","東京都足立区西新井本町二丁目4-9","","","","","","","","","","","","","","","7011501020603","","","",""
"福美人株式会社","3581506588852","","","","","","","150-0033","東京都渋谷区猿楽町12-29","","","","","","","","","","","","","","","5011001048378","","","",""
"福元株式会社","1289686236085","","","","","","","530-0047","大阪府大阪市北区西天満六丁目2-14 マッセ梅田ビル2号館603","","","","","","","","","","","","","","","7120901038236","","","",""
"株式会社フジアースフィールド","5349407143008","","","","","","","418-0105","静岡県富士宮市原748-34","","","","","","","","","","","","","","","1080101017876","","","",""
"株式会社富士飲料","7547820284344","","","","","","","102-0074","東京都千代田区九段南四丁目8-35","","","","","","","","","","","","","","","7020001099263","","","",""
"株式会社富士フイルムヘルスケアラボラトリー","2089437386948","","","","","","","160-0023","東京都新宿区西新宿五丁目1-1 住友不動産新宿ファーストタワー11階","","","","","","","","","","","","","","","3010401063740","","","",""
"ふじむらＴＳＫ株式会社","3617264072954","","","","","","","763-0082","香川県丸亀市土器町東八丁目472","","","","","","","","","","","","","","","3470001016301","","","",""
"株式会社不二家","1526162805239","","","","","","","112-0012","東京都文京区大塚二丁目15-6","","","","","","","","","","","","","","","3010001034910","","","",""
"フーズカカオ株式会社","4385645982053","","","","","","","158-0083","東京都世田谷区奥沢四丁目2-10 プラチナコート自由が丘1F","","","","","","","","","","","","","","","9011001118920","","","",""
"株式会社双葉","7321909657797","","","","","","","629-3121","京都府京丹後市網野町島津1579","","","","","","","","","","","","","","","3130001056372","","","",""
"株式会社フタバ","2934735641957","","","","","","","770-0916","徳島県徳島市銀座13-1","","","","","","","","","","","","","","","5480001002307","","","",""
"株式会社Ｆｏｏｄｉｅｓ　Ｐｒｉｍｅ","4229611840184","","","","","","","101-0024","東京都千代田区神田和泉町1-6-16 ヤマトビル405","","","","","","","","","","","","","","","6010001231546","","","",""
"株式会社ＦＯＯＤ＆ＣＯＭＰＡＮＹ","9942569588524","","","","","","","152-0004","東京都目黒区鷹番三丁目14-15","","","","","","","","","","","","","","","4011401017462","","","",""
"株式会社フード・テクニカ","1763015294494","","","","","","","484-0894","愛知県犬山市大字羽黒長田44-3","","","","","","","","","","","","","","","3180001081713","","","",""
"株式会社フードテックラボ","5973979603902","","","","","","","105-0012","東京都港区芝大門二丁目13-8","","","","","","","","","","","","","","","5010401153151","","","",""
"株式会社フードデザインラボ","3118820394447","","","","","","","176-0012","東京都練馬区豊玉北五丁目17-2","","","","","","","","","","","","","","","5011001105245","","","",""
"株式会社ＦｏｏｄＢａｓｅ","8059890692557","","","","","","","899-6401","鹿児島県霧島市溝辺町有川179-6","","","","","","","","","","","","","","","9340001024996","","","",""
"有限会社鮒味","9661087546474","","","","","","","520-2514","滋賀県蒲生郡竜王町大字橋本617-1","","","","","","","","","","","","","","","2160002011052","","","",""
"株式会社フビライ","7294392463640","","","","","","","146-0092","東京都大田区下丸子一丁目1-5","","","","","","","","","","","","","","","1010801030094","","","",""
"フューチャーインダストリーズ株式会社","2437474367403","","","","","","","133-0041","東京都江戸川区上一色二丁目17-2","","","","","","","","","","","","","","","7011701016649","","","",""
"フューチャーメディアソリューションズ株式会社","9600775403474","","","","","","","150-0047","東京都渋谷区神山町24-11 ガーデニア神山202号室","","","","","","","","","","","","","","","3080101018550","","","",""
"株式会社フューチャーワールド","8872599519584","","","","","","","655-0862","兵庫県神戸市垂水区朝谷町7-10","","","","","","","","","","","","","","","1140001028422","","","",""
"富洋物産株式会社","8109527843086","","","","","","","104-0032","東京都中央区八丁堀四丁目8-10 パークウェストビル5F","","","","","","","","","","","","","","","5010001131078","","","",""
"株式会社フライミー","2791670512735","","","","","","","180-0006","東京都武蔵野市中町一丁目19-18","","","","","","","","","","","","","","","6012401021907","","","",""
"株式会社ＦＬＹＩＮＧ","4489709687734","","","","","","","470-0343","愛知県豊田市浄水町南平187-119","","","","","","","","","","","","","","","6180301028329","","","",""
"ＦＲＡＴＥＬＬＩ　ＴＯＫＵＹＡＭＡ合同会社","5806306766765","","","","","","","594-0076","大阪府和泉市肥子町二丁目5-52","","","","","","","","","","","","","","","8120103001818","","","",""
"合同会社フラットライン","2523737688133","","","","","","","156-0043","東京都世田谷区松原一丁目50-15 302","","","","","","","","","","","","","","","2011003007153","","","",""
"株式会社フラッパー","6318129574451","","","","","","","130-0013","東京都墨田区錦糸四丁目4-8 板橋第二ビル4F","","","","","","","","","","","","","","","1010601041969","","","",""
"合同会社ＦＬＡＰ","4289797584539","","","","","","","171-0022","東京都豊島区南池袋二丁目49-7 池袋パークビル1階","","","","","","","","","","","","","","","7013303003793","","","",""
"有限会社フラワー・アンド・カンパニー","3885252077177","","","","","","","150-0013","東京都渋谷区恵比寿四丁目5-25 512","","","","","","","","","","","","","","","8011002028038","","","",""
"株式会社フラワーリゾート","9816451837859","","","","","","","107-0062","東京都港区南青山一丁目19-7","","","","","","","","","","","","","","","5010401076996","","","",""
"株式会社フリークネット","5841131923783","","","","","","","790-0038","愛媛県松山市和泉北三丁目12-10","","","","","","","","","","","","","","","8500001022976","","","",""
"有限会社フリースタイルジャパン","4522317000478","","","","","","","579-8004","大阪府東大阪市布市町四丁目4-6","","","","","","","","","","","","","","","7120102016314","","","",""
"株式会社フリーダム","6159947139563","","","","","","","812-0013","福岡県福岡市博多区博多駅東二丁目5-28","","","","","","","","","","","","","","","8290001027163","","","",""
"フリーダムビレッジ株式会社","8113996877724","","","","","","","368-0072","埼玉県秩父郡横瀬町大字横瀬6134-1 フリーダムビル","","","","","","","","","","","","","","","5030001091444","","","",""
"フリップワークス株式会社","5068329039317","","","","","","","812-0014","福岡県福岡市博多区比恵町1-18 908","","","","","","","","","","","","","","","7290001035497","","","",""
"合同会社Ｆｒｅｅｄ","3353399928717","","","","","","","790-0042","愛媛県松山市保免中一丁目8-17","","","","","","","","","","","","","","","7500003001888","","","",""
"株式会社ＦＲＥＥ　ＬＩＦＥ　ＮＥＴ","7081691442331","","","","","","","125-0053","東京都葛飾区鎌倉三丁目8-4","","","","","","","","","","","","","","","7011801031408","","","",""
"株式会社フリーラン","7571908280213","","","","","","","150-0002","東京都渋谷区渋谷三丁目1-9 YAZAWAビルUCF3階","","","","","","","","","","","","","","","8020001106175","","","",""
"株式会社フルアヘッド","1207510145105","","","","","","","466-0064","愛知県名古屋市昭和区鶴舞二丁目2-7 NKC鶴舞ビル","","","","","","","","","","","","","","","3180001107690","","","",""
"古川電気株式会社","1253702322598","","","","","","","101-0021","東京都千代田区外神田三丁目14-7","","","","","","","","","","","","","","","2010001027948","","","",""
"ふるさと２１株式会社","6269609349450","","","","","","","030-0901","青森県青森市港町二丁目14-8","","","","","","","","","","","","","","","5420001013788","","","",""
"株式会社フルフリ","2279424607103","","","","","","","190-0171","東京都あきる野市養沢1464","","","","","","","","","","","","","","","9010001104996","","","",""
"株式会社フルブレイン","2629962456650","","","","","","","611-0011","京都府宇治市五ケ庄一番割74-14","","","","","","","","","","","","","","","9130001064246","","","",""
"株式会社古山洋服店","8912955646125","","","","","","","760-0051","香川県高松市南新町11-6","","","","","","","","","","","","","","","9470001003681","","","",""
"株式会社フレージュ","2843777210205","","","","","","","101-0047","東京都千代田区内神田二丁目5-1","","","","","","","","","","","","","","","3010401067477","","","",""
"株式会社Ｆｌａｖｏｒ","2271616512605","","","","","","","604-8156","京都府京都市中京区山伏山町565","","","","","","","","","","","","","","","6130001031942","","","",""
"株式会社歩連厨","2171486448545","","","","","","","753-0851","山口県山口市黒川1477-7","","","","","","","","","","","","","","","9250001002879","","","",""
"有限会社フレンディ","7769143003094","","","","","","","373-0817","群馬県太田市飯塚町1605","","","","","","","","","","","","","","","3070002032890","","","",""
"株式会社ＦＲＯＭ　ＪＡＰＡＮ","4306000630938","","","","","","","104-0033","東京都中央区新川二丁目1-5 THEWALL7F","","","","","","","","","","","","","","","2010601030038","","","",""
"株式会社Ｆｒｏｍ１ｔｏ１","8799056412128","","","","","","","840-0859","佐賀県佐賀市新栄西二丁目4-6","","","","","","","","","","","","","","","8300001009250","","","",""
"株式会社ＦＬＯＲｅ","2163703116339","","","","","","","107-0052","東京都港区赤坂四丁目7-6 赤坂ビジネスコート3F","","","","","","","","","","","","","","","2010601055811","","","",""
"株式会社Ｆｒｏｎｋ","1992540752890","","","","","","","150-0043","東京都渋谷区道玄坂一丁目12-1 渋谷マークシティ22F","","","","","","","","","","","","","","","8011001136361","","","",""
"ＦＲＯＮＴＩＥＲ　ＦＡＣＴＯＲＹ’Ｓ株式会社","9454749708522","","","","","","","253-0011","神奈川県茅ヶ崎市菱沼一丁目5-24","","","","","","","","","","","","","","","3021001052496","","","",""
"フロントラインワークス株式会社","2421633607225","","","","","","","150-0013","東京都渋谷区恵比寿三丁目48-1 バルビゾン31-1F、2F","","","","","","","","","","","","","","","4011101060804","","","",""
"株式会社フロントリバー","9098422412783","","","","","","","572-0089","大阪府寝屋川市香里西之町26-7","","","","","","","","","","","","","","","3120001215854","","","",""
"株式会社Ｖ＆Ｒ　ＰＲＯＤＵＣＥ","2105774621310","","","","","","","134-0091","東京都江戸川区船堀三丁目16-7","","","","","","","","","","","","","","","8011401017896","","","",""
"株式会社Ｖｅｒｔｕｍｎｅ","3270948787741","","","","","","","815-0033","福岡県福岡市南区大橋一丁目8-21 大橋駅西口ビル1階","","","","","","","","","","","","","","","8290001047038","","","",""
"ＶＳＭＰＡＲＴＮＥＲＳ合同会社","6188819178327","","","","","","","252-0141","神奈川県相模原市緑区相原四丁目20-26","","","","","","","","","","","","","","","1021003010140","","","",""
"ｖＧｅｎ　Ｓｅｒｖｉｃｅｓ株式会社","7604353036775","","","","","","","151-0053","東京都渋谷区代々木一丁目30-14","","","","","","","","","","","","","","","4010401136512","","","",""
"株式会社Ｖスクロールコミックス","1973724372390","","","","","","","165-0026","東京都中野区新井二丁目30-11 パンデコンビル2F","","","","","","","","","","","","","","","3011201018422","","","",""
"有限会社ブオーノイタリア","4094424090024","","","","","","","166-0001","東京都杉並区阿佐谷北一丁目8-7","","","","","","","","","","","","","","","2011302010675","","","",""
"Ｂｕｓｈｉｚｏ株式会社","9571487453578","","","","","","","150-0011","東京都渋谷区東一丁目27-10 渋谷TYビル7F","","","","","","","","","","","","","","","5011001114394","","","",""
"株式会社ＢｕｈｉｎＤａｎａ","2132103855382","","","","","","","101-0021","東京都千代田区外神田三丁目14-10","","","","","","","","","","","","","","","8010001195112","","","",""
"株式会社ＢＲＩＧＨＴ　ＤＩＹ","7531403263743","","","","","","","332-0032","埼玉県川口市中青木一丁目8-14 コーポI105号室","","","","","","","","","","","","","","","6030001145471","","","",""
"ブラザーズ株式会社","8244791109443","","","","","","","169-0075","東京都新宿区高田馬場四丁目14-6","","","","","","","","","","","","","","","2040001084400","","","",""
"株式会社ＢｌａｃｋＳｔｏｎｅ","3731686757890","","","","","","","036-0541","青森県黒石市北美町一丁目29-6","","","","","","","","","","","","","","","7420001013191","","","",""
"株式会社ブラックスワン","1920955618003","","","","","","","160-0022","東京都新宿区新宿二丁目12-13 新宿アントレサロン2階","","","","","","","","","","","","","","","1010801027124","","","",""
"株式会社ＢｌａｃｋＢｏｏｋ　Ｔｏｙ","6008872861996","","","","","","","150-0013","東京都渋谷区恵比寿四丁目23-9 601","","","","","","","","","","","","","","","9011001091837","","","",""
"株式会社ブリコラージュ","5166753913027","","","","","","","658-0032","兵庫県神戸市東灘区向洋町中六丁目9","","","","","","","","","","","","","","","9140001108687","","","",""
"株式会社ブリコワークス","1208453655626","","","","","","","349-0105","埼玉県蓮田市藤ノ木一丁目301","","","","","","","","","","","","","","","2030001142613","","","",""
"ＢＲＥＡＴＨＥＲ株式会社","4892358059191","","","","","","","107-0052","東京都港区赤坂五丁目2-33","","","","","","","","","","","","","","","8010401145690","","","",""
"株式会社ブリッジ","4670890366584","","","","","","","277-0871","千葉県柏市若柴1-16","","","","","","","","","","","","","","","8040001080303","","","",""
"ブリッヂヘッド株式会社","1255741158836","","","","","","","104-0061","東京都中央区銀座七丁目13-6 サガミビル2階","","","","","","","","","","","","","","","1010001165393","","","",""
"株式会社Ｂｒｉｎｇ　ＤｅｓｉｇｎＳ","6773046664066","","","","","","","253-0002","神奈川県茅ヶ崎市高田四丁目9-1 2F","","","","","","","","","","","","","","","1021001056796","","","",""
"Ｂｌｕｅ株式会社","1669804370260","","","","","","","151-0053","東京都渋谷区代々木二丁目16-10","","","","","","","","","","","","","","","4012301011084","","","",""
"合同会社ブルーウェーブ","6134203644881","","","","","","","629-3133","京都府京丹後市網野町郷991","","","","","","","","","","","","","","","8130003007831","","","",""
"株式会社ブルーク","1161287334157","","","","","","","542-0061","大阪府大阪市中央区安堂寺町二丁目6-11 2403号","","","","","","","","","","","","","","","5120001141000","","","",""
"株式会社Ｂｌｕｅ　Ｇｒａｃｅ","1858294776373","","","","","","","162-0063","東京都新宿区市谷薬王寺町5-24 戸塚ビル3階","","","","","","","","","","","","","","","4011101097375","","","",""
"株式会社ＢＬＵＥ　ＣＯＲＮＥＲ","7538244004180","","","","","","","107-0062","東京都港区南青山二丁目18-2 竹中スリービル1F","","","","","","","","","","","","","","","1010401098755","","","",""
"株式会社ブルーシンシア","5523598159049","","","","","","","700-0973","岡山県岡山市北区下中野351-106","","","","","","","","","","","","","","","6260001031491","","","",""
"株式会社Ｂｌｕｅ　Ｓｋｙ　Ｍａｒｋｅｔ","7358013301716","","","","","","","980-0801","宮城県仙台市青葉区木町通一丁目4-34 石田ビル1F","","","","","","","","","","","","","","","7370001031521","","","",""
"株式会社ブルータイタン","6187338113310","","","","","","","792-0016","愛媛県新居浜市港町1-6","","","","","","","","","","","","","","","9500001019963","","","",""
"株式会社ブルックス","9603203605950","","","","","","","225-0002","神奈川県横浜市青葉区美しが丘四丁目54-6","","","","","","","","","","","","","","","2020001012008","","","",""
"株式会社ブルーム","1144924126251","","","","","","","174-0072","東京都板橋区南常盤台二丁目19-12 1F","","","","","","","","","","","","","","","5010401106324","","","",""
"株式会社ｂｌｏｏｍ","1498789666852","","","","","","","370-2462","群馬県富岡市下丹生24-3","","","","","","","","","","","","","","","3070001029426","","","",""
"株式会社ブルームス","6869262571478","","","","","","","103-0006","東京都中央区日本橋富沢町6-5 アソルティ人形町ビル2階","","","","","","","","","","","","","","","7010001161445","","","",""
"株式会社ブルームリュクス","5027290107167","","","","","","","103-0014","東京都中央区日本橋蛎殻町一丁目35-7 水天宮HSビル3F","","","","","","","","","","","","","","","9011101062127","","","",""
"株式会社ブルーライトニングレーシング","8740192882605","","","","","","","254-0073","神奈川県平塚市西八幡四丁目4-12 ウェルズ21西八幡C号","","","","","","","","","","","","","","","7021001039399","","","",""
"株式会社ブルーライン","6087792122327","","","","","","","583-0013","大阪府藤井寺市古室一丁目9-6","","","","","","","","","","","","","","","4120101035243","","","",""
"株式会社ブレイク","8486360588780","","","","","","","739-1752","広島県広島市安佐北区上深川町781-1","","","","","","","","","","","","","","","1240001043361","","","",""
"株式会社ブレイク・フリー","2665955981713","","","","","","","227-0066","神奈川県横浜市青葉区あかね台二丁目4-38","","","","","","","","","","","","","","","5011101051777","","","",""
"有限会社ブレーインズネットワーク","1984715681706","","","","","","","320-0052","栃木県宇都宮市中戸祭町789-10","","","","","","","","","","","","","","","3060002007951","","","",""
"株式会社ブロードステージ","5158477045767","","","","","","","104-0061","東京都中央区銀座三丁目11-17","","","","","","","","","","","","","","","4010602017866","","","",""
"ブングル・ドット・コム株式会社","2955229006266","","","","","","","861-8003","熊本県熊本市北区楠六丁目4-23","","","","","","","","","","","","","","","7330001005330","","","",""
"株式会社文林堂","7663421394569","","","","","","","160-0021","東京都新宿区歌舞伎町二丁目3-16","","","","","","","","","","","","","","","8011101018889","","","",""
"合同会社プチクレーン","2081412615427","","","","","","","812-0064","福岡県福岡市東区松田三丁目13-8","","","","","","","","","","","","","","","6290003004550","","","",""
"有限会社プライスレス","3743452012054","","","","","","","165-0035","東京都中野区白鷺三丁目21-10","","","","","","","","","","","","","","","8011202007857","","","",""
"株式会社プライマル","4613684811987","","","","","","","116-0003","東京都荒川区南千住八丁目8-1","","","","","","","","","","","","","","","1011501014354","","","",""
"株式会社プライム","4177840506443","","","","","","","815-0072","福岡県福岡市南区多賀一丁目18-30 406号","","","","","","","","","","","","","","","1290002017120","","","",""
"株式会社ＰＲＩＭＥ　ＯＣＥＡＮ","2537000878167","","","","","","","989-3123","宮城県仙台市青葉区錦ケ丘八丁目10-19","","","","","","","","","","","","","","","1370001038638","","","",""
"株式会社プライムネッツ","5390458811341","","","","","","","541-0045","大阪府大阪市中央区道修町一丁目2-11","","","","","","","","","","","","","","","8120001137706","","","",""
"株式会社プライムワークス","3843999476172","","","","","","","640-8483","和歌山県和歌山市園部1363-6 EIKENビル2F","","","","","","","","","","","","","","","8170001006906","","","",""
"合同会社プラシコ","1090606991737","","","","","","","274-0063","千葉県船橋市習志野台二丁目3-3 エイコービル101","","","","","","","","","","","","","","","8040003004375","","","",""
"株式会社Ｐｌｕｓ","5444683325660","","","","","","","921-8802","石川県野々市市押野七丁目62","","","","","","","","","","","","","","","3220001021020","","","",""
"株式会社ｐｌｕｓＧ","2670097413255","","","","","","","153-0063","東京都目黒区目黒三丁目9-3","","","","","","","","","","","","","","","4011001067271","","","",""
"株式会社プラスマークス","8534744051085","","","","","","","252-0306","神奈川県相模原市南区栄町2-13 1F","","","","","","","","","","","","","","","2010901014871","","","",""
"ＰＬＵＳ　ＬＡＺＹ株式会社","5710979742113","","","","","","","012-0863","秋田県湯沢市下関山根156","","","","","","","","","","","","","","","5010501045570","","","",""
"株式会社プラスワイズ","6468751150955","","","","","","","955-0002","新潟県三条市柳川新田997","","","","","","","","","","","","","","","8110001028170","","","",""
"株式会社プラスワン","4931803070471","","","","","","","731-0138","広島県広島市安佐南区祇園六丁目9-22","","","","","","","","","","","","","","","2240001016250","","","",""
"有限会社プラスワン","6794155395616","","","","","","","213-0029","神奈川県川崎市高津区東野川二丁目27-17","","","","","","","","","","","","","","","2020002100273","","","",""
"株式会社プラタ","4104960217623","","","","","","","542-0081","大阪府大阪市中央区南船場二丁目7-26 シンセイビル5F","","","","","","","","","","","","","","","4120001088779","","","",""
"株式会社プラチナファーマ","7705616375801","","","","","","","606-8176","京都府京都市左京区一乗寺塚本町35-1 フラット北白川101","","","","","","","","","","","","","","","6120001188354","","","",""
"株式会社プラン","8588111399453","","","","","","","133-0065","東京都江戸川区南篠崎町四丁目26-19","","","","","","","","","","","","","","","1011701011647","","","",""
"株式会社プランスコーポレーション","5946678342498","","","","","","","102-0084","東京都千代田区二番町3-12 201","","","","","","","","","","","","","","","6010001114420","","","",""
"株式会社プランタン山田","8764436952627","","","","","","","463-0097","愛知県名古屋市守山区川村町1-1","","","","","","","","","","","","","","","6180001120963","","","",""
"有限会社ぷらんぼん","4807065879769","","","","","","","451-0066","愛知県名古屋市西区児玉二丁目5-11","","","","","","","","","","","","","","","8180002044391","","","",""
"株式会社プリアップ","3527370904441","","","","","","","222-0033","神奈川県横浜市港北区新横浜二丁目11-5 川浅ビル","","","","","","","","","","","","","","","2020001096455","","","",""
"株式会社プリヴェトレジャー","5553746793173","","","","","","","341-0024","埼玉県三郷市三郷二丁目3-11 堀切ビル4階","","","","","","","","","","","","","","","9030001131519","","","",""
"株式会社ＰＲＩＭＡＣＬＡＳＳＥ　ＪＡＰＡＮ","9504186349095","","","","","","","162-0056","東京都新宿区若松町38-20 202号","","","","","","","","","","","","","","","2011101072727","","","",""
"プリンタス株式会社","8146714468522","","","","","","","192-0045","東京都八王子市大和田町六丁目10-4","","","","","","","","","","","","","","","9010101008899","","","",""
"有限会社プリンティングサービス","8252687686139","","","","","","","538-0043","大阪府大阪市鶴見区今津南二丁目7-6","","","","","","","","","","","","","","","4120002006905","","","",""
"プリントネット株式会社","3483372170429","","","","","","","892-0835","鹿児島県鹿児島市城南町10-7","","","","","","","","","","","","","","","9340001008231","","","",""
"プルチャーム株式会社","4604715574011","","","","","","","153-0042","東京都目黒区青葉台三丁目6-28 住友不動産青葉台タワー8階","","","","","","","","","","","","","","","5011001094876","","","",""
"株式会社プレイグラウンド","6397242154488","","","","","","","602-0855","京都府京都市上京区上生洲町221 キトウビル301","","","","","","","","","","","","","","","6010901030329","","","",""
"有限会社プレイングコーポレーション","1078607799955","","","","","","","668-0013","兵庫県豊岡市中陰343-3","","","","","","","","","","","","","","","7140002046590","","","",""
"株式会社プレザントライフ","6118124853223","","","","","","","534-0024","大阪府大阪市都島区東野田町五丁目15-27 201","","","","","","","","","","","","","","","6120001200993","","","",""
"株式会社プレシャスシーズ","5316526919373","","","","","","","819-0006","福岡県福岡市西区姪浜駅南三丁目16-26 D","","","","","","","","","","","","","","","5290001023982","","","",""
"株式会社プレジャー","3607322038140","","","","","","","192-0043","東京都八王子市暁町二丁目20-29","","","","","","","","","","","","","","","8010101008396","","","",""
"株式会社Ｐｌｅａｓｕｒｅ　Ｓｅｅｄ","6072964896808","","","","","","","462-0032","愛知県名古屋市北区辻町八丁目62","","","","","","","","","","","","","","","1180001134662","","","",""
"有限会社プレステージ","7183132138048","","","","","","","150-0043","東京都渋谷区道玄坂一丁目19-2 スプラインビル4、5F","","","","","","","","","","","","","","","7011002036438","","","",""
"株式会社Ｐｒｅｓｓｉｎｇ","5296073013881","","","","","","","550-0014","大阪府大阪市西区北堀江一丁目5-2","","","","","","","","","","","","","","","7120001129662","","","",""
"株式会社プレティア","2701566889075","","","","","","","506-2123","岐阜県高山市丹生川町町方1867-1","","","","","","","","","","","","","","","8200001027428","","","",""
"プレマ株式会社","8356863132947","","","","","","","616-8125","京都府京都市右京区太秦組石町10-1","","","","","","","","","","","","","","","1130001024819","","","",""
"株式会社プレマフーズ","3701635908986","","","","","","","106-0045","東京都港区麻布十番一丁目4-8 マドモアゼルビル601号室","","","","","","","","","","","","","","","1010401166801","","","",""
"株式会社プレミアムセレクト","1101808985894","","","","","","","923-1245","石川県能美市辰口町466-1","","","","","","","","","","","","","","","9220001018746","","","",""
"株式会社プレミアムフーズ青森","2923965155760","","","","","","","038-1325","青森県青森市浪岡大字北中野五倫58-3","","","","","","","","","","","","","","","2420001013279","","","",""
"株式会社プレム","9606408123205","","","","","","","810-0001","福岡県福岡市中央区天神二丁目8-41 朝日会館ビル11F","","","","","","","","","","","","","","","4290001031029","","","",""
"ｐｌａｉｎ２合同会社","9848348043085","","","","","","","150-0031","東京都渋谷区桜丘町29-31 清桜ハイツ202","","","","","","","","","","","","","","","8011003006926","","","",""
"株式会社プロヴィジョン","4172220382772","","","","","","","814-0002","福岡県福岡市早良区西新四丁目3-20 フェリクス西新10F","","","","","","","","","","","","","","","3290001027688","","","",""
"プロクリ株式会社","3731108172837","","","","","","","812-0013","福岡県福岡市博多区博多駅東一丁目9-11 大成博多駅東ビル6F","","","","","","","","","","","","","","","2290001023639","","","",""
"株式会社プログレス・インターナショナル","5936796062743","","","","","","","554-0024","大阪府大阪市此花区島屋四丁目4-51","","","","","","","","","","","","","","","6130001028237","","","",""
"株式会社プロジェクトケー","8106882656287","","","","","","","231-0033","神奈川県横浜市中区長者町五丁目75-1 スクエア長者町2F","","","","","","","","","","","","","","","6020001028719","","","",""
"株式会社プロジェクト・ミュー","4706910579593","","","","","","","171-0032","東京都豊島区雑司が谷二丁目2-2 エスコート目白","","","","","","","","","","","","","","","5011101038931","","","",""
"株式会社プロスタッフ","6357493661107","","","","","","","253-0105","神奈川県高座郡寒川町岡田四丁目12-35","","","","","","","","","","","","","","","2021001008557","","","",""
"株式会社プロスパー","9347664234950","","","","","","","110-0005","東京都台東区上野五丁目18-7","","","","","","","","","","","","","","","8012401017589","","","",""
"株式会社プロスフィア","7656293009153","","","","","","","814-0033","福岡県福岡市早良区有田一丁目27-1","","","","","","","","","","","","","","","1180001121297","","","",""
"株式会社プロデウス","4852203235882","","","","","","","889-1602","宮崎県宮崎市清武町今泉甲3720-10","","","","","","","","","","","","","","","7350001007762","","","",""
"株式会社Ｐｒｏｆｉｔ　Ｄｅｓｉｇｎ","7960914496506","","","","","","","131-0031","東京都墨田区墨田三丁目31-4","","","","","","","","","","","","","","","4010601038582","","","",""
"株式会社Ｐｒｏｐｈｅｔ　Ｆａｃｔｏｒｙ","4071052401639","","","","","","","151-0051","東京都渋谷区千駄ケ谷三丁目54-7 松野ビル","","","","","","","","","","","","","","","5011001063526","","","",""
"株式会社ＰＲＯＭＯＤＡ","8402605572416","","","","","","","206-0034","東京都多摩市鶴牧六丁目8-10 リッジモントゥ鶴牧204","","","","","","","","","","","","","","","9010101006928","","","",""
"平成センバス株式会社","2988359471824","","","","","","","810-0001","福岡県福岡市中央区天神一丁目15-6 綾杉ビル5F","","","","","","","","","","","","","","","5290001034170","","","",""
"平立商事株式会社","1480041633683","","","","","","","812-0863","福岡県福岡市博多区金の隈二丁目17-43","","","","","","","","","","","","","","","8290001088750","","","",""
"有限会社ＨＥＡＤＳ","5698875958453","","","","","","","983-0043","宮城県仙台市宮城野区萩野町一丁目14-10","","","","","","","","","","","","","","","4370002018702","","","",""
"株式会社ヘッドシェル","7912595113896","","","","","","","110-0005","東京都台東区上野三丁目18-13 パークリーガル5階","","","","","","","","","","","","","","","8010501042879","","","",""
"株式会社ヘヤゴト","2458001896658","","","","","","","141-0022","東京都品川区東五反田五丁目21-15 メタリオンOSビル4F","","","","","","","","","","","","","","","5010401093802","","","",""
"株式会社ＨｅＲａ","8584663943895","","","","","","","174-0065","東京都板橋区若木一丁目13-7","","","","","","","","","","","","","","","6011401018450","","","",""
"株式会社ヘリックスライフ","5378761827784","","","","","","","004-0803","北海道札幌市清田区里塚三条三丁目20-1","","","","","","","","","","","","","","","5430001044782","","","",""
"ヘリモンスター株式会社","6584217723067","","","","","","","300-0007","茨城県土浦市板谷七丁目310-9","","","","","","","","","","","","","","","9050001036146","","","",""
"株式会社ヘルシーカンパニー・二十一シー","9468889368581","","","","","","","940-0022","新潟県長岡市東新町三丁目3-32","","","","","","","","","","","","","","","5110001023406","","","",""
"出島トンボロ株式会社","6350412197854","","","","","","","850-0046","長崎県長崎市幸町7-1 STADIUMCITYNORTH10階","","","","","","","","","","","","","","","8011303001965","","","",""
"株式会社ヘルスタウン","3878453135217","","","","","","","812-0016","福岡県福岡市博多区博多駅南四丁目18-2 明東ビル","","","","","","","","","","","","","","","7290801013462","","","",""
"合同会社ヘルベティカ","4138942837314","","","","","","","657-0067","兵庫県神戸市灘区篠原本町四丁目1-11","","","","","","","","","","","","","","","5140003013996","","","",""
"株式会社ベアコーポレーション","9582756795510","","","","","","","574-0077","大阪府大東市三箇三丁目6-2","","","","","","","","","","","","","","","5122001026206","","","",""
"株式会社ＢｅａｒＴｏｋｙｏ","7940736755244","","","","","","","103-0004","東京都中央区東日本橋二丁目28-4 日本橋CETビル2階","","","","","","","","","","","","","","","8010001168043","","","",""
"株式会社ベイサンズ","8749265532325","","","","","","","220-0011","神奈川県横浜市西区高島二丁目10-13 横浜東口ビル501","","","","","","","","","","","","","","","4020001124049","","","",""
"株式会社ベクター","4934182214585","","","","","","","171-0042","東京都豊島区高松一丁目1-11 6階","","","","","","","","","","","","","","","2013301019128","","","",""
"Ｂｅｃｏｍ株式会社","7351516822837","","","","","","","812-0041","福岡県福岡市博多区吉塚一丁目44-12-5","","","","","","","","","","","","","","","7290001081509","","","",""
"株式会社ベーシックリビング","8583896458241","","","","","","","816-0954","福岡県大野城市紫台16-6 パセオ南ヶ丘1F1001","","","","","","","","","","","","","","","9290001071037","","","",""
"株式会社ＶＥＧＥＫＯ","5171428176143","","","","","","","893-0132","鹿児島県鹿屋市下高隈町5454-11","","","","","","","","","","","","","","","3340001017460","","","",""
"株式会社ベジ・スタイル","2907007457452","","","","","","","476-0003","愛知県東海市荒尾町仲田60","","","","","","","","","","","","","","","5180001106617","","","",""
"株式会社ベジタスグループ","5533836667492","","","","","","","299-2415","千葉県南房総市富浦町深名505-1","","","","","","","","","","","","","","","2040001115378","","","",""
"株式会社ベースインターナショナル","4718492767125","","","","","","","150-0002","東京都渋谷区渋谷一丁目20-28","","","","","","","","","","","","","","","3011001098499","","","",""
"合同会社ベストアローズ","1432456554970","","","","","","","736-0089","広島県広島市安芸区畑賀町4038-16","","","","","","","","","","","","","","","9240003004032","","","",""
"株式会社ベストサンクス","7702909907077","","","","","","","362-0075","埼玉県上尾市柏座四丁目6-7","","","","","","","","","","","","","","","4120001181550","","","",""
"株式会社ベストショップ","1232147412243","","","","","","","103-0013","東京都中央区日本橋人形町二丁目4-10","","","","","","","","","","","","","","","2010001094063","","","",""
"株式会社ベストスポーツニュートリション","3161994668676","","","","","","","263-0044","千葉県千葉市稲毛区小中台町488-1 稲毛スカイタウン4-504","","","","","","","","","","","","","","","1040001120916","","","",""
"株式会社ベストバリュー","5970639122374","","","","","","","564-0052","大阪府吹田市広芝町7-26 EPOCH江坂ビル606","","","","","","","","","","","","","","","9120001153306","","","",""
"Ｂｅｓｔ　Ｂｅｅｒ　Ｊａｐａｎ株式会社","3247018616976","","","","","","","351-0011","埼玉県朝霞市本町一丁目8-7","","","","","","","","","","","","","","","5011001122216","","","",""
"株式会社ベストロジサポート","9233397316778","","","","","","","277-0872","千葉県柏市十余二287-663","","","","","","","","","","","","","","","6040001116471","","","",""
"株式会社ベストワークス","1821961978675","","","","","","","596-0811","大阪府岸和田市下池田町二丁目6-31","","","","","","","","","","","","","","","6120101054027","","","",""
"ベースフード株式会社","7322368520451","","","","","","","153-0061","東京都目黒区中目黒五丁目25-2","","","","","","","","","","","","","","","6010901037910","","","",""
"株式会社ベゼル・ビオ・プランニング","7732762221725","","","","","","","164-0002","東京都中野区上高田三丁目19-14","","","","","","","","","","","","","","","3011201010965","","","",""
"ベータ食品株式会社","6400361257271","","","","","","","531-0076","大阪府大阪市北区大淀中一丁目16-10 高石ビル5階","","","","","","","","","","","","","","","3120001070168","","","",""
"株式会社ベッツジャパン","2880162396297","","","","","","","467-0027","愛知県名古屋市瑞穂区田辺通五丁目2-11","","","","","","","","","","","","","","","4180001048083","","","",""
"株式会社ベテリナリクス","1281203618650","","","","","","","155-0033","東京都世田谷区代田四丁目10-24","","","","","","","","","","","","","","","8010901029501","","","",""
"株式会社ＢＥＴＯＵＰＥ","7358652090332","","","","","","","653-0841","兵庫県神戸市長田区松野通一丁目7-6 703号","","","","","","","","","","","","","","","8140001126913","","","",""
"株式会社ベニヤ","6652693454309","","","","","","","101-0041","東京都千代田区神田須田町一丁目14-1 ヒューリック神田須田町ビル5F","","","","","","","","","","","","","","","2010002053068","","","",""
"株式会社べにや旅館","7898548028494","","","","","","","910-4104","福井県あわら市温泉四丁目510","","","","","","","","","","","","","","","7210001007272","","","",""
"株式会社ベネ","1939702838628","","","","","","","542-0075","大阪府大阪市中央区難波千日前13-17","","","","","","","","","","","","","","","7120001195110","","","",""
"株式会社ベネシード","3891602089797","","","","","","","530-0003","大阪府大阪市北区堂島二丁目1-31 京阪堂島ビル","","","","","","","","","","","","","","","6120001179997","","","",""
"株式会社ベネフィット－イオン","4704722777980","","","","","","","910-0101","福井県福井市つくし野二丁目106","","","","","","","","","","","","","","","8210001016058","","","",""
"有限会社ベビージャクソンズ","7933274393362","","","","","","","215-0021","神奈川県川崎市麻生区上麻生五丁目38-17 BJビル","","","","","","","","","","","","","","","6010002038338","","","",""
"株式会社Ｂｅｌｌａ　Ｐｅｌｌｅ","6033073490034","","","","","","","810-0023","福岡県福岡市中央区警固一丁目9-2","","","","","","","","","","","","","","","9290001046971","","","",""
"Ｂｅｒｒｙ合同会社","1808869858065","","","","","","","028-5312","岩手県二戸郡一戸町一戸蒔前50-3","","","","","","","","","","","","","","","2400003000954","","","",""
"株式会社ＶＥＲＹ　ＵＰ","8470159784294","","","","","","","160-0021","東京都新宿区歌舞伎町二丁目2-21","","","","","","","","","","","","","","","6013301027985","","","",""
"有限会社ベリータジェーピー","7554679271596","","","","","","","537-0001","大阪府大阪市東成区深江北一丁目6-12","","","","","","","","","","","","","","","7120002048333","","","",""
"ベルヴィ株式会社","8135993541219","","","","","","","679-2304","兵庫県神崎郡市川町下瀬加195-1","","","","","","","","","","","","","","","5140001063614","","","",""
"株式会社ベルカデイア","2312408199411","","","","","","","630-8301","奈良県奈良市高畑町1200-9","","","","","","","","","","","","","","","1150001002161","","","",""
"株式会社ベルキス","3434099628023","","","","","","","578-0931","大阪府東大阪市花園東町一丁目3-9","","","","","","","","","","","","","","","3122001023774","","","",""
"合同会社ベルキャンド","5462074388122","","","","","","","105-0013","東京都港区浜松町二丁目2-15 浜松町ダイヤビル2F","","","","","","","","","","","","","","","2010403024007","","","",""
"株式会社ベルコスメ","1869420816796","","","","","","","105-0003","東京都港区西新橋一丁目2-9 日比谷セントラルビル14階","","","","","","","","","","","","","","","4010401116150","","","",""
"株式会社ベルジュニー","2858269485452","","","","","","","150-0041","東京都渋谷区神南一丁目15-8","","","","","","","","","","","","","","","7011001091054","","","",""
"株式会社ベルチェレスタ","3022090236981","","","","","","","104-0033","東京都中央区新川一丁目20-4 403号","","","","","","","","","","","","","","","5010001106402","","","",""
"株式会社ベルトカイエン","3711921236009","","","","","","","806-0033","福岡県北九州市八幡西区岡田町11-10 101号","","","","","","","","","","","","","","","6290801021623","","","",""
"株式会社ベルーナ","4606827713093","","","","","","","362-0036","埼玉県上尾市宮本町4-2","","","","","","","","","","","","","","","5030001041663","","","",""
"株式会社ベルナチュール","3419059732180","","","","","","","555-0001","大阪府大阪市西淀川区佃一丁目10-13","","","","","","","","","","","","","","","9120901032740","","","",""
"株式会社ベルネージュダイレクト","7903496099640","","","","","","","102-0076","東京都千代田区五番町10-2","","","","","","","","","","","","","","","6010001063832","","","",""
"株式会社ベルバード","4182298897411","","","","","","","286-0118","千葉県成田市本三里塚1001-545","","","","","","","","","","","","","","","8040001043202","","","",""
"株式会社ベルモ","7975856290840","","","","","","","252-0303","神奈川県相模原市南区相模大野八丁目4-10","","","","","","","","","","","","","","","1021001017170","","","",""
"株式会社ベレーザプラン","4019321503754","","","","","","","326-0005","栃木県足利市大月町182","","","","","","","","","","","","","","","2060001020056","","","",""
"株式会社ベレミノアジャパン","7631143983384","","","","","","","601-8392","京都府京都市南区吉祥院内河原町3-2","","","","","","","","","","","","","","","9130001047457","","","",""
"有限会社ベレン","2967244202957","","","","","","","248-0025","神奈川県鎌倉市七里ガ浜東五丁目1-9","","","","","","","","","","","","","","","2021002016889","","","",""
"ペイントレシピ株式会社","3804072570485","","","","","","","811-3223","福岡県福津市光陽台四丁目1-11","","","","","","","","","","","","","","","8290001052475","","","",""
"ペキュリア株式会社","8108853950570","","","","","","","107-0061","東京都港区北青山三丁目6-7 青山パラシオタワー11階","","","","","","","","","","","","","","","1010401108043","","","",""
"ＰＡＧＥ‐ＯＮＥＲ株式会社","3298593986525","","","","","","","160-0022","東京都新宿区新宿四丁目3-17 FORECAST新宿SOUTH6F","","","","","","","","","","","","","","","4011101062965","","","",""
"有限会社ペットアカデミー","3394264453856","","","","","","","193-0833","東京都八王子市めじろ台二丁目1-1 京王めじろ台マンションA-310","","","","","","","","","","","","","","","6010102011087","","","",""
"有限会社ペット・パティース・ジャパン","7079932653250","","","","","","","231-0837","神奈川県横浜市中区滝之上143-6","","","","","","","","","","","","","","","9020002058159","","","",""
"株式会社ペトリュス","1720891673268","","","","","","","107-0062","東京都港区南青山二丁目2-15","","","","","","","","","","","","","","","9010901026547","","","",""
"株式会社ペリオド","3291988845883","","","","","","","111-0042","東京都台東区寿三丁目3-2 小島忠ビル7F","","","","","","","","","","","","","","","1010501033158","","","",""
"株式会社ＰＥＬＬ","8691565141672","","","","","","","170-0013","東京都豊島区東池袋一丁目34-5 いちご東池袋6階","","","","","","","","","","","","","","","1013301038913","","","",""
"ペンギンジャパン合同会社","1841318488884","","","","","","","461-0003","愛知県名古屋市東区筒井三丁目26-23 201号室","","","","","","","","","","","","","","","1070003003645","","","",""
"有限会社豊栄","4792730048242","","","","","","","581-0053","大阪府八尾市竹渕東四丁目31","","","","","","","","","","","","","","","5140002065634","","","",""
"豊栄水産株式会社","4365099676858","","","","","","","546-0001","大阪府大阪市東住吉区今林一丁目2-68 大阪市中央卸売市場東部市場内","","","","","","","","","","","","","","","4120001010965","","","",""
"豊華株式会社","7550675021165","","","","","","","113-0033","東京都文京区本郷一丁目5-17 三洋ビル47","","","","","","","","","","","","","","","7010001172608","","","",""
"株式会社萌芽","2224991087077","","","","","","","273-0011","千葉県船橋市湊町二丁目1-18 勝山ビル2F","","","","","","","","","","","","","","","4040001107976","","","",""
"有限会社ホウムラ","8411203283588","","","","","","","047-0157","北海道小樽市船浜町8-31","","","","","","","","","","","","","","","6430002055150","","","",""
"ホウヤシステム合同会社","1138791127084","","","","","","","739-2208","広島県東広島市河内町入野1831-28","","","","","","","","","","","","","","","2260003001117","","","",""
"株式会社宝来商事","5529019008253","","","","","","","350-1165","埼玉県川越市南台三丁目12-2 南大塚ビル2F","","","","","","","","","","","","","","","2010501039311","","","",""
"株式会社宝力本舗","1377468075596","","","","","","","101-0031","東京都千代田区東神田三丁目2-4","","","","","","","","","","","","","","","9010001218202","","","",""
"合同会社ほおすけ","2663367609087","","","","","","","472-0007","愛知県知立市牛田町高根30-30","","","","","","","","","","","","","","","5180303002340","","","",""
"有限会社ホクセイギフトセンター","4803468202963","","","","","","","511-0944","三重県桑名市大字芳ケ崎1289","","","","","","","","","","","","","","","5190002017804","","","",""
"株式会社北倉","4480236416136","","","","","","","059-1603","北海道勇払郡厚真町本町2","","","","","","","","","","","","","","","2430001054561","","","",""
"株式会社北斗恵栽園","6427060116524","","","","","","","041-1211","北海道北斗市白川258-10","","","","","","","","","","","","","","","7440001008628","","","",""
"合資会社ほくほくとう","7463264974696","","","","","","","559-0034","大阪府大阪市住之江区南港北二丁目1-10","","","","","","","","","","","","","","","1120003005792","","","",""
"有限会社北陸エスディ","9531680796266","","","","","","","920-0203","石川県金沢市木越町タ148-1","","","","","","","","","","","","","","","3220002005328","","","",""
"ＨＯＳＨＩＮＯ株式会社","3048927409709","","","","","","","334-0074","埼玉県川口市江戸二丁目12-34 フォーズ川口ビル3階","","","","","","","","","","","","","","","3011401022777","","","",""
"株式会社星元","4070601113828","","","","","","","946-0041","新潟県魚沼市本町一丁目4","","","","","","","","","","","","","","","6110001028511","","","",""
"株式会社星山","4653736290829","","","","","","","664-0845","兵庫県伊丹市東有岡一丁目18-13","","","","","","","","","","","","","","","8140001083725","","","",""
"株式会社ホージョー","4762107960839","","","","","","","811-2304","福岡県糟屋郡粕屋町大字仲原2924-17","","","","","","","","","","","","","","","9290801020622","","","",""
"株式会社北海十勝餃子","3376150069189","","","","","","","080-0023","北海道帯広市西十三条南十一丁目3-12","","","","","","","","","","","","","","","7460101004392","","","",""
"北海道キリンビバレッジサービス株式会社","5055166080099","","","","","","","060-0011","北海道札幌市中央区北十一条西十九丁目36-147","","","","","","","","","","","","","","","5430001028389","","","",""
"株式会社北海道産直フーズ","6482095366808","","","","","","","047-0266","北海道小樽市張碓町497-2","","","","","","","","","","","","","","","2430002056846","","","",""
"北海道純馬油本舗株式会社","9504932511924","","","","","","","066-0056","北海道千歳市白樺二丁目5-12","","","","","","","","","","","","","","","8430002048648","","","",""
"北海道プリオン株式会社","6366058843720","","","","","","","062-0903","北海道札幌市豊平区豊平三条九丁目3-10","","","","","","","","","","","","","","","4430001038983","","","",""
"株式会社ホットクルー","5872255462207","","","","","","","330-0064","埼玉県さいたま市浦和区岸町四丁目20-15 レインボーつきのみや1F","","","","","","","","","","","","","","","6030001117157","","","",""
"株式会社ホットココア","6305144378245","","","","","","","170-0013","東京都豊島区東池袋三丁目1-1 サンシャイン60","","","","","","","","","","","","","","","9011001072688","","","",""
"合同会社ホットプランニング","2471494172322","","","","","","","370-3511","群馬県高崎市金古町1769-8","","","","","","","","","","","","","","","7070003001726","","","",""
"株式会社ホテラバ","5979771961853","","","","","","","150-0002","東京都渋谷区渋谷三丁目27-11","","","","","","","","","","","","","","","6010001223618","","","",""
"株式会社ホビーサーチ","1896144190204","","","","","","","113-0033","東京都文京区本郷四丁目9-22 本郷フジビル2階","","","","","","","","","","","","","","","9010501021147","","","",""
"株式会社ほぼ日","8780138539375","","","","","","","101-0054","東京都千代田区神田錦町三丁目18","","","","","","","","","","","","","","","1010401048826","","","",""
"株式会社ホームショッピング","6838982973517","","","","","","","007-0847","北海道札幌市東区北四十七条東七丁目1-53","","","","","","","","","","","","","","","2430001014532","","","",""
"株式会社ホームワーキング","7810090395922","","","","","","","168-0061","東京都杉並区大宮一丁目17-10","","","","","","","","","","","","","","","7011301026940","","","",""
"株式会社穂山","4701898373917","","","","","","","731-3167","広島県広島市安佐南区大塚西六丁目11-3","","","","","","","","","","","","","","","4240001048969","","","",""
"株式会社ホーリ通信","7344558844939","","","","","","","101-0031","東京都千代田区東神田一丁目4-9","","","","","","","","","","","","","","","6010002049070","","","",""
"ホリデー・ラボ合同会社","2809597525762","","","","","","","105-0013","東京都港区浜松町二丁目2-15 浜松町ダイヤビル2F","","","","","","","","","","","","","","","9010703005022","","","",""
"ホロンズ株式会社","6562111930702","","","","","","","222-0033","神奈川県横浜市港北区新横浜三丁目18-20 パシフィックマークス新横浜10F","","","","","","","","","","","","","","","2020001095218","","","",""
"ＷＨＩＴＥ　ＢＥＡＲ株式会社","3515102070581","","","","","","","505-0003","岐阜県美濃加茂市山之上町371","","","","","","","","","","","","","","","3200001030072","","","",""
"株式会社ホワイトベアー","2108574053286","","","","","","","542-0082","大阪府大阪市中央区島之内一丁目19-3","","","","","","","","","","","","","","","2120001138024","","","",""
"株式会社ホワイトロード","7085711973464","","","","","","","503-0885","岐阜県大垣市本町一丁目5","","","","","","","","","","","","","","","8200001016752","","","",""
"有限会社本家豆大福達摩堂","1106270244267","","","","","","","504-0953","岐阜県各務原市那加東那加町17","","","","","","","","","","","","","","","6200002008239","","","",""
"株式会社本舗．ｃｏｍ","1357114902989","","","","","","","060-0013","北海道札幌市中央区北十三条西十七丁目1-36","","","","","","","","","","","","","","","5430001040294","","","",""
"株式会社防犯ーダイレクト","3204830326418","","","","","","","169-0072","東京都新宿区大久保二丁目7-1 大久保フジビル402号","","","","","","","","","","","","","","","9011101074163","","","",""
"合同会社ボーダー","9888895775749","","","","","","","791-4504","愛媛県松山市宮野403-2","","","","","","","","","","","","","","","5500003001816","","","",""
"株式会社ボーダレス","8852043583451","","","","","","","475-0927","愛知県半田市北二ツ坂町二丁目13-17 半田第3ロイヤルマンション303","","","","","","","","","","","","","","","3180001118226","","","",""
"株式会社ボーダレス","3356553812622","","","","","","","550-0015","大阪府大阪市西区南堀江一丁目4-19 なんばスミソウビル6F","","","","","","","","","","","","","","","5120001163820","","","",""
"合同会社ボーダレスワールド","9928372304091","","","","","","","605-0801","京都府京都市東山区宮川筋一丁目220-505","","","","","","","","","","","","","","","7120003007676","","","",""
"Ｂｏｋｋｓｕ株式会社","7792484606998","","","","","","","105-0001","東京都港区虎ノ門一丁目17-1 虎ノ門ヒルズビジネスタワー15階CICJapan内","","","","","","","","","","","","","","","4010701035810","","","",""
"株式会社ボーテ","5775534554778","","","","","","","132-0023","東京都江戸川区西一之江四丁目16-13","","","","","","","","","","","","","","","2020001116510","","","",""
"株式会社ボディメンテ","5792230560749","","","","","","","810-0004","福岡県福岡市中央区渡辺通五丁目14-12 南天神ビル3階","","","","","","","","","","","","","","","8290001074602","","","",""
"株式会社ボビングワールド","5853719300630","","","","","","","542-0081","大阪府大阪市中央区南船場四丁目9-3 東新ビル地下1階","","","","","","","","","","","","","","","2120001202390","","","",""
"株式会社ボーブラジャパン","6955436599385","","","","","","","102-0073","東京都千代田区九段北一丁目3-5 九段一丁目ビル2階","","","","","","","","","","","","","","","4010001116988","","","",""
"株式会社ボボラインターナショナル","4866627701074","","","","","","","150-0002","東京都渋谷区渋谷三丁目5-16 渋谷三丁目スクエアビル2F","","","","","","","","","","","","","","","7011001095113","","","",""
"株式会社ボルテックス","1832930810812","","","","","","","165-0022","東京都中野区江古田三丁目10-5","","","","","","","","","","","","","","","9080001019230","","","",""
"株式会社ＢＡＬＬＲＯＯＭ","4116890296512","","","","","","","153-0042","東京都目黒区青葉台一丁目27-10 アーベイン青葉台7F","","","","","","","","","","","","","","","7011001109665","","","",""
"ボンエスポワール株式会社","2571364476948","","","","","","","665-0844","兵庫県宝塚市武庫川町1-5 2305号","","","","","","","","","","","","","","","3140001103371","","","",""
"有限会社ＢＯＮＳＡＩ","4376948010531","","","","","","","243-0002","神奈川県厚木市元町18-20","","","","","","","","","","","","","","","8021002072423","","","",""
"株式会社ボンズコネクト","8089132827019","","","","","","","540-0011","大阪府大阪市中央区農人橋一丁目1-7 谷町エクセルビル3F","","","","","","","","","","","","","","","9120001161044","","","",""
"合同会社ボンニュイ","8371732684114","","","","","","","343-0023","埼玉県越谷市東越谷六丁目205-8","","","","","","","","","","","","","","","8030003016157","","","",""
"株式会社ポイントイェス","6603298554229","","","","","","","813-0001","福岡県福岡市東区唐原二丁目8-17","","","","","","","","","","","","","","","8290001070551","","","",""
"ポケット商事株式会社","6094060928379","","","","","","","534-0016","大阪府大阪市都島区友渕町一丁目7-1 601","","","","","","","","","","","","","","","5120001141801","","","",""
"株式会社ポケットドリーム","8113766469549","","","","","","","178-0065","東京都練馬区西大泉二丁目8-39","","","","","","","","","","","","","","","5011401019986","","","",""
"株式会社ポスト","4858583814757","","","","","","","113-0021","東京都文京区本駒込四丁目36-7 1202号","","","","","","","","","","","","","","","6010001116499","","","",""
"ポッセカット株式会社","9993926268992","","","","","","","150-0002","東京都渋谷区渋谷二丁目19-15 宮益坂ビルディング609","","","","","","","","","","","","","","","2011001143636","","","",""
"株式会社ポット・マジョラム","4679613825753","","","","","","","231-0015","神奈川県横浜市中区尾上町六丁目87-1","","","","","","","","","","","","","","","7020001106515","","","",""
"ＰＯＲＴ　ＳＴＹＬＥ株式会社","7346191821831","","","","","","","650-0021","兵庫県神戸市中央区三宮町一丁目3-9","","","","","","","","","","","","","","","2140001028933","","","",""
"ＰＯＲＴＦＯＬＩＯＳ株式会社","4882772300468","","","","","","","107-0062","東京都港区南青山四丁目20-3","","","","","","","","","","","","","","","9010401144312","","","",""
"株式会社ポニー","1493804594583","","","","","","","132-0035","東京都江戸川区平井五丁目38-4","","","","","","","","","","","","","","","4011701007221","","","",""
"ポパイネット株式会社","4710160406677","","","","","","","179-0084","東京都練馬区氷川台三丁目36-20 303","","","","","","","","","","","","","","","6010501022544","","","",""
"ポメロ株式会社","2731372303737","","","","","","","210-0807","神奈川県川崎市川崎区港町5-3 1828号室","","","","","","","","","","","","","","","7010601047201","","","",""
"ポーラスター株式会社","2499993862634","","","","","","","251-0044","神奈川県藤沢市辻堂太平台一丁目17-23","","","","","","","","","","","","","","","7021002008840","","","",""
"株式会社ＰａｕｌＪｏｈｎ","9560676415614","","","","","","","150-0031","東京都渋谷区桜丘町23-17 408","","","","","","","","","","","","","","","7011001133087","","","",""
"ポルトガル・トレード株式会社","4276142754692","","","","","","","560-0083","大阪府豊中市新千里西町三丁目6-12","","","","","","","","","","","","","","","9120901036122","","","",""
"ポワリエ・ショコラ株式会社","4950350045170","","","","","","","789-1232","高知県高岡郡佐川町東組1467-2","","","","","","","","","","","","","","","8490001009042","","","",""
"株式会社マイクロトレード","3771334801156","","","","","","","841-0024","佐賀県鳥栖市原町1337-2","","","","","","","","","","","","","","","2290001069541","","","",""
"株式会社マイシン","1222398988487","","","","","","","173-0036","東京都板橋区向原一丁目2-3 301","","","","","","","","","","","","","","","3011402019772","","","",""
"マイセン株式会社","5445655193208","","","","","","","791-0213","愛媛県東温市牛渕1956","","","","","","","","","","","","","","","3500001019960","","","",""
"マイティ株式会社","9484213977841","","","","","","","577-0816","大阪府東大阪市友井五丁目4-21","","","","","","","","","","","","","","","3122001006399","","","",""
"マイティ・カンパニー株式会社","8438535719822","","","","","","","194-0035","東京都町田市忠生二丁目26-9","","","","","","","","","","","","","","","4021001049905","","","",""
"有限会社マイティー・クラウン・エンターテイメント","6363776867609","","","","","","","231-0861","神奈川県横浜市中区元町二丁目99","","","","","","","","","","","","","","","8020002068126","","","",""
"マイナチュラ株式会社","3128664057201","","","","","","","104-0061","東京都中央区銀座一丁目16-7 大栄銀座ビル5F","","","","","","","","","","","","","","","2180001129661","","","",""
"株式会社毎日笑顔","9885743790585","","","","","","","220-0004","神奈川県横浜市西区北幸二丁目5-17","","","","","","","","","","","","","","","2010401103670","","","",""
"毎日新聞開発株式会社","6888508166607","","","","","","","169-0072","東京都新宿区大久保三丁目14-4 毎日新聞早稲田別館内","","","","","","","","","","","","","","","8010001029988","","","",""
"マイフィールド株式会社","9000861062976","","","","","","","279-0023","千葉県浦安市高洲一丁目1-24 101号アルファグランデ新浦安","","","","","","","","","","","","","","","6040001090551","","","",""
"株式会社マイプレシャス","9571895825434","","","","","","","240-0005","神奈川県横浜市保土ケ谷区神戸町134 横浜ビジネスパークノーススクエアI2階","","","","","","","","","","","","","","","5020001030948","","","",""
"ＭＹ　ＬＩＴＴＬＥ　ＢＯＸ株式会社","7718797999360","","","","","","","150-0001","東京都渋谷区神宮前四丁目14-9 ゼファ表参道テラス2F-3F","","","","","","","","","","","","","","","8011001095913","","","",""
"株式会社ＭＡＩＬＯ","9439100310068","","","","","","","514-2211","三重県津市芸濃町椋本6291-1","","","","","","","","","","","","","","","4190001019240","","","",""
"株式会社マイロール","6201971651114","","","","","","","101-0065","東京都千代田区西神田三丁目3-9","","","","","","","","","","","","","","","1011101076547","","","",""
"株式会社マインドアート","7816750256985","","","","","","","141-0031","東京都品川区西五反田七丁目13-6 SDI五反田ビル2階","","","","","","","","","","","","","","","6011001055092","","","",""
"マインリーフデ株式会社","8214665384982","","","","","","","615-0878","京都府京都市右京区西京極北衣手町14-5","","","","","","","","","","","","","","","5130001056288","","","",""
"株式会社マエカワ事務機","1415410245538","","","","","","","344-0058","埼玉県春日部市栄町一丁目432-2","","","","","","","","","","","","","","","5030001052421","","","",""
"有限会社前田商店","8244826433859","","","","","","","089-3334","北海道中川郡本別町北三丁目2-17","","","","","","","","","","","","","","","2460102006335","","","",""
"株式会社前田家","6520606786176","","","","","","","807-0837","福岡県北九州市八幡西区則松東二丁目2-21","","","","","","","","","","","","","","","5290801013233","","","",""
"株式会社マオコーポレーション","2675030056172","","","","","","","553-0003","大阪府大阪市福島区福島三丁目7-39 403号","","","","","","","","","","","","","","","7120001109953","","","",""
"株式会社マカン","5041716549468","","","","","","","105-0004","東京都港区新橋二丁目4-5 不二ビルディング新橋7F","","","","","","","","","","","","","","","3010401141496","","","",""
"株式会社マガジンダイレクト","9908323637174","","","","","","","154-0005","東京都世田谷区三宿二丁目12-5 1階","","","","","","","","","","","","","","","2010401053981","","","",""
"株式会社マキシム","4656446383197","","","","","","","651-0084","兵庫県神戸市中央区磯辺通三丁目2-11 三宮ファーストビル8F","","","","","","","","","","","","","","","8140001026931","","","",""
"株式会社ＭＡＸＩＮＧ","4111425541671","","","","","","","150-0002","東京都渋谷区渋谷一丁目10-3","","","","","","","","","","","","","","","9011001063836","","","",""
"株式会社マーキュリープラス","7275496704424","","","","","","","104-0043","東京都中央区湊二丁目15-14 1806号","","","","","","","","","","","","","","","3120001187359","","","",""
"株式会社マークス＆ラン","4577091364044","","","","","","","550-0012","大阪府大阪市西区立売堀一丁目3-13 第三富士ビル6F","","","","","","","","","","","","","","","4120001133502","","","",""
"株式会社マクロウェーブ","2044606113241","","","","","","","614-8333","京都府八幡市橋本東刈又70-1","","","","","","","","","","","","","","","4130001046942","","","",""
"株式会社マクロキッチンキグフジ","5870808637852","","","","","","","792-0811","愛媛県新居浜市庄内町四丁目6-68","","","","","","","","","","","","","","","9500001010303","","","",""
"株式会社マークワン","7713212805878","","","","","","","554-0011","大阪府大阪市此花区朝日二丁目18-8 3F-652","","","","","","","","","","","","","","","8122001030808","","","",""
"株式会社ｍａｇ","2755044903655","","","","","","","491-0922","愛知県一宮市大和町妙興寺三十八社前46-4","","","","","","","","","","","","","","","2180001117105","","","",""
"株式会社マグナス製薬","7397570158303","","","","","","","175-0082","東京都板橋区高島平四丁目2-5","","","","","","","","","","","","","","","3011401002416","","","",""
"株式会社ＭＡＧＮＥＴ","5123869188219","","","","","","","590-0984","大阪府堺市堺区神南辺町三丁107-11","","","","","","","","","","","","","","","5010001204825","","","",""
"合同会社まぐねっと","5059901711576","","","","","","","812-0016","福岡県福岡市博多区博多駅南三丁目15-1 606","","","","","","","","","","","","","","","5290003003330","","","",""
"株式会社マグネティック","1198813637548","","","","","","","542-0066","大阪府大阪市中央区瓦屋町二丁目4-2 301","","","","","","","","","","","","","","","9011101074188","","","",""
"株式会社マーサ・アンド・カンパニー","3586398968710","","","","","","","111-0035","東京都台東区西浅草二丁目17-13","","","","","","","","","","","","","","","6010001138584","","","",""
"有限会社マサヤ","4766484905772","","","","","","","516-0221","三重県度会郡南伊勢町宿浦1114-10","","","","","","","","","","","","","","","6190002010832","","","",""
"マザーアース・ソリューション株式会社","1893359206803","","","","","","","106-0032","東京都港区六本木七丁目7-7","","","","","","","","","","","","","","","6010401106694","","","",""
"株式会社Ｍａｒｃｙｓ　Ｊａｐａｎ","4930697606982","","","","","","","105-0013","東京都港区浜松町二丁目2-5 2階B号室","","","","","","","","","","","","","","","1010401121054","","","",""
"株式会社マシューマロー","3877809438928","","","","","","","168-0063","東京都杉並区和泉一丁目23-17 ピース和泉1F","","","","","","","","","","","","","","","7011301026503","","","",""
"株式会社マジカル","8505885948122","","","","","","","169-0075","東京都新宿区高田馬場三丁目3-1 ユニオン駅前ビル6F","","","","","","","","","","","","","","","6011101020021","","","",""
"合同会社マスケン","7240067306808","","","","","","","069-1317","北海道夕張郡長沼町東四線北4","","","","","","","","","","","","","","","9430003006892","","","",""
"マスターエレク株式会社","9056540953773","","","","","","","339-0022","埼玉県さいたま市岩槻区大字高曽根803-3","","","","","","","","","","","","","","","6030001017662","","","",""
"合同会社ＭＡＳＴＥＲＳ","5254753586403","","","","","","","765-0053","香川県善通寺市生野町2884-6","","","","","","","","","","","","","","","1470003000701","","","",""
"有限会社益田","9788374462461","","","","","","","736-0082","広島県広島市安芸区船越南五丁目1-1","","","","","","","","","","","","","","","6240002022896","","","",""
"有限会社マスナガ","1394647392417","","","","","","","861-4115","熊本県熊本市南区川尻六丁目9-77","","","","","","","","","","","","","","","4330002009746","","","",""
"マースプラネット株式会社","5325514877937","","","","","","","601-8111","京都府京都市南区上鳥羽苗代町21-102 B","","","","","","","","","","","","","","","1140001097590","","","",""
"株式会社まちから","5464096878822","","","","","","","919-2229","福井県大飯郡高浜町三明1-12","","","","","","","","","","","","","","","1210001017574","","","",""
"株式会社松井家具店","1974658316680","","","","","","","755-0151","山口県宇部市大字西岐波4565-15","","","","","","","","","","","","","","","1250001003595","","","",""
"有限会社マツエイ","9746696615431","","","","","","","669-6432","兵庫県美方郡香美町香住区上計1152","","","","","","","","","","","","","","","1140002046448","","","",""
"株式会社松下信平商店","2784499157250","","","","","","","231-0861","神奈川県横浜市中区元町二丁目85","","","","","","","","","","","","","","","3020003002443","","","",""
"株式会社マツショー","6543442057814","","","","","","","460-0017","愛知県名古屋市中区松原一丁目17-7 三河ビル2階","","","","","","","","","","","","","","","6180003008595","","","",""
"株式会社まっすぐ","2311397970907","","","","","","","755-0035","山口県宇部市西琴芝二丁目10-20-2","","","","","","","","","","","","","","","3250001014244","","","",""
"株式会社松平商会","1054494045346","","","","","","","679-2123","兵庫県姫路市豊富町豊富2316-1","","","","","","","","","","","","","","","5140001065750","","","",""
"株式会社ｍａｄ　ｍａｘ","2852577359713","","","","","","","164-0003","東京都中野区東中野一丁目58-8 パークハビオ東中野1404","","","","","","","","","","","","","","","5011201012761","","","",""
"株式会社松屋","5136850397346","","","","","","","537-0013","大阪府大阪市東成区大今里南一丁目9-14","","","","","","","","","","","","","","","7120001167860","","","",""
"株式会社マテリア","9051523478751","","","","","","","221-0834","神奈川県横浜市神奈川区台町11-22","","","","","","","","","","","","","","","4020001057463","","","",""
"株式会社Ｍａｔｕｒｉ　ＪＡＰＡＮ","4166845945022","","","","","","","578-0935","大阪府東大阪市若江東町一丁目1-57","","","","","","","","","","","","","","","1122001026812","","","",""
"マトリックスステーション株式会社","2708960395326","","","","","","","996-0051","山形県新庄市大字松本277","","","","","","","","","","","","","","","2390001013373","","","",""
"マヌカハニー株式会社","7039373991014","","","","","","","900-0015","沖縄県那覇市久茂地一丁目1-1 パレットくもじ9F","","","","","","","","","","","","","","","3020001128026","","","",""
"株式会社マハロ","6589585108267","","","","","","","461-0001","愛知県名古屋市東区泉一丁目13-35 CSCHASAYAビル4F","","","","","","","","","","","","","","","1010401080977","","","",""
"株式会社マハロネットワーク","2499846159830","","","","","","","330-0843","埼玉県さいたま市大宮区吉敷町四丁目210-6","","","","","","","","","","","","","","","1030001094450","","","",""
"株式会社ｍａｒｂｌｅ","5379288201401","","","","","","","279-0002","千葉県浦安市北栄四丁目19-14 203","","","","","","","","","","","","","","","6200001038278","","","",""
"まーぶる本舗株式会社","6617386216725","","","","","","","192-0907","東京都八王子市長沼町202-1 ピオスハイツカンベ1B","","","","","","","","","","","","","","","2013401006075","","","",""
"ママ・チョイス株式会社","2621323221736","","","","","","","790-0845","愛媛県松山市道後今市12-20","","","","","","","","","","","","","","","3020001055674","","","",""
"株式会社ママリボーン","1980137238481","","","","","","","230-0003","神奈川県横浜市鶴見区尻手一丁目6-1","","","","","","","","","","","","","","","1020001081821","","","",""
"Ｍａ　ｍａｉｓｏｎ　Ｇｒｏｕｐ株式会社","8230336121659","","","","","","","350-1305","埼玉県狭山市入間川二丁目11-13","","","","","","","","","","","","","","","1030001144206","","","",""
"合同会社Ｍａｌｌｉａｈ","6856568460497","","","","","","","177-0044","東京都練馬区上石神井三丁目7-8","","","","","","","","","","","","","","","7011303002171","","","",""
"株式会社マリーナ","3853865206801","","","","","","","651-0088","兵庫県神戸市中央区小野柄通四丁目1-15 振興ビル4F","","","","","","","","","","","","","","","4140001109756","","","",""
"株式会社マルイゲタ小坂水産","2803765783555","","","","","","","048-0404","北海道寿都郡寿都町字大磯町187","","","","","","","","","","","","","","","4440001006709","","","",""
"有限会社丸石齋藤商店","6506787577890","","","","","","","421-0401","静岡県牧之原市切山2808","","","","","","","","","","","","","","","4080002015266","","","",""
"株式会社マルウ海野商店","7209823853142","","","","","","","422-8045","静岡県静岡市駿河区西島737-1","","","","","","","","","","","","","","","5080001004913","","","",""
"丸勝ビジネス株式会社","3780386170538","","","","","","","136-0074","東京都江東区東砂六丁目19-18","","","","","","","","","","","","","","","5010601046114","","","",""
"株式会社マルキュウフルーツ","5896771879564","","","","","","","406-0035","山梨県笛吹市石和町広瀬974","","","","","","","","","","","","","","","3090001017206","","","",""
"株式会社ＭＡＲＵＫＵ　Ｃｏｍｐａｎｙ","9478290837300","","","","","","","177-0054","東京都練馬区立野町7-12 301","","","","","","","","","","","","","","","6011601024967","","","",""
"株式会社丸小","1316889998875","","","","","","","470-0102","愛知県日進市藤島町前田99-20","","","","","","","","","","","","","","","7180001002979","","","",""
"有限会社丸信物産","7887636569572","","","","","","","958-0837","新潟県村上市三之町9-36","","","","","","","","","","","","","","","2110002021766","","","",""
"丸十商事株式会社","8632543586564","","","","","","","500-8833","岐阜県岐阜市神田町九丁目23","","","","","","","","","","","","","","","1200001005043","","","",""
"株式会社マルス","7959242264380","","","","","","","334-0002","埼玉県川口市鳩ヶ谷本町三丁目8-2 1006号","","","","","","","","","","","","","","","1030001083511","","","",""
"株式会社マルチョウ","8135984648831","","","","","","","343-0813","埼玉県越谷市越ヶ谷一丁目3-14","","","","","","","","","","","","","","","8030001065065","","","",""
"マルテンフーズ株式会社","1478023664134","","","","","","","671-1601","兵庫県たつの市揖保川町半田672","","","","","","","","","","","","","","","2140001038635","","","",""
"株式会社マルトク家具","5459701553841","","","","","","","573-0102","大阪府枚方市長尾家具町二丁目12-17","","","","","","","","","","","","","","","5120001150661","","","",""
"株式会社丸富","4258510160515","","","","","","","709-1211","岡山県岡山市南区迫川839-7","","","","","","","","","","","","","","","7260001033033","","","",""
"丸仁興産株式会社","1936335610026","","","","","","","451-0062","愛知県名古屋市西区花の木一丁目2-18","","","","","","","","","","","","","","","7180001119798","","","",""
"株式会社丸菱ＬＩＮＫｅｄ","9933812604539","","","","","","","861-2241","熊本県上益城郡益城町大字宮園788","","","","","","","","","","","","","","","3010701034326","","","",""
"株式会社マルフク商事","5234203179224","","","","","","","333-0801","埼玉県川口市東川口三丁目3-14","","","","","","","","","","","","","","","6030001007861","","","",""
"株式会社丸麺侍","3786255931906","","","","","","","323-0807","栃木県小山市城東一丁目9-29","","","","","","","","","","","","","","","8060001024274","","","",""
"株式会社まるもり","8111030606394","","","","","","","959-2445","新潟県新発田市館野小路85-1","","","","","","","","","","","","","","","6110001031580","","","",""
"有限会社円山屋今村昇平商店","4990919403117","","","","","","","064-0951","北海道札幌市中央区宮の森一条十一丁目1-10","","","","","","","","","","","","","","","9430002041692","","","",""
"株式会社マルヨ","2517210245886","","","","","","","594-0071","大阪府和泉市府中町一丁目23-1 ニシノビル302","","","","","","","","","","","","","","","3120101047685","","","",""
"萬久有限会社","2733531582541","","","","","","","103-0023","東京都中央区日本橋本町四丁目4-11 サイプレス日本橋本町","","","","","","","","","","","","","","","2010002030513","","","",""
"万象株式会社","6954513026715","","","","","","","650-0017","兵庫県神戸市中央区楠町一丁目6-2-2","","","","","","","","","","","","","","","4140001104435","","","",""
"万通商事株式会社","8649273908480","","","","","","","332-0024","埼玉県川口市飯原町4-6","","","","","","","","","","","","","","","7013301034510","","","",""
"株式会社万通商事","2875380196975","","","","","","","273-0011","千葉県船橋市湊町三丁目11-7","","","","","","","","","","","","","","","9040001024705","","","",""
"有限会社まんてん堂","5606444570469","","","","","","","540-0025","大阪府大阪市中央区徳井町二丁目2-2 テツタニビル4F","","","","","","","","","","","","","","","9120002055278","","","",""
"株式会社みうら","2958249196031","","","","","","","700-0924","岡山県岡山市北区大元一丁目11-8","","","","","","","","","","","","","","","8260001023891","","","",""
"株式会社未央通商","5368375617122","","","","","","","541-0056","大阪府大阪市中央区久太郎町一丁目8-9 501号","","","","","","","","","","","","","","","4120001204716","","","",""
"ｍｉｘｅｌｌ株式会社","6443704306879","","","","","","","885-0023","宮崎県都城市栄町8-12","","","","","","","","","","","","","","","4030001112234","","","",""
"株式会社ミクロブストジャパン","4736199602642","","","","","","","164-0003","東京都中野区東中野四丁目4-5 703","","","","","","","","","","","","","","","5011601023053","","","",""
"ＭｉｇＮｅｔ株式会社","4633734198664","","","","","","","154-0004","東京都世田谷区太子堂二丁目14-16 103号","","","","","","","","","","","","","","","1010401099489","","","",""
"ｍｉｃｏ株式会社","3160958788847","","","","","","","107-0062","東京都港区南青山二丁目2-15","","","","","","","","","","","","","","","9010401168402","","","",""
"株式会社ＭＩＪＩＮ　ＣＯＳＭＥ","2398401911952","","","","","","","169-0073","東京都新宿区百人町二丁目24-10","","","","","","","","","","","","","","","2011101056630","","","",""
"株式会社Ｍｒ．Ｂｌｉｓｓ","5736824775594","","","","","","","541-0051","大阪府大阪市中央区備後町三丁目3-1 西島ビル5F","","","","","","","","","","","","","","","8120001196850","","","",""
"株式会社ミスターモジョ","9409733254450","","","","","","","541-0047","大阪府大阪市中央区淡路町一丁目1-8 エイワビル301","","","","","","","","","","","","","","","4120001230869","","","",""
"株式会社ミスミ製薬","6114404376609","","","","","","","810-0073","福岡県福岡市中央区舞鶴二丁目1-10 天神フロントスクエア5F","","","","","","","","","","","","","","","3290001076743","","","",""
"有限会社ミズ・オガワ","2996868519821","","","","","","","107-0062","東京都港区南青山四丁目1-15 アルテカベルテプラザビル203","","","","","","","","","","","","","","","8010102011317","","","",""
"有限会社水谷製麺所","7764114369550","","","","","","","859-3715","長崎県東彼杵郡波佐見町宿郷411-1","","","","","","","","","","","","","","","6310002012535","","","",""
"水原産業株式会社","9952887987886","","","","","","","667-0102","兵庫県養父市十二所903-1","","","","","","","","","","","","","","","2012301010113","","","",""
"株式会社ミソラプランニング","6257652730167","","","","","","","506-0031","岐阜県高山市西之一色町二丁目24","","","","","","","","","","","","","","","9200001029373","","","",""
"株式会社ＭＩＴＳＵＫＡＤＯ","7308986510003","","","","","","","108-0071","東京都港区白金台三丁目18-10 井上ビル3F","","","","","","","","","","","","","","","3060001029971","","","",""
"株式会社ミッケタジャパン","7004397061515","","","","","","","731-0144","広島県広島市安佐南区高取北一丁目22-21 301号","","","","","","","","","","","","","","","8240001049237","","","",""
"ミッション株式会社","3932649611648","","","","","","","151-0073","東京都渋谷区笹塚一丁目30-3 ビラージュ笹塚","","","","","","","","","","","","","","","1010001145180","","","",""
"株式会社３つの里","8754665667153","","","","","","","320-0065","栃木県宇都宮市駒生町3319-21","","","","","","","","","","","","","","","8060001022402","","","",""
"株式会社みつば","6857261909846","","","","","","","227-0043","神奈川県横浜市青葉区藤が丘一丁目28-40 3F","","","","","","","","","","","","","","","6020001105121","","","",""
"株式会社三ツ矢","5649302194625","","","","","","","731-0501","広島県安芸高田市吉田町吉田1406-1","","","","","","","","","","","","","","","2240001025219","","","",""
"株式会社ミーツラボ","7885018144993","","","","","","","650-0017","兵庫県神戸市中央区楠町六丁目3-16 ドエル大倉山702","","","","","","","","","","","","","","","7140001097718","","","",""
"株式会社ミトク化粧品","9514123024119","","","","","","","105-0022","東京都港区海岸一丁目9-1","","","","","","","","","","","","","","","4010401038122","","","",""
"三友商事株式会社","8570565989472","","","","","","","279-0023","千葉県浦安市高洲六丁目1-4 605号","","","","","","","","","","","","","","","9040001085821","","","",""
"有限会社みどりや","8188447519157","","","","","","","780-0955","高知県高知市旭天神町15","","","","","","","","","","","","","","","2490002007942","","","",""
"株式会社ミナカラ","8533817498518","","","","","","","150-0012","東京都渋谷区広尾一丁目10-4 越山LKビル6階","","","","","","","","","","","","","","","1011101068461","","","",""
"有限会社ミナト","4843631689115","","","","","","","168-0082","東京都杉並区久我山二丁目11-10","","","","","","","","","","","","","","","7011302008995","","","",""
"ミナト電機工業株式会社","9839165976614","","","","","","","828-0031","福岡県豊前市大字三毛門281-1","","","","","","","","","","","","","","","7290801015599","","","",""
"合同会社南魚沼コミュニケーションズ","2510722272169","","","","","","","949-7301","新潟県南魚沼市五箇714-2","","","","","","","","","","","","","","","5110003004296","","","",""
"株式会社ＭＩＮＡＭＯＴＯ商事","1507986115812","","","","","","","544-0034","大阪府大阪市生野区桃谷二丁目4-6","","","","","","","","","","","","","","","1120001194027","","","",""
"株式会社ＭＩＮＵＴＥＳ","7652592626138","","","","","","","171-0014","東京都豊島区池袋二丁目24-4 サン池袋","","","","","","","","","","","","","","","1013301011936","","","",""
"株式会社ミネラルエージェント","7248270497854","","","","","","","107-0052","東京都港区赤坂七丁目9-4 2階","","","","","","","","","","","","","","","5010401074918","","","",""
"有限会社三花","7980853459961","","","","","","","770-0047","徳島県徳島市名東町二丁目355-45","","","","","","","","","","","","","","","2480002005468","","","",""
"株式会社ＭＩＭＳ","3446271909799","","","","","","","653-0843","兵庫県神戸市長田区御屋敷通五丁目3-17 1F南","","","","","","","","","","","","","","","2140001096939","","","",""
"有限会社みむろ","8087653897848","","","","","","","425-0014","静岡県焼津市中里146-1","","","","","","","","","","","","","","","8080002016863","","","",""
"株式会社みやぎＬＳＯ","3078937863032","","","","","","","980-0812","宮城県仙台市青葉区片平一丁目2-27 1002号","","","","","","","","","","","","","","","8370401000752","","","",""
"株式会社みやのめ","1706801152095","","","","","","","321-0961","栃木県宇都宮市今泉新町62-1","","","","","","","","","","","","","","","4060001011160","","","",""
"株式会社宮乃屋","8125093445301","","","","","","","332-0034","埼玉県川口市並木三丁目27-4","","","","","","","","","","","","","","","2030001102724","","","",""
"株式会社ｍｉｕｅｘ","3510474484760","","","","","","","279-0014","千葉県浦安市明海六丁目1-11 1405号","","","","","","","","","","","","","","","1010401166504","","","",""
"ミュー株式会社","5210004669643","","","","","","","154-0012","東京都世田谷区駒沢二丁目11-1 集花園ビル4F","","","","","","","","","","","","","","","8010901018685","","","",""
"株式会社Ｍｕ","1314958624688","","","","","","","160-0023","東京都新宿区西新宿三丁目3-13 西新宿水間ビル6F","","","","","","","","","","","","","","","5011001096113","","","",""
"株式会社ミューカム","4755245917000","","","","","","","870-0035","大分県大分市中央町一丁目4-24 大分セントラルビル2F","","","","","","","","","","","","","","","2320001004899","","","",""
"ミューズ株式会社","7073230915247","","","","","","","107-0062","東京都港区南青山三丁目1-36 青山丸竹ビル6F","","","","","","","","","","","","","","","7013301045870","","","",""
"株式会社ＭｉｒａＡｒｃ","8522314081483","","","","","","","819-1561","福岡県糸島市曽根539-11","","","","","","","","","","","","","","","2010701037932","","","",""
"株式会社未来","7125006457710","","","","","","","556-0022","大阪府大阪市浪速区桜川四丁目3-22","","","","","","","","","","","","","","","1140001103786","","","",""
"未来現株式会社","5872421117015","","","","","","","160-0022","東京都新宿区新宿五丁目11-30 新宿第五葉山ビル3階","","","","","","","","","","","","","","","7010001122538","","","",""
"株式会社未来酒店","7173953872082","","","","","","","111-0051","東京都台東区蔵前三丁目9-3 臼井ビル5階","","","","","","","","","","","","","","","5010401118567","","","",""
"株式会社未来産業","7848065447675","","","","","","","733-0815","広島県広島市西区己斐上五丁目38-21","","","","","","","","","","","","","","","1240001043353","","","",""
"ミライジング株式会社","7064308840316","","","","","","","113-0034","東京都文京区湯島三丁目6-1 全国家電会館3F","","","","","","","","","","","","","","","2010001180929","","","",""
"株式会社未来創研","3196969747801","","","","","","","877-0015","大分県日田市中央一丁目1-24 ロフティ日田駅前テリオ712号","","","","","","","","","","","","","","","3290001046572","","","",""
"みらいね株式会社","1904494573257","","","","","","","810-0001","福岡県福岡市中央区天神二丁目2-12 T&Jビルディング7F","","","","","","","","","","","","","","","3290003008389","","","",""
"合同会社未来のひかり","3648954518467","","","","","","","036-8124","青森県弘前市大字石川石川64","","","","","","","","","","","","","","","1420003001159","","","",""
"未来の美ラボ株式会社","1565651395291","","","","","","","810-0031","福岡県福岡市中央区谷一丁目12-37 六本松USビル2F","","","","","","","","","","","","","","","5290001044938","","","",""
"株式会社ＭＩＲＡＩ　ＭＡＫＥＲ","3321067670570","","","","","","","630-8021","奈良県奈良市尼辻町乙454-2","","","","","","","","","","","","","","","4150001019418","","","",""
"株式会社美楽商事","4778839453391","","","","","","","639-3123","奈良県吉野郡大淀町大字増口284","","","","","","","","","","","","","","","3120101052909","","","",""
"株式会社ミラクル","2452393398328","","","","","","","242-0008","神奈川県大和市中央林間西六丁目9-5","","","","","","","","","","","","","","","6021001064134","","","",""
"株式会社ミラクルボイス","5828368205417","","","","","","","039-3321","青森県東津軽郡平内町大字小湊雷電際13-19","","","","","","","","","","","","","","","4420001014325","","","",""
"ミラノインターナショナル株式会社","3397649588057","","","","","","","141-0022","東京都品川区東五反田二丁目20-2 ハイマウント御殿山404号","","","","","","","","","","","","","","","6010401083083","","","",""
"株式会社ミラフ","7577746289911","","","","","","","532-0011","大阪府大阪市淀川区西中島五丁目1-8 日研ビル606","","","","","","","","","","","","","","","5120003006110","","","",""
"合同会社ミラブリス","2398632331854","","","","","","","615-0002","京都府京都市右京区西院東今田町34 ハウスイザワ2C号","","","","","","","","","","","","","","","5130003005144","","","",""
"株式会社ＭｉＲｉｉ　ＭｅＲｉｉ","9879506240397","","","","","","","221-0021","神奈川県横浜市神奈川区子安通二丁目215","","","","","","","","","","","","","","","9020001127831","","","",""
"株式会社ミルクヤスダ","6795245973208","","","","","","","580-0032","大阪府松原市天美東二丁目144","","","","","","","","","","","","","","","7120101030258","","","",""
"株式会社ミル総本社","5990188717133","","","","","","","612-8435","京都府京都市伏見区深草泓ノ壺町29-8","","","","","","","","","","","","","","","3130001015816","","","",""
"株式会社ミーロード","4176553336798","","","","","","","130-0013","東京都墨田区錦糸一丁目2-1","","","","","","","","","","","","","","","8010601041070","","","",""
"株式会社みんなの農業","7448366946521","","","","","","","181-0013","東京都三鷹市下連雀四丁目4-38","","","","","","","","","","","","","","","3012401023757","","","",""
"みんみんフーズ株式会社","3255837065974","","","","","","","933-0029","富山県高岡市御旅屋町1212","","","","","","","","","","","","","","","2230001017027","","","",""
"Ｍｏｖｅ　Ｉｎｎｏｖａｔｉｏｎ株式会社","8728303658699","","","","","","","406-0808","山梨県笛吹市御坂町国衙106","","","","","","","","","","","","","","","3090001013411","","","",""
"株式会社夢元","7950081909567","","","","","","","173-0024","東京都板橋区大山金井町47-11 C","","","","","","","","","","","","","","","7011401014894","","","",""
"株式会社武蔵野ワークス","7230910608784","","","","","","","185-0021","東京都国分寺市南町三丁目26-16","","","","","","","","","","","","","","","4012402004326","","","",""
"合同会社結ｍｕｓｕｂｕ","8751554090710","","","","","","","261-0001","千葉県千葉市美浜区幸町一丁目7-1 901","","","","","","","","","","","","","","","6012803001507","","","",""
"株式会社６２","6965000906228","","","","","","","547-0012","大阪府大阪市平野区長吉六反三丁目1-8","","","","","","","","","","","","","","","6120001229042","","","",""
"株式会社ムツコ","8527201186015","","","","","","","145-0066","東京都大田区南雪谷二丁目17-9 2F","","","","","","","","","","","","","","","9010801013034","","","",""
"株式会社ＭＵＤＥ","1407062921411","","","","","","","133-0056","東京都江戸川区南小岩七丁目26-18","","","","","","","","","","","","","","","9011001105571","","","",""
"株式会社ｍｏｖｅ","3881076042181","","","","","","","589-0011","大阪府大阪狭山市半田一丁目6-14 MOVEGRBLDG. 201","","","","","","","","","","","","","","","8120101049099","","","",""
"株式会社ムラウチドットコム","3718184422735","","","","","","","192-0906","東京都八王子市北野町598-2","","","","","","","","","","","","","","","6010101006625","","","",""
"株式会社村山刀剣","9714219172047","","","","","","","501-3851","岐阜県関市相生町58-2 2F","","","","","","","","","","","","","","","4200002018999","","","",""
"有限会社室戸エコ","7968860539430","","","","","","","781-5103","高知県高知市大津乙220-52","","","","","","","","","","","","","","","8490002005899","","","",""
"ＭＯＯＮ‐Ｘ株式会社","8881276478415","","","","","","","153-0062","東京都目黒区三田一丁目3-19","","","","","","","","","","","","","","","4010901044644","","","",""
"合資会社ムーンストーンシスターズ","4386682800724","","","","","","","140-0011","東京都品川区東大井五丁目24-16 518","","","","","","","","","","","","","","","8011003000846","","","",""
"株式会社ＭＡＫＥ　Ａ　ＪＵＭＰ","2110899582452","","","","","","","810-0023","福岡県福岡市中央区警固二丁目2-23 803","","","","","","","","","","","","","","","4290001070514","","","",""
"株式会社ＭＡＫＥＧＩＮＡ","8076604986286","","","","","","","702-8005","岡山県岡山市中区江崎212-6","","","","","","","","","","","","","","","2260001030910","","","",""
"株式会社メイショウグループ","5934326406078","","","","","","","272-0021","千葉県市川市八幡六丁目7-14","","","","","","","","","","","","","","","9040001027724","","","",""
"株式会社銘辰","4801309294730","","","","","","","556-0016","大阪府大阪市浪速区元町三丁目8-7 伍條ビル5階","","","","","","","","","","","","","","","7120001240510","","","",""
"株式会社ＭＥＩＪＩ","7064971679726","","","","","","","441-8011","愛知県豊橋市菰口町五丁目22","","","","","","","","","","","","","","","2180301010034","","","",""
"明治興産有限会社","9400018473595","","","","","","","824-0031","福岡県行橋市西宮市四丁目13-22","","","","","","","","","","","","","","","2290802022632","","","",""
"株式会社名瑞","2418535035995","","","","","","","121-0813","東京都足立区竹の塚一丁目40-15 庄栄ビル5階BPT","","","","","","","","","","","","","","","2010601048815","","","",""
"株式会社銘盛","3215945766960","","","","","","","320-0817","栃木県宇都宮市本丸町1-30 603号チサンマンション宇都宮3","","","","","","","","","","","","","","","3240001046445","","","",""
"株式会社明哲貿易","3202565882061","","","","","","","007-0843","北海道札幌市東区北四十三条東一丁目6-10 明哲ビル3F","","","","","","","","","","","","","","","8430001065272","","","",""
"株式会社明徳堂","1225881901268","","","","","","","287-0001","千葉県香取市佐原ロ2148-5","","","","","","","","","","","","","","","8040001090343","","","",""
"有限会社名峰","2571069699198","","","","","","","453-0016","愛知県名古屋市中村区竹橋町8-15","","","","","","","","","","","","","","","5180002053825","","","",""
"メディアフロント企業組合","6408119032669","","","","","","","035-0021","青森県むつ市大字田名部上道87-9-8","","","","","","","","","","","","","","","2420005006626","","","",""
"有限会社メディアプロ","9962185732013","","","","","","","110-0013","東京都台東区入谷二丁目16-7 込山第2ビル4F","","","","","","","","","","","","","","","2010502021045","","","",""
"メディカルホーム合同会社","9323830210301","","","","","","","286-0204","千葉県富里市大和211-47","","","","","","","","","","","","","","","9040003005505","","","",""
"株式会社メディカルワン","5188234203174","","","","","","","150-0001","東京都渋谷区神宮前六丁目23-4","","","","","","","","","","","","","","","7011001143219","","","",""
"株式会社メディック","4899349421088","","","","","","","564-0036","大阪府吹田市寿町一丁目8-17","","","","","","","","","","","","","","","9120901008550","","","",""
"株式会社メディプロデュース","4077578602214","","","","","","","150-0013","東京都渋谷区恵比寿四丁目20-4 恵比寿ガーデンプレイス","","","","","","","","","","","","","","","7010001094835","","","",""
"株式会社メディラボ","7155492202816","","","","","","","107-0052","東京都港区赤坂八丁目5-32","","","","","","","","","","","","","","","8010401059107","","","",""
"株式会社メディワン","2566123749817","","","","","","","158-0094","東京都世田谷区玉川二丁目2-1","","","","","","","","","","","","","","","9010901021077","","","",""
"有限会社メネット","2018988101169","","","","","","","862-0941","熊本県熊本市中央区出水一丁目4-33 501号","","","","","","","","","","","","","","","7330002014223","","","",""
"株式会社Ｍｏｂｉｕｓ","1290343346922","","","","","","","141-0031","東京都品川区西五反田七丁目9-5 SGテラス5階","","","","","","","","","","","","","","","4010701040810","","","",""
"株式会社ＭＥＶＩＵＳ","2248558323634","","","","","","","812-0006","福岡県福岡市博多区上牟田三丁目8-17","","","","","","","","","","","","","","","5060001027437","","","",""
"株式会社メホック","2238070720478","","","","","","","136-0082","東京都江東区新木場一丁目11-16","","","","","","","","","","","","","","","4010902026261","","","",""
"株式会社メリア","9602207459605","","","","","","","171-0031","東京都豊島区目白三丁目14-12 NYハイツ201","","","","","","","","","","","","","","","5013301021997","","","",""
"株式会社メリカ","1996375859228","","","","","","","465-0005","愛知県名古屋市名東区香流一丁目415","","","","","","","","","","","","","","","2180001053267","","","",""
"株式会社メルカートピッコロ","8489165436624","","","","","","","554-0012","大阪府大阪市此花区西九条一丁目4-10 マルセイ西九条ビル1階","","","","","","","","","","","","","","","8120001035901","","","",""
"株式会社メルカード・ポルトガル","5403556826378","","","","","","","248-0015","神奈川県鎌倉市笹目町4-6","","","","","","","","","","","","","","","8021001045322","","","",""
"株式会社メルシィ","4693934198289","","","","","","","365-0038","埼玉県鴻巣市本町一丁目4-25","","","","","","","","","","","","","","","8030001043970","","","",""
"メルティングポットハラペコラボ株式会社","2717629134676","","","","","","","815-0073","福岡県福岡市南区大池一丁目26-7 義道ハイム1F","","","","","","","","","","","","","","","6290001087127","","","",""
"株式会社メルヘン・ハウス","2395368438097","","","","","","","466-0802","愛知県名古屋市昭和区神村町一丁目14-2","","","","","","","","","","","","","","","6180001005693","","","",""
"メルベイユ株式会社","4972957080117","","","","","","","460-0008","愛知県名古屋市中区栄二丁目3-16 アーク栄広小路ビル3階","","","","","","","","","","","","","","","9180001121901","","","",""
"株式会社麺工房こんどう","2316609329214","","","","","","","857-4511","長崎県南松浦郡新上五島町浦桑郷浦浜1371-1","","","","","","","","","","","","","","","3310001007019","","","",""
"株式会社メンズアメリカン","3719697189818","","","","","","","352-0033","埼玉県新座市石神三丁目17-19","","","","","","","","","","","","","","","8030001046288","","","",""
"株式会社　麺通団プロダクト＆マネジメント","3957304310299","","","","","","","160-0023","東京都新宿区西新宿七丁目9-15 ダイカンプラザビジネス清田ビル1F","","","","","","","","","","","","","","","9470001004812","","","",""
"株式会社めん遊館","4223526750797","","","","","","","915-0005","福井県越前市真柄町7-37","","","","","","","","","","","","","","","5210002011977","","","",""
"株式会社ＭＯＲ","1416742472304","","","","","","","116-0014","東京都荒川区東日暮里五丁目26-6 清山ビル102室","","","","","","","","","","","","","","","4030001106632","","","",""
"株式会社モイスト","1694225478872","","","","","","","136-0071","東京都江東区亀戸一丁目4-2","","","","","","","","","","","","","","","3010601038030","","","",""
"一般社団法人盲導犬総合支援センター","3707226070747","","","","","","","224-0037","神奈川県横浜市都筑区茅ケ崎南五丁目2-22 2F","","","","","","","","","","","","","","","5011005002934","","","",""
"株式会社モキュリン","5280107715028","","","","","","","150-0002","東京都渋谷区渋谷一丁目8-7 第27SYビル5F","","","","","","","","","","","","","","","8010401097230","","","",""
"株式会社茂木商店","3871307282784","","","","","","","214-0031","神奈川県川崎市多摩区東生田四丁目15-5","","","","","","","","","","","","","","","6011001114732","","","",""
"Ｍｏｇ合同会社","5942982637573","","","","","","","113-0033","東京都文京区本郷二丁目25-14","","","","","","","","","","","","","","","4010003032416","","","",""
"モコネットマート株式会社","7507622360262","","","","","","","369-0201","埼玉県深谷市岡1847-6","","","","","","","","","","","","","","","1030001089054","","","",""
"合同会社ＭＯＺＡＩＫＵ","6703973326919","","","","","","","120-0032","東京都足立区千住柳町4-2","","","","","","","","","","","","","","","7011803005574","","","",""
"株式会社もしも","2699883268578","","","","","","","140-0002","東京都品川区東品川二丁目2-24 天王洲セントラルタワー12F","","","","","","","","","","","","","","","6011001051538","","","",""
"株式会社モシーモ","3404307103420","","","","","","","104-0045","東京都中央区築地七丁目2-13 RINGOビル","","","","","","","","","","","","","","","2011101062174","","","",""
"モダンロイヤル株式会社","1520963946020","","","","","","","150-0041","東京都渋谷区神南一丁目6-6 OZAWABUILDING1F","","","","","","","","","","","","","","","6010501015317","","","",""
"株式会社もつ煮のまつい","1812886229942","","","","","","","355-0075","埼玉県東松山市大字下青鳥162","","","","","","","","","","","","","","","7030001125191","","","",""
"株式会社Ｍｏｐｐｙ","4699580217285","","","","","","","171-0014","東京都豊島区池袋三丁目66-4 フラット恵潤401号","","","","","","","","","","","","","","","2013301036957","","","",""
"株式会社ＭＯＰＳ","8871967104427","","","","","","","151-0053","東京都渋谷区代々木四丁目30-5 フェニックス西参道タワー9F","","","","","","","","","","","","","","","2020001098848","","","",""
"株式会社モテギ洋蘭園","2315790815791","","","","","","","367-0061","埼玉県本庄市小島277-3","","","","","","","","","","","","","","","4030001061506","","","",""
"株式会社Ｍｏｒｇｈｔ","7447804138229","","","","","","","107-0062","東京都港区南青山三丁目1-34","","","","","","","","","","","","","","","7010901042141","","","",""
"株式会社ＭＯＤＥｄｅＫＯＫＯ","3914264438729","","","","","","","181-0003","東京都三鷹市北野三丁目10-19 東","","","","","","","","","","","","","","","7011301023946","","","",""
"ＭＯＮＩＣＡ株式会社","7932559149470","","","","","","","812-0018","福岡県福岡市博多区住吉四丁目12-21-1","","","","","","","","","","","","","","","4290001060176","","","",""
"株式会社モーニング・グローリー","6416616690727","","","","","","","103-0004","東京都中央区東日本橋二丁目28-4","","","","","","","","","","","","","","","7010001145588","","","",""
"合同会社ＭｏｎｏＣｒｅａｔｅ","5301674279967","","","","","","","105-0004","東京都港区新橋五丁目10-6 川村ビル4F","","","","","","","","","","","","","","","5010403021091","","","",""
"株式会社ＭＯＮＯＣＲＹＳＴＡ","1493133979097","","","","","","","270-2261","千葉県松戸市常盤平五丁目18-3 壱番館ビル201","","","","","","","","","","","","","","","2040001127654","","","",""
"株式会社ＭＯＮＯＣＲＥＷ","4733073787620","","","","","","","160-0022","東京都新宿区新宿六丁目3-10 クレストビルB1F","","","","","","","","","","","","","","","9011101086753","","","",""
"株式会社モノグッズ","9395496870256","","","","","","","151-0053","東京都渋谷区代々木一丁目25-5","","","","","","","","","","","","","","","2010601038980","","","",""
"株式会社モノグランデ","5543778336883","","","","","","","714-0098","岡山県笠岡市十一番町6-10","","","","","","","","","","","","","","","6260001034651","","","",""
"モノコーポレーション株式会社","1016301379454","","","","","","","177-0031","東京都練馬区三原台一丁目19-14","","","","","","","","","","","","","","","5011601021494","","","",""
"モノサピエンス株式会社","2495759424328","","","","","","","114-0023","東京都北区滝野川一丁目64-2","","","","","","","","","","","","","","","7010601040817","","","",""
"株式会社モノツール","2954532372702","","","","","","","550-0005","大阪府大阪市西区西本町一丁目13-38 新興産ビル619号室","","","","","","","","","","","","","","","8120001176654","","","",""
"株式会社ＭＯＮＯＮＥＴ","5395045911651","","","","","","","841-0005","佐賀県鳥栖市弥生が丘二丁目240","","","","","","","","","","","","","","","7300001011042","","","",""
"株式会社モノベーション","6417692541064","","","","","","","452-0814","愛知県名古屋市西区南川町64-1","","","","","","","","","","","","","","","8180001140729","","","",""
"株式会社モノマム","3059258202421","","","","","","","380-0921","長野県長野市大字栗田2152 ステラビル4B","","","","","","","","","","","","","","","2100001029489","","","",""
"モバイルプロデュースオフィス株式会社","6814185056457","","","","","","","150-0031","東京都渋谷区桜丘町26-1 セルリアンタワー15F","","","","","","","","","","","","","","","2011001058900","","","",""
"株式会社モビメントコスモ","3817287773166","","","","","","","120-0001","東京都足立区大谷田一丁目6-14","","","","","","","","","","","","","","","7030001096953","","","",""
"株式会社モービルネット","4121331676787","","","","","","","002-8010","北海道札幌市北区太平十条五丁目1-3 モダンビル1F","","","","","","","","","","","","","","","9430001045777","","","",""
"株式会社ＭＯＦ","6620366649155","","","","","","","920-0363","石川県金沢市古府町南887","","","","","","","","","","","","","","","5220001020961","","","",""
"株式会社Ｍｏｆｆｌｙ","2999783377389","","","","","","","112-0004","東京都文京区後楽二丁目23-12","","","","","","","","","","","","","","","7010401132616","","","",""
"株式会社楓ジェラート","6685561813940","","","","","","","699-3212","島根県浜田市三隅町向野田721-7","","","","","","","","","","","","","","","4280001006452","","","",""
"モミの木商事株式会社","3940571356583","","","","","","","990-0845","山形県山形市飯塚町1871-1","","","","","","","","","","","","","","","4390001001863","","","",""
"株式会社モーメント","3023879374881","","","","","","","910-0832","福井県福井市新保町40-18-8","","","","","","","","","","","","","","","6210001016563","","","",""
"百広株式会社","6203864714858","","","","","","","171-0014","東京都豊島区池袋二丁目55-5 第五工藤ビル201室","","","","","","","","","","","","","","","7013301037760","","","",""
"株式会社ＭＯＬＡＴＵＲＡ","7538096972084","","","","","","","512-8061","三重県四日市市広永町1245","","","","","","","","","","","","","","","5190001025345","","","",""
"森株式会社","4877958503179","","","","","","","530-0027","大阪府大阪市北区堂山町1-5 三共梅田ビル7階","","","","","","","","","","","","","","","4210001016672","","","",""
"株式会社森内食料","5786140827905","","","","","","","599-8261","大阪府堺市中区堀上町408-2","","","","","","","","","","","","","","","1120101028159","","","",""
"もりお工房株式会社","3965272555265","","","","","","","651-2267","兵庫県神戸市西区平野町西戸田189","","","","","","","","","","","","","","","9140001102681","","","",""
"株式会社森川風","2831070639693","","","","","","","143-0016","東京都大田区大森北一丁目29-5","","","","","","","","","","","","","","","8010801026441","","","",""
"株式会社盛高商店","7890685009935","","","","","","","020-0846","岩手県盛岡市流通センター北一丁目4-19","","","","","","","","","","","","","","","2400001009270","","","",""
"モーリートレード株式会社","7717058108118","","","","","","","514-0062","三重県津市観音寺町604-177","","","","","","","","","","","","","","","2190001027666","","","",""
"森本食品株式会社","1105891004978","","","","","","","636-0113","奈良県生駒郡斑鳩町法隆寺南一丁目12-16","","","","","","","","","","","","","","","3150001007191","","","",""
"株式会社モルガナイト＆ザ・セレクト","6759809471416","","","","","","","107-0061","東京都港区北青山三丁目6-7 青山パラシオタワー11階","","","","","","","","","","","","","","","1013301041058","","","",""
"株式会社Ｍｏｎｋｅｙ","3211415639766","","","","","","","709-2133","岡山県岡山市北区御津金川368-5","","","","","","","","","","","","","","","2260001026545","","","",""
"株式会社ＭＯＮＳＴＥＲ　ＧＩＲＬ","7700801358132","","","","","","","573-0065","大阪府枚方市出口五丁目17-10","","","","","","","","","","","","","","","8120001189235","","","",""
"株式会社モンズ","3458521754007","","","","","","","240-0035","神奈川県横浜市保土ケ谷区今井町519-19","","","","","","","","","","","","","","","9020001035035","","","",""
"有限会社モンテローザ","3227888175070","","","","","","","520-0106","滋賀県大津市唐崎一丁目17-16","","","","","","","","","","","","","","","7160002002518","","","",""
"株式会社モントーク","3337909725802","","","","","","","337-0053","埼玉県さいたま市見沼区大和田町一丁目2114-6","","","","","","","","","","","","","","","7030001095476","","","",""
"ｍｏｎｍｉｍｉ株式会社","9889999151218","","","","","","","134-0081","東京都江戸川区北葛西四丁目11-15","","","","","","","","","","","","","","","9011701019162","","","",""
"株式会社ｙａｏ","1158048310621","","","","","","","880-0041","宮崎県宮崎市池内町崎ノ湯1205","","","","","","","","","","","","","","","3350001011157","","","",""
"合同会社屋久然ライフ","1181802425587","","","","","","","891-4402","鹿児島県熊毛郡屋久島町麦生311-109","","","","","","","","","","","","","","","6340003003398","","","",""
"株式会社康成","1659743570927","","","","","","","537-0024","大阪府大阪市東成区東小橋三丁目16-17","","","","","","","","","","","","","","","2120001145986","","","",""
"株式会社やずや","7469868894589","","","","","","","815-0081","福岡県福岡市南区那の川一丁目6-14","","","","","","","","","","","","","","","6290001022959","","","",""
"有限会社野草酵素","9586496365929","","","","","","","151-0063","東京都渋谷区富ケ谷一丁目15-12 鈴ビル3F","","","","","","","","","","","","","","","2011002036459","","","",""
"株式会社矢野屋","1623445331189","","","","","","","662-0913","兵庫県西宮市染殿町4-4 605号","","","","","","","","","","","","","","","8140001102030","","","",""
"有限会社やぶ本店","6202302525203","","","","","","","380-0845","長野県長野市大字南長野西後町624","","","","","","","","","","","","","","","3100002005331","","","",""
"有限会社やまがた特産屋","3552343011063","","","","","","","997-0161","山形県鶴岡市羽黒町押口川端13-28","","","","","","","","","","","","","","","2390002010460","","","",""
"株式会社山貴屋","7935488810496","","","","","","","709-2121","岡山県岡山市北区御津宇垣374-1","","","","","","","","","","","","","","","3260001006744","","","",""
"ヤマクニ水産株式会社","6559913756591","","","","","","","425-0091","静岡県焼津市八楠一丁目3-17","","","","","","","","","","","","","","","7080001018457","","","",""
"株式会社ヤマグチ","5787442490192","","","","","","","099-2421","北海道網走市字呼人122-13","","","","","","","","","","","","","","","9460301003283","","","",""
"株式会社山口工具店","8887085525448","","","","","","","111-0036","東京都台東区松が谷二丁目7-9","","","","","","","","","","","","","","","2010501015196","","","",""
"山口コーポレーション株式会社","3566675822851","","","","","","","759-2213","山口県美祢市大嶺町西分10667-1","","","","","","","","","","","","","","","6250001015834","","","",""
"株式会社山口品質","4609323983412","","","","","","","759-4106","山口県長門市仙崎4137-3","","","","","","","","","","","","","","","8250001008480","","","",""
"有限会社山口屋水産","5273250716105","","","","","","","733-0832","広島県広島市西区草津港一丁目8-1","","","","","","","","","","","","","","","8240002017143","","","",""
"株式会社ヤマサ商事","4236077127487","","","","","","","959-3241","新潟県岩船郡関川村大字大島1071","","","","","","","","","","","","","","","1110001018467","","","",""
"株式会社山崎商店","1082941302377","","","","","","","660-0055","兵庫県尼崎市稲葉元町二丁目13-15","","","","","","","","","","","","","","","9140001051739","","","",""
"合同会社山真グループ","9517821621475","","","","","","","869-3173","熊本県宇土市下網田町2755-1","","","","","","","","","","","","","","","7330003008546","","","",""
"株式会社ヤマダイ","4098367337128","","","","","","","036-0203","青森県平川市南田中北原6-1","","","","","","","","","","","","","","","8420001010106","","","",""
"株式会社山田屋写真用品","5676265124808","","","","","","","270-2231","千葉県松戸市稔台八丁目14-5","","","","","","","","","","","","","","","7040001075857","","","",""
"株式会社山田養蜂場","4838426334979","","","","","","","708-0315","岡山県苫田郡鏡野町市場194","","","","","","","","","","","","","","","5260001020677","","","",""
"株式会社やまちや","4225937009566","","","","","","","600-8177","京都府京都市下京区大坂町400","","","","","","","","","","","","","","","4130001031515","","","",""
"株式会社山忠","3547049810545","","","","","","","959-1361","新潟県加茂市大字下条甲496-1","","","","","","","","","","","","","","","2110001015348","","","",""
"株式会社ヤマトアユーラ","8292118400809","","","","","","","791-8044","愛媛県松山市西垣生町1652-3","","","","","","","","","","","","","","","8500001019139","","","",""
"やまと物産株式会社","4003314966333","","","","","","","811-1361","福岡県福岡市南区西長住三丁目38-12","","","","","","","","","","","","","","","1290001074682","","","",""
"山友商事株式会社","8178841176397","","","","","","","806-0012","福岡県北九州市八幡西区陣山二丁目1-4","","","","","","","","","","","","","","","1290801019481","","","",""
"有限会社ヤマトヤ","6952574692689","","","","","","","378-0044","群馬県沼田市下之町1010","","","","","","","","","","","","","","","8070002035220","","","",""
"有限会社やまなし商事","4349761245629","","","","","","","402-0056","山梨県都留市つる一丁目5-13","","","","","","","","","","","","","","","6090002010553","","","",""
"株式会社山富士","8652732301309","","","","","","","557-0022","大阪府大阪市西成区中開一丁目2-7","","","","","","","","","","","","","","","7120001040349","","","",""
"ヤマホン合同会社","7803959859262","","","","","","","326-0831","栃木県足利市堀込町3063-25","","","","","","","","","","","","","","","3060003003710","","","",""
"株式会社８４１","3910644652997","","","","","","","438-0086","静岡県磐田市見付5807-6","","","","","","","","","","","","","","","6080401019007","","","",""
"株式会社ヤヨイ食品","7401596217644","","","","","","","509-9132","岐阜県中津川市茄子川1683-745","","","","","","","","","","","","","","","6200002023634","","","",""
"株式会社楊物産","5839289741944","","","","","","","216-0032","神奈川県川崎市宮前区神木二丁目3-24","","","","","","","","","","","","","","","1020001083314","","","",""
"株式会社結","4420484854031","","","","","","","338-0011","埼玉県さいたま市中央区新中里二丁目13-7","","","","","","","","","","","","","","","8030003000730","","","",""
"ユーイング株式会社","4370659314431","","","","","","","604-8056","京都府京都市中京区高宮町219 サニーフォレストビル4階","","","","","","","","","","","","","","","8130001046410","","","",""
"株式会社ゆうか","4024463332690","","","","","","","816-0912","福岡県大野城市御笠川五丁目11-17","","","","","","","","","","","","","","","2290001084788","","","",""
"株式会社ＹＯＵＧＵＹＳ","2014622958265","","","","","","","151-0063","東京都渋谷区富ケ谷二丁目13-21","","","","","","","","","","","","","","","6011201021547","","","",""
"株式会社ＹＵ－ＫＩ","3479132727661","","","","","","","819-1127","福岡県糸島市有田中央一丁目10-9-2","","","","","","","","","","","","","","","6030001135431","","","",""
"ユウキ貿易株式会社","4156768666894","","","","","","","251-0055","神奈川県藤沢市南藤沢6-9 ラプラージュ湘南202","","","","","","","","","","","","","","","3010801028392","","","",""
"有機家有限会社","7896120085099","","","","","","","194-0203","東京都町田市図師町1446-3","","","","","","","","","","","","","","","5012302007700","","","",""
"株式会社柳志","3551211295553","","","","","","","160-0021","東京都新宿区歌舞伎町二丁目42-16 第二大滝ビル3階","","","","","","","","","","","","","","","3011101097616","","","",""
"株式会社郵便局物販サービス","1123231510517","","","","","","","135-0016","東京都江東区東陽四丁目1-13 東陽セントラルビル","","","","","","","","","","","","","","","8010601034743","","","",""
"有限会社ゆうぷらん","3789475387751","","","","","","","380-0921","長野県長野市大字栗田653-141 皐月ビル3F","","","","","","","","","","","","","","","2100002007056","","","",""
"株式会社裕宝商事","8889744782138","","","","","","","173-0004","東京都板橋区板橋一丁目48-12 GCTビル3F","","","","","","","","","","","","","","","9013301028147","","","",""
"株式会社ゆうゆうギフト","3656751561848","","","","","","","220-0023","神奈川県横浜市西区平沼一丁目2-24 横浜NTビル4F","","","","","","","","","","","","","","","3020001024712","","","",""
"株式会社悠優コスメティクス","3525299925752","","","","","","","150-0043","東京都渋谷区道玄坂二丁目10-8 渋谷道玄坂東急ビル2F-C","","","","","","","","","","","","","","","1010901041603","","","",""
"株式会社悠愉自適","9178262772144","","","","","","","573-0163","大阪府枚方市長尾元町七丁目4-20","","","","","","","","","","","","","","","4120001181328","","","",""
"株式会社勇和","4689322133505","","","","","","","843-0023","佐賀県武雄市武雄町大字昭和27-12","","","","","","","","","","","","","","","3300001005312","","","",""
"株式会社友和商会","5195526798329","","","","","","","550-0027","大阪府大阪市西区九条三丁目8-1","","","","","","","","","","","","","","","1120001048174","","","",""
"有限会社ＵＳＡインターナショナル","6761478365384","","","","","","","124-0011","東京都葛飾区四つ木四丁目20-8 1F","","","","","","","","","","","","","","","4011802029874","","","",""
"株式会社ＵＭＡ","2594014172745","","","","","","","550-0013","大阪府大阪市西区新町一丁目24-8 ノース四ツ橋ビル501","","","","","","","","","","","","","","","1120001183426","","","",""
"有限会社雪和商事","9255248950161","","","","","","","277-0861","千葉県柏市高田1059","","","","","","","","","","","","","","","1040002092023","","","",""
"ＹＯＯＸ株式会社","4330048064557","","","","","","","107-0061","東京都港区北青山三丁目6-1 オーク表参道","","","","","","","","","","","","","","","4013201018418","","","",""
"株式会社ユーケージー","4412209737918","","","","","","","150-0012","東京都渋谷区広尾五丁目23-5 長谷部第1ビル501","","","","","","","","","","","","","","","8011001070791","","","",""
"株式会社ユーコー","1824944340469","","","","","","","170-0005","東京都豊島区南大塚二丁目26-15 南大塚ビル7F","","","","","","","","","","","","","","","5013301020108","","","",""
"有限会社ユー・コーポレーション","9035392883941","","","","","","","166-0016","東京都杉並区成田西二丁目19-22","","","","","","","","","","","","","","","8011302011437","","","",""
"株式会社ユーコンスカイ","9016841000522","","","","","","","658-0032","兵庫県神戸市東灘区向洋町中六丁目9 神戸ファッションマート","","","","","","","","","","","","","","","2140001026301","","","",""
"湯澤企画株式会社","1347764186000","","","","","","","191-0054","東京都日野市東平山二丁目10-14","","","","","","","","","","","","","","","8010001115631","","","",""
"株式会社ユージュアル","4443117328286","","","","","","","111-0051","東京都台東区蔵前三丁目1-10 蔵前セントラルビル7F","","","","","","","","","","","","","","","5010401070396","","","",""
"有限会社Ｙｕ’ｓ　ＳＴＯＲＥ","7556969753690","","","","","","","874-0910","大分県別府市石垣西三丁目7-13","","","","","","","","","","","","","","","3320002013584","","","",""
"ユゼン合同会社","4088897019873","","","","","","","923-0000","石川県小松市清六町甲18-1","","","","","","","","","","","","","","","9210003001271","","","",""
"株式会社豊ミルクセンター","5169074613435","","","","","","","312-0003","茨城県ひたちなか市大字足崎1445-51","","","","","","","","","","","","","","","1050001046714","","","",""
"株式会社ＹＯＵＴＯＲＩＯ","3886443650022","","","","","","","151-0051","東京都渋谷区千駄ケ谷五丁目32-6 グリーンスクエア新宿6階","","","","","","","","","","","","","","","2330001028492","","","",""
"株式会社ユトリヤ","1365161551974","","","","","","","425-0057","静岡県焼津市下小田611-1","","","","","","","","","","","","","","","4020001142298","","","",""
"株式会社ＵＮＩＴＥＤ＆ＢＥＡＵＴＥ","2087156201293","","","","","","","103-0007","東京都中央区日本橋浜町二丁目30-1 KVK日本橋浜町ビル5階B","","","","","","","","","","","","","","","2010001220189","","","",""
"株式会社ユナイテッドスペース","6088957402183","","","","","","","102-0083","東京都千代田区麴町三丁目1 KOJIMACHITERRACE9階","","","","","","","","","","","","","","","9011001066814","","","",""
"株式会社ユニオンサービス","7615088989523","","","","","","","457-0023","愛知県名古屋市南区芝町189","","","","","","","","","","","","","","","5180001015801","","","",""
"株式会社ユニオンプロデュース","7209577916711","","","","","","","590-0002","大阪府堺市堺区砂道町三丁3-16","","","","","","","","","","","","","","","8210001014292","","","",""
"ユニバイ株式会社","5132734760471","","","","","","","314-0011","茨城県鹿嶋市港ケ丘一丁目3-13","","","","","","","","","","","","","","","2050001046003","","","",""
"株式会社ＵＮＩＶＥＲＳＥ","1277374834386","","","","","","","565-0847","大阪府吹田市千里山月が丘20-7","","","","","","","","","","","","","","","9120901018970","","","",""
"ユニビューティ株式会社","7604247902790","","","","","","","151-0053","東京都渋谷区代々木四丁目31-6 西新宿松屋ヒル7階","","","","","","","","","","","","","","","4011001120294","","","",""
"株式会社ユニベイト","2228236681759","","","","","","","101-0022","東京都千代田区神田練塀町3","","","","","","","","","","","","","","","1010801025482","","","",""
"株式会社ユニワ","1933280402724","","","","","","","105-0013","東京都港区浜松町二丁目2-15 2階","","","","","","","","","","","","","","","7011301025265","","","",""
"株式会社ユノミライフ","3464543465115","","","","","","","142-0051","東京都品川区平塚一丁目12-9 5F","","","","","","","","","","","","","","","9010001144497","","","",""
"株式会社ＪＵＨＡ","3568845245711","","","","","","","156-0045","東京都世田谷区桜上水五丁目13-8-2 102","","","","","","","","","","","","","","","5010901043835","","","",""
"株式会社ユーパッケージ","3433115164778","","","","","","","286-0113","千葉県成田市南三里塚78-7 プロロジス成田1B棟3階","","","","","","","","","","","","","","","8050001005861","","","",""
"有限会社ユーピー","1194082273681","","","","","","","460-0002","愛知県名古屋市中区丸の内二丁目7-24","","","","","","","","","","","","","","","5180002060367","","","",""
"合同会社ユーフォレスト","4308116240327","","","","","","","810-0062","福岡県福岡市中央区荒戸一丁目7-14 803","","","","","","","","","","","","","","","3290003006483","","","",""
"ユミヒロジャパン株式会社","1147748576619","","","","","","","198-0036","東京都青梅市河辺町八丁目20-21","","","","","","","","","","","","","","","5013101007305","","","",""
"株式会社夢グループ","9658347950555","","","","","","","112-0013","東京都文京区音羽二丁目10-2 日本生命音羽ビル5F","","","","","","","","","","","","","","","9010001098124","","","",""
"夢展望株式会社","3444342039926","","","","","","","563-0032","大阪府池田市石橋三丁目2-1","","","","","","","","","","","","","","","6120901020756","","","",""
"夢みつけ隊株式会社","4314183293231","","","","","","","101-0042","東京都千代田区神田東松下町17 フリージアグループ本社ビル","","","","","","","","","","","","","","","8011101037559","","","",""
"株式会社Ｙｏｕライフ","2869576154940","","","","","","","334-0073","埼玉県川口市赤井四丁目12-19","","","","","","","","","","","","","","","1011701020771","","","",""
"有限会社ユーラシア食品","5273304529232","","","","","","","311-2426","茨城県潮来市大塚野一丁目6-6","","","","","","","","","","","","","","","1230002014569","","","",""
"ユーロスタイル株式会社","3188076085011","","","","","","","710-0145","岡山県倉敷市福江41-4","","","","","","","","","","","","","","","2260001031099","","","",""
"株式会社洋光","7991732013480","","","","","","","151-0051","東京都渋谷区千駄ケ谷三丁目8-5","","","","","","","","","","","","","","","4010701016174","","","",""
"株式会社ＹＯＣＡＢＩＴＯ","4078042799119","","","","","","","500-8842","岐阜県岐阜市金町四丁目30 明治安田生命岐阜金町ビル6階","","","","","","","","","","","","","","","4200001010635","","","",""
"株式会社ヨガタウン","6243369398898","","","","","","","150-0043","東京都渋谷区道玄坂一丁目21-1 SHIBUYASOLASTA3F","","","","","","","","","","","","","","","8010001109435","","","",""
"浴場市場株式会社","9327334782284","","","","","","","104-0061","東京都中央区銀座三丁目11-5 第2中山ビル7F","","","","","","","","","","","","","","","5010001220186","","","",""
"株式会社ヨクールジャパン","5510138403475","","","","","","","337-0051","埼玉県さいたま市見沼区東大宮四丁目25-2","","","","","","","","","","","","","","","3030001111393","","","",""
"株式会社ヨコブリシ","9994143085068","","","","","","","870-0319","大分県大分市大分流通業務団地一丁目4-6","","","","","","","","","","","","","","","7320001014910","","","",""
"株式会社吉字屋履物店","9460095200441","","","","","","","400-0031","山梨県甲府市丸の内二丁目26-8","","","","","","","","","","","","","","","4090001017766","","","",""
"株式会社ヨシダ","8350029870390","","","","","","","250-0863","神奈川県小田原市飯泉854-4","","","","","","","","","","","","","","","2021001056606","","","",""
"株式会社吉吉商会","4068040418179","","","","","","","651-0055","兵庫県神戸市中央区熊内橋通六丁目3-15 エルパラッツォ新神戸101号. 102号","","","","","","","","","","","","","","","5140001098734","","","",""
"株式会社ＹＯＳＨＩＲＯ","1431296786137","","","","","","","274-0825","千葉県船橋市前原西二丁目14-2 津田沼駅前安田ビル別館2階","","","","","","","","","","","","","","","7040001093504","","","",""
"ヨネマル商事株式会社","6141986857320","","","","","","","563-0023","大阪府池田市井口堂一丁目10-1 アルファービル1F","","","","","","","","","","","","","","","6120901039631","","","",""
"株式会社読売情報開発","7824917290047","","","","","","","102-0093","東京都千代田区平河町二丁目13-3","","","","","","","","","","","","","","","9010001031720","","","",""
"株式会社ＹＯＹＯ　ＶＩＮＴＡＧＥ","4564316944483","","","","","","","113-0022","東京都文京区千駄木三丁目22-11 シャルマン文京千駄木714号室","","","","","","","","","","","","","","","8020001148993","","","",""
"ライシン株式会社","1295411199084","","","","","","","327-0812","栃木県佐野市町谷町293-4","","","","","","","","","","","","","","","7060001029183","","","",""
"株式会社ライジード","8996122864591","","","","","","","511-0867","三重県桑名市陽だまりの丘三丁目644","","","","","","","","","","","","","","","3190001023821","","","",""
"合同会社Ｒｉｓｉｎｇ　Ｊａｐａｎ","8277160419402","","","","","","","731-0221","広島県広島市安佐北区可部一丁目6-44 priol Crecia203","","","","","","","","","","","","","","","8240003005221","","","",""
"株式会社Ｒｉｓｅ　ＵＰ","8467212747135","","","","","","","550-0021","大阪府大阪市西区川口二丁目2-17 川口住倉ビルディング本社受付7F","","","","","","","","","","","","","","","6120001116059","","","",""
"株式会社ＲＩＳＥＷＩＮ　Ｉｎｔｅｒｎａｔｉｏｎａｌ","6449103475619","","","","","","","547-0027","大阪府大阪市平野区喜連五丁目1-14","","","","","","","","","","","","","","","7120001204630","","","",""
"株式会社ライズクリエイション","2114958230951","","","","","","","630-8216","奈良県奈良市東向南町23-1 コトモール2階","","","","","","","","","","","","","","","8150001018250","","","",""
"株式会社ライズジャパン","2216245344642","","","","","","","733-0035","広島県広島市西区南観音三丁目12-10 5F","","","","","","","","","","","","","","","9240001022052","","","",""
"株式会社ＲＩＳＥＳＴ","3540060241688","","","","","","","550-0014","大阪府大阪市西区北堀江二丁目3-26","","","","","","","","","","","","","","","9120001180052","","","",""
"株式会社ライトアップショッピングクラブ","4888701575969","","","","","","","169-0074","東京都新宿区北新宿二丁目21-1 新宿フロントタワー26F","","","","","","","","","","","","","","","3010401053155","","","",""
"ライトアンサー株式会社","2247588924071","","","","","","","351-0005","埼玉県朝霞市根岸台四丁目13-14","","","","","","","","","","","","","","","3030001113984","","","",""
"株式会社ライトヴァン","9403346553956","","","","","","","153-0061","東京都目黒区中目黒一丁目1-17","","","","","","","","","","","","","","","7010001138451","","","",""
"ライトハウス株式会社","1591471268303","","","","","","","231-0023","神奈川県横浜市中区山下町27 プロシード山下公園ザ・タワー810","","","","","","","","","","","","","","","6011001099115","","","",""
"ライファー株式会社","2847086580874","","","","","","","812-0013","福岡県福岡市博多区博多駅東一丁目19-16 福岡真和ビル7階","","","","","","","","","","","","","","","4290001071371","","","",""
"ライフアベイル株式会社","8579993135968","","","","","","","860-0058","熊本県熊本市西区田崎町713","","","","","","","","","","","","","","","3330002010779","","","",""
"株式会社ライファン","1278411709407","","","","","","","171-0051","東京都豊島区長崎四丁目17-10","","","","","","","","","","","","","","","5013301027425","","","",""
"株式会社Ｌｉｆｅ　Ｉｎｎｏｖａｔｉｏｎ","6626569082042","","","","","","","704-8173","岡山県岡山市東区可知五丁目130-16","","","","","","","","","","","","","","","6260001028983","","","",""
"株式会社ライフ・ヴィジョン","8265881191385","","","","","","","031-0823","青森県八戸市湊高台七丁目14-7","","","","","","","","","","","","","","","6400001008780","","","",""
"株式会社ライフ・エコ","9214573188480","","","","","","","835-0019","福岡県みやま市瀬高町大江71-1","","","","","","","","","","","","","","","2290001063305","","","",""
"合同会社Ｌｉｆｅ　Ｃｒｅａｔｉｏｎ","7504837425283","","","","","","","940-0812","新潟県長岡市乙吉町466-3","","","","","","","","","","","","","","","9110003004854","","","",""
"株式会社ライフコンサルティング","2882056364420","","","","","","","558-0003","大阪府大阪市住吉区長居三丁目2-11 RE","","","","","","","","","","","","","","","6120001189682","","","",""
"ライフコンシェルジュ株式会社","7102958131000","","","","","","","530-0001","大阪府大阪市北区梅田一丁目11-4 1000号大阪駅前第4ビル11階","","","","","","","","","","","","","","","8122001029445","","","",""
"株式会社ライフジョイ","8289215920075","","","","","","","110-0005","東京都台東区上野六丁目1-6","","","","","","","","","","","","","","","7010501041130","","","",""
"合同会社Ｌｉｆｅｓｔｙｌｅ　Ｄｅｓｉｇｎ","8125678837707","","","","","","","544-0003","大阪府大阪市生野区小路東二丁目3-22 ときわマンション1階","","","","","","","","","","","","","","","9120003022104","","","",""
"株式会社ライフテック","5702045792358","","","","","","","595-0023","大阪府泉大津市豊中町二丁目10-15","","","","","","","","","","","","","","","3120101046183","","","",""
"株式会社ライフテラス","7196842936883","","","","","","","562-0024","大阪府箕面市粟生新家四丁目5-6","","","","","","","","","","","","","","","1120901032426","","","",""
"株式会社ライフデコ","8280797200619","","","","","","","107-0062","東京都港区南青山六丁目13-9 アニス南青山1-B","","","","","","","","","","","","","","","8020001087705","","","",""
"ライフプラス株式会社","8980491562696","","","","","","","781-2134","高知県吾川郡いの町神谷1433-6","","","","","","","","","","","","","","","4490001005565","","","",""
"株式会社ライフマスターズ","5952450167461","","","","","","","373-0072","群馬県太田市高瀬町320-11","","","","","","","","","","","","","","","1070001038825","","","",""
"合同会社ライフマトリックス","2384253158927","","","","","","","444-0825","愛知県岡崎市福岡町永池46-8","","","","","","","","","","","","","","","9180303003269","","","",""
"ライフワーク株式会社","2664830828422","","","","","","","460-0003","愛知県名古屋市中区錦一丁目17-26 ラウンドテラス伏見10F","","","","","","","","","","","","","","","1180001088743","","","",""
"株式会社ライフワゴン","7441683191640","","","","","","","101-0054","東京都千代田区神田錦町二丁目11 三洋安田ビル1階","","","","","","","","","","","","","","","6010001029338","","","",""
"株式会社Ｌｉｆｅ　Ｏｎｅ","3944899131279","","","","","","","259-1324","神奈川県秦野市千村四丁目13-3 コーポグリーンヒル105号室","","","","","","","","","","","","","","","8010001212115","","","",""
"株式会社ライブエンタープライズ","7926791170192","","","","","","","632-0072","奈良県天理市富堂町142-4","","","","","","","","","","","","","","","9150001008894","","","",""
"株式会社ライブオン","2469881592270","","","","","","","761-8071","香川県高松市伏石町2158-5","","","","","","","","","","","","","","","5470001012471","","","",""
"株式会社ライブリィ","7532396845963","","","","","","","560-0002","大阪府豊中市緑丘四丁目27-13","","","","","","","","","","","","","","","9120901030661","","","",""
"ライラック株式会社","2265117981406","","","","","","","028-5134","岩手県二戸郡一戸町奥中山西田子75-17","","","","","","","","","","","","","","","3400001007810","","","",""
"株式会社ＬＡＶＩＥ","9861640803561","","","","","","","370-0031","群馬県高崎市上大類町477","","","","","","","","","","","","","","","2070001037693","","","",""
"株式会社ＲＡＶＩＰＡ","4412982298546","","","","","","","171-0014","東京都豊島区池袋二丁目43-1 池袋青柳ビル","","","","","","","","","","","","","","","8013301041480","","","",""
"株式会社楽","4314003593842","","","","","","","862-0968","熊本県熊本市南区馬渡一丁目10-1 206","","","","","","","","","","","","","","","7330001016468","","","",""
"株式会社楽一フーズ","2175278497002","","","","","","","121-0061","東京都足立区花畑一丁目22-3","","","","","","","","","","","","","","","1011801019994","","","",""
"株式会社ラクガイ","3290547344316","","","","","","","311-4144","茨城県水戸市開江町1571-2","","","","","","","","","","","","","","","9050001050007","","","",""
"株式会社楽信商事","8968517934409","","","","","","","116-0013","東京都荒川区西日暮里五丁目20-5 鈴木ビル1F","","","","","","","","","","","","","","","8013301033973","","","",""
"楽天グループ株式会社","6826602869888","","","","","","","158-0094","東京都世田谷区玉川一丁目14-1","","","","","","","","","","","","","","","9010701020592","","","",""
"株式会社楽電","8634381671686","","","","","","","170-0013","東京都豊島区東池袋三丁目13-7","","","","","","","","","","","","","","","1013301025993","","","",""
"楽ニュー株式会社","6466871020691","","","","","","","153-0043","東京都目黒区東山三丁目7-11207","","","","","","","","","","","","","","","9030001096365","","","",""
"ラクフル株式会社","2593522809073","","","","","","","560-0021","大阪府豊中市本町四丁目1-22 第15千里ビル","","","","","","","","","","","","","","","6120901035630","","","",""
"株式会社ＬＵＸＳＥＥＤ","9126783068924","","","","","","","812-0055","福岡県福岡市東区東浜一丁目13-32 九産東浜1号3階","","","","","","","","","","","","","","","1290001069261","","","",""
"株式会社ラグスタイル","6382921572663","","","","","","","550-0013","大阪府大阪市西区新町二丁目13-3","","","","","","","","","","","","","","","5120001161700","","","",""
"有限会社ラコントゥル","9323779896658","","","","","","","812-0054","福岡県福岡市東区馬出二丁目19-15","","","","","","","","","","","","","","","7290002018179","","","",""
"株式会社Ｌａ・ｃｈｏｕｅｔｔｅ","2733981517187","","","","","","","102-0084","東京都千代田区二番町5-2 麹町駅プラザ803","","","","","","","","","","","","","","","8010001160396","","","",""
"株式会社ラスターテック","4418567182900","","","","","","","205-0001","東京都羽村市小作台三丁目20-16","","","","","","","","","","","","","","","6010101008480","","","",""
"ラスティンググリーン株式会社","9580156737437","","","","","","","240-0045","神奈川県横浜市保土ケ谷区川島町972-15","","","","","","","","","","","","","","","4020001084929","","","",""
"株式会社Ｒａｄｇｒｉｄ","4943917854456","","","","","","","660-0892","兵庫県尼崎市東難波町五丁目8-26 アネスト尼崎2F","","","","","","","","","","","","","","","5140001100524","","","",""
"株式会社ラッシュコネクト","3458964320189","","","","","","","222-0033","神奈川県横浜市港北区新横浜二丁目15-10","","","","","","","","","","","","","","","9020001099633","","","",""
"株式会社ラップス","7645373184200","","","","","","","577-0824","大阪府東大阪市大蓮東三丁目4-2","","","","","","","","","","","","","","","9122001008027","","","",""
"株式会社ラーテル","2810841202755","","","","","","","335-0021","埼玉県戸田市大字新曽161-4","","","","","","","","","","","","","","","6030001116290","","","",""
"株式会社ラーナ　ヴェルデ","6994364434681","","","","","","","135-0044","東京都江東区越中島三丁目1-3","","","","","","","","","","","","","","","5010601043053","","","",""
"ラナコーポレーション株式会社","9982563672754","","","","","","","811-0115","福岡県糟屋郡新宮町大字新宮2-4","","","","","","","","","","","","","","","4290001070118","","","",""
"Ｌａ　Ｎａｔｕｒａ株式会社","4570133914528","","","","","","","103-0004","東京都中央区東日本橋二丁目28-4 日本橋CETビル2階","","","","","","","","","","","","","","","7010401105398","","","",""
"有限会社ラピスラズリ","3954479661022","","","","","","","116-0014","東京都荒川区東日暮里一丁目31-10","","","","","","","","","","","","","","","3011502012355","","","",""
"株式会社ＲＡＦＦＹ’Ｓ","9370733555632","","","","","","","090-0042","北海道北見市北二条西二丁目9-1201 ゲード内1F","","","","","","","","","","","","","","","7460301004060","","","",""
"合同会社ＬａｕｇｈＫｅｙ","5740900788676","","","","","","","445-0854","愛知県西尾市永楽町四丁目21","","","","","","","","","","","","","","","6180303005409","","","",""
"株式会社ラフループ","4867667133517","","","","","","","141-0031","東京都品川区西五反田四丁目10-17 不動前ANNEX201","","","","","","","","","","","","","","","5040001112967","","","",""
"有限会社ラ・フローレ","2836789062271","","","","","","","990-0021","山形県山形市小白川町二丁目8-57","","","","","","","","","","","","","","","9390002002815","","","",""
"株式会社ラプラス","1408790600070","","","","","","","959-0101","新潟県燕市佐善2924","","","","","","","","","","","","","","","9011501015683","","","",""
"ｌａ　ｂｅｌｌｅ　ｖｉｅ株式会社","2268763987401","","","","","","","107-0052","東京都港区赤坂七丁目1-16 オーク赤坂ビル5F","","","","","","","","","","","","","","","3011001061151","","","",""
"ラポールビジョン株式会社","4599749118355","","","","","","","104-0043","東京都中央区湊三丁目4-114030 ビル3F","","","","","","","","","","","","","","","6020001088787","","","",""
"合同会社ＬＡ　ＭＡＬＩＮＣＨＥ","7049624091718","","","","","","","210-0005","神奈川県川崎市川崎区東田町10-4","","","","","","","","","","","","","","","6020003019848","","","",""
"株式会社ラ・ミューテスタイル","7764853020778","","","","","","","167-0053","東京都杉並区西荻南一丁目16-19 BLANKA3F","","","","","","","","","","","","","","","2011301016938","","","",""
"株式会社ＬＡＭＥＬＬＩＡ　ＪＡＰＡＮ","4047355272859","","","","","","","461-0001","愛知県名古屋市東区泉二丁目28-24","","","","","","","","","","","","","","","1180001091202","","","",""
"ラリックジャパン株式会社","3196881842479","","","","","","","104-0061","東京都中央区銀座三丁目14-10 第一恒産ビル8F","","","","","","","","","","","","","","","8010401110694","","","",""
"株式会社ＬＡＬｓ","6332563253222","","","","","","","160-0022","東京都新宿区新宿六丁目27-29","","","","","","","","","","","","","","","8011001059406","","","",""
"株式会社ランジョイ","2340252172487","","","","","","","101-0032","東京都千代田区岩本町二丁目10-1","","","","","","","","","","","","","","","2010001119183","","","",""
"ランス合同会社","7439698686538","","","","","","","150-0031","東京都渋谷区桜丘町29-31 清桜ハイツ103","","","","","","","","","","","","","","","4011003008199","","","",""
"株式会社ＬＡＮＤＳＣＡＰＥ","4348335104334","","","","","","","471-0035","愛知県豊田市小坂町一丁目2-1","","","","","","","","","","","","","","","2180301029859","","","",""
"ランドリーボックス株式会社","3627080328433","","","","","","","160-0023","東京都新宿区西新宿三丁目2-9 新宿ワシントンホテルビル本館2階","","","","","","","","","","","","","","","7011001126636","","","",""
"株式会社ランフォルセ","8573355632371","","","","","","","810-0073","福岡県福岡市中央区舞鶴二丁目1-10 天神フロントスクエア5F","","","","","","","","","","","","","","","7290001070692","","","",""
"株式会社リアルシステム","4577875569760","","","","","","","756-0817","山口県山陽小野田市大字小野田1135-32","","","","","","","","","","","","","","","8250001004884","","","",""
"株式会社リアルネットバリュー","4693827904170","","","","","","","531-0062","大阪府大阪市北区長柄中二丁目6-26","","","","","","","","","","","","","","","3120001184281","","","",""
"株式会社リアルページ","4478434790301","","","","","","","506-0802","岐阜県高山市松之木町283-1","","","","","","","","","","","","","","","4200001026193","","","",""
"株式会社リアルマックス","2022595045953","","","","","","","731-0101","広島県広島市安佐南区八木一丁目7-12","","","","","","","","","","","","","","","4240001016769","","","",""
"リアルリッチマーケティング株式会社","9726536912532","","","","","","","940-2015","新潟県長岡市江陽一丁目1-37","","","","","","","","","","","","","","","6110001031267","","","",""
"株式会社ＬＩＡＬ　ＷＯＲＫＳ","3902811808904","","","","","","","542-0081","大阪府大阪市中央区南船場二丁目6-3 東邦第2ビル901","","","","","","","","","","","","","","","9120001210065","","","",""
"Ｌｉｅｎ株式会社","2691460923954","","","","","","","532-0023","大阪府大阪市淀川区十三東四丁目2-15 十三アルヴィータビル2F","","","","","","","","","","","","","","","9120001193707","","","",""
"株式会社リヴィジョン","7526147954971","","","","","","","171-0021","東京都豊島区西池袋五丁目21-6 セントポール6F","","","","","","","","","","","","","","","6013301024751","","","",""
"株式会社リーヴェント","7383290468104","","","","","","","330-0062","埼玉県さいたま市浦和区仲町二丁目5-1","","","","","","","","","","","","","","","8030001044481","","","",""
"有限会社リオン","3682069049443","","","","","","","577-0013","大阪府東大阪市長田中四丁目6-8","","","","","","","","","","","","","","","2122002017272","","","",""
"有限会社リカーショップ落合","1218915986841","","","","","","","719-3143","岡山県真庭市下市瀬1144","","","","","","","","","","","","","","","3260002033928","","","",""
"株式会社ｒｅｇａｔｙ","5366644627227","","","","","","","814-0112","福岡県福岡市城南区友丘二丁目2-7 508","","","","","","","","","","","","","","","4290001070217","","","",""
"有限会社リ・ゲッツ","8557155083030","","","","","","","542-0081","大阪府大阪市中央区南船場二丁目7-21","","","","","","","","","","","","","","","9120002059122","","","",""
"Ｒｅコーポレーション株式会社","2293597888916","","","","","","","760-0068","香川県高松市松島町二丁目22-12","","","","","","","","","","","","","","","4120001170818","","","",""
"株式会社リシップ","4872500002474","","","","","","","525-0016","滋賀県草津市北大萱町549-1","","","","","","","","","","","","","","","2160001017629","","","",""
"株式会社リシュブルー","7449834425824","","","","","","","176-0013","東京都練馬区豊玉中四丁目12-1 324号","","","","","","","","","","","","","","","8011601026037","","","",""
"ＬＩＳＴＡ株式会社","1887014975185","","","","","","","116-0012","東京都荒川区東尾久三丁目11-22","","","","","","","","","","","","","","","6011001064762","","","",""
"株式会社ＲＥＳＴＡ","4876642970612","","","","","","","651-2111","兵庫県神戸市西区池上四丁目29-2","","","","","","","","","","","","","","","9140002024207","","","",""
"株式会社ＬＩＳＴ","6108259254091","","","","","","","471-0802","愛知県豊田市志賀町神高29-1","","","","","","","","","","","","","","","9180301021859","","","",""
"株式会社Ｌｉｓｂｅ","3862788975347","","","","","","","556-0001","大阪府大阪市浪速区下寺二丁目9-2 ラシュレエグゼ夕陽丘1202","","","","","","","","","","","","","","","6120001252531","","","",""
"リズム株式会社","6276710026451","","","","","","","104-0061","東京都中央区銀座七丁目13-2 ティアラグレイス銀座タワー11F","","","","","","","","","","","","","","","3120001144723","","","",""
"リセットウィンド有限会社","5516660045268","","","","","","","185-0014","東京都国分寺市東恋ケ窪四丁目20-3 105","","","","","","","","","","","","","","","5012402023523","","","",""
"株式会社リセル","8316191152500","","","","","","","951-8068","新潟県新潟市中央区上大川前通七番町1166 エクセレント上大川前通306号","","","","","","","","","","","","","","","5110001029865","","","",""
"株式会社ＬＩＤＡ","7040878927375","","","","","","","101-0024","東京都千代田区神田和泉町1-6-16 ヤマトビル405","","","","","","","","","","","","","","","1010401131532","","","",""
"リーチフェイス株式会社","8619841809347","","","","","","","530-0043","大阪府大阪市北区天満二丁目1-31 KC-DODOビル8階","","","","","","","","","","","","","","","1120001042235","","","",""
"株式会社リッキコーポレーション","4009885990215","","","","","","","150-0001","東京都渋谷区神宮前一丁目19-5","","","","","","","","","","","","","","","8011002024342","","","",""
"リッチデザインジャパン株式会社","8928763030199","","","","","","","132-0035","東京都江戸川区平井四丁目8-6 DUCOZIP601","","","","","","","","","","","","","","","5011701024785","","","",""
"株式会社リッツパーフェクション","7582119905866","","","","","","","815-0033","福岡県福岡市南区大橋一丁目17-15 9F","","","","","","","","","","","","","","","2290001074970","","","",""
"株式会社Ｒｅｄｅｆｉｎｅ　Ａｒｔｓ","6028170393296","","","","","","","604-8113","京都府京都市中京区井筒屋町423","","","","","","","","","","","","","","","8130001067695","","","",""
"ＲｅＴｗｉｓｓｔ　ＪＡＰＡＮ株式会社","7770747388637","","","","","","","158-0094","東京都世田谷区玉川三丁目20-2 マノア玉川第3ビル501号室","","","","","","","","","","","","","","","7010901039798","","","",""
"リトルウッド合同会社","6723769683628","","","","","","","170-0011","東京都豊島区池袋本町四丁目47-12 1821","","","","","","","","","","","","","","","9013303002447","","","",""
"株式会社リトルスプリング","5080249378677","","","","","","","528-0049","滋賀県甲賀市水口町貴生川一丁目137","","","","","","","","","","","","","","","4160001023880","","","",""
"株式会社リトルハンズ","1358431679056","","","","","","","921-8804","石川県野々市市野代三丁目139-10","","","","","","","","","","","","","","","2220001023760","","","",""
"リトルプラス株式会社","9452805512518","","","","","","","600-8813","京都府京都市下京区中堂寺南町134 KRP・ASTEMビル8F03","","","","","","","","","","","","","","","3130001055515","","","",""
"有限会社リトルプレゼンツ","4351482846941","","","","","","","214-0034","神奈川県川崎市多摩区三田一丁目26-28 ニューウェル生田ビル2F","","","","","","","","","","","","","","","8020002095244","","","",""
"Ｌｉｔｔｌｅ　Ｒｏｏｍｓ株式会社","3385304245236","","","","","","","150-0022","東京都渋谷区恵比寿南三丁目10-6","","","","","","","","","","","","","","","4011001121409","","","",""
"株式会社ＬＥＡＤ","6378212844950","","","","","","","243-0003","神奈川県厚木市寿町三丁目15-18","","","","","","","","","","","","","","","3011101072420","","","",""
"ＬＩＮＯ株式会社","2023119605823","","","","","","","520-3037","滋賀県栗東市北中小路1-1 北中小路倉庫102号","","","","","","","","","","","","","","","7160001017269","","","",""
"株式会社リノ","4651659006066","","","","","","","248-0032","神奈川県鎌倉市津1101-24","","","","","","","","","","","","","","","1021001057613","","","",""
"株式会社ＬｉｎｏＦｌｅｅｔ","7558982871947","","","","","","","957-0065","新潟県新発田市舟入町三丁目7-33","","","","","","","","","","","","","","","2110001031130","","","",""
"リノワ合同会社","9606582131244","","","","","","","104-0061","東京都中央区銀座七丁目13-6 サガミビル2F","","","","","","","","","","","","","","","5010003033256","","","",""
"株式会社リバークレイン","3927006147544","","","","","","","154-0005","東京都世田谷区三宿一丁目13-1 東映三宿ビル6階","","","","","","","","","","","","","","","2010901020878","","","",""
"株式会社ＲｅＢｉｒｔｈ","2543980205037","","","","","","","542-0067","大阪府大阪市中央区松屋町2-10 リーデンススクエア1008号","","","","","","","","","","","","","","","1120001201121","","","",""
"合同会社ＲＩＶＥＲＳ　ＩＭＰＯＲＴ","5544871650349","","","","","","","424-0114","静岡県静岡市清水区庵原町3695","","","","","","","","","","","","","","","6080003001494","","","",""
"株式会社リバティ","2841972730557","","","","","","","861-8043","熊本県熊本市東区戸島西一丁目20-1","","","","","","","","","","","","","","","5330001022360","","","",""
"株式会社ＲＥＶＥＲＶＥ","7746026312885","","","","","","","300-0334","茨城県稲敷郡阿見町大字鈴木63-25","","","","","","","","","","","","","","","9050001040750","","","",""
"有限会社リバーマーケティング","2884885834028","","","","","","","040-0022","北海道函館市日乃出町22-38 3F","","","","","","","","","","","","","","","3440002008168","","","",""
"株式会社リバーワイド","5422047080380","","","","","","","195-0053","東京都町田市能ヶ谷五丁目18-2","","","","","","","","","","","","","","","9011701015368","","","",""
"リビスコ株式会社","3851524718682","","","","","","","104-0061","東京都中央区銀座三丁目7-12","","","","","","","","","","","","","","","5010001185198","","","",""
"株式会社ＬＩＶＩＮＧ　ＬＩＦＥ　ＭＡＲＫＥＴＰＬＡＣＥ","2178013725233","","","","","","","901-2303","沖縄県中頭郡北中城村字仲順128","","","","","","","","","","","","","","","5360001014529","","","",""
"株式会社リフェット","2761028565568","","","","","","","150-0012","東京都渋谷区広尾一丁目11-4 共立ビル3階","","","","","","","","","","","","","","","8010401089244","","","",""
"株式会社リフマシー","1250958513682","","","","","","","173-0004","東京都板橋区板橋一丁目43-6 宝ビル5F","","","","","","","","","","","","","","","3011401019501","","","",""
"株式会社リフラス","6655174497272","","","","","","","826-0026","福岡県田川市春日町14-23","","","","","","","","","","","","","","","6290801022869","","","",""
"株式会社リフレ","3073153945099","","","","","","","362-0035","埼玉県上尾市仲町一丁目7-28","","","","","","","","","","","","","","","3030001041855","","","",""
"リブブリッジ株式会社","2087449422504","","","","","","","144-0031","東京都大田区東蒲田二丁目5-10 101","","","","","","","","","","","","","","","1010801024311","","","",""
"株式会社リブリッチ","4435171218637","","","","","","","158-0082","東京都世田谷区等々力六丁目6-5","","","","","","","","","","","","","","","8080401012158","","","",""
"株式会社リープ","3375353557110","","","","","","","461-0023","愛知県名古屋市東区徳川町110","","","","","","","","","","","","","","","2180001146681","","","",""
"株式会社リプレイス","4827700371177","","","","","","","616-8312","京都府京都市右京区嵯峨野清水町21-9 かわ辰ビル2F","","","","","","","","","","","","","","","3130001062346","","","",""
"株式会社リプロ","7561390444243","","","","","","","311-0121","茨城県那珂市戸崎40-1","","","","","","","","","","","","","","","9050001007725","","","",""
"株式会社リプロダクションサポート","8956383447968","","","","","","","671-0221","兵庫県姫路市別所町別所二丁目112","","","","","","","","","","","","","","","4140001093728","","","",""
"株式会社ｌｉｂｅｌｌｕｌｅ　ｊａｐｏｎ","7585454274541","","","","","","","557-0011","大阪府大阪市西成区天下茶屋東一丁目7-11","","","","","","","","","","","","","","","7120001175319","","","",""
"株式会社リベルタ","3219783899610","","","","","","","340-0004","埼玉県草加市弁天一丁目6-17","","","","","","","","","","","","","","","4020001134254","","","",""
"株式会社リベルタ","8436444073649","","","","","","","177-0041","東京都練馬区石神井町二丁目9-15","","","","","","","","","","","","","","","2011601007827","","","",""
"合同会社リベルタジャパン","5103884938312","","","","","","","648-0088","和歌山県橋本市みゆき台27-10","","","","","","","","","","","","","","","5170003001172","","","",""
"株式会社Ｒｅｅ　Ｂｅｎ　Ｃｏｒｐｏｒａｔｉｏｎ","8734394535837","","","","","","","143-0025","東京都大田区南馬込一丁目3-2","","","","","","","","","","","","","","","5010801016230","","","",""
"株式会社リメックスコ","2205585022887","","","","","","","613-0905","京都府京都市伏見区淀下津町246-6","","","","","","","","","","","","","","","8120001174724","","","",""
"株式会社リヤン","8222098959535","","","","","","","171-0051","東京都豊島区長崎四丁目24-8 メゾン長崎I1階A号室","","","","","","","","","","","","","","","1013301035646","","","",""
"株式会社Ｒｙｕｋｙｕｒｉａｎ","2051501442241","","","","","","","901-2224","沖縄県宜野湾市真志喜二丁目24-1","","","","","","","","","","","","","","","4360001016204","","","",""
"株式会社Ｒｙｕ　ｓｐｏｒｔｓ","6310538672193","","","","","","","632-0036","奈良県天理市御経野町37-5","","","","","","","","","","","","","","","2150001027604","","","",""
"株式会社流通物産","9348259017126","","","","","","","271-0044","千葉県松戸市西馬橋三丁目38-10","","","","","","","","","","","","","","","2040001120353","","","",""
"株式会社琉２ダイレクト","8767770732893","","","","","","","901-0306","沖縄県糸満市西崎町四丁目15-11 琉球FORCEPARK","","","","","","","","","","","","","","","9360001027972","","","",""
"株式会社リュミエール","8804542675449","","","","","","","673-0044","兵庫県明石市藤江1703-51","","","","","","","","","","","","","","","3140001108461","","","",""
"凌皓貿易株式会社","9905179175146","","","","","","","212-0016","神奈川県川崎市幸区南幸町三丁目73-1","","","","","","","","","","","","","","","4020001110916","","","",""
"株式会社リライフコーポレーション","2754817311641","","","","","","","518-0626","三重県名張市桔梗が丘六番町二街区7","","","","","","","","","","","","","","","6190001022746","","","",""
"株式会社リリィフォース","6316812147746","","","","","","","619-0216","京都府木津川市州見台五丁目1-3","","","","","","","","","","","","","","","8130001050965","","","",""
"株式会社リリーカンパニー","6783237013177","","","","","","","160-0022","東京都新宿区新宿五丁目17-6 103","","","","","","","","","","","","","","","5011101051182","","","",""
"株式会社リール","4317648762849","","","","","","","151-0051","東京都渋谷区千駄ケ谷二丁目7-1 ボンフレール千駄ヶ谷1階","","","","","","","","","","","","","","","8011001063275","","","",""
"株式会社Ｌｉｎｋ","7457599538065","","","","","","","491-0804","愛知県一宮市千秋町佐野郷前25-1","","","","","","","","","","","","","","","1200001030280","","","",""
"株式会社リングリーフ","9130474117901","","","","","","","220-0012","神奈川県横浜市西区みなとみらい四丁目4-2 横浜ブルーアベニュー12階","","","","","","","","","","","","","","","9010701034254","","","",""
"リンベル株式会社","3070878538984","0","1","2026/01/13","0","","https://www.ringbell.co.jp/","103-0027","東京都中央区日本橋三丁目13-6","03-3246-1122","代表取締役社長","東海林　秀典","卸売、小売","総合卸売","卸売、小売","EC、通信販売","500 ～ 1,000","100,000 ～ 1,000,000","10,000 ～ 30,000","2025/02","1987/07","1987/07","非公開","4010001083675","カタログギフト,旅行業,セールスプロモーション,企画,開発,販売,制作,一般ギフト商品,通信販売事業,ギフト・贈答品販売,カタログ制作,酒類通販,金券・ギフト券（商品券・旅行券・図書カード等）販売,通信販売,リンベル・ザ・プレミアム,内祝い,ギフト,結婚,香典返し,リンベル","2026新卒募集企業,2027新卒インターン募集企業,2027新卒募集企業,ISO認定取得企業,SNSツール利用,WEB分析ツール利用,コールセンター保有企業,プライバシーマーク取得企業,ミドル以下MAツール利用,中途採用企業,全省庁統一資格保有企業,合併企業,営業職募集企業,売上300億円以上,売上50億円以上,展示会その他,展示会全体,展示会販促営業,新商品リリース企業,決算官報公告企業,特許出願企業","",""
"リンベル東京株式会社","7213760181924","","","","","","","103-0027","東京都中央区日本橋三丁目13-6","","","","","","","","","","","","","","","3010001132160","","","",""
"株式会社ＬｉｎＲｏｎｄ","6781286683267","","","","","","","150-0031","東京都渋谷区桜丘町31-14 SLACKSHIBUYA802","","","","","","","","","","","","","","","9011201017311","","","",""
"株式会社ルイ・アンヌ","6317400876293","","","","","","","178-0061","東京都練馬区大泉学園町七丁目11-31","","","","","","","","","","","","","","","2011601007380","","","",""
"株式会社ＲＵＫＡ","5473571197869","","","","","","","107-0062","東京都港区南青山五丁目6-5 KYビル3階","","","","","","","","","","","","","","","7010901041382","","","",""
"株式会社ＬＵＫＥＳ","9231385798642","","","","","","","105-0004","東京都港区新橋五丁目23-7","","","","","","","","","","","","","","","7010401117749","","","",""
"株式会社ルークル","2627504832938","","","","","","","151-0051","東京都渋谷区千駄ケ谷三丁目2-3 梅原ビルB1F","","","","","","","","","","","","","","","1021001076968","","","",""
"株式会社ルシオン","1464002953166","","","","","","","101-0042","東京都千代田区神田東松下町28 エクセル神田B1F","","","","","","","","","","","","","","","3010001200685","","","",""
"ルシール合同会社","4869515233232","","","","","","","870-0045","大分県大分市城崎町二丁目4-13 ダイヤモンド城崎ビル2F","","","","","","","","","","","","","","","7320003003242","","","",""
"株式会社ルージュ","1914570687844","","","","","","","171-0022","東京都豊島区南池袋一丁目23-2 テイワイズ池袋ビル4F","","","","","","","","","","","","","","","1013301026819","","","",""
"有限会社ルートツー","9669538433758","","","","","","","176-0012","東京都練馬区豊玉北四丁目26-6 206号","","","","","","","","","","","","","","","2011602023781","","","",""
"株式会社Ｒｏｕｔｅ１","4928409993457","","","","","","","431-3126","静岡県浜松市中央区有玉台四丁目4-11","","","","","","","","","","","","","","","1080401024110","","","",""
"ルードス株式会社","9386076183576","","","","","","","111-0052","東京都台東区柳橋二丁目14-2","","","","","","","","","","","","","","","9010501038042","","","",""
"株式会社ルナエンバシージャパン","9169259593594","","","","","","","530-0043","大阪府大阪市北区天満四丁目5-9","","","","","","","","","","","","","","","4010601036553","","","",""
"株式会社ルーナデーア","7780420562631","","","","","","","577-0067","大阪府東大阪市高井田西六丁目5-9","","","","","","","","","","","","","","","9122001024718","","","",""
"株式会社ルナレインボー","8080144214538","","","","","","","807-0815","福岡県北九州市八幡西区本城東四丁目4-10","","","","","","","","","","","","","","","9290001072407","","","",""
"株式会社ＲＵＢＢＹ","8224810825025","","","","","","","110-0005","東京都台東区上野三丁目6-10 ユニオンビル2階","","","","","","","","","","","","","","","4010501031761","","","",""
"株式会社Ｒｕｂｅｕｓ","2124345599921","","","","","","","533-0024","大阪府大阪市東淀川区柴島二丁目16-27 704","","","","","","","","","","","","","","","5011001105708","","","",""
"株式会社ＲＯＯＦＴＯＰ","1251550276428","","","","","","","153-0051","東京都目黒区上目黒二丁目15-14 IRONSIDENAKAMEGURO2F","","","","","","","","","","","","","","","2011001092189","","","",""
"株式会社ＬＯＯＰ","9027480703364","","","","","","","491-0201","愛知県一宮市奥町県郭21-4","","","","","","","","","","","","","","","5180001062819","","","",""
"株式会社ルミアス","6073215660847","","","","","","","062-0932","北海道札幌市豊平区平岸二条十三丁目2-21 フィルライズ1F奥","","","","","","","","","","","","","","","5010401116125","","","",""
"株式会社Ｌｕｍｉｅｒｅ","7753953728431","","","","","","","169-0073","東京都新宿区百人町三丁目21-7 W. D. HOUSE2F","","","","","","","","","","","","","","","4011101082229","","","",""
"Ｌｕｍｉｒｉｓｅ株式会社","9763356075283","","","","","","","493-0004","愛知県一宮市木曽川町玉ノ井古井田117-5","","","","","","","","","","","","","","","7180001140044","","","",""
"株式会社ｒｏｏｍ０１１","8433198728055","","","","","","","164-0001","東京都中野区中野五丁目51-2","","","","","","","","","","","","","","","2430001063026","","","",""
"株式会社ルメイヤカドゥ","7726913144405","","","","","","","584-0073","大阪府富田林市寺池台二丁目16-25","","","","","","","","","","","","","","","6120101053557","","","",""
"株式会社ルーメン","3476766044744","","","","","","","130-0013","東京都墨田区錦糸一丁目13-1","","","","","","","","","","","","","","","6010601036072","","","",""
"株式会社Ｌｕｒｃｏ","8686037952280","","","","","","","501-6016","岐阜県羽島郡岐南町徳田一丁目71 アドヴァンイトウビル2階","","","","","","","","","","","","","","","4200001009405","","","",""
"株式会社Ｌｕｒｅｎｔ","5149769826344","","","","","","","286-0212","千葉県富里市十倉118-33","","","","","","","","","","","","","","","2011401023165","","","",""
"レアリーク株式会社","7081638343785","","","","","","","660-0884","兵庫県尼崎市神田中通三丁目31","","","","","","","","","","","","","","","5140001098445","","","",""
"有限会社レアリゼ","7323300685350","","","","","","","223-0051","神奈川県横浜市港北区箕輪町二丁目5-52 201号","","","","","","","","","","","","","","","7020002052948","","","",""
"株式会社Ｒａｙ","6207273639380","","","","","","","700-0053","岡山県岡山市北区下伊福本町2-5","","","","","","","","","","","","","","","7260001017259","","","",""
"レイグル株式会社","7378491192459","","","","","","","231-0023","神奈川県横浜市中区山下町1 シルクセンター903","","","","","","","","","","","","","","","6040001032958","","","",""
"株式会社レイデルジャパン","5646805144775","","","","","","","108-0014","東京都港区芝五丁目16-7 芝ビル5階B号室","","","","","","","","","","","","","","","9010401138000","","","",""
"有限会社レイホープ","3610600737540","","","","","","","520-0043","滋賀県大津市中央四丁目1-14","","","","","","","","","","","","","","","9160002013439","","","",""
"株式会社レインボーボックス","8807146159515","","","","","","","160-0022","東京都新宿区新宿五丁目18-20","","","","","","","","","","","","","","","5011101071949","","","",""
"有限会社レインボール","5237809813604","","","","","","","990-0035","山形県山形市小荷駄町6-27","","","","","","","","","","","","","","","1390002003102","","","",""
"株式会社レオレア","6474054042605","","","","","","","244-0805","神奈川県横浜市戸塚区川上町85-1 N&Fビル2、8階","","","","","","","","","","","","","","","5020001103893","","","",""
"株式会社レガシィ","3132379824201","","","","","","","060-0041","北海道札幌市中央区大通東七丁目18-2 EAST7ビル3階","","","","","","","","","","","","","","","4430001036434","","","",""
"株式会社レガーロ","2819244423034","","","","","","","271-0044","千葉県松戸市西馬橋一丁目27-9","","","","","","","","","","","","","","","6040001040473","","","",""
"株式会社レガーロ","3434735469566","","","","","","","650-0024","兵庫県神戸市中央区海岸通28 BELISTA神戸旧居留地1003号","","","","","","","","","","","","","","","5010401107702","","","",""
"レギュラス・ソリューションズ株式会社","1791796694560","","","","","","","150-0013","東京都渋谷区恵比寿一丁目15-9","","","","","","","","","","","","","","","6011001135183","","","",""
"株式会社レコルト","7655789290871","","","","","","","639-1123","奈良県大和郡山市筒井町571-8","","","","","","","","","","","","","","","9150001024413","","","",""
"株式会社レコンテボヌール","9847264854143","","","","","","","856-0814","長崎県大村市松並一丁目346-2","","","","","","","","","","","","","","","6310001002355","","","",""
"株式会社レジュベナ","3721643349780","","","","","","","105-0022","東京都港区海岸一丁目2-3 汐留芝離宮ビルディング21階","","","","","","","","","","","","","","","9010401150616","","","",""
"株式会社レストフォー","7711018471100","","","","","","","550-0005","大阪府大阪市西区西本町三丁目1-43 西本町ソーラービルB1","","","","","","","","","","","","","","","1120001135567","","","",""
"株式会社レスブリス","6584456965148","","","","","","","158-0095","東京都世田谷区瀬田二丁目30-6","","","","","","","","","","","","","","","5011301022652","","","",""
"株式会社レッツ","6567545246187","","","","","","","364-0007","埼玉県北本市東間二丁目195-7","","","","","","","","","","","","","","","3030001062554","","","",""
"有限会社レッツ","6107250161760","","","","","","","310-0836","茨城県水戸市元吉田町2988-6","","","","","","","","","","","","","","","3050002007928","","","",""
"株式会社レッド・ウッド","6302481998079","","","","","","","530-0014","大阪府大阪市北区鶴野町4 A-1423号","","","","","","","","","","","","","","","3120001181023","","","",""
"Ｒｅｄ　Ｃａｂｉｎｓ合同会社","1851027245071","","","","","","","247-0006","神奈川県横浜市栄区笠間二丁目24-23 ベルエアII102号室","","","","","","","","","","","","","","","9020003009235","","","",""
"レッドサン株式会社","2106520839024","","","","","","","703-8265","岡山県岡山市中区倉田488-4","","","","","","","","","","","","","","","1260001005590","","","",""
"株式会社レディーバグキッズ","8271448571735","","","","","","","314-0112","茨城県神栖市知手中央五丁目1-16 グランディール知手207号","","","","","","","","","","","","","","","7010901015907","","","",""
"株式会社Ｒｅｖａｎｃｅ","5769532490119","","","","","","","154-0012","東京都世田谷区駒沢二丁目11-5 NEWVALUE駒沢ビル9F","","","","","","","","","","","","","","","1010901032734","","","",""
"株式会社ＬＥＦＴ－Ｕ","2812777867188","","","","","","","150-0013","東京都渋谷区恵比寿一丁目19-19 恵比寿ビジネスタワー14階","","","","","","","","","","","","","","","3011001124429","","","",""
"株式会社レブニーズ","8746233495569","","","","","","","060-0809","北海道札幌市北区北九条西三丁目19-1 ノルテプラザ5F","","","","","","","","","","","","","","","7430001030211","","","",""
"株式会社レベル","6104425110179","","","","","","","955-0055","新潟県三条市塚野目一丁目13-30","","","","","","","","","","","","","","","3110001017095","","","",""
"株式会社Ｒｅｍｙ","5262302055298","","","","","","","151-0062","東京都渋谷区元代々木町16-14 BIT代々木上原ラティス701号室","","","","","","","","","","","","","","","2011001052473","","","",""
"株式会社Ｒｅｌｉｃ","2812661670088","","","","","","","150-0013","東京都渋谷区恵比寿四丁目20-3 恵比寿ガーデンプレイスタワー19F","","","","","","","","","","","","","","","7013301037042","","","",""
"株式会社ＲＥＮ","4713677286776","","","","","","","170-0004","東京都豊島区北大塚三丁目27-10 幸和ビル","","","","","","","","","","","","","","","4011102027091","","","",""
"蓮武株式会社","3521072277655","","","","","","","277-0065","千葉県柏市光ケ丘二丁目3-5 1F","","","","","","","","","","","","","","","4040001088440","","","",""
"株式会社ロイヤル","6279029713407","","","","","","","121-0055","東京都足立区加平三丁目6-12","","","","","","","","","","","","","","","4011801013227","","","",""
"ロイヤル・インターナショナル・コーポレーション株式会社","5498463678907","","","","","","","168-0064","東京都杉並区永福三丁目23-16","","","","","","","","","","","","","","","8010501014960","","","",""
"ロイヤルステージ株式会社","8207981465104","","","","","","","541-0053","大阪府大阪市中央区本町一丁目7-6 本町センチュリービル10F","","","","","","","","","","","","","","","6120001112421","","","",""
"株式会社ロイヤルナイト東京","7332894958553","","","","","","","120-0034","東京都足立区千住三丁目67-4 SGビル1F","","","","","","","","","","","","","","","6011801035566","","","",""
"株式会社ロイヤルバザール","3128448657883","","","","","","","174-0072","東京都板橋区南常盤台二丁目22-8 1F","","","","","","","","","","","","","","","7410001005867","","","",""
"株式会社Ｒｏｎｉｎ","8909612322651","","","","","","","542-0067","大阪府大阪市中央区松屋町7-1 904号","","","","","","","","","","","","","","","6120001189451","","","",""
"株式会社ロカフト","4925573394544","","","","","","","818-0103","福岡県太宰府市朱雀二丁目26-26 201","","","","","","","","","","","","","","","6290001096037","","","",""
"株式会社ローカル","2623211179108","","","","","","","860-0047","熊本県熊本市西区春日三丁目15-60 JR熊本白川ビル4階","","","","","","","","","","","","","","","3330001008485","","","",""
"六合商事株式会社","4507833510055","","","","","","","804-0013","福岡県北九州市戸畑区境川二丁目1-26","","","","","","","","","","","","","","","2290801023219","","","",""
"株式会社ログゼ","1244995234069","","","","","","","125-0052","東京都葛飾区柴又五丁目1-16","","","","","","","","","","","","","","","5010501036116","","","",""
"株式会社ログログ","4973616295732","","","","","","","105-0023","東京都港区芝浦一丁目3-3","","","","","","","","","","","","","","","9010001164842","","","",""
"株式会社ＬｏｃｏＮｅｔ","9280640325966","","","","","","","892-0822","鹿児島県鹿児島市泉町2-3 そうしん本店ビル5F","","","","","","","","","","","","","","","8340001006351","","","",""
"株式会社ロコ・プロモーション","3861182468308","","","","","","","103-0013","東京都中央区日本橋人形町二丁目15-5 902","","","","","","","","","","","","","","","1010001134571","","","",""
"株式会社Ｌｏｃｏ　Ｌｏｃｏ","3095326227895","","","","","","","567-0867","大阪府茨木市大正町2-15 803号","","","","","","","","","","","","","","","8120901040042","","","",""
"合同会社ロゴスの力","6841306455496","","","","","","","753-0070","山口県山口市白石一丁目8-33","","","","","","","","","","","","","","","6250003002104","","","",""
"株式会社ロージー","9203357876936","","","","","","","577-0012","大阪府東大阪市長田東四丁目2-32 大真ビル401号室","","","","","","","","","","","","","","","4122001027097","","","",""
"ロジ・エンジェル株式会社","1375735197537","","","","","","","101-0042","東京都千代田区神田東松下町35","","","","","","","","","","","","","","","5010801023284","","","",""
"株式会社Ｌｏｒｄ’ｓ　Ｇｒａｃｅ","2967150691357","","","","","","","959-1502","新潟県南蒲原郡田上町大字田上1651-7","","","","","","","","","","","","","","","9110001030324","","","",""
"ロッカクケイ合同会社","2772640113626","","","","","","","151-0053","東京都渋谷区代々木四丁目27-26","","","","","","","","","","","","","","","4011003006070","","","",""
"６００株式会社","4772516036618","","","","","","","135-0004","東京都江東区森下三丁目17-4 今泉ビル2F","","","","","","","","","","","","","","","9011001116726","","","",""
"株式会社ロッピングライフ","3990975218549","","","","","","","106-0031","東京都港区西麻布一丁目2-9 EXタワー5階","","","","","","","","","","","","","","","9010401018929","","","",""
"株式会社ロディック","4081276240866","","","","","","","790-0878","愛媛県松山市勝山町一丁目7-20","","","","","","","","","","","","","","","7380001024862","","","",""
"ロハス工房株式会社","4776417987856","","","","","","","330-0801","埼玉県さいたま市大宮区土手町三丁目234-1","","","","","","","","","","","","","","","8030001017594","","","",""
"株式会社ＬＯＦＡ","9302784914318","","","","","","","114-0014","東京都北区田端一丁目13-5","","","","","","","","","","","","","","","3011501019640","","","",""
"株式会社Ｒｏａｍｓ","7080607652135","","","","","","","107-0052","東京都港区赤坂九丁目7-1 ミッドタウン・タワー18F","","","","","","","","","","","","","","","7010401160633","","","",""
"株式会社Ｒｏｒａ","6057319144005","","","","","","","359-0023","埼玉県所沢市東所沢和田一丁目5-5","","","","","","","","","","","","","","","2030001097931","","","",""
"株式会社ロル","9533444625602","","","","","","","980-0804","宮城県仙台市青葉区大町一丁目3-7 8F","","","","","","","","","","","","","","","9370001043102","","","",""
"株式会社ロングライフサポート","3288718399444","","","","","","","299-4324","千葉県長生郡長生村一松2112","","","","","","","","","","","","","","","3040001089571","","","",""
"ロングラブド株式会社","9080196869090","","","","","","","812-0016","福岡県福岡市博多区博多駅南三丁目2-26","","","","","","","","","","","","","","","8290003001810","","","",""
"株式会社わを","4423376755653","","","","","","","107-0052","東京都港区赤坂九丁目6-28 アルベルゴ乃木坂9階","","","","","","","","","","","","","","","4010401091988","","","",""
"ＹＩＹＩホーム合同会社","3427041502745","","","","","","","273-0005","千葉県船橋市本町六丁目4-9 205","","","","","","","","","","","","","","","4012403001669","","","",""
"株式会社Ｙ＆Ｙ","5062212188761","","","","","","","480-0305","愛知県春日井市坂下町七丁目760-1245","","","","","","","","","","","","","","","6180001146174","","","",""
"ＹＨＨ株式会社","3944426762542","","","","","","","544-0013","大阪府大阪市生野区巽中一丁目4-26","","","","","","","","","","","","","","","1120001206194","","","",""
"株式会社ＹＨＴ","1483956190498","","","","","","","104-0061","東京都中央区銀座七丁目5-4 毛利ビル5階","","","","","","","","","","","","","","","8020001110508","","","",""
"ＹＦＣ株式会社","9081805528379","","","","","","","904-1115","沖縄県うるま市石川伊波1553-30 未来ビジネス村2-1","","","","","","","","","","","","","","","1360001008047","","","",""
"株式会社ＹＭ","7421689863485","","","","","","","640-8292","和歌山県和歌山市南甚五兵衛丁10","","","","","","","","","","","","","","","3170001013659","","","",""
"株式会社ワイエムコーポレーション","2303729851048","","","","","","","143-0027","東京都大田区中馬込一丁目16-19","","","","","","","","","","","","","","","2010801026991","","","",""
"株式会社ＹＭＹ","1081223421077","","","","","","","007-0808","北海道札幌市東区東苗穂八条三丁目1-1 札苗福地ビルD室","","","","","","","","","","","","","","","5430003007390","","","",""
"株式会社ＹＯＳ","2693404736441","","","","","","","124-0002","東京都葛飾区西亀有二丁目52-18","","","","","","","","","","","","","","","3011801029604","","","",""
"株式会社ＹＫサービス","3416040186572","","","","","","","252-0301","神奈川県相模原市南区鵜野森二丁目30-7 1B","","","","","","","","","","","","","","","8021001019144","","","",""
"株式会社ＹＫワールドビジョン","9959421264006","","","","","","","142-0051","東京都品川区平塚一丁目4-7","","","","","","","","","","","","","","","3010701015276","","","",""
"株式会社ＹＪ‐ｉｍａｇｅ","8531537461528","","","","","","","111-0051","東京都台東区蔵前二丁目3-3 ESビルB1","","","","","","","","","","","","","","","4010601059645","","","",""
"ワイスビット株式会社","1306278051787","","","","","","","533-0033","大阪府大阪市東淀川区東中島一丁目21-31 新大阪和光ビル301","","","","","","","","","","","","","","","6120001188536","","","",""
"ワイズエス株式会社","3188746991718","","","","","","","170-0013","東京都豊島区東池袋四丁目39-1 ナルハマビル4階","","","","","","","","","","","","","","","1012701012767","","","",""
"有限会社ワイズカレント","7894860207745","","","","","","","195-0072","東京都町田市金井五丁目1-60","","","","","","","","","","","","","","","8012302008530","","","",""
"株式会社ワイズテール","5514333499787","","","","","","","457-0027","愛知県名古屋市南区弥生町229 田中ビル105","","","","","","","","","","","","","","","1180001147664","","","",""
"株式会社ワイズ・プロダクト","5898334335543","","","","","","","202-0014","東京都西東京市富士町二丁目6-5","","","","","","","","","","","","","","","4011101044220","","","",""
"株式会社ワイドシステム","2172559834104","","","","","","","755-0086","山口県宇部市大字中宇部229-4","","","","","","","","","","","","","","","8250001004050","","","",""
"株式会社ワイナック","9688777606961","","","","","","","337-0043","埼玉県さいたま市見沼区大字中川393-2","","","","","","","","","","","","","","","7030001008941","","","",""
"株式会社ワイ・ビー・シー","5056400719714","","","","","","","103-0027","東京都中央区日本橋三丁目5-12 ニュー八重洲ビル9F","","","","","","","","","","","","","","","6010001082329","","","",""
"株式会社Ｙｕ","8461067720406","","","","","","","357-0035","埼玉県飯能市柳町3-13 コヤマビル401","","","","","","","","","","","","","","","7030001110004","","","",""
"株式会社ワイルドワン","5652968309990","","","","","","","150-0043","東京都渋谷区道玄坂二丁目20-12","","","","","","","","","","","","","","","6011001060588","","","",""
"株式会社ワイ・ワールド","1770918907763","","","","","","","730-0026","広島県広島市中区田中町5-13 1301","","","","","","","","","","","","","","","9240001047628","","","",""
"合同会社若草本舗","8548868970259","","","","","","","141-0031","東京都品川区西五反田二丁目23-1","","","","","","","","","","","","","","","5010703002840","","","",""
"株式会社ＷＡＫＡＫＯ","9817341700079","","","","","","","231-0063","神奈川県横浜市中区花咲町一丁目4 ベルメゾン桜木322号室","","","","","","","","","","","","","","","2020001098170","","","",""
"株式会社若杉エンタープライズ","1513830617177","","","","","","","500-8376","岐阜県岐阜市富沢町38-8","","","","","","","","","","","","","","","8200001030729","","","",""
"有限会社わきざか","3710100227139","","","","","","","399-8602","長野県北安曇郡池田町大字会染7969-53","","","","","","","","","","","","","","","7100002027215","","","",""
"株式会社Ｗｏｒｋ　ｉｎ　Ｐｒｏｇｒｅｓｓ","8733581566283","","","","","","","150-0001","東京都渋谷区神宮前二丁目27-12","","","","","","","","","","","","","","","5011001059788","","","",""
"ワクワクする株式会社","9431436448092","","","","","","","933-0959","富山県高岡市長江126","","","","","","","","","","","","","","","7230001011801","","","",""
"株式会社Ｗａｃｏｎｔｒｅ","3282151225883","","","","","","","177-0032","東京都練馬区谷原五丁目8-17","","","","","","","","","","","","","","","4011601016330","","","",""
"株式会社和昌","4935271012147","","","","","","","210-0852","神奈川県川崎市川崎区鋼管通三丁目3-12","","","","","","","","","","","","","","","6020001101021","","","",""
"和順商事株式会社","8937791279288","","","","","","","174-0056","東京都板橋区志村二丁目15-9 4F","","","","","","","","","","","","","","","3011401018172","","","",""
"株式会社早稲田コープサービス","4836195168683","","","","","","","169-0051","東京都新宿区西早稲田一丁目6-1","","","","","","","","","","","","","","","9011101068446","","","",""
"ＷＡＳＯＵ合同会社","6323457367544","","","","","","","529-1551","滋賀県東近江市宮川町244-426","","","","","","","","","","","","","","","3160003001340","","","",""
"わたぬき服装株式会社","8817447915023","","","","","","","409-3823","山梨県中央市上三條511-1","","","","","","","","","","","","","","","1090003001366","","","",""
"株式会社ワタモク","7265120606961","","","","","","","326-0846","栃木県足利市山下町935-5","","","","","","","","","","","","","","","5060001022207","","","",""
"株式会社ＷＡＤＡＣＨＩ","2556298708462","","","","","","","460-0003","愛知県名古屋市中区錦一丁目17-13","","","","","","","","","","","","","","","8180001153739","","","",""
"和田通信株式会社","9957153540148","","","","","","","593-8325","大阪府堺市西区鳳南町五丁576-5","","","","","","","","","","","","","","","1120101053966","","","",""
"ＷＡＱ株式会社","5362357315255","","","","","","","533-0033","大阪府大阪市東淀川区東中島一丁目6-14 新大阪第二日大ビル1007","","","","","","","","","","","","","","","5010401167614","","","",""
"株式会社ＷＨＡＴＴＳ","6165916491083","","","","","","","104-0061","東京都中央区銀座一丁目22-11","","","","","","","","","","","","","","","4010001174045","","","",""
"有限会社ワーテック","7207119491939","","","","","","","639-1031","奈良県大和郡山市今国府町184-2","","","","","","","","","","","","","","","7150002005372","","","",""
"株式会社ＷＡＲＤＲＯＢＥ","1783164340733","","","","","","","330-0061","埼玉県さいたま市浦和区常盤九丁目33-3","","","","","","","","","","","","","","","8030001123888","","","",""
"和の合株式会社","3766354604137","","","","","","","102-0071","東京都千代田区富士見一丁目5-16 たけうちビル1階","","","","","","","","","","","","","","","2011101090084","","","",""
"ＷＦＷ株式会社","8635547564619","","","","","","","202-0004","東京都西東京市下保谷二丁目5-20 コーポニートネス106号","","","","","","","","","","","","","","","2011001146399","","","",""
"株式会社ワープエンタテインメント","9598520513272","","","","","","","160-0011","東京都新宿区若葉一丁目12-5","","","","","","","","","","","","","","","5011101046430","","","",""
"有限会社ワープステーション","3572365153784","","","","","","","441-8113","愛知県豊橋市西幸町浜池11-3","","","","","","","","","","","","","","","5180302010567","","","",""
"ＷＡＲＰＤＯＯＲ株式会社","7429613907942","","","","","","","151-0053","東京都渋谷区代々木三丁目1-4 日月光ビル5階","","","","","","","","","","","","","","","1011001132788","","","",""
"株式会社Ｗａｍｅｒｓ","6532392234829","","","","","","","277-0931","千葉県柏市藤ケ谷342-2","","","","","","","","","","","","","","","6040001073267","","","",""
"株式会社わものトレーディング","2715518466106","","","","","","","615-8085","京都府京都市西京区桂千代原町16-4 ヴィラ","","","","","","","","","","","","","","","9130001064948","","","",""
"株式会社ワールドエアモデル","2227191086578","","","","","","","790-0944","愛媛県松山市古川西三丁目10-24","","","","","","","","","","","","","","","2500001008816","","","",""
"ワールドＡ－インベストメント合同会社","2767710168759","","","","","","","107-0061","東京都港区北青山一丁目3-1 アールキューブ青山3F","","","","","","","","","","","","","","","2010403014024","","","",""
"Ｗｏｒｌｄ　Ｋａｒａｔｅ　Ａｃａｄｅｍｙ株式会社","7678096814538","","","","","","","488-0024","愛知県尾張旭市井田町四丁目76","","","","","","","","","","","","","","","7180001080232","","","",""
"株式会社ワールドコネクト","8624150196373","","","","","","","113-0033","東京都文京区本郷七丁目2-12","","","","","","","","","","","","","","","4010001211913","","","",""
"株式会社ワールドジャパン","4139295106030","","","","","","","490-1112","愛知県あま市上萱津川崎21-17","","","","","","","","","","","","","","","8180001127296","","","",""
"株式会社ワールド電機商会","7181560251434","","","","","","","062-0922","北海道札幌市豊平区中の島二条三丁目1-1 グリーンコーポ中の島1F","","","","","","","","","","","","","","","3430001018136","","","",""
"株式会社ワールドトレーディング","3919781282425","","","","","","","158-0082","東京都世田谷区等々力二丁目34-15 C101","","","","","","","","","","","","","","","4290001055498","","","",""
"株式会社ワールドトレード","4349281576558","","","","","","","536-0004","大阪府大阪市城東区今福西二丁目11-3","","","","","","","","","","","","","","","9120001195117","","","",""
"株式会社ワールドネットリープ","1407935958765","","","","","","","243-0033","神奈川県厚木市温水1985-33","","","","","","","","","","","","","","","5021001056462","","","",""
"株式会社ワールドビューティワークス","5018190909634","","","","","","","617-0828","京都府長岡京市馬場二丁目4-7","","","","","","","","","","","","","","","6130001040456","","","",""
"株式会社ワールドワン","9926122856383","","","","","","","697-1322","島根県浜田市日脚町774-1","","","","","","","","","","","","","","","7280001006318","","","",""
"有限会社和々プランニング","5823882110131","","","","","","","700-0973","岡山県岡山市南区下中野1401-7","","","","","","","","","","","","","","","1260002015705","","","",""
"株式会社ＯＮＥ","5503049405784","","","","","","","359-1132","埼玉県所沢市松が丘一丁目30-8","","","","","","","","","","","","","","","6030001092656","","","",""
"ワン・アレイラ株式会社","6983453098071","","","","","","","562-0025","大阪府箕面市粟生外院六丁目2-33 103","","","","","","","","","","","","","","","9120901035859","","","",""
"株式会社ワンゲルスポーツ","6919645933080","","","","","","","101-0052","東京都千代田区神田小川町二丁目6-12","","","","","","","","","","","","","","","1010001127047","","","",""
"株式会社ワンステップ","4334231926045","","","","","","","670-0935","兵庫県姫路市北条口二丁目66","","","","","","","","","","","","","","","1140001062280","","","",""
"有限会社ワンズ","3494287567124","","","","","","","166-0002","東京都杉並区高円寺北四丁目31-20","","","","","","","","","","","","","","","7011102029721","","","",""
"合同会社Ｏｎｅ’ｓ　ｍｏｒｅ","6686222683310","","","","","","","470-0131","愛知県日進市岩崎町市場129-1","","","","","","","","","","","","","","","1180003023145","","","",""
"ワンダークエスト株式会社","6797688596220","","","","","","","530-0003","大阪府大阪市北区堂島一丁目5-17","","","","","","","","","","","","","","","4120001189619","","","",""
"株式会社ワントレイルディストリビューション","2565394580914","","","","","","","334-0057","埼玉県川口市大字安行原1271-19","","","","","","","","","","","","","","","8030001105671","","","",""
"株式会社ＷＡＮＤ","9319305727800","","","","","","","034-0001","青森県十和田市大字三本木野崎260-2","","","","","","","","","","","","","","","5420001012303","","","",""
"株式会社ワンネクト","8812052578811","","","","","","","337-0003","埼玉県さいたま市見沼区深作一丁目3-1 深作1丁目倉庫10-101号室","","","","","","","","","","","","","","","1020001112997","","","",""
"株式会社ＯＮＥｈｅａｒｔ","6538758856622","","","","","","","102-0074","東京都千代田区九段南四丁目7-13 市ヶ谷安田ビル7F","","","","","","","","","","","","","","","1010001210620","","","",""
"株式会社ワンピース","4156379644796","","","","","","","675-0021","兵庫県加古川市尾上町安田443-1","","","","","","","","","","","","","","","9010001092416","","","",""
"株式会社ＯＮＥ　ＢＲＩＤＧＥ","2900096191647","","","","","","","810-0003","福岡県福岡市中央区春吉二丁目4-11 605号","","","","","","","","","","","","","","","2290001061671","","","",""
"株式会社ワンプラスワン","6551584464150","","","","","","","234-0054","神奈川県横浜市港南区港南台六丁目16-7","","","","","","","","","","","","","","","8020001061362","","","",""
"ＯＮＥＷＯＲＬＤ株式会社","6773048657440","","","","","","","727-0203","広島県庄原市川北町2547","","","","","","","","","","","","","","","4240001051873","","","",""
"ＫｉｓｓＤｏｌｌ株式会社","8283639019398","","","","","","","232-0000","神奈川県横浜市南区弘明寺町116 HIGHNESSGUMYOJI1F","","","","","","","","","","","","","","","8020001119342","","","",""
