"会社名","SOC","あなたの名刺所有枚数","全体の名刺所有枚数","最終名刺交換日","コンタクト登録数","最終コンタクト日","URL","郵便番号","住所","電話番号","代表者の役職名","代表者の氏名","主業：大分類","主業：中分類","従業：大分類","従業：中分類","従業員数","資本金（千円）","売上高（百万円）","決算年月","創業年月","設立年月","株式公開区分","法人番号","会社キーワード","企業動向","導入ITサービス","会社メモ"
"株式会社アイエム","6287109080864","","","","","","","453-0042","愛知県名古屋市中村区大秋町一丁目18","","","","","","","","","","","","","","","9180001029137","","","",""
"株式会社アイガー","9469657396179","","","","","","","541-0055","大阪府大阪市中央区船場中央二丁目1-4 船場センタービル4号館2F","","","","","","","","","","","","","","","6120001073077","","","",""
"愛岐毛織株式会社","1788206611142","","","","","","","483-8431","愛知県江南市東野町神田60","","","","","","","","","","","","","","","2180001087331","","","",""
"アイケイ株式会社","6173977951766","","","","","","","493-8001","愛知県一宮市北方町北方沼上5-5","","","","","","","","","","","","","","","4180001081902","","","",""
"ＩＫＣＳ株式会社","7748176694192","","","","","","","533-0031","大阪府大阪市東淀川区西淡路四丁目3-4","","","","","","","","","","","","","","","1120001081654","","","",""
"有限会社アイ．コーディネイト","7353537261526","","","","","","","679-2412","兵庫県神崎郡神河町山田707-3","","","","","","","","","","","","","","","9140002054030","","","",""
"株式会社アイ・コーポレーション","4683002756173","","","","","","","658-0032","兵庫県神戸市東灘区向洋町中六丁目9","","","","","","","","","","","","","","","7140001005738","","","",""
"有限会社愛三物産","9164861009172","","","","","","","491-0832","愛知県一宮市若竹一丁目5-3","","","","","","","","","","","","","","","8180002079504","","","",""
"株式会社愛昌","5271249545926","","","","","","","462-0021","愛知県名古屋市北区成願寺二丁目3-45","","","","","","","","","","","","","","","9180001106183","","","",""
"愛繊工業株式会社","4915307306765","","","","","","","460-0002","愛知県名古屋市中区丸の内三丁目16-11 丸の内パークマンション1204","","","","","","","","","","","","","","","9180001033650","","","",""
"株式会社ＩＺＡ","2099110288215","","","","","","","107-0062","東京都港区南青山六丁目12-1 TTS南青山ビル4F","","","","","","","","","","","","","","","7010401081243","","","",""
"愛知アサヒ販売株式会社","8760082171796","","","","","","","441-8086","愛知県豊橋市問屋町8-1","","","","","","","","","","","","","","","2180301005001","","","",""
"愛知繊維株式会社","5126086773838","","","","","","","441-3134","愛知県豊橋市大岩町久保田48-10","","","","","","","","","","","","","","","6180301005014","","","",""
"愛知羊毛工業株式会社","5588363143523","","","","","","","494-0001","愛知県一宮市開明馬保里20-1","","","","","","","","","","","","","","","4180001084120","","","",""
"株式会社アイ・ティー・シー・ジャパン","5954304665376","","","","","","","603-8179","京都府京都市北区紫竹上梅ノ木町6-2","","","","","","","","","","","","","","","8130001002405","","","",""
"株式会社アイテック","4910369219846","","","","","","","634-0811","奈良県橿原市小綱町7-33","","","","","","","","","","","","","","","1150001010271","","","",""
"株式会社アイトスファースト","8984274435549","","","","","","","911-0033","福井県勝山市栄町三丁目4-12","","","","","","","","","","","","","","","6210001010228","","","",""
"株式会社アイ・ビー・アール","9030140305781","","","","","","","541-0059","大阪府大阪市中央区博労町二丁目6-7 東邦ビル8階","","","","","","","","","","","","","","","8120001093949","","","",""
"藍プランニング有限会社","5501731137408","","","","","","","711-0937","岡山県倉敷市児島稗田町2660-24","","","","","","","","","","","","","","","5260002022466","","","",""
"相政株式会社","1933809818825","","","","","","","627-0201","京都府京丹後市丹後町間人2130-5","","","","","","","","","","","","","","","7130001042939","","","",""
"株式会社アイム今井","8861600068033","","","","","","","600-8387","京都府京都市下京区高辻大宮町118","","","","","","","","","","","","","","","6130001016340","","","",""
"株式会社アイリス","5456577526745","","","","","","","471-0025","愛知県豊田市西町五丁目5","","","","","","","","","","","","","","","7180301020037","","","",""
"アヴァンス株式会社","6668419979018","","","","","","","541-0052","大阪府大阪市中央区安土町三丁目3-9 田村駒ビル10F","","","","","","","","","","","","","","","6120001079578","","","",""
"アオイドリーム株式会社","2969828863829","","","","","","","731-0103","広島県広島市安佐南区緑井五丁目1232-1","","","","","","","","","","","","","","","4240001018303","","","",""
"青木株式会社","4298924511751","","","","","","","603-8432","京都府京都市北区大宮西脇台町14-2","","","","","","","","","","","","","","","7130001004245","","","",""
"有限会社青木織工芸","1052907443835","","","","","","","376-0034","群馬県桐生市東五丁目7-43","","","","","","","","","","","","","","","2070002022414","","","",""
"青木織物株式会社","6436480687941","","","","","","","501-6065","岐阜県羽島郡笠松町門間387-1","","","","","","","","","","","","","","","7200001010681","","","",""
"株式会社青木商店","5303246113884","","","","","","","460-0011","愛知県名古屋市中区大須一丁目22-17","","","","","","","","","","","","","","","2180001033698","","","",""
"青木織布株式会社","7661232684487","","","","","","","910-1201","福井県吉田郡永平寺町鳴鹿山鹿13-28","","","","","","","","","","","","","","","2210001000026","","","",""
"青木ジェット株式会社","2814400744090","","","","","","","920-0981","石川県金沢市片町一丁目1-27","","","","","","","","","","","","","","","4220001000592","","","",""
"株式会社青木テキスタイル","3387283704616","","","","","","","541-0055","大阪府大阪市中央区船場中央二丁目3-6 111号","","","","","","","","","","","","","","","6120001073283","","","",""
"有限会社青土","7894800100076","","","","","","","611-0042","京都府宇治市小倉町南堀池110-57","","","","","","","","","","","","","","","4130002026027","","","",""
"青葉株式会社","1380559648810","","","","","","","430-0911","静岡県浜松市中央区新津町94-1","","","","","","","","","","","","","","","5080401000090","","","",""
"株式会社青柳","6196274883935","","","","","","","948-0068","新潟県十日町市栄町26-6","","","","","","","","","","","","","","","8110001020846","","","",""
"株式会社青山サロン","9627690789342","","","","","","","102-0094","東京都千代田区紀尾井町4-1 ニューオータニガーデンタワー1F","","","","","","","","","","","","","","","5010701024779","","","",""
"青山産業株式会社","8597069334193","","","","","","","445-0071","愛知県西尾市熊味町南十五夜21","","","","","","","","","","","","","","","4180301022250","","","",""
"青山産業株式会社","6846723715938","","","","","","","444-0006","愛知県岡崎市丸山町道円50","","","","","","","","","","","","","","","9180301000094","","","",""
"株式会社ＡＫＡＩ","3326675763442","","","","","","","604-8146","京都府京都市中京区一蓮社町297","","","","","","","","","","","","","","","4130001019634","","","",""
"株式会社赤木商店","4296821485005","","","","","","","604-8145","京都府京都市中京区元竹田町637","","","","","","","","","","","","","","","3130001019635","","","",""
"赤阪株式会社","9911356446557","","","","","","","531-0071","大阪府大阪市北区中津七丁目8-1","","","","","","","","","","","","","","","5120001094363","","","",""
"赤坂織布株式会社","7960088184179","","","","","","","598-0076","大阪府泉佐野市貝田町一丁目3-26","","","","","","","","","","","","","","","5120101039350","","","",""
"暁株式会社","4394652127063","","","","","","","595-0026","大阪府泉大津市東雲町5-28","","","","","","","","","","","","","","","4120101042090","","","",""
"アカツキ商事株式会社","9198930164757","","","","","","","130-0026","東京都墨田区両国二丁目1-3","","","","","","","","","","","","","","","7010601011074","","","",""
"株式会社アーガス","2688176486367","","","","","","","606-8007","京都府京都市左京区山端壱町田町8-34 シャルマン修学院2F","","","","","","","","","","","","","","","4130001019568","","","",""
"秋田織物株式会社","1917405650888","","","","","","","929-1817","石川県鹿島郡中能登町徳前ヒ部12-1","","","","","","","","","","","","","","","7220001015646","","","",""
"秋野株式会社","6174715489106","","","","","","","430-0856","静岡県浜松市中央区中島四丁目23-25","","","","","","","","","","","","","","","5080401000149","","","",""
"有限会社秋本","1207623148360","","","","","","","271-0091","千葉県松戸市本町12-11","","","","","","","","","","","","","","","6040002044003","","","",""
"秋山商事株式会社","8711811200015","","","","","","","763-0023","香川県丸亀市本町4","","","","","","","","","","","","","","","2470001007219","","","",""
"株式会社秋山商店","9633695572456","","","","","","","103-0005","東京都中央区日本橋久松町13-6 101号","","","","","","","","","","","","","","","7010001036390","","","",""
"株式会社アーキュレフ","9590160251821","","","","","","","541-0047","大阪府大阪市中央区淡路町三丁目1-5 淡路町ビル21-10階","","","","","","","","","","","","","","","7120001191002","","","",""
"秋六織物有限会社","7880721227359","","","","","","","326-0058","栃木県足利市元学町823-3","","","","","","","","","","","","","","","2060002035235","","","",""
"株式会社アクア・セイム","2444469882144","","","","","","","531-0074","大阪府大阪市北区本庄東一丁目22-11","","","","","","","","","","","","","","","9120001101636","","","",""
"株式会社アクシス","3799070565446","","","","","","","101-0047","東京都千代田区内神田一丁目15-11 千代田西井ビル8階","","","","","","","","","","","","","","","8010001009668","","","",""
"有限会社アクティブ・プロ","7775939040893","","","","","","","683-0851","鳥取県米子市夜見町1895-3","","","","","","","","","","","","","","","6270002007457","","","",""
"有限会社アクテックス","4246006182185","","","","","","","615-0072","京都府京都市右京区山ノ内池尻町6 四条グランドハイツ524","","","","","","","","","","","","","","","3130002000040","","","",""
"有限会社アクト","9476552827466","","","","","","","325-0023","栃木県那須塩原市豊浦10-752","","","","","","","","","","","","","","","9060002021872","","","",""
"株式会社あけ田","4329437672297","","","","","","","604-0000","京都府京都市中京区六角通岩上西入７１８番地の２","","","","","","","","","","","","","","","7130001019648","","","",""
"阿け美株式会社","3028216427247","","","","","","","600-8447","京都府京都市下京区御影町449","","","","","","","","","","","","","","","8130001044827","","","",""
"アゲハラベルベツト株式会社","4010650552200","","","","","","","103-0007","東京都中央区日本橋浜町二丁目60-4","","","","","","","","","","","","","","","1010001035431","","","",""
"株式会社アコステキスタイル","9671098794479","","","","","","","151-0051","東京都渋谷区千駄ケ谷一丁目3-19 タケモトビル1F","","","","","","","","","","","","","","","6011001072518","","","",""
"有限会社ＡＧＯＳ　ＳＴＵＤＩＯ","5846165746265","","","","","","","192-0053","東京都八王子市八幡町5-12","","","","","","","","","","","","","","","2010102006578","","","",""
"アサヲ株式会社","5684703112677","","","","","","","440-0004","愛知県豊橋市忠興三丁目3-12","","","","","","","","","","","","","","","8180301004939","","","",""
"株式会社浅井エージェンシー","8731393122613","","","","","","","604-8823","京都府京都市中京区壬生松原町34-2","","","","","","","","","","","","","","","9130001039958","","","",""
"浅井絞商事株式会社","1769511217402","","","","","","","458-0831","愛知県名古屋市緑区鳴海町向田125-1","","","","","","","","","","","","","","","6180001027754","","","",""
"株式会社浅井商店","2800027583594","","","","","","","447-0047","愛知県碧南市植出町三丁目22","","","","","","","","","","","","","","","4180301017440","","","",""
"浅井春株式会社","6812289982890","","","","","","","491-0873","愛知県一宮市せんい三丁目9-3","","","","","","","","","","","","","","","1180001081954","","","",""
"浅記株式会社","3712117091924","","","","","","","954-0083","新潟県見附市市野坪町898","","","","","","","","","","","","","","","8110001024863","","","",""
"株式会社アサクラ","6223660264552","","","","","","","151-0053","東京都渋谷区代々木二丁目27-11","","","","","","","","","","","","","","","7011001000948","","","",""
"朝明繊維産業株式会社","4087385954706","","","","","","","510-8001","三重県四日市市天カ須賀三丁目5-2","","","","","","","","","","","","","","","2190001014185","","","",""
"浅田株式会社","2509409313804","","","","","","","539-0000","大阪府大阪市中央区上本町西五丁目2-29","","","","","","","","","","","","","","","4120001073475","","","",""
"株式会社浅田","4910765606892","","","","","","","602-0000","京都府京都市上京区大宮通鞍馬口下ﾙ東入607番地","","","","","","","","","","","","","","","4130001002433","","","",""
"浅野繊維株式会社","7092128029532","","","","","","","542-0082","大阪府大阪市中央区島之内一丁目12-12","","","","","","","","","","","","","","","5120001073482","","","",""
"浅野繊維工業株式会社","1015430137808","","","","","","","491-0005","愛知県一宮市西大海道東光寺51","","","","","","","","","","","","","","","3180001081969","","","",""
"アサノファイバ有限会社","8242545328817","","","","","","","715-0006","岡山県井原市西江原町593","","","","","","","","","","","","","","","3260002025545","","","",""
"朝日織物株式会社","3295646780748","","","","","","","677-0121","兵庫県多可郡多可町八千代区中野間545-3","","","","","","","","","","","","","","","2140001075249","","","",""
"朝日加工株式会社","8718588708653","","","","","","","541-0054","大阪府大阪市中央区南本町一丁目8-14 JRE堺筋本町ビル8階","","","","","","","","","","","","","","","3120001073542","","","",""
"旭化成アドバンス株式会社","9796707920509","","","","","","","105-0004","東京都港区新橋六丁目17-21 住友不動産御成門駅前ビル6","","","","","","","","","","","","","","","4010401021499","","","",""
"旭工業繊維株式会社","4219283549450","","","","","","","104-0042","東京都中央区入船二丁目9-7","","","","","","","","","","","","","","","5010001035114","","","",""
"有限会社旭商会","4847755442441","","","","","","","111-0022","東京都台東区清川二丁目15-5","","","","","","","","","","","","","","","4010502000559","","","",""
"アサヒ織布株式会社","8030037845806","","","","","","","520-1501","滋賀県高島市新旭町旭1956","","","","","","","","","","","","","","","4160001011794","","","",""
"旭ネクタイ工業株式会社","1940590994265","","","","","","","603-8233","京都府京都市北区紫野西野町51","","","","","","","","","","","","","","","1130001004267","","","",""
"旭屋株式会社","1559082178668","","","","","","","451-0044","愛知県名古屋市西区菊井一丁目35-19","","","","","","","","","","","","","","","2180001033839","","","",""
"有限会社旭リース","4974680080177","","","","","","","478-0001","愛知県知多市八幡汐海道56","","","","","","","","","","","","","","","2180002088139","","","",""
"株式会社アサヒレース","7843319112396","","","","","","","916-0144","福井県丹生郡越前町佐々生20-1-1","","","","","","","","","","","","","","","5210001012539","","","",""
"株式会社麻平","4134513457588","","","","","","","150-0001","東京都渋谷区神宮前四丁目3-15 東京セントラル表参道414","","","","","","","","","","","","","","","2010001117939","","","",""
"麻益株式会社","9351001136375","","","","","","","460-0003","愛知県名古屋市中区錦一丁目6-9","","","","","","","","","","","","","","","4180001033845","","","",""
"有限会社あさみ","1231110593963","","","","","","","222-0033","神奈川県横浜市港北区新横浜三丁目2-1","","","","","","","","","","","","","","","7020002059687","","","",""
"浅山織物株式会社","2939081437625","","","","","","","603-8833","京都府京都市北区大宮東総門口町13","","","","","","","","","","","","","","","4130001004272","","","",""
"株式会社あざみ屋","4939997059274","","","","","","","907-0004","沖縄県石垣市字登野城909","","","","","","","","","","","","","","","1360001013030","","","",""
"株式会社芦田宗史郎商店","3443447857402","","","","","","","600-8302","京都府京都市下京区蛭子町112-1","","","","","","","","","","","","","","","1130001016460","","","",""
"アジエインターナショナル有限会社","1155773262335","","","","","","","541-0054","大阪府大阪市中央区南本町二丁目6-5 ファースト船場801","","","","","","","","","","","","","","","1120002046929","","","",""
"アジック株式会社","8442154407607","","","","","","","565-0832","大阪府吹田市五月が丘南32-9","","","","","","","","","","","","","","","1120901005175","","","",""
"株式会社アスワン","6102229443103","","","","","","","125-0063","東京都葛飾区白鳥二丁目15-2","","","","","","","","","","","","","","","1011801022528","","","",""
"株式会社アズ・テキスタイル","8035344688141","","","","","","","106-0031","東京都港区西麻布四丁目8-31 レジデンス西麻布102","","","","","","","","","","","","","","","3010401034931","","","",""
"アズマ株式会社","5535968956957","","","","","","","111-0056","東京都台東区小島二丁目1-1","","","","","","","","","","","","","","","9010501000332","","","",""
"株式会社東カナエ","1628528668738","","","","","","","300-0603","茨城県稲敷市伊佐部709","","","","","","","","","","","","","","","6050001025647","","","",""
"有限会社東機業","6629938213097","","","","","","","918-8216","福井県福井市殿下町41-13","","","","","","","","","","","","","","","7210002004351","","","",""
"株式会社アゼチ","4584405543287","","","","","","","541-0054","大阪府大阪市中央区南本町二丁目4-5 本町丸全ビル4F","","","","","","","","","","","","","","","3120001119106","","","",""
"株式会社あそ津","8591681053121","","","","","","","600-8456","京都府京都市下京区天使突抜三丁目445","","","","","","","","","","","","","","","1130001016403","","","",""
"有限会社愛宕繊維","7227911083131","","","","","","","911-0032","福井県勝山市芳野町一丁目8-26","","","","","","","","","","","","","","","6210002009707","","","",""
"安達株式会社","6339853363218","","","","","","","990-0301","山形県東村山郡山辺町大字山辺1077-2","","","","","","","","","","","","","","","1390001002402","","","",""
"株式会社あだち","1493054272921","","","","","","","607-8104","京都府京都市山科区小山谷田町15-29","","","","","","","","","","","","","","","8130001012296","","","",""
"安達徳株式会社","9288032764743","","","","","","","602-8012","京都府京都市上京区中出水町390","","","","","","","","","","","","","","","6130001002456","","","",""
"足立ワインダー合資会社","3518187155067","","","","","","","491-0201","愛知県一宮市奥町堤下一204","","","","","","","","","","","","","","","6180003011351","","","",""
"株式会社アップクロス","9339002376746","","","","","","","677-0056","兵庫県西脇市板波町126-3","","","","","","","","","","","","","","","8140001075276","","","",""
"厚谷株式会社","7876578379536","","","","","","","047-0015","北海道小樽市住吉町5-17","","","","","","","","","","","","","","","1430001049620","","","",""
"株式会社安土産業","6531853046137","","","","","","","523-0817","滋賀県近江八幡市浅小井町55","","","","","","","","","","","","","","","4160001011134","","","",""
"株式会社アート","1209152906143","","","","","","","940-0135","新潟県長岡市金沢四丁目4-16","","","","","","","","","","","","","","","5110001024362","","","",""
"株式会社アート・チューリップ","3664094534515","","","","","","","800-0237","福岡県北九州市小倉南区中貫一丁目18-11-3","","","","","","","","","","","","","","","6290801008372","","","",""
"株式会社アートネイチャー","1710865483211","","","","","","","151-0053","東京都渋谷区代々木三丁目40-7","","","","","","","","","","","","","","","9011001000392","","","",""
"株式会社アトムシステムズ","8116526426051","","","","","","","861-5535","熊本県熊本市北区貢町780-12","","","","","","","","","","","","","","","2330001006564","","","",""
"株式会社アトムズ","5512158034797","","","","","","","460-0003","愛知県名古屋市中区錦二丁目14-21","","","","","","","","","","","","","","","6120001073787","","","",""
"株式会社アトラス","2364492855056","","","","","","","911-0033","福井県勝山市栄町三丁目4-12","","","","","","","","","","","","","","","8210001010259","","","",""
"有限会社アトリエ・エクリュー","8157649975174","","","","","","","603-8224","京都府京都市北区紫野西藤ノ森町12-22","","","","","","","","","","","","","","","7130002020076","","","",""
"株式会社アトリエミネエダ","1084996518986","","","","","","","615-0066","京都府京都市右京区西院四条畑町5-3","","","","","","","","","","","","","","","4130001000123","","","",""
"株式会社アナブキ","5674666309824","","","","","","","541-0056","大阪府大阪市中央区久太郎町三丁目1-16","","","","","","","","","","","","","","","4120001121721","","","",""
"Ａｎｉｍｏｒｅ株式会社","3470550762986","","","","","","","150-0044","東京都渋谷区円山町5-3 MIEUX渋谷ビル8階","","","","","","","","","","","","","","","6011801024057","","","",""
"株式会社アーニング","7870858720564","","","","","","","531-0074","大阪府大阪市北区本庄東二丁目14-15","","","","","","","","","","","","","","","2120001041054","","","",""
"アネスト株式会社","3162384879716","","","","","","","812-0042","福岡県福岡市博多区豊一丁目9-4","","","","","","","","","","","","","","","5290001025640","","","",""
"有限会社アバン","1338453645880","","","","","","","500-8256","岐阜県岐阜市八坂町14","","","","","","","","","","","","","","","1200002000217","","","",""
"アーバンクラフト株式会社","6830591419605","","","","","","","981-0908","宮城県仙台市青葉区東照宮二丁目5-11","","","","","","","","","","","","","","","7370001006770","","","",""
"株式会社アバンティ","1245005638001","","","","","","","160-0015","東京都新宿区大京町31","","","","","","","","","","","","","","","4011101001139","","","",""
"有限会社アパレルヤマモト","6204042922581","","","","","","","726-0013","広島県府中市高木町1055","","","","","","","","","","","","","","","3240002046584","","","",""
"株式会社アプライ商会","3574274011213","","","","","","","545-0021","大阪府大阪市阿倍野区阪南町五丁目8-3","","","","","","","","","","","","","","","1120001103276","","","",""
"ア・プラン株式会社","2294204287874","","","","","","","540-0027","大阪府大阪市中央区鎗屋町二丁目3-6 3階","","","","","","","","","","","","","","","1120001091042","","","",""
"株式会社アプロス","8159276387883","","","","","","","818-0072","福岡県筑紫野市二日市中央二丁目5-12","","","","","","","","","","","","","","","4290001040442","","","",""
"株式会社アベイチ","9377906919101","","","","","","","542-0081","大阪府大阪市中央区南船場二丁目4-8 長堀プラザビル9階","","","","","","","","","","","","","","","1120001073981","","","",""
"株式会社アペックスインターナショナル","6310608599967","","","","","","","541-0051","大阪府大阪市中央区備後町三丁目4-9","","","","","","","","","","","","","","","3120001073996","","","",""
"株式会社Ａｍａｔｅｒｒａｃｅ","1995461034492","","","","","","","550-0002","大阪府大阪市西区江戸堀一丁目9-6 肥後橋ユニオンビル11F","","","","","","","","","","","","","","","4120001105518","","","",""
"アマナ株式会社","1382538561942","","","","","","","541-0053","大阪府大阪市中央区本町三丁目2-6 イケガミサウスビル8F","","","","","","","","","","","","","","","7120001101167","","","",""
"天沼商事株式会社","4482186330687","","","","","","","348-0058","埼玉県羽生市中央二丁目12-10","","","","","","","","","","","","","","","7030001032685","","","",""
"有限会社アマノ環境企画","9369474476777","","","","","","","466-0841","愛知県名古屋市昭和区広路本町一丁目30","","","","","","","","","","","","","","","8180002045159","","","",""
"株式会社天谷商店","1826647064002","","","","","","","910-0824","福井県福井市間山町5-9","","","","","","","","","","","","","","","9210001000333","","","",""
"有限会社アミツクス","1771738540546","","","","","","","251-0011","神奈川県藤沢市渡内二丁目1-6","","","","","","","","","","","","","","","8021002000334","","","",""
"株式会社アミファ","5238211400685","","","","","","","107-0061","東京都港区北青山二丁目13-5 青山サンクレストビル3F","","","","","","","","","","","","","","","1010001110663","","","",""
"株式会社アモール","1815177201889","","","","","","","151-0051","東京都渋谷区千駄ケ谷二丁目6-10","","","","","","","","","","","","","","","3011001036954","","","",""
"株式会社アモーレ","3107032359742","","","","","","","491-0026","愛知県一宮市和光二丁目9-25","","","","","","","","","","","","","","","7180001087236","","","",""
"アヤベ株式会社","5071808596667","","","","","","","550-0002","大阪府大阪市西区江戸堀三丁目1-19","","","","","","","","","","","","","","","1120001074055","","","",""
"アラ有限会社","6651630877484","","","","","","","111-0032","東京都台東区浅草五丁目21-8","","","","","","","","","","","","","","","8010502014984","","","",""
"荒井株式会社","7714852421481","","","","","","","500-8842","岐阜県岐阜市金町八丁目10","","","","","","","","","","","","","","","5200001000271","","","",""
"荒井株式会社","7337560397032","","","","","","","910-0017","福井県福井市文京一丁目42-4","","","","","","","","","","","","","","","6210001000336","","","",""
"新井産業株式会社","1827911338561","","","","","","","610-0113","京都府城陽市中百度37","","","","","","","","","","","","","","","8130001038275","","","",""
"あらい商事株式会社","5884039485706","","","","","","","910-0016","福井県福井市大宮三丁目5-29","","","","","","","","","","","","","","","4210001000338","","","",""
"株式会社荒井商店","6750857423035","","","","","","","111-0033","東京都台東区花川戸二丁目9-1","","","","","","","","","","","","","","","5010501000030","","","",""
"あらいそ有限会社","4863567254792","","","","","","","603-8163","京都府京都市北区小山南大野町3-4","","","","","","","","","","","","","","","4130002003281","","","",""
"アライデザインシステム有限会社","1590584951418","","","","","","","376-0002","群馬県桐生市境野町六丁目444","","","","","","","","","","","","","","","6070002022575","","","",""
"有限会社荒井縫製工場","4544330866431","","","","","","","990-2492","山形県山形市鉄砲町一丁目3-59","","","","","","","","","","","","","","","2390002000032","","","",""
"有限会社荒川","7425648244624","","","","","","","606-8311","京都府京都市左京区吉田神楽岡町3-75","","","","","","","","","","","","","","","5130002004700","","","",""
"荒川織物有限会社","4710764112544","","","","","","","376-0013","群馬県桐生市広沢町四丁目1975-2","","","","","","","","","","","","","","","9070002022589","","","",""
"株式会社あら賀","8110560007221","","","","","","","615-8112","京都府京都市西京区川島竹園町64","","","","","","","","","","","","","","","4130001007820","","","",""
"有限会社あらがき","5614071598776","","","","","","","901-0242","沖縄県豊見城市字高安453","","","","","","","","","","","","","","","5360002000271","","","",""
"荒木産業有限会社","8765530996525","","","","","","","916-0017","福井県鯖江市神明町三丁目6-39","","","","","","","","","","","","","","","3210002012696","","","",""
"有限会社荒木整経","8069767921113","","","","","","","923-0824","石川県小松市軽海町43-1","","","","","","","","","","","","","","","8220002010216","","","",""
"有限会社新正","5500269798338","","","","","","","368-0033","埼玉県秩父市野坂町二丁目5-9","","","","","","","","","","","","","","","9030002121106","","","",""
"株式会社荒藤商店","1622900387632","","","","","","","101-0062","東京都千代田区神田駿河台三丁目5-15","","","","","","","","","","","","","","","6010001009109","","","",""
"有限会社有川","5912677870717","","","","","","","850-0853","長崎県長崎市浜町2-18 ファサネイト浜町202号室","","","","","","","","","","","","","","","6310002000283","","","",""
"株式会社アリス","1801034787366","","","","","","","060-0004","北海道札幌市中央区北四条西十三丁目1-22","","","","","","","","","","","","","","","6430001001031","","","",""
"株式会社アリタ","4903026614620","","","","","","","537-0013","大阪府大阪市東成区大今里南一丁目19-19","","","","","","","","","","","","","","","6120001011648","","","",""
"株式会社有延商店","3758871916716","","","","","","","679-1134","兵庫県多可郡多可町中区茂利330","","","","","","","","","","","","","","","9140001075259","","","",""
"有本株式会社","8242590031244","","","","","","","604-0000","京都府京都市中京区弁慶石町48","","","","","","","","","","","","","","","5130001019740","","","",""
"株式会社アルヴェスティジャパン","4740500857094","","","","","","","107-0061","東京都港区北青山二丁目11-3 A-PLACE青山B1F","","","","","","","","","","","","","","","5011001069457","","","",""
"アール・エス・ケイ・トレーデイング有限会社","7075098684128","","","","","","","541-0056","大阪府大阪市中央区久太郎町一丁目6-11","","","","","","","","","","","","","","","1120002034025","","","",""
"ＲＫＳ株式会社","5666821033376","","","","","","","545-0021","大阪府大阪市阿倍野区阪南町五丁目6-13","","","","","","","","","","","","","","","1120001188318","","","",""
"アルゴジャパン株式会社","2973032594125","","","","","","","150-0011","東京都渋谷区東一丁目12-11 ヴェルデュール1階103号","","","","","","","","","","","","","","","2010501000512","","","",""
"株式会社アルジェント","9766067639184","","","","","","","541-0047","大阪府大阪市中央区淡路町一丁目6-9","","","","","","","","","","","","","","","8120001074123","","","",""
"株式会社アルテックス","6905311875410","","","","","","","604-8156","京都府京都市中京区山伏山町558","","","","","","","","","","","","","","","8130001019746","","","",""
"株式会社アルト","8339530472021","","","","","","","150-0011","東京都渋谷区東一丁目26-30 KTビル2F","","","","","","","","","","","","","","","5011001040962","","","",""
"株式会社アールトップ","6532101760445","","","","","","","130-0021","東京都墨田区緑一丁目1-8","","","","","","","","","","","","","","","3010601011045","","","",""
"株式会社アルバリーガル","6615006846889","","","","","","","107-0062","東京都港区南青山二丁目22-14 311","","","","","","","","","","","","","","","8010401002339","","","",""
"株式会社アルファ","7036558714759","","","","","","","453-0038","愛知県名古屋市中村区猪之越町二丁目6-23","","","","","","","","","","","","","","","9180001106951","","","",""
"株式会社アルファ","6618500703416","","","","","","","590-0535","大阪府泉南市りんくう南浜4-44","","","","","","","","","","","","","","","7120101047194","","","",""
"株式会社アルファ","4362333066250","","","","","","","501-0214","岐阜県瑞穂市生津外宮東町一丁目34-2","","","","","","","","","","","","","","","4200001009743","","","",""
"アルファテキスタイル株式会社","6362017593808","","","","","","","541-0057","大阪府大阪市中央区北久宝寺町一丁目2-1 オーセンティック東船場1202号","","","","","","","","","","","","","","","6120001074190","","","",""
"株式会社アルファテックス","3519867029716","","","","","","","103-0016","東京都中央区日本橋小網町18-4","","","","","","","","","","","","","","","1010001116859","","","",""
"株式会社アルブ","4857396596077","","","","","","","150-0032","東京都渋谷区鶯谷町17-2","","","","","","","","","","","","","","","1011001001745","","","",""
"株式会社アルムンド","7907545433197","","","","","","","542-0081","大阪府大阪市中央区南船場三丁目2-22","","","","","","","","","","","","","","","1120001074146","","","",""
"株式会社アルモニー","9561148875239","","","","","","","531-0071","大阪府大阪市北区中津七丁目2-17","","","","","","","","","","","","","","","3120001060474","","","",""
"株式会社アールラボ","9686907522101","","","","","","","151-0051","東京都渋谷区千駄ケ谷三丁目54-4 MT原宿ビル1階","","","","","","","","","","","","","","","7011001104518","","","",""
"株式会社ＡｒｕｎｄｏＶｉｓ","5953358705765","","","","","","","170-0005","東京都豊島区南大塚三丁目3-1","","","","","","","","","","","","","","","9013301030821","","","",""
"有限会社アレンジアンドプランニング","7737393789376","","","","","","","252-0231","神奈川県相模原市中央区相模原八丁目3-10","","","","","","","","","","","","","","","5021002017703","","","",""
"株式会社アレンバーグカンパニー","3745572640455","","","","","","","550-0002","大阪府大阪市西区江戸堀一丁目22-15 203号","","","","","","","","","","","","","","","8120001041164","","","",""
"粟津毛織株式会社","6222614439827","","","","","","","501-6236","岐阜県羽島市江吉良町66","","","","","","","","","","","","","","","6200001010716","","","",""
"粟野商事株式会社","9967351030892","","","","","","","992-0045","山形県米沢市中央一丁目7-32","","","","","","","","","","","","","","","3390001009718","","","",""
"株式会社アンヴィモード","1923404549328","","","","","","","540-0008","大阪府大阪市中央区大手前一丁目7-31","","","","","","","","","","","","","","","6120001074257","","","",""
"株式会社アンク・ジエト","2731834237455","","","","","","","123-0842","東京都足立区栗原三丁目20-1","","","","","","","","","","","","","","","4011801005587","","","",""
"株式会社ＡＮＴＳ　ＪＡＰＡＮ","3241508172113","","","","","","","500-8842","岐阜県岐阜市金町六丁目21","","","","","","","","","","","","","","","2240001041562","","","",""
"アンティシペーション株式会社","5552923053105","","","","","","","106-0047","東京都港区南麻布三丁目11-23","","","","","","","","","","","","","","","8010401001530","","","",""
"安藤産業有限会社","4423740082696","","","","","","","329-4212","栃木県足利市稲岡町484","","","","","","","","","","","","","","","7060002035271","","","",""
"有限会社安藤商会","9906248754641","","","","","","","654-0047","兵庫県神戸市須磨区磯馴町三丁目2-24","","","","","","","","","","","","","","","4140002006936","","","",""
"有限会社アーンブロップ","2358013365315","","","","","","","841-0063","佐賀県鳥栖市下野町411-2","","","","","","","","","","","","","","","5290002048293","","","",""
"有限会社イーアンドイージャパン","1124718418632","","","","","","","460-0008","愛知県名古屋市中区栄二丁目13-1 名古屋パークプレイス102","","","","","","","","","","","","","","","8180002029748","","","",""
"株式会社飯尾商店","1924077113910","","","","","","","541-0048","大阪府大阪市中央区瓦町二丁目3-4","","","","","","","","","","","","","","","8120001074296","","","",""
"株式会社飯島産業","1067847937270","","","","","","","443-0101","愛知県蒲郡市一色町下郷18","","","","","","","","","","","","","","","3180301010735","","","",""
"株式会社飯島商店","6905129731856","","","","","","","103-0004","東京都中央区東日本橋三丁目9-5","","","","","","","","","","","","","","","1010001037287","","","",""
"株式会社イイダ","4593381742340","","","","","","","430-0929","静岡県浜松市中央区中央二丁目11-20","","","","","","","","","","","","","","","4080401000380","","","",""
"飯六織物有限会社","4276199800122","","","","","","","300-2703","茨城県常総市小保川1329","","","","","","","","","","","","","","","8050002041195","","","",""
"ＥＳ　Ｉｎｄｏｒａｍａ　Ｖｅｎｔｕｒｅｓ株式会社","2373996047311","","","","","","","530-0005","大阪府大阪市北区中之島三丁目3-23","","","","","","","","","","","","","","","1120001113754","","","",""
"株式会社衣織","8549877303543","","","","","","","602-8416","京都府京都市上京区東千本町394","","","","","","","","","","","","","","","7130001024788","","","",""
"猪飼毛織株式会社","4744588184876","","","","","","","496-0000","愛知県津島市高台寺町243","","","","","","","","","","","","","","","7180001096336","","","",""
"有限会社イーガーコーポレーション","9135753286397","","","","","","","595-0804","大阪府泉北郡忠岡町馬瀬三丁目1-1","","","","","","","","","","","","","","","7120102026115","","","",""
"株式会社イガラシ","6848387107564","","","","","","","063-0036","北海道札幌市西区西野六条四丁目4-50","","","","","","","","","","","","","","","7430001001286","","","",""
"五十嵐織物株式会社","9931217399404","","","","","","","602-8323","京都府京都市上京区大文字町250-2","","","","","","","","","","","","","","","4130001002499","","","",""
"五十嵐商事株式会社","3637474241510","","","","","","","959-1821","新潟県五泉市赤海二丁目7-9","","","","","","","","","","","","","","","5110001011559","","","",""
"株式会社五十嵐商店","6750170322491","","","","","","","918-8239","福井県福井市成和一丁目1236","","","","","","","","","","","","","","","1210001000514","","","",""
"株式会社イクマ","5270477618349","","","","","","","431-3113","静岡県浜松市中央区大瀬町1105","","","","","","","","","","","","","","","1080401000417","","","",""
"井口ビル株式会社","1849079520312","","","","","","","604-0000","京都府京都市中京区船屋町427","","","","","","","","","","","","","","","7130001019796","","","",""
"株式会社イーグル","7687792423866","","","","","","","501-6063","岐阜県羽島郡笠松町長池松ヶ枝439","","","","","","","","","","","","","","","7200001010748","","","",""
"イーグレット株式会社","4920395949761","","","","","","","670-0965","兵庫県姫路市東延末三丁目12","","","","","","","","","","","","","","","7140001057696","","","",""
"有限会社池上商店","5726053415174","","","","","","","720-2413","広島県福山市駅家町大字法成寺247-1","","","","","","","","","","","","","","","3240002039266","","","",""
"池田織物有限会社","7228388998002","","","","","","","192-0154","東京都八王子市下恩方町350","","","","","","","","","","","","","","","4010102000570","","","",""
"池田機業株式会社","5840883407960","","","","","","","923-0303","石川県小松市島町ル90","","","","","","","","","","","","","","","3220001011723","","","",""
"池田機業販売株式会社","4090194805416","","","","","","","544-0025","大阪府大阪市生野区生野東二丁目1-27","","","","","","","","","","","","","","","6120001022364","","","",""
"株式会社池田商店","5750703751351","","","","","","","541-0043","大阪府大阪市中央区高麗橋二丁目5-10 アイケイビル7F","","","","","","","","","","","","","","","6120001077350","","","",""
"池田織布有限会社","9882039764822","","","","","","","830-0111","福岡県久留米市三潴町西牟田6404-3","","","","","","","","","","","","","","","4290002050366","","","",""
"イケダプロダクツ株式会社","9831231728202","","","","","","","154-0002","東京都世田谷区下馬六丁目23-12","","","","","","","","","","","","","","","8490001005339","","","",""
"池仲織物株式会社","7895104034468","","","","","","","629-3131","京都府京丹後市網野町高橋591","","","","","","","","","","","","","","","9130001042846","","","",""
"株式会社井桁屋","5888070705772","","","","","","","458-0924","愛知県名古屋市緑区有松2313","","","","","","","","","","","","","","","3180001027798","","","",""
"井阪毛織株式会社","2331571652199","","","","","","","595-0062","大阪府泉大津市田中町8-31","","","","","","","","","","","","","","","1120101042168","","","",""
"井坂繊維株式会社","1436065328920","","","","","","","910-0142","福井県福井市上森田二丁目530","","","","","","","","","","","","","","","5210001000519","","","",""
"勇屋織物株式会社","5155864597887","","","","","","","948-0026","新潟県十日町市水野町362-17","","","","","","","","","","","","","","","4110001020866","","","",""
"株式会社イサム商会","3938706227230","","","","","","","581-0037","大阪府八尾市太田三丁目24","","","","","","","","","","","","","","","5120101032669","","","",""
"石井通商有限会社","3106611577230","","","","","","","136-0071","東京都江東区亀戸六丁目6-2","","","","","","","","","","","","","","","8010602001123","","","",""
"石井テープ有限会社","4772757072437","","","","","","","711-0904","岡山県倉敷市児島唐琴三丁目15-33","","","","","","","","","","","","","","","8260002016440","","","",""
"株式会社石井メリヤス加工場","3929304416483","","","","","","","649-7202","和歌山県橋本市高野口町伏原399","","","","","","","","","","","","","","","8170001012706","","","",""
"株式会社石栄商店","7998472422223","","","","","","","679-0315","兵庫県西脇市黒田庄町津万井160-1","","","","","","","","","","","","","","","7140001075285","","","",""
"石川株式会社","6342598645624","","","","","","","111-0053","東京都台東区浅草橋四丁目15-7","","","","","","","","","","","","","","","1010501000901","","","",""
"有限会社石川","8651847653474","","","","","","","604-8201","京都府京都市中京区長浜町157-2","","","","","","","","","","","","","","","8130002015620","","","",""
"有限会社石川","2853805732190","","","","","","","379-2313","群馬県みどり市笠懸町鹿4453-11","","","","","","","","","","","","","","","1070002022638","","","",""
"石川株式会社","9061222120295","","","","","","","440-0886","愛知県豊橋市東小田原町108","","","","","","","","","","","","","","","3180301005058","","","",""
"石川織布有限会社","8913368332840","","","","","","","677-0132","兵庫県多可郡多可町八千代区大和2068","","","","","","","","","","","","","","","7140002061648","","","",""
"株式会社石川金襴","1454036459874","","","","","","","520-0231","滋賀県大津市真野普門一丁目3-37","","","","","","","","","","","","","","","3160001000121","","","",""
"石川県ゴム入織物工業協同組合","8684621126876","","","","","","","929-1177","石川県かほく市白尾イ44-2","","","","","","","","","","","","","","","9220005007019","","","",""
"石川レース株式会社","4704637370016","","","","","","","272-0813","千葉県市川市中山一丁目12-1","","","","","","","","","","","","","","","2010001036701","","","",""
"石勘株式会社","8296169046593","","","","","","","604-0000","京都府京都市中京区錦小路通室町西入ﾙ","","","","","","","","","","","","","","","8130001019812","","","",""
"石榑毛織株式会社","9625755932070","","","","","","","491-0083","愛知県一宮市丹羽宮浦1415","","","","","","","","","","","","","","","3180001082075","","","",""
"石黒織物株式会社","9903113930129","","","","","","","602-8318","京都府京都市上京区老松町103-28","","","","","","","","","","","","","","","8130001002504","","","",""
"合資会社石黒機業場","7117922668491","","","","","","","930-0321","富山県中新川郡上市町天神町146","","","","","","","","","","","","","","","6230003000225","","","",""
"石崎織物株式会社","4404418223727","","","","","","","715-0024","岡山県井原市高屋町354","","","","","","","","","","","","","","","3260001018145","","","",""
"株式会社石崎商店","1858060612423","","","","","","","600-8476","京都府京都市下京区喜吉町148-1","","","","","","","","","","","","","","","8130001016487","","","",""
"石田株式会社","2430620813988","","","","","","","737-0032","広島県呉市本町1-14","","","","","","","","","","","","","","","7240001025494","","","",""
"株式会社石田愛商店","1958762006437","","","","","","","600-8401","京都府京都市下京区燈籠町594","","","","","","","","","","","","","","","3130001016491","","","",""
"石田英株式会社","6255460052316","","","","","","","461-0022","愛知県名古屋市東区東大曽根町33-19","","","","","","","","","","","","","","","6180001034115","","","",""
"株式会社イシトコテキスタイル","2613242978357","","","","","","","541-0051","大阪府大阪市中央区備後町二丁目4-10 第一住建備後町ビル3階","","","","","","","","","","","","","","","6120001074422","","","",""
"株式会社石野善","2807581067196","","","","","","","670-0921","兵庫県姫路市綿町85","","","","","","","","","","","","","","","5140001057748","","","",""
"石原産業株式会社","2445163552509","","","","","","","372-0034","群馬県伊勢崎市茂呂町一丁目260","","","","","","","","","","","","","","","6070001013105","","","",""
"石橋生絲株式会社","5373241647430","","","","","","","231-0023","神奈川県横浜市中区山下町1","","","","","","","","","","","","","","","8020001025433","","","",""
"石橋商事株式会社","6604772565136","","","","","","","530-0001","大阪府大阪市北区梅田一丁目10-8","","","","","","","","","","","","","","","1120001060641","","","",""
"株式会社石福","4881866177672","","","","","","","910-2173","福井県福井市下東郷町17-8","","","","","","","","","","","","","","","1210001000530","","","",""
"イシマル産業株式会社","8435001794865","","","","","","","537-0011","大阪府大阪市東成区東今里三丁目8-18","","","","","","","","","","","","","","","8120001034259","","","",""
"石山株式会社","3131665297019","","","","","","","641-0042","和歌山県和歌山市新堀東一丁目6-15","","","","","","","","","","","","","","","2170001000212","","","",""
"株式会社石山商店","6331298418944","","","","","","","992-1441","山形県米沢市笹野町2432-5","","","","","","","","","","","","","","","6390001009756","","","",""
"有限会社維象","6053646362635","","","","","","","910-0124","福井県福井市天池町42-11","","","","","","","","","","","","","","","4210002004676","","","",""
"株式会社いしわた","1273705176299","","","","","","","190-0031","東京都立川市砂川町八丁目65-15","","","","","","","","","","","","","","","6012801000139","","","",""
"有限会社イージーエム","2825130358344","","","","","","","611-0021","京都府宇治市宇治大谷29","","","","","","","","","","","","","","","2130002027621","","","",""
"有限会社井㞍","6860826447074","","","","","","","600-8443","京都府京都市下京区船鉾町406-5","","","","","","","","","","","","","","","6130002006646","","","",""
"株式会社イスコジャパン","4274663905758","","","","","","","150-0021","東京都渋谷区恵比寿西一丁目17-1 えびす第一ビル2階","","","","","","","","","","","","","","","8011001067937","","","",""
"井住株式会社","2866455533884","","","","","","","732-0824","広島県広島市南区的場町一丁目4-5","","","","","","","","","","","","","","","1240001000775","","","",""
"株式会社イズミ","8071707018806","","","","","","","270-0128","千葉県流山市おおたかの森西三丁目3-3","","","","","","","","","","","","","","","9040001037500","","","",""
"泉株式会社","8086174760655","","","","","","","530-0005","大阪府大阪市北区中之島三丁目3-3 中之島三井ビルディング13階","","","","","","","","","","","","","","","8120001059611","","","",""
"泉織物有限会社","4145420528706","","","","","","","376-0034","群馬県桐生市東五丁目5-16","","","","","","","","","","","","","","","2070002022661","","","",""
"泉産業株式会社","4147781048585","","","","","","","726-0032","広島県府中市出口町463-1","","","","","","","","","","","","","","","3240001034128","","","",""
"株式会社和泉屋","2255809416418","","","","","","","460-0002","愛知県名古屋市中区丸の内一丁目4-22","","","","","","","","","","","","","","","7180001034147","","","",""
"株式会社和泉屋製綿所","6186207876166","","","","","","","201-0012","東京都狛江市中和泉二丁目12-3","","","","","","","","","","","","","","","4012401008922","","","",""
"出雲屋株式会社","2312062565018","","","","","","","553-0002","大阪府大阪市福島区鷺洲二丁目14-26","","","","","","","","","","","","","","","2120001034280","","","",""
"伊豆義株式会社","1826276710976","","","","","","","729-3103","広島県福山市新市町大字新市452","","","","","","","","","","","","","","","1240001033560","","","",""
"株式会社井関","3266424094448","","","","","","","603-8158","京都府京都市北区紫野宮西町16","","","","","","","","","","","","","","","9130001004326","","","",""
"株式会社イソムラカムテックス","2669927299041","","","","","","","558-0055","大阪府大阪市住吉区万代五丁目14-1","","","","","","","","","","","","","","","9120001030265","","","",""
"株式会社板倉産業","9416286047160","","","","","","","458-0035","愛知県名古屋市緑区曽根二丁目175","","","","","","","","","","","","","","","4180001027814","","","",""
"株式会社イタニ","9197329059565","","","","","","","110-0016","東京都台東区台東一丁目21-7","","","","","","","","","","","","","","","1010501001073","","","",""
"株式会社井田商店","5115484292737","","","","","","","376-0013","群馬県桐生市広沢町二丁目3349","","","","","","","","","","","","","","","2070001015609","","","",""
"株式会社いち衣","9859200153609","","","","","","","630-8115","奈良県奈良市大宮町六丁目9-1 新大宮ビル4F","","","","","","","","","","","","","","","1150001000173","","","",""
"市岡株式会社","4270483357910","","","","","","","460-0008","愛知県名古屋市中区栄三丁目19-4","","","","","","","","","","","","","","","2180001034176","","","",""
"市岡株式会社","6719098743333","","","","","","","541-0056","大阪府大阪市中央区久太郎町一丁目9-26 船場ISビル602号","","","","","","","","","","","","","","","9120001126187","","","",""
"株式会社イチオリ","6012174895844","","","","","","","443-0037","愛知県蒲郡市鹿島町西郷90","","","","","","","","","","","","","","","7180301029012","","","",""
"株式会社市織商会","6375223641323","","","","","","","110-0016","東京都台東区台東二丁目6-8","","","","","","","","","","","","","","","3010501003332","","","",""
"市勝繊維株式会社","4644978079606","","","","","","","590-0521","大阪府泉南市樽井九丁目12-16","","","","","","","","","","","","","","","4120101043948","","","",""
"有限会社市川織産","1780725581460","","","","","","","629-2411","京都府与謝郡与謝野町字明石2238-1","","","","","","","","","","","","","","","4130002032231","","","",""
"市川商事株式会社","7930029747207","","","","","","","448-0844","愛知県刈谷市広小路五丁目25","","","","","","","","","","","","","","","8180301013725","","","",""
"株式会社イチカワテクノファブリクス","6673348608100","","","","","","","113-0033","東京都文京区本郷二丁目14-15","","","","","","","","","","","","","","","6010001094191","","","",""
"市川伝毛織有限会社","7851332288809","","","","","","","494-0012","愛知県一宮市明地風張22-1","","","","","","","","","","","","","","","2180002078098","","","",""
"有限会社イチキ合繊","4087084272676","","","","","","","929-1215","石川県かほく市高松エ、192-1","","","","","","","","","","","","","","","9220002016765","","","",""
"一瀬株式会社","9875519943658","","","","","","","602-0907","京都府京都市上京区福長町528","","","","","","","","","","","","","","","7130001002521","","","",""
"株式会社イチテキ","6715525881269","","","","","","","491-0912","愛知県一宮市新生二丁目7-1","","","","","","","","","","","","","","","2180001082126","","","",""
"一富株式会社","9594211940984","","","","","","","604-0882","京都府京都市中京区福屋町730 御所南水琴庵2C","","","","","","","","","","","","","","","6130001002522","","","",""
"株式会社市富","5296203564510","","","","","","","103-0001","東京都中央区日本橋小伝馬町4-2","","","","","","","","","","","","","","","3010001037450","","","",""
"市野商事株式会社","3614843220737","","","","","","","435-0051","静岡県浜松市中央区市野町1634","","","","","","","","","","","","","","","5080401000529","","","",""
"株式会社一ノ橋","6542824313189","","","","","","","606-0853","京都府京都市左京区下鴨岸本町2","","","","","","","","","","","","","","","5130001005914","","","",""
"有限会社一宮創栄","6353119027277","","","","","","","494-0004","愛知県一宮市北今苗代一ノ切63","","","","","","","","","","","","","","","5180002079977","","","",""
"株式会社市橋","2038799058812","","","","","","","501-6073","岐阜県羽島郡笠松町下新町80","","","","","","","","","","","","","","","8200001010739","","","",""
"株式会社市原亀之助商店","5722914006958","","","","","","","600-8424","京都府京都市下京区山王町550","","","","","","","","","","","","","","","8130001016520","","","",""
"一文株式会社","2551094818756","","","","","","","604-8118","京都府京都市中京区道祐町141","","","","","","","","","","","","","","","1130001019851","","","",""
"一村産業株式会社","1063909654224","","","","","","","920-0919","石川県金沢市南町5-20","","","","","","","","","","","","","","","9220001001181","","","",""
"イチメン株式会社","5443779487024","","","","","","","150-0001","東京都渋谷区神宮前三丁目29-2","","","","","","","","","","","","","","","9011001002521","","","",""
"株式会社一杢","5982754338875","","","","","","","604-0063","京都府京都市中京区西大黒町320","","","","","","","","","","","","","","","5130001019856","","","",""
"一柳株式会社","5058243815327","","","","","","","541-0059","大阪府大阪市中央区博労町二丁目4-11","","","","","","","","","","","","","","","3120001074549","","","",""
"株式会社一吉","3790799465124","","","","","","","629-2503","京都府京丹後市大宮町周枳606","","","","","","","","","","","","","","","2130001042753","","","",""
"一色株式会社","1639156730493","","","","","","","729-3101","広島県福山市新市町大字戸手750-4","","","","","","","","","","","","","","","5240001033565","","","",""
"株式会社一声","3666491864558","","","","","","","600-8422","京都府京都市下京区白楽天町514-403","","","","","","","","","","","","","","","6130001045934","","","",""
"株式会社一竹辻が花","6037754729257","","","","","","","157-0076","東京都世田谷区岡本一丁目7-17 テラス岡本B510号室","","","","","","","","","","","","","","","7010901001221","","","",""
"株式会社逸品創","1396056595518","","","","","","","604-0063","京都府京都市中京区西大黒町320","","","","","","","","","","","","","","","8130001047607","","","",""
"株式会社いつ和","2310055080407","","","","","","","948-0046","新潟県十日町市明石町6-2","","","","","","","","","","","","","","","7110001020871","","","",""
"株式会社井筒法衣店","2749711101014","","","","","","","600-8468","京都府京都市下京区住吉町42","","","","","","","","","","","","","","","5130001029310","","","",""
"イヅハラ産業株式会社","4573556963477","","","","","","","376-0013","群馬県桐生市広沢町二丁目3033-2","","","","","","","","","","","","","","","2070001016978","","","",""
"出原織布株式会社","7560111391416","","","","","","","597-0043","大阪府貝塚市橋本94","","","","","","","","","","","","","","","1120101037952","","","",""
"有限会社イデアック","3773115150760","","","","","","","577-0056","大阪府東大阪市長堂二丁目7-4","","","","","","","","","","","","","","","3122002007033","","","",""
"株式会社イデアブルー","1753344643684","","","","","","","542-0081","大阪府大阪市中央区南船場二丁目3-6","","","","","","","","","","","","","","","1120001190109","","","",""
"糸井織物株式会社","9749847586702","","","","","","","376-0001","群馬県桐生市菱町五丁目134","","","","","","","","","","","","","","","5070001016950","","","",""
"伊東織物合資会社","4678963068935","","","","","","","437-1203","静岡県磐田市福田1161-1","","","","","","","","","","","","","","","9080403002486","","","",""
"伊藤毛織合資会社","8561638254281","","","","","","","496-0941","愛知県愛西市雀ケ森町大縄場1557-4","","","","","","","","","","","","","","","4180003013580","","","",""
"株式会社伊藤産業","8028934609593","","","","","","","677-0001","兵庫県西脇市大木町164-2","","","","","","","","","","","","","","","2140001104478","","","",""
"有限会社伊藤商事","2089231034743","","","","","","","650-0021","兵庫県神戸市中央区三宮町三丁目9-19","","","","","","","","","","","","","","","7140002012915","","","",""
"有限会社伊東商店","3380448089630","","","","","","","440-0887","愛知県豊橋市西小田原町51","","","","","","","","","","","","","","","5180302006433","","","",""
"伊藤織布株式会社","2595956624899","","","","","","","483-8305","愛知県江南市宮田町生原9","","","","","","","","","","","","","","","3180001087347","","","",""
"伊藤テキスタイル株式会社","2326869904405","","","","","","","502-0847","岐阜県岐阜市早田栄町三丁目14-2","","","","","","","","","","","","","","","6200001000361","","","",""
"伊藤彦株式会社","7558999843805","","","","","","","604-8812","京都府京都市中京区壬生相合町62-3","","","","","","","","","","","","","","","1130001016535","","","",""
"伊藤フアツシヨンサービス株式会社","9650909705269","","","","","","","650-0022","兵庫県神戸市中央区元町通四丁目3-8","","","","","","","","","","","","","","","8120001041346","","","",""
"糸喜株式会社","7638342987820","","","","","","","491-0859","愛知県一宮市本町一丁目5-3","","","","","","","","","","","","","","","9180001082111","","","",""
"株式会社いと絹","7596684351498","","","","","","","441-8063","愛知県豊橋市橋良町平野1-33","","","","","","","","","","","","","","","6180301008314","","","",""
"株式会社糸興","8717685882154","","","","","","","430-0803","静岡県浜松市中央区植松町56-14","","","","","","","","","","","","","","","5080401000504","","","",""
"株式会社伊と幸","3508825613898","","","","","","","604-8176","京都府京都市中京区龍池町448-2","","","","","","","","","","","","","","","5130001019872","","","",""
"有限会社糸幸","2331844930746","","","","","","","243-0307","神奈川県愛甲郡愛川町半原5707","","","","","","","","","","","","","","","8021002033838","","","",""
"糸信株式会社","7293745651296","","","","","","","957-0061","新潟県新発田市住吉町三丁目3-27","","","","","","","","","","","","","","","7110001012472","","","",""
"糸清株式会社","1371597035007","","","","","","","947-0026","新潟県小千谷市上ノ山三丁目1-1","","","","","","","","","","","","","","","4110001025295","","","",""
"株式会社絲双商店","3228964404648","","","","","","","543-0071","大阪府大阪市天王寺区生玉町1-25","","","","","","","","","","","","","","","4120001022300","","","",""
"有限会社イトニシ","3390055164635","","","","","","","602-8109","京都府京都市上京区西天秤町147-2","","","","","","","","","","","","","","","9130002002031","","","",""
"株式会社いと華","5342719584696","","","","","","","992-0037","山形県米沢市本町二丁目1-9","","","","","","","","","","","","","","","9390001009753","","","",""
"糸兵株式会社","2227742769364","","","","","","","444-2121","愛知県岡崎市鴨田町南魂場64","","","","","","","","","","","","","","","8180301000277","","","",""
"株式会社糸人","2944798582581","","","","","","","321-4521","栃木県真岡市久下田310-1","","","","","","","","","","","","","","","6030001077599","","","",""
"糸福商事有限会社","5578764550314","","","","","","","231-0055","神奈川県横浜市中区末吉町四丁目89-2 ライオンズマンション阪東橋105号","","","","","","","","","","","","","","","6020002029113","","","",""
"株式会社糸文","6833444808680","","","","","","","430-0917","静岡県浜松市中区常盤町143-13","","","","","","","","","","","","","","","2080401000531","","","",""
"イトヤ株式会社","9291998859493","","","","","","","326-0056","栃木県足利市大町3-5","","","","","","","","","","","","","","","4060001018321","","","",""
"株式会社絲屋善創","9612174909779","","","","","","","602-8432","京都府京都市上京区北猪熊町307","","","","","","","","","","","","","","","1130001023952","","","",""
"株式会社いと由","5829978993530","","","","","","","604-0827","京都府京都市中京区瓦町549","","","","","","","","","","","","","","","3130001019874","","","",""
"株式会社糸利","9716928098950","","","","","","","629-2262","京都府与謝郡与謝野町字岩滝2349","","","","","","","","","","","","","","","7130001040736","","","",""
"有限会社稲垣企画","7517597451239","","","","","","","784-0004","高知県安芸市本町二丁目13-15","","","","","","","","","","","","","","","8010502018829","","","",""
"有限会社稲垣商会","2577873127372","","","","","","","491-0873","愛知県一宮市せんい二丁目6-7","","","","","","","","","","","","","","","3180002079780","","","",""
"株式会社いな木","3041455382614","","","","","","","600-8434","京都府京都市下京区高辻町597","","","","","","","","","","","","","","","2130001016542","","","",""
"稲木繊維株式会社","2638618649858","","","","","","","432-8012","静岡県浜松市中央区布橋二丁目14-15","","","","","","","","","","","","","","","4080401000570","","","",""
"イナダ有限会社","1136181411141","","","","","","","869-4202","熊本県八代市鏡町内田438-2","","","","","","","","","","","","","","","3330002026643","","","",""
"有限会社稲田","5643029316545","","","","","","","600-8451","京都府京都市下京区亀屋町50-1","","","","","","","","","","","","","","","5130002006696","","","",""
"イナダ株式会社","2223767766404","","","","","","","762-0025","香川県坂出市川津町3348","","","","","","","","","","","","","","","2470001008852","","","",""
"株式会社稲葉","4735426425430","","","","","","","603-8434","京都府京都市北区紫竹東栗栖町4","","","","","","","","","","","","","","","4130001004339","","","",""
"稲波毛織株式会社","6954995509203","","","","","","","483-8367","愛知県江南市宮田町南野132","","","","","","","","","","","","","","","7180001087351","","","",""
"株式会社いなば下商店","3783771755767","","","","","","","604-0042","京都府京都市中京区押西洞院町笹屋4-612","","","","","","","","","","","","","","","4130001002540","","","",""
"株式会社稲村","3400646599074","","","","","","","103-0006","東京都中央区日本橋富沢町9-10","","","","","","","","","","","","","","","4010001037433","","","",""
"稲山織物株式会社","5496830221979","","","","","","","912-0053","福井県大野市春日64-50","","","","","","","","","","","","","","","7210001009707","","","",""
"株式会社猪井","3860544587353","","","","","","","940-0088","新潟県長岡市柏町二丁目6-7","","","","","","","","","","","","","","","8110001022124","","","",""
"株式会社井上","4423514862566","","","","","","","465-0035","愛知県名古屋市名東区豊が丘812","","","","","","","","","","","","","","","6180001034321","","","",""
"株式会社井上","2661868479318","","","","","","","596-0114","大阪府岸和田市大沢町173","","","","","","","","","","","","","","","7120101036180","","","",""
"有限会社いのうえ","1218443195597","","","","","","","243-0307","神奈川県愛甲郡愛川町半原2449-1","","","","","","","","","","","","","","","2021002033843","","","",""
"井上商事株式会社","5249047166739","","","","","","","307-0001","茨城県結城市大字結城18","","","","","","","","","","","","","","","9050001032434","","","",""
"株式会社井上商店","6223795112133","","","","","","","155-0031","東京都世田谷区北沢二丁目24-7","","","","","","","","","","","","","","","2010901023039","","","",""
"有限会社井上商店","6601524547759","","","","","","","791-8067","愛媛県松山市古三津四丁目150","","","","","","","","","","","","","","","4500002009745","","","",""
"株式会社井上商店","1673303235555","","","","","","","636-0123","奈良県生駒郡斑鳩町興留七丁目4-11","","","","","","","","","","","","","","","2150001006905","","","",""
"井上ニツト株式会社","5103362481412","","","","","","","541-0046","大阪府大阪市中央区平野町一丁目5-9 井上ビル5階","","","","","","","","","","","","","","","7120001074693","","","",""
"イノウエネンシ株式会社","6206222795192","","","","","","","635-0821","奈良県北葛城郡広陵町大字笠116-1","","","","","","","","","","","","","","","4150001012389","","","",""
"有限会社猪熊寝具店","2561596235128","","","","","","","252-0243","神奈川県相模原市中央区上溝五丁目3-12","","","","","","","","","","","","","","","3021002018026","","","",""
"株式会社猪商店","5588626268856","","","","","","","540-0022","大阪府大阪市中央区糸屋町二丁目3-19","","","","","","","","","","","","","","","5120001074687","","","",""
"猪原織物有限会社","7426442600735","","","","","","","715-0000","岡山県井原市江町4918","","","","","","","","","","","","","","","2260002025554","","","",""
"猪原勝織物有限会社","7905178604529","","","","","","","720-2121","広島県福山市神辺町湯野976","","","","","","","","","","","","","","","1240002038575","","","",""
"イノベイジア株式会社","9531643621116","","","","","","","101-0032","東京都千代田区岩本町一丁目3-3 プロスパービル4階","","","","","","","","","","","","","","","4010001085837","","","",""
"いふく株式会社","9224115240580","","","","","","","816-0931","福岡県大野城市筒井二丁目10-1","","","","","","","","","","","","","","","7290001043211","","","",""
"伊吹株式会社","5855996971253","","","","","","","600-8463","京都府京都市下京区永養寺町229-1","","","","","","","","","","","","","","","6130001046841","","","",""
"伊吹株式会社","6355250116535","","","","","","","600-8412","京都府京都市下京区二帖半敷町652","","","","","","","","","","","","","","","2130001016550","","","",""
"有限会社伊吹商店","2335179188591","","","","","","","604-8231","京都府京都市中京区元本能寺南町364","","","","","","","","","","","","","","","8130002015686","","","",""
"イブ・ドローム・ジャパン株式会社","9918723134843","","","","","","","103-0005","東京都中央区日本橋久松町11-6 日本橋TSビル5階","","","","","","","","","","","","","","","5010001158328","","","",""
"株式会社イーブン","4815998535526","","","","","","","586-0027","大阪府河内長野市千代田台町18-16","","","","","","","","","","","","","","","2120101035542","","","",""
"有限会社伊文商店","2204259780242","","","","","","","992-0039","山形県米沢市門東町一丁目5-30 2F","","","","","","","","","","","","","","","4390002012579","","","",""
"株式会社今泉","2525154068554","","","","","","","437-1203","静岡県磐田市福田442-3","","","","","","","","","","","","","","","7080401016234","","","",""
"有限会社今泉商店","6341093807463","","","","","","","963-8005","福島県郡山市清水台一丁目1-35","","","","","","","","","","","","","","","1380002007962","","","",""
"今井繊維工業株式会社","4511879751727","","","","","","","595-0072","大阪府泉大津市松之浜町二丁目34-37","","","","","","","","","","","","","","","5120101042180","","","",""
"株式会社今井政","3475235007168","","","","","","","595-0025","大阪府泉大津市旭町16-5","","","","","","","","","","","","","","","4120101042181","","","",""
"今河織物株式会社","5018719415437","","","","","","","602-8317","京都府京都市上京区東柳町558","","","","","","","","","","","","","","","9130001002552","","","",""
"株式会社今賢","9578291045763","","","","","","","491-0201","愛知県一宮市奥町堤下一87","","","","","","","","","","","","","","","6180001082163","","","",""
"今幸株式会社","8386464700062","","","","","","","629-2401","京都府与謝郡与謝野町字加悦奥338","","","","","","","","","","","","","","","6130001040687","","","",""
"有限会社今里織物工場","7343252995227","","","","","","","376-0000","群馬県桐生市小曾根町7-4","","","","","","","","","","","","","","","7070002022723","","","",""
"今新毛織株式会社","3010200035602","","","","","","","595-0046","大阪府泉大津市上之町10-16","","","","","","","","","","","","","","","3120101042182","","","",""
"イマヅ株式会社","7427834033037","","","","","","","500-8474","岐阜県岐阜市加納本町二丁目19-1","","","","","","","","","","","","","","","1200001000440","","","",""
"株式会社今堀商店","1624242827964","","","","","","","604-8203","京都府京都市中京区衣棚町46","","","","","","","","","","","","","","","9130001019893","","","",""
"今隆織物合資会社","9442361769450","","","","","","","494-0001","愛知県一宮市開明乾土15-3","","","","","","","","","","","","","","","6180003011715","","","",""
"井村商事株式会社","8546343500444","","","","","","","677-0054","兵庫県西脇市野村町493-5","","","","","","","","","","","","","","","7140001075302","","","",""
"株式会社イーモリ","5855055735139","","","","","","","103-0007","東京都中央区日本橋浜町二丁目61-11","","","","","","","","","","","","","","","8010001037058","","","",""
"有限会社いろどり","8660942283722","","","","","","","326-0842","栃木県足利市今福町483","","","","","","","","","","","","","","","2060002036514","","","",""
"株式会社いろは商会","5484956901103","","","","","","","556-0025","大阪府大阪市浪速区浪速東三丁目12-15","","","","","","","","","","","","","","","8120001132995","","","",""
"有限会社祝着なかむら","9349925632070","","","","","","","600-8453","京都府京都市下京区月見町66-1","","","","","","","","","","","","","","","8130002006685","","","",""
"岩井産業株式会社","5591080216704","","","","","","","637-0035","奈良県五條市霊安寺町1729","","","","","","","","","","","","","","","9150001015395","","","",""
"株式会社岩井レース","8841905111438","","","","","","","107-0062","東京都港区南青山六丁目8-11","","","","","","","","","","","","","","","1010401034685","","","",""
"ＩＷＡＯ株式会社","5333936241485","","","","","","","706-0002","岡山県玉野市築港五丁目14-7-7","","","","","","","","","","","","","","","6260001028018","","","",""
"井脇織物株式会社","1108652810717","","","","","","","648-0043","和歌山県橋本市学文路180","","","","","","","","","","","","","","","2170001010913","","","",""
"岩佐織物株式会社","8753393539388","","","","","","","918-8112","福井県福井市下馬二丁目1904-5","","","","","","","","","","","","","","","4210001000239","","","",""
"株式会社イワサキ","4740960246943","","","","","","","581-0834","大阪府八尾市萱振町六丁目87","","","","","","","","","","","","","","","6122001021924","","","",""
"株式会社岩崎","8108691833376","","","","","","","910-0023","福井県福井市順化一丁目5-10","","","","","","","","","","","","","","","2210001000240","","","",""
"有限会社岩崎商店","2403522376567","","","","","","","602-8241","京都府京都市上京区役人町251-1","","","","","","","","","","","","","","","9130002015710","","","",""
"有限会社岩瀬商店","6443699999601","","","","","","","116-0014","東京都荒川区東日暮里四丁目14-11","","","","","","","","","","","","","","","4011502007148","","","",""
"株式会社イワゼン","2890012870265","","","","","","","501-6241","岐阜県羽島市竹鼻町3205-3","","","","","","","","","","","","","","","9200001010762","","","",""
"株式会社伊わ多","4244826042620","","","","","","","198-0053","東京都青梅市駒木町一丁目827","","","","","","","","","","","","","","","1013101003423","","","",""
"株式会社岩田","3181301700146","","","","","","","600-8423","京都府京都市下京区釘隠町249","","","","","","","","","","","","","","","2130001026541","","","",""
"株式会社岩田生糸","6662506768600","","","","","","","500-8065","岐阜県岐阜市金屋町二丁目26","","","","","","","","","","","","","","","3200001000455","","","",""
"有限会社岩滝織物","9617593987454","","","","","","","629-2262","京都府与謝郡与謝野町字岩滝356","","","","","","","","","","","","","","","5130002032263","","","",""
"岩田健毛織株式会社","1355131673530","","","","","","","501-6241","岐阜県羽島市竹鼻町上城2624-1","","","","","","","","","","","","","","","8200001010763","","","",""
"磐田産業株式会社","5721475219081","","","","","","","438-0074","静岡県磐田市二之宮279","","","","","","","","","","","","","","","4080401015692","","","",""
"岩田商事合名会社","8635161756591","","","","","","","501-6077","岐阜県羽島郡笠松町天王町62-3","","","","","","","","","","","","","","","7200003001373","","","",""
"岩田撚糸株式会社","2265839020566","","","","","","","491-0103","愛知県一宮市浅井町前野郷中37-2","","","","","","","","","","","","","","","6180001082188","","","",""
"岩信合名会社","4995297067917","","","","","","","501-6205","岐阜県羽島市足近町南之川153-1","","","","","","","","","","","","","","","6200003001374","","","",""
"株式会社岩部保多織本舗","8185857221074","","","","","","","760-0026","香川県高松市磨屋町8-3","","","","","","","","","","","","","","","8470001000597","","","",""
"有限会社イワマン","3822252454507","","","","","","","640-8111","和歌山県和歌山市新通六丁目17","","","","","","","","","","","","","","","6170002000422","","","",""
"岩本商事株式会社","6787579146051","","","","","","","918-8003","福井県福井市毛矢三丁目4-18","","","","","","","","","","","","","","","6210001000261","","","",""
"有限会社岩本商店","8137657795596","","","","","","","635-0025","奈良県大和高田市神楽二丁目10-1","","","","","","","","","","","","","","","2150002008719","","","",""
"岩本レース株式会社","6319571400476","","","","","","","542-0081","大阪府大阪市中央区南船場二丁目9-8 シマノ・住友生命ビル2F","","","","","","","","","","","","","","","2010001036775","","","",""
"株式会社インクス","4874403127367","","","","","","","830-0046","福岡県久留米市原古賀町23-12 ライオンズマンション小頭町公園201号","","","","","","","","","","","","","","","3290002048386","","","",""
"株式会社インターウイン","8494288520775","","","","","","","485-0056","愛知県小牧市小木南三丁目537","","","","","","","","","","","","","","","1180001075568","","","",""
"株式会社インターテクスチャード","4367988102125","","","","","","","107-0061","東京都港区北青山二丁目7-9 日昭ビル6F","","","","","","","","","","","","","","","1011001000763","","","",""
"株式会社インターフオルム","4411493683913","","","","","","","650-0041","兵庫県神戸市中央区新港町5-1","","","","","","","","","","","","","","","5140001006151","","","",""
"株式会社インテックコウワ","5104796939387","","","","","","","641-0062","和歌山県和歌山市雑賀崎2017-11","","","","","","","","","","","","","","","1170001005352","","","",""
"インビスタジャパン合同会社","1788415378915","","","","","","","100-0006","東京都千代田区有楽町一丁目1-3 東京宝塚ビル","","","","","","","","","","","","","","","2010001087793","","","",""
"株式会社インピアッツァ","3428790496900","","","","","","","150-0042","東京都渋谷区宇田川町2-1 1120号","","","","","","","","","","","","","","","1011001035108","","","",""
"有限会社インフィニティ","2693502507354","","","","","","","403-0022","山梨県南都留郡西桂町小沼272-1","","","","","","","","","","","","","","","4090002013277","","","",""
"株式会社ウイスボン","6723540250933","","","","","","","491-0057","愛知県一宮市今伊勢町宮後西松山40-11","","","","","","","","","","","","","","","9180001082202","","","",""
"ウイズ有限会社","8035782498841","","","","","","","719-1156","岡山県総社市門田187","","","","","","","","","","","","","","","7260002023487","","","",""
"株式会社ウイルコーポレーション","5298267810168","","","","","","","432-8055","静岡県浜松市中央区卸本町46","","","","","","","","","","","","","","","8080401000633","","","",""
"宇一商事株式会社","1469264083788","","","","","","","541-0057","大阪府大阪市中央区北久宝寺町二丁目1-7 501号","","","","","","","","","","","","","","","4120001097144","","","",""
"株式会社ウイング","6947030714276","","","","","","","494-0001","愛知県一宮市開明乾土18-6","","","","","","","","","","","","","","","5180001110701","","","",""
"株式会社ウインズ","9730501903580","","","","","","","920-0061","石川県金沢市問屋町三丁目23-1","","","","","","","","","","","","","","","6220001001250","","","",""
"株式会社ウインビー","7993592409796","","","","","","","668-0013","兵庫県豊岡市中陰346-3","","","","","","","","","","","","","","","7140001055824","","","",""
"株式会社ウインベル","6587154965465","","","","","","","541-0056","大阪府大阪市中央区久太郎町一丁目9-29 東本町ビル3F","","","","","","","","","","","","","","","3120001075002","","","",""
"株式会社ウエイル","2141708150810","","","","","","","132-0031","東京都江戸川区松島三丁目25-17 404","","","","","","","","","","","","","","","8010001168720","","","",""
"株式会社上杉","5430272857176","","","","","","","111-0041","東京都台東区元浅草一丁目5-7","","","","","","","","","","","","","","","9010501001207","","","",""
"有限会社ウエストインターナショナル","9938115658266","","","","","","","541-0054","大阪府大阪市中央区南本町二丁目1-1 本町サザンビル303号","","","","","","","","","","","","","","","6120002040720","","","",""
"上田織物株式会社","8723709849819","","","","","","","602-0000","京都府京都市上京区一観音町428-65 とみやビルディング3階","","","","","","","","","","","","","","","3130001002574","","","",""
"上田商工株式会社","9372103036525","","","","","","","545-0001","大阪府大阪市阿倍野区天王寺町北二丁目3-1","","","","","","","","","","","","","","","1120001004821","","","",""
"植田繊維株式会社","1117015426188","","","","","","","543-0052","大阪府大阪市天王寺区大道二丁目6-1","","","","","","","","","","","","","","","9120001022386","","","",""
"上田善株式会社","9627949168728","","","","","","","600-8427","京都府京都市下京区玉津島町288","","","","","","","","","","","","","","","1130001016601","","","",""
"上田貿易株式会社","8277844418390","","","","","","","542-0081","大阪府大阪市中央区南船場一丁目18-24","","","","","","","","","","","","","","","5120001082483","","","",""
"株式会社上月商店","2751416664056","","","","","","","677-0014","兵庫県西脇市郷瀬町348-3","","","","","","","","","","","","","","","8140001075516","","","",""
"植西株式会社","7109856367926","","","","","","","600-8436","京都府京都市下京区元両替町250","","","","","","","","","","","","","","","5130001016606","","","",""
"株式会社ウエノ","4747526890176","","","","","","","594-0064","大阪府和泉市寺門町一丁目6-14","","","","","","","","","","","","","","","1120101041153","","","",""
"株式会社ウエノ","3379074519333","","","","","","","590-0521","大阪府泉南市樽井三丁目32-10","","","","","","","","","","","","","","","1120101043975","","","",""
"有限会社上野商店","9176414819027","","","","","","","596-0046","大阪府岸和田市藤井町二丁目8-19","","","","","","","","","","","","","","","2120102020816","","","",""
"株式会社上原商店","9803520272369","","","","","","","531-0072","大阪府大阪市北区豊崎三丁目20-9 三栄ビル4F","","","","","","","","","","","","","","","5120001099841","","","",""
"株式会社上松糸店","7199422298731","","","","","","","536-0023","大阪府大阪市城東区東中浜三丁目4-7","","","","","","","","","","","","","","","1120001014366","","","",""
"植山織物株式会社","5375292668766","","","","","","","677-0114","兵庫県多可郡多可町八千代区仕出原681","","","","","","","","","","","","","","","1140001075316","","","",""
"株式会社植山テキスタイル","1272039942009","","","","","","","570-0033","大阪府守口市大宮通四丁目1-16","","","","","","","","","","","","","","","5120001155743","","","",""
"鵜飼株式会社","3368873751005","","","","","","","103-0013","東京都中央区日本橋人形町二丁目29-6","","","","","","","","","","","","","","","7010001037810","","","",""
"宇佐見株式会社","2864911712501","","","","","","","542-0081","大阪府大阪市中央区南船場一丁目18-17 商工中金船場ビル11階","","","","","","","","","","","","","","","1120001075128","","","",""
"牛山縫製株式会社","5482303007814","","","","","","","395-0244","長野県飯田市山本6743-3","","","","","","","","","","","","","","","8100001022257","","","",""
"氏原株式会社","5121129610977","","","","","","","430-0801","静岡県浜松市中央区神立町131-7","","","","","","","","","","","","","","","8080401000641","","","",""
"烏城物産株式会社","9548958742440","","","","","","","711-0936","岡山県倉敷市児島柳田町592-1","","","","","","","","","","","","","","","4260001000663","","","",""
"臼井織布株式会社","9258373397191","","","","","","","514-0113","三重県津市一身田大古曽67","","","","","","","","","","","","","","","5190001000141","","","",""
"羽前絹練株式会社","7424552111231","","","","","","","997-0044","山形県鶴岡市新海町21-1","","","","","","","","","","","","","","","9390001007468","","","",""
"宇高産業株式会社","9549845145987","","","","","","","794-0021","愛媛県今治市米屋町二丁目1-18","","","","","","","","","","","","","","","7500001011229","","","",""
"有限会社内田商店","5752548277514","","","","","","","130-0005","東京都墨田区東駒形四丁目9-9","","","","","","","","","","","","","","","3010602009237","","","",""
"株式会社内田商店","4487358111580","","","","","","","430-0942","静岡県浜松市中央区元浜町35-6","","","","","","","","","","","","","","","6080401000651","","","",""
"内田長織物有限会社","5346845611286","","","","","","","192-0154","東京都八王子市下恩方町315","","","","","","","","","","","","","","","5010102000982","","","",""
"株式会社ウチヌマ","9403195009140","","","","","","","160-0022","東京都新宿区新宿一丁目9-4 中公ビル203","","","","","","","","","","","","","","","4010001141136","","","",""
"株式会社内畑","1892819717966","","","","","","","600-8345","京都府京都市下京区紅葉町359","","","","","","","","","","","","","","","5130001016622","","","",""
"内秀株式会社","5761289019547","","","","","","","496-8007","愛知県愛西市南河田町高台85","","","","","","","","","","","","","","","3180001097247","","","",""
"内山勝株式会社","1464372955029","","","","","","","915-0242","福井県越前市粟田部町14-17","","","","","","","","","","","","","","","6210001012133","","","",""
"内山絹織株式会社","1500205744916","","","","","","","371-0033","群馬県前橋市国領町二丁目20-10","","","","","","","","","","","","","","","4070001000369","","","",""
"宇仁テキスタイル株式会社","6824604666777","","","","","","","541-0054","大阪府大阪市中央区南本町二丁目6-12","","","","","","","","","","","","","","","6120001113691","","","",""
"宇野紙株式会社","7870413594556","","","","","","","530-0043","大阪府大阪市北区天満二丁目1-29 宇野ビル","","","","","","","","","","","","","","","6120001061065","","","",""
"株式会社宇野商店","9083359355476","","","","","","","603-8151","京都府京都市北区小山下総町42","","","","","","","","","","","","","","","3130001004389","","","",""
"株式会社ウノテキスタイル","1962591615067","","","","","","","916-0041","福井県鯖江市東鯖江二丁目5-20","","","","","","","","","","","","","","","4210001000206","","","",""
"株式会社梅垣織物","6563729449586","","","","","","","603-8247","京都府京都市北区紫野泉堂町9","","","","","","","","","","","","","","","9130001004391","","","",""
"梅澤織物株式会社","5119479094096","","","","","","","192-0063","東京都八王子市元横山町三丁目18-5","","","","","","","","","","","","","","","7010101000486","","","",""
"梅武織物株式会社","7123651749531","","","","","","","627-0044","京都府京丹後市峰山町小西135","","","","","","","","","","","","","","","9130001042648","","","",""
"株式会社うめと","2419751893533","","","","","","","600-8104","京都府京都市下京区万寿寺町128","","","","","","","","","","","","","","","8130001016628","","","",""
"梅村マルティナ気仙沼ＦＳアトリエ株式会社","6887149006160","","","","","","","988-0133","宮城県気仙沼市松崎下赤田80-15","","","","","","","","","","","","","","","9370501000957","","","",""
"有限会社梅山商事","8141540861105","","","","","","","948-0022","新潟県十日町市学校町二丁目698-3","","","","","","","","","","","","","","","9110002025397","","","",""
"ウライ株式会社","7169270077942","","","","","","","600-8491","京都府京都市下京区鶏鉾町498","","","","","","","","","","","","","","","7130001016629","","","",""
"浦上産業株式会社","2399364960798","","","","","","","711-0907","岡山県倉敷市児島上の町三丁目6-3","","","","","","","","","","","","","","","7260001012581","","","",""
"ウラセ株式会社","6672872572805","","","","","","","916-0016","福井県鯖江市神中町二丁目7-40","","","","","","","","","","","","","","","3210001012689","","","",""
"有限会社漆崎","9948801602030","","","","","","","915-0882","福井県越前市上太田町28-1-1","","","","","","","","","","","","","","","7210002011505","","","",""
"有限会社漆崎織物","7393446533839","","","","","","","918-8171","福井県福井市森行町26-24","","","","","","","","","","","","","","","2210002000454","","","",""
"株式会社ヴァンネット","8573688699346","","","","","","","151-0051","東京都渋谷区千駄ケ谷三丁目52-8","","","","","","","","","","","","","","","1011001025653","","","",""
"ヴイヴエンテ株式会社","3033696533917","","","","","","","491-0871","愛知県一宮市浅野大西12","","","","","","","","","","","","","","","6180001082196","","","",""
"株式会社ヴィオレッタ","2028213208401","","","","","","","536-0001","大阪府大阪市城東区古市二丁目3-12","","","","","","","","","","","","","","","2120001014357","","","",""
"株式会社ヴイシュア・エステート","7946364122236","","","","","","","650-0002","兵庫県神戸市中央区北野町三丁目2-5","","","","","","","","","","","","","","","5140001006275","","","",""
"エー・アイ・インターナショナル株式会社","9029901607132","","","","","","","541-0054","大阪府大阪市中央区南本町一丁目4-6","","","","","","","","","","","","","","","7120001075213","","","",""
"株式会社エーアイオー","1115354586935","","","","","","","711-0903","岡山県倉敷市児島田の口四丁目17-13","","","","","","","","","","","","","","","3260001027146","","","",""
"エアテクス株式会社","2688183941034","","","","","","","553-0006","大阪府大阪市福島区吉野一丁目3-11","","","","","","","","","","","","","","","5120001075198","","","",""
"エアーテックス株式会社","9322774718283","","","","","","","919-0526","福井県坂井市坂井町上兵庫40-7","","","","","","","","","","","","","","","7210001002876","","","",""
"株式会社エー・アール・アイ","4207351712818","","","","","","","111-0041","東京都台東区元浅草三丁目13-2","","","","","","","","","","","","","","","7010501032451","","","",""
"エ・アール・ミキ株式会社","8757719112226","","","","","","","111-0052","東京都台東区柳橋二丁目19-8 材商会館3F","","","","","","","","","","","","","","","6010001103027","","","",""
"株式会社エイガールズ","4569976398999","","","","","","","641-0011","和歌山県和歌山市三葛62","","","","","","","","","","","","","","","4170001000367","","","",""
"エイキ株式会社","2685910992170","","","","","","","923-0000","石川県小松市木場町ふ1","","","","","","","","","","","","","","","6220001011761","","","",""
"株式会社エイコウ","9140329626638","","","","","","","101-0025","東京都千代田区神田佐久間町三丁目21","","","","","","","","","","","","","","","1010001011779","","","",""
"株式会社エイチ・アイ・ティー・ジャパン","7448937568969","","","","","","","541-0051","大阪府大阪市中央区備後町三丁目1-11","","","","","","","","","","","","","","","4120001167946","","","",""
"有限会社エイチ・アンド・ヒロ","6913732083288","","","","","","","103-0001","東京都中央区日本橋小伝馬町12-9 滋賀ビル507","","","","","","","","","","","","","","","6010002031219","","","",""
"株式会社エイテックスシェアー","7155933496408","","","","","","","541-0048","大阪府大阪市中央区瓦町四丁目3-14 御堂アーバンライフ203号","","","","","","","","","","","","","","","1120001142902","","","",""
"エイト合繊株式会社","1405956490411","","","","","","","910-0004","福井県福井市宝永四丁目13-15","","","","","","","","","","","","","","","6210001000393","","","",""
"株式会社エイム・ファッション","4112702942643","","","","","","","550-0004","大阪府大阪市西区靱本町一丁目19-23 418号","","","","","","","","","","","","","","","2120001041649","","","",""
"栄和織物株式会社","1695709910736","","","","","","","192-0041","東京都八王子市中野上町三丁目24-3","","","","","","","","","","","","","","","2010101000532","","","",""
"株式会社ＡＳＫ","8923946196744","","","","","","","491-0858","愛知県一宮市栄二丁目12-8 ASKビル3F","","","","","","","","","","","","","","","6180001081990","","","",""
"有限会社エー・エス・ケーテクニカル","3581493913432","","","","","","","444-0802","愛知県岡崎市美合町八ケ尻8-12","","","","","","","","","","","","","","","5180302001467","","","",""
"株式会社エクス","4952285909348","","","","","","","554-0022","大阪府大阪市此花区春日出中二丁目2-25","","","","","","","","","","","","","","","5120001175618","","","",""
"株式会社エクセレント","4079229169464","","","","","","","106-0032","東京都港区六本木四丁目5-8","","","","","","","","","","","","","","","3010401076701","","","",""
"江口機業株式会社","4281729323736","","","","","","","959-1824","新潟県五泉市吉沢二丁目5-22","","","","","","","","","","","","","","","2110001011578","","","",""
"株式会社エコヴォイスジャパン","8210896242060","","","","","","","108-0075","東京都港区港南二丁目16-4 品川グランドセントラルタワー8F","","","","","","","","","","","","","","","2011001109091","","","",""
"株式会社エコット","9280692874268","","","","","","","929-0103","石川県能美市五間堂町乙9","","","","","","","","","","","","","","","1220001014208","","","",""
"株式会社エコテックス","5340165794534","","","","","","","491-0003","愛知県一宮市春明内裏55-2","","","","","","","","","","","","","","","6180001085249","","","",""
"株式会社江指商店","9420729222938","","","","","","","550-0012","大阪府大阪市西区立売堀一丁目8-1","","","","","","","","","","","","","","","5120001041621","","","",""
"エーシン産業有限会社","6853775572336","","","","","","","453-0063","愛知県名古屋市中村区東宿町二丁目51","","","","","","","","","","","","","","","7180002027199","","","",""
"株式会社エス・アンドー","7287620586616","","","","","","","168-0073","東京都杉並区下高井戸四丁目15-12","","","","","","","","","","","","","","","3011101002963","","","",""
"有限会社エスエスバルビールインターナショナル","6770225329571","","","","","","","541-0054","大阪府大阪市中央区南本町一丁目3-9 サンコービル船場","","","","","","","","","","","","","","","7120002034481","","","",""
"株式会社エスカ","2462575041268","","","","","","","918-8238","福井県福井市和田一丁目6-11","","","","","","","","","","","","","","","3210001000446","","","",""
"株式会社エスカコーポレーション","8538769308025","","","","","","","675-0016","兵庫県加古川市野口町長砂629-8","","","","","","","","","","","","","","","9140001042606","","","",""
"株式会社エスカルゴ","1763894226057","","","","","","","110-0015","東京都台東区東上野一丁目13-1 102","","","","","","","","","","","","","","","1010501005784","","","",""
"株式会社エス企画","6611181525954","","","","","","","141-0031","東京都品川区西五反田二丁目14-9","","","","","","","","","","","","","","","3010701001499","","","",""
"株式会社エスケー","6987441314984","","","","","","","604-8472","京都府京都市中京区西ノ京北壺井町9","","","","","","","","","","","","","","","4130001001393","","","",""
"株式会社エス・ケー・シィ","7399232430582","","","","","","","918-8023","福井県福井市西谷二丁目306 フラットAOE301号室","","","","","","","","","","","","","","","9210001000449","","","",""
"エス・ケー商事株式会社","6306757245442","","","","","","","918-8235","福井県福井市和田中町85 字出来44番地昌和染織内","","","","","","","","","","","","","","","7210001000450","","","",""
"ヱスコ商事株式会社","7501742681653","","","","","","","101-0061","東京都千代田区神田三崎町三丁目6-2","","","","","","","","","","","","","","","4010001012056","","","",""
"エステアール株式会社","3600378900147","","","","","","","932-0121","富山県小矢部市矢水町355-1","","","","","","","","","","","","","","","4230005005637","","","",""
"株式会社ＳＴＸ","6895851399965","","","","","","","101-0054","東京都千代田区神田錦町三丁目22 テラススクエア5階","","","","","","","","","","","","","","","8010001108602","","","",""
"エス・テー・ケー株式会社","6052396887180","","","","","","","212-0012","神奈川県川崎市幸区中幸町三丁目26-24 1801","","","","","","","","","","","","","","","3010401004686","","","",""
"株式会社エスト","1122807763059","","","","","","","541-0046","大阪府大阪市中央区平野町一丁目7-6","","","","","","","","","","","","","","","8120001094971","","","",""
"株式会社エスト","5647283436210","","","","","","","666-0143","兵庫県川西市清和台西五丁目2-105","","","","","","","","","","","","","","","2140001079927","","","",""
"エスナ販売株式会社","8412923331571","","","","","","","541-0047","大阪府大阪市中央区淡路町二丁目5-8","","","","","","","","","","","","","","","4120001075570","","","",""
"株式会社エスペランス","4831759025566","","","","","","","530-0043","大阪府大阪市北区天満一丁目21-18","","","","","","","","","","","","","","","1120001004870","","","",""
"エスポイント株式会社","8386745729152","","","","","","","720-1131","広島県福山市駅家町大字万能倉1285-3","","","","","","","","","","","","","","","4240001034936","","","",""
"越前織協同組合","6040496093076","","","","","","","910-0251","福井県坂井市丸岡町一本田福所23-12-6","","","","","","","","","","","","","","","6210005004597","","","",""
"株式会社エッセテスート","2064854553378","","","","","","","815-0082","福岡県福岡市南区大楠二丁目4-21","","","","","","","","","","","","","","","4290001011880","","","",""
"エップヤーン有限会社","5206459502322","","","","","","","578-0984","大阪府東大阪市菱江二丁目3-32","","","","","","","","","","","","","","","2150002002226","","","",""
"株式会社エーツープラス","9434246288109","","","","","","","158-0083","東京都世田谷区奥沢四丁目9-3","","","","","","","","","","","","","","","9010901024996","","","",""
"株式会社エーディコア・ディバイズ","1098410675486","","","","","","","106-0032","東京都港区六本木六丁目8-10 STEP六本木1F","","","","","","","","","","","","","","","2011001055096","","","",""
"エヌアイ産業株式会社","6685367374350","","","","","","","262-0023","千葉県千葉市花見川区検見川町五丁目287","","","","","","","","","","","","","","","1040001000977","","","",""
"株式会社ＮＳＯ","7140870573484","","","","","","","711-0906","岡山県倉敷市児島下の町一丁目12-2","","","","","","","","","","","","","","","8260001017118","","","",""
"株式会社エヌケイなかがわ","3103858527390","","","","","","","639-0205","奈良県北葛城郡上牧町下牧二丁目12-14","","","","","","","","","","","","","","","4150001012430","","","",""
"有限会社エヌケーエフ","2861202418743","","","","","","","542-0081","大阪府大阪市中央区南船場二丁目2-28","","","","","","","","","","","","","","","9120002056771","","","",""
"株式会社Ｎ・Ｋ貿易","3166204614932","","","","","","","541-0057","大阪府大阪市中央区北久宝寺町二丁目2-13 堺筋本町セントラルビル","","","","","","","","","","","","","","","2120001138882","","","",""
"株式会社ＮＷＰ","2343288690699","","","","","","","541-0056","大阪府大阪市中央区久太郎町三丁目1-15 308号","","","","","","","","","","","","","","","8120001139173","","","",""
"株式会社エヌ・ティ・シー","2423250502575","","","","","","","103-0001","東京都中央区日本橋小伝馬町12-9 東京滋賀ビル6F","","","","","","","","","","","","","","","9010001038443","","","",""
"榎本株式会社","4382107814551","","","","","","","430-0928","静岡県浜松市中央区板屋町562 「","","","","","","","","","","","","","","","7080401000865","","","",""
"有限会社榎本","3746702564385","","","","","","","346-0104","埼玉県久喜市菖蒲町三箇862-2","","","","","","","","","","","","","","","7030002038888","","","",""
"エノモト物産株式会社","6222213308958","","","","","","","179-0074","東京都練馬区春日町一丁目36-3","","","","","","","","","","","","","","","5011501005721","","","",""
"エバポップ株式会社","7156907513107","","","","","","","332-0014","埼玉県川口市金山町14-15 608号ライオンズマンション川口ブリーズコート","","","","","","","","","","","","","","","1010002034572","","","",""
"株式会社エフアイオウ","1894639901945","","","","","","","550-0013","大阪府大阪市西区新町三丁目2-2 エフアイオウビル5階","","","","","","","","","","","","","","","7120001041834","","","",""
"株式会社Ｆ＆Ｓ","7035864215569","","","","","","","505-0026","岐阜県美濃加茂市清水町一丁目4-15","","","","","","","","","","","","","","","8200001017156","","","",""
"有限会社エフイーエヌ","2372204456536","","","","","","","107-0062","東京都港区南青山五丁目10-5 九曜ビル2F","","","","","","","","","","","","","","","2010402015923","","","",""
"有限会社エフ・コンフィデンス","9854185988159","","","","","","","141-0031","東京都品川区西五反田六丁目3-23","","","","","","","","","","","","","","","9010402031385","","","",""
"株式会社エフシー","2131554972486","","","","","","","677-0003","兵庫県西脇市西田町244-1","","","","","","","","","","","","","","","3140001075347","","","",""
"株式会社ＦＴＣ","5848267911346","","","","","","","603-8322","京都府京都市北区平野宮本町5 フジックス本社ビル3階","","","","","","","","","","","","","","","8130001042608","","","",""
"有限会社エーベスト","8480948516278","","","","","","","529-1214","滋賀県愛知郡愛荘町宮後114","","","","","","","","","","","","","","","4160002007940","","","",""
"有限会社エムアイシー","3419851030736","","","","","","","460-0012","愛知県名古屋市中区千代田三丁目33-3","","","","","","","","","","","","","","","1180002047946","","","",""
"株式会社エム・アイ・シー","2954454134263","","","","","","","550-0005","大阪府大阪市西区西本町一丁目8-2 三晃ビル内","","","","","","","","","","","","","","","5120001041885","","","",""
"株式会社エム・アッシュ・エム","4161027027208","","","","","","","150-0013","東京都渋谷区恵比寿四丁目23-14 201号","","","","","","","","","","","","","","","3011001028489","","","",""
"エムエイチ産業有限会社","9123743018178","","","","","","","236-0017","神奈川県横浜市金沢区西柴二丁目10-21","","","","","","","","","","","","","","","1020002007643","","","",""
"有限会社エムエスティー","3181937497993","","","","","","","740-0021","山口県岩国市室の木町一丁目1-8","","","","","","","","","","","","","","","2250002017791","","","",""
"ＭＭＭ株式会社","6045628070790","","","","","","","541-0046","大阪府大阪市中央区平野町二丁目5-14","","","","","","","","","","","","","","","7120001173058","","","",""
"株式会社エムエムコーポレーション","7249278399089","","","","","","","541-0051","大阪府大阪市中央区備後町一丁目4-10 マクステルハウス3-4階","","","","","","","","","","","","","","","9120001075871","","","",""
"有限会社エム・オオサキ","2505557350976","","","","","","","940-0241","新潟県長岡市北荷頃2586-1","","","","","","","","","","","","","","","6110002031035","","","",""
"株式会社エムキューブ","8959964281207","","","","","","","150-0021","東京都渋谷区恵比寿西一丁目33-3 光雲閣110号室","","","","","","","","","","","","","","","2011001057794","","","",""
"株式会社Ｍ・Ｋ","5808221339066","","","","","","","541-0058","大阪府大阪市中央区南久宝寺町二丁目5-1","","","","","","","","","","","","","","","3120001164886","","","",""
"株式会社エムケイジェイ","9351411626938","","","","","","","107-0062","東京都港区南青山四丁目9-22 アウラビル2階","","","","","","","","","","","","","","","1010401005356","","","",""
"有限会社エム・ケー商会","3514012202629","","","","","","","541-0041","大阪府大阪市中央区北浜二丁目1-13 北浜藤浪ビルディング","","","","","","","","","","","","","","","3120002029709","","","",""
"株式会社エムコンス","6483029084268","","","","","","","113-0022","東京都文京区千駄木二丁目32-3 佐久間ビル4F","","","","","","","","","","","","","","","9010001143714","","","",""
"有限会社エムシーエキスポータース","7657522277382","","","","","","","541-0054","大阪府大阪市中央区南本町一丁目4-6","","","","","","","","","","","","","","","7120002034647","","","",""
"ＭＣＣトレーディング株式会社","5303075842279","","","","","","","105-0012","東京都港区芝大門一丁目1-30","","","","","","","","","","","","","","","1010501016674","","","",""
"株式会社エムツー","4512131597498","","","","","","","915-0097","福井県越前市長土呂町7-15-1","","","","","","","","","","","","","","","2210001011493","","","",""
"株式会社エムツー・カンパニー","4450274091298","","","","","","","812-0011","福岡県福岡市博多区博多駅前三丁目6-1 小森ビル5F","","","","","","","","","","","","","","","1290001011982","","","",""
"有限会社エムテキスタイル","3007915070282","","","","","","","910-0806","福井県福井市高木町52-27-1","","","","","","","","","","","","","","","8210002004697","","","",""
"株式会社エムテキスタイル","1422399967725","","","","","","","150-0032","東京都渋谷区鶯谷町3-1","","","","","","","","","","","","","","","6011001037966","","","",""
"株式会社エム・テックス","2759986855117","","","","","","","541-0055","大阪府大阪市中央区船場中央二丁目2-5 船場センタービル5号館103号","","","","","","","","","","","","","","","9120001075938","","","",""
"株式会社エムテックス","1174505674297","","","","","","","701-0114","岡山県倉敷市松島70-2","","","","","","","","","","","","","","","2260001010532","","","",""
"株式会社江村商店","7084718217392","","","","","","","600-8446","京都府京都市下京区堀之内町282","","","","","","","","","","","","","","","2130001016690","","","",""
"有限会社エリア","8103795281413","","","","","","","451-0041","愛知県名古屋市西区幅下一丁目14-12","","","","","","","","","","","","","","","1180002022874","","","",""
"株式会社エリシャン","3252581145535","","","","","","","101-0041","東京都千代田区神田須田町一丁目7","","","","","","","","","","","","","","","9010001012704","","","",""
"有限会社絵梨邑","1513629381312","","","","","","","357-0035","埼玉県飯能市柳町23-14","","","","","","","","","","","","","","","1030002119264","","","",""
"有限会社エール","7182578676862","","","","","","","315-0042","茨城県石岡市茨城三丁目12-4","","","","","","","","","","","","","","","6050002016372","","","",""
"株式会社エル企画","3280632430812","","","","","","","948-0007","新潟県十日町市四日町新田357","","","","","","","","","","","","","","","3110001020891","","","",""
"株式会社エルタ","5387130890523","","","","","","","190-1222","東京都西多摩郡瑞穂町箱根ケ崎東松原20-1","","","","","","","","","","","","","","","5013101001266","","","",""
"株式会社エルトップ","3670375151758","","","","","","","101-0032","東京都千代田区岩本町三丁目9-13","","","","","","","","","","","","","","","3010601031464","","","",""
"株式会社エルピージャパン","7061043282848","","","","","","","541-0054","大阪府大阪市中央区南本町一丁目2-5 マヤ第2ビル","","","","","","","","","","","","","","","7120001131305","","","",""
"株式会社エルミック","3059404903060","","","","","","","645-0011","和歌山県日高郡みなべ町気佐藤141-3","","","","","","","","","","","","","","","1170001009171","","","",""
"株式会社エレガンス","1280113985942","","","","","","","116-0014","東京都荒川区東日暮里五丁目33-10","","","","","","","","","","","","","","","9011501005767","","","",""
"絵麗奈株式会社","1729944637650","","","","","","","165-0031","東京都中野区上鷺宮一丁目13-12","","","","","","","","","","","","","","","7011201012859","","","",""
"エーワイ株式会社","2100197691098","","","","","","","593-8326","大阪府堺市西区鳳西町一丁72-2","","","","","","","","","","","","","","","9120101025339","","","",""
"遠伊織物有限会社","9705229829993","","","","","","","376-0006","群馬県桐生市新宿二丁目6-27","","","","","","","","","","","","","","","2070002022785","","","",""
"有限会社遠州ネット","9252833944881","","","","","","","437-1204","静岡県磐田市福田中島1383","","","","","","","","","","","","","","","6080402020351","","","",""
"遠州綿業株式会社","1668469407312","","","","","","","430-0916","静岡県浜松市中央区早馬町1-5","","","","","","","","","","","","","","","7080401000709","","","",""
"遠孫織布株式会社","9263121208590","","","","","","","677-0016","兵庫県西脇市高田井町938","","","","","","","","","","","","","","","6140001075336","","","",""
"株式会社遠藤","2247374351971","","","","","","","603-8227","京都府京都市北区紫野北舟岡町16","","","","","","","","","","","","","","","9130001004425","","","",""
"遠藤糸業有限会社","9100370165470","","","","","","","577-0036","大阪府東大阪市御厨栄町二丁目10-30","","","","","","","","","","","","","","","9122002000684","","","",""
"遠藤商会株式会社","6305774970650","","","","","","","130-0011","東京都墨田区石原四丁目30-2 山下ビル1階","","","","","","","","","","","","","","","2010601041803","","","",""
"株式会社円夢","6284344238941","","","","","","","616-8365","京都府京都市右京区嵯峨伊勢ノ上町24-27","","","","","","","","","","","","","","","9130001010142","","","",""
"株式会社Ｏ．ＩＤ","4508865001747","","","","","","","501-6011","岐阜県羽島郡岐南町八剣北六丁目15","","","","","","","","","","","","","","","3200002010957","","","",""
"扇屋株式会社","6070315804591","","","","","","","460-0008","愛知県名古屋市中区栄三丁目10-33","","","","","","","","","","","","","","","3180001034811","","","",""
"株式会社扇矢整毛所","3013257824722","","","","","","","595-0015","大阪府泉大津市二田町三丁目4-14","","","","","","","","","","","","","","","2120101042209","","","",""
"王子ファイバー株式会社","3509740352346","","","","","","","104-0061","東京都中央区銀座五丁目12-8 王子ホールディングス1号館7F","","","","","","","","","","","","","","","5010001075738","","","",""
"近江織物株式会社","3037204275894","","","","","","","529-1414","滋賀県東近江市五個荘中町346","","","","","","","","","","","","","","","9160001009801","","","",""
"おうみ繊維株式会社","2145693822218","","","","","","","540-0012","大阪府大阪市中央区谷町五丁目3-16","","","","","","","","","","","","","","","2120001076067","","","",""
"近江屋株式会社","5165101641565","","","","","","","600-8177","京都府京都市下京区大坂町394","","","","","","","","","","","","","","","2130001016716","","","",""
"株式会社オーエヌ","7035666671980","","","","","","","534-0014","大阪府大阪市都島区都島北通二丁目11-4","","","","","","","","","","","","","","","5120001007093","","","",""
"有限会社大井絲店","3648351536618","","","","","","","143-0024","東京都大田区中央七丁目9-11","","","","","","","","","","","","","","","9010802002639","","","",""
"有限会社大井商店","8451832096853","","","","","","","770-0902","徳島県徳島市西新町三丁目15","","","","","","","","","","","","","","","5480002000755","","","",""
"大賀織物有限会社","3083472747008","","","","","","","711-0904","岡山県倉敷市児島唐琴四丁目7-18","","","","","","","","","","","","","","","4260002016931","","","",""
"株式会社大窪商店","7240321543176","","","","","","","799-2439","愛媛県松山市片山甲4-1","","","","","","","","","","","","","","","9500001000056","","","",""
"有限会社大串商店","6013613601606","","","","","","","444-0802","愛知県岡崎市美合町下ノ端19","","","","","","","","","","","","","","","3180302000586","","","",""
"大阪栄光貿易有限会社","3918408598483","","","","","","","541-0051","大阪府大阪市中央区備後町一丁目6-1","","","","","","","","","","","","","","","6120002039564","","","",""
"大阪興商株式会社","3236313722584","","","","","","","553-0003","大阪府大阪市福島区福島七丁目21-3","","","","","","","","","","","","","","","9120001122673","","","",""
"大阪児島繊維株式会社","3025279487787","","","","","","","545-0035","大阪府大阪市阿倍野区北畠一丁目23-4","","","","","","","","","","","","","","","4120001040558","","","",""
"大阪杉本株式会社","8182329103653","","","","","","","541-0052","大阪府大阪市中央区安土町一丁目7-13 トヤマビル2階","","","","","","","","","","","","","","","6180001055004","","","",""
"大阪太陽貿易株式会社","8644074955636","","","","","","","541-0056","大阪府大阪市中央区久太郎町二丁目3-8 902号","","","","","","","","","","","","","","","6120001092911","","","",""
"大阪トーション工業株式会社","3532641452596","","","","","","","595-0811","大阪府泉北郡忠岡町忠岡北一丁目4-24","","","","","","","","","","","","","","","5120101042916","","","",""
"大阪府テントシート工業組合","9504741151504","","","","","","","542-0072","大阪府大阪市中央区高津一丁目10-21","","","","","","","","","","","","","","","9120005007177","","","",""
"大阪ポプリン株式会社","8037933223006","","","","","","","594-0076","大阪府和泉市肥子町二丁目10-17","","","","","","","","","","","","","","","4120101041266","","","",""
"株式会社大阪ヤマキ","4643385661843","","","","","","","574-0027","大阪府大東市三住町8-10","","","","","","","","","","","","","","","1122001015170","","","",""
"株式会社おお沢","4342034428514","","","","","","","937-0806","富山県魚津市友道1997-5","","","","","","","","","","","","","","","3230001007027","","","",""
"大鹿株式会社","8115014709122","","","","","","","491-0858","愛知県一宮市栄三丁目6-7","","","","","","","","","","","","","","","7180001082278","","","",""
"有限会社大柴商店","7908261790040","","","","","","","232-0066","神奈川県横浜市南区六ツ川四丁目1228-7","","","","","","","","","","","","","","","9020002029408","","","",""
"株式会社大島商店","9932063201613","","","","","","","460-0002","愛知県名古屋市中区丸の内三丁目22-7","","","","","","","","","","","","","","","3180001034852","","","",""
"大島紬織元株式会社","9719480854979","","","","","","","894-0505","鹿児島県奄美市笠利町大字平1260","","","","","","","","","","","","","","","9340005004747","","","",""
"大島紬美術館株式会社","2346974796109","","","","","","","894-0505","鹿児島県奄美市笠利町大字平1260","","","","","","","","","","","","","","","6340001010883","","","",""
"合資会社大嶋屋","2940180668348","","","","","","","162-0808","東京都新宿区天神町10","","","","","","","","","","","","","","","1011103000364","","","",""
"株式会社大志茂","3089450146697","","","","","","","520-0836","滋賀県大津市杉浦町6-40","","","","","","","","","","","","","","","6160001001273","","","",""
"株式会社大城レース","3677430536703","","","","","","","105-0003","東京都港区西新橋一丁目9-1 ブロドリー西新橋ビルB1","","","","","","","","","","","","","","","5010401033873","","","",""
"有限会社大瀨商店","4150697149154","","","","","","","890-0054","鹿児島県鹿児島市荒田一丁目27-16","","","","","","","","","","","","","","","9340002002084","","","",""
"オオタ株式会社","3605801957604","","","","","","","444-0045","愛知県岡崎市康生通東一丁目28","","","","","","","","","","","","","","","7180301000534","","","",""
"太田和株式会社","9487362649621","","","","","","","604-0000","京都府京都市中京区三条町南入丸屋町167-2","","","","","","","","","","","","","","","5130001020129","","","",""
"大竹株式会社","3135849369525","","","","","","","326-0812","栃木県足利市大門通2379","","","","","","","","","","","","","","","5060001018403","","","",""
"大竹織物株式会社","4542620388147","","","","","","","443-0031","愛知県蒲郡市竹島町22-18","","","","","","","","","","","","","","","2180301010835","","","",""
"有限会社大竹商店","8600896582339","","","","","","","301-0805","茨城県龍ケ崎市薄倉町2237-1","","","","","","","","","","","","","","","4050002033048","","","",""
"有限会社大竹商店","4293380144869","","","","","","","611-0025","京都府宇治市神明宮西37-6","","","","","","","","","","","","","","","8130002015884","","","",""
"株式会社太田工務店","4664251169946","","","","","","","629-2313","京都府与謝郡与謝野町字三河内962-1","","","","","","","","","","","","","","","2130001053767","","","",""
"太田テキスタイル株式会社","5116284903506","","","","","","","434-0037","静岡県浜松市浜名区沼69-1","","","","","","","","","","","","","","","1080401010151","","","",""
"有限会社大多和","9439462618087","","","","","","","170-0005","東京都豊島区南大塚三丁目51-3","","","","","","","","","","","","","","","5013302001585","","","",""
"大杖株式会社","8337832215095","","","","","","","534-0014","大阪府大阪市都島区都島北通二丁目10-16","","","","","","","","","","","","","","","6120001007101","","","",""
"株式会社大塚","1950274509464","","","","","","","604-8133","京都府京都市中京区滕屋町187-2","","","","","","","","","","","","","","","3130001020130","","","",""
"株式会社オオテックス","8189504396054","","","","","","","577-0827","大阪府東大阪市衣摺三丁目12-8","","","","","","","","","","","","","","","7120001076087","","","",""
"株式会社大戸糸店","9489062912322","","","","","","","111-0055","東京都台東区三筋二丁目11-2","","","","","","","","","","","","","","","8010501001967","","","",""
"大豊織布株式会社","1410777543470","","","","","","","491-0811","愛知県一宮市千秋町加納馬場378","","","","","","","","","","","","","","","4180001082982","","","",""
"株式会社大西静商店","9449847504264","","","","","","","101-0032","東京都千代田区岩本町二丁目10-2","","","","","","","","","","","","","","","6010001012896","","","",""
"有限会社大西ネット","2361868626857","","","","","","","554-0021","大阪府大阪市此花区春日出北二丁目9-20","","","","","","","","","","","","","","","7120002059603","","","",""
"大野クロス株式会社","7033006116551","","","","","","","542-0081","大阪府大阪市中央区南船場二丁目5-12","","","","","","","","","","","","","","","7120001076228","","","",""
"有限会社大橋商店","2014917721060","","","","","","","430-0928","静岡県浜松市中央区板屋町104-1","","","","","","","","","","","","","","","2080402013796","","","",""
"大平株式会社","9646405689173","","","","","","","603-8432","京都府京都市北区大宮西脇台町2-3","","","","","","","","","","","","","","","8130001004450","","","",""
"有限会社大渕商店","7613414988915","","","","","","","277-0872","千葉県柏市十余二248-80","","","","","","","","","","","","","","","9040002089177","","","",""
"株式会社大松","7684665289456","","","","","","","564-0027","大阪府吹田市朝日町14-2","","","","","","","","","","","","","","","4120901007383","","","",""
"株式会社近江屋商店","4487862311438","","","","","","","491-0859","愛知県一宮市本町三丁目9-15","","","","","","","","","","","","","","","6180001082304","","","",""
"大本商事株式会社","2245291935877","","","","","","","720-0805","広島県福山市御門町一丁目2-9","","","","","","","","","","","","","","","7240001030040","","","",""
"株式会社大本商店","1311929568543","","","","","","","543-0053","大阪府大阪市天王寺区北河堀町2-14","","","","","","","","","","","","","","","1120001022848","","","",""
"大八木株式会社","5858162599874","","","","","","","491-0838","愛知県一宮市猿海道三丁目2-8","","","","","","","","","","","","","","","8180001082310","","","",""
"株式会社大八洲","9941280492180","","","","","","","550-0013","大阪府大阪市西区新町一丁目34-16","","","","","","","","","","","","","","","7120001042015","","","",""
"大藪織物株式会社","3837192977800","","","","","","","480-0104","愛知県丹羽郡扶桑町大字斎藤東屋敷34","","","","","","","","","","","","","","","9180001081195","","","",""
"大山興産株式会社","8663370465049","","","","","","","675-1102","兵庫県加古郡稲美町草谷950","","","","","","","","","","","","","","","9140001044560","","","",""
"有限会社大山商店","2556992880639","","","","","","","640-8317","和歌山県和歌山市北出島18-24","","","","","","","","","","","","","","","5170002000753","","","",""
"岡崎ゴム糸工業株式会社","2946049114672","","","","","","","444-0834","愛知県岡崎市柱町東荒子128-1","","","","","","","","","","","","","","","6180301000329","","","",""
"岡正織物有限会社","3589867902267","","","","","","","594-0052","大阪府和泉市阪本町586","","","","","","","","","","","","","","","9120102025073","","","",""
"岡治織物合資会社","2311917032776","","","","","","","677-0039","兵庫県西脇市上比延町243-19","","","","","","","","","","","","","","","1140003007993","","","",""
"岡成株式会社","8087984949955","","","","","","","444-0933","愛知県岡崎市渡町上高須81","","","","","","","","","","","","","","","6180302004535","","","",""
"株式会社おかだ","7846323542148","","","","","","","600-8073","京都府京都市下京区永原町153 コアロイヤル京都308","","","","","","","","","","","","","","","1130001016774","","","",""
"株式会社岡田","4987666714589","","","","","","","602-8226","京都府京都市上京区石薬師町693","","","","","","","","","","","","","","","8130001002669","","","",""
"株式会社岡田織物","7506102621565","","","","","","","649-7207","和歌山県橋本市高野口町大野757","","","","","","","","","","","","","","","4170001010928","","","",""
"オカダ商事株式会社","3810228555208","","","","","","","536-0003","大阪府大阪市城東区今福南二丁目9-9","","","","","","","","","","","","","","","8120001014483","","","",""
"岡田トレーディング株式会社","4384575775856","","","","","","","553-0001","大阪府大阪市福島区海老江一丁目5-59","","","","","","","","","","","","","","","7120001034557","","","",""
"岡地株式会社","8448602032867","","","","","","","460-0002","愛知県名古屋市中区丸の内二丁目11-19","","","","","","","","","","","","","","","3180001034943","","","",""
"株式会社岡地商店","5678131539840","","","","","","","460-0002","愛知県名古屋市中区丸の内二丁目11-19","","","","","","","","","","","","","","","8180001034939","","","",""
"岡西株式会社","4230445689403","","","","","","","922-0103","石川県加賀市山中温泉長谷田町ロ302-1","","","","","","","","","","","","","","","7220001013071","","","",""
"岡野商事株式会社","2923700015055","","","","","","","110-0011","東京都台東区三ノ輪一丁目15-1","","","","","","","","","","","","","","","3010501002061","","","",""
"岡野織布株式会社","3525859072938","","","","","","","677-0043","兵庫県西脇市下戸田399","","","","","","","","","","","","","","","4140001075370","","","",""
"岡橋株式会社","7752456663411","","","","","","","540-0021","大阪府大阪市中央区大手通一丁目2-10","","","","","","","","","","","","","","","4120001076321","","","",""
"岡秀株式会社","1780060033400","","","","","","","604-8215","京都府京都市中京区不動町181","","","","","","","","","","","","","","","8130001016776","","","",""
"株式会社オカブツ","2668276636841","","","","","","","444-0076","愛知県岡崎市井田町一丁目96","","","","","","","","","","","","","","","6180301000667","","","",""
"合資会社岡部商店","6943690715363","","","","","","","445-0816","愛知県西尾市宮町165","","","","","","","","","","","","","","","3180303002739","","","",""
"株式会社岡光","3831556647555","","","","","","","604-8262","京都府京都市中京区宗林町111","","","","","","","","","","","","","","","6130001020169","","","",""
"株式会社オカムラ技研","9614630953998","","","","","","","577-0825","大阪府東大阪市大蓮南四丁目22-17","","","","","","","","","","","","","","","6122001001323","","","",""
"岡本株式会社","1900009590185","","","","","","","726-0023","広島県府中市栗柄町3108-2","","","","","","","","","","","","","","","5240001034150","","","",""
"株式会社岡本織布工場","9453430467282","","","","","","","779-3121","徳島県徳島市国府町和田居内161","","","","","","","","","","","","","","","8480001008111","","","",""
"岡本織物株式会社","2060075789206","","","","","","","602-8463","京都府京都市上京区革堂町576","","","","","","","","","","","","","","","7130001002678","","","",""
"有限会社岡本織物店","1505663944064","","","","","","","605-0000","京都市東山区清水新道1丁目","","","","","","","","","","","","","","","4130002009709","","","",""
"株式会社岡本商店","7817147390241","","","","","","","926-0000","石川県七尾市神明町ロ部2-9","","","","","","","","","","","","","","","1220001015288","","","",""
"岡本織布株式会社","7000863988583","","","","","","","594-1102","大阪府和泉市和田町216","","","","","","","","","","","","","","","8120101041287","","","",""
"株式会社岡本テキスタイル","8857189206197","","","","","","","715-0024","岡山県井原市高屋町921-3","","","","","","","","","","","","","","","1260001018188","","","",""
"岡本レース株式会社","5403893922921","","","","","","","919-0412","福井県坂井市春江町江留中17-19","","","","","","","","","","","","","","","5210001000584","","","",""
"有限会社岡山産業","5370756860364","","","","","","","654-0043","兵庫県神戸市須磨区外浜町二丁目1-28","","","","","","","","","","","","","","","7140002007106","","","",""
"岡山ハトゴム株式会社","9979657982195","","","","","","","700-0845","岡山県岡山市南区浜野三丁目19-27","","","","","","","","","","","","","","","6260001001296","","","",""
"株式会社尾峨佐染繡","4774480863502","","","","","","","603-8114","京都府京都市北区紫竹下高才町52","","","","","","","","","","","","","","","1130001004457","","","",""
"小笠原株式会社","5994200351945","","","","","","","494-0003","愛知県一宮市三条郷南東45-1","","","","","","","","","","","","","","","9180001084181","","","",""
"株式会社オガタトラスト","9442184865947","","","","","","","550-0002","大阪府大阪市西区江戸堀一丁目9-1 肥後橋センタービル14階","","","","","","","","","","","","","","","4120001102614","","","",""
"株式会社オーガニック","3839245487894","","","","","","","526-0113","滋賀県長浜市南浜町976","","","","","","","","","","","","","","","4120002061231","","","",""
"小川株式会社","8338228937559","","","","","","","920-0061","石川県金沢市問屋町一丁目58","","","","","","","","","","","","","","","2220001001650","","","",""
"株式会社オガワ","3475394480876","","","","","","","160-0023","東京都新宿区西新宿一丁目18-1","","","","","","","","","","","","","","","1011101004061","","","",""
"小川織物有限会社","2815642510731","","","","","","","501-6121","岐阜県岐阜市柳津町下佐波四丁目9","","","","","","","","","","","","","","","2200002008804","","","",""
"小川織物株式会社","7158831216635","","","","","","","602-8447","京都府京都市上京区紋屋町314","","","","","","","","","","","","","","","8130001002685","","","",""
"小川織布有限会社","6419930075233","","","","","","","483-8409","愛知県江南市小杁町長者毛西95","","","","","","","","","","","","","","","3180002081712","","","",""
"有限会社小川テキスタイル","4612290140243","","","","","","","101-0032","東京都千代田区岩本町二丁目16-2 リブラ岩本町2F","","","","","","","","","","","","","","","9010002008445","","","",""
"株式会社小川平六","9617043983986","","","","","","","604-0000","京都府京都市中京区中之町41-8","","","","","","","","","","","","","","","7130001020176","","","",""
"小川峰株式会社","7800847077725","","","","","","","111-0041","東京都台東区元浅草四丁目1-15","","","","","","","","","","","","","","","4010501001888","","","",""
"株式会社小川屋","1216383466496","","","","","","","814-0001","福岡県福岡市早良区百道浜一丁目3-70 ザ・レジデンシャルスイート・福岡3607号","","","","","","","","","","","","","","","3290001006709","","","",""
"株式会社小川与一商店","1217342802260","","","","","","","103-0006","東京都中央区日本橋富沢町13-2","","","","","","","","","","","","","","","9010001039301","","","",""
"株式会社沖津機業場","9044533406732","","","","","","","929-1175","石川県かほく市秋浜ホ10","","","","","","","","","","","","","","","4220001017447","","","",""
"有限会社興紬商店","3375690794098","","","","","","","894-0106","鹿児島県大島郡龍郷町中勝812","","","","","","","","","","","","","","","9340002020730","","","",""
"沖東毛織合資会社","5021606204981","","","","","","","496-8018","愛知県愛西市渕高町明六8-2","","","","","","","","","","","","","","","6180003013595","","","",""
"株式会社沖縄商会","3994443073577","","","","","","","901-2123","沖縄県浦添市西洲二丁目7-4","","","","","","","","","","","","","","","2360001008541","","","",""
"株式会社オキモト","4750178611943","","","","","","","739-0424","広島県廿日市市前空四丁目8-6","","","","","","","","","","","","","","","6240001028580","","","",""
"荻野金襴織物株式会社","1061064727801","","","","","","","339-0043","埼玉県さいたま市岩槻区城南二丁目8-6","","","","","","","","","","","","","","","3030001017814","","","",""
"荻野製織株式会社","6360145285014","","","","","","","711-0913","岡山県倉敷市児島味野三丁目2-28","","","","","","","","","","","","","","","1260001012843","","","",""
"株式会社奥江呉服店","7837234427503","","","","","","","984-0073","宮城県仙台市若林区荒町75","","","","","","","","","","","","","","","2370001002766","","","",""
"株式会社奥澤","4268442634105","","","","","","","327-0005","栃木県佐野市七軒町2156","","","","","","","","","","","","","","","8060001020257","","","",""
"奥順株式会社","4648912066698","","","","","","","307-0001","茨城県結城市大字結城12-2","","","","","","","","","","","","","","","2050001032473","","","",""
"オクダトレーディング株式会社","8701221985678","","","","","","","547-0002","大阪府大阪市平野区加美東一丁目9-17","","","","","","","","","","","","","","","6122001023177","","","",""
"有限会社オークテキスタイル","1981401955496","","","","","","","125-0062","東京都葛飾区青戸五丁目14-11","","","","","","","","","","","","","","","1011802026115","","","",""
"奥野織物株式会社","7710215497416","","","","","","","594-1101","大阪府和泉市室堂町622-5","","","","","","","","","","","","","","","3120101041291","","","",""
"奥野織物株式会社","2413177559125","","","","","","","711-0904","岡山県倉敷市児島唐琴四丁目12-1","","","","","","","","","","","","","","","4260001012840","","","",""
"有限会社おく村","1072451583055","","","","","","","601-1375","京都府京都市伏見区醍醐高畑町30-10","","","","","","","","","","","","","","","2130002013489","","","",""
"奥村産業株式会社","5839048990437","","","","","","","594-0022","大阪府和泉市黒鳥町二丁目2-5","","","","","","","","","","","","","","","9120101041294","","","",""
"株式会社オクムラトレーディング","6648451455928","","","","","","","541-0046","大阪府大阪市中央区平野町二丁目2-9","","","","","","","","","","","","","","","1120001117474","","","",""
"株式会社奥山","7279061761516","","","","","","","116-0014","東京都荒川区東日暮里六丁目45-6","","","","","","","","","","","","","","","1011501005865","","","",""
"株式会社オークラ商事","1457321085465","","","","","","","101-0041","東京都千代田区神田須田町二丁目5 4F","","","","","","","","","","","","","","","2010001013171","","","",""
"オークレース株式会社","4784298965667","","","","","","","589-0007","大阪府大阪狭山市池尻中三丁目9-5","","","","","","","","","","","","","","","7120101029143","","","",""
"小倉織物株式会社","2310256506959","","","","","","","923-0912","石川県小松市新町86","","","","","","","","","","","","","","","2220001011781","","","",""
"株式会社小倉商店","5326440937908","","","","","","","307-0001","茨城県結城市大字結城116","","","","","","","","","","","","","","","1050001032474","","","",""
"株式会社オグリ","1108136333395","","","","","","","277-0863","千葉県柏市豊四季951-9","","","","","","","","","","","","","","","8040001065337","","","",""
"小栗織物株式会社","7508693100732","","","","","","","431-3101","静岡県浜松市東区豊町356","","","","","","","","","","","","","","","6080401001096","","","",""
"オーサキ繊商株式会社","4429159470113","","","","","","","116-0014","東京都荒川区東日暮里二丁目41-2","","","","","","","","","","","","","","","3011501005797","","","",""
"オザキ株式会社","1059101382274","","","","","","","493-0001","愛知県一宮市木曽川町黒田北宿二の切70","","","","","","","","","","","","","","","1180001104013","","","",""
"株式会社尾澤","9032448536457","","","","","","","105-0004","東京都港区新橋四丁目19-5","","","","","","","","","","","","","","","1010401006263","","","",""
"株式会社ｏｚａｗａ","6552255609956","","","","","","","677-0042","兵庫県西脇市堀町400-5","","","","","","","","","","","","","","","1140001075373","","","",""
"小沢クロス有限会社","8203721179612","","","","","","","677-0038","兵庫県西脇市大垣内172-2","","","","","","","","","","","","","","","3140002061635","","","",""
"押谷フエルト化成株式会社","1570472683771","","","","","","","104-0061","東京都中央区銀座一丁目20-17","","","","","","","","","","","","","","","3010001039835","","","",""
"有限会社小鹿整毛","7763114700736","","","","","","","446-0001","愛知県安城市里町三郎146","","","","","","","","","","","","","","","7180302016653","","","",""
"小田織物株式会社","9145643634207","","","","","","","604-0086","京都府京都市中京区中之町36","","","","","","","","","","","","","","","6130001020202","","","",""
"株式会社オダカ","8768687789310","","","","","","","534-0016","大阪府大阪市都島区友渕町一丁目7-2 309号","","","","","","","","","","","","","","","9120001063901","","","",""
"有限会社小田繊維工業","1537984379330","","","","","","","594-0074","大阪府和泉市小田町三丁目11-3","","","","","","","","","","","","","","","4120102025078","","","",""
"株式会社小谷與商店","3469492328005","","","","","","","604-0000","京都市中京区猪熊通四条上る","","","","","","","","","","","","","","","5130001020772","","","",""
"株式会社おちあい","3762359308901","","","","","","","130-0022","東京都墨田区江東橋一丁目8-9","","","","","","","","","","","","","","","8010601024323","","","",""
"落合レース株式会社","2311870257683","","","","","","","103-0003","東京都中央区日本橋横山町8-13","","","","","","","","","","","","","","","8010001039797","","","",""
"小千谷織物同業協同組合","1229318133806","","","","","","","947-0028","新潟県小千谷市城内一丁目8-25","","","","","","","","","","","","","","","3110005012786","","","",""
"オーツカ株式会社","5823338732415","","","","","","","612-0029","京都府京都市伏見区深草西浦町四丁目68","","","","","","","","","","","","","","","7130001014046","","","",""
"小津産業株式会社","2840851224523","","","","","","","103-0023","東京都中央区日本橋本町三丁目6-2 小津本館ビル","","","","","","","","","","","","","","","8010001039269","","","",""
"オートヨ株式会社","5591299072459","","","","","","","491-0811","愛知県一宮市千秋町加納馬場378","","","","","","","","","","","","","","","1180001082291","","","",""
"株式会社小野商店","7092761350597","","","","","","","103-0011","東京都中央区日本橋大伝馬町2-10","","","","","","","","","","","","","","","9010001039284","","","",""
"尾道帆布株式会社","8124587679360","","","","","","","722-0062","広島県尾道市向東町1247","","","","","","","","","","","","","","","9240001037918","","","",""
"株式会社小野由","2808973695193","","","","","","","542-0081","大阪府大阪市中央区南船場三丁目11-5","","","","","","","","","","","","","","","3120001076297","","","",""
"株式会社オーバーシーズ","8837445762265","","","","","","","550-0003","大阪府大阪市西区京町堀一丁目16-28 W404","","","","","","","","","","","","","","","5120001128848","","","",""
"小原屋繊維株式会社","1143130296480","","","","","","","541-0055","大阪府大阪市中央区船場中央二丁目3-6 306号","","","","","","","","","","","","","","","5120001076295","","","",""
"オパレックス株式会社","1962713013634","","","","","","","491-0873","愛知県一宮市せんい三丁目9-9","","","","","","","","","","","","","","","7180001082352","","","",""
"株式会社おび工房","2734399472221","","","","","","","376-0013","群馬県桐生市広沢町一丁目2781-13","","","","","","","","","","","","","","","4070001015730","","","",""
"株式会社帯三京","3761096307280","","","","","","","150-0013","東京都渋谷区恵比寿三丁目9-15","","","","","","","","","","","","","","","3010901004632","","","",""
"株式会社帯清","7597574898787","","","","","","","602-0025","京都府京都市上京区裏風呂町360","","","","","","","","","","","","","","","2130001002708","","","",""
"有限会社帯屋捨松","7871285847455","","","","","","","602-8201","京都府京都市上京区桝屋町609","","","","","","","","","","","","","","","1130002002162","","","",""
"株式会社オファー","6095587465540","","","","","","","562-0035","大阪府箕面市船場東二丁目1-20","","","","","","","","","","","","","","","8120901027700","","","",""
"有限会社オブニ","7548290198059","","","","","","","136-0071","東京都江東区亀戸一丁目43-3","","","","","","","","","","","","","","","5010602024449","","","",""
"株式会社オプティジャパン","8989575658167","","","","","","","103-0001","東京都中央区日本橋小伝馬町8-1 F4ビル3階","","","","","","","","","","","","","","","9010002028939","","","",""
"阿江ハンカチーフ株式会社","8561740195313","","","","","","","679-0212","兵庫県加東市下滝野593-1","","","","","","","","","","","","","","","5140001074859","","","",""
"小山化学株式会社","7378928731323","","","","","","","323-0819","栃木県小山市大字横倉新田295","","","","","","","","","","","","","","","3060001014098","","","",""
"織伊合資会社","2896704490873","","","","","","","460-0003","愛知県名古屋市中区錦二丁目5-16","","","","","","","","","","","","","","","9180003004922","","","",""
"織悦株式会社","4293040645181","","","","","","","616-8003","京都府京都市右京区龍安寺池ノ下町1","","","","","","","","","","","","","","","7130001000426","","","",""
"株式会社ＯｒｉｅｔＫｙｏｔｏ","9069530824581","","","","","","","603-8179","京都府京都市北区紫竹上梅ノ木町6-2","","","","","","","","","","","","","","","7130001002975","","","",""
"有限会社織工房平井","5582033078914","","","","","","","602-8317","京都府京都市上京区東柳町557-4","","","","","","","","","","","","","","","8130002002148","","","",""
"株式会社織工房風美舎","4686710704852","","","","","","","910-0125","福井県福井市石盛二丁目606","","","","","","","","","","","","","","","3210001001493","","","",""
"有限会社織重","6727163674956","","","","","","","501-6026","岐阜県各務原市川島松原町423","","","","","","","","","","","","","","","6200002007678","","","",""
"有限会社織匠小平","5966620772831","","","","","","","603-0000","京都府京都市北区鷹峯藤林町6-322","","","","","","","","","","","","","","","6130002003503","","","",""
"株式会社オリジナークロスジャカード","5819083933467","","","","","","","923-0000","石川県小松市本江町ヘ5-1","","","","","","","","","","","","","","","1220001014174","","","",""
"株式会社織り善","6492908554365","","","","","","","603-8206","京都府京都市北区紫竹西南町58","","","","","","","","","","","","","","","3130001004496","","","",""
"織善松田織物有限会社","1706671899243","","","","","","","629-2504","京都府京丹後市大宮町善王寺1154-1","","","","","","","","","","","","","","","6130002033995","","","",""
"有限会社織路助左衛門","6069085004029","","","","","","","992-0054","山形県米沢市城西三丁目5-34","","","","","","","","","","","","","","","3390002012670","","","",""
"株式会社織司","6617694056734","","","","","","","604-8202","京都府京都市中京区突抜町132","","","","","","","","","","","","","","","2130001020230","","","",""
"株式会社オリテックス","8545033036912","","","","","","","145-0075","東京都大田区西嶺町14-18","","","","","","","","","","","","","","","9010801002383","","","",""
"株式会社織華佐竹","7265449199262","","","","","","","602-8416","京都府京都市上京区東千本町398","","","","","","","","","","","","","","","4130001002714","","","",""
"有限会社織彦商店","7098089293915","","","","","","","493-0007","愛知県一宮市木曽川町外割田西郷中22","","","","","","","","","","","","","","","8180002078530","","","",""
"織美株式会社","3659301160764","","","","","","","918-8239","福井県福井市成和一丁目1005-4","","","","","","","","","","","","","","","5210001000790","","","",""
"株式会社オリボー","3327998519258","","","","","","","153-0051","東京都目黒区上目黒四丁目41-8","","","","","","","","","","","","","","","7011001005212","","","",""
"株式会社織ものがたり","9413293368029","","","","","","","840-0823","佐賀県佐賀市柳町4-7","","","","","","","","","","","","","","","2300001008869","","","",""
"株式会社織物研究舎","9781639219033","","","","","","","500-8359","岐阜県岐阜市六条北二丁目10-13","","","","","","","","","","","","","","","6200001000923","","","",""
"株式会社織物工芸","1337318588628","","","","","","","541-0052","大阪府大阪市中央区安土町一丁目7-20 新トヤマビル9F","","","","","","","","","","","","","","","7120001102545","","","",""
"織和商事株式会社","8931984328348","","","","","","","910-0804","福井県福井市高木中央一丁目501-1","","","","","","","","","","","","","","","4210001000791","","","",""
"有限会社オーリンモード","1709585542435","","","","","","","131-0041","東京都墨田区八広一丁目1-6","","","","","","","","","","","","","","","4010602025679","","","",""
"株式会社オルセン","4287147988890","","","","","","","104-0045","東京都中央区築地一丁目12-22 コンワビル8F","","","","","","","","","","","","","","","4010901028515","","","",""
"有限会社オルテンシア","3360053233419","","","","","","","150-0034","東京都渋谷区代官山町3-13 エーデルハイム509","","","","","","","","","","","","","","","6011002033543","","","",""
"株式会社オルヌマン","8331014863602","","","","","","","111-0053","東京都台東区浅草橋四丁目10-8 8F","","","","","","","","","","","","","","","9010501002262","","","",""
"有限会社オルビット","7646019162229","","","","","","","270-1132","千葉県我孫子市湖北台二丁目2-5","","","","","","","","","","","","","","","7040002092463","","","",""
"株式会社オールブルー","6343126679508","","","","","","","711-0906","岡山県倉敷市児島下の町六丁目9-22","","","","","","","","","","","","","","","1260001024723","","","",""
"有限会社オレンジカウンティ","4943060330208","","","","","","","196-0022","東京都昭島市中神町一丁目4-18","","","","","","","","","","","","","","","3012802010593","","","",""
"有限会社恩田商店","1983364361100","","","","","","","502-0916","岐阜県岐阜市西中島三丁目12-20","","","","","","","","","","","","","","","1200002000869","","","",""
"カイハラ株式会社","4865758613327","","","","","","","729-3107","広島県福山市新市町大字常1450","","","","","","","","","","","","","","","4240001033590","","","",""
"カイハラ産業株式会社","1571972526232","","","","","","","729-3107","広島県福山市新市町大字常1450","","","","","","","","","","","","","","","3240001033591","","","",""
"海部産業株式会社","3317995207997","","","","","","","578-0982","大阪府東大阪市吉田本町二丁目5-17","","","","","","","","","","","","","","","9122001001361","","","",""
"海堀太織物株式会社","1700330476834","","","","","","","648-0094","和歌山県橋本市三石台三丁目22-1 406","","","","","","","","","","","","","","","4170001010614","","","",""
"加賀電装株式会社","3612483951565","","","","","","","922-0446","石川県加賀市塩浜町浜山1-8","","","","","","","","","","","","","","","2220001013134","","","",""
"柿田株式会社","9820759011395","","","","","","","540-0021","大阪府大阪市中央区大手通一丁目3-5","","","","","","","","","","","","","","","8120001076796","","","",""
"柿文織物株式会社","6664722905880","","","","","","","376-0011","群馬県桐生市相生町二丁目77","","","","","","","","","","","","","","","2070003001020","","","",""
"カクシン株式会社","4730798251012","","","","","","","943-0832","新潟県上越市本町七丁目2-3","","","","","","","","","","","","","","","1110001018913","","","",""
"株式会社角仲","2570300795815","","","","","","","651-0087","兵庫県神戸市中央区御幸通四丁目1-15","","","","","","","","","","","","","","","2140001006815","","","",""
"掛江織布株式会社","6966005343761","","","","","","","726-0013","広島県府中市高木町1357","","","","","","","","","","","","","","","7240001034157","","","",""
"筧毛織株式会社","6235363072752","","","","","","","494-0007","愛知県一宮市小信中島柳枯草場920-2","","","","","","","","","","","","","","","2180001084188","","","",""
"䕃山株式会社","9090912175494","","","","","","","541-0051","大阪府大阪市中央区備後町三丁目4-9 輸出繊維会館","","","","","","","","","","","","","","","8120001138349","","","",""
"陰山実業株式会社","8300131627764","","","","","","","675-0346","兵庫県加古川市志方町西中210","","","","","","","","","","","","","","","7140001042822","","","",""
"株式会社葛西","3368448360164","","","","","","","544-0022","大阪府大阪市生野区舎利寺三丁目3-17","","","","","","","","","","","","","","","5120001017134","","","",""
"株式会社カサ川","3291786524130","","","","","","","911-0053","福井県勝山市北郷町森川36-1","","","","","","","","","","","","","","","7210001010012","","","",""
"笠川産業有限会社","3805059573417","","","","","","","911-0054","福井県勝山市北郷町東野23-67","","","","","","","","","","","","","","","2210002009743","","","",""
"笠原細巾織物株式会社","1817193672533","","","","","","","430-0807","静岡県浜松市中央区佐藤二丁目28-28","","","","","","","","","","","","","","","2080401001199","","","",""
"かざぜん株式会社","2162344736184","","","","","","","940-0216","新潟県長岡市栃尾新町1-6","","","","","","","","","","","","","","","6110001024378","","","",""
"樫原株式会社","2329266797620","","","","","","","543-0023","大阪府大阪市天王寺区味原町9-17","","","","","","","","","","","","","","","9120001022857","","","",""
"株式会社華集","7349564763795","","","","","","","180-0003","東京都武蔵野市吉祥寺南町三丁目1-1","","","","","","","","","","","","","","","4012401010977","","","",""
"加庄毛織株式会社","7275413103262","","","","","","","494-0007","愛知県一宮市小信中島宮前831","","","","","","","","","","","","","","","8180001084190","","","",""
"有限会社柏木織物","7132830404572","","","","","","","403-0022","山梨県南都留郡西桂町小沼1811","","","","","","","","","","","","","","","1090002013288","","","",""
"柏屋商事株式会社","3546853302451","","","","","","","500-8845","岐阜県岐阜市問屋町二丁目4","","","","","","","","","","","","","","","2200001000984","","","",""
"梶井綿業株式会社","3607207232487","","","","","","","541-0054","大阪府大阪市中央区南本町一丁目8-14 JRE堺筋本町ビル5階","","","","","","","","","","","","","","","3120901020362","","","",""
"加地金襴株式会社","6108525570621","","","","","","","602-0099","京都府京都市上京区竪社南半町225","","","","","","","","","","","","","","","6130001004519","","","",""
"有限会社梶匠","6517701008290","","","","","","","518-0434","三重県名張市つつじが丘北四番町160","","","","","","","","","","","","","","","3190002012955","","","",""
"有限会社鍛示商店","7969775857456","","","","","","","602-8354","京都府京都市上京区西東町366","","","","","","","","","","","","","","","9130002002188","","","",""
"カジナイロン株式会社","7715852532407","","","","","","","920-0000","石川県金沢市梅田町ハ48","","","","","","","","","","","","","","","9220001001776","","","",""
"加島株式会社","5786935495590","","","","","","","101-0032","東京都千代田区岩本町二丁目7-11","","","","","","","","","","","","","","","3010001013492","","","",""
"カジレーネ株式会社","4912661562250","","","","","","","929-1215","石川県かほく市高松75-2","","","","","","","","","","","","","","","1220001017375","","","",""
"株式会社春日テックス","1700451906921","","","","","","","489-0962","愛知県瀬戸市大坪町199-1","","","","","","","","","","","","","","","5180001025073","","","",""
"華杉株式会社","1891675493897","","","","","","","103-0023","東京都中央区日本橋本町四丁目9-3 日本橋本町東石ビル7階","","","","","","","","","","","","","","","6120001113188","","","",""
"株式会社加寿美","7852358942537","","","","","","","525-0059","滋賀県草津市野路二丁目4-1","","","","","","","","","","","","","","","6160001012725","","","",""
"片岡興業有限会社","9666576787194","","","","","","","496-0813","愛知県津島市片岡町60","","","","","","","","","","","","","","","4180002089218","","","",""
"株式会社カタヤマ","5461433231085","","","","","","","111-0055","東京都台東区三筋二丁目20-4","","","","","","","","","","","","","","","5010501002712","","","",""
"片山衣料株式会社","9967941752646","","","","","","","424-0832","静岡県静岡市清水区入江南町15-28","","","","","","","","","","","","","","","9080001007846","","","",""
"株式会社片山商店","9958832128107","","","","","","","604-8166","京都府京都市中京区御倉町64","","","","","","","","","","","","","","","6130001006135","","","",""
"片山繊維株式会社","3172920744541","","","","","","","596-0036","大阪府岸和田市春木南浜町9-2","","","","","","","","","","","","","","","5120001177184","","","",""
"片山撚糸株式会社","8899054402382","","","","","","","491-0046","愛知県一宮市天王三丁目3-33","","","","","","","","","","","","","","","2180001082415","","","",""
"有限会社片山ファイバー","8827620984167","","","","","","","131-0043","東京都墨田区立花三丁目27-3","","","","","","","","","","","","","","","6010602009341","","","",""
"株式会社片山文三郎商店","8616942661344","","","","","","","604-8151","京都府京都市中京区橋弁慶町221","","","","","","","","","","","","","","","9130001056788","","","",""
"株式会社勝野商店","3976717340637","","","","","","","501-6087","岐阜県羽島郡笠松町大池町20-1","","","","","","","","","","","","","","","8200001010862","","","",""
"株式会社勝俣商店","7130123720152","","","","","","","403-0002","山梨県富士吉田市小明見1606","","","","","","","","","","","","","","","3090001009624","","","",""
"有限会社勝村商店","4313873355714","","","","","","","131-0033","東京都墨田区向島三丁目24-1","","","","","","","","","","","","","","","4010502002786","","","",""
"勝山織物株式会社","9849776532793","","","","","","","603-8373","京都府京都市北区衣笠北高橋町30","","","","","","","","","","","","","","","4130001004520","","","",""
"株式会社勝山商店","5336442829801","","","","","","","603-8313","京都府京都市北区紫野下柏野町55-10","","","","","","","","","","","","","","","3130001004521","","","",""
"勝山松文繊維サービス有限会社","1939185239353","","","","","","","911-0803","福井県勝山市旭町一丁目4-70","","","","","","","","","","","","","","","7210002009747","","","",""
"株式会社桂商店","7037149067451","","","","","","","604-8151","京都府京都市中京区橋弁慶町215","","","","","","","","","","","","","","","9130001020281","","","",""
"株式会社カトウ","9681085399065","","","","","","","910-0804","福井県福井市高木中央一丁目2215-3","","","","","","","","","","","","","","","1210001000877","","","",""
"加藤株式会社","5060380324290","","","","","","","101-0047","東京都千代田区内神田二丁目5-6 亀田ビル","","","","","","","","","","","","","","","9010001013479","","","",""
"加藤織物株式会社","3025032565526","","","","","","","501-6232","岐阜県羽島市竹鼻町狐穴1253","","","","","","","","","","","","","","","4200001010866","","","",""
"加藤兄弟株式会社","8030489911298","","","","","","","915-0243","福井県越前市千原町1-22","","","","","","","","","","","","","","","7210001012149","","","",""
"株式会社加藤定一商店","1841204644439","","","","","","","460-0008","愛知県名古屋市中区栄五丁目19-4","","","","","","","","","","","","","","","3180001035198","","","",""
"有限会社加藤幸商店","5287351187571","","","","","","","452-0801","愛知県名古屋市西区清里町107","","","","","","","","","","","","","","","6180002023018","","","",""
"有限会社加藤絞り工芸","8001263971702","","","","","","","600-8441","京都府京都市下京区四条町370-1","","","","","","","","","","","","","","","9130002019141","","","",""
"株式会社加藤商店","3643237013818","","","","","","","604-0081","京都府京都市中京区田中町129-5","","","","","","","","","","","","","","","5130001020293","","","",""
"株式会社加藤商店","3973841412589","","","","","","","602-0902","京都府京都市上京区梅屋町475","","","","","","","","","","","","","","","3130001025344","","","",""
"株式会社加藤重","1232832780323","","","","","","","604-8104","京都府京都市中京区木之下町298","","","","","","","","","","","","","","","1130001020289","","","",""
"有限会社加藤繊維","1940953574353","","","","","","","490-1144","愛知県海部郡大治町大字西條附田100-1","","","","","","","","","","","","","","","2180002027385","","","",""
"加藤太織物株式会社","2669846700135","","","","","","","602-0046","京都府京都市上京区西大路町75","","","","","","","","","","","","","","","4130001002739","","","",""
"カトウテキスタイル有限会社","7550077998014","","","","","","","496-8015","愛知県愛西市草平町新佐屋川98-1","","","","","","","","","","","","","","","3180002090382","","","",""
"株式会社加藤テキスタイル事務所","5264956899596","","","","","","","494-0006","愛知県一宮市起西生出10","","","","","","","","","","","","","","","4180001084194","","","",""
"株式会社加藤人形","8960940500973","","","","","","","462-0023","愛知県名古屋市北区安井一丁目2-10","","","","","","","","","","","","","","","8180001051736","","","",""
"株式会社加藤政商店","2397614405447","","","","","","","501-6001","岐阜県羽島郡岐南町上印食五丁目91","","","","","","","","","","","","","","","1200001001001","","","",""
"株式会社加藤実商店","5222046893116","","","","","","","103-0002","東京都中央区日本橋馬喰町二丁目3-4","","","","","","","","","","","","","","","7010001040095","","","",""
"株式会社加藤洋行","7259569259278","","","","","","","460-0002","愛知県名古屋市中区丸の内一丁目8-32","","","","","","","","","","","","","","","3180001035181","","","",""
"加富織物株式会社","2597330350725","","","","","","","679-0103","兵庫県加西市別府町甲2068","","","","","","","","","","","","","","","9140001076141","","","",""
"株式会社香取商店","7312660015341","","","","","","","103-0001","東京都中央区日本橋小伝馬町16-6","","","","","","","","","","","","","","","5010001040411","","","",""
"角野晒染株式会社","1379470037019","","","","","","","593-8322","大阪府堺市西区津久野町三丁32-1","","","","","","","","","","","","","","","9120101002305","","","",""
"角屋株式会社","4858360550986","","","","","","","948-0082","新潟県十日町市本町二丁目340","","","","","","","","","","","","","","","4110001020924","","","",""
"門脇織物株式会社","2140209222789","","","","","","","677-0121","兵庫県多可郡多可町八千代区中野間849","","","","","","","","","","","","","","","1140001075415","","","",""
"カナガワ株式会社","3917672030905","","","","","","","243-0306","神奈川県愛甲郡愛川町田代437","","","","","","","","","","","","","","","4021001020741","","","",""
"金山レース株式会社","7538127505248","","","","","","","505-0026","岐阜県美濃加茂市清水町一丁目4-15","","","","","","","","","","","","","","","2200001017095","","","",""
"カネイ株式会社","2814153423393","","","","","","","103-0004","東京都中央区東日本橋二丁目4-5","","","","","","","","","","","","","","","1010001105416","","","",""
"金子株式会社","9093242946541","","","","","","","822-0017","福岡県直方市殿町10-42","","","","","","","","","","","","","","","1290801014136","","","",""
"有限会社カネコ","9086142691457","","","","","","","550-0005","大阪府大阪市西区西本町一丁目12-19 清友ビル","","","","","","","","","","","","","","","3120002021566","","","",""
"株式会社金子絲店","7099491945622","","","","","","","111-0053","東京都台東区浅草橋三丁目1-9 浅草橋金子ビル8F","","","","","","","","","","","","","","","3010501002680","","","",""
"金子織物有限会社","4868170441077","","","","","","","433-8123","静岡県浜松市中央区幸一丁目4-21","","","","","","","","","","","","","","","8080402002109","","","",""
"カネタ織物株式会社","5657448971772","","","","","","","437-1303","静岡県掛川市沖之須1358-1","","","","","","","","","","","","","","","9080401014723","","","",""
"カネタ織物合資会社","5655475258674","","","","","","","437-1204","静岡県磐田市福田中島800-1","","","","","","","","","","","","","","","8080403002495","","","",""
"有限会社金戸繊維","9154366794739","","","","","","","923-0964","石川県小松市今江町七丁目25","","","","","","","","","","","","","","","9220002010405","","","",""
"カネニ株式会社","7297067881581","","","","","","","470-2104","愛知県知多郡東浦町大字生路門田100","","","","","","","","","","","","","","","6180001092880","","","",""
"株式会社カネハシ","3194481000714","","","","","","","131-0033","東京都墨田区向島一丁目8-2 グリーンハイツ隅田公園102号室","","","","","","","","","","","","","","","1010501016773","","","",""
"株式会社金原パイル工業","7481162378637","","","","","","","601-8354","京都府京都市南区吉祥院仁木ノ森町46","","","","","","","","","","","","","","","4130001010279","","","",""
"株式会社カネヒサコーポレーション","2840064686394","","","","","","","920-0022","石川県金沢市北安江四丁目11-18","","","","","","","","","","","","","","","9220001008565","","","",""
"有限会社かねひら糸平","9805995391991","","","","","","","041-0801","北海道函館市桔梗町435-446","","","","","","","","","","","","","","","8440002001052","","","",""
"カネマキ株式会社","5878797554272","","","","","","","918-8219","福井県福井市フェア河増二丁目2","","","","","","","","","","","","","","","8210001009656","","","",""
"株式会社兼松商店","9109448884371","","","","","","","452-0805","愛知県名古屋市西区市場木町316","","","","","","","","","","","","","","","7180001025121","","","",""
"有限会社金森商店","4167160898361","","","","","","","457-0022","愛知県名古屋市南区明円町328","","","","","","","","","","","","","","","7180002013521","","","",""
"株式会社金泰","4922090557825","","","","","","","661-0023","兵庫県尼崎市大西町三丁目7-24","","","","","","","","","","","","","","","9140001048322","","","",""
"カネヨウ株式会社","2337118745359","","","","","","","541-0047","大阪府大阪市中央区淡路町四丁目2-13","","","","","","","","","","","","","","","2120001077387","","","",""
"株式会社加納幸","3754088252662","","","","","","","602-0057","京都府京都市上京区堀之上町20","","","","","","","","","","","","","","","3130001002748","","","",""
"株式会社叶綿業","2596806111730","","","","","","","542-0081","大阪府大阪市中央区南船場一丁目7-12","","","","","","","","","","","","","","","9120001077018","","","",""
"株式会社カノン","2495739317915","","","","","","","331-0805","埼玉県さいたま市北区盆栽町119-1","","","","","","","","","","","","","","","1011001005696","","","",""
"有限会社加冨登","5303130179969","","","","","","","918-8016","福井県福井市江端町37-43-2","","","","","","","","","","","","","","","3210002000957","","","",""
"株式会社可部寅呉服店","3359797688229","","","","","","","732-0824","広島県広島市南区的場町一丁目7-20","","","","","","","","","","","","","","","3240001002340","","","",""
"加美サイジング株式会社","2892426973912","","","","","","","679-1201","兵庫県多可郡多可町加美区豊部15","","","","","","","","","","","","","","","2140005017230","","","",""
"有限会社神乃染織","4041841321114","","","","","","","344-0062","埼玉県春日部市粕壁東五丁目3-26","","","","","","","","","","","","","","","4030002071140","","","",""
"株式会社上村商店","9843963203137","","","","","","","890-0055","鹿児島県鹿児島市上荒田町17-36","","","","","","","","","","","","","","","4340001001216","","","",""
"株式会社上山織物","8641718859558","","","","","","","376-0002","群馬県桐生市境野町一丁目1256-5","","","","","","","","","","","","","","","3070001016977","","","",""
"亀井株式会社","6451128508504","","","","","","","602-8448","京都府京都市上京区元北小路町149","","","","","","","","","","","","","","","8130001002776","","","",""
"有限会社亀高","1794264597520","","","","","","","713-8102","岡山県倉敷市玉島一丁目8-27","","","","","","","","","","","","","","","5260002017458","","","",""
"亀田輸出織物協同組合","9431965124340","","","","","","","950-0134","新潟県新潟市江南区曙町三丁目6-1","","","","","","","","","","","","","","","9110005001602","","","",""
"亀山株式会社","9080171750967","","","","","","","327-0012","栃木県佐野市大蔵町2969","","","","","","","","","","","","","","","7060001020290","","","",""
"加茂企業株式会社","4857420297461","","","","","","","505-0016","岐阜県美濃加茂市牧野1878","","","","","","","","","","","","","","","1200001017096","","","",""
"株式会社萱澤商店","5970744243089","","","","","","","635-0034","奈良県大和高田市東三倉堂町11-10","","","","","","","","","","","","","","","4150001012562","","","",""
"萱野織物株式会社","8849206255089","","","","","","","648-0043","和歌山県橋本市学文路46","","","","","","","","","","","","","","","9170001010931","","","",""
"唐川織物有限会社","6578283513217","","","","","","","726-0012","広島県府中市中須町923","","","","","","","","","","","","","","","1240002046710","","","",""
"株式会社カラキ","6509626127798","","","","","","","133-0051","東京都江戸川区北小岩七丁目24-6","","","","","","","","","","","","","","","2011701002240","","","",""
"株式会社香楽成屋","2763752055722","","","","","","","610-0121","京都府城陽市寺田今堀155-28","","","","","","","","","","","","","","","2130001038545","","","",""
"刈谷紙工株式会社","3701786995930","","","","","","","781-2152","高知県高岡郡日高村沖名539-13","","","","","","","","","","","","","","","4490001005350","","","",""
"刈谷織布株式会社","6803275541043","","","","","","","460-0008","愛知県名古屋市中区栄三丁目31-13 加地ビル303","","","","","","","","","","","","","","","3180301013861","","","",""
"合資会社苅安毛織","5091826277744","","","","","","","491-0051","愛知県一宮市今伊勢町馬寄中切9","","","","","","","","","","","","","","","7180003011615","","","",""
"株式会社カルクイント","4194322490299","","","","","","","532-0002","大阪府大阪市淀川区東三国五丁目11-20","","","","","","","","","","","","","","","6120001054556","","","",""
"株式会社カワイ","4205748794190","","","","","","","430-0919","静岡県浜松市中央区野口町552","","","","","","","","","","","","","","","2080401006438","","","",""
"川井建材株式会社","9450649289685","","","","","","","918-8106","福井県福井市木田町2007-1","","","","","","","","","","","","","","","9210001000770","","","",""
"株式会社カワイ繊維","9793913146089","","","","","","","541-0055","大阪府大阪市中央区船場中央二丁目2-5 109号","","","","","","","","","","","","","","","1120001077116","","","",""
"有限会社川井ナーセリー","5298988748874","","","","","","","493-0001","愛知県一宮市木曽川町黒田城西3","","","","","","","","","","","","","","","9180002078629","","","",""
"河合美術織物株式会社","1693483877891","","","","","","","602-0035","京都府京都市上京区畠山町201","","","","","","","","","","","","","","","8130001025934","","","",""
"株式会社川内テキスタイル","6275233008906","","","","","","","541-0048","大阪府大阪市中央区瓦町三丁目4-9 ステーツ本町902号","","","","","","","","","","","","","","","8120001077150","","","",""
"株式会社川栄","8263815706037","","","","","","","403-0023","山梨県南都留郡西桂町倉見288","","","","","","","","","","","","","","","9090001010502","","","",""
"川英織物株式会社","4257996390822","","","","","","","198-0036","東京都青梅市河辺町二丁目981","","","","","","","","","","","","","","","8013101003516","","","",""
"川勝株式会社","6360939163685","","","","","","","595-0024","大阪府泉大津市池浦町一丁目4-17","","","","","","","","","","","","","","","7120101042229","","","",""
"川勝商事株式会社","5565294339878","","","","","","","604-0856","京都府京都市中京区北小路町95-2","","","","","","","","","","","","","","","5130001016911","","","",""
"川上株式会社","5944454044704","","","","","","","595-0066","大阪府泉大津市菅原町7-26","","","","","","","","","","","","","","","5120101042230","","","",""
"川上織物株式会社","6298347915947","","","","","","","677-0131","兵庫県多可郡多可町八千代区下三原231-1","","","","","","","","","","","","","","","9140001075424","","","",""
"有限会社川上織物修整","9406045149403","","","","","","","443-0011","愛知県蒲郡市豊岡町平田門26-2","","","","","","","","","","","","","","","5180302015277","","","",""
"株式会社川上紙工","6491725804429","","","","","","","577-0013","大阪府東大阪市長田中四丁目4-8","","","","","","","","","","","","","","","5122001001506","","","",""
"川亀毛織合資会社","5216863347916","","","","","","","496-8019","愛知県愛西市西川端町広口126","","","","","","","","","","","","","","","1180003013600","","","",""
"川口織布株式会社","7720997052578","","","","","","","649-6124","和歌山県紀の川市桃山町市場38-4","","","","","","","","","","","","","","","4170001007759","","","",""
"株式会社川口絹織","4461376761801","","","","","","","600-8474","京都府京都市下京区綾西洞院町730","","","","","","","","","","","","","","","1130001016915","","","",""
"川口産業株式会社","1502345137542","","","","","","","453-0818","愛知県名古屋市中村区千成通五丁目10","","","","","","","","","","","","","","","9180001029905","","","",""
"株式会社河口商店","8788153673227","","","","","","","306-0023","茨城県古河市本町二丁目1-6","","","","","","","","","","","","","","","7050001018328","","","",""
"川賢株式会社","4136637866153","","","","","","","460-0003","愛知県名古屋市中区錦三丁目2-29","","","","","","","","","","","","","","","1180001035299","","","",""
"川越政株式会社","3417554218586","","","","","","","541-0056","大阪府大阪市中央区久太郎町一丁目9-18 三栄ビル9F","","","","","","","","","","","","","","","8120001077134","","","",""
"株式会社カワサ","5478543255562","","","","","","","919-0506","福井県坂井市坂井町定旨4-48","","","","","","","","","","","","","","","9210001008418","","","",""
"川崎株式会社","2737072962632","","","","","","","929-0341","石川県河北郡津幡町字横浜ろ1","","","","","","","","","","","","","","","8220001001942","","","",""
"川島商事株式会社","5025330514102","","","","","","","540-0018","大阪府大阪市中央区粉川町5-18","","","","","","","","","","","","","","","5120001077153","","","",""
"川島織布株式会社","1191229905336","","","","","","","520-1501","滋賀県高島市新旭町旭1980-1","","","","","","","","","","","","","","","8160001011849","","","",""
"有限会社川島安","3608404721782","","","","","","","520-3301","滋賀県甲賀市甲南町寺庄1167","","","","","","","","","","","","","","","1160002005559","","","",""
"川下株式会社","2616951252482","","","","","","","432-8055","静岡県浜松市中央区卸本町34","","","","","","","","","","","","","","","5080401001353","","","",""
"株式会社川瀬商会","8893565400451","","","","","","","104-0033","東京都中央区新川二丁目12-13 松下ビル4階","","","","","","","","","","","","","","","3050001028330","","","",""
"株式会社川瀬商店","8970766069376","","","","","","","545-0021","大阪府大阪市阿倍野区阪南町七丁目5-8","","","","","","","","","","","","","","","4120001005065","","","",""
"河瀬満織物株式会社","3933380100457","","","","","","","602-8493","京都府京都市上京区中猪熊町331","","","","","","","","","","","","","","","5130001002770","","","",""
"株式会社川繊","9306005593029","","","","","","","933-0804","富山県高岡市問屋町248","","","","","","","","","","","","","","","7230001009886","","","",""
"カワセン株式会社","4803588423021","","","","","","","939-1732","富山県南砺市荒木1044-2","","","","","","","","","","","","","","","1230001008704","","","",""
"河善毛織株式会社","8265498037962","","","","","","","501-6241","岐阜県羽島市竹鼻町3237-1","","","","","","","","","","","","","","","9200001010894","","","",""
"合資会社川手商店","7526825534999","","","","","","","111-0053","東京都台東区浅草橋二丁目25-3","","","","","","","","","","","","","","","2010503000626","","","",""
"川徳商事株式会社","9764578964446","","","","","","","602-8441","京都府京都市上京区観世町124","","","","","","","","","","","","","","","3130001002772","","","",""
"株式会社　カワナ","7869466396595","","","","","","","111-0024","東京都台東区今戸二丁目16-4","","","","","","","","","","","","","","","1010501019363","","","",""
"有限会社川中織物","7759826458057","","","","","","","928-0043","石川県輪島市房田町20-11","","","","","","","","","","","","","","","7220002015496","","","",""
"河野織布株式会社","5274352153216","","","","","","","594-1156","大阪府和泉市内田町三丁目5-8","","","","","","","","","","","","","","","5120101041323","","","",""
"株式会社川原","9647939351483","","","","","","","116-0014","東京都荒川区東日暮里五丁目33-7 ハイツ川原","","","","","","","","","","","","","","","7011501006049","","","",""
"河原紙業株式会社","2806607766815","","","","","","","607-8194","京都府京都市山科区大宅桟敷2-6","","","","","","","","","","","","","","","1130001012518","","","",""
"川端有限会社","3065512865829","","","","","","","602-8454","京都府京都市上京区今出川町460","","","","","","","","","","","","","","","6130002002224","","","",""
"河辺株式会社","7785469041473","","","","","","","635-0095","奈良県大和高田市大字大中108-1","","","","","","","","","","","","","","","5150001012553","","","",""
"川南商事株式会社","8482658094715","","","","","","","600-0000","京都府京都市下京区玉津島町316-2","","","","","","","","","","","","","","","5130001016928","","","",""
"株式会社かわむら","1172324983990","","","","","","","633-0253","奈良県宇陀市榛原萩原2843-26","","","","","","","","","","","","","","","9150001009868","","","",""
"川村株式会社","3484005310852","","","","","","","376-0035","群馬県桐生市仲町三丁目15-6","","","","","","","","","","","","","","","6070001015794","","","",""
"有限会社川村商店","3746122893973","","","","","","","891-0405","鹿児島県指宿市湊四丁目2-11","","","","","","","","","","","","","","","2340002018590","","","",""
"カワムラテキスタイル株式会社","9441698168114","","","","","","","150-0011","東京都渋谷区東一丁目12-11 ヴェルデュール1階103号","","","","","","","","","","","","","","","3011001105370","","","",""
"カンキ化工材有限会社","5355734695342","","","","","","","183-0014","東京都府中市是政四丁目2-87","","","","","","","","","","","","","","","7012402000677","","","",""
"株式会社神吉商店","3257227145912","","","","","","","675-0057","兵庫県加古川市東神吉町神吉1640","","","","","","","","","","","","","","","7140001042806","","","",""
"関西糸業株式会社","9731178759415","","","","","","","600-8402","京都府京都市下京区大江町550","","","","","","","","","","","","","","","7130001019350","","","",""
"株式会社関西テント","5849102114803","","","","","","","587-0062","大阪府堺市美原区太井83-1","","","","","","","","","","","","","","","6120101021778","","","",""
"関西フエルトファブリック株式会社","2580412597621","","","","","","","530-0055","大阪府大阪市北区野崎町7-16","","","","","","","","","","","","","","","7120001062624","","","",""
"関信株式会社","8051009363067","","","","","","","124-0012","東京都葛飾区立石八丁目43-13","","","","","","","","","","","","","","","5010001039973","","","",""
"有限会社神田秋田屋","5091462231954","","","","","","","101-0032","東京都千代田区岩本町二丁目5-3 アヤティカビル1F","","","","","","","","","","","","","","","3010002008921","","","",""
"神田織物修整有限会社","3949577134317","","","","","","","494-0006","愛知県一宮市起河田揚19","","","","","","","","","","","","","","","8180002078167","","","",""
"神野株式会社","4423124336617","","","","","","","540-0038","大阪府大阪市中央区内淡路町一丁目1-5","","","","","","","","","","","","","","","7120001077036","","","",""
"株式会社カンベ","5206661108072","","","","","","","601-8115","京都府京都市南区上鳥羽尻切町5","","","","","","","","","","","","","","","3130001010305","","","",""
"カンボウプラス株式会社","7478321690402","","","","","","","541-0054","大阪府大阪市中央区南本町一丁目8-14 JRE堺筋本町ビル8階","","","","","","","","","","","","","","","5120001077244","","","",""
"有限会社ガリバー","1588338777229","","","","","","","130-0023","東京都墨田区立川三丁目8-5","","","","","","","","","","","","","","","4010602021513","","","",""
"有限会社木㔟織物","1021923263930","","","","","","","912-0053","福井県大野市春日一丁目1-25","","","","","","","","","","","","","","","8210002009416","","","",""
"株式会社キカワ","1447755048159","","","","","","","271-0093","千葉県松戸市小山356-1","","","","","","","","","","","","","","","4040001035186","","","",""
"株式会社貴久樹","4883305682195","","","","","","","604-8213","京都府京都市中京区姥柳町203","","","","","","","","","","","","","","","4140001007051","","","",""
"木崎金糸株式会社","1852256880597","","","","","","","601-1123","京都府京都市左京区静市市原町1291-25","","","","","","","","","","","","","","","4130001004578","","","",""
"株式会社奇山","3851841935950","","","","","","","600-8177","京都府京都市下京区大坂町392","","","","","","","","","","","","","","","5130001016952","","","",""
"株式会社岸工業九州","4275392977169","","","","","","","861-2101","熊本県熊本市東区桜木一丁目16-15","","","","","","","","","","","","","","","9330001000899","","","",""
"岸田株式会社","9820418231803","","","","","","","602-8446","京都府京都市上京区五辻町80","","","","","","","","","","","","","","","1130001002790","","","",""
"株式会社来住忠商店","1023001748272","","","","","","","435-0052","静岡県浜松市中央区天王町1990-1","","","","","","","","","","","","","","","5080401005726","","","",""
"株式会社岸本商店","8814230784785","","","","","","","604-8223","京都府京都市中京区小結棚町431","","","","","","","","","","","","","","","7130001020382","","","",""
"株式会社きしょう","5388571799864","","","","","","","600-8424","京都府京都市下京区山王町540","","","","","","","","","","","","","","","6130001016992","","","",""
"株式会社貴裳苑","5364489181495","","","","","","","604-0943","京都府京都市中京区上白山町241","","","","","","","","","","","","","","","5130001020384","","","",""
"記祥織物株式会社","4802682375439","","","","","","","954-0055","新潟県見附市嶺崎一丁目9-17","","","","","","","","","","","","","","","5110001030096","","","",""
"来住織物合名会社","4140184230883","","","","","","","677-0015","兵庫県西脇市西脇930","","","","","","","","","","","","","","","6140003007997","","","",""
"有限会社北岡シャーリング工業","3394909527116","","","","","","","648-0084","和歌山県橋本市柏原109","","","","","","","","","","","","","","","4170002010902","","","",""
"株式会社北織","2684186109767","","","","","","","604-8241","京都府京都市中京区釜座町21","","","","","","","","","","","","","","","7130001020390","","","",""
"株式会社北川","8059616565435","","","","","","","602-8449","京都府京都市上京区横大宮町200-1","","","","","","","","","","","","","","","6130001002794","","","",""
"北川株式会社","3488682629512","","","","","","","460-0024","愛知県名古屋市中区正木一丁目15-10","","","","","","","","","","","","","","","3180001035388","","","",""
"キタガワ株式会社","4160899484644","","","","","","","241-0005","神奈川県横浜市旭区白根二丁目14-7","","","","","","","","","","","","","","","7020001004933","","","",""
"北川株式会社","3862509025804","","","","","","","604-8211","京都府京都市中京区玉蔵町118","","","","","","","","","","","","","","","6130001020391","","","",""
"北川株式会社","4141370510785","","","","","","","326-0067","栃木県足利市江川町二丁目19-13","","","","","","","","","","","","","","","8060001018516","","","",""
"有限会社キタガワ","8862752831390","","","","","","","920-0200","石川県河北郡内灘町字向粟崎一丁目238","","","","","","","","","","","","","","","5220002016273","","","",""
"株式会社北川実商店","7024791592881","","","","","","","103-0007","東京都中央区日本橋浜町三丁目32-3 1304号","","","","","","","","","","","","","","","1010001040836","","","",""
"北川義株式会社","9226286446429","","","","","","","526-0031","滋賀県長浜市八幡東町617-1","","","","","","","","","","","","","","","6160001006553","","","",""
"有限会社キタコーセンイ","4511343527024","","","","","","","920-0272","石川県河北郡内灘町字向陽台二丁目263","","","","","","","","","","","","","","","4220002016274","","","",""
"北三高和株式会社","9221728751578","","","","","","","001-0020","北海道札幌市北区北二十条西三丁目1-17 江洋ビル1階","","","","","","","","","","","","","","","1430001024904","","","",""
"株式会社きたつみ","7437496559272","","","","","","","604-8277","京都府京都市中京区三坊西洞院町552","","","","","","","","","","","","","","","9130001020397","","","",""
"株式会社北出工芸","6087247689471","","","","","","","602-8026","京都府京都市上京区春帯町354","","","","","","","","","","","","","","","3130001002797","","","",""
"有限会社北出ジャガード織物","5186445964180","","","","","","","923-0982","石川県小松市松崎町ホ269","","","","","","","","","","","","","","","7220002011900","","","",""
"北橋商工株式会社","4082851395996","","","","","","","578-0963","大阪府東大阪市新庄二丁目1-36","","","","","","","","","","","","","","","8122001001791","","","",""
"北浜産業株式会社","8695121671832","","","","","","","235-0045","神奈川県横浜市磯子区洋光台三丁目1-21","","","","","","","","","","","","","","","2020001040339","","","",""
"北畠株式会社","9941729734872","","","","","","","600-8322","京都府京都市下京区小柳町500-3","","","","","","","","","","","","","","","5130001016960","","","",""
"北洞株式会社","7438803365365","","","","","","","602-8131","京都府京都市上京区長尾町95","","","","","","","","","","","","","","","2130001002798","","","",""
"木玉毛織株式会社","9255308602138","","","","","","","494-0011","愛知県一宮市西萩原上沼40","","","","","","","","","","","","","","","2180001084205","","","",""
"きたむら株式会社","4218669466628","","","","","","","475-0836","愛知県半田市青山六丁目2-13","","","","","","","","","","","","","","","7180001091659","","","",""
"有限会社きたむら","1323163156876","","","","","","","602-8481","京都府京都市上京区聖天町37","","","","","","","","","","","","","","","9130002002246","","","",""
"北村製布株式会社","4815789874947","","","","","","","303-0023","茨城県常総市水海道宝町3390","","","","","","","","","","","","","","","3050001029378","","","",""
"有限会社來山商店","7242434090913","","","","","","","720-0062","広島県福山市伏見町3-23","","","","","","","","","","","","","","","5240002040189","","","",""
"北山甚株式会社","2958996306833","","","","","","","543-0035","大阪府大阪市天王寺区北山町1-13","","","","","","","","","","","","","","","1120001023012","","","",""
"合資会社橘高兄弟商会","7772487554504","","","","","","","726-0012","広島県府中市中須町931","","","","","","","","","","","","","","","9240003001748","","","",""
"株式会社キット","3921683788121","","","","","","","132-0035","東京都江戸川区平井六丁目23-17 ウィザードビル401","","","","","","","","","","","","","","","6011001027918","","","",""
"有限会社木豊工場","2356207785825","","","","","","","940-0224","新潟県長岡市東町4-1","","","","","","","","","","","","","","","9110002031073","","","",""
"有限会社紀南莫大小工場","5408558655831","","","","","","","641-0011","和歌山県和歌山市三葛156","","","","","","","","","","","","","","","7170002001139","","","",""
"絹小沢株式会社","3688076196771","","","","","","","370-0006","群馬県高崎市問屋町三丁目5-3","","","","","","","","","","","","","","","7070001006603","","","",""
"株式会社絹さく良","5483133610645","","","","","","","604-8304","京都府京都市中京区織物屋町229-2","","","","","","","","","","","","","","","4130001020410","","","",""
"有限会社きぬさや","9815401245098","","","","","","","526-0017","滋賀県長浜市相撲町1100-82","","","","","","","","","","","","","","","8160002006443","","","",""
"株式会社きぬたや","6355287214598","","","","","","","193-0832","東京都八王子市散田町三丁目20-10","","","","","","","","","","","","","","","7010101000949","","","",""
"株式会社絹友","7554203855556","","","","","","","818-0117","福岡県太宰府市宰府一丁目2-25","","","","","","","","","","","","","","","3290001040658","","","",""
"有限会社絹屋","8410996017933","","","","","","","113-0031","東京都文京区根津二丁目19-12","","","","","","","","","","","","","","","7010002001749","","","",""
"株式会社絹や","3053303791581","","","","","","","770-0831","徳島県徳島市寺島本町西二丁目35-1","","","","","","","","","","","","","","","7480001000515","","","",""
"木野織物株式会社","4142033580658","","","","","","","602-0017","京都府京都市上京区上木下町76","","","","","","","","","","","","","","","3130001002814","","","",""
"木野毛糸株式会社","9477853157878","","","","","","","595-0066","大阪府泉大津市菅原町2-22","","","","","","","","","","","","","","","4120101042272","","","",""
"木下吉商事株式会社","1545660793939","","","","","","","642-0032","和歌山県海南市名高303","","","","","","","","","","","","","","","3170001005672","","","",""
"木下通商株式会社","5835757116560","","","","","","","540-0036","大阪府大阪市中央区船越町二丁目4-14","","","","","","","","","","","","","","","1120001077883","","","",""
"株式会社きはだや","8813248767782","","","","","","","948-0082","新潟県十日町市本町二丁目340","","","","","","","","","","","","","","","7110001020954","","","",""
"木原織物有限会社","9879213646845","","","","","","","602-0013","京都府京都市上京区上柳原町137","","","","","","","","","","","","","","","6130002002249","","","",""
"喜豊綿布有限会社","3255129595633","","","","","","","596-0002","大阪府岸和田市吉井町一丁目13-3","","","","","","","","","","","","","","","2120102020997","","","",""
"木村株式会社","8617405470529","","","","","","","604-8277","京都府京都市中京区三坊西洞院町565 ラフィーネ御池303","","","","","","","","","","","","","","","9130001016981","","","",""
"株式会社木村","8097160046962","","","","","","","742-0035","山口県柳井市中央二丁目15-5","","","","","","","","","","","","","","","2250001012430","","","",""
"木村株式会社","2997021082725","","","","","","","565-0851","大阪府吹田市千里山西四丁目25-18","","","","","","","","","","","","","","","3120901006130","","","",""
"有限会社木村糸業","3406861783454","","","","","","","527-0134","滋賀県東近江市平松町31-1","","","","","","","","","","","","","","","3160002010227","","","",""
"木村員毛織株式会社","2191724348816","","","","","","","493-8001","愛知県一宮市北方町北方中屋敷郷244","","","","","","","","","","","","","","","1180001082556","","","",""
"木村卯兵衛株式会社","5133390045697","","","","","","","602-8214","京都府京都市上京区北之御門町568","","","","","","","","","","","","","","","8130001002818","","","",""
"木村織物株式会社","6682761274085","","","","","","","929-1604","石川県鹿島郡中能登町能登部下壱弐五甲部13","","","","","","","","","","","","","","","2220001015691","","","",""
"木村源織物株式会社","9018602332658","","","","","","","602-8202","京都府京都市上京区栄町665","","","","","","","","","","","","","","","5130001002820","","","",""
"株式会社木村商店","4215152164956","","","","","","","661-0024","兵庫県尼崎市三反田町三丁目5-29","","","","","","","","","","","","","","","2140001048452","","","",""
"株式会社木村商店","7147250535256","","","","","","","600-8441","京都府京都市下京区四条町359","","","","","","","","","","","","","","","9130001020430","","","",""
"株式会社木村商店","5693792596900","","","","","","","468-0001","愛知県名古屋市天白区植田山一丁目1313","","","","","","","","","","","","","","","6180001019297","","","",""
"有限会社木村整経所","9643062267023","","","","","","","869-4215","熊本県八代市鏡町下村634-1","","","","","","","","","","","","","","","5330002026674","","","",""
"キムラセンイ株式会社","5827130965195","","","","","","","347-0028","埼玉県加須市南小浜370-1","","","","","","","","","","","","","","","9030001033335","","","",""
"有限会社キムラソーイング","9183137927484","","","","","","","600-8894","京都府京都市下京区西七条市部町50","","","","","","","","","","","","","","","1130002006948","","","",""
"有限会社木村忠嗣商店","7616332517622","","","","","","","444-0853","愛知県岡崎市三崎町7-8","","","","","","","","","","","","","","","1180302001017","","","",""
"株式会社木村敏商店","2045016217708","","","","","","","910-0023","福井県福井市順化二丁目14-2","","","","","","","","","","","","","","","7210001001003","","","",""
"株式会社木村洋行","7773596360385","","","","","","","630-8113","奈良県奈良市法蓮町978","","","","","","","","","","","","","","","8150001000654","","","",""
"株式会社きものアート","5747851512351","","","","","","","171-0021","東京都豊島区西池袋四丁目24-14","","","","","","","","","","","","","","","3011101005165","","","",""
"株式会社きものおのでら","2416500099497","","","","","","","023-0035","岩手県奥州市水沢赤土田11-10","","","","","","","","","","","","","","","4400601000107","","","",""
"株式会社きものクリニック杉山洗染整理","4428785470193","","","","","","","604-8402","京都府京都市中京区聚楽廻西町97-5","","","","","","","","","","","","","","","5130001020434","","","",""
"株式会社きものみらい","2278357348012","","","","","","","604-8375","京都府京都市中京区西ノ京池ノ内町16-41","","","","","","","","","","","","","","","4130001020435","","","",""
"株式会社きものやまなか","1005404024339","","","","","","","460-0003","愛知県名古屋市中区錦二丁目11-6","","","","","","","","","","","","","","","2180003006033","","","",""
"株式会社きものわこう","4717475139660","","","","","","","444-0814","愛知県岡崎市羽根町小豆坂3 ウイングタウン1F","","","","","","","","","","","","","","","1180301004292","","","",""
"株式会社キャンバスチバ","6175117424081","","","","","","","116-0014","東京都荒川区東日暮里一丁目12-5","","","","","","","","","","","","","","","8010501003476","","","",""
"九州カタン糸株式会社","2370977595086","","","","","","","839-0815","福岡県久留米市山川沓形町2-28","","","","","","","","","","","","","","","6290001048632","","","",""
"久野織物株式会社","6648987303013","","","","","","","890-0056","鹿児島県鹿児島市下荒田三丁目17-1","","","","","","","","","","","","","","","7340001003597","","","",""
"久綿株式会社","9348911997134","","","","","","","830-0037","福岡県久留米市諏訪野町2742-1","","","","","","","","","","","","","","","2290001048603","","","",""
"株式会社キュービ","7584826073038","","","","","","","810-0023","福岡県福岡市中央区警固二丁目13-17 サムティ警固タワー2階","","","","","","","","","","","","","","","7290001080361","","","",""
"有限会社キューワ","1246021738217","","","","","","","901-0306","沖縄県糸満市西崎町三丁目497","","","","","","","","","","","","","","","1360002001463","","","",""
"協永株式会社","8141126231012","","","","","","","541-0058","大阪府大阪市中央区南久宝寺町二丁目1-9","","","","","","","","","","","","","","","3120001078095","","","",""
"共栄株式会社","1794664484946","","","","","","","600-8430","京都府京都市下京区小田原町232-13","","","","","","","","","","","","","","","6130001017000","","","",""
"株式会社共栄織物","2327566780346","","","","","","","677-0017","兵庫県西脇市小坂町37-158","","","","","","","","","","","","","","","5140001075469","","","",""
"協栄商事株式会社","2462162533941","","","","","","","326-0062","栃木県足利市赤松台二丁目17-9","","","","","","","","","","","","","","","7060001018525","","","",""
"共栄商事株式会社","3725920957607","","","","","","","530-0012","大阪府大阪市北区芝田二丁目5-6 ニュー共栄ビル3F","","","","","","","","","","","","","","","7120001037907","","","",""
"共栄商事株式会社","4730748515431","","","","","","","599-8267","大阪府堺市中区八田寺町202","","","","","","","","","","","","","","","6120001078150","","","",""
"協栄フロンテック株式会社","3594314980382","","","","","","","929-0125","石川県能美市道林町ロ23-8","","","","","","","","","","","","","","","1220001012756","","","",""
"共栄貿易株式会社","6431522327845","","","","","","","231-0847","神奈川県横浜市中区竹之丸132","","","","","","","","","","","","","","","9020001026158","","","",""
"有限会社京織工房","9013302129269","","","","","","","103-0007","東京都中央区日本橋浜町二丁目18-4 伊藤ビル2階","","","","","","","","","","","","","","","5010002053222","","","",""
"京口商事株式会社","2025103374904","","","","","","","562-0001","大阪府箕面市箕面四丁目2-15","","","","","","","","","","","","","","","8120001078074","","","",""
"株式会社京藝","8186285885790","","","","","","","602-0000","京都府京都市上京区元百万遍町556","","","","","","","","","","","","","","","3130001002830","","","",""
"京ござん株式会社","9314238450334","","","","","","","604-8311","京都府京都市中京区俵屋町198-1","","","","","","","","","","","","","","","7130001017016","","","",""
"京三呉服株式会社","5233745048909","","","","","","","540-0008","大阪府大阪市中央区大手前一丁目6-8","","","","","","","","","","","","","","","3120001189834","","","",""
"有限会社京絞り寺田","7087146170870","","","","","","","603-8231","京都府京都市北区紫野大徳寺町5","","","","","","","","","","","","","","","8130002016107","","","",""
"株式会社京正","1858084880748","","","","","","","604-8163","京都府京都市中京区鯉山町512","","","","","","","","","","","","","","","6130001004626","","","",""
"京商株式会社","8978921494111","","","","","","","604-8154","京都府京都市中京区菊水鉾町567","","","","","","","","","","","","","","","3130001020469","","","",""
"株式会社京生苑","9457282720800","","","","","","","852-8015","長崎県長崎市春木町9-17","","","","","","","","","","","","","","","6310001000458","","","",""
"株式会社共進","3231353766974","","","","","","","374-0015","群馬県館林市上赤生田町4433","","","","","","","","","","","","","","","3070001022141","","","",""
"有限会社キョウシン資材","2731855734614","","","","","","","353-0003","埼玉県志木市下宗岡二丁目12-13","","","","","","","","","","","","","","","6011402002726","","","",""
"有限会社京善商店","2789031973174","","","","","","","604-8236","京都府京都市中京区三文字町572","","","","","","","","","","","","","","","8130002016115","","","",""
"京都麻絲株式会社","8571066685141","","","","","","","607-8081","京都府京都市山科区竹鼻外田町22","","","","","","","","","","","","","","","1130001013607","","","",""
"京都麻織物株式会社","1070598718052","","","","","","","607-8016","京都府京都市山科区安朱中溝町7","","","","","","","","","","","","","","","9130001013608","","","",""
"株式会社京都イシハラ","2442322612974","","","","","","","602-0007","京都府京都市上京区下清蔵口町38","","","","","","","","","","","","","","","5130001004164","","","",""
"株式会社京都ヴオーグ社","1679554333436","","","","","","","600-0000","京都府京都市下京区新町通七条上る辰己町７４４番地の４","","","","","","","","","","","","","","","6130001019368","","","",""
"京都織物卸商協同組合","9677485286431","","","","","","","600-0000","京都府京都市下京区函谷鉾町78","","","","","","","","","","","","","","","9130005003332","","","",""
"京都京彩織物株式会社","1629001195974","","","","","","","606-0811","京都府京都市左京区下鴨中川原町54-8","","","","","","","","","","","","","","","3130001006245","","","",""
"京都協和株式会社","3558155208317","","","","","","","600-8171","京都府京都市下京区上平野町463","","","","","","","","","","","","","","","1130001023291","","","",""
"京都小泉株式会社","4811110809049","","","","","","","600-8445","京都府京都市下京区岩戸山町417","","","","","","","","","","","","","","","8130001019408","","","",""
"株式会社京都工房","8133148994668","","","","","","","616-8103","京都府京都市右京区太秦上刑部町16-16","","","","","","","","","","","","","","","9130001023301","","","",""
"株式会社京都四條家","6224938045556","","","","","","","600-8456","京都府京都市下京区天使突抜四丁目472","","","","","","","","","","","","","","","3130001029106","","","",""
"京都絞株式会社","8044026775703","","","","","","","604-8812","京都府京都市中京区壬生相合町54-7","","","","","","","","","","","","","","","8130001023310","","","",""
"株式会社京都忠和","9741787299609","","","","","","","610-0121","京都府城陽市寺田今堀52-4","","","","","","","","","","","","","","","7130001038359","","","",""
"キョウトテックス株式会社","9377989511644","","","","","","","612-8437","京都府京都市伏見区深草小久保町367","","","","","","","","","","","","","","","4130001014271","","","",""
"株式会社京都時和","1457901516499","","","","","","","603-8002","京都府京都市北区上賀茂神山1-134","","","","","","","","","","","","","","","3130001004182","","","",""
"京都藤中株式会社","1170813151280","","","","","","","802-0034","福岡県北九州市小倉北区須賀町13-6","","","","","","","","","","","","","","","6290801001030","","","",""
"京都法繊株式会社","7363385969437","","","","","","","611-0025","京都府宇治市神明石塚73-17","","","","","","","","","","","","","","","4130001032554","","","",""
"京都麻業株式会社","5069153382004","","","","","","","600-8205","京都府京都市下京区西之町 京","","","","","","","","","","","","","","","8130001023260","","","",""
"京都丸紅株式会社","3527488738719","","","","","","","600-8429","京都府京都市下京区御供石町369","","","","","","","","","","","","","","","6130001019491","","","",""
"株式会社京都レックス","1721007222551","","","","","","","600-0000","京都府京都市下京区小泉町91","","","","","","","","","","","","","","","2130001019512","","","",""
"京都和装株式会社","3993540669799","","","","","","","600-8385","京都府京都市下京区五坊大宮町93","","","","","","","","","","","","","","","6130001027445","","","",""
"株式会社協同インターナショナルコーポレーション","2300790900774","","","","","","","541-0053","大阪府大阪市中央区本町三丁目3-8","","","","","","","","","","","","","","","2120001078105","","","",""
"協同組合イチヒロ","1626320764572","","","","","","","794-0832","愛媛県今治市八町西四丁目1-6","","","","","","","","","","","","","","","6500005004733","","","",""
"株式会社京西陣古川","8867659173116","","","","","","","603-8217","京都府京都市北区紫野上門前町23","","","","","","","","","","","","","","","3130001004629","","","",""
"有限会社競美會","9396153800458","","","","","","","930-0007","富山県富山市宝町一丁目6-17","","","","","","","","","","","","","","","4230002005169","","","",""
"京ファッション有限会社","5282476575539","","","","","","","573-1118","大阪府枚方市楠葉並木二丁目22-1 樟葉ビル","","","","","","","","","","","","","","","1120002073956","","","",""
"有限会社京屋染物店","3565400266492","","","","","","","334-0002","埼玉県川口市鳩ヶ谷本町三丁目1-21","","","","","","","","","","","","","","","9030002098831","","","",""
"有限会社響躍子","1753664087069","","","","","","","600-8861","京都府京都市下京区七条御所ノ内北町60","","","","","","","","","","","","","","","7130002024077","","","",""
"協友株式会社","1618397413477","","","","","","","600-8322","京都府京都市下京区小柳町506-1","","","","","","","","","","","","","","","8130001017048","","","",""
"協友株式会社","9825681532493","","","","","","","326-0034","栃木県足利市久松町62-1","","","","","","","","","","","","","","","3060001018529","","","",""
"株式会社京洛苑たはら","2407464583856","","","","","","","602-0000","京都府京都市上京区新猪熊東町377","","","","","","","","","","","","","","","8130001002850","","","",""
"協立株式会社","9304016504698","","","","","","","615-0042","京都府京都市右京区西院東中水町7 日商岩井朱雀マンション406","","","","","","","","","","","","","","","8130001008105","","","",""
"共立繊維株式会社","7980720356206","","","","","","","541-0048","大阪府大阪市中央区瓦町三丁目6-11","","","","","","","","","","","","","","","2120001078195","","","",""
"有限会社共立テント","7994902784611","","","","","","","732-0811","広島県広島市南区段原三丁目9-5","","","","","","","","","","","","","","","8240002004819","","","",""
"株式会社協和","1327723065082","","","","","","","131-0043","東京都墨田区立花四丁目12-15","","","","","","","","","","","","","","","2010601010163","","","",""
"キョウワ環境サービス株式会社","7214745349983","","","","","","","113-0031","東京都文京区根津二丁目15-4","","","","","","","","","","","","","","","3010001001968","","","",""
"協和システム株式会社","7661530853773","","","","","","","115-0056","東京都北区西が丘二丁目19-14","","","","","","","","","","","","","","","5011501009953","","","",""
"株式会社協和商会","2459270203533","","","","","","","654-0043","兵庫県神戸市須磨区外浜町二丁目4-3","","","","","","","","","","","","","","","7140001017428","","","",""
"協和レース株式会社","9489054029229","","","","","","","111-0042","東京都台東区寿二丁目5-12 加瀬ビル6階","","","","","","","","","","","","","","","3010001041345","","","",""
"株式会社キョクサン","5556765692421","","","","","","","071-1247","北海道上川郡鷹栖町七線11-132-72","","","","","","","","","","","","","","","9450001000953","","","",""
"旭日繊維株式会社","3110221922470","","","","","","","915-0242","福井県越前市粟田部町5-44","","","","","","","","","","","","","","","3210001012160","","","",""
"旭光製絲株式会社","6673004971455","","","","","","","571-0030","大阪府門真市末広町3-10","","","","","","","","","","","","","","","9120001078032","","","",""
"清原株式会社","3022375747790","","","","","","","541-0058","大阪府大阪市中央区南久宝寺町四丁目5-2","","","","","","","","","","","","","","","9120001077397","","","",""
"株式会社清原織物","5591992399370","","","","","","","524-0011","滋賀県守山市今市町136-1","","","","","","","","","","","","","","","5160001015266","","","",""
"株式会社清原商店","3515148360303","","","","","","","491-0922","愛知県一宮市大和町妙興寺千間堂44","","","","","","","","","","","","","","","5180001103969","","","",""
"清山株式会社","5244699750092","","","","","","","613-0024","京都府久世郡久御山町森村東310","","","","","","","","","","","","","","","7130001033351","","","",""
"キョーワ株式会社","2984689119365","","","","","","","541-0056","大阪府大阪市中央区久太郎町四丁目1-3 大阪センタービル","","","","","","","","","","","","","","","8120001078025","","","",""
"株式会社きりおび","2449862421806","","","","","","","376-0102","群馬県みどり市大間々町桐原855","","","","","","","","","","","","","","","1070001015881","","","",""
"株式会社桐畑商店","5244706582340","","","","","","","602-8446","京都府京都市上京区五辻町51","","","","","","","","","","","","","","","5130001002861","","","",""
"桐生整染商事株式会社","4750846297742","","","","","","","376-0021","群馬県桐生市巴町一丁目1123-6","","","","","","","","","","","","","","","2070001015815","","","",""
"桐生トリコット株式会社","6717098186625","","","","","","","376-0003","群馬県桐生市琴平町11-44","","","","","","","","","","","","","","","6070001015836","","","",""
"有限会社桐生丸由","5058567760763","","","","","","","376-0011","群馬県桐生市相生町一丁目96-14","","","","","","","","","","","","","","","2070002023172","","","",""
"株式会社きれや呉服店","2659778590547","","","","","","","448-0844","愛知県刈谷市広小路五丁目18-1","","","","","","","","","","","","","","","3180301013903","","","",""
"近畿織物株式会社","9359169787500","","","","","","","581-0081","大阪府八尾市南本町二丁目5-52","","","","","","","","","","","","","","","6122001018301","","","",""
"株式会社キング","8475011569222","","","","","","","141-0031","東京都品川区西五反田二丁目14-9","","","","","","","","","","","","","","","8130001017089","","","",""
"近啓裁断工業株式会社","7902390151730","","","","","","","603-8212","京都府京都市北区紫野石龍町39","","","","","","","","","","","","","","","8130001004649","","","",""
"キンシヨーユニバーサル株式会社","2930640284309","","","","","","","454-0851","愛知県名古屋市中川区北江町二丁目26","","","","","","","","","","","","","","","3180002053447","","","",""
"株式会社キンセー","5551295005979","","","","","","","500-8335","岐阜県岐阜市三歳町五丁目19","","","","","","","","","","","","","","","3200001001552","","","",""
"近泉合成繊維株式会社","9374586554027","","","","","","","570-0021","大阪府守口市八雲東町一丁目2-1","","","","","","","","","","","","","","","7120001078307","","","",""
"錦装株式会社","7980401248891","","","","","","","918-8236","福井県福井市和田中一丁目1810","","","","","","","","","","","","","","","4210001000940","","","",""
"有限会社金の羊","9834593791000","","","","","","","600-8086","京都府京都市下京区本燈籠町17-1","","","","","","","","","","","","","","","7130002007008","","","",""
"有限会社金原商店","2509824337074","","","","","","","444-0053","愛知県岡崎市板屋町215-2","","","","","","","","","","","","","","","7180302000772","","","",""
"きんらんや小野内株式会社","9278315046363","","","","","","","603-8112","京都府京都市北区小山元町19-1","","","","","","","","","","","","","","","3130001004653","","","",""
"株式会社錦和","4622457944501","","","","","","","600-8424","京都府京都市下京区山王町569","","","","","","","","","","","","","","","3130001017102","","","",""
"ギフメン株式会社","7447766624512","","","","","","","500-8283","岐阜県岐阜市茜部野瀬二丁目11","","","","","","","","","","","","","","","3200001010925","","","",""
"株式会社ギヤラキシー","4477158591842","","","","","","","617-0006","京都府向日市上植野町南開8-6","","","","","","","","","","","","","","","6120001077978","","","",""
"株式会社暁星ジャパン","9092378291105","","","","","","","105-0001","東京都港区虎ノ門三丁目11-15 SVAXTTビル6F","","","","","","","","","","","","","","","4010401007878","","","",""
"株式会社ギルドワーク","1241042067605","","","","","","","150-0001","東京都渋谷区神宮前五丁目38-15","","","","","","","","","","","","","","","9011001006480","","","",""
"株式会社銀河夢","8234670111724","","","","","","","859-3166","長崎県佐世保市木原町180-3","","","","","","","","","","","","","","","8310001007014","","","",""
"株式会社銀座サワモト","8311148279007","","","","","","","104-0061","東京都中央区銀座五丁目4-7","","","","","","","","","","","","","","","6010001041111","","","",""
"株式会社クアトロ・ラガッツィ","9223127601594","","","","","","","153-0051","東京都目黒区上目黒二丁目43-10 アステリア中目黒101","","","","","","","","","","","","","","","2010001132319","","","",""
"株式会社クイーン","4998317012069","","","","","","","910-1134","福井県吉田郡永平寺町松岡芝原二丁目86","","","","","","","","","","","","","","","4210001001063","","","",""
"株式会社クゥエスト","2211129564844","","","","","","","501-6217","岐阜県羽島市正木町須賀小松216","","","","","","","","","","","","","","","1200001001736","","","",""
"株式会社クゥエスト","1464113375944","","","","","","","541-0057","大阪府大阪市中央区北久宝寺町一丁目7-16","","","","","","","","","","","","","","","4120001078383","","","",""
"草柳織物株式会社","9950505095111","","","","","","","192-0041","東京都八王子市中野上町四丁目8-3","","","","","","","","","","","","","","","4010101001017","","","",""
"クスカ株式会社","5199507475919","","","","","","","629-2314","京都府与謝郡与謝野町字岩屋384-1","","","","","","","","","","","","","","","8130001040636","","","",""
"楠絹織株式会社","2481208049272","","","","","","","604-8212","京都府京都市中京区六角町360","","","","","","","","","","","","","","","4130001020575","","","",""
"葛利毛織工業株式会社","8543681701703","","","","","","","493-0004","愛知県一宮市木曽川町玉ノ井宮前1","","","","","","","","","","","","","","","3180001084492","","","",""
"株式会社國枝綿行","9905189813434","","","","","","","462-0051","愛知県名古屋市北区中切町六丁目10","","","","","","","","","","","","","","","8180003001598","","","",""
"クニキヨ繊産株式会社","5128518834622","","","","","","","910-0017","福井県福井市文京一丁目13-41","","","","","","","","","","","","","","","4210001001071","","","",""
"国定織物株式会社","4680096240624","","","","","","","602-8405","京都府京都市上京区大猪熊町84","","","","","","","","","","","","","","","1130001002881","","","",""
"国立株式会社","7674927806806","","","","","","","350-0856","埼玉県川越市問屋町6-3","","","","","","","","","","","","","","","3030001056738","","","",""
"株式会社久保井商店","9857043021014","","","","","","","103-0012","東京都中央区日本橋堀留町一丁目1-9","","","","","","","","","","","","","","","7010001042620","","","",""
"株式会社久保かすり織物","3146849971146","","","","","","","833-0053","福岡県筑後市大字西牟田3498-2","","","","","","","","","","","","","","","2290001082016","","","",""
"有限会社久保川織物","9921407409342","","","","","","","602-8114","京都府京都市上京区荒神町432","","","","","","","","","","","","","","","5130002002290","","","",""
"久保耕株式会社","9757550006957","","","","","","","602-0837","京都府京都市上京区下塔之段町513","","","","","","","","","","","","","","","5130001006301","","","",""
"久保商事株式会社","4003794511324","","","","","","","604-8352","京都府京都市中京区金屋町776","","","","","","","","","","","","","","","2130001020585","","","",""
"久保清織布株式会社","9378335909001","","","","","","","594-1142","大阪府和泉市久井町188","","","","","","","","","","","","","","","2120101041391","","","",""
"窪田織物株式会社","8071568726948","","","","","","","891-0115","鹿児島県鹿児島市東開町13-12","","","","","","","","","","","","","","","8340001001484","","","",""
"株式会社窪堀商店","5006687049988","","","","","","","598-0007","大阪府泉佐野市上町三丁目6-34","","","","","","","","","","","","","","","5120101039631","","","",""
"株式会社クボリキレース","9400516139202","","","","","","","524-0013","滋賀県守山市下之郷三丁目8-6","","","","","","","","","","","","","","","8160001015800","","","",""
"久堀織布株式会社","8710349994904","","","","","","","598-0021","大阪府泉佐野市日根野3885","","","","","","","","","","","","","","","4120101039632","","","",""
"株式会社熊谷","5086262357151","","","","","","","458-0826","愛知県名古屋市緑区平子が丘601","","","","","","","","","","","","","","","1180001028030","","","",""
"株式会社熊谷次商店","8534053230996","","","","","","","600-8439","京都府京都市下京区坂東屋町274","","","","","","","","","","","","","","","6130001017116","","","",""
"熊澤商事株式会社","4437741804194","","","","","","","910-0023","福井県福井市順化一丁目9-7","","","","","","","","","","","","","","","7210001001085","","","",""
"合資会社熊澤綿糸店","8372654623782","","","","","","","411-0858","静岡県三島市中央町2-35","","","","","","","","","","","","","","","7080103000429","","","",""
"熊本織物株式会社","4142029559276","","","","","","","602-8463","京都府京都市上京区革堂町445","","","","","","","","","","","","","","","2130001002889","","","",""
"株式会社熊本商店","2676480756442","","","","","","","930-0059","富山県富山市三番町2-29","","","","","","","","","","","","","","","1230001000776","","","",""
"くまもとテザック株式会社","5409002358640","","","","","","","869-4203","熊本県八代市鏡町鏡郷開1159-8","","","","","","","","","","","","","","","5330001013847","","","",""
"久米商事株式会社","5809150117640","","","","","","","164-0011","東京都中野区中央五丁目39-11 青柳ビル6階","","","","","","","","","","","","","","","4011201001451","","","",""
"久米島紬株式会社","5458884544656","","","","","","","901-3123","沖縄県島尻郡久米島町字大田501","","","","","","","","","","","","","","","7360001006128","","","",""
"久米島紬事業協同組合","5075068903279","","","","","","","901-3104","沖縄県島尻郡久米島町字真謝1878-1","","","","","","","","","","","","","","","5360005001721","","","",""
"クラウン工業株式会社","7853690486750","","","","","","","612-0029","京都府京都市伏見区深草西浦町八丁目14","","","","","","","","","","","","","","","4130001014321","","","",""
"クラウン・ジャパン有限会社","2385176463407","","","","","","","650-0011","兵庫県神戸市中央区下山手通三丁目8-11","","","","","","","","","","","","","","","2120002035344","","","",""
"株式会社倉染匠","3983600556980","","","","","","","630-8236","奈良県奈良市下三条町8-34","","","","","","","","","","","","","","","8130001002891","","","",""
"株式会社クラッサー","2186994191785","","","","","","","541-0047","大阪府大阪市中央区淡路町一丁目3-7","","","","","","","","","","","","","","","9120001164591","","","",""
"株式会社クラフト","5217674146094","","","","","","","503-2121","岐阜県不破郡垂井町727-1","","","","","","","","","","","","","","","1200001014770","","","",""
"クラフトジヤパン株式会社","5723744872705","","","","","","","670-0935","兵庫県姫路市北条口二丁目69","","","","","","","","","","","","","","","6140001058646","","","",""
"有限会社クラポ","1195434958580","","","","","","","460-0008","愛知県名古屋市中区栄二丁目15-41 プレサンスロジェ栄白川公園1203号","","","","","","","","","","","","","","","5180002079688","","","",""
"クラレトレーディング株式会社","2146140410942","","","","","","","530-0017","大阪府大阪市北区角田町8-1","","","","","","","","","","","","","","","1120001078477","","","",""
"合同会社クランプル","5695354953020","","","","","","","273-0113","千葉県鎌ケ谷市道野辺中央四丁目16-18","","","","","","","","","","","","","","","2040003020535","","","",""
"株式会社クリエイトコーポレーション","2373859242350","","","","","","","880-0913","宮崎県宮崎市恒久六丁目3-31","","","","","","","","","","","","","","","4350001000514","","","",""
"株式会社クリエイトミナミ","7777187507908","","","","","","","553-0003","大阪府大阪市福島区福島五丁目17-7","","","","","","","","","","","","","","","2120001141267","","","",""
"株式会社クリエ神戸","8178663818275","","","","","","","650-0011","兵庫県神戸市中央区下山手通六丁目1-4","","","","","","","","","","","","","","","4140001007282","","","",""
"株式会社クリップクロップ","2108488851080","","","","","","","107-0062","東京都港区南青山五丁目12-19","","","","","","","","","","","","","","","8010401074130","","","",""
"クリードビル株式会社","1715088458815","","","","","","","156-0042","東京都世田谷区羽根木二丁目39-2","","","","","","","","","","","","","","","7010901003457","","","",""
"株式会社栗原絲店","2798948606946","","","","","","","373-0026","群馬県太田市東本町21-20","","","","","","","","","","","","","","","7070001019191","","","",""
"久留米絣広川町協同組合","8275886940352","","","","","","","834-0115","福岡県八女郡広川町大字新代1788","","","","","","","","","","","","","","","3290005008701","","","",""
"くれ織布株式会社","7301260414407","","","","","","","596-0816","大阪府岸和田市尾生町七丁目3-12","","","","","","","","","","","","","","","7120101036619","","","",""
"有限会社クレストパック","7564960382174","","","","","","","340-0034","埼玉県草加市氷川町2151-2","","","","","","","","","","","","","","","6030002050737","","","",""
"紅産業株式会社","3062914035954","","","","","","","541-0054","大阪府大阪市中央区南本町二丁目5-5","","","","","","","","","","","","","","","9120001078635","","","",""
"株式会社黒川","7132494225604","","","","","","","603-8055","京都府京都市北区上賀茂高縄手町37-3","","","","","","","","","","","","","","","9130001004680","","","",""
"クロキ株式会社","1218769032474","","","","","","","715-0006","岡山県井原市西江原町5560","","","","","","","","","","","","","","","3260001018211","","","",""
"株式会社クロスビー","6001823635752","","","","","","","161-0033","東京都新宿区下落合一丁目16-15 金原ビル1階","","","","","","","","","","","","","","","7011101005839","","","",""
"株式会社クロス・ポーター","8505541562498","","","","","","","541-0057","大阪府大阪市中央区北久宝寺町四丁目2-10","","","","","","","","","","","","","","","5120001178843","","","",""
"株式会社クロスマップ","1842513433907","","","","","","","992-0027","山形県米沢市駅前三丁目5-22 かなつビル205","","","","","","","","","","","","","","","3390001009841","","","",""
"黒田株式会社","8556767102365","","","","","","","550-0011","大阪府大阪市西区阿波座一丁目15-15","","","","","","","","","","","","","","","1120001042945","","","",""
"黒田織物有限会社","5003828500412","","","","","","","992-0025","山形県米沢市通町七丁目7-41","","","","","","","","","","","","","","","4390002012777","","","",""
"黒田商事株式会社","7158502663908","","","","","","","923-1112","石川県能美市佐野町ワ6-1","","","","","","","","","","","","","","","2220001012648","","","",""
"株式会社黒田商事","5713295308244","","","","","","","198-0062","東京都青梅市和田町一丁目404-13","","","","","","","","","","","","","","","3013101005327","","","",""
"株式会社クロップオザキ","6785584966697","","","","","","","101-0031","東京都千代田区東神田二丁目1-11 第一坂本ビル4","","","","","","","","","","","","","","","8010001042223","","","",""
"有限会社黒柳織布工場","5304947712539","","","","","","","444-0702","愛知県西尾市寺部町林添122","","","","","","","","","","","","","","","7180302026792","","","",""
"株式会社久和商事","1335450190245","","","","","","","618-0001","大阪府三島郡島本町山崎二丁目1","","","","","","","","","","","","","","","6120901012381","","","",""
"株式会社クワトロ・エー","5844058020244","","","","","","","639-2146","奈良県葛城市中戸172","","","","","","","","","","","","","","","4150001012678","","","",""
"有限会社クワバラ糸店","5746253004164","","","","","","","270-0161","千葉県流山市大字鰭ケ崎1478-22","","","","","","","","","","","","","","","9040002051434","","","",""
"桑村繊維株式会社","9395167319296","","","","","","","679-1131","兵庫県多可郡多可町中区曽我井315","","","","","","","","","","","","","","","6140001075476","","","",""
"具島織物株式会社","9820815875326","","","","","","","816-0822","福岡県春日市ちくし台四丁目37","","","","","","","","","","","","","","","8290001041379","","","",""
"グッドスカイ株式会社","3646290096709","","","","","","","651-0096","兵庫県神戸市中央区雲井通四丁目2-2 マークラー神戸ビル5F","","","","","","","","","","","","","","","8140001029117","","","",""
"株式会社グラシア","7085215319962","","","","","","","326-0826","栃木県足利市借宿町394-4","","","","","","","","","","","","","","","9060001023663","","","",""
"株式会社グラップラー","3577494038785","","","","","","","596-0825","大阪府岸和田市土生町四丁目4-6 203","","","","","","","","","","","","","","","1120101039180","","","",""
"株式会社グラト","6198116837902","","","","","","","500-8268","岐阜県岐阜市茜部菱野二丁目125","","","","","","","","","","","","","","","8200001024573","","","",""
"株式会社グラフィティツエンティワン","8429142322741","","","","","","","550-0002","大阪府大阪市西区江戸堀一丁目9-1 肥後橋センタービル10階","","","","","","","","","","","","","","","1120001042887","","","",""
"株式会社グランディール","2658605659683","","","","","","","600-8427","京都府京都市下京区玉津島町306","","","","","","","","","","","","","","","9130001016767","","","",""
"株式会社Ｇｒｅｅｎ　Ｃａｍｐ","6023836921151","","","","","","","376-0031","群馬県桐生市本町四丁目90-3","","","","","","","","","","","","","","","9070001030915","","","",""
"株式会社グリンヒル加藤商会","6041630754965","","","","","","","530-0001","大阪府大阪市北区梅田一丁目11-4","","","","","","","","","","","","","","","7120001078513","","","",""
"株式会社グリーンフアブリツク","2355520305534","","","","","","","550-0001","大阪府大阪市西区土佐堀一丁目6-20","","","","","","","","","","","","","","","9120001042913","","","",""
"株式会社グレースインターナショナル","1389692825037","","","","","","","467-0024","愛知県名古屋市瑞穂区春山町19-33","","","","","","","","","","","","","","","6180001059252","","","",""
"株式会社グローイング志田","2654205036784","","","","","","","435-0043","静岡県浜松市中央区宮竹町322-1","","","","","","","","","","","","","","","1080401001506","","","",""
"株式会社グローバル","3181697208932","","","","","","","540-0032","大阪府大阪市中央区天満橋京町3-3","","","","","","","","","","","","","","","2120001078699","","","",""
"グローバルエクスポーターズ有限会社","2613184852085","","","","","","","651-0054","兵庫県神戸市中央区野崎通七丁目3-17","","","","","","","","","","","","","","","8120002035339","","","",""
"グローバルスタイル株式会社","2987666231668","","","","","","","541-0047","大阪府大阪市中央区淡路町三丁目5-1","","","","","","","","","","","","","","","8120001084238","","","",""
"株式会社グローブ","5700718489514","","","","","","","541-0048","大阪府大阪市中央区瓦町三丁目2-5 辻井ビル4F","","","","","","","","","","","","","","","4120001098092","","","",""
"株式会社グロリアス","1358203125114","","","","","","","121-0062","東京都足立区南花畑二丁目49-20","","","","","","","","","","","","","","","2011801007429","","","",""
"株式会社Ｋ＆Ｓ１９４９","6103767730683","","","","","","","731-0121","広島県広島市安佐南区中須二丁目23-25","","","","","","","","","","","","","","","8240001002071","","","",""
"有限会社ケイ・アンド・アイレイズ","8691910324228","","","","","","","540-0011","大阪府大阪市中央区農人橋一丁目1-29 2303号","","","","","","","","","","","","","","","3120002050318","","","",""
"ケイ．アンビエンテ株式会社","9138832616653","","","","","","","604-8206","京都府京都市中京区町頭町112 菊三ビル","","","","","","","","","","","","","","","2130001055656","","","",""
"株式会社ケイエステイ","5192282151739","","","","","","","649-7206","和歌山県橋本市高野口町向島56","","","","","","","","","","","","","","","9170001010964","","","",""
"株式会社ケイエスデー","3018982833169","","","","","","","534-0014","大阪府大阪市都島区都島北通二丁目7-25","","","","","","","","","","","","","","","7120001007406","","","",""
"ＫＡＹＫＡＹ　ＳＨＯＫＡＩ株式会社","1393788982762","","","","","","","541-0054","大阪府大阪市中央区南本町一丁目3-9 サンコービル船場606号","","","","","","","","","","","","","","","3120001141968","","","",""
"株式会社けいしょう","8028088379264","","","","","","","320-0046","栃木県宇都宮市西一の沢町1-29","","","","","","","","","","","","","","","5060001001549","","","",""
"株式会社ＫＪホビー","4267578863210","","","","","","","544-0034","大阪府大阪市生野区桃谷五丁目12-14","","","","","","","","","","","","","","","9120001207169","","","",""
"ケイテイエス株式会社","8690718739233","","","","","","","130-0014","東京都墨田区亀沢二丁目21-1","","","","","","","","","","","","","","","6010601012164","","","",""
"有限会社ケイティシー","4573151015955","","","","","","","950-0134","新潟県新潟市江南区曙町三丁目6-1","","","","","","","","","","","","","","","3110002008424","","","",""
"ケイテキスタイル株式会社","8498775523452","","","","","","","431-1206","静岡県浜松市中央区庄和町1282","","","","","","","","","","","","","","","1010001102669","","","",""
"株式会社ケイテックス","3882573108206","","","","","","","541-0053","大阪府大阪市中央区本町一丁目5-7","","","","","","","","","","","","","","","2120001078815","","","",""
"京阪シルク株式会社","8777922050487","","","","","","","600-0000","京都府京都市下京区五条通西洞院東入ﾙ","","","","","","","","","","","","","","","2130001017185","","","",""
"株式会社ケイファブリック","9631903741047","","","","","","","541-0054","大阪府大阪市中央区南本町三丁目1-3","","","","","","","","","","","","","","","5120001141297","","","",""
"株式会社ケイまつい","4347782679941","","","","","","","602-8298","京都府京都市上京区泰童町281","","","","","","","","","","","","","","","5130001020673","","","",""
"啓明ホールディングス株式会社","3867201674982","","","","","","","604-8375","京都府京都市中京区西ノ京池ノ内町18-4","","","","","","","","","","","","","","","4130001017191","","","",""
"有限会社ケイライン","3036073579240","","","","","","","915-0221","福井県越前市杉尾町15-6","","","","","","","","","","","","","","","7210002012081","","","",""
"株式会社ケーエス商事","2202888428190","","","","","","","918-8239","福井県福井市成和一丁目1613","","","","","","","","","","","","","","","1210001008788","","","",""
"株式会社ケー・エンドー・ジャパン","7831157405338","","","","","","","176-0011","東京都練馬区豊玉上一丁目7-10","","","","","","","","","","","","","","","4011601014887","","","",""
"株式会社ケーオービー","3767165569047","","","","","","","235-0019","神奈川県横浜市磯子区磯子台27 A-501","","","","","","","","","","","","","","","5020001043000","","","",""
"株式会社ケディックマツシマ","1223552128220","","","","","","","911-0043","福井県勝山市荒土町新保4-122","","","","","","","","","","","","","","","3210001010024","","","",""
"ケント商会有限会社","9185411270067","","","","","","","059-0012","北海道登別市中央町四丁目2-1","","","","","","","","","","","","","","","9430002065923","","","",""
"株式会社ケン・リース","1636656533196","","","","","","","734-0022","広島県広島市南区東雲一丁目12-27","","","","","","","","","","","","","","","7240001003153","","","",""
"株式会社現代百貨","5789675895808","","","","","","","421-0122","静岡県静岡市駿河区用宗一丁目18-7","","","","","","","","","","","","","","","2080001001384","","","",""
"株式会社コイケ","7128812015754","","","","","","","460-0002","愛知県名古屋市中区丸の内三丁目7-19 法研中部ビル3F","","","","","","","","","","","","","","","9180001035738","","","",""
"株式会社小池繊維","4526394325460","","","","","","","430-0802","静岡県浜松市中央区将監町44-3","","","","","","","","","","","","","","","2080401001629","","","",""
"有限会社小石原機業店","4725834773682","","","","","","","629-3136","京都府京丹後市網野町新庄981","","","","","","","","","","","","","","","1130002033785","","","",""
"小泉ブレード株式会社","2689204715514","","","","","","","929-1100","石川県かほく市高松レ33-2","","","","","","","","","","","","","","","2220001017515","","","",""
"小出纎維株式会社","1961028192076","","","","","","","541-0056","大阪府大阪市中央区久太郎町一丁目4-6","","","","","","","","","","","","","","","7120001079008","","","",""
"株式会社宏亜商會","4585249644521","","","","","","","430-0807","静岡県浜松市中央区佐藤一丁目34-23","","","","","","","","","","","","","","","7080401001624","","","",""
"興亜商事株式会社","2716009718318","","","","","","","577-0013","大阪府東大阪市長田中三丁目6-11","","","","","","","","","","","","","","","4122001002265","","","",""
"江一株式会社","7002928348669","","","","","","","526-0031","滋賀県長浜市八幡東町622","","","","","","","","","","","","","","","4160001006596","","","",""
"株式会社倖榮","5418485180704","","","","","","","493-0005","愛知県一宮市木曽川町里小牧道路寺6-1","","","","","","","","","","","","","","","6180001084498","","","",""
"有限会社宏榮商事","7661673881492","","","","","","","462-0012","愛知県名古屋市北区楠三丁目514","","","","","","","","","","","","","","","9180002011309","","","",""
"興栄繊商株式会社","8671567594194","","","","","","","541-0055","大阪府大阪市中央区船場中央二丁目1-4 210号","","","","","","","","","","","","","","","8120001079080","","","",""
"興国繊維商工株式会社","2942387052951","","","","","","","116-0014","東京都荒川区東日暮里六丁目8-13","","","","","","","","","","","","","","","7011501006313","","","",""
"更新株式会社","3790594998765","","","","","","","111-0051","東京都台東区蔵前三丁目10-8","","","","","","","","","","","","","","","7010501003948","","","",""
"株式会社コウシン","2211217195672","","","","","","","730-0805","広島県広島市中区十日市町一丁目5-7","","","","","","","","","","","","","","","3240001003248","","","",""
"株式会社香進","2318602792215","","","","","","","541-0057","大阪府大阪市中央区北久宝寺町一丁目7-16 301号","","","","","","","","","","","","","","","6120001110524","","","",""
"有限会社興新","7488638221180","","","","","","","450-0003","愛知県名古屋市中村区名駅南四丁目8-12","","","","","","","","","","","","","","","8180002037593","","","",""
"株式会社弘伸","5048202129190","","","","","","","617-0826","京都府長岡京市開田一丁目17-27","","","","","","","","","","","","","","","6130001030060","","","",""
"光信商事株式会社","5321008048660","","","","","","","581-0832","大阪府八尾市堤町二丁目30-28","","","","","","","","","","","","","","","8122001018456","","","",""
"糀織物株式会社","8050362251109","","","","","","","602-0000","京都府京都市上京区笹屋町三丁目623","","","","","","","","","","","","","","","8130001002933","","","",""
"興成工業有限会社","4703731846900","","","","","","","677-0056","兵庫県西脇市板波町554-1","","","","","","","","","","","","","","","9140002061456","","","",""
"有限会社幸成織布","8442070095714","","","","","","","679-1123","兵庫県多可郡多可町中区西安田608","","","","","","","","","","","","","","","1140002061728","","","",""
"株式会社宏大","4271760226464","","","","","","","929-1100","石川県かほく市高松キ16-1","","","","","","","","","","","","","","","2160001018577","","","",""
"江東製織株式会社","2408015347824","","","","","","","521-1221","滋賀県東近江市垣見町145","","","","","","","","","","","","","","","9160001009909","","","",""
"港南織物有限会社","1427957908111","","","","","","","640-8255","和歌山県和歌山市舟津町三丁目1-2","","","","","","","","","","","","","","","2170002001473","","","",""
"有限会社河野商店","3868018133999","","","","","","","543-0072","大阪府大阪市天王寺区生玉前町5-5","","","","","","","","","","","","","","","3120002012722","","","",""
"河野製紐株式会社","9667722415698","","","","","","","417-0057","静岡県富士市瓜島町135","","","","","","","","","","","","","","","4080101008492","","","",""
"甲府かねた株式会社","3592836688328","","","","","","","400-0861","山梨県甲府市城東一丁目16-3","","","","","","","","","","","","","","","1090001000634","","","",""
"神戸生絲株式会社","8726312673721","","","","","","","550-0013","大阪府大阪市西区新町一丁目4-26","","","","","","","","","","","","","","","9140001011924","","","",""
"神戸漁具株式会社","1457672737732","","","","","","","651-2228","兵庫県神戸市西区見津が丘二丁目4-10","","","","","","","","","","","","","","","3140001011962","","","",""
"株式会社神戸ダイユウ","9791178130355","","","","","","","650-0027","兵庫県神戸市中央区中町通二丁目3-8","","","","","","","","","","","","","","","1140001012046","","","",""
"株式会社高本商店","8623278243622","","","","","","","671-2214","兵庫県姫路市西夢前台二丁目58","","","","","","","","","","","","","","","6140001059958","","","",""
"株式会社コウヤ","7205158428419","","","","","","","600-8482","京都府京都市下京区綾堀川町302","","","","","","","","","","","","","","","9130001000713","","","",""
"宏陽株式会社","5240318106991","","","","","","","169-0075","東京都新宿区高田馬場四丁目2-1","","","","","","","","","","","","","","","4011101006682","","","",""
"広洋株式会社","2132975501621","","","","","","","402-0001","山梨県都留市田野倉554-1","","","","","","","","","","","","","","","6090001008350","","","",""
"甲陽織物有限会社","7633884170721","","","","","","","677-0056","兵庫県西脇市板波町200","","","","","","","","","","","","","","","9140002061704","","","",""
"高洋商事株式会社","9520910794273","","","","","","","769-2702","香川県東かがわ市松原1153-1","","","","","","","","","","","","","","","1470001011527","","","",""
"株式会社コウヨウテックス","5228751911164","","","","","","","910-0026","福井県福井市光陽一丁目2-9","","","","","","","","","","","","","","","3210001001221","","","",""
"光洋フエルト株式会社","9977300287924","","","","","","","556-0014","大阪府大阪市浪速区大国二丁目18-10","","","","","","","","","","","","","","","2120001038117","","","",""
"幸洋綿業株式会社","9975752996715","","","","","","","677-0052","兵庫県西脇市和田町641","","","","","","","","","","","","","","","3140001075520","","","",""
"株式会社隍利","6356989445045","","","","","","","629-2501","京都府京丹後市大宮町口大野915","","","","","","","","","","","","","","","7130001042798","","","",""
"株式会社興龍","5398419555275","","","","","","","673-0852","兵庫県明石市朝霧台3776-101","","","","","","","","","","","","","","","2140001036936","","","",""
"興和株式会社","3654245734214","","","","","","","460-0003","愛知県名古屋市中区錦三丁目6-29","","","","","","","","","","","","","","","1180001035811","","","",""
"有限会社恒和","4969048558297","","","","","","","491-0843","愛知県一宮市柳戸町一丁目65","","","","","","","","","","","","","","","8180002076955","","","",""
"有限会社功和","7300250548534","","","","","","","110-0015","東京都台東区東上野三丁目11-1","","","","","","","","","","","","","","","5010502004229","","","",""
"有限会社幸和","4300948035563","","","","","","","569-0853","大阪府高槻市柳川町一丁目15-6","","","","","","","","","","","","","","","2122002006044","","","",""
"株式会社幸和","6310619829673","","","","","","","577-0013","大阪府東大阪市長田中三丁目2-29","","","","","","","","","","","","","","","5122001002603","","","",""
"興和インターナショナル株式会社","4746782828744","","","","","","","541-0048","大阪府大阪市中央区瓦町三丁目4-7 KCビル5F","","","","","","","","","","","","","","","2120001112714","","","",""
"光和織物合資会社","4112951538525","","","","","","","494-0007","愛知県一宮市小信中島郷西33","","","","","","","","","","","","","","","6180003011789","","","",""
"有限会社恒和産業","8439949838737","","","","","","","584-0026","大阪府富田林市緑ケ丘町2-12","","","","","","","","","","","","","","","7120102017535","","","",""
"有限会社コーエイ","9734713431024","","","","","","","594-1151","大阪府和泉市唐国町二丁目4-41","","","","","","","","","","","","","","","3120102025186","","","",""
"小円織物有限会社","5060582328105","","","","","","","677-0113","兵庫県多可郡多可町八千代区俵田35","","","","","","","","","","","","","","","2140002061710","","","",""
"コオシジャパン株式会社","2745197225368","","","","","","","541-0054","大阪府大阪市中央区南本町一丁目2-5 マヤ第2ビル","","","","","","","","","","","","","","","9120001079006","","","",""
"小吉製絨株式会社","9115390440753","","","","","","","494-0006","愛知県一宮市起西茜屋31","","","","","","","","","","","","","","","3180001084229","","","",""
"株式会社小菊精工","3131120251740","","","","","","","443-0013","愛知県蒲郡市大塚町丸山128-3","","","","","","","","","","","","","","","9180301010993","","","",""
"国際物産株式会社","8445660528129","","","","","","","542-0081","大阪府大阪市中央区南船場一丁目18-24 EWAY・BUILT南船場ビル","","","","","","","","","","","","","","","8120001079320","","","",""
"株式会社國立","5970077347714","","","","","","","650-0012","兵庫県神戸市中央区北長狭通三丁目2-3","","","","","","","","","","","","","","","8140001030818","","","",""
"株式会社コザワニット","8101972319846","","","","","","","483-8302","愛知県江南市宮田神明町天王68","","","","","","","","","","","","","","","6180001087435","","","",""
"小重織物株式会社","6400201499638","","","","","","","376-0001","群馬県桐生市菱町一丁目735-2","","","","","","","","","","","","","","","8070001015966","","","",""
"越田株式会社","5178121401100","","","","","","","541-0054","大阪府大阪市中央区南本町三丁目1-2","","","","","","","","","","","","","","","1120001077405","","","",""
"腰光産業有限会社","7747083170002","","","","","","","376-0601","群馬県桐生市梅田町二丁目492","","","","","","","","","","","","","","","2070002023420","","","",""
"有限会社児島","4175384699815","","","","","","","603-8414","京都府京都市北区紫竹大門町3","","","","","","","","","","","","","","","5130002024021","","","",""
"有限会社小島一毛織工場","7830584959761","","","","","","","595-0812","大阪府泉北郡忠岡町忠岡中一丁目28-2","","","","","","","","","","","","","","","5120102026141","","","",""
"小島インテリア株式会社","8199167032724","","","","","","","491-0124","愛知県一宮市佐千原郷前26","","","","","","","","","","","","","","","5180001082478","","","",""
"小島産業株式会社","7453141622105","","","","","","","595-0805","大阪府泉北郡忠岡町忠岡東三丁目5-23","","","","","","","","","","","","","","","6120101042948","","","",""
"株式会社小島商店","3016595918355","","","","","","","604-8353","京都府京都市中京区宮本町793","","","","","","","","","","","","","","","5130001020756","","","",""
"児島芯地製造株式会社","7413051339116","","","","","","","711-0906","岡山県倉敷市児島下の町九丁目16-34","","","","","","","","","","","","","","","6260001013250","","","",""
"株式会社小島繊維","1199461901500","","","","","","","130-0014","東京都墨田区亀沢二丁目15-2","","","","","","","","","","","","","","","1010601011889","","","",""
"小島繊維株式会社","5731948609198","","","","","","","348-0053","埼玉県羽生市南八丁目6-16","","","","","","","","","","","","","","","6030001032793","","","",""
"小島染織工業株式会社","5142216875048","","","","","","","348-0024","埼玉県羽生市大字神戸642-2","","","","","","","","","","","","","","","3030001032788","","","",""
"小杉織物株式会社","4478361364715","","","","","","","910-0303","福井県坂井市丸岡町猪爪五丁目3-1","","","","","","","","","","","","","","","6210001007538","","","",""
"有限会社小杉工房","1764486376807","","","","","","","910-0246","福井県坂井市丸岡町西瓜屋10-21","","","","","","","","","","","","","","","4210002007786","","","",""
"小杉善株式会社","2132741150624","","","","","","","562-0035","大阪府箕面市船場東一丁目10-1","","","","","","","","","","","","","","","4120901020452","","","",""
"コスミック株式会社","3997394967543","","","","","","","604-0971","京都府京都市中京区桝屋町334 富友ビル2階","","","","","","","","","","","","","","","9130001024266","","","",""
"コスモインターナショナル株式会社","3018398974029","","","","","","","491-0873","愛知県一宮市せんい二丁目9-16","","","","","","","","","","","","","","","4180001084979","","","",""
"コスモテキスタイル株式会社","4714004286231","","","","","","","541-0059","大阪府大阪市中央区博労町四丁目2-15 ヨドコウ第2ビル6F","","","","","","","","","","","","","","","7120001079412","","","",""
"有限会社コスモテキスタイル","5925878666341","","","","","","","811-2501","福岡県糟屋郡久山町大字久原3813-7","","","","","","","","","","","","","","","1290002000027","","","",""
"有限会社コーセンテックス","9180713052077","","","","","","","922-0552","石川県加賀市田尻町西179","","","","","","","","","","","","","","","9220002012376","","","",""
"株式会社小袖屋","3628881883135","","","","","","","604-8202","京都府京都市中京区突抜町125","","","","","","","","","","","","","","","9130001020769","","","",""
"コタニ株式会社","4254526706810","","","","","","","600-0000","京都府京都市下京区岩戸山町421","","","","","","","","","","","","","","","6130001017289","","","",""
"株式会社ＫＯＤＡＭＡ","5340200695326","","","","","","","496-0044","愛知県津島市立込町四丁目144","","","","","","","","","","","","","","","8180001096418","","","",""
"株式会社児玉","1194249776393","","","","","","","598-0033","大阪府泉佐野市南中安松1600-3","","","","","","","","","","","","","","","7120101039670","","","",""
"株式会社児玉商店","3173006410455","","","","","","","040-0037","北海道函館市旭町11-10","","","","","","","","","","","","","","","3440001000101","","","",""
"児玉帆布工業株式会社","7743139712169","","","","","","","555-0025","大阪府大阪市西淀川区姫里一丁目1-33","","","","","","","","","","","","","","","1120001049560","","","",""
"株式会社コッカ","6596371047720","","","","","","","541-0051","大阪府大阪市中央区備後町二丁目4-6","","","","","","","","","","","","","","","4120001079448","","","",""
"合資会社勿驚社","2921617868058","","","","","","","475-0067","愛知県半田市乙川畑田町二丁目77","","","","","","","","","","","","","","","4180003012756","","","",""
"小辻株式会社","3373857781366","","","","","","","600-8364","京都府京都市下京区突抜二丁目355","","","","","","","","","","","","","","","2130001017292","","","",""
"有限会社コットン石井","5424298764909","","","","","","","811-2321","福岡県糟屋郡粕屋町内橋西二丁目20-30","","","","","","","","","","","","","","","9290002035924","","","",""
"有限会社コットンハウス・タンノ","2843490448165","","","","","","","193-0832","東京都八王子市散田町三丁目16-17","","","","","","","","","","","","","","","5010102002640","","","",""
"有限会社コットンハリウッド","4727871713650","","","","","","","234-0054","神奈川県横浜市港南区港南台三丁目1","","","","","","","","","","","","","","","1020002018707","","","",""
"コットン・ラボ株式会社","4413389379784","","","","","","","170-0004","東京都豊島区北大塚一丁目13-4 オーク大塚ビル4F","","","","","","","","","","","","","","","5013301030957","","","",""
"小寺織物株式会社","1858271749733","","","","","","","602-0000","京都府京都市上京区烏丸町364","","","","","","","","","","","","","","","4130001002961","","","",""
"株式会社小寺商店","1739918155278","","","","","","","541-0051","大阪府大阪市中央区備後町四丁目4-3","","","","","","","","","","","","","","","5120001223442","","","",""
"コトスタイル株式会社","6798685592046","","","","","","","600-8494","京都府京都市下京区傘鉾町54 光月堂ビル2F","","","","","","","","","","","","","","","3130001047594","","","",""
"株式会社コトブキ","5352509500775","","","","","","","597-0094","大阪府貝塚市二色南町3-1","","","","","","","","","","","","","","","3120101038115","","","",""
"寿織物株式会社","1419501056282","","","","","","","597-0081","大阪府貝塚市麻生中1068-1","","","","","","","","","","","","","","","2120101038116","","","",""
"小西株式会社","9977482079695","","","","","","","518-0024","三重県伊賀市東高倉1360-2","","","","","","","","","","","","","","","2190001009813","","","",""
"有限会社コバインターナショナル","2937068086619","","","","","","","541-0057","大阪府大阪市中央区北久宝寺町二丁目2-13","","","","","","","","","","","","","","","4120002035706","","","",""
"コバオリ株式会社","3696250707261","","","","","","","603-8158","京都府京都市北区紫野宮西町16","","","","","","","","","","","","","","","2130001004761","","","",""
"有限会社小ばし","1592712810927","","","","","","","615-8282","京都府京都市西京区松尾大利町20-34","","","","","","","","","","","","","","","8130002008748","","","",""
"株式会社コバセン","6688262671416","","","","","","","110-0015","東京都台東区東上野六丁目10-1","","","","","","","","","","","","","","","7010501004500","","","",""
"有限会社コバテキスタル","3513381818599","","","","","","","101-0032","東京都千代田区岩本町二丁目17-6 デコムビル1F","","","","","","","","","","","","","","","5010002032548","","","",""
"小林當織物株式会社","2456885165107","","","","","","","376-0035","群馬県桐生市仲町一丁目4-29","","","","","","","","","","","","","","","9070001015981","","","",""
"小林株式会社","6050533569451","","","","","","","460-0008","愛知県名古屋市中区栄三丁目21-29","","","","","","","","","","","","","","","5180001035964","","","",""
"小林織物株式会社","2546221365755","","","","","","","910-0067","福井県福井市新田塚一丁目80-30","","","","","","","","","","","","","","","9210001001273","","","",""
"合資会社小林織物工場","6436082857286","","","","","","","300-2706","茨城県常総市新石下155","","","","","","","","","","","","","","","6050003001919","","","",""
"株式会社小林商事","9117635291010","","","","","","","948-0064","新潟県十日町市高田町二丁目100-54","","","","","","","","","","","","","","","6110001021012","","","",""
"有限会社小林商事","4149025437733","","","","","","","677-0066","兵庫県西脇市水尾町818-1","","","","","","","","","","","","","","","8140002061721","","","",""
"小林商事株式会社","9864012531104","","","","","","","587-0062","大阪府堺市美原区太井456-2","","","","","","","","","","","","","","","9120101021858","","","",""
"株式会社小林商店","5148564367857","","","","","","","443-0038","愛知県蒲郡市拾石町浅岡47-27","","","","","","","","","","","","","","","2180301010975","","","",""
"有限会社小林ジャガード織物","3663599220871","","","","","","","919-0446","福井県坂井市春江町中筋春日55","","","","","","","","","","","","","","","1210002001305","","","",""
"株式会社小林順蔵商店","2573939274187","","","","","","","550-0013","大阪府大阪市西区新町一丁目4-26 四ツ橋グランドビル9階","","","","","","","","","","","","","","","5120001043304","","","",""
"小林繊維株式会社","9656197071373","","","","","","","542-0081","大阪府大阪市中央区南船場一丁目15-2","","","","","","","","","","","","","","","9120001079534","","","",""
"株式会社小林彪商店","6243419518067","","","","","","","103-0007","東京都中央区日本橋浜町一丁目5-6","","","","","","","","","","","","","","","2010001043375","","","",""
"株式会社小林プランニング","4238904913090","","","","","","","494-0001","愛知県一宮市開明絹屋田4-3","","","","","","","","","","","","","","","6180001084226","","","",""
"小林釦株式会社","5924859515210","","","","","","","537-0022","大阪府大阪市東成区中本四丁目11-3","","","","","","","","","","","","","","","6120001012316","","","",""
"小菱商事株式会社","7447909840489","","","","","","","103-0011","東京都中央区日本橋大伝馬町2-7","","","","","","","","","","","","","","","4010001043316","","","",""
"小堀リボン株式会社","5565147425967","","","","","","","916-0057","福井県鯖江市有定町一丁目1-18","","","","","","","","","","","","","","","6210001012851","","","",""
"コポリ有限会社","6007699596824","","","","","","","131-0031","東京都墨田区墨田五丁目30-9","","","","","","","","","","","","","","","7010602024959","","","",""
"株式会社小巻成輔商店","4253090921454","","","","","","","600-8311","京都府京都市下京区毘沙門町48","","","","","","","","","","","","","","","4130001017324","","","",""
"駒田織布株式会社","1204858066507","","","","","","","520-1512","滋賀県高島市新旭町太田796","","","","","","","","","","","","","","","5160001011892","","","",""
"株式会社小町屋","5686790951634","","","","","","","543-0011","大阪府大阪市天王寺区清水谷町4-23","","","","","","","","","","","","","","","9120001023327","","","",""
"株式会社コマツコーポレーション","2586526648204","","","","","","","111-0041","東京都台東区元浅草三丁目1-8 雄幸ビル4階","","","","","","","","","","","","","","","9010501021188","","","",""
"小松商事株式会社","4857901810485","","","","","","","604-0072","京都府京都市中京区橋本町480","","","","","","","","","","","","","","","9130001020793","","","",""
"株式会社小松屋","3877400470674","","","","","","","604-8116","京都府京都市中京区和久屋町342","","","","","","","","","","","","","","","8130001020794","","","",""
"小松和株式会社","6960607527700","","","","","","","121-0074","東京都足立区西加平一丁目6-8","","","","","","","","","","","","","","","3010001043390","","","",""
"小松和テキスタイル株式会社","5533670738177","","","","","","","130-0004","東京都墨田区本所四丁目20-12","","","","","","","","","","","","","","","6010001100981","","","",""
"小松和ライニング株式会社","3662459637348","","","","","","","112-0014","東京都文京区関口一丁目44-10","","","","","","","","","","","","","","","7010001110534","","","",""
"コマテックス株式会社","2039157505785","","","","","","","923-1117","石川県能美市末信町ヌ80","","","","","","","","","","","","","","","2220001012012","","","",""
"株式会社コム","2183675154735","","","","","","","733-0833","広島県広島市西区商工センター二丁目12-13","","","","","","","","","","","","","","","3240001003652","","","",""
"株式会社小室商店","4003774857555","","","","","","","629-2262","京都府与謝郡与謝野町字岩滝407","","","","","","","","","","","","","","","6130001040745","","","",""
"小室撚糸株式会社","8767451366560","","","","","","","483-8001","愛知県江南市中般若町東177","","","","","","","","","","","","","","","4180001087429","","","",""
"株式会社コメチウ","2618651938006","","","","","","","641-0011","和歌山県和歌山市三葛82","","","","","","","","","","","","","","","1170001001161","","","",""
"米野織物株式会社","2365751618931","","","","","","","116-0014","東京都荒川区東日暮里三丁目33-2","","","","","","","","","","","","","","","7010501014301","","","",""
"有限会社コモ","9722393096241","","","","","","","453-0064","愛知県名古屋市中村区草薙町二丁目62-2","","","","","","","","","","","","","","","8180002034640","","","",""
"株式会社コモ","7943150521981","","","","","","","460-0008","愛知県名古屋市中区栄三丁目4-5 スカイル9F","","","","","","","","","","","","","","","2180002013716","","","",""
"有限会社コモ","4208448948578","","","","","","","263-0043","千葉県千葉市稲毛区小仲台一丁目5-12","","","","","","","","","","","","","","","2040002004398","","","",""
"株式会社コモテキスタイル","7611860726097","","","","","","","530-0016","大阪府大阪市北区中崎三丁目2-22","","","","","","","","","","","","","","","9120001205107","","","",""
"小森株式会社","5718188943334","","","","","","","443-0043","愛知県蒲郡市元町4-3","","","","","","","","","","","","","","","5180301010980","","","",""
"小森織物株式会社","3344670870755","","","","","","","603-8216","京都府京都市北区紫野門前町57","","","","","","","","","","","","","","","5130001004767","","","",""
"小森貫株式会社","1121143665338","","","","","","","600-8095","京都府京都市下京区扇酒屋町293-2","","","","","","","","","","","","","","","1130001017327","","","",""
"小谷田テックス株式会社","2253096560266","","","","","","","192-0063","東京都八王子市元横山町三丁目12-5","","","","","","","","","","","","","","","9010101001301","","","",""
"古山株式会社","2895903008328","","","","","","","150-0001","東京都渋谷区神宮前二丁目35-9 原宿リビン510","","","","","","","","","","","","","","","4080401001800","","","",""
"有限会社コヤマインターナショナル","1556369445764","","","","","","","430-0928","静岡県浜松市中央区板屋町102-4","","","","","","","","","","","","","","","7080402014294","","","",""
"小山織物株式会社","5498572843276","","","","","","","335-0027","埼玉県戸田市氷川町一丁目9-9","","","","","","","","","","","","","","","6030001020253","","","",""
"株式会社小山商店","2233853963405","","","","","","","959-1378","新潟県加茂市駅前3-3","","","","","","","","","","","","","","","9110001015201","","","",""
"株式会社コーラル","3393973465293","","","","","","","541-0056","大阪府大阪市中央区久太郎町三丁目4-3","","","","","","","","","","","","","","","9120001079617","","","",""
"株式会社コレット","6376583392309","","","","","","","541-0043","大阪府大阪市中央区高麗橋一丁目5-14","","","","","","","","","","","","","","","8120001079650","","","",""
"衣目織物株式会社","1166238221252","","","","","","","919-0305","福井県福井市徳光町38-4","","","","","","","","","","","","","","","4210001001311","","","",""
"衣ヶ浦綿糸株式会社","7540103763305","","","","","","","470-2343","愛知県知多郡武豊町字小迎30","","","","","","","","","","","","","","","6180001092204","","","",""
"株式会社誉勘商店","6813289621339","","","","","","","604-0011","京都府京都市中京区冷泉町53","","","","","","","","","","","","","","","9130001023053","","","",""
"近賢織物有限会社","2838798266424","","","","","","","992-0038","山形県米沢市城南三丁目1-48","","","","","","","","","","","","","","","9390002012814","","","",""
"譽田屋源兵衛株式会社","2161699961021","","","","","","","604-8165","京都府京都市中京区烏帽子屋町489","","","","","","","","","","","","","","","4130001023082","","","",""
"紺忠ニット株式会社","8780597035952","","","","","","","929-1171","石川県かほく市木津ニ65","","","","","","","","","","","","","","","7220001017535","","","",""
"近藤株式会社","8312896416351","","","","","","","491-0131","愛知県一宮市笹野大海戸1","","","","","","","","","","","","","","","8180001082491","","","",""
"有限会社近藤","8887081087441","","","","","","","916-0057","福井県鯖江市有定町二丁目1-16","","","","","","","","","","","","","","","1210002012970","","","",""
"有限会社近藤糸店","4197000470499","","","","","","","940-0066","新潟県長岡市東坂之上町二丁目5-4","","","","","","","","","","","","","","","7110002027569","","","",""
"近藤織物有限会社","4469515075849","","","","","","","503-0102","岐阜県大垣市墨俣町墨俣482","","","","","","","","","","","","","","","9200002013599","","","",""
"株式会社近藤丈雄商店","6336414573520","","","","","","","145-0063","東京都大田区南千束三丁目28-9","","","","","","","","","","","","","","","6010801004011","","","",""
"株式会社今野","1895765275399","","","","","","","992-0053","山形県米沢市松が岬二丁目1-66","","","","","","","","","","","","","","","5390001009864","","","",""
"有限会社紺野機業場","5591096022252","","","","","","","960-1426","福島県伊達郡川俣町字日和田2","","","","","","","","","","","","","","","7380002005705","","","",""
"有限会社紺松","5724860163193","","","","","","","452-0041","愛知県清須市西枇杷島町小野田45-1","","","","","","","","","","","","","","","7180002053856","","","",""
"株式会社郷田商店","1810905990509","","","","","","","403-0021","山梨県南都留郡西桂町下暮地411","","","","","","","","","","","","","","","7090001010504","","","",""
"有限会社合田庄","2920200723310","","","","","","","677-0043","兵庫県西脇市下戸田558","","","","","","","","","","","","","","","9140002061737","","","",""
"互交産業株式会社","1029490418474","","","","","","","116-0014","東京都荒川区東日暮里五丁目51-13 1103","","","","","","","","","","","","","","","6011501006371","","","",""
"五匠織物株式会社","5345218909814","","","","","","","602-0052","京都府京都市上京区上小川町120-1","","","","","","","","","","","","","","","4130001002953","","","",""
"後正産業株式会社","5264014685018","","","","","","","493-8001","愛知県一宮市北方町北方西金丸20","","","","","","","","","","","","","","","6180001084985","","","",""
"五大株式会社","7885867808166","","","","","","","493-0007","愛知県一宮市木曽川町外割田三の通り3-1","","","","","","","","","","","","","","","1180001084503","","","",""
"株式会社ゴッドゴーガン","7799394690876","","","","","","","553-0003","大阪府大阪市福島区福島一丁目1-48 1707号","","","","","","","","","","","","","","","3120001191880","","","",""
"株式会社後藤","9774210884965","","","","","","","444-0014","愛知県岡崎市若宮町一丁目29","","","","","","","","","","","","","","","2180301000902","","","",""
"株式会社後藤","6067229926633","","","","","","","142-0064","東京都品川区旗の台六丁目3-4","","","","","","","","","","","","","","","1010701003398","","","",""
"株式会社後藤敬","2698802676058","","","","","","","460-0002","愛知県名古屋市中区丸の内二丁目10-30","","","","","","","","","","","","","","","6180001035922","","","",""
"五藤毛織株式会社","3262317133062","","","","","","","491-0912","愛知県一宮市新生二丁目9-8","","","","","","","","","","","","","","","3180001082496","","","",""
"株式会社後藤三郎商店","8184029073393","","","","","","","604-8277","京都府京都市中京区三坊西洞院町550-4","","","","","","","","","","","","","","","9130001020777","","","",""
"株式会社後藤商会","6160595081602","","","","","","","310-0041","茨城県水戸市上水戸一丁目5-34","","","","","","","","","","","","","","","9050001000985","","","",""
"有限会社後藤商店","9982413974017","","","","","","","203-0043","東京都東久留米市下里五丁目17-2","","","","","","","","","","","","","","","3012702006576","","","",""
"互邦通商株式会社","9238323562572","","","","","","","541-0047","大阪府大阪市中央区淡路町二丁目5-8 船場ビル5F","","","","","","","","","","","","","","","6120001116901","","","",""
"株式会社ゴールドディガー","3189404918521","","","","","","","553-0003","大阪府大阪市福島区福島一丁目1-48 1707号","","","","","","","","","","","","","","","9120001189201","","","",""
"斎英織物有限会社","5278442953278","","","","","","","992-0054","山形県米沢市城西四丁目5-58","","","","","","","","","","","","","","","5390002012859","","","",""
"齋榮織物株式会社","9906642509626","","","","","","","960-1406","福島県伊達郡川俣町大字鶴沢馬場6-1","","","","","","","","","","","","","","","9380001002965","","","",""
"株式会社財木","2585702475817","","","","","","","602-0018","京都府京都市上京区玄蕃町34","","","","","","","","","","","","","","","8130001002990","","","",""
"有限会社彩栄","1796433555917","","","","","","","603-8315","京都府京都市北区衣笠荒見町20-8","","","","","","","","","","","","","","","5130002003743","","","",""
"斎藤株式会社","6463701248963","","","","","","","443-0031","愛知県蒲郡市竹島町27-5","","","","","","","","","","","","","","","1180301011000","","","",""
"サイトウインターナショナル株式会社","7704890583495","","","","","","","220-0011","神奈川県横浜市西区高島二丁目11-2","","","","","","","","","","","","","","","8020001014840","","","",""
"齋藤織物株式会社","9197486197370","","","","","","","603-8815","京都府京都市北区西賀茂中川上町21","","","","","","","","","","","","","","","1130001004845","","","",""
"株式会社斉藤勝巳商店","2482441464768","","","","","","","600-8391","京都府京都市下京区佐竹町393","","","","","","","","","","","","","","","9130001017352","","","",""
"齋藤産業有限会社","6521099731037","","","","","","","960-1422","福島県伊達郡川俣町字新中町60","","","","","","","","","","","","","","","6380002005714","","","",""
"有限会社斎藤商店","2388309279823","","","","","","","361-0052","埼玉県行田市本丸9-16","","","","","","","","","","","","","","","4030002117802","","","",""
"株式会社斎藤商店","4818702527689","","","","","","","960-8041","福島県福島市大町5-15","","","","","","","","","","","","","","","1380001000530","","","",""
"株式会社齊藤商店","3284973372859","","","","","","","116-0014","東京都荒川区東日暮里四丁目33-3","","","","","","","","","","","","","","","9011501016070","","","",""
"株式会社齊藤商店","6361786330090","","","","","","","466-0004","愛知県名古屋市昭和区広瀬町三丁目3-5","","","","","","","","","","","","","","","8180001008315","","","",""
"斎藤陸株式会社","6204394449749","","","","","","","770-8056","徳島県徳島市問屋町41","","","","","","","","","","","","","","","8480001000695","","","",""
"サイトマーケット株式会社","6496445160585","","","","","","","530-0057","大阪府大阪市北区曾根崎二丁目8-5","","","","","","","","","","","","","","","3120001098457","","","",""
"西銘通商株式会社","2592164637137","","","","","","","612-8495","京都府京都市伏見区久我森の宮町10-1","","","","","","","","","","","","","","","3130001017358","","","",""
"株式会社サウスランド","7480881699470","","","","","","","536-0005","大阪府大阪市城東区中央二丁目7-7 ライオンズマンション野江106","","","","","","","","","","","","","","","7120001014872","","","",""
"有限会社さ栄き","8179882653839","","","","","","","673-0533","兵庫県三木市緑が丘町東一丁目1-40","","","","","","","","","","","","","","","1140002030625","","","",""
"株式会社サエラ","8140389629096","","","","","","","669-2369","兵庫県丹波篠山市藤岡奥201-1","","","","","","","","","","","","","","","8140001041740","","","",""
"有限会社さかい","4850303666811","","","","","","","603-8125","京都府京都市北区小山板倉町60-1","","","","","","","","","","","","","","","8130002018086","","","",""
"株式会社酒井糸店","5458008433169","","","","","","","111-0032","東京都台東区浅草五丁目7-1","","","","","","","","","","","","","","","7010501004962","","","",""
"サカイオーベックス株式会社","8134253866459","","","","","","","918-8014","福井県福井市花堂中二丁目15-1","","","","","","","","","","","","","","","4210001001352","","","",""
"酒井織物有限会社","8388661120401","","","","","","","949-6408","新潟県南魚沼市塩沢41-2","","","","","","","","","","","","","","","2110002032904","","","",""
"株式会社酒井商店","8856839943751","","","","","","","923-0813","石川県小松市糸町2-4","","","","","","","","","","","","","","","9220001012022","","","",""
"株式会社酒井織布工場","9332062629004","","","","","","","480-0144","愛知県丹羽郡大口町下小口一丁目116","","","","","","","","","","","","","","","8180001081048","","","",""
"酒岩織布株式会社","7412705528658","","","","","","","443-0031","愛知県蒲郡市竹島町23-10","","","","","","","","","","","","","","","6180301011004","","","",""
"サカエ興産株式会社","6047197671568","","","","","","","491-0858","愛知県一宮市栄一丁目10-17","","","","","","","","","","","","","","","2180001082687","","","",""
"栄産業有限会社","7861237124161","","","","","","","776-0031","徳島県吉野川市鴨島町敷地壱町地89-1","","","","","","","","","","","","","","","5480002009128","","","",""
"さかえ染株式会社","8602073256145","","","","","","","103-0004","東京都中央区東日本橋二丁目5-7","","","","","","","","","","","","","","","1010001045389","","","",""
"サカエテキスタイル株式会社","9027249994613","","","","","","","720-0077","広島県福山市南本庄一丁目8-15","","","","","","","","","","","","","","","5240001030661","","","",""
"栄反毛株式会社","3311812172778","","","","","","","444-0012","愛知県岡崎市栄町五丁目31","","","","","","","","","","","","","","","8180303000176","","","",""
"株式会社サカエヤ","7423345804646","","","","","","","508-0038","岐阜県中津川市新町7-38","","","","","","","","","","","","","","","4200001023356","","","",""
"栄レース株式会社","7080997921620","","","","","","","665-0042","兵庫県宝塚市美幸町10-51","","","","","","","","","","","","","","","3140001081519","","","",""
"坂尾織物株式会社","9851512824686","","","","","","","520-1501","滋賀県高島市新旭町旭871","","","","","","","","","","","","","","","6160001011909","","","",""
"榊原細巾織物株式会社","8945802716118","","","","","","","440-0067","愛知県豊橋市上地町37","","","","","","","","","","","","","","","5180301005691","","","",""
"阪國織物株式会社","7799040436568","","","","","","","649-7204","和歌山県橋本市高野口町小田53","","","","","","","","","","","","","","","2170001010987","","","",""
"サカクラ株式会社","5144418871064","","","","","","","550-0005","大阪府大阪市西区西本町一丁目3-15 大阪建大ビル9階","","","","","","","","","","","","","","","1140001003400","","","",""
"有限会社サカグチウール商会","4004020971752","","","","","","","464-0041","愛知県名古屋市千種区霞ケ丘二丁目1-37","","","","","","","","","","","","","","","4180002030833","","","",""
"株式会社サカシヨー","6410469596111","","","","","","","431-3107","静岡県浜松市中央区笠井町1356-7","","","","","","","","","","","","","","","4080401001908","","","",""
"坂商株式会社","1411741932332","","","","","","","120-0005","東京都足立区綾瀬六丁目7-17","","","","","","","","","","","","","","","1011801008023","","","",""
"坂善商事株式会社","3098763147719","","","","","","","103-0002","東京都中央区日本橋馬喰町一丁目6-10","","","","","","","","","","","","","","","9010001044730","","","",""
"坂田株式会社","7160900860738","","","","","","","103-0007","東京都中央区日本橋浜町二丁目60-10","","","","","","","","","","","","","","","1010001044738","","","",""
"有限会社坂田織物","6578018429954","","","","","","","834-0105","福岡県八女郡広川町大字長延602","","","","","","","","","","","","","","","3290002047181","","","",""
"有限会社坂田八男商店","2486644544997","","","","","","","167-0033","東京都杉並区清水三丁目24-14","","","","","","","","","","","","","","","9011302003895","","","",""
"株式会社佐勝商店","9745183250919","","","","","","","955-0061","新潟県三条市林町一丁目1-10","","","","","","","","","","","","","","","8110001014146","","","",""
"有限会社坂正織物工場","7883258847907","","","","","","","300-2707","茨城県常総市本石下228","","","","","","","","","","","","","","","6050002041288","","","",""
"株式会社酒見商店","6513719128955","","","","","","","111-0054","東京都台東区鳥越一丁目30-10","","","","","","","","","","","","","","","2010501015270","","","",""
"阪本織布株式会社","3374217526876","","","","","","","583-0841","大阪府羽曳野市駒ヶ谷404","","","","","","","","","","","","","","","3120101032084","","","",""
"株式会社坂本屋","3228324026714","","","","","","","144-0052","東京都大田区蒲田四丁目19-3","","","","","","","","","","","","","","","7010801004506","","","",""
"株式会社嵯峨日記","9216585053365","","","","","","","600-8402","京都府京都市下京区大江町545","","","","","","","","","","","","","","","5130001017372","","","",""
"桜井株式会社","5135221861018","","","","","","","603-8315","京都府京都市北区衣笠荒見町5-4","","","","","","","","","","","","","","","9130001004788","","","",""
"桜繊維株式会社","4084751471857","","","","","","","470-0224","愛知県みよし市三好町森曽55-9","","","","","","","","","","","","","","","7180301019657","","","",""
"有限会社サクラダ","9041615057637","","","","","","","400-0074","山梨県甲府市千塚一丁目7-19","","","","","","","","","","","","","","","6090002001338","","","",""
"有限会社佐々井商店","2017733264156","","","","","","","701-0131","岡山県岡山市北区花尻みどり町4-108","","","","","","","","","","","","","","","1260002004402","","","",""
"佐々木株式会社","5982210216093","","","","","","","602-8158","京都府京都市上京区中務町490-4","","","","","","","","","","","","","","","1130001003013","","","",""
"株式会社佐々木商事","7581580088677","","","","","","","111-0055","東京都台東区三筋一丁目1-16","","","","","","","","","","","","","","","8010501004879","","","",""
"佐々木織産工業株式会社","6703418515168","","","","","","","918-8106","福井県福井市木田町27","","","","","","","","","","","","","","","9210001001380","","","",""
"ササキセルム株式会社","2993052404388","","","","","","","491-0873","愛知県一宮市せんい二丁目9-16","","","","","","","","","","","","","","","7180001082716","","","",""
"株式会社佐々木装飾","3075376110484","","","","","","","761-8032","香川県高松市鶴市町2047-4","","","","","","","","","","","","","","","2470001001667","","","",""
"株式会社佐々木能衣装","2230705577055","","","","","","","602-8292","京都府京都市上京区今新在家町202","","","","","","","","","","","","","","","6130001003017","","","",""
"株式会社佐々木要右衛門商店","1224987073836","","","","","","","729-3104","広島県福山市新市町大字宮内60-1","","","","","","","","","","","","","","","3240001033633","","","",""
"佐々木リボン工業株式会社","3334610525811","","","","","","","915-0885","福井県越前市大虫町14-9-5","","","","","","","","","","","","","","","4210001011640","","","",""
"有限会社佐々木レース","1080306438079","","","","","","","929-0112","石川県能美市福島町ム18","","","","","","","","","","","","","","","4220002011606","","","",""
"株式会社ササクラ","3030420988582","","","","","","","677-0015","兵庫県西脇市西脇1130","","","","","","","","","","","","","","","9140001076959","","","",""
"有限会社笹崎商店","6925569950917","","","","","","","111-0022","東京都台東区清川一丁目22-2","","","","","","","","","","","","","","","4010502004915","","","",""
"笹利織物株式会社","5378920767171","","","","","","","677-0022","兵庫県西脇市寺内91","","","","","","","","","","","","","","","6140001075559","","","",""
"ササモリ株式会社","8976081430073","","","","","","","453-0037","愛知県名古屋市中村区高道町一丁目10-26","","","","","","","","","","","","","","","8180001030434","","","",""
"ＳＡＺ　Ｐｌａｎｎｉｎｇ有限会社","4745261011919","","","","","","","530-0047","大阪府大阪市北区西天満三丁目5-4 アカシヤビル202号室","","","","","","","","","","","","","","","8120002068149","","","",""
"株式会社サーチ","6562193926029","","","","","","","550-0002","大阪府大阪市西区江戸堀一丁目14-5 肥後橋辰巳ビル3階","","","","","","","","","","","","","","","1120001055377","","","",""
"株式会社さつま屋法衣店","2543670184628","","","","","","","600-8334","京都府京都市下京区西若松町267","","","","","","","","","","","","","","","1130001017392","","","",""
"佐藤株式会社","8355679785728","","","","","","","376-0021","群馬県桐生市巴町二丁目1832","","","","","","","","","","","","","","","3070001016052","","","",""
"有限会社佐藤織物","3672387933098","","","","","","","444-0825","愛知県岡崎市福岡町上高須19","","","","","","","","","","","","","","","7180302001416","","","",""
"佐藤織物有限会社","1074843409586","","","","","","","960-1408","福島県伊達郡川俣町大字羽田瓜蕪良内74","","","","","","","","","","","","","","","8380002005712","","","",""
"佐藤織物有限会社","6084729089541","","","","","","","501-6206","岐阜県羽島市新生町二丁目170-2","","","","","","","","","","","","","","","9200002010704","","","",""
"株式会社佐藤商会","2366030095280","","","","","","","220-0023","神奈川県横浜市西区平沼二丁目3-1","","","","","","","","","","","","","","","1020001014913","","","",""
"佐藤商事株式会社","5138633613842","","","","","","","192-0071","東京都八王子市八日町2-3","","","","","","","","","","","","","","","7010101001468","","","",""
"有限会社佐藤博己機業","3644810506304","","","","","","","940-0134","新潟県長岡市栃尾原町一丁目3-31","","","","","","","","","","","","","","","9110002031148","","","",""
"佐藤ブランド工業有限会社","3155102147470","","","","","","","910-0262","福井県坂井市丸岡町栄二丁目303","","","","","","","","","","","","","","","6210002007792","","","",""
"株式会社佐藤万","3893456548784","","","","","","","103-0005","東京都中央区日本橋久松町6-5","","","","","","","","","","","","","","","3010001044711","","","",""
"有限会社サトー商会","4255927965594","","","","","","","969-0285","福島県西白河郡矢吹町花咲121","","","","","","","","","","","","","","","5380002017859","","","",""
"里村株式会社","2331329229913","","","","","","","111-0053","東京都台東区浅草橋一丁目25-1 第1NSビル2階","","","","","","","","","","","","","","","6010501015267","","","",""
"株式会社さなり","3833715437762","","","","","","","602-0000","京都府京都市上京区近衛殿北口町192","","","","","","","","","","","","","","","1130001035064","","","",""
"株式会社ＳＵＮＮＹ　ＬＩＦＥ","3864910008551","","","","","","","541-0057","大阪府大阪市中央区北久宝寺町二丁目6-10","","","","","","","","","","","","","","","5120001165412","","","",""
"佐野クラフト株式会社","4951881051931","","","","","","","948-0008","新潟県十日町市尾崎378-1","","","","","","","","","","","","","","","6110001021020","","","",""
"株式会社佐野商店","2303051062514","","","","","","","603-8117","京都府京都市北区紫竹上高才町1-3","","","","","","","","","","","","","","","5130001003026","","","",""
"佐野ワインダー株式会社","2378077572906","","","","","","","432-8005","静岡県浜松市中央区神ケ谷町7698","","","","","","","","","","","","","","","6080401001996","","","",""
"株式会社サハラ","6869828116421","","","","","","","131-0046","東京都墨田区京島三丁目14-8","","","","","","","","","","","","","","","4010601011234","","","",""
"株式会社佐波理","7273954114972","","","","","","","603-8478","京都府京都市北区大宮釈迦谷10-10","","","","","","","","","","","","","","","6130001004799","","","",""
"サミット有限会社","5388415625755","","","","","","","108-0074","東京都港区高輪三丁目11-5 IEIイマス高輪ビルB1F","","","","","","","","","","","","","","","1010702003629","","","",""
"株式会社沢井","5762205793549","","","","","","","111-0053","東京都台東区浅草橋四丁目19-6 沢井ビル内","","","","","","","","","","","","","","","4010501004965","","","",""
"株式会社澤英","2569791767211","","","","","","","483-8257","愛知県江南市上奈良町神明37-2","","","","","","","","","","","","","","","1180001087456","","","",""
"有限会社サワコインターナショナル","3646217696301","","","","","","","151-0064","東京都渋谷区上原一丁目35-1 212号","","","","","","","","","","","","","","","3011002004324","","","",""
"株式会社サワショウ","8581924303963","","","","","","","590-0450","大阪府泉南郡熊取町大宮四丁目1038-1","","","","","","","","","","","","","","","5120101040936","","","",""
"澤田株式会社","8981754785059","","","","","","","595-0004","大阪府泉大津市千原町二丁目2-19","","","","","","","","","","","","","","","5120101042346","","","",""
"有限会社澤田毛糸企画創糸社","8810100224118","","","","","","","444-0044","愛知県岡崎市康生通南三丁目55","","","","","","","","","","","","","","","7180302003841","","","",""
"株式会社沢田商店","8635314119130","","","","","","","604-8252","京都府京都市中京区越後突抜町312-1","","","","","","","","","","","","","","","8130001020893","","","",""
"澤水織物株式会社","6362523796727","","","","","","","649-7202","和歌山県橋本市高野口町伏原28-3","","","","","","","","","","","","","","","4170001010977","","","",""
"澤村株式会社","9925373673986","","","","","","","541-0054","大阪府大阪市中央区南本町一丁目4-8","","","","","","","","","","","","","","","7120001077424","","","",""
"株式会社沢本織物","1986901918553","","","","","","","603-8315","京都府京都市北区衣笠荒見町13","","","","","","","","","","","","","","","8130001004806","","","",""
"株式会社澤屋","1282782599510","","","","","","","602-8488","京都府京都市上京区真倉町770","","","","","","","","","","","","","","","3130001003036","","","",""
"三愛株式会社","8231307373865","","","","","","","604-0881","京都府京都市中京区坂本町701-2","","","","","","","","","","","","","","","1130001020900","","","",""
"三愛繊維株式会社","5668808180820","","","","","","","594-0074","大阪府和泉市小田町三丁目8-25","","","","","","","","","","","","","","","4120101041456","","","",""
"有限会社サン・アルファー","5835107523783","","","","","","","604-0031","京都府京都市中京区頭町15","","","","","","","","","","","","","","","3130002016409","","","",""
"株式会社サンアロー","1113442786473","","","","","","","193-0932","東京都八王子市緑町767-18","","","","","","","","","","","","","","","9010501005125","","","",""
"株式会社サンウェル","9772580410019","","","","","","","541-0046","大阪府大阪市中央区平野町二丁目1-10","","","","","","","","","","","","","","","3120001105262","","","",""
"株式会社サンウェルパートナーズ","7957661145219","","","","","","","541-0046","大阪府大阪市中央区平野町二丁目1-10","","","","","","","","","","","","","","","9120001086753","","","",""
"株式会社サンエ","6319246865386","","","","","","","911-0802","福井県勝山市昭和町三丁目2-58","","","","","","","","","","","","","","","5210001010030","","","",""
"有限会社サンエーアラキ","7227026395748","","","","","","","683-0004","鳥取県米子市上福原五丁目12-43","","","","","","","","","","","","","","","3270002005926","","","",""
"有限会社三栄インポート","3373458306259","","","","","","","141-0032","東京都品川区大崎三丁目6-21","","","","","","","","","","","","","","","8200002010721","","","",""
"三英ケミカル株式会社","2164169968173","","","","","","","761-8064","香川県高松市上之町一丁目10-1","","","","","","","","","","","","","","","1470001001560","","","",""
"山栄商事株式会社","1249515098495","","","","","","","110-0014","東京都台東区北上野一丁目4-3","","","","","","","","","","","","","","","8010501004573","","","",""
"三榮疊材有限会社","3037340670541","","","","","","","811-2207","福岡県糟屋郡志免町南里六丁目2-7","","","","","","","","","","","","","","","3290002015361","","","",""
"山栄繊維株式会社","2060229503233","","","","","","","918-8104","福井県福井市板垣三丁目1615","","","","","","","","","","","","","","","3210001004240","","","",""
"山栄テキスタイル株式会社","1707148701557","","","","","","","103-0007","東京都中央区日本橋浜町二丁目29-2","","","","","","","","","","","","","","","9010001044631","","","",""
"サンエス株式会社","9214028404712","","","","","","","923-0000","石川県小松市符津町ソ62","","","","","","","","","","","","","","","5220001012026","","","",""
"有限会社サンエバー","1526953287523","","","","","","","501-6035","岐阜県羽島郡笠松町円城寺471","","","","","","","","","","","","","","","1200002010744","","","",""
"サンエール株式会社","3794938145697","","","","","","","732-0828","広島県広島市南区京橋町5-14","","","","","","","","","","","","","","","1240001003877","","","",""
"有限会社サンキ","2948732962737","","","","","","","939-0234","富山県射水市二口2303-1","","","","","","","","","","","","","","","7230002014010","","","",""
"三喜商事株式会社","3165370982891","","","","","","","107-0052","東京都港区赤坂二丁目5-8 ヒューリックJP赤坂ビル7階","","","","","","","","","","","","","","","9120001080426","","","",""
"有限会社サンキ・ファブリック","9921607755675","","","","","","","918-8207","福井県福井市円山一丁目1001","","","","","","","","","","","","","","","6210002001424","","","",""
"三協株式会社","4339152411002","","","","","","","910-0804","福井県福井市高木中央一丁目1703-1","","","","","","","","","","","","","","","2210001001453","","","",""
"三京株式会社","2232850754116","","","","","","","604-8156","京都府京都市中京区山伏山町540 丸池藤井ビル4階","","","","","","","","","","","","","","","7130001020911","","","",""
"三協織物株式会社","6321033801118","","","","","","","430-0846","静岡県浜松市中央区白羽町610-6","","","","","","","","","","","","","","","4080401001924","","","",""
"三協織物株式会社","4169977059050","","","","","","","355-0328","埼玉県比企郡小川町大字大塚7-1","","","","","","","","","","","","","","","5030001071504","","","",""
"有限会社山京化成","1247273554811","","","","","","","602-8414","京都府京都市下京区北小路町453","","","","","","","","","","","","","","","1130002003061","","","",""
"三協金糸株式会社","9161826451566","","","","","","","603-8472","京都府京都市北区大宮北山ノ前町18-3","","","","","","","","","","","","","","","6130001004816","","","",""
"三京商事株式会社","9527314700533","","","","","","","619-0223","京都府木津川市相楽台九丁目5-7","","","","","","","","","","","","","","","9130001036716","","","",""
"三協織布株式会社","5274912880413","","","","","","","594-0031","大阪府和泉市伏屋町一丁目6-65","","","","","","","","","","","","","","","6120101041462","","","",""
"三共生興株式会社","4319268389862","","","","","","","103-0006","東京都中央区日本橋富沢町11-12","","","","","","","","","","","","","","","6140001007875","","","",""
"株式会社サンクスコーポレーション","4344399465896","","","","","","","929-0103","石川県能美市五間堂町乙9","","","","","","","","","","","","","","","9220001012773","","","",""
"株式会社三景","9374552198053","","","","","","","135-0062","東京都江東区東雲一丁目7-12 KDX豊洲グランスクエア6F","","","","","","","","","","","","","","","7010601037706","","","",""
"有限会社三恵コーポレーション","7546477585559","","","","","","","010-1424","秋田県秋田市御野場八丁目7-20","","","","","","","","","","","","","","","4410002004284","","","",""
"三啓ニット株式会社","7300003849485","","","","","","","939-1861","富山県南砺市城端1330","","","","","","","","","","","","","","","6230001008864","","","",""
"蚕光株式会社","7345947586121","","","","","","","602-8448","京都府京都市上京区元北小路町165","","","","","","","","","","","","","","","7130001003049","","","",""
"三光金糸株式会社","3538208274225","","","","","","","603-8406","京都府京都市北区大宮東小野堀町16-1","","","","","","","","","","","","","","","6130001004824","","","",""
"三幸工業株式会社","6336940382754","","","","","","","550-0003","大阪府大阪市西区京町堀二丁目2-10 田中ビル2F","","","","","","","","","","","","","","","1120001043654","","","",""
"サンコーセンイ株式会社","3648110540443","","","","","","","929-1601","石川県鹿島郡中能登町西馬場ヘ部98","","","","","","","","","","","","","","","8220001015694","","","",""
"サンコロナ小田株式会社","6555512727118","","","","","","","541-0053","大阪府大阪市中央区本町二丁目1-6 堺筋本町センタービル4F","","","","","","","","","","","","","","","4120001080100","","","",""
"株式会社三才","7834454143149","","","","","","","603-8135","京都府京都市北区出雲路俵町43","","","","","","","","","","","","","","","2130001004828","","","",""
"三枝織物株式会社","3902579160254","","","","","","","533-0022","大阪府大阪市東淀川区菅原四丁目1-3","","","","","","","","","","","","","","","9120101032120","","","",""
"三州株式会社","1513530462624","","","","","","","443-0045","愛知県蒲郡市旭町7-5","","","","","","","","","","","","","","","5180301011021","","","",""
"三州資材工業株式会社","2631700910832","","","","","","","444-0521","愛知県西尾市吉良町上横須賀六石目5","","","","","","","","","","","","","","","3180301023019","","","",""
"三晶実業株式会社","7685497798150","","","","","","","103-0027","東京都中央区日本橋三丁目2-9 三晶ビル9階","","","","","","","","","","","","","","","4010001044479","","","",""
"三昌貿易株式会社","4466617082314","","","","","","","530-0002","大阪府大阪市北区曾根崎新地二丁目4-7","","","","","","","","","","","","","","","2120001064609","","","",""
"三生貿易株式会社","8588398009806","","","","","","","460-0008","愛知県名古屋市中区栄一丁目12-6 秋月ハイツ404号室","","","","","","","","","","","","","","","9180001036109","","","",""
"三信商事株式会社","7282225476812","","","","","","","871-0006","大分県中津市大字東浜1128-20","","","","","","","","","","","","","","","7320001010777","","","",""
"株式会社三条","6946702108916","","","","","","","500-8346","岐阜県岐阜市清760-7","","","","","","","","","","","","","","","4200001002236","","","",""
"有限会社サンセール","2141113807619","","","","","","","151-0066","東京都渋谷区西原三丁目1-10","","","","","","","","","","","","","","","9011002004401","","","",""
"三多国際株式会社","7436343315160","","","","","","","556-0017","大阪府大阪市浪速区湊町二丁目2-5 A1615","","","","","","","","","","","","","","","5120001162871","","","",""
"有限会社サンタメンテナンス","2878360130492","","","","","","","918-8076","福井県福井市本堂町62 字大光5番地1","","","","","","","","","","","","","","","7210002004517","","","",""
"株式会社サンダイヤ","6181301113161","","","","","","","636-0941","奈良県生駒郡平群町緑ヶ丘五丁目7-17","","","","","","","","","","","","","","","7150001006999","","","",""
"株式会社サンティエ","5617765411243","","","","","","","151-0063","東京都渋谷区富ケ谷一丁目51-4","","","","","","","","","","","","","","","1011001037161","","","",""
"株式会社サンテクニクス","8407953739726","","","","","","","151-0071","東京都渋谷区本町一丁目11-20","","","","","","","","","","","","","","","6011001050589","","","",""
"有限会社サンテックス","9082775010790","","","","","","","230-0051","神奈川県横浜市鶴見区鶴見中央二丁目2-4 207号","","","","","","","","","","","","","","","3020002069616","","","",""
"株式会社サンデーベスト","8993627410497","","","","","","","590-0111","大阪府堺市南区三原台四丁16-13","","","","","","","","","","","","","","","3120001080150","","","",""
"株式会社サント","4530227340435","","","","","","","111-0056","東京都台東区小島一丁目4-7 中銀マンシオン1-B","","","","","","","","","","","","","","","9010501005174","","","",""
"三都株式会社","4336643067958","","","","","","","603-8145","京都府京都市北区小山堀池町33-6","","","","","","","","","","","","","","","3130001004835","","","",""
"株式会社三徳","7891778632107","","","","","","","542-0081","大阪府大阪市中央区南船場三丁目7-29","","","","","","","","","","","","","","","3120001109354","","","",""
"株式会社サントネ","4424073879374","","","","","","","540-0036","大阪府大阪市中央区船越町二丁目3-7","","","","","","","","","","","","","","","1120001098616","","","",""
"株式会社サント・ノーレ","4246951339207","","","","","","","060-0007","北海道札幌市中央区北七条西十七丁目7-14","","","","","","","","","","","","","","","8430001019344","","","",""
"山東株式会社","6673375709904","","","","","","","640-8034","和歌山県和歌山市駿河町38","","","","","","","","","","","","","","","8170001001403","","","",""
"サンナイス株式会社","6214781098338","","","","","","","558-0041","大阪府大阪市住吉区南住吉一丁目6-24","","","","","","","","","","","","","","","9120001180812","","","",""
"山王織布株式会社","9462644425857","","","","","","","679-1124","兵庫県多可郡多可町中区森本423-2","","","","","","","","","","","","","","","6140001075567","","","",""
"株式会社サンビッグ","4619952907086","","","","","","","597-0061","大阪府貝塚市浦田179","","","","","","","","","","","","","","","1120101038026","","","",""
"株式会社サンファスニングシステムズ","9821645828874","","","","","","","103-0004","東京都中央区東日本橋二丁目15-5","","","","","","","","","","","","","","","9010001017810","","","",""
"サンフェルト株式会社","3603978659007","","","","","","","111-0053","東京都台東区浅草橋三丁目8-5 VORT浅草橋8F","","","","","","","","","","","","","","","3010501033668","","","",""
"三福商事株式会社","2435905373653","","","","","","","130-0002","東京都墨田区業平三丁目7-12","","","","","","","","","","","","","","","1010601019370","","","",""
"有限会社サンプラス","9400173923267","","","","","","","649-7203","和歌山県橋本市高野口町名古曽930","","","","","","","","","","","","","","","9170002010922","","","",""
"有限会社三朋","2793807135615","","","","","","","326-0053","栃木県足利市伊勢町四丁目9-4","","","","","","","","","","","","","","","4060002036306","","","",""
"有限会社三綿","4796828554814","","","","","","","444-0241","愛知県岡崎市赤渋町千反原29","","","","","","","","","","","","","","","5180302001335","","","",""
"サンモール株式会社","4288462670105","","","","","","","450-0002","愛知県名古屋市中村区名駅五丁目4-14","","","","","","","","","","","","","","","2180001030489","","","",""
"有限会社三友","4277465423534","","","","","","","761-1705","香川県高松市香川町川東下536-1","","","","","","","","","","","","","","","9470002009728","","","",""
"三友漁網有限会社","8857401693681","","","","","","","798-4406","愛媛県南宇和郡愛南町広見2835","","","","","","","","","","","","","","","2500002023970","","","",""
"三陽株式会社","4342416040995","","","","","","","460-0002","愛知県名古屋市中区丸の内二丁目11-29","","","","","","","","","","","","","","","6180001036136","","","",""
"三洋株式会社","3168237724059","","","","","","","616-8416","京都府京都市右京区嵯峨大覚寺門前井頭町12-133","","","","","","","","","","","","","","","3130001000909","","","",""
"株式会社山陽クリエイティブ","3370661453243","","","","","","","700-0975","岡山県岡山市北区今四丁目9-23 第一今ビル202","","","","","","","","","","","","","","","2260001011919","","","",""
"三洋毛織株式会社","7168006994489","","","","","","","494-0001","愛知県一宮市開明神明郭30-1","","","","","","","","","","","","","","","3180001084245","","","",""
"三容商工株式会社","5923941376050","","","","","","","114-0013","東京都北区東田端二丁目10-14 セ・ル・メゾンコダマ1階","","","","","","","","","","","","","","","2010001017247","","","",""
"三陽商事株式会社","8107220139948","","","","","","","501-0115","岐阜県岐阜市鏡島南二丁目8-27","","","","","","","","","","","","","","","9200001002314","","","",""
"株式会社三要商店","5901475797003","","","","","","","326-0027","栃木県足利市宮北町8-20","","","","","","","","","","","","","","","8060001018680","","","",""
"有限会社三陽繊維","7157497587831","","","","","","","039-3321","青森県東津軽郡平内町大字小湊後萢59-11","","","","","","","","","","","","","","","1420002003362","","","",""
"賛羊フタミ株式会社","2219553795373","","","","","","","120-0012","東京都足立区青井三丁目32-7","","","","","","","","","","","","","","","9011801015846","","","",""
"株式会社サンヨーコーポレーション","4651705328244","","","","","","","739-2316","広島県東広島市豊栄町安宿3620","","","","","","","","","","","","","","","4240001022560","","","",""
"有限会社サンライズトレーディング","3482189556975","","","","","","","919-0727","福井県あわら市下金屋31-11158","","","","","","","","","","","","","","","9210002007311","","","",""
"株式会社サンライト","4928029440296","","","","","","","483-8076","愛知県江南市村久野町上原143","","","","","","","","","","","","","","","4180001087453","","","",""
"株式会社三立","3186657748599","","","","","","","541-0055","大阪府大阪市中央区船場中央三丁目1-7","","","","","","","","","","","","","","","7120901010987","","","",""
"サン・ルック株式会社","9927590978455","","","","","","","918-8239","福井県福井市成和二丁目611","","","","","","","","","","","","","","","5210001001491","","","",""
"株式会社サン・ロッシェ","1128632589843","","","","","","","151-0051","東京都渋谷区千駄ケ谷三丁目3-8 第五スカイビル503号","","","","","","","","","","","","","","","9120001044059","","","",""
"株式会社サンワ","3521257559771","","","","","","","539-0000","大阪府大阪市中央区玉造一丁目11-15 ミナミビル","","","","","","","","","","","","","","","5120001080306","","","",""
"三和企業有限会社","3949013167304","","","","","","","483-8409","愛知県江南市小杁町長者毛西116","","","","","","","","","","","","","","","4180002081901","","","",""
"株式会社三和商会","8731330799467","","","","","","","577-0013","大阪府東大阪市長田中三丁目2-26","","","","","","","","","","","","","","","7122001012815","","","",""
"三和商事株式会社","6083500410643","","","","","","","740-0018","山口県岩国市麻里布町七丁目2-22","","","","","","","","","","","","","","","1250001011391","","","",""
"三和シール工業株式会社","8213012085769","","","","","","","649-7202","和歌山県橋本市高野口町伏原334","","","","","","","","","","","","","","","7170001010982","","","",""
"株式会社三和繊維","7016141412235","","","","","","","640-8483","和歌山県和歌山市園部888-2","","","","","","","","","","","","","","","8170001001452","","","",""
"三和繊維株式会社","2629791120943","","","","","","","112-0011","東京都文京区千石四丁目39-19 三和第一ビル","","","","","","","","","","","","","","","4010001002890","","","",""
"株式会社三和倉庫","4273761237262","","","","","","","354-0044","埼玉県入間郡三芳町大字北永井447","","","","","","","","","","","","","","","6030002077078","","","",""
"サンワード株式会社","8532465517978","","","","","","","543-0071","大阪府大阪市天王寺区生玉町2-3 小出ビル2F","","","","","","","","","","","","","","","3120001023530","","","",""
"三和綿業株式会社","9027487319266","","","","","","","794-0026","愛媛県今治市別宮町二丁目3-1","","","","","","","","","","","","","","","6500001011642","","","",""
"ＣＩＥ株式会社","1574479063011","","","","","","","007-0883","北海道札幌市東区北丘珠三条三丁目2-10","","","","","","","","","","","","","","","3430001033721","","","",""
"シーアイランドクラブ株式会社","5075154869244","","","","","","","103-0012","東京都中央区日本橋堀留町一丁目5-7 ユービル4階","","","","","","","","","","","","","","","1010001046560","","","",""
"有限会社シェー・アンド・シェー","5496189500255","","","","","","","661-0013","兵庫県尼崎市栗山町一丁目11-7","","","","","","","","","","","","","","","7140002043506","","","",""
"有限会社シ・エッチ・ケイ","8030249115472","","","","","","","541-0057","大阪府大阪市中央区北久宝寺町一丁目5-6","","","","","","","","","","","","","","","4120002036084","","","",""
"ＣＦ－ＬＡＢ株式会社","1093339942881","","","","","","","550-0004","大阪府大阪市西区靱本町一丁目12-4","","","","","","","","","","","","","","","7120001047468","","","",""
"シェルサンジャパン有限会社","4826970946845","","","","","","","541-0054","大阪府大阪市中央区南本町二丁目6-5","","","","","","","","","","","","","","","2120002036053","","","",""
"塩谷商事株式会社","3049902440345","","","","","","","604-8118","京都府京都市中京区道祐町145","","","","","","","","","","","","","","","7130001021026","","","",""
"塩見商事株式会社","3554344368119","","","","","","","651-0092","兵庫県神戸市中央区生田町一丁目1-31","","","","","","","","","","","","","","","7140001008195","","","",""
"塩屋株式会社","9406737986574","","","","","","","627-0201","京都府京丹後市丹後町間人1961","","","","","","","","","","","","","","","5130001042949","","","",""
"シオン株式会社","1668002123732","","","","","","","130-0003","東京都墨田区横川四丁目8-23","","","","","","","","","","","","","","","1010601034080","","","",""
"株式会社シオン","8556674865015","","","","","","","013-0063","秋田県横手市婦気大堤堤下247-1","","","","","","","","","","","","","","","1410001009238","","","",""
"有限会社志賀クリーンセンター","8683788989842","","","","","","","925-0147","石川県羽咋郡志賀町大島五1-15","","","","","","","","","","","","","","","8220002014852","","","",""
"株式会社シカタ","5480822183297","","","","","","","600-8476","京都府京都市下京区喜吉町155","","","","","","","","","","","","","","","2130001017524","","","",""
"滋賀麻工業株式会社","8454752345616","","","","","","","529-1313","滋賀県愛知郡愛荘町市583","","","","","","","","","","","","","","","4160001008320","","","",""
"滋賀県麻織物工業協同組合","7110147782021","","","","","","","529-1313","滋賀県愛知郡愛荘町市583","","","","","","","","","","","","","","","2160005004912","","","",""
"滋賀スリッター工業有限会社","1218860691469","","","","","","","520-3045","滋賀県栗東市高野333-1","","","","","","","","","","","","","","","6160002012708","","","",""
"有限会社織季彩","9467674192330","","","","","","","444-1164","愛知県安城市藤井町西山62","","","","","","","","","","","","","","","4180302017761","","","",""
"敷島カンバス株式会社","5586507102155","","","","","","","541-0051","大阪府大阪市中央区備後町三丁目2-6 シキボウビル3F","","","","","","","","","","","","","","","3120001080951","","","",""
"株式会社シキボウサービス","2185603902466","","","","","","","541-0051","大阪府大阪市中央区備後町三丁目2-6","","","","","","","","","","","","","","","9120001080946","","","",""
"株式会社シグナル","2026466639315","","","","","","","594-1134","大阪府和泉市大野町127","","","","","","","","","","","","","","","7120101041511","","","",""
"株式会社シゲジン","7520453610467","","","","","","","600-8897","京都府京都市下京区西七条御前田町6-4","","","","","","","","","","","","","","","7130001017528","","","",""
"株式会社茂野商店","3412526200076","","","","","","","541-0056","大阪府大阪市中央区久太郎町一丁目1-2","","","","","","","","","","","","","","","2120001080960","","","",""
"重松株式会社","6640323778288","","","","","","","839-0841","福岡県久留米市御井旗崎一丁目4-26","","","","","","","","","","","","","","","9290001048943","","","",""
"紫紘株式会社","7130466264521","","","","","","","602-8416","京都府京都市上京区東千本町411","","","","","","","","","","","","","","","3130001004868","","","",""
"有限会社シーシーエヌ・カンパニー","7030778712165","","","","","","","103-0007","東京都中央区日本橋浜町三丁目7-3 浜町KIビル301号","","","","","","","","","","","","","","","7010002032678","","","",""
"株式会社ＣＣＢ","8279807011201","","","","","","","107-0052","東京都港区赤坂七丁目6-15 赤坂ロイヤルビル306室","","","","","","","","","","","","","","","9240001042042","","","",""
"七龍株式会社","3198143062338","","","","","","","326-0814","栃木県足利市通二丁目13-13","","","","","","","","","","","","","","","3060001018710","","","",""
"志津川漁業資材合同会社","5923484576718","","","","","","","986-0743","宮城県本吉郡南三陸町志津川南町203-8","","","","","","","","","","","","","","","9370503000006","","","",""
"信友株式会社","1972394694172","","","","","","","460-0008","愛知県名古屋市中区栄二丁目11-30 セントラルビル7F","","","","","","","","","","","","","","","3180001036931","","","",""
"株式会社志野商店","2532663482831","","","","","","","541-0057","大阪府大阪市中央区北久宝寺町一丁目9-6","","","","","","","","","","","","","","","9120001135972","","","",""
"株式会社紫野せんだん","3025315801972","","","","","","","611-0042","京都府宇治市小倉町南堀池102-17","","","","","","","","","","","","","","","2130001003961","","","",""
"篠田商事株式会社","5458381883629","","","","","","","604-8205","京都府京都市中京区三条町330","","","","","","","","","","","","","","","4130001021053","","","",""
"篠原株式会社","1467281504612","","","","","","","326-0814","栃木県足利市通四丁目2798","","","","","","","","","","","","","","","6060001018716","","","",""
"篠原テキスタイル株式会社","3339401914467","","","","","","","720-1134","広島県福山市駅家町大字中島703","","","","","","","","","","","","","","","4240001030885","","","",""
"篠春織物株式会社","3178491129357","","","","","","","629-3101","京都府京丹後市網野町網野573-4","","","","","","","","","","","","","","","9130001042870","","","",""
"柴垣織物株式会社","6612037147345","","","","","","","925-0001","石川県羽咋市柴垣町砂山1","","","","","","","","","","","","","","","8220001016032","","","",""
"合資会社柴垣久夫毛織","2825938659094","","","","","","","491-0143","愛知県一宮市浅井町大野宮東1048","","","","","","","","","","","","","","","5180003011443","","","",""
"柴田株式会社","9325968338422","","","","","","","939-1542","富山県南砺市梅ケ島238","","","","","","","","","","","","","","","8230001008490","","","",""
"柴田株式会社","2077240913369","","","","","","","492-8071","愛知県稲沢市下津本郷町43","","","","","","","","","","","","","","","1180001085872","","","",""
"シバタテクノテキス株式会社","6251335774071","","","","","","","493-0003","愛知県一宮市木曽川町三ツ法寺辻前11","","","","","","","","","","","","","","","5180001084788","","","",""
"有限会社芝野敷布工場","6312132432204","","","","","","","598-0021","大阪府泉佐野市日根野7190","","","","","","","","","","","","","","","8120102023656","","","",""
"株式会社シバハラ","8358195681172","","","","","","","520-3004","滋賀県栗東市上砥山225","","","","","","","","","","","","","","","3160001014344","","","",""
"株式会社芝原商店","8371530281906","","","","","","","910-0006","福井県福井市中央三丁目2-12","","","","","","","","","","","","","","","3210001001642","","","",""
"株式会社柴孫","8528717831619","","","","","","","103-0006","東京都中央区日本橋富沢町3-7","","","","","","","","","","","","","","","1010001046222","","","",""
"株式会社柴増","7371708636109","","","","","","","604-8163","京都府京都市中京区鯉山町513","","","","","","","","","","","","","","","7130001021059","","","",""
"芝村商店株式会社","6135328935659","","","","","","","541-0046","大阪府大阪市中央区平野町三丁目4-2 NCビル301号","","","","","","","","","","","","","","","8120001163504","","","",""
"柴屋株式会社","9143949279089","","","","","","","541-0051","大阪府大阪市中央区備後町三丁目3-3 サンビル備後町7F","","","","","","","","","","","","","","","3120001081140","","","",""
"有限会社シフォーネ","4868172459852","","","","","","","101-0032","東京都千代田区岩本町二丁目5-8 パステルコート神田岩本町905","","","","","","","","","","","","","","","4010002027904","","","",""
"株式会社渋谷","4882238925693","","","","","","","503-2305","岐阜県安八郡神戸町大字神戸1745-1","","","","","","","","","","","","","","","2200001014596","","","",""
"株式会社Ｓｈｅｅｐｌ","9686161325240","","","","","","","631-0046","奈良県奈良市西千代ヶ丘二丁目18-1","","","","","","","","","","","","","","","1150001019882","","","",""
"株式会社紫峯","5901183554986","","","","","","","602-8202","京都府京都市上京区栄町677","","","","","","","","","","","","","","","8130001003114","","","",""
"島市機業株式会社","3351895118874","","","","","","","954-0057","新潟県見附市新町三丁目4-31","","","","","","","","","","","","","","","2110001024968","","","",""
"株式会社嶋善","9555822939049","","","","","","","819-0025","福岡県福岡市西区石丸三丁目1-12","","","","","","","","","","","","","","","9290001000276","","","",""
"島善織物株式会社","3617899243484","","","","","","","948-0024","新潟県十日町市諏訪町219","","","","","","","","","","","","","","","4110001021039","","","",""
"有限会社島田機業店","3556689898977","","","","","","","602-8314","京都府京都市上京区佐竹町117","","","","","","","","","","","","","","","7130002002446","","","",""
"株式会社島田繁商店","4986728925144","","","","","","","595-0031","大阪府泉大津市我孫子一丁目4-31","","","","","","","","","","","","","","","5120101042370","","","",""
"島田商事株式会社","3780142887395","","","","","","","910-0023","福井県福井市順化二丁目7-3","","","","","","","","","","","","","","","4210001001682","","","",""
"株式会社島田商店","4490283524026","","","","","","","918-8239","福井県福井市成和一丁目2313","","","","","","","","","","","","","","","3210001001683","","","",""
"島田製織株式会社","5967936220528","","","","","","","677-0054","兵庫県西脇市野村町1796-67","","","","","","","","","","","","","","","6140001075591","","","",""
"シマダテキスタイル株式会社","1268962563303","","","","","","","327-0831","栃木県佐野市浅沼町175","","","","","","","","","","","","","","","8060001020397","","","",""
"株式会社シマヌキ","1536719905392","","","","","","","992-0081","山形県米沢市下小菅978-1","","","","","","","","","","","","","","","8390001012766","","","",""
"有限会社島野商店","5363281699331","","","","","","","125-0032","東京都葛飾区水元四丁目13-3","","","","","","","","","","","","","","","3011802003822","","","",""
"株式会社シマムラ","3175769226328","","","","","","","197-0804","東京都あきる野市秋川六丁目17-11","","","","","","","","","","","","","","","1010102003361","","","",""
"株式会社シマモト","3203625549871","","","","","","","546-0033","大阪府大阪市東住吉区南田辺一丁目5-40","","","","","","","","","","","","","","","2120001009976","","","",""
"清水株式会社","4058330523181","","","","","","","545-0012","大阪府大阪市阿倍野区桃ケ池町一丁目4-12","","","","","","","","","","","","","","","2120001081257","","","",""
"株式会社清水","2990097775392","","","","","","","500-8846","岐阜県岐阜市玉姓町三丁目14","","","","","","","","","","","","","","","5200001006194","","","",""
"株式会社清水","1061523102441","","","","","","","923-0911","石川県小松市大川町一丁目72","","","","","","","","","","","","","","","5220001012109","","","",""
"有限会社シミズ企画","9247018827946","","","","","","","441-8044","愛知県豊橋市南小池町115-2","","","","","","","","","","","","","","","6180302007785","","","",""
"清水商事株式会社","4937819099394","","","","","","","123-0874","東京都足立区堀之内一丁目18-1","","","","","","","","","","","","","","","3011801008582","","","",""
"有限会社清水商店","2784158017010","","","","","","","947-0028","新潟県小千谷市城内三丁目1-28","","","","","","","","","","","","","","","9110002032195","","","",""
"有限会社清水商店","6856367286440","","","","","","","238-0042","神奈川県横須賀市汐入町二丁目11","","","","","","","","","","","","","","","1021002064773","","","",""
"清水繊商株式会社","5458051494674","","","","","","","918-8239","福井県福井市成和一丁目2408","","","","","","","","","","","","","","","8210001001662","","","",""
"清水惣株式会社","8065196144547","","","","","","","521-1221","滋賀県東近江市垣見町732","","","","","","","","","","","","","","","7160001009968","","","",""
"株式会社清水特殊織物","1717498126229","","","","","","","915-0263","福井県越前市山室町3-2","","","","","","","","","","","","","","","4210001013744","","","",""
"株式会社下田","4522057898371","","","","","","","600-8440","京都府京都市下京区材木町129","","","","","","","","","","","","","","","4130001017571","","","",""
"株式会社シモムラ","9908781625049","","","","","","","600-8479","京都府京都市下京区西綾小路東半町96","","","","","","","","","","","","","","","3130001017572","","","",""
"株式会社シヤルト","6537560805477","","","","","","","542-0081","大阪府大阪市中央区南船場一丁目11-23 プレシオ南船場ビル5F","","","","","","","","","","","","","","","5120001081320","","","",""
"株式会社シャルビー","1109039174493","","","","","","","541-0046","大阪府大阪市中央区平野町三丁目2-13","","","","","","","","","","","","","","","1120001081316","","","",""
"株式会社シャルム","8932331699636","","","","","","","541-0056","大阪府大阪市中央区久太郎町一丁目9-6","","","","","","","","","","","","","","","3120001180157","","","",""
"有限会社シャンクス","7279157399217","","","","","","","150-0011","東京都渋谷区東三丁目12-12 祐ビル402","","","","","","","","","","","","","","","9011002031206","","","",""
"シュア株式会社","2449155376845","","","","","","","153-0042","東京都目黒区青葉台三丁目12-8","","","","","","","","","","","","","","","4013201002735","","","",""
"株式会社繍栄","5058726777177","","","","","","","602-8472","京都府京都市上京区有馬町185-1","","","","","","","","","","","","","","","9130001028341","","","",""
"有限会社秀美","1039333893789","","","","","","","948-0000","新潟県十日町市新座甲565","","","","","","","","","","","","","","","6110002026126","","","",""
"秀峰株式会社","8984548548451","","","","","","","604-0827","京都府京都市中京区瓦町567","","","","","","","","","","","","","","","9130001021098","","","",""
"有限会社シュドウテックス","5262908093765","","","","","","","929-1705","石川県鹿島郡中能登町花見月月部125","","","","","","","","","","","","","","","1220002014330","","","",""
"有限会社シヨウアイ","5860995196735","","","","","","","494-0006","愛知県一宮市起河田揚38","","","","","","","","","","","","","","","1180002078256","","","",""
"勝栄株式会社","9107707802048","","","","","","","600-8463","京都府京都市下京区永養寺町238","","","","","","","","","","","","","","","9130001017609","","","",""
"株式会社昭栄","8088973888378","","","","","","","372-0014","群馬県伊勢崎市昭和町25-1","","","","","","","","","","","","","","","4070001013445","","","",""
"正榮織物株式会社","4864053259641","","","","","","","675-2414","兵庫県加西市馬渡谷町246","","","","","","","","","","","","","","","4140001076261","","","",""
"昌栄商事株式会社","1896556139616","","","","","","","307-0015","茨城県結城市大字鹿窪1744-11","","","","","","","","","","","","","","","8050001032534","","","",""
"松栄繊維株式会社","9928929879864","","","","","","","491-0123","愛知県一宮市富塚起畠1-1","","","","","","","","","","","","","","","9180001082838","","","",""
"昭栄特殊染工株式会社","7508596355282","","","","","","","613-0024","京都府久世郡久御山町森村東278","","","","","","","","","","","","","","","5130001033436","","","",""
"有限会社松久庵","6153862524231","","","","","","","274-0807","千葉県船橋市咲が丘二丁目14-21","","","","","","","","","","","","","","","3010002027599","","","",""
"株式会社しょうざん","5224282156479","","","","","","","603-8451","京都府京都市北区衣笠鏡石町47","","","","","","","","","","","","","","","1130001004903","","","",""
"昭信繊維株式会社","8841006059821","","","","","","","541-0054","大阪府大阪市中央区南本町三丁目4-7","","","","","","","","","","","","","","","8120001081623","","","",""
"株式会社小路糸店","6829537752225","","","","","","","812-0027","福岡県福岡市博多区下川端町10-3","","","","","","","","","","","","","","","8290001013213","","","",""
"株式会社庄司商店","9590768155206","","","","","","","597-0051","大阪府貝塚市王子967-1","","","","","","","","","","","","","","","3120101038172","","","",""
"株式会社松寿苑","3934362515137","","","","","","","604-8271","京都府京都市中京区津軽町789-1","","","","","","","","","","","","","","","5130001021119","","","",""
"株式会社湘南オートセンター","7770162481002","","","","","","","248-0032","神奈川県鎌倉市津515-34","","","","","","","","","","","","","","","2021001009737","","","",""
"株式会社尚美会","4915072827588","","","","","","","564-0054","大阪府吹田市芳野町2-7","","","","","","","","","","","","","","","1120901006842","","","",""
"庄福株式会社","3791548388804","","","","","","","596-0808","大阪府岸和田市三田町952","","","","","","","","","","","","","","","7120101036841","","","",""
"ショウヨウ株式会社","4117554867982","","","","","","","541-0051","大阪府大阪市中央区備後町一丁目6-1","","","","","","","","","","","","","","","5120001112091","","","",""
"正和株式会社","2078526113811","","","","","","","130-0011","東京都墨田区石原三丁目30-8","","","","","","","","","","","","","","","1010001048202","","","",""
"昭和ゴム工業株式会社","1621489656692","","","","","","","276-0046","千葉県八千代市大和田新田388-19","","","","","","","","","","","","","","","8040001020837","","","",""
"昭和撚糸工業株式会社","8967911741539","","","","","","","603-8225","京都府京都市北区紫野南舟岡町77-1","","","","","","","","","","","","","","","4130001004909","","","",""
"株式会社織楽浅野","2530111011550","","","","","","","603-8451","京都府京都市北区衣笠鏡石町11-5","","","","","","","","","","","","","","","7130001004501","","","",""
"シヨーコー株式会社","3187722298220","","","","","","","111-0043","東京都台東区駒形一丁目5-6 金井ビル4F","","","","","","","","","","","","","","","6010501006241","","","",""
"株式会社白石","3602935683882","","","","","","","461-0011","愛知県名古屋市東区白壁三丁目21-20","","","","","","","","","","","","","","","3180001016990","","","",""
"株式会社白井繊維工業社","8087506281259","","","","","","","430-0814","静岡県浜松市中央区恩地町450","","","","","","","","","","","","","","","7080401002408","","","",""
"有限会社白井プリント","3696539744891","","","","","","","595-0805","大阪府泉北郡忠岡町忠岡東二丁目27-19","","","","","","","","","","","","","","","1120102026153","","","",""
"株式会社シラカワ","2110148671060","","","","","","","103-0002","東京都中央区日本橋馬喰町一丁目13-11","","","","","","","","","","","","","","","6010001047059","","","",""
"白崎ベルベツト工業有限会社","4344390313128","","","","","","","915-0254","福井県越前市国中町64-3","","","","","","","","","","","","","","","1210002012095","","","",""
"株式会社白新","2164435961154","","","","","","","948-0006","新潟県十日町市四日町1674","","","","","","","","","","","","","","","8110001021051","","","",""
"白新染織株式会社","9215418612768","","","","","","","948-0006","新潟県十日町市四日町1674","","","","","","","","","","","","","","","7110001021052","","","",""
"株式会社白たか織","8988025860424","","","","","","","992-0802","山形県西置賜郡白鷹町大字中山1954","","","","","","","","","","","","","","","5390001011250","","","",""
"有限会社シルク工房","5295116034585","","","","","","","610-1141","京都府京都市西京区大枝西新林町三丁目1-50","","","","","","","","","","","","","","","7130002022691","","","",""
"株式会社シルク・モード","6284281886746","","","","","","","604-8277","京都府京都市中京区三坊西洞院町565 ラフィーネ御池707号","","","","","","","","","","","","","","","2130001027936","","","",""
"株式会社シルク洋装店","8153751062699","","","","","","","142-0062","東京都品川区小山三丁目21-14","","","","","","","","","","","","","","","1010701004850","","","",""
"シルクライフジャパン株式会社","5841131025376","","","","","","","526-0015","滋賀県長浜市神照町544","","","","","","","","","","","","","","","7160001007872","","","",""
"シールテック株式会社","6494528839177","","","","","","","222-0033","神奈川県横浜市港北区新横浜三丁目18-9 新横浜ICビル8F","","","","","","","","","","","","","","","1010801005253","","","",""
"株式会社シルバースター","3765674888464","","","","","","","334-0011","埼玉県鳩ヶ谷市三ツ和二丁目9-20","","","","","","","","","","","","","","","7030001082879","","","",""
"株式会社シルバーファブリツクス","7888949782146","","","","","","","604-8375","京都府京都市中京区西ノ京池ノ内町16-14","","","","","","","","","","","","","","","3130001021145","","","",""
"シルバーレース株式会社","6187239803723","","","","","","","550-0014","大阪府大阪市西区北堀江一丁目15-9","","","","","","","","","","","","","","","2120001043950","","","",""
"有限会社しるべ","5534869104332","","","","","","","611-0043","京都府宇治市伊勢田町新中ノ荒41-2","","","","","","","","","","","","","","","2130002027381","","","",""
"シロテックス株式会社","3153703492860","","","","","","","372-0817","群馬県伊勢崎市連取本町203-9","","","","","","","","","","","","","","","9070001013465","","","",""
"眞栄株式会社","3306561379642","","","","","","","600-8168","京都府京都市下京区八百屋町57","","","","","","","","","","","","","","","6130001017636","","","",""
"株式会社信栄","1809245513022","","","","","","","216-0004","神奈川県川崎市宮前区鷺沼三丁目12-25","","","","","","","","","","","","","","","5020001067957","","","",""
"信栄フエルト工業株式会社","9832007290894","","","","","","","451-0013","愛知県名古屋市西区江向町六丁目33","","","","","","","","","","","","","","","4180001025652","","","",""
"新大阪技研株式会社","6037675240516","","","","","","","550-0001","大阪府大阪市西区土佐堀二丁目25-1504 パークタワー大阪中之島フロント","","","","","","","","","","","","","","","1120001030909","","","",""
"株式会社新沖縄重布","2566571131689","","","","","","","900-0036","沖縄県那覇市西二丁目12-14","","","","","","","","","","","","","","","9360001001135","","","",""
"新川織物有限会社","4890129946834","","","","","","","715-0023","岡山県井原市大江町3739","","","","","","","","","","","","","","","6260002025724","","","",""
"新庫織物株式会社","8489106660441","","","","","","","326-0846","栃木県足利市山下町2596-5","","","","","","","","","","","","","","","3060001018702","","","",""
"進軍テント工業株式会社","9864828003584","","","","","","","860-0863","熊本県熊本市中央区坪井二丁目7-17","","","","","","","","","","","","","","","2330001002225","","","",""
"シンコー株式会社","4518313034652","","","","","","","454-0836","愛知県名古屋市中川区福船町三丁目1 1F","","","","","","","","","","","","","","","3180001019630","","","",""
"有限会社シンコー","5750561035951","","","","","","","458-0014","愛知県名古屋市緑区神沢二丁目1517","","","","","","","","","","","","","","","8180002031101","","","",""
"有限会社進光","1941139979538","","","","","","","491-0905","愛知県一宮市平和一丁目1-11","","","","","","","","","","","","","","","4180002078815","","","",""
"新興毛織合名会社","6182195126789","","","","","","","493-0004","愛知県一宮市木曽川町玉ノ井柳原21","","","","","","","","","","","","","","","3180003012039","","","",""
"株式会社新興商会","7908162926779","","","","","","","537-0024","大阪府大阪市東成区東小橋三丁目15-9","","","","","","","","","","","","","","","6120001201802","","","",""
"株式会社信幸商会","9849603349067","","","","","","","665-0836","兵庫県宝塚市清荒神二丁目2-8","","","","","","","","","","","","","","","8140001082917","","","",""
"振興実業株式会社","4244517156666","","","","","","","651-0088","兵庫県神戸市中央区小野柄通四丁目1-15","","","","","","","","","","","","","","","5140001008230","","","",""
"新光新中株式会社","8236244587890","","","","","","","541-0054","大阪府大阪市中央区南本町一丁目5-4","","","","","","","","","","","","","","","1120001081951","","","",""
"伸工貿易株式会社","4259126086381","","","","","","","150-0002","東京都渋谷区渋谷一丁目9-8 朝日生命宮益坂ビル8階","","","","","","","","","","","","","","","1011001010192","","","",""
"有限会社シンコー繊維","3325562579518","","","","","","","491-0005","愛知県一宮市西大海道中山157-2","","","","","","","","","","","","","","","1180002076532","","","",""
"株式会社シンシン","3322280396324","","","","","","","542-0081","大阪府大阪市中央区南船場一丁目11-9","","","","","","","","","","","","","","","9120001134371","","","",""
"株式会社真水","8296740622845","","","","","","","530-0005","大阪府大阪市北区中之島三丁目5-11 2503号","","","","","","","","","","","","","","","1120001081803","","","",""
"新清工業株式会社","7260582412073","","","","","","","260-0006","千葉県千葉市中央区道場北二丁目16-18","","","","","","","","","","","","","","","8010901005361","","","",""
"信誠商會株式会社","2808740077266","","","","","","","550-0005","大阪府大阪市西区西本町一丁目12-24","","","","","","","","","","","","","","","8120001044027","","","",""
"新星商事株式会社","4631462721363","","","","","","","103-0023","東京都中央区日本橋本町四丁目7-10 HR・NETビル6階","","","","","","","","","","","","","","","7010001018307","","","",""
"真生商事株式会社","3351692785826","","","","","","","451-0066","愛知県名古屋市西区児玉二丁目18-1","","","","","","","","","","","","","","","7180001025690","","","",""
"新星貿易株式会社","5488333002012","","","","","","","541-0048","大阪府大阪市中央区瓦町四丁目6-15","","","","","","","","","","","","","","","2120001095678","","","",""
"シンセロツク株式会社","5434668820619","","","","","","","444-0943","愛知県岡崎市矢作町末広9-34","","","","","","","","","","","","","","","3180301000934","","","",""
"新染苑廣田株式会社","7709278797449","","","","","","","604-8316","京都府京都市中京区三坊大宮町143","","","","","","","","","","","","","","","8130001021165","","","",""
"紳装テキスタイル株式会社","1004440153674","","","","","","","541-0054","大阪府大阪市中央区南本町一丁目3-22","","","","","","","","","","","","","","","3120001081801","","","",""
"新東実業株式会社","9534667871703","","","","","","","103-0003","東京都中央区日本橋横山町2-2","","","","","","","","","","","","","","","4010001045790","","","",""
"株式会社ＳＨＩＮＤＯグループホールディングス","6384171526859","","","","","","","919-0614","福井県あわら市伊井11-1-1","","","","","","","","","","","","","","","9210002007360","","","",""
"新内外綿株式会社","2003975506834","","","","","","","541-0051","大阪府大阪市中央区備後町三丁目2-6","","","","","","","","","","","","","","","3120001082007","","","",""
"株式会社新ニッセン","3102917159652","","","","","","","583-0848","大阪府羽曳野市川向222-2","","","","","","","","","","","","","","","5120101047758","","","",""
"新日本商事株式会社","9903883376983","","","","","","","460-0017","愛知県名古屋市中区松原二丁目1-20","","","","","","","","","","","","","","","2180001036817","","","",""
"新日本繊維株式会社","3362831145334","","","","","","","270-1162","千葉県我孫子市布施2373-2","","","","","","","","","","","","","","","3010601051867","","","",""
"新日本テックス株式会社","4740019534851","","","","","","","929-1700","石川県鹿島郡中能登町能登部下五九部15","","","","","","","","","","","","","","","6220001015696","","","",""
"新保株式会社","7734498644461","","","","","","","992-0038","山形県米沢市城南一丁目4-43","","","","","","","","","","","","","","","5390001009906","","","",""
"信保株式会社","3080180314308","","","","","","","541-0056","大阪府大阪市中央区久太郎町一丁目6-22 園部ビル","","","","","","","","","","","","","","","3120001086981","","","",""
"有限会社シンメ","2780198938553","","","","","","","569-1029","大阪府高槻市安岡寺町三丁目19-2","","","","","","","","","","","","","","","8120902010465","","","",""
"シンメン株式会社","3518153135518","","","","","","","726-0012","広島県府中市中須町20-1","","","","","","","","","","","","","","","8240001034271","","","",""
"シンメン株式会社","2113094699007","","","","","","","653-0834","兵庫県神戸市長田区川西通五丁目102-7","","","","","","","","","","","","","","","6140001016224","","","",""
"新陽株式会社","1505422620127","","","","","","","101-0042","東京都千代田区神田東松下町39 神田トーセイビル6階","","","","","","","","","","","","","","","1010001045703","","","",""
"株式会社秦流舎","3455091612380","","","","","","","602-8494","京都府京都市上京区新猪熊東町341","","","","","","","","","","","","","","","5130001003166","","","",""
"親和有限会社","7837932592790","","","","","","","376-0115","群馬県みどり市大間々町塩原1585","","","","","","","","","","","","","","","7070002023762","","","",""
"真和株式会社","6527931715641","","","","","","","604-0972","京都府京都市中京区大炊町210","","","","","","","","","","","","","","","6130001021183","","","",""
"伸和株式会社","7114244567693","","","","","","","616-8416","京都府京都市右京区嵯峨大覚寺門前井頭町12-95","","","","","","","","","","","","","","","7130001021182","","","",""
"真和毛織株式会社","8188444000906","","","","","","","491-0865","愛知県一宮市印田通四丁目23","","","","","","","","","","","","","","","7180001082872","","","",""
"有限会社新和毛織","1894455588323","","","","","","","735-0014","広島県安芸郡府中町柳ヶ丘87-5","","","","","","","","","","","","","","","3240002008221","","","",""
"神和商事株式会社","7458590749204","","","","","","","541-0054","大阪府大阪市中央区南本町二丁目1-15","","","","","","","","","","","","","","","2120001081901","","","",""
"株式会社ジイ・エイチ・ケイ","6834633133049","","","","","","","500-8175","岐阜県岐阜市長住町六丁目3","","","","","","","","","","","","","","","3200001002393","","","",""
"株式会社ジェイウィーヴ","7182648665713","","","","","","","631-0013","奈良県奈良市中山町西三丁目535-168","","","","","","","","","","","","","","","9150001006510","","","",""
"株式会社ジェイスタイル","4400877196696","","","","","","","270-0006","千葉県松戸市大金平四丁目253-5","","","","","","","","","","","","","","","9040001076250","","","",""
"株式会社ジェイ・セブン","8812029279758","","","","","","","467-0803","愛知県名古屋市瑞穂区中山町一丁目16","","","","","","","","","","","","","","","3180001010309","","","",""
"株式会社Ｊ．Ｔ．Ｓ．タケムラ","1307000851082","","","","","","","601-8213","京都府京都市南区久世中久世町四丁目66","","","","","","","","","","","","","","","1130001025643","","","",""
"株式会社Ｊファブリック・インターナショナル","9077458186323","","","","","","","151-0051","東京都渋谷区千駄ケ谷四丁目10-8 ウイング410-3F","","","","","","","","","","","","","","","5010001139187","","","",""
"株式会社ジェー・ガーバー商会","1332483659642","","","","","","","101-0065","東京都千代田区西神田一丁目4-5 東光電気工事ビル501","","","","","","","","","","","","","","","1010001019541","","","",""
"株式会社ＧＳＩクレオス","9138387066181","","","","","","","105-0014","東京都港区芝三丁目8-2 芝公園ファーストビル16F","","","","","","","","","","","","","","","3010001008666","","","",""
"株式会社ジェットカラー","5932099850985","","","","","","","012-0801","秋田県湯沢市岩崎上宿221-1","","","","","","","","","","","","","","","5410001005869","","","",""
"ジェネスエンタープライズ株式会社","8356184963038","","","","","","","810-0021","福岡県福岡市中央区今泉一丁目12-8","","","","","","","","","","","","","","","4290001019453","","","",""
"Ｊプロダクツ株式会社","3143354310781","","","","","","","355-0002","埼玉県東松山市大字東平520-2","","","","","","","","","","","","","","","8010001029212","","","",""
"有限会社ジオ","1799272151317","","","","","","","602-8413","京都府京都市上京区大北小路東町473","","","","","","","","","","","","","","","5130002018857","","","",""
"Ｇ　ＳＴＹＬＥ　ＴＯＫＹＯ株式会社","3793459909018","","","","","","","110-0004","東京都台東区下谷二丁目5-3 301号","","","","","","","","","","","","","","","5010501034672","","","",""
"株式会社ジーニアス","3358779480526","","","","","","","500-8065","岐阜県岐阜市金屋町二丁目16","","","","","","","","","","","","","","","9200001002421","","","",""
"株式会社Ｇ　Ｆｉｒｅ","5733872201094","","","","","","","146-0082","東京都大田区池上六丁目32-11 ブリトニーコート池上302号","","","","","","","","","","","","","","","6010901036111","","","",""
"株式会社ジャテック","5718966000389","","","","","","","921-8062","石川県金沢市新保本三丁目102","","","","","","","","","","","","","","","9220001003483","","","",""
"ジャパン・イースタン・トレード株式会社","6003004308416","","","","","","","492-8143","愛知県稲沢市駅前三丁目11-1","","","","","","","","","","","","","","","1180001085088","","","",""
"有限会社ジャパンエンタープライズモティベーター","9791819673602","","","","","","","615-8075","京都府京都市西京区桂巽町60","","","","","","","","","","","","","","","8130002008847","","","",""
"株式会社ジャパンクロス","7868424211503","","","","","","","541-0048","大阪府大阪市中央区瓦町四丁目6-8 ローレルタワー御堂筋本町2603号室","","","","","","","","","","","","","","","1120001081373","","","",""
"株式会社ジャルコ","4354464069692","","","","","","","101-0021","東京都千代田区外神田五丁目2-3 アソルティ末広町4F","","","","","","","","","","","","","","","6010001116805","","","",""
"ジヤンキジャパン有限会社","6611534627578","","","","","","","541-0054","大阪府大阪市中央区南本町一丁目2-5 マヤ第2ビル","","","","","","","","","","","","","","","4120002036233","","","",""
"株式会社自由ケ丘","1320716842240","","","","","","","361-0032","埼玉県行田市佐間一丁目28-49","","","","","","","","","","","","","","","8030001086920","","","",""
"有限会社十文字屋呉服店","2006133917215","","","","","","","900-0014","沖縄県那覇市松尾二丁目8-6","","","","","","","","","","","","","","","7360002007810","","","",""
"株式会社樹幸","7662057469755","","","","","","","603-8234","京都府京都市北区紫野下若草町32-2","","","","","","","","","","","","","","","3130001004892","","","",""
"株式会社樹幸開発センター","3207394240292","","","","","","","603-8234","京都府京都市北区紫野下若草町32-2","","","","","","","","","","","","","","","1130001004894","","","",""
"株式会社潤テキスタイル","9785692267923","","","","","","","107-0062","東京都港区南青山二丁目22-2","","","","","","","","","","","","","","","6010401014113","","","",""
"株式会社ジューンファースト","4894224334686","","","","","","","273-0021","千葉県船橋市海神五丁目12-17","","","","","","","","","","","","","","","8040001020151","","","",""
"株式会社順利","2914338572087","","","","","","","410-0302","静岡県沼津市東椎路1593","","","","","","","","","","","","","","","5080101018210","","","",""
"株式会社ジヨイテツクス","2685540360797","","","","","","","130-0014","東京都墨田区亀沢二丁目8-5","","","","","","","","","","","","","","","6010601019052","","","",""
"株式会社城西商事","8560845889775","","","","","","","921-8823","石川県野々市市粟田四丁目1","","","","","","","","","","","","","","","8220001007824","","","",""
"常陽工業株式会社","8668454589632","","","","","","","340-0821","埼玉県八潮市大字伊勢野171","","","","","","","","","","","","","","","4030001036103","","","",""
"株式会社盡政","7934682273739","","","","","","","603-8461","京都府京都市北区大宮玄琢北東町7-2","","","","","","","","","","","","","","","9130001004920","","","",""
"須栄織物有限会社","2976628283680","","","","","","","376-0114","群馬県みどり市大間々町浅原532","","","","","","","","","","","","","","","2070002023775","","","",""
"有限会社末次","9827018735116","","","","","","","629-3111","京都府京丹後市網野町三津37","","","","","","","","","","","","","","","5130002033798","","","",""
"有限会社末満産業","5013509599966","","","","","","","755-0031","山口県宇部市常盤町二丁目7-3","","","","","","","","","","","","","","","8250002004974","","","",""
"株式会社ＳＫＹＷＡＲＤ","2072850739320","","","","","","","669-1323","兵庫県三田市あかしあ台一丁目22-30","","","","","","","","","","","","","","","3140001066949","","","",""
"ＳＫＹ　ＥＮＴＥＲＰＲＩＳＥ株式会社","5731574618566","","","","","","","651-0054","兵庫県神戸市中央区野崎通四丁目4-12 モナリザマンション","","","","","","","","","","","","","","","1140001096287","","","",""
"株式会社スガオ","6478626857706","","","","","","","671-2222","兵庫県姫路市青山五丁目3-26","","","","","","","","","","","","","","","4140001059522","","","",""
"菅清織物株式会社","8250684502393","","","","","","","192-0045","東京都八王子市大和田町六丁目3-24","","","","","","","","","","","","","","","7010101001848","","","",""
"株式会社菅原敬兵衛商店","6437138590467","","","","","","","933-0039","富山県高岡市大手町11-36","","","","","","","","","","","","","","","5230001010235","","","",""
"スキャバルジャパン株式会社","2901200035966","","","","","","","541-0047","大阪府大阪市中央区淡路町二丁目6-10","","","","","","","","","","","","","","","7120001082110","","","",""
"杉浦テキスタイル株式会社","3405301497739","","","","","","","431-3111","静岡県浜松市中央区中郡町995","","","","","","","","","","","","","","","5080401002509","","","",""
"杉浦綿糸合資会社","8419337830001","","","","","","","444-0057","愛知県岡崎市材木町二丁目4","","","","","","","","","","","","","","","1180303000208","","","",""
"株式会社杉岡織布","3010315198052","","","","","","","520-1512","滋賀県高島市新旭町太田1700","","","","","","","","","","","","","","","5160001011942","","","",""
"スギショウ有限会社","3673413164102","","","","","","","596-0043","大阪府岸和田市宮前町17-16","","","","","","","","","","","","","","","9120102021205","","","",""
"株式会社スギタ","1754521454606","","","","","","","581-0027","大阪府八尾市八尾木一丁目230","","","","","","","","","","","","","","","4122001018880","","","",""
"杉原毛織株式会社","4760048864905","","","","","","","732-0824","広島県広島市南区的場町一丁目7-10 1002号","","","","","","","","","","","","","","","6240001005183","","","",""
"株式会社杉林","1117159706868","","","","","","","603-8054","京都府京都市北区上賀茂桜井町54","","","","","","","","","","","","","","","3130001004934","","","",""
"株式会社杉見糸店","9741213392934","","","","","","","036-8182","青森県弘前市大字土手町206","","","","","","","","","","","","","","","4420001009143","","","",""
"杉村株式会社","2669801126653","","","","","","","151-0051","東京都渋谷区千駄ケ谷四丁目14-4 SKビル千駄ヶ谷4階","","","","","","","","","","","","","","","8010001047560","","","",""
"杉村繊維工業株式会社","4721947946453","","","","","","","649-7205","和歌山県橋本市高野口町名倉619","","","","","","","","","","","","","","","9170001010997","","","",""
"有限会社杉本紙店","2331964370283","","","","","","","427-0006","静岡県島田市阿知ケ谷1-3","","","","","","","","","","","","","","","8080002015436","","","",""
"スギモトテキスタイル有限会社","2505963981193","","","","","","","564-0062","大阪府吹田市垂水町三丁目25-208","","","","","","","","","","","","","","","6120902006580","","","",""
"杉本貿易株式会社","9360332113693","","","","","","","460-0002","愛知県名古屋市中区丸の内二丁目8-7","","","","","","","","","","","","","","","8180001037108","","","",""
"杉本吉株式会社","4029260045513","","","","","","","600-8098","京都府京都市下京区稲荷町527","","","","","","","","","","","","","","","5130001008306","","","",""
"有限会社杉山織物","2492636587513","","","","","","","947-0026","新潟県小千谷市上ノ山三丁目3-45","","","","","","","","","","","","","","","5110002032224","","","",""
"椙山紡織株式会社","2736458306944","","","","","","","444-0864","愛知県岡崎市明大寺町河原34","","","","","","","","","","","","","","","2180301001140","","","",""
"杉好織物有限会社","3895970479299","","","","","","","677-0132","兵庫県多可郡多可町八千代区大和2171-2","","","","","","","","","","","","","","","3140002061866","","","",""
"株式会社スコープ・ココ","2885346155922","","","","","","","602-8413","京都府京都市上京区大北小路東町473","","","","","","","","","","","","","","","4130001003183","","","",""
"株式会社鈴木","8083370013205","","","","","","","603-8217","京都府京都市北区紫野上門前町13","","","","","","","","","","","","","","","4130001004941","","","",""
"鈴木織商株式会社","7562829480756","","","","","","","430-0801","静岡県浜松市中央区神立町125-1","","","","","","","","","","","","","","","4080401002435","","","",""
"株式会社鈴木カット工場","9683303223461","","","","","","","444-0203","愛知県岡崎市井内町下河原22","","","","","","","","","","","","","","","7180301022124","","","",""
"鈴木産業株式会社","5331691080954","","","","","","","910-1326","福井県吉田郡永平寺町牧福島28-4","","","","","","","","","","","","","","","5210001001921","","","",""
"鈴木産業有限会社","2910592146078","","","","","","","123-0852","東京都足立区関原二丁目44-11","","","","","","","","","","","","","","","2011802014440","","","",""
"株式会社鈴木商店","3588281727603","","","","","","","443-0054","愛知県蒲郡市府相町一丁目135","","","","","","","","","","","","","","","3180301011080","","","",""
"株式会社鈴木鉦平商店","4279931358134","","","","","","","444-3173","愛知県岡崎市滝町十楽8-6","","","","","","","","","","","","","","","5180301001154","","","",""
"鈴木繊維株式会社","5996512439929","","","","","","","110-0005","東京都台東区上野五丁目3-11","","","","","","","","","","","","","","","4010001020109","","","",""
"有限会社鈴木レース","3469396034620","","","","","","","910-0122","福井県福井市石盛町901-2","","","","","","","","","","","","","","","2210002001873","","","",""
"株式会社鈴幸商店ネツト製作所","3525649656014","","","","","","","444-0516","愛知県西尾市吉良町吉田斉藤久15","","","","","","","","","","","","","","","8180301023030","","","",""
"株式会社鈴曻","2685990756973","","","","","","","443-0031","愛知県蒲郡市竹島町12-16","","","","","","","","","","","","","","","7180301011085","","","",""
"鈴富毛織株式会社","7888390922479","","","","","","","490-1312","愛知県稲沢市平和町下三宅郷内445","","","","","","","","","","","","","","","3180001085805","","","",""
"鈴豊株式会社","6394635263207","","","","","","","443-0056","愛知県蒲郡市神明町17-4","","","","","","","","","","","","","","","6180301011086","","","",""
"株式会社鈴花商事","3217978290246","","","","","","","849-0916","佐賀県佐賀市高木瀬町大字東高木232-1","","","","","","","","","","","","","","","1300001000703","","","",""
"鈴弥株式会社","7108080483205","","","","","","","491-0873","愛知県一宮市せんい二丁目4-14","","","","","","","","","","","","","","","7180001082914","","","",""
"有限会社鈴幸反毛","6450448282396","","","","","","","444-0075","愛知県岡崎市伊賀町七丁目51","","","","","","","","","","","","","","","3180302001576","","","",""
"有限会社鈴良商事","7531377063922","","","","","","","103-0013","東京都中央区日本橋人形町三丁目12-7","","","","","","","","","","","","","","","8010002021151","","","",""
"スタイレム瀧定大阪株式会社","6780414904009","","","","","","","150-0001","東京都渋谷区神宮前二丁目34-17 住友不動産原宿ビル18F","","","","","","","","","","","","","","","4120001099371","","","",""
"株式会社スターク","1228741372607","","","","","","","500-8801","岐阜県岐阜市忠節町三丁目7-3","","","","","","","","","","","","","","","7200001006779","","","",""
"須田織物有限会社","9932100982079","","","","","","","603-8225","京都府京都市北区紫野南舟岡町68","","","","","","","","","","","","","","","1130002003895","","","",""
"株式会社ＳＵＤＡＴＥＸ","5232333316314","","","","","","","153-0064","東京都目黒区下目黒三丁目1-8","","","","","","","","","","","","","","","5021001047189","","","",""
"株式会社スティック","6407508577248","","","","","","","110-0015","東京都台東区東上野一丁目7-12 徳永ビル4F","","","","","","","","","","","","","","","8010501031196","","","",""
"株式会社昴","1524444971342","","","","","","","662-0061","兵庫県西宮市松ケ丘町5-24 グリーンコート夙川C号室","","","","","","","","","","","","","","","7120101036742","","","",""
"株式会社Ｓｐｉｎｎｉｎｇ　Ｊａｐａｎ","9083559205278","","","","","","","541-0057","大阪府大阪市中央区北久宝寺町二丁目5-5","","","","","","","","","","","","","","","7120001083983","","","",""
"株式会社スプラ","1282585570607","","","","","","","603-8122","京都府京都市北区小山花ノ木町37-1","","","","","","","","","","","","","","","2130001004951","","","",""
"株式会社スマイリーアース","1657224441241","","","","","","","598-0024","大阪府泉佐野市上之郷2384","","","","","","","","","","","","","","","5120101045514","","","",""
"株式会社スマイルライフ","2342792742926","","","","","","","533-0031","大阪府大阪市東淀川区西淡路一丁目1-35","","","","","","","","","","","","","","","5130001013479","","","",""
"須磨商事株式会社","2497123625809","","","","","","","711-0906","岡山県倉敷市児島下の町九丁目3-26","","","","","","","","","","","","","","","9260001013719","","","",""
"住商モンブラン株式会社","1898491718471","","","","","","","541-0041","大阪府大阪市中央区北浜四丁目7-28","","","","","","","","","","","","","","","8120001082489","","","",""
"ＩＣＵメディカルジャパン株式会社","8453023955917","","","","","","","107-0052","東京都港区赤坂七丁目1-1","","","","","","","","","","","","","","","1010001081112","","","",""
"スミノエテイジンテクノ株式会社","5585501788590","","","","","","","542-0081","大阪府大阪市中央区南船場三丁目11-20","","","","","","","","","","","","","","","5120001141289","","","",""
"住江テクノ株式会社","4958493307093","","","","","","","520-3404","滋賀県甲賀市甲賀町神保53-5","","","","","","","","","","","","","","","4160001005375","","","",""
"株式会社隅谷商店","1282937323480","","","","","","","541-0054","大阪府大阪市中央区南本町一丁目5-6","","","","","","","","","","","","","","","2120001082271","","","",""
"住山織物株式会社","5315580673061","","","","","","","602-0067","京都府京都市上京区竹屋町568","","","","","","","","","","","","","","","8130001003196","","","",""
"澄吉産業有限会社","1901738930387","","","","","","","431-3123","静岡県浜松市中央区有玉西町2331","","","","","","","","","","","","","","","2080402004184","","","",""
"有限会社住吉屋","8066705459316","","","","","","","306-0023","茨城県古河市本町一丁目2-35","","","","","","","","","","","","","","","8050002024002","","","",""
"株式会社スリー・サンコーポレーション","5164068161033","","","","","","","540-0005","大阪府大阪市中央区上町一丁目27-6","","","","","","","","","","","","","","","6120001082391","","","",""
"株式会社スリーピース","3941273059517","","","","","","","541-0057","大阪府大阪市中央区北久宝寺町一丁目5-1 5F","","","","","","","","","","","","","","","2120001160787","","","",""
"スリーマスト株式会社","4305447719972","","","","","","","910-0251","福井県坂井市丸岡町一本田福所20","","","","","","","","","","","","","","","3210001008729","","","",""
"株式会社スレッズ","2142303470023","","","","","","","501-6101","岐阜県岐阜市柳津町栄町119","","","","","","","","","","","","","","","6200001012522","","","",""
"スワセンイ株式会社","6288968925827","","","","","","","992-0025","山形県米沢市通町八丁目2-40","","","","","","","","","","","","","","","9390001009935","","","",""
"有限会社瑞光苑森末商店","6116641647070","","","","","","","600-8430","京都府京都市下京区小田原町228","","","","","","","","","","","","","","","2130002007292","","","",""
"株式会社セイクリエイト","2103678491324","","","","","","","598-0072","大阪府泉佐野市泉ケ丘四丁目10-1","","","","","","","","","","","","","","","6120101048078","","","",""
"有限会社清光社","5999288889747","","","","","","","614-8366","京都府八幡市男山泉7-34","","","","","","","","","","","","","","","6130002030373","","","",""
"清酒織物有限会社","6385273907304","","","","","","","926-0834","石川県七尾市東三階町ヘ部27","","","","","","","","","","","","","","","6220002013848","","","",""
"有限会社西進","4761312452681","","","","","","","616-8105","京都府京都市右京区太秦森ケ前町22-26","","","","","","","","","","","","","","","2130002001238","","","",""
"株式会社清心","4897251995931","","","","","","","376-0011","群馬県桐生市相生町二丁目230-1","","","","","","","","","","","","","","","2070001027067","","","",""
"世信貿易株式会社","2325194257061","","","","","","","541-0048","大阪府大阪市中央区瓦町四丁目6-15","","","","","","","","","","","","","","","4120001168606","","","",""
"西邦化学産業株式会社","8106863279298","","","","","","","839-0812","福岡県久留米市山川安居野三丁目1-37","","","","","","","","","","","","","","","2290001049023","","","",""
"有限会社西和","8683784314210","","","","","","","673-0011","兵庫県明石市西明石町五丁目11-3","","","","","","","","","","","","","","","2140002029088","","","",""
"株式会社誠和","4795387590016","","","","","","","639-0222","奈良県香芝市西真美二丁目6-11","","","","","","","","","","","","","","","1150001012920","","","",""
"株式会社聖和","9052171248837","","","","","","","600-8430","京都府京都市下京区小田原町232-13","","","","","","","","","","","","","","","3130001017746","","","",""
"成和商事株式会社","7194056799135","","","","","","","700-0977","岡山県岡山市北区問屋町25-104","","","","","","","","","","","","","","","9260001003661","","","",""
"成和第一産業株式会社","5840648240409","","","","","","","430-0854","静岡県浜松市中央区瓜内町65-1","","","","","","","","","","","","","","","4080401002708","","","",""
"成和貿易株式会社","9368585770757","","","","","","","541-0052","大阪府大阪市中央区安土町一丁目4-5 A&K本町ビル503号","","","","","","","","","","","","","","","2120001212893","","","",""
"株式会社瀬海","5430282672275","","","","","","","370-0006","群馬県高崎市問屋町二丁目3-5","","","","","","","","","","","","","","","6070001007379","","","",""
"瀬川レース株式会社","1734381032160","","","","","","","612-0044","京都府京都市伏見区深草北新町685-13","","","","","","","","","","","","","","","5130001014840","","","",""
"有限会社関口商店","7760975166697","","","","","","","379-2221","群馬県伊勢崎市国定町二丁目1850","","","","","","","","","","","","","","","7070002021155","","","",""
"関根商事株式会社","2033908043423","","","","","","","430-0923","静岡県浜松市中央区北寺島町207-15","","","","","","","","","","","","","","","1080401002727","","","",""
"有限会社関根商店","9088743569266","","","","","","","960-0627","福島県伊達市保原町四丁目7","","","","","","","","","","","","","","","8380002006272","","","",""
"関根浜漁業協同組合","9731855070091","","","","","","","035-0022","青森県むつ市大字関根前浜143","","","","","","","","","","","","","","","6420005006473","","","",""
"セキモト株式会社","8028519971416","","","","","","","596-0003","大阪府岸和田市中井町二丁目13-21","","","","","","","","","","","","","","","9120101036930","","","",""
"関本株式会社","5091684905345","","","","","","","923-0000","石川県小松市白山田町ロ146-2","","","","","","","","","","","","","","","4220001012068","","","",""
"株式会社関山繊維","4349374313635","","","","","","","660-0805","兵庫県尼崎市西長洲町二丁目11-3","","","","","","","","","","","","","","","9140001049477","","","",""
"関織物株式会社","8075034696743","","","","","","","501-3263","岐阜県関市広見739-2","","","","","","","","","","","","","","","4200001019255","","","",""
"株式会社セス","3795957423290","","","","","","","101-0062","東京都千代田区神田駿河台四丁目2-3 プリザイド御茶ノ水ビル5F","","","","","","","","","","","","","","","6010001020924","","","",""
"瀬戸山商事株式会社","5168360061650","","","","","","","654-0027","兵庫県神戸市須磨区千歳町一丁目5-1","","","","","","","","","","","","","","","6140001034242","","","",""
"株式会社セフィロス","6219860194754","","","","","","","111-0056","東京都台東区小島二丁目18-9","","","","","","","","","","","","","","","3010501028602","","","",""
"セブンティセブン株式会社","3121462072050","","","","","","","780-0921","高知県高知市井口町63","","","","","","","","","","","","","","","1490001002557","","","",""
"株式会社セモア","2324948359879","","","","","","","541-0056","大阪府大阪市中央区久太郎町二丁目5-28 久太郎町恒和ビル3階","","","","","","","","","","","","","","","6120001082680","","","",""
"瀬良織物株式会社","4389882005325","","","","","","","721-0954","広島県福山市卸町15-1","","","","","","","","","","","","","","","8240001031112","","","",""
"株式会社セルジュ・フェラーリ・ジャパン","7859755716084","","","","","","","248-0005","神奈川県鎌倉市雪ノ下一丁目14-18 雪ノ下ハウス301","","","","","","","","","","","","","","","5021001009949","","","",""
"株式会社セレブアート","2092183288818","","","","","","","131-0033","東京都墨田区向島一丁目21-1","","","","","","","","","","","","","","","8010601012666","","","",""
"有限会社染芸ながおか","5983445614767","","","","","","","103-0013","東京都中央区日本橋人形町二丁目28-4","","","","","","","","","","","","","","","2010002021594","","","",""
"有限会社千州","2578292283611","","","","","","","590-0525","大阪府泉南市馬場二丁目29-18","","","","","","","","","","","","","","","9120102027615","","","",""
"泉州織物工業協同組合","6557047281912","","","","","","","594-0073","大阪府和泉市和気町一丁目30-9","","","","","","","","","","","","","","","1120105006788","","","",""
"泉州商事株式会社","1667551829434","","","","","","","542-0081","大阪府大阪市中央区南船場二丁目12-1","","","","","","","","","","","","","","","4120001084992","","","",""
"泉州繊維産業株式会社","1576304783841","","","","","","","596-0814","大阪府岸和田市岡山町101","","","","","","","","","","","","","","","5120101036967","","","",""
"有限会社染色工芸院","3828747835336","","","","","","","165-0022","東京都中野区江古田二丁目20-6","","","","","","","","","","","","","","","7011202003378","","","",""
"有限会社染色工室クイック","8765082223174","","","","","","","432-8058","静岡県浜松市中央区新橋町1772","","","","","","","","","","","","","","","8080402004419","","","",""
"有限会社千丈","6652967071647","","","","","","","629-2311","京都府与謝郡与謝野町字幾地328-2","","","","","","","","","","","","","","","6130002032196","","","",""
"有限会社Ｓ・Ｅ・Ｎ・Ｓ","6076313580140","","","","","","","503-0816","岐阜県大垣市小泉町287","","","","","","","","","","","","","","","6200002014534","","","",""
"株式会社千粋","8618296240325","","","","","","","604-8182","京都府京都市中京区大阪材木町690-6","","","","","","","","","","","","","","","4130001027232","","","",""
"仙太織物株式会社","6751287857298","","","","","","","890-0056","鹿児島県鹿児島市下荒田一丁目33-4","","","","","","","","","","","","","","","3340001010119","","","",""
"仙台生花株式会社","9552456420173","","","","","","","983-0036","宮城県仙台市宮城野区苦竹四丁目1-20","","","","","","","","","","","","","","","5370001006640","","","",""
"合資会社仙台平","4289242710276","","","","","","","982-0844","宮城県仙台市太白区根岸町15-5","","","","","","","","","","","","","","","9370003000852","","","",""
"仙台中央卸売市場水産物精算株式会社","3022525970506","","","","","","","984-0015","宮城県仙台市若林区卸町四丁目3-1","","","","","","","","","","","","","","","9370001004491","","","",""
"株式会社仙台宮水","7019937745591","","","","","","","984-0015","宮城県仙台市若林区卸町四丁目3-1","","","","","","","","","","","","","","","9370001004509","","","",""
"株式会社扇忠","1064672563230","","","","","","","460-0003","愛知県名古屋市中区錦二丁目11-12","","","","","","","","","","","","","","","6180001037290","","","",""
"株式会社セントラル・トレイディング","2980824063053","","","","","","","500-8386","岐阜県岐阜市薮田西一丁目7-9","","","","","","","","","","","","","","","4200001002847","","","",""
"扇文株式会社","4523995697820","","","","","","","457-0051","愛知県名古屋市南区笠寺町市場東6","","","","","","","","","","","","","","","9180001037338","","","",""
"泉陽商事株式会社","9381223835298","","","","","","","541-0055","大阪府大阪市中央区船場中央二丁目1-4 227船場センタービル4号館2F","","","","","","","","","","","","","","","2120001082800","","","",""
"株式会社仙龍","5374103783215","","","","","","","602-8493","京都府京都市上京区中猪熊町334","","","","","","","","","","","","","","","6130001044663","","","",""
"株式会社ゼロワンユニフォーム","4757629737219","","","","","","","443-0105","愛知県蒲郡市西浦町一木36","","","","","","","","","","","","","","","3180301011114","","","",""
"有限会社善徳織物","5796284352573","","","","","","","677-0131","兵庫県多可郡多可町八千代区下三原106","","","","","","","","","","","","","","","9140002061745","","","",""
"ゼンノ株式会社","5950201940251","","","","","","","550-0002","大阪府大阪市西区江戸堀一丁目20-21","","","","","","","","","","","","","","","4120001044690","","","",""
"善野綿業株式会社","3574330706495","","","","","","","660-0085","兵庫県尼崎市元浜町四丁目88","","","","","","","","","","","","","","","8140001049503","","","",""
"有限会社装苑","3484185286984","","","","","","","731-5136","広島県広島市佐伯区楽々園四丁目3-26","","","","","","","","","","","","","","","6240002001339","","","",""
"株式会社創苑中川","3149431656085","","","","","","","615-8253","京都府京都市西京区御陵北山町29-6","","","","","","","","","","","","","","","5130001017777","","","",""
"株式会社創弘","9470158593984","","","","","","","616-8106","京都府京都市右京区太秦森ケ西町21-133","","","","","","","","","","","","","","","5130001021333","","","",""
"株式会社相好貿易","3250322332654","","","","","","","541-0053","大阪府大阪市中央区本町四丁目5-3","","","","","","","","","","","","","","","8120001082869","","","",""
"相互織物株式会社","5807806062152","","","","","","","103-0004","東京都中央区東日本橋二丁目5-3","","","","","","","","","","","","","","","5010001048446","","","",""
"双日ファッション株式会社","3187266856728","","","","","","","541-0046","大阪府大阪市中央区平野町二丁目1-2 沢の鶴ビル9F","","","","","","","","","","","","","","","1120001077520","","","",""
"崇神坊織物有限会社","4219053434982","","","","","","","711-0904","岡山県倉敷市児島唐琴四丁目14-40","","","","","","","","","","","","","","","3260002019191","","","",""
"株式会社創琳","5581038649614","","","","","","","602-8238","京都府京都市上京区糸屋町202","","","","","","","","","","","","","","","4130001003233","","","",""
"株式会社双和商会","8601303828230","","","","","","","211-0012","神奈川県川崎市中原区中丸子13-17 ザ・コスギタワー3210","","","","","","","","","","","","","","","8010001021111","","","",""
"添田商工株式会社","1894840391755","","","","","","","221-0052","神奈川県横浜市神奈川区栄町89-51","","","","","","","","","","","","","","","2020001023566","","","",""
"株式会社ソトージェイテック","9888710954739","","","","","","","503-0234","岐阜県安八郡輪之内町里100","","","","","","","","","","","","","","","8200001016934","","","",""
"外丸繊維工業株式会社","8143849931656","","","","","","","231-0023","神奈川県横浜市中区山下町194","","","","","","","","","","","","","","","5020001027291","","","",""
"曽根勝株式会社","5283669971703","","","","","","","595-0046","大阪府泉大津市上之町5-11","","","","","","","","","","","","","","","5120101042429","","","",""
"曽根田株式会社","4779200133182","","","","","","","420-0054","静岡県静岡市葵区南安倍二丁目9-5","","","","","","","","","","","","","","","7080001002601","","","",""
"曽根富商事株式会社","4385341341824","","","","","","","522-0041","滋賀県彦根市平田町185-29","","","","","","","","","","","","","","","9160001008415","","","",""
"園田産業株式会社","4251492910575","","","","","","","923-1101","石川県能美市粟生町ニ23","","","","","","","","","","","","","","","5220001012678","","","",""
"株式会社園原パッキング商会","6382218442662","","","","","","","467-0842","愛知県名古屋市瑞穂区妙音通二丁目13","","","","","","","","","","","","","","","9180001010443","","","",""
"株式会社園山商事","5985402599354","","","","","","","693-0013","島根県出雲市荻杼町275-2","","","","","","","","","","","","","","","4280001003235","","","",""
"株式会社ソフィアエンタープライズ","5533887856137","","","","","","","531-0061","大阪府大阪市北区長柄西二丁目2-11","","","","","","","","","","","","","","","5120001103462","","","",""
"有限会社祖父江商店","7283178010393","","","","","","","452-0823","愛知県名古屋市西区あし原町192","","","","","","","","","","","","","","","7180002023727","","","",""
"そぶえ産業株式会社","8411330591153","","","","","","","491-0064","愛知県一宮市宮西通七丁目9-1","","","","","","","","","","","","","","","8180001082954","","","",""
"株式会社ソーホー","8897094334437","","","","","","","600-8357","京都府京都市下京区柿本町606-1","","","","","","","","","","","","","","","2130002022325","","","",""
"株式会社そめおり山楽","1412254825561","","","","","","","602-0000","京都府京都市上京区大宮町西入2 歓喜町217-1","","","","","","","","","","","","","","","6130001021349","","","",""
"有限会社染・織せんしゅう","5431126669181","","","","","","","245-0061","神奈川県横浜市戸塚区汲沢五丁目34-8","","","","","","","","","","","","","","","9010002042790","","","",""
"染感性有限会社ティモード","9429060545998","","","","","","","948-0004","新潟県十日町市下川原町35","","","","","","","","","","","","","","","6110002025607","","","",""
"株式会社染と織琉藍","4540503312891","","","","","","","904-0324","沖縄県中頭郡読谷村字長浜834-1","","","","","","","","","","","","","","","8360001009360","","","",""
"株式会社染のさきら","8048552138496","","","","","","","606-8176","京都府京都市左京区一乗寺塚本町31-4","","","","","","","","","","","","","","","7130001049067","","","",""
"株式会社そめの雅","8365860394060","","","","","","","604-0000","京都府京都市中京区姉西洞院町541","","","","","","","","","","","","","","","1130001021361","","","",""
"株式会社染谷商店","6588488856799","","","","","","","270-0114","千葉県流山市東初石四丁目245-25","","","","","","","","","","","","","","","1040001038167","","","",""
"ソラド商事株式会社","6460097257696","","","","","","","651-0087","兵庫県神戸市中央区御幸通六丁目1-15","","","","","","","","","","","","","","","8140001008970","","","",""
"有限会社ソル","6081777104302","","","","","","","556-0004","大阪府大阪市浪速区日本橋西一丁目2-17 ビィーククレール7階","","","","","","","","","","","","","","","4120002020170","","","",""
"株式会社ソルボーン","2638083885251","","","","","","","604-0000","京都府京都市中京区梅忠町24 加藤ビル","","","","","","","","","","","","","","","8130001021363","","","",""
"株式会社ＳＯＷＡＳ　Ｉｎｃ．","2380968457665","","","","","","","595-0016","大阪府泉大津市条南町11-23","","","","","","","","","","","","","","","2120101042431","","","",""
"株式会社増盛","2447883764665","","","","","","","602-8488","京都府京都市上京区真倉町776","","","","","","","","","","","","","","","1130001003830","","","",""
"株式会社泰久商店","3268383407160","","","","","","","677-0015","兵庫県西脇市西脇961-4","","","","","","","","","","","","","","","7140001075681","","","",""
"大協株式会社","3709793103771","","","","","","","198-0036","東京都青梅市河辺町六丁目26-3","","","","","","","","","","","","","","","5013101003782","","","",""
"泰興株式会社","7219070276620","","","","","","","443-0102","愛知県蒲郡市金平町土橋6-2","","","","","","","","","","","","","","","7180301011119","","","",""
"大光株式会社","1300995218411","","","","","","","603-8436","京都府京都市北区紫竹西栗栖町40","","","","","","","","","","","","","","","9130001005010","","","",""
"株式会社タイコー産業","1244953118351","","","","","","","662-0837","兵庫県西宮市広田町12-26","","","","","","","","","","","","","","","5140001069264","","","",""
"太子織物株式会社","6344633107676","","","","","","","604-0034","京都府京都市中京区下松屋町720-2","","","","","","","","","","","","","","","9130001021412","","","",""
"太進工業株式会社","8527079587695","","","","","","","501-6104","岐阜県岐阜市柳津町本郷四丁目1-1","","","","","","","","","","","","","","","7200001008040","","","",""
"大信実業株式会社","3923620181081","","","","","","","488-0047","愛知県尾張旭市南栄町黒石62-4","","","","","","","","","","","","","","","9180001079603","","","",""
"株式会社大誠","7974165258204","","","","","","","602-0904","京都府京都市上京区小島町548","","","","","","","","","","","","","","","4130001003258","","","",""
"株式会社泰生","8008250190269","","","","","","","925-0054","石川県羽咋市千里浜町ハ136-1","","","","","","","","","","","","","","","8220001015653","","","",""
"大生資材株式会社","8060487085364","","","","","","","121-0062","東京都足立区南花畑三丁目9-20","","","","","","","","","","","","","","","7011801009346","","","",""
"大繊資材株式会社","8749183190635","","","","","","","104-0032","東京都中央区八丁堀四丁目11-3","","","","","","","","","","","","","","","2010001048928","","","",""
"大宗織物有限会社","7616957762679","","","","","","","629-3104","京都府京丹後市網野町浅茂川174","","","","","","","","","","","","","","","6130002033806","","","",""
"株式会社泰東","5092334701080","","","","","","","532-0003","大阪府大阪市淀川区宮原四丁目5-41 新大阪第2NKビル9階","","","","","","","","","","","","","","","7120001110011","","","",""
"太平産業株式会社","2896039591006","","","","","","","569-1031","大阪府高槻市松が丘三丁目2-5","","","","","","","","","","","","","","","4120901011360","","","",""
"株式会社泰平商会","6183457346919","","","","","","","491-0903","愛知県一宮市八幡二丁目10-3","","","","","","","","","","","","","","","9180001083010","","","",""
"大鵬繊維工業株式会社","9632668420876","","","","","","","834-0122","福岡県八女郡広川町大字一條901-1","","","","","","","","","","","","","","","4290001047314","","","",""
"大鵬紡織株式会社","7122822220633","","","","","","","599-0201","大阪府阪南市尾崎町三丁目25-1","","","","","","","","","","","","","","","8120101044678","","","",""
"タイム・トレード・トーキョー株式会社","1610918557459","","","","","","","103-0004","東京都中央区東日本橋三丁目11-11","","","","","","","","","","","","","","","1010001171375","","","",""
"泰陽株式会社","2904442171364","","","","","","","101-0021","東京都千代田区外神田六丁目5-3 偕楽","","","","","","","","","","","","","","","5010001022021","","","",""
"太陽繊維株式会社","6862127762369","","","","","","","541-0055","大阪府大阪市中央区船場中央三丁目1-7 227船場センタービル7号館2F","","","","","","","","","","","","","","","2120001083708","","","",""
"大洋繊維工業株式会社","6898083681042","","","","","","","193-0835","東京都八王子市千人町二丁目15-5","","","","","","","","","","","","","","","7010101002227","","","",""
"株式会社タイヨーボー","7133109097625","","","","","","","501-6104","岐阜県岐阜市柳津町本郷四丁目1-1","","","","","","","","","","","","","","","8200001009062","","","",""
"タイレ株式会社","4525102531345","","","","","","","443-0102","愛知県蒲郡市金平町土橋6-2","","","","","","","","","","","","","","","7180301011143","","","",""
"田上株式会社","2299196862680","","","","","","","600-8302","京都府京都市下京区蛭子町143-3","","","","","","","","","","","","","","","3130001017911","","","",""
"有限会社タウチ","8463493300312","","","","","","","541-0057","大阪府大阪市中央区北久宝寺町一丁目5-6","","","","","","","","","","","","","","","8120002036774","","","",""
"有限会社田永織物","9079859278043","","","","","","","629-2531","京都府京丹後市大宮町奥大野681-3","","","","","","","","","","","","","","","6130002033896","","","",""
"有限会社タカ井","3768555540246","","","","","","","111-0042","東京都台東区寿三丁目16-7 303号","","","","","","","","","","","","","","","6010502007016","","","",""
"鷹岡株式会社","8576773769410","","","","","","","541-0047","大阪府大阪市中央区淡路町三丁目4-16","","","","","","","","","","","","","","","6120001077466","","","",""
"株式会社高岡","4410010776024","","","","","","","602-8203","京都府京都市上京区鏡石町31","","","","","","","","","","","","","","","6130001003297","","","",""
"有限会社高岡織物","9407734132760","","","","","","","602-0053","京都府京都市上京区中小川町224","","","","","","","","","","","","","","","6130002002554","","","",""
"鷹岡興業株式会社","4595312853758","","","","","","","541-0047","大阪府大阪市中央区淡路町三丁目4-16","","","","","","","","","","","","","","","7120001083802","","","",""
"高岡商事株式会社","2196857645813","","","","","","","101-0033","東京都千代田区神田岩本町4-5","","","","","","","","","","","","","","","9010001021548","","","",""
"高岡細巾織物株式会社","3281977830994","","","","","","","910-0225","福井県坂井市丸岡町松川一丁目9","","","","","","","","","","","","","","","2210001007574","","","",""
"株式会社高尾商店","8539644253109","","","","","","","607-8482","京都府京都市山科区北花山大林町15-1","","","","","","","","","","","","","","","6130001012950","","","",""
"株式会社タカギ","7066835212921","","","","","","","111-0043","東京都台東区駒形二丁目1-7","","","","","","","","","","","","","","","8010501008888","","","",""
"高木株式会社","2983779645806","","","","","","","602-8453","京都府京都市上京区笹屋町三丁目605","","","","","","","","","","","","","","","5130001003298","","","",""
"高木織物有限会社","6475498642650","","","","","","","715-0024","岡山県井原市高屋町832","","","","","","","","","","","","","","","3260002025751","","","",""
"高木織物株式会社","6676830541065","","","","","","","923-0181","石川県小松市長谷町ヱ10","","","","","","","","","","","","","","","3220001012127","","","",""
"高木工業株式会社","3793690082023","","","","","","","505-0301","岐阜県加茂郡八百津町八百津4849-8","","","","","","","","","","","","","","","8200001017437","","","",""
"株式会社高木商会","7113578129187","","","","","","","541-0052","大阪府大阪市中央区安土町一丁目6-22 103号","","","","","","","","","","","","","","","5120001083853","","","",""
"高木テント工業株式会社","3694837765919","","","","","","","063-0846","北海道札幌市西区八軒六条西七丁目2-3","","","","","","","","","","","","","","","1430001009871","","","",""
"高銀毛織株式会社","5940532406517","","","","","","","493-8003","愛知県一宮市北方町中島1729-1","","","","","","","","","","","","","","","6180001083021","","","",""
"株式会社タカクラ","7345230258979","","","","","","","103-0004","東京都中央区東日本橋一丁目9-13","","","","","","","","","","","","","","","3010001049891","","","",""
"株式会社タカクラ","7358094113369","","","","","","","910-0235","福井県坂井市丸岡町巽町三丁目120","","","","","","","","","","","","","","","1210001007575","","","",""
"高坂繊維株式会社","1393004347794","","","","","","","326-0141","栃木県足利市小俣町1819-4","","","","","","","","","","","","","","","6060001018831","","","",""
"高崎絹株式会社","8758184057699","","","","","","","370-0861","群馬県高崎市八千代町一丁目3-1","","","","","","","","","","","","","","","2070001007457","","","",""
"株式会社高砂商店","7284090518782","","","","","","","376-0041","群馬県桐生市川内町一丁目253-14","","","","","","","","","","","","","","","8070001016816","","","",""
"株式会社高三織物","4137484934172","","","","","","","949-5331","新潟県長岡市小国町楢沢515 甲","","","","","","","","","","","","","","","8110001024277","","","",""
"株式会社たかし","2264286337343","","","","","","","890-0081","鹿児島県鹿児島市唐湊一丁目15-2","","","","","","","","","","","","","","","7340001002640","","","",""
"株式会社隆織物","4752433867354","","","","","","","603-8206","京都府京都市北区紫竹西南町67-4","","","","","","","","","","","","","","","9130001005679","","","",""
"株式会社たかしま","4609800494874","","","","","","","603-8225","京都府京都市北区紫野南舟岡町4-10","","","","","","","","","","","","","","","4130001005048","","","",""
"高須織物株式会社","1022438244344","","","","","","","445-0063","愛知県西尾市今川町石橋1","","","","","","","","","","","","","","","6180301022926","","","",""
"高瀬兄弟社株式会社","3514791148485","","","","","","","677-0052","兵庫県西脇市和田町634-136","","","","","","","","","","","","","","","2140001108982","","","",""
"高瀬敏織布有限会社","2854370716834","","","","","","","677-0016","兵庫県西脇市高田井町594","","","","","","","","","","","","","","","6140002061780","","","",""
"高仙商事株式会社","9538667454177","","","","","","","740-0034","山口県岩国市南岩国町三丁目15-21","","","","","","","","","","","","","","","3250001011464","","","",""
"高田織物株式会社","4600948617767","","","","","","","711-0904","岡山県倉敷市児島唐琴二丁目2-53","","","","","","","","","","","","","","","8260001013959","","","",""
"高田株式会社","1733163145609","","","","","","","376-0021","群馬県桐生市巴町二丁目1821-68","","","","","","","","","","","","","","","6070001016248","","","",""
"高田勝株式会社","2537283945127","","","","","","","600-8463","京都府京都市下京区永養寺町236","","","","","","","","","","","","","","","6130001017925","","","",""
"有限会社高田商店","7022537979142","","","","","","","615-8195","京都府京都市西京区川島権田町31-7","","","","","","","","","","","","","","","8130002008979","","","",""
"高田タオル株式会社","8799214888885","","","","","","","590-0451","大阪府泉南郡熊取町野田一丁目20-23","","","","","","","","","","","","","","","7120101040439","","","",""
"高貞株式会社","6673686446017","","","","","","","940-0034","新潟県長岡市福住一丁目2-21","","","","","","","","","","","","","","","9110001022800","","","",""
"株式会社タカトー","7173789458945","","","","","","","111-0053","東京都台東区浅草橋四丁目13-10","","","","","","","","","","","","","","","7010501008897","","","",""
"高梨株式会社","3402186202557","","","","","","","103-0006","東京都中央区日本橋富沢町13-5","","","","","","","","","","","","","","","1010001049448","","","",""
"高梨株式会社","2449174361078","","","","","","","541-0052","大阪府大阪市中央区安土町一丁目5-10","","","","","","","","","","","","","","","5120001083861","","","",""
"高梨綿業株式会社","1554632092918","","","","","","","541-0052","大阪府大阪市中央区安土町一丁目5-10","","","","","","","","","","","","","","","6120001083860","","","",""
"高野株式会社","1351549169654","","","","","","","910-0023","福井県福井市順化一丁目23-13","","","","","","","","","","","","","","","1210001002015","","","",""
"高野株式会社","2081417685647","","","","","","","361-0071","埼玉県行田市栄町19-2","","","","","","","","","","","","","","","8030001086953","","","",""
"有限会社タカノオリモノ","7774787028017","","","","","","","929-1725","石川県鹿島郡中能登町東馬場は部46","","","","","","","","","","","","","","","4220002014393","","","",""
"株式会社鷹野セイカ堂","2532783930347","","","","","","","070-0031","北海道旭川市一条通十丁目","","","","","","","","","","","","","","","9450001001852","","","",""
"株式会社高橋修商店","8113549785457","","","","","","","600-8814","京都府京都市下京区中堂寺庄ノ内町34","","","","","","","","","","","","","","","4130001017935","","","",""
"高橋織物株式会社","1958523375683","","","","","","","594-1114","大阪府和泉市国分町72-2","","","","","","","","","","","","","","","6120101047261","","","",""
"高橋織物株式会社","5635050752985","","","","","","","111-0041","東京都台東区元浅草四丁目8-8","","","","","","","","","","","","","","","9010501007352","","","",""
"高橋管理株式会社","7657765336749","","","","","","","920-0961","石川県金沢市香林坊二丁目8-22","","","","","","","","","","","","","","","1220001004068","","","",""
"高橋建材工業株式会社","7306762833295","","","","","","","311-3115","茨城県東茨城郡茨城町大字前田1701","","","","","","","","","","","","","","","7050001002843","","","",""
"高橋商事株式会社","8665621431730","","","","","","","581-0037","大阪府八尾市太田五丁目177-1","","","","","","","","","","","","","","","1122001019221","","","",""
"有限会社高橋商店","6679383473872","","","","","","","711-0906","岡山県倉敷市児島下の町六丁目13-15","","","","","","","","","","","","","","","4260002019439","","","",""
"有限会社高橋整糸","2130401403658","","","","","","","940-0133","新潟県長岡市巻渕三丁目2-16","","","","","","","","","","","","","","","5110002031242","","","",""
"株式会社高橋繊維","6885580327776","","","","","","","340-0003","埼玉県草加市稲荷五丁目34-5","","","","","","","","","","","","","","","4030001039056","","","",""
"有限会社タカハシ旗店","7216873054991","","","","","","","770-0909","徳島県徳島市寺町106","","","","","","","","","","","","","","","6480002003113","","","",""
"高橋細巾織物株式会社","3580803869458","","","","","","","432-8052","静岡県浜松市中央区東若林町1752-9","","","","","","","","","","","","","","","7080401003050","","","",""
"高橋細巾織物株式会社","3708951868920","","","","","","","915-0221","福井県越前市杉尾町15-19","","","","","","","","","","","","","","","3210001012177","","","",""
"有限会社高光織物工場","2912734772937","","","","","","","376-0002","群馬県桐生市境野町七丁目97","","","","","","","","","","","","","","","8070002024025","","","",""
"高峯株式会社","3323438896893","","","","","","","541-0058","大阪府大阪市中央区南久宝寺町一丁目4-11","","","","","","","","","","","","","","","8120001083909","","","",""
"高谷株式会社","8910194343563","","","","","","","604-0026","京都府京都市中京区大恩寺町252-1","","","","","","","","","","","","","","","9130001021478","","","",""
"株式会社高柳繊維","3007149095265","","","","","","","409-3800","山梨県中央市流通団地二丁目７番７号","","","","","","","","","","","","","","","3090001001341","","","",""
"高山株式会社","4545601421163","","","","","","","910-0023","福井県福井市順化一丁目6-5","","","","","","","","","","","","","","","3210001002038","","","",""
"高山株式会社","1343416555669","","","","","","","602-8437","京都府京都市上京区西石屋町731","","","","","","","","","","","","","","","9130001003311","","","",""
"高山産業株式会社","2618904307763","","","","","","","538-0043","大阪府大阪市鶴見区今津南一丁目6-2","","","","","","","","","","","","","","","2120001099844","","","",""
"有限会社高好美術織物","4180844785898","","","","","","","376-0014","群馬県桐生市広沢町間ノ島303-2","","","","","","","","","","","","","","","1070002024031","","","",""
"宝本商事株式会社","3062669194973","","","","","","","602-0953","京都府京都市上京区元百万遍町542","","","","","","","","","","","","","","","1130001001256","","","",""
"株式会社寶屋","2363639136494","","","","","","","558-0022","大阪府大阪市住吉区杉本二丁目2-2","","","","","","","","","","","","","","","5370001009032","","","",""
"株式会社高和","1094071716033","","","","","","","103-0004","東京都中央区東日本橋三丁目6-18 ハニー堀留ビル3階","","","","","","","","","","","","","","","1010001049464","","","",""
"たきさ毛織有限会社","3661449059306","","","","","","","494-0007","愛知県一宮市小信中島郷中47","","","","","","","","","","","","","","","2180002078288","","","",""
"瀧定名古屋株式会社","5025554672780","","","","","","","460-0003","愛知県名古屋市中区錦二丁目13-19","","","","","","","","","","","","","","","6180001037794","","","",""
"有限会社滝沢服飾","9746892928513","","","","","","","198-0171","東京都青梅市二俣尾三丁目815-1","","","","","","","","","","","","","","","7013102006337","","","",""
"株式会社滝商","9476915928449","","","","","","","679-0211","兵庫県加東市上滝野423-6","","","","","","","","","","","","","","","2140001077187","","","",""
"滝清株式会社","3351360493958","","","","","","","340-0835","埼玉県八潮市大字浮塚544","","","","","","","","","","","","","","","7030001040713","","","",""
"株式会社滝善","7840189175760","","","","","","","491-0873","愛知県一宮市せんい二丁目10-22","","","","","","","","","","","","","","","2180001083025","","","",""
"株式会社タキ・リビング","1746354825618","","","","","","","403-0001","山梨県富士吉田市上暮地六丁目4-10","","","","","","","","","","","","","","","3090002013105","","","",""
"株式会社タクト","9185036620619","","","","","","","491-0879","愛知県一宮市白旗通四丁目14-9","","","","","","","","","","","","","","","7180001083029","","","",""
"田窪株式会社","9042963099298","","","","","","","540-0029","大阪府大阪市中央区本町橋2-26 田窪ビル2階","","","","","","","","","","","","","","","1500001011894","","","",""
"有限会社タクボ興産","1693747360987","","","","","","","794-0015","愛媛県今治市常盤町六丁目8-4","","","","","","","","","","","","","","","7500002018611","","","",""
"株式会社匠の夢","2183757470568","","","","","","","954-0051","新潟県見附市本所一丁目4-17","","","","","","","","","","","","","","","8110001026067","","","",""
"タクラルブラザース株式会社","9707434456180","","","","","","","541-0057","大阪府大阪市中央区北久宝寺町二丁目1-2","","","","","","","","","","","","","","","9120001083932","","","",""
"有限会社田口糸店","3858507870248","","","","","","","111-0054","東京都台東区鳥越二丁目7-8","","","","","","","","","","","","","","","1010502006526","","","",""
"有限会社竹内宏商店","1594483679295","","","","","","","478-0021","愛知県知多市岡田高見21","","","","","","","","","","","","","","","3180002088303","","","",""
"竹島繊維株式会社","3244195473305","","","","","","","541-0055","大阪府大阪市中央区船場中央二丁目3-6 B152号","","","","","","","","","","","","","","","8120001083982","","","",""
"武新株式会社","3336495898434","","","","","","","541-0048","大阪府大阪市中央区瓦町三丁目4-9 フカキ瓦町ビル3F","","","","","","","","","","","","","","","2120001084029","","","",""
"武田株式会社","1092635341303","","","","","","","604-8115","京都府京都市中京区雁金町375","","","","","","","","","","","","","","","8130001021520","","","",""
"武田株式会社","6116901329756","","","","","","","541-0052","大阪府大阪市中央区安土町三丁目3-9 田村駒ビル6階","","","","","","","","","","","","","","","1120001066853","","","",""
"株式会社竹田糸店","3489632572817","","","","","","","130-0011","東京都墨田区石原一丁目5-7","","","","","","","","","","","","","","","6010601012817","","","",""
"株式会社竹田嘉兵衛商店","4741578744358","","","","","","","458-0924","愛知県名古屋市緑区有松1803","","","","","","","","","","","","","","","4180001028399","","","",""
"株式会社武田金糸","3093813781199","","","","","","","603-8243","京都府京都市北区紫野今宮町22-16","","","","","","","","","","","","","","","9130001005068","","","",""
"竹田毛織有限会社","6284199841254","","","","","","","491-0366","愛知県一宮市萩原町河田方中道17","","","","","","","","","","","","","","","6180002076908","","","",""
"有限会社竹中商店","6318484161978","","","","","","","926-0811","石川県七尾市御祓町ホ 26-7","","","","","","","","","","","","","","","9220002013878","","","",""
"株式会社武菱","8410108688664","","","","","","","540-0021","大阪府大阪市中央区大手通三丁目3-3","","","","","","","","","","","","","","","6120001107727","","","",""
"株式会社タケヒロヤ","6216587122837","","","","","","","581-0003","大阪府八尾市本町五丁目5-25","","","","","","","","","","","","","","","3122001019021","","","",""
"武部織物株式会社","9185697701703","","","","","","","929-1700","石川県鹿島郡中能登町武部い部20-2","","","","","","","","","","","","","","","2220001015667","","","",""
"株式会社タケミクロス","4755106257793","","","","","","","431-3123","静岡県浜松市中央区有玉西町814-1","","","","","","","","","","","","","","","5080401003060","","","",""
"株式会社たけみや","9875067116659","","","","","","","806-0021","福岡県北九州市八幡西区黒崎二丁目6-8","","","","","","","","","","","","","","","7290801010245","","","",""
"竹村公株式会社","2644052867908","","","","","","","562-0036","大阪府箕面市船場西一丁目5-8","","","","","","","","","","","","","","","8120001083999","","","",""
"竹村紡織株式会社","9803740361140","","","","","","","432-8021","静岡県浜松市中央区佐鳴台四丁目37-13","","","","","","","","","","","","","","","2080401003071","","","",""
"株式会社竹屋","2739336911182","","","","","","","605-0914","京都府京都市東山区下新シ町325","","","","","","","","","","","","","","","6130001009443","","","",""
"株式会社タケヤリ","7998768647976","","","","","","","710-0142","岡山県倉敷市林2168-1","","","","","","","","","","","","","","","9260001013990","","","",""
"株式会社武良商店","1744309944417","","","","","","","923-0931","石川県小松市大文字町59","","","","","","","","","","","","","","","8220001012147","","","",""
"株式会社田源","2691266239807","","","","","","","103-0012","東京都中央区日本橋堀留町二丁目3-8 田源ビル1F","","","","","","","","","","","","","","","4010001049296","","","",""
"タゲンファースト株式会社","3607672446884","","","","","","","103-0012","東京都中央区日本橋堀留町二丁目3-8","","","","","","","","","","","","","","","8010001049680","","","",""
"株式会社田島織物","7382412477244","","","","","","","833-0053","福岡県筑後市大字西牟田3826-1","","","","","","","","","","","","","","","2290001047332","","","",""
"但馬合繊株式会社","1331638413837","","","","","","","669-5327","兵庫県豊岡市日高町野々庄884","","","","","","","","","","","","","","","1140001056266","","","",""
"タジマ商事株式会社","6792245110864","","","","","","","241-0835","神奈川県横浜市旭区柏町103-5","","","","","","","","","","","","","","","9020001027503","","","",""
"田島シルク株式会社","1307849096194","","","","","","","519-0124","三重県亀山市東御幸町39-8","","","","","","","","","","","","","","","6190001003440","","","",""
"有限会社タスク","2274970898359","","","","","","","930-0845","富山県富山市綾田町一丁目2-28","","","","","","","","","","","","","","","1230002004470","","","",""
"有限会社タス彩美苑","4521679861727","","","","","","","103-0012","東京都中央区日本橋堀留町二丁目5-7 302号","","","","","","","","","","","","","","","1010002022230","","","",""
"株式会社多田商店","6184368828897","","","","","","","991-0051","山形県寒河江市若葉町13-4","","","","","","","","","","","","","","","2390001011848","","","",""
"多田利株式会社","8443538976559","","","","","","","562-0035","大阪府箕面市船場東一丁目8-41","","","","","","","","","","","","","","","1120901020661","","","",""
"株式会社タチカワ","9080716323924","","","","","","","136-0071","東京都江東区亀戸三丁目34-24","","","","","","","","","","","","","","","7010601004706","","","",""
"株式会社タチバナ","6418818988887","","","","","","","490-1133","愛知県海部郡大治町大字八ツ屋山畔3","","","","","","","","","","","","","","","7180001098142","","","",""
"株式会社タチバナ","9447543470199","","","","","","","103-0001","東京都中央区日本橋小伝馬町2-8 新小伝馬町ビル8階","","","","","","","","","","","","","","","2010001049918","","","",""
"株式会社たち花","2959591618853","","","","","","","603-8444","京都府京都市北区大宮西野山町8-21","","","","","","","","","","","","","","","1130001017979","","","",""
"株式会社立花機業場","8785408238102","","","","","","","910-1212","福井県吉田郡永平寺町東古市14-10","","","","","","","","","","","","","","","6210001002365","","","",""
"株式会社田長","7601409171233","","","","","","","959-1822","新潟県五泉市緑町5-16","","","","","","","","","","","","","","","1110001011678","","","",""
"株式会社ＴＡＫアパレル","5955196429144","","","","","","","150-0041","東京都渋谷区神南一丁目6-6 OZAWABUILDING1F","","","","","","","","","","","","","","","3011001056556","","","",""
"株式会社たつ澤","8659335749815","","","","","","","176-0006","東京都練馬区栄町46-4 1階","","","","","","","","","","","","","","","6012402013498","","","",""
"有限会社田恒","6365413053592","","","","","","","494-0001","愛知県一宮市開明北小憧8","","","","","","","","","","","","","","","5180002078293","","","",""
"株式会社龍村光峯","5820984844880","","","","","","","603-8107","京都府京都市北区紫竹下ノ岸町25","","","","","","","","","","","","","","","9130001050007","","","",""
"株式会社立野矢","6685496929166","","","","","","","603-8487","京都府京都市北区大北山原谷乾町131-3","","","","","","","","","","","","","","","7130001005078","","","",""
"立林商事株式会社","4520111829685","","","","","","","541-0052","大阪府大阪市中央区安土町一丁目6-19","","","","","","","","","","","","","","","6120001084090","","","",""
"田寅織物株式会社","7386613505442","","","","","","","629-2503","京都府京丹後市大宮町周枳675","","","","","","","","","","","","","","","1130001042779","","","",""
"株式会社田中織物工場","3336312575929","","","","","","","335-0004","埼玉県蕨市中央六丁目2-3","","","","","","","","","","","","","","","6030001021103","","","",""
"田中工業株式会社","9987852085303","","","","","","","596-0825","大阪府岸和田市土生町十三丁目15-21","","","","","","","","","","","","","","","9120101037094","","","",""
"株式会社田中サイジング","4662718193980","","","","","","","597-0103","大阪府貝塚市馬場342","","","","","","","","","","","","","","","5120101038261","","","",""
"田中産業株式会社","2176508156959","","","","","","","910-0349","福井県坂井市丸岡町反保3-59","","","","","","","","","","","","","","","2210001007582","","","",""
"田中刺繍株式会社","2262221773122","","","","","","","637-0015","奈良県五條市大野新田町243","","","","","","","","","","","","","","","8150001015504","","","",""
"タナカ商事株式会社","5615135644871","","","","","","","910-2173","福井県福井市下東郷町15-45","","","","","","","","","","","","","","","9210001002379","","","",""
"有限会社田中商事","7033034457694","","","","","","","533-0011","大阪府大阪市東淀川区大桐三丁目4-7","","","","","","","","","","","","","","","1120002025338","","","",""
"株式会社田中商店","8078967978543","","","","","","","918-8106","福井県福井市木田町1507","","","","","","","","","","","","","","","2210001008341","","","",""
"株式会社田中商店","5081457962827","","","","","","","101-0032","東京都千代田区岩本町一丁目8-16","","","","","","","","","","","","","","","5010001022467","","","",""
"株式会社田中商店","7145571504274","","","","","","","111-0053","東京都台東区浅草橋三丁目21-1","","","","","","","","","","","","","","","1010501007302","","","",""
"田中織布株式会社","5703899425559","","","","","","","597-0102","大阪府貝塚市木積365","","","","","","","","","","","","","","","4120101038262","","","",""
"田中織布株式会社","6859013470811","","","","","","","596-0004","大阪府岸和田市荒木町一丁目31-15","","","","","","","","","","","","","","","7120101037096","","","",""
"田中センイ株式会社","4694499716027","","","","","","","640-0331","和歌山県和歌山市吉原275","","","","","","","","","","","","","","","6170001006379","","","",""
"田中繊維工業株式会社","5053962237801","","","","","","","581-0064","大阪府八尾市跡部本町三丁目2-15","","","","","","","","","","","","","","","2122001019237","","","",""
"有限会社田中専商店","6197438597004","","","","","","","550-0015","大阪府大阪市西区南堀江二丁目12-25","","","","","","","","","","","","","","","9120002022344","","","",""
"田中忠株式会社","8027693231283","","","","","","","916-0131","福井県丹生郡越前町乙坂15-2","","","","","","","","","","","","","","","6210001012570","","","",""
"田中忠織物株式会社","1188748282382","","","","","","","916-0016","福井県鯖江市神中町二丁目9-41","","","","","","","","","","","","","","","3210001013051","","","",""
"株式会社田中稔二商店","6520616783235","","","","","","","600-8376","京都府京都市下京区上長福寺町220","","","","","","","","","","","","","","","4130001018000","","","",""
"田中細巾有限会社","3434652785570","","","","","","","720-2127","広島県福山市神辺町箱田226-2","","","","","","","","","","","","","","","5240002038753","","","",""
"田中政織物株式会社","7785010440248","","","","","","","602-8324","京都府京都市上京区元観音町457","","","","","","","","","","","","","","","1130001003343","","","",""
"株式会社田中義","3139659754872","","","","","","","460-0003","愛知県名古屋市中区錦二丁目16-23","","","","","","","","","","","","","","","3180001037905","","","",""
"田中ロープ株式会社","3148233740132","","","","","","","136-0071","東京都江東区亀戸三丁目56-13","","","","","","","","","","","","","","","4010601004568","","","",""
"棚倉織物株式会社","1708915613205","","","","","","","677-0103","兵庫県多可郡多可町八千代区中村352","","","","","","","","","","","","","","","1140001075646","","","",""
"田辺株式会社","9877626995968","","","","","","","502-0934","岐阜県岐阜市大福町九丁目53","","","","","","","","","","","","","","","8200001003255","","","",""
"有限会社田辺織物","6019362319936","","","","","","","403-0009","山梨県富士吉田市富士見四丁目6-45","","","","","","","","","","","","","","","4090002012213","","","",""
"株式会社田辺レース","2119202554522","","","","","","","326-0141","栃木県足利市小俣町628-1","","","","","","","","","","","","","","","9060001023738","","","",""
"谷岡株式会社","8131243382496","","","","","","","918-8239","福井県福井市成和一丁目1203","","","","","","","","","","","","","","","9210001002370","","","",""
"株式会社谷寛商事","4817833073355","","","","","","","600-8096","京都府京都市下京区高橋町612","","","","","","","","","","","","","","","5130001018008","","","",""
"有限会社谷口織物修整","1539163870826","","","","","","","491-0101","愛知県一宮市浅井町尾関上り戸47-1","","","","","","","","","","","","","","","9180002076946","","","",""
"谷口商事株式会社","1221960167409","","","","","","","111-0053","東京都台東区浅草橋三丁目15-11","","","","","","","","","","","","","","","2210001002385","","","",""
"谷口商事株式会社","1137302952642","","","","","","","541-0056","大阪府大阪市中央区久太郎町三丁目5-26","","","","","","","","","","","","","","","1120001084129","","","",""
"株式会社タニヨンデザインラボ","3037152999216","","","","","","","540-0012","大阪府大阪市中央区谷町一丁目2-6 京阪谷町ビル9階","","","","","","","","","","","","","","","1120001135030","","","",""
"株式会社種田","4285090548699","","","","","","","600-8498","京都府京都市下京区柏屋町347","","","","","","","","","","","","","","","4130001046091","","","",""
"株式会社田原一","4580454461394","","","","","","","604-8206","京都府京都市中京区町頭町104","","","","","","","","","","","","","","","7130001021579","","","",""
"田畑織物株式会社","4471695287283","","","","","","","890-0045","鹿児島県鹿児島市武三丁目26-6","","","","","","","","","","","","","","","3340001002727","","","",""
"田端産業株式会社","9933169584820","","","","","","","530-0054","大阪府大阪市北区南森町二丁目2-12 ダイビスビル6F","","","","","","","","","","","","","","","7120001084180","","","",""
"有限会社タフ","4161134656457","","","","","","","158-0082","東京都世田谷区等々力七丁目2-12 203号","","","","","","","","","","","","","","","1010902018385","","","",""
"株式会社タマイ","2059803510822","","","","","","","272-0034","千葉県市川市市川三丁目39-22","","","","","","","","","","","","","","","8010501007873","","","",""
"株式会社玉井商店","1846836541170","","","","","","","520-2342","滋賀県野洲市野洲906-20","","","","","","","","","","","","","","","7160001015636","","","",""
"玉樹織物修整有限会社","3429246274872","","","","","","","491-0111","愛知県一宮市浅井町河端流46","","","","","","","","","","","","","","","8180002076781","","","",""
"株式会社玉越商店","5293673245673","","","","","","","596-0061","大阪府岸和田市大北町7-5","","","","","","","","","","","","","","","3120001045335","","","",""
"玉腰整毛有限会社","3146159357644","","","","","","","491-0023","愛知県一宮市赤見三丁目7-16","","","","","","","","","","","","","","","5180002076784","","","",""
"田宮服飾株式会社","1288827129717","","","","","","","460-0008","愛知県名古屋市中区栄二丁目13-1 名古屋パークプレイス102","","","","","","","","","","","","","","","1180001037931","","","",""
"田村駒株式会社","8964213119608","","","","","","","150-0001","東京都渋谷区神宮前一丁目3-10","","","","","","","","","","","","","","","6120001084231","","","",""
"田村駒エンジニアリング株式会社","2495833896930","","","","","","","103-0023","東京都中央区日本橋本町四丁目8-16 KDX新日本橋駅前ビル8F","","","","","","","","","","","","","","","4010001049354","","","",""
"有限会社田村サイジング","1316123310349","","","","","","","940-0216","新潟県長岡市栃尾新町6-43","","","","","","","","","","","","","","","2110002031204","","","",""
"株式会社田村商店","2098298697861","","","","","","","770-0902","徳島県徳島市西新町二丁目10","","","","","","","","","","","","","","","8480001001058","","","",""
"有限会社タムラセンイ","3361128283522","","","","","","","920-0274","石川県河北郡内灘町字向粟崎三丁目137","","","","","","","","","","","","","","","8220002016329","","","",""
"株式会社タメオカ","5496227871977","","","","","","","547-0034","大阪府大阪市平野区背戸口一丁目12-3","","","","","","","","","","","","","","","1120001020760","","","",""
"株式会社タメキ","2619677746740","","","","","","","543-0043","大阪府大阪市天王寺区勝山一丁目8-12","","","","","","","","","","","","","","","7120001024095","","","",""
"株式会社タロダ","5871873629531","","","","","","","920-0200","石川県河北郡内灘町字室へ1-9","","","","","","","","","","","","","","","2220001017283","","","",""
"丹下株式会社","5055370989050","","","","","","","451-0064","愛知県名古屋市西区名西二丁目38-29","","","","","","","","","","","","","","","3180001037814","","","",""
"丹下織物株式会社","6949339945293","","","","","","","493-0007","愛知県一宮市木曽川町外割田北乙五郎87","","","","","","","","","","","","","","","7180003011961","","","",""
"丹治株式会社","8925338785262","","","","","","","604-8112","京都府京都市中京区槌屋町95","","","","","","","","","","","","","","","6130001021605","","","",""
"有限会社タンチテックス","6141224463210","","","","","","","721-0966","広島県福山市手城町一丁目4-11","","","","","","","","","","","","","","","7240002041796","","","",""
"丹波生糸株式会社","3497094681394","","","","","","","602-8203","京都府京都市上京区鏡石町3","","","","","","","","","","","","","","","8130001003361","","","",""
"株式会社ダイアンテキスタイル","8252033135476","","","","","","","595-0044","大阪府泉大津市河原町6-7","","","","","","","","","","","","","","","6120001083051","","","",""
"株式会社第一","3091433946103","","","","","","","403-0009","山梨県富士吉田市富士見六丁目11-40","","","","","","","","","","","","","","","8090001009834","","","",""
"第一織物株式会社","3507183101385","","","","","","","910-0345","福井県坂井市丸岡町四郎丸4-100","","","","","","","","","","","","","","","2210001001949","","","",""
"第一テープ株式会社","5823662160893","","","","","","","116-0003","東京都荒川区南千住二丁目27-10","","","","","","","","","","","","","","","6011501012592","","","",""
"株式会社第一トレーデイング","1360541229502","","","","","","","598-0007","大阪府泉佐野市上町三丁目10-6","","","","","","","","","","","","","","","3120101039872","","","",""
"第一ニットマーケティング株式会社","8971778198418","","","","","","","954-0082","新潟県見附市柳橋町270-1","","","","","","","","","","","","","","","7110001024988","","","",""
"大一帆布株式会社","3806081609575","","","","","","","551-0001","大阪府大阪市大正区三軒家西一丁目1-8","","","","","","","","","","","","","","","9120001027716","","","",""
"株式会社大一保多屋","2274802336162","","","","","","","526-0064","滋賀県長浜市殿町3-23","","","","","","","","","","","","","","","5160001006810","","","",""
"ダイエー株式会社","7854207397391","","","","","","","443-0043","愛知県蒲郡市元町4-4","","","","","","","","","","","","","","","3180301011139","","","",""
"株式会社大永","1139141224522","","","","","","","545-0004","大阪府大阪市阿倍野区文の里四丁目10-19","","","","","","","","","","","","","","","7120001012744","","","",""
"大永産業株式会社","4121645752810","","","","","","","603-8052","京都府京都市北区上賀茂松本町88","","","","","","","","","","","","","","","7130001005004","","","",""
"大越株式会社","7233032254426","","","","","","","541-0054","大阪府大阪市中央区南本町一丁目4-6 アーカス南本町ビル6F","","","","","","","","","","","","","","","8120001076152","","","",""
"株式会社ダイカ","4346078271859","","","","","","","602-8146","京都府京都市上京区木屋之町497","","","","","","","","","","","","","","","1130001003244","","","",""
"大嘉産業株式会社","3112974096913","","","","","","","550-0012","大阪府大阪市西区立売堀四丁目6-9 大嘉ビル8階","","","","","","","","","","","","","","","6120001044846","","","",""
"大化産業株式会社","8672584216154","","","","","","","677-0016","兵庫県西脇市高田井町26","","","","","","","","","","","","","","","5140001075667","","","",""
"株式会社ダイキ","2908372832090","","","","","","","541-0054","大阪府大阪市中央区南本町二丁目4-7","","","","","","","","","","","","","","","6120001083068","","","",""
"株式会社大喜商店","9933457649086","","","","","","","536-0014","大阪府大阪市城東区鴫野西一丁目15-14","","","","","","","","","","","","","","","5130001017827","","","",""
"大輝設備管理株式会社","5324992882167","","","","","","","486-0937","愛知県春日井市細木町一丁目42","","","","","","","","","","","","","","","3180001074361","","","",""
"大京衣料株式会社","3434983586994","","","","","","","600-8432","京都府京都市下京区糸屋町221","","","","","","","","","","","","","","","3130001017829","","","",""
"大協加工株式会社","5036363704768","","","","","","","198-0062","東京都青梅市和田町二丁目501","","","","","","","","","","","","","","","4013101003783","","","",""
"大協テックス株式会社","4757487616119","","","","","","","541-0057","大阪府大阪市中央区北久宝寺町二丁目1-7 本町和光ビル6F","","","","","","","","","","","","","","","4120001083342","","","",""
"有限会社ダイケン商事","6057022835821","","","","","","","465-0006","愛知県名古屋市名東区神月町808","","","","","","","","","","","","","","","9180002002670","","","",""
"株式会社ダイコ","7050825387142","","","","","","","578-0902","大阪府東大阪市川中2-3 長谷川ビル301","","","","","","","","","","","","","","","9122001003894","","","",""
"大恒株式会社","2634310867768","","","","","","","430-0801","静岡県浜松市中央区神立町107-2","","","","","","","","","","","","","","","6080401002838","","","",""
"大高株式会社","1196476541226","","","","","","","600-8814","京都府京都市下京区中堂寺庄ノ内町1-121","","","","","","","","","","","","","","","5130001017843","","","",""
"株式会社ダイコクヤ","8782810995249","","","","","","","980-0802","宮城県仙台市青葉区二日町5-28","","","","","","","","","","","","","","","8370001008907","","","",""
"ダイゴ株式会社","9764387095618","","","","","","","550-0005","大阪府大阪市西区西本町一丁目4-1 オリックス本町ビル9階","","","","","","","","","","","","","","","5140001082416","","","",""
"大五株式会社","8491841391067","","","","","","","575-0003","大阪府四條畷市岡山東三丁目8-15","","","","","","","","","","","","","","","6122001016255","","","",""
"株式会社醍醐正","7569440496376","","","","","","","600-8443","京都府京都市下京区船鉾町403","","","","","","","","","","","","","","","2130001017846","","","",""
"株式会社大定","5134112577475","","","","","","","326-0141","栃木県足利市小俣町859-1","","","","","","","","","","","","","","","9060001018812","","","",""
"大三株式会社","4104371451783","","","","","","","915-0233","福井県丹生郡越前町市岩本町5字11","","","","","","","","","","","","","","","6210001012174","","","",""
"株式会社ダイショウ","1560381214257","","","","","","","208-0032","東京都武蔵村山市三ツ木二丁目5-7","","","","","","","","","","","","","","","2012801002948","","","",""
"株式会社大庄","1878320048117","","","","","","","602-8442","京都府京都市上京区薬師町246","","","","","","","","","","","","","","","7130001003255","","","",""
"有限会社大裳苑大石商店","6033035866270","","","","","","","432-8055","静岡県浜松市南区卸本町54","","","","","","","","","","","","","","","4080402004604","","","",""
"大翔物産有限会社","4203523964346","","","","","","","240-0061","神奈川県横浜市保土ケ谷区峰沢町312-12 A-108","","","","","","","","","","","","","","","7020002069348","","","",""
"ダイショーファッションテキスタイル株式会社","5071268374246","","","","","","","491-0045","愛知県一宮市音羽一丁目10-28","","","","","","","","","","","","","","","5180001083006","","","",""
"有限会社ダイシン","5258258491994","","","","","","","491-0905","愛知県一宮市平和三丁目9-4","","","","","","","","","","","","","","","2180002076754","","","",""
"大伸商事株式会社","9881837228296","","","","","","","597-0054","大阪府貝塚市堤51-4","","","","","","","","","","","","","","","3120101038222","","","",""
"大十株式会社","1053824456561","","","","","","","810-0064","福岡県福岡市中央区地行四丁目1-23 105号","","","","","","","","","","","","","","","2290001025453","","","",""
"大泉株式会社","9438316930700","","","","","","","541-0054","大阪府大阪市中央区南本町三丁目2-4 きものビル","","","","","","","","","","","","","","","4120001083458","","","",""
"ダイセン株式会社","5610608120397","","","","","","","453-0018","愛知県名古屋市中村区佐古前町16-15","","","","","","","","","","","","","","","1180001031083","","","",""
"有限会社大総","1448441161073","","","","","","","862-0911","熊本県熊本市東区健軍四丁目17-4","","","","","","","","","","","","","","","9330002006169","","","",""
"有限会社ダイテック","2741456066934","","","","","","","193-0942","東京都八王子市椚田町533-14","","","","","","","","","","","","","","","4010102004076","","","",""
"株式会社ダイテル","3112275827942","","","","","","","910-0854","福井県福井市御幸四丁目5-21","","","","","","","","","","","","","","","9210001001868","","","",""
"大東産業株式会社","7164483118320","","","","","","","440-0851","愛知県豊橋市前田南町一丁目6-3","","","","","","","","","","","","","","","4180301006088","","","",""
"大藤繊維株式会社","3876758858427","","","","","","","603-8244","京都府京都市北区紫野東蓮台野町10-12","","","","","","","","","","","","","","","5130001005030","","","",""
"ダイトーネット株式会社","8806202224709","","","","","","","444-0423","愛知県西尾市一色町一色中屋敷11-1","","","","","","","","","","","","","","","4180303002837","","","",""
"株式会社ダイドー","4169606780728","","","","","","","920-0211","石川県金沢市湊一丁目1-5","","","","","","","","","","","","","","","9220001003871","","","",""
"大同糸業株式会社","8654822034916","","","","","","","600-8086","京都府京都市下京区本燈籠町27","","","","","","","","","","","","","","","4130001017869","","","",""
"大同商事株式会社","3718592861270","","","","","","","105-0013","東京都港区浜松町一丁目10-8","","","","","","","","","","","","","","","7010401016629","","","",""
"大同通商株式会社","4080039903486","","","","","","","150-0031","東京都渋谷区桜丘町12-8","","","","","","","","","","","","","","","3011001013292","","","",""
"株式会社大福屋","8218734606807","","","","","","","556-0005","大阪府大阪市浪速区日本橋四丁目17-5","","","","","","","","","","","","","","","1120001038902","","","",""
"株式会社大豊テキスタイル","1924494220461","","","","","","","550-0005","大阪府大阪市西区西本町一丁目13-38 新興産ビル620号室","","","","","","","","","","","","","","","1120001083592","","","",""
"株式会社ダイボウ","4645268648201","","","","","","","520-3014","滋賀県栗東市川辺480-15","","","","","","","","","","","","","","","6160001013467","","","",""
"大松株式会社","1745177506289","","","","","","","857-1162","長崎県佐世保市卸本町22-2","","","","","","","","","","","","","","","2310001005659","","","",""
"大松株式会社","3278638216756","","","","","","","604-8154","京都府京都市中京区菊水鉾町581","","","","","","","","","","","","","","","8130001021446","","","",""
"大丸株式会社","5786776360105","","","","","","","444-0009","愛知県岡崎市小呂町二丁目103-10","","","","","","","","","","","","","","","9180301001522","","","",""
"株式会社大丸白倉商店","7467052693888","","","","","","","079-8414","北海道旭川市永山四条十四丁目3-7","","","","","","","","","","","","","","","2450001001702","","","",""
"大門繊維株式会社","3909362588043","","","","","","","444-2135","愛知県岡崎市大門五丁目21-15","","","","","","","","","","","","","","","4180301001519","","","",""
"有限会社ダイヤ織物修整","1119798170763","","","","","","","491-0057","愛知県一宮市今伊勢町宮後郷中481","","","","","","","","","","","","","","","3180002076828","","","",""
"ダイヤ毛糸株式会社","3040537071288","","","","","","","532-0011","大阪府大阪市淀川区西中島五丁目8-3","","","","","","","","","","","","","","","8120001145007","","","",""
"有限会社ダイヤ工芸","9935274234347","","","","","","","910-0231","福井県坂井市丸岡町霞町一丁目57-9","","","","","","","","","","","","","","","4210002008586","","","",""
"有限会社ダイヤテント","9086203446274","","","","","","","761-0101","香川県高松市春日町1606-13","","","","","","","","","","","","","","","6470002004293","","","",""
"大雄織物株式会社","5331558086920","","","","","","","192-0154","東京都八王子市下恩方町848","","","","","","","","","","","","","","","3010101002222","","","",""
"株式会社大裕商事","5858445069329","","","","","","","111-0032","東京都台東区浅草七丁目7-3","","","","","","","","","","","","","","","3010501007218","","","",""
"大友商事株式会社","6499200545468","","","","","","","870-0025","大分県大分市顕徳町一丁目7-10","","","","","","","","","","","","","","","1320001001690","","","",""
"大有物産株式会社","7878344229106","","","","","","","445-0815","愛知県西尾市菅原町279","","","","","","","","","","","","","","","7180301022917","","","",""
"ダイリン株式会社","4341600824456","","","","","","","600-8420","京都府京都市下京区高砂町390","","","","","","","","","","","","","","","7130001017899","","","",""
"大六レザー株式会社","8306877084940","","","","","","","110-0013","東京都台東区入谷二丁目6-5","","","","","","","","","","","","","","","2010501007219","","","",""
"大和株式会社","3199374316810","","","","","","","664-0861","兵庫県伊丹市稲野町五丁目26","","","","","","","","","","","","","","","6120001083729","","","",""
"大和実業株式会社","7768904397966","","","","","","","650-0034","兵庫県神戸市中央区京町79 日本ビルヂング602","","","","","","","","","","","","","","","9140001009150","","","",""
"大和特殊織物株式会社","8632877661377","","","","","","","581-0864","大阪府八尾市大字山畑167","","","","","","","","","","","","","","","9122001019189","","","",""
"有限会社高縄織物","6108427097836","","","","","","","912-0061","福井県大野市篠座89-4","","","","","","","","","","","","","","","9210002009522","","","",""
"ダックテキスタイル株式会社","9282451082470","","","","","","","720-2124","広島県福山市神辺町大字川南334-3","","","","","","","","","","","","","","","1240001029633","","","",""
"株式会社ＷＢユアサ","1437176922879","","","","","","","923-0935","石川県小松市上寺町24","","","","","","","","","","","","","","","4220001012605","","","",""
"株式会社ダルマヤ","7544335237024","","","","","","","370-0053","群馬県高崎市通町143-8","","","","","","","","","","","","","","","4080401003136","","","",""
"株式会社ダルマン","2201045223596","","","","","","","526-0828","滋賀県長浜市加田町1841","","","","","","","","","","","","","","","8160001006766","","","",""
"ダントータル株式会社","9862114884489","","","","","","","367-0043","埼玉県本庄市緑三丁目2-8","","","","","","","","","","","","","","","3030001061291","","","",""
"千秋織布株式会社","9103049419251","","","","","","","491-0804","愛知県一宮市千秋町佐野3110","","","","","","","","","","","","","","","4180001083064","","","",""
"株式会社近澤レース店","8395174401922","","","","","","","231-0861","神奈川県横浜市中区元町三丁目119","","","","","","","","","","","","","","","6020001027605","","","",""
"チカミミルテック株式会社","1265046114635","","","","","","","780-0842","高知県高知市追手筋一丁目6-3","","","","","","","","","","","","","","","3490001001466","","","",""
"株式会社千賀良織","5591917067908","","","","","","","192-0066","東京都八王子市本町7-10","","","","","","","","","","","","","","","3010101002387","","","",""
"千切屋株式会社","2458951487160","","","","","","","604-8132","京都府京都市中京区丸屋町160","","","","","","","","","","","","","","","4130001021623","","","",""
"千切屋治兵衞株式会社","1309984778027","","","","","","","604-8223","京都府京都市中京区小結棚町426-1 新町錦ビル5階501、502号","","","","","","","","","","","","","","","9130001021627","","","",""
"株式会社千吉良","7650242169706","","","","","","","376-0041","群馬県桐生市川内町二丁目22-10","","","","","","","","","","","","","","","3070001016275","","","",""
"株式会社竺仙","3229586366802","","","","","","","103-0024","東京都中央区日本橋小舟町2-3","","","","","","","","","","","","","","","5010001050492","","","",""
"株式会社チクマ","3295894309869","","","","","","","541-0047","大阪府大阪市中央区淡路町三丁目3-10","","","","","","","","","","","","","","","1120001084293","","","",""
"株式会社竹林","2678182040073","","","","","","","629-2301","京都府与謝郡与謝野町字上山田555","","","","","","","","","","","","","","","9130001040651","","","",""
"株式会社千艸屋","1823882769104","","","","","","","602-8018","京都府京都市上京区御霊町70-6","","","","","","","","","","","","","","","3130001021632","","","",""
"株式会社千總ホールディングス","7855014679924","","","","","","","604-8166","京都府京都市中京区御倉町80","","","","","","","","","","","","","","","3130001021640","","","",""
"株式会社千総友仙工場","1711569244796","","","","","","","604-0000","京都府京都市中京区御倉町80","","","","","","","","","","","","","","","5130001021639","","","",""
"株式会社チックスコーポレーション","3375106551070","","","","","","","562-0025","大阪府箕面市粟生外院四丁目7-13","","","","","","","","","","","","","","","5120901020690","","","",""
"株式会社千藤","4278216566866","","","","","","","606-0072","京都府京都市左京区上高野掃部林町1-14","","","","","","","","","","","","","","","8130001006018","","","",""
"千原株式会社","3928234817533","","","","","","","948-0067","新潟県十日町市千歳町三丁目7-10","","","","","","","","","","","","","","","2110001021115","","","",""
"有限会社チバナ","8479878794839","","","","","","","542-0081","大阪府大阪市中央区南船場二丁目10-20","","","","","","","","","","","","","","","1120002037028","","","",""
"チーミンエンタープライズ株式会社","8189199301422","","","","","","","150-0002","東京都渋谷区渋谷二丁目19-15","","","","","","","","","","","","","","","8011001048549","","","",""
"株式会社中央医療器","5966466308992","","","","","","","901-1114","沖縄県島尻郡南風原町字神里409-5","","","","","","","","","","","","","","","1360001006579","","","",""
"中央実業株式会社","5286828625832","","","","","","","650-0024","兵庫県神戸市中央区海岸通三丁目1-1","","","","","","","","","","","","","","","4140001009329","","","",""
"中央繊維資材株式会社","9852301451042","","","","","","","530-0003","大阪府大阪市北区堂島二丁目4-27 JRWD堂島タワー9階","","","","","","","","","","","","","","","6120001098396","","","",""
"株式会社中央貿易","8003425659629","","","","","","","540-0029","大阪府大阪市中央区本町橋2-26","","","","","","","","","","","","","","","1120001102451","","","",""
"中京縫糸株式会社","4535904740179","","","","","","","500-8881","岐阜県岐阜市青柳町六丁目4","","","","","","","","","","","","","","","3200001003391","","","",""
"中國織物株式会社","2011368196145","","","","","","","715-0006","岡山県井原市西江原町763","","","","","","","","","","","","","","","7260001018281","","","",""
"中国シルク株式会社","6337637633110","","","","","","","537-0022","大阪府大阪市東成区中本二丁目9-19 ヴィラ緑橋1階","","","","","","","","","","","","","","","8120001084386","","","",""
"株式会社中南","4965576000471","","","","","","","541-0054","大阪府大阪市中央区南本町三丁目1-11","","","","","","","","","","","","","","","5120001084389","","","",""
"中日整毛株式会社","7802902869282","","","","","","","494-0012","愛知県一宮市明地庵寺前90","","","","","","","","","","","","","","","8180001084298","","","",""
"株式会社中部パイル工業所","1574167224575","","","","","","","440-0091","愛知県豊橋市下五井町沖田168","","","","","","","","","","","","","","","9180301006281","","","",""
"中部別珍コール天株式会社","5890888253267","","","","","","","460-0008","愛知県名古屋市中区栄二丁目11-30","","","","","","","","","","","","","","","2180001038177","","","",""
"忠屋織物株式会社","3134390689898","","","","","","","640-8255","和歌山県和歌山市舟津町二丁目3","","","","","","","","","","","","","","","3170001002117","","","",""
"中和株式会社","1572761443308","","","","","","","541-0053","大阪府大阪市中央区本町一丁目5-6","","","","","","","","","","","","","","","8120001125768","","","",""
"株式会社長者町繊維卸会館","4530264154941","","","","","","","464-0843","愛知県名古屋市千種区丸山町二丁目18","","","","","","","","","","","","","","","2180002031734","","","",""
"兆豊株式会社","3211971617048","","","","","","","100-0011","東京都千代田区内幸町一丁目3-1","","","","","","","","","","","","","","","4010001067835","","","",""
"蝶理株式会社","7329126283122","","","","","","","108-0075","東京都港区港南二丁目15-3","","","","","","","","","","","","","","","3120001077485","","","",""
"千代田株式会社","6288563843194","","","","","","","530-0011","大阪府大阪市北区大深町2-2","","","","","","","","","","","","","","","3120001121185","","","",""
"千百松株式会社","1562246643184","","","","","","","595-0043","大阪府泉大津市清水町1-5","","","","","","","","","","","","","","","2120101042489","","","",""
"塚喜商事株式会社","9154354509194","","","","","","","600-8412","京都府京都市下京区二帖半敷町661","","","","","","","","","","","","","","","3130001018083","","","",""
"有限会社ツカサ企画","6501516461968","","","","","","","630-8115","奈良県奈良市大宮町七丁目2-20","","","","","","","","","","","","","","","7150002001108","","","",""
"つかさ工房株式会社","3624429133083","","","","","","","604-8258","京都府京都市中京区橋東詰町2 ローレルコート三条堀川1206号","","","","","","","","","","","","","","","1130001021675","","","",""
"有限会社ツカササービス","6280591675882","","","","","","","491-0831","愛知県一宮市森本四丁目2-22","","","","","","","","","","","","","","","9180002076888","","","",""
"有限会社ツカサ商会","1693234872486","","","","","","","491-0831","愛知県一宮市森本四丁目22-20","","","","","","","","","","","","","","","8180002076889","","","",""
"塚崎産業株式会社","8112442111513","","","","","","","534-0021","大阪府大阪市都島区都島本通三丁目27-19","","","","","","","","","","","","","","","3120001008077","","","",""
"株式会社塚本","7824578340958","","","","","","","597-0042","大阪府貝塚市名越349-1","","","","","","","","","","","","","","","4120101038287","","","",""
"塚本繊維株式会社","5046085464361","","","","","","","521-1224","滋賀県東近江市林町8-1","","","","","","","","","","","","","","","1160001010056","","","",""
"株式会社ツキヤス","4441904753845","","","","","","","116-0014","東京都荒川区東日暮里五丁目32-10","","","","","","","","","","","","","","","8011501007590","","","",""
"津島織物製造株式会社","8461428521920","","","","","","","737-2301","広島県江田島市能美町中町2267-2","","","","","","","","","","","","","","","7240001027169","","","",""
"株式会社辻井","3211291565145","","","","","","","604-8217","京都府京都市中京区西六角町91","","","","","","","","","","","","","","","7130001021686","","","",""
"有限会社辻織布サイジング工業","3012594558942","","","","","","","590-0142","大阪府堺市南区檜尾1306","","","","","","","","","","","","","","","5120102003223","","","",""
"株式会社辻織物","8921811341894","","","","","","","529-1443","滋賀県東近江市五個荘北町屋町40","","","","","","","","","","","","","","","6160001010051","","","",""
"株式会社ツジコー","4968571359002","","","","","","","700-0823","岡山県岡山市北区丸の内二丁目8-7","","","","","","","","","","","","","","","8260001004413","","","",""
"株式会社辻商店","2741694707584","","","","","","","370-0006","群馬県高崎市問屋町一丁目2-3","","","","","","","","","","","","","","","1070001007722","","","",""
"株式会社辻豊","5733564815837","","","","","","","751-0817","山口県下関市一の宮卸本町2-11","","","","","","","","","","","","","","","2250001005938","","","",""
"株式会社つじべん","6040261557740","","","","","","","604-0000","京都市中京区西洞院通り四条上ﾙ","","","","","","","","","","","","","","","4130001021697","","","",""
"辻村染織有限会社","8918979382520","","","","","","","431-3115","静岡県浜松市東区西ケ崎町47","","","","","","","","","","","","","","","4080402005081","","","",""
"有限会社辻勇八商店","1829297036819","","","","","","","785-0004","高知県須崎市青木町2-17","","","","","","","","","","","","","","","5490002010555","","","",""
"辻輪株式会社","1544014457220","","","","","","","550-0014","大阪府大阪市西区北堀江一丁目3-20 ANNEXGIZA603","","","","","","","","","","","","","","","6140001079485","","","",""
"株式会社津谷","4651050722187","","","","","","","919-0632","福井県あわら市春宮二丁目10-3","","","","","","","","","","","","","","","9210001007147","","","",""
"有限会社蔦屋久兵衛","3943783183125","","","","","","","602-0000","京都府京都市上京区畠中町48","","","","","","","","","","","","","","","4130002002341","","","",""
"ツダ株式会社","4659642490926","","","","","","","550-0014","大阪府大阪市西区北堀江三丁目12-23","","","","","","","","","","","","","","","4120001045490","","","",""
"株式会社津田商店","7739407401588","","","","","","","530-0027","大阪府大阪市北区堂山町15-4 702号","","","","","","","","","","","","","","","1120001067208","","","",""
"株式会社津田商店","3362044191626","","","","","","","537-0012","大阪府大阪市東成区大今里三丁目19-3","","","","","","","","","","","","","","","8120001012982","","","",""
"土川良株式会社","7542771563866","","","","","","","700-0975","岡山県岡山市北区今六丁目19-8","","","","","","","","","","","","","","","3260001004426","","","",""
"土田織物有限会社","2564825039350","","","","","","","918-8224","福井県福井市花野谷町47-19","","","","","","","","","","","","","","","5210002002324","","","",""
"株式会社土田商店","6198046709633","","","","","","","910-0004","福井県福井市宝永一丁目39-14","","","","","","","","","","","","","","","8210001002264","","","",""
"土田繊商株式会社","5786817017769","","","","","","","910-0858","福井県福井市手寄二丁目7-16","","","","","","","","","","","","","","","9210001002263","","","",""
"株式会社土屋商店","6566388381383","","","","","","","653-0855","兵庫県神戸市長田区長尾町二丁目12-12","","","","","","","","","","","","","","","4140001017711","","","",""
"有限会社つつ井","8763453084737","","","","","","","602-0914","京都府京都市上京区花立町487","","","","","","","","","","","","","","","5130002002621","","","",""
"筒井製絲株式会社","3489842034599","","","","","","","776-0010","徳島県吉野川市鴨島町鴨島471-2 セントラルホテル鴨島2F","","","","","","","","","","","","","","","9480001004506","","","",""
"堤商事株式会社","1344361859807","","","","","","","812-0016","福岡県福岡市博多区博多駅南五丁目5-16","","","","","","","","","","","","","","","1290001014688","","","",""
"堤商事株式会社","8436500360002","","","","","","","192-0075","東京都八王子市南新町18","","","","","","","","","","","","","","","6010101002442","","","",""
"都築製網株式会社","3506358735454","","","","","","","444-0422","愛知県西尾市一色町味浜中乾地33","","","","","","","","","","","","","","","3180301023316","","","",""
"ツートップ株式会社","6981707080990","","","","","","","541-0055","大阪府大阪市中央区船場中央三丁目1-7 405号","","","","","","","","","","","","","","","1120001084558","","","",""
"恒川フエルト工業株式会社","3953269881451","","","","","","","451-0044","愛知県名古屋市西区菊井二丁目22-25","","","","","","","","","","","","","","","3180001031437","","","",""
"ツネフヂ株式会社","4839606585942","","","","","","","111-0052","東京都台東区柳橋一丁目5-2 ツネフヂビル6F","","","","","","","","","","","","","","","9010501008185","","","",""
"常見繊維株式会社","6839860521694","","","","","","","326-0846","栃木県足利市山下町1435","","","","","","","","","","","","","","","4060001018890","","","",""
"株式会社角田商店","6274565132787","","","","","","","111-0054","東京都台東区鳥越二丁目14-10","","","","","","","","","","","","","","","7010501008170","","","",""
"椿原織物株式会社","4826801951018","","","","","","","915-0243","福井県越前市千原町4-18","","","","","","","","","","","","","","","1210001012187","","","",""
"坪井織物株式会社","2837943483200","","","","","","","603-8228","京都府京都市北区紫野東舟岡町2","","","","","","","","","","","","","","","9130001005134","","","",""
"有限会社坪井商店","2919103758990","","","","","","","606-0811","京都府京都市左京区下鴨中川原町54-5","","","","","","","","","","","","","","","3130002016862","","","",""
"坪内株式会社","3577966294504","","","","","","","600-8476","京都府京都市下京区喜吉町156","","","","","","","","","","","","","","","5130001018107","","","",""
"坪内産業株式会社","9110497887029","","","","","","","910-0003","福井県福井市松本四丁目11-10","","","","","","","","","","","","","","","9210001002271","","","",""
"壷内タオル株式会社","9821243169144","","","","","","","794-0024","愛媛県今治市共栄町四丁目6-11","","","","","","","","","","","","","","","4500001011958","","","",""
"坪金織物株式会社","5295785281291","","","","","","","919-0476","福井県坂井市春江町針原23-15","","","","","","","","","","","","","","","8210001002272","","","",""
"坪金工業株式会社","5764006621423","","","","","","","919-0452","福井県坂井市春江町江留上本町3-10","","","","","","","","","","","","","","","7210001002273","","","",""
"坪田商事株式会社","6424884311038","","","","","","","521-1231","滋賀県東近江市能登川町577-2","","","","","","","","","","","","","","","7160001010059","","","",""
"株式会社つむぎプラン","6932543743472","","","","","","","501-0211","岐阜県瑞穂市生津812-12","","","","","","","","","","","","","","","2200001012781","","","",""
"株式会社つむぎ屋","5718490231642","","","","","","","064-0804","北海道札幌市中央区南四条西五丁目10","","","","","","","","","","","","","","","9430001010665","","","",""
"株式会社ツムラ","6256444964270","","","","","","","550-0015","大阪府大阪市西区南堀江三丁目14-6","","","","","","","","","","","","","","","4120001045508","","","",""
"鶴岡シルク株式会社","7896044101858","","","","","","","997-0158","山形県鶴岡市羽黒町松ケ岡松ケ岡25","","","","","","","","","","","","","","","5390001008453","","","",""
"株式会社鶴屋","2071701785424","","","","","","","600-8822","京都府京都市下京区裏片町182","","","","","","","","","","","","","","","3130001018109","","","",""
"株式会社テイアイテイ","4379346036094","","","","","","","277-0842","千葉県柏市末広町5-16 エスパス柏3F","","","","","","","","","","","","","","","4030001066934","","","",""
"株式会社Ｔ＆Ａサプライ","2302826668925","","","","","","","654-0112","兵庫県神戸市須磨区若草町一丁目2-8 606","","","","","","","","","","","","","","","8140001031386","","","",""
"有限会社ティーエイチネクスト","9472754295805","","","","","","","101-0025","東京都千代田区神田佐久間町二丁目24","","","","","","","","","","","","","","","9010002038211","","","",""
"株式会社テイ・エス・エス","1068162346965","","","","","","","711-0903","岡山県倉敷市児島田の口七丁目5-50","","","","","","","","","","","","","","","6260001014050","","","",""
"Ｔ・Ｓトレーディング株式会社","5467385825019","","","","","","","491-0914","愛知県一宮市花池三丁目13-15 タナカビル3F","","","","","","","","","","","","","","","9180001100509","","","",""
"株式会社ＴＭＫ","8920108531114","","","","","","","111-0052","東京都台東区柳橋二丁目2-10","","","","","","","","","","","","","","","3010501002103","","","",""
"ティ・オー産業株式会社","5371852377691","","","","","","","657-0063","兵庫県神戸市灘区曾和町一丁目4-2 101号","","","","","","","","","","","","","","","1140001003697","","","",""
"株式会社ＴＫ","3943938114909","","","","","","","488-0845","愛知県尾張旭市霞ケ丘町南172-2","","","","","","","","","","","","","","","1180001092349","","","",""
"ティーケーコーポレーション株式会社","2740302244428","","","","","","","794-0015","愛媛県今治市常盤町六丁目8-4","","","","","","","","","","","","","","","8500001011962","","","",""
"有限会社帝産","9736143760740","","","","","","","769-2601","香川県東かがわ市三本松567","","","","","","","","","","","","","","","9470002018530","","","",""
"帝商株式会社","1449912841560","","","","","","","108-0075","東京都港区港南一丁目2-70 品川シーズンテラスタワー棟7階","","","","","","","","","","","","","","","5010001050740","","","",""
"株式会社帝商キャンバス","1624153311997","","","","","","","062-0020","北海道札幌市豊平区月寒中央通七丁目6-8","","","","","","","","","","","","","","","4430001010810","","","",""
"テイシング有限会社","3780993729532","","","","","","","541-0054","大阪府大阪市中央区南本町一丁目5-6 スミヤビル201号","","","","","","","","","","","","","","","6120002037097","","","",""
"帝人フロンティア株式会社","8990605938826","","","","","","","530-0005","大阪府大阪市北区中之島三丁目2-4","","","","","","","","","","","","","","","5120001067360","","","",""
"株式会社ティーズ","9688492696804","","","","","","","270-0226","千葉県野田市東宝珠花321","","","","","","","","","","","","","","","4030001075043","","","",""
"ティーズ・プランニング株式会社","3776968121435","","","","","","","550-0013","大阪府大阪市西区新町一丁目24-8 ノース四ツ橋ビル301","","","","","","","","","","","","","","","5120001105780","","","",""
"有限会社ティ・ティ・プランニング","1471567988060","","","","","","","491-0858","愛知県一宮市栄一丁目10-15","","","","","","","","","","","","","","","6180002076973","","","",""
"株式会社ＴＹＯ商事","5473938049840","","","","","","","599-8266","大阪府堺市中区毛穴町63-1","","","","","","","","","","","","","","","7120101054125","","","",""
"株式会社テキスタイル・アミーグ","4989444976442","","","","","","","213-0006","神奈川県川崎市高津区下野毛三丁目9-2 510号メイツ武蔵新城","","","","","","","","","","","","","","","7011001036050","","","",""
"テキスタイル鵜飼有限会社","8402832282239","","","","","","","494-0002","愛知県一宮市篭屋一丁目12-37","","","","","","","","","","","","","","","7180002078408","","","",""
"株式会社テキスタイル来住","1635294286036","","","","","","","677-0037","兵庫県西脇市比延町361-1","","","","","","","","","","","","","","","1140001075506","","","",""
"株式会社テキスタイルくろ","1264896239085","","","","","","","150-0046","東京都渋谷区松濤二丁目18-8","","","","","","","","","","","","","","","3010401049376","","","",""
"有限会社テキスタイルツノダ","2284998730801","","","","","","","679-0314","兵庫県西脇市黒田庄町福地313","","","","","","","","","","","","","","","7140002061805","","","",""
"株式会社テキスタイルナカギ","2931096453268","","","","","","","541-0057","大阪府大阪市中央区北久宝寺町一丁目7-10","","","","","","","","","","","","","","","6120001084909","","","",""
"有限会社テキスタイル・ベガ","4898648916900","","","","","","","435-0004","静岡県浜松市中央区中野町301-4","","","","","","","","","","","","","","","6080402005229","","","",""
"有限会社テキスタイルマツオ","2398647600935","","","","","","","616-0013","京都府京都市西京区嵐山風呂ノ橋町2-88","","","","","","","","","","","","","","","2130002021673","","","",""
"株式会社テキスタイルミラー","6387580253835","","","","","","","610-1101","京都府京都市西京区大枝北沓掛町六丁目4-6","","","","","","","","","","","","","","","1120001084905","","","",""
"有限会社テキスタイルモリシマ","2588216762781","","","","","","","502-0849","岐阜県岐阜市栄新町三丁目77","","","","","","","","","","","","","","","4200002003101","","","",""
"有限会社テキスタイルやぶした","2478887202475","","","","","","","649-7203","和歌山県橋本市高野口町名古曽93-2","","","","","","","","","","","","","","","6170002010941","","","",""
"テキスタイル・ヤマナシ株式会社","9281172087571","","","","","","","401-0011","山梨県大月市駒橋一丁目2-7","","","","","","","","","","","","","","","2090001007975","","","",""
"有限会社テキスタイルラボ","7534311781375","","","","","","","500-8389","岐阜県岐阜市本荘2946-1","","","","","","","","","","","","","","","1200002005884","","","",""
"有限会社テクスワン","1341189603661","","","","","","","461-0004","愛知県名古屋市東区葵三丁目19-3","","","","","","","","","","","","","","","3180002054131","","","",""
"有限会社テクニカル工房","1272318669151","","","","","","","300-0021","茨城県土浦市菅谷町1007-6","","","","","","","","","","","","","","","3050002013835","","","",""
"株式会社テクノス","5951408428185","","","","","","","550-0014","大阪府大阪市西区北堀江一丁目1-21 四ツ橋センタービル10階","","","","","","","","","","","","","","","5120001100567","","","",""
"テクノ繊維株式会社","2016230634665","","","","","","","562-0001","大阪府箕面市箕面三丁目8-64","","","","","","","","","","","","","","","7120901020714","","","",""
"有限会社テクノファブリック","6828540600277","","","","","","","272-0031","千葉県市川市平田二丁目20-20 パルフェHIRATA106号","","","","","","","","","","","","","","","6010602020629","","","",""
"テクラ株式会社","3091838433012","","","","","","","135-0002","東京都江東区住吉二丁目24-5","","","","","","","","","","","","","","","5010601027766","","","",""
"有限会社テサック","7915098183924","","","","","","","841-0052","佐賀県鳥栖市宿町1430-2","","","","","","","","","","","","","","","6500002004595","","","",""
"株式会社テザック","6967168523936","","","","","","","543-0021","大阪府大阪市天王寺区東高津町11-9 サムティ上本町ビル10階","","","","","","","","","","","","","","","9120001114233","","","",""
"手島繊維工業株式会社","1744550016966","","","","","","","444-0052","愛知県岡崎市康生町629","","","","","","","","","","","","","","","3180301001354","","","",""
"株式会社テフコ","1282825387132","","","","","","","574-0016","大阪府大東市南津の辺町21-35","","","","","","","","","","","","","","","8120001085021","","","",""
"株式会社テム・テキスタイル","2143043138930","","","","","","","123-0864","東京都足立区鹿浜六丁目19-8 309号","","","","","","","","","","","","","","","6011801009966","","","",""
"有限会社テラカワコーポレーション","7712967148321","","","","","","","631-0076","奈良県奈良市富雄北二丁目3-30 河本マンション203号室","","","","","","","","","","","","","","","6150002002214","","","",""
"株式会社寺坂商店","5605116581990","","","","","","","103-0015","東京都中央区日本橋箱崎町7-4","","","","","","","","","","","","","","","4010001050873","","","",""
"株式会社寺崎織物","5556940908273","","","","","","","602-8492","京都府京都市上京区歓喜町224","","","","","","","","","","","","","","","2130001003400","","","",""
"株式会社寺島企画","5526991825113","","","","","","","910-0063","福井県福井市灯明寺三丁目3407","","","","","","","","","","","","","","","4210001008901","","","",""
"株式会社寺島保太良商店","8561564989451","","","","","","","603-8246","京都府京都市北区紫野西泉堂町65-2","","","","","","","","","","","","","","","5130001005154","","","",""
"寺正株式会社","6175934050810","","","","","","","604-8247","京都府京都市中京区塩屋町44","","","","","","","","","","","","","","","7130001021752","","","",""
"寺田株式会社","7597396119015","","","","","","","720-0077","広島県福山市南本庄一丁目2-17","","","","","","","","","","","","","","","8240001031392","","","",""
"テラックス株式会社","2282038838091","","","","","","","649-7203","和歌山県橋本市高野口町名古曽347","","","","","","","","","","","","","","","7170001011023","","","",""
"株式会社テラニシ","5617108499902","","","","","","","910-0123","福井県福井市八重巻町26-24","","","","","","","","","","","","","","","7210001002100","","","",""
"寺本商事株式会社","6531722185509","","","","","","","540-0003","大阪府大阪市中央区森ノ宮中央一丁目16-7","","","","","","","","","","","","","","","3120001085059","","","",""
"寺本織布合資会社","2710491790792","","","","","","","640-8341","和歌山県和歌山市黒田一丁目3-25","","","","","","","","","","","","","","","2170003000037","","","",""
"寺本パイル織物株式会社","2183365186149","","","","","","","649-7202","和歌山県橋本市高野口町伏原625","","","","","","","","","","","","","","","8170001011022","","","",""
"照手株式会社","3521175747689","","","","","","","116-0011","東京都荒川区西尾久四丁目25-3","","","","","","","","","","","","","","","8010601029082","","","",""
"天一株式会社","5850729915574","","","","","","","500-8335","岐阜県岐阜市三歳町三丁目3","","","","","","","","","","","","","","","5200001003489","","","",""
"テン通商株式会社","7534140526332","","","","","","","541-0052","大阪府大阪市中央区安土町一丁目5-9 銭屋第2ビル","","","","","","","","","","","","","","","8120001085104","","","",""
"株式会社天馬","9522621064238","","","","","","","569-0833","大阪府高槻市唐崎南二丁目5-1","","","","","","","","","","","","","","","2122001004916","","","",""
"株式会社天龍","1382345425553","","","","","","","602-8493","京都府京都市上京区中猪熊町334","","","","","","","","","","","","","","","7130001044662","","","",""
"株式会社天龍商会","7993012538458","","","","","","","111-0025","東京都台東区東浅草二丁目11-15","","","","","","","","","","","","","","","7010501008328","","","",""
"有限会社Ｄ＆Ａ山菱","2181905258230","","","","","","","604-8382","京都府京都市中京区西ノ京北聖町27-2","","","","","","","","","","","","","","","1130002000125","","","",""
"デイアンドデイ株式会社","2136266625760","","","","","","","151-0051","東京都渋谷区千駄ケ谷一丁目10-7 HOPEビル1F","","","","","","","","","","","","","","","5011001014561","","","",""
"有限会社デイージエー商会","3076773573397","","","","","","","541-0054","大阪府大阪市中央区南本町一丁目3-9 サンコービル2階206号","","","","","","","","","","","","","","","8120002037095","","","",""
"株式会社デイジーコーポレーション","4719294844714","","","","","","","273-0101","千葉県鎌ケ谷市富岡三丁目26-23","","","","","","","","","","","","","","","2040001032937","","","",""
"株式会社ディーズコーポレーション","4279417793066","","","","","","","547-0015","大阪府大阪市平野区長吉長原西一丁目5-26","","","","","","","","","","","","","","","7120001095863","","","",""
"株式会社ディモルト","8409380882613","","","","","","","103-0007","東京都中央区日本橋浜町二丁目19-8","","","","","","","","","","","","","","","4010001051079","","","",""
"デイワンチヤンド有限会社","9423739094915","","","","","","","541-0054","大阪府大阪市中央区南本町一丁目5-15","","","","","","","","","","","","","","","7120002037096","","","",""
"株式会社出藏","6279634008425","","","","","","","604-0843","京都府京都市中京区塗師屋町336","","","","","","","","","","","","","","","1130001019868","","","",""
"有限会社デザインハウス純","2531137151847","","","","","","","326-0843","栃木県足利市五十部町1119-3","","","","","","","","","","","","","","","9060002036788","","","",""
"株式会社Ｄｕｆｏｕｒ＆Ｔｉｘｅｄｏｒ","8301279894089","","","","","","","192-0055","東京都八王子市八木町4-6","","","","","","","","","","","","","","","2180001122039","","","",""
"デュワンファーイースタン株式会社","8641469044734","","","","","","","541-0048","大阪府大阪市中央区瓦町四丁目3-14 515号","","","","","","","","","","","","","","","9120001085004","","","",""
"有限会社デルタプロジェクト","4320662277354","","","","","","","403-0022","山梨県南都留郡西桂町小沼1784","","","","","","","","","","","","","","","6090002013300","","","",""
"デルフトハイテック株式会社","7439209473367","","","","","","","211-0006","神奈川県川崎市中原区丸子通一丁目636 朝日多摩川ビル2階","","","","","","","","","","","","","","","6020001069713","","","",""
"東亜岩綿工業株式会社","7421484167805","","","","","","","111-0034","東京都台東区雷門二丁目13-1","","","","","","","","","","","","","","","4010501008487","","","",""
"東亜紡織株式会社","7427434533050","","","","","","","540-6018","大阪府大阪市中央区城見一丁目2-27 クリスタルタワー18F","","","","","","","","","","","","","","","6120001104955","","","",""
"東栄株式会社","3509846704927","","","","","","","604-0003","京都府京都市中京区花立町265","","","","","","","","","","","","","","","3130001021772","","","",""
"東英通商株式会社","7392674515352","","","","","","","530-0041","大阪府大阪市北区天神橋三丁目2-10","","","","","","","","","","","","","","","3120001085240","","","",""
"東越株式会社","2988024823959","","","","","","","263-0044","千葉県千葉市稲毛区小中台町25-1","","","","","","","","","","","","","","","9040001015885","","","",""
"東海織物株式会社","2507032065522","","","","","","","453-0801","愛知県名古屋市中村区太閤三丁目4-21","","","","","","","","","","","","","","","7180001031516","","","",""
"東海整毛株式会社","3186302152850","","","","","","","462-0023","愛知県名古屋市北区安井四丁目14-56","","","","","","","","","","","","","","","1180001012843","","","",""
"東海テキスタイル株式会社","2501807196603","","","","","","","491-0811","愛知県一宮市千秋町加納馬場長塚1978","","","","","","","","","","","","","","","2180001082431","","","",""
"株式会社東海ナカエイ","3204204785071","","","","","","","460-0002","愛知県名古屋市中区丸の内二丁目6-21 アクセス丸の内ビル1F","","","","","","","","","","","","","","","5180001061829","","","",""
"東海不織布株式会社","6519318106302","","","","","","","486-0917","愛知県春日井市美濃町二丁目59","","","","","","","","","","","","","","","8180001074555","","","",""
"有限会社藤華貿易","2712240686841","","","","","","","602-8167","京都府京都市上京区二本松町9","","","","","","","","","","","","","","","2130002019585","","","",""
"株式会社東紀繊維","9449514547028","","","","","","","541-0048","大阪府大阪市中央区瓦町四丁目4-7","","","","","","","","","","","","","","","6120001085262","","","",""
"株式会社東京印","7261868456954","","","","","","","103-0002","東京都中央区日本橋馬喰町一丁目5-4 中庄ビル3階","","","","","","","","","","","","","","","5010001061151","","","",""
"東京エコー株式会社","2807173841451","","","","","","","121-0831","東京都足立区舎人六丁目6-7","","","","","","","","","","","","","","","7010501009425","","","",""
"株式会社東京エーワン","9080408289127","","","","","","","171-0022","東京都豊島区南池袋一丁目21-10 藤久ビル東1号館6F","","","","","","","","","","","","","","","5030001005668","","","",""
"東京オフィス株式会社","6151040005248","","","","","","","182-0024","東京都調布市布田六丁目41-1","","","","","","","","","","","","","","","1011301021435","","","",""
"株式会社東京化学品研究所","6937692782225","","","","","","","113-0033","東京都文京区本郷三丁目26-13","","","","","","","","","","","","","","","3010501033552","","","",""
"東京クロス株式会社","4187040339228","","","","","","","111-0056","東京都台東区小島二丁目16-2","","","","","","","","","","","","","","","3010502014287","","","",""
"株式会社東京サンキ","7419145218436","","","","","","","111-0053","東京都台東区浅草橋五丁目2-3","","","","","","","","","","","","","","","2010501012540","","","",""
"東京産業株式会社","8552751400822","","","","","","","180-0004","東京都武蔵野市吉祥寺本町一丁目34-18","","","","","","","","","","","","","","","1012401011532","","","",""
"東京シンコール株式会社","7190950119215","","","","","","","114-0024","東京都北区西ケ原一丁目46-13","","","","","","","","","","","","","","","1011501003092","","","",""
"東京杉本株式会社","1900826520923","","","","","","","103-0005","東京都中央区日本橋久松町11-6 日本橋TSビル7階","","","","","","","","","","","","","","","7180001055003","","","",""
"東京田川株式会社","9657266280016","","","","","","","103-0012","東京都中央区日本橋堀留町一丁目3-21 サンヨー堂ビル5F","","","","","","","","","","","","","","","4011701005381","","","",""
"株式会社東京堂","3739529700314","","","","","","","160-0007","東京都新宿区荒木町13-3","","","","","","","","","","","","","","","7011101015053","","","",""
"株式会社東京堂ホールディングス","5774698815557","","","","","","","160-0004","東京都新宿区四谷二丁目13","","","","","","","","","","","","","","","1011101007436","","","",""
"有限会社東京ビロード","8117144032676","","","","","","","111-0041","東京都台東区元浅草三丁目13-10","","","","","","","","","","","","","","","3010502008181","","","",""
"株式会社東京名南","5964183245232","","","","","","","130-0011","東京都墨田区石原三丁目34-10 メゾンサンクレール102","","","","","","","","","","","","","","","3010601019996","","","",""
"東京メディカル株式会社","7924215426302","","","","","","","101-0029","東京都千代田区神田相生町1 秋葉原フコク生命ビル11F","","","","","","","","","","","","","","","3500001014730","","","",""
"株式会社東京屋","4489476090962","","","","","","","604-8142","京都府京都市中京区西魚屋町623","","","","","","","","","","","","","","","6130001011234","","","",""
"東京ゆかた株式会社","8985322967164","","","","","","","103-0006","東京都中央区日本橋富沢町3-5","","","","","","","","","","","","","","","9010001061684","","","",""
"有限会社東京リネンサービス","6912318479482","","","","","","","061-3211","北海道石狩市花川北一条四丁目140","","","","","","","","","","","","","","","3430002043505","","","",""
"株式会社東京ロイド","6389241388323","","","","","","","274-0063","千葉県船橋市習志野台二丁目6-1","","","","","","","","","","","","","","","1040001019316","","","",""
"東京濾過布株式会社","3873414778796","","","","","","","362-0071","埼玉県上尾市井戸木一丁目23-12","","","","","","","","","","","","","","","8060001011727","","","",""
"東謹株式会社","1489779070448","","","","","","","677-0005","兵庫県西脇市野中町277-3","","","","","","","","","","","","","","","2140001075637","","","",""
"東工コーセン株式会社","2718334053896","","","","","","","102-0081","東京都千代田区四番町4-2","","","","","","","","","","","","","","","4010001071416","","","",""
"東紅産業株式会社","4084853979062","","","","","","","659-0013","兵庫県芦屋市岩園町2-24","","","","","","","","","","","","","","","8120001085319","","","",""
"東光商事株式会社","9600436502067","","","","","","","550-0001","大阪府大阪市西区土佐堀一丁目3-20 三菱重工大阪ビル9階","","","","","","","","","","","","","","","6120001077490","","","",""
"東工電機株式会社","6416448827038","","","","","","","981-3117","宮城県仙台市泉区市名坂石止76-1","","","","","","","","","","","","","","","2370001000992","","","",""
"株式会社東郷商店","8745138237298","","","","","","","910-0853","福井県福井市城東一丁目14-31","","","","","","","","","","","","","","","2210001002204","","","",""
"東三化繊有限会社","6113766422796","","","","","","","443-0104","愛知県蒲郡市形原町東中田24","","","","","","","","","","","","","","","8180302015695","","","",""
"株式会社東匠猪俣","6712087501770","","","","","","","992-0023","山形県米沢市下花沢二丁目1-70","","","","","","","","","","","","","","","4390001010022","","","",""
"東昇国際商事株式会社","9818302143511","","","","","","","121-0064","東京都足立区保木間二丁目7-14","","","","","","","","","","","","","","","5011801031046","","","",""
"株式会社東伸","4422791194342","","","","","","","491-0917","愛知県一宮市昭和三丁目3-14","","","","","","","","","","","","","","","9180001083209","","","",""
"塔島株式会社","8710733711019","","","","","","","921-8161","石川県金沢市有松一丁目7-16","","","","","","","","","","","","","","","7220001004525","","","",""
"東セン株式会社","8706049007015","","","","","","","715-0006","岡山県井原市西江原町1227","","","","","","","","","","","","","","","9260001018288","","","",""
"有限会社兎優染房","6621040558865","","","","","","","604-8103","京都府京都市中京区油屋町97","","","","","","","","","","","","","","","4130002016960","","","",""
"東総物産株式会社","8042023164534","","","","","","","285-0805","千葉県佐倉市小篠塚1198","","","","","","","","","","","","","","","6040001046982","","","",""
"東通交易株式会社","6832623077809","","","","","","","166-0003","東京都杉並区高円寺南四丁目19-3 総和第二ビル1F","","","","","","","","","","","","","","","1011301008267","","","",""
"東日商事株式会社","6078654566924","","","","","","","272-0102","千葉県市川市下新宿21-15","","","","","","","","","","","","","","","2040001026996","","","",""
"東菱建材株式会社","6453602829319","","","","","","","160-0023","東京都新宿区西新宿六丁目3-1","","","","","","","","","","","","","","","3010001023979","","","",""
"東福織物株式会社","1720418452725","","","","","","","111-0042","東京都台東区寿一丁目11-8","","","","","","","","","","","","","","","3010501008620","","","",""
"東福産業株式会社","1457562363801","","","","","","","997-0815","山形県鶴岡市外内島明神川原151-1","","","","","","","","","","","","","","","4390001007712","","","",""
"株式会社東平商店","3007505444475","","","","","","","602-8036","京都府京都市上京区西山崎町229-1","","","","","","","","","","","","","","","1130001021782","","","",""
"稲邦株式会社","5358030539745","","","","","","","918-8112","福井県福井市下馬三丁目2207","","","","","","","","","","","","","","","4210001002235","","","",""
"東邦商事株式会社","5573160904317","","","","","","","850-0034","長崎県長崎市樺島町1-4","","","","","","","","","","","","","","","7310001001224","","","",""
"東邦窯業株式会社","4300366085668","","","","","","","529-1325","滋賀県愛知郡愛荘町東円堂533-2","","","","","","","","","","","","","","","9160001008514","","","",""
"東北かながわ株式会社","3511059452808","","","","","","","984-0037","宮城県仙台市若林区蒲町3-29","","","","","","","","","","","","","","","1370001004326","","","",""
"株式会社東北マルナカ","9301972161554","","","","","","","999-5103","山形県新庄市大字泉田高台新田3589-12","","","","","","","","","","","","","","","2390001008621","","","",""
"株式会社東名","4977070020263","","","","","","","130-0021","東京都墨田区緑四丁目2-2","","","","","","","","","","","","","","","5010601014525","","","",""
"東明産業株式会社","1669231736631","","","","","","","456-0002","愛知県名古屋市熱田区金山町一丁目7-5","","","","","","","","","","","","","","","5180001099019","","","",""
"東陽織物株式会社","3125534268886","","","","","","","920-0036","石川県金沢市元菊町17-33 2F","","","","","","","","","","","","","","","4220001004560","","","",""
"東洋織物株式会社","6903562926272","","","","","","","130-0005","東京都墨田区東駒形一丁目9-6","","","","","","","","","","","","","","","8010601012591","","","",""
"東洋産業株式会社","5796269949090","","","","","","","503-0202","岐阜県安八郡輪之内町大藪135","","","","","","","","","","","","","","","9200001014912","","","",""
"東洋繊維株式会社","9821005468936","","","","","","","541-0043","大阪府大阪市中央区高麗橋一丁目5-6","","","","","","","","","","","","","","","8120001085475","","","",""
"東洋繊維株式会社","5692391695094","","","","","","","491-0922","愛知県一宮市大和町妙興寺2800","","","","","","","","","","","","","","","1180001083216","","","",""
"東暘貿易株式会社","7487304974474","","","","","","","771-0360","徳島県鳴門市瀬戸町明神板屋島124-5","","","","","","","","","","","","","","","1480001005627","","","",""
"東洋紡せんい株式会社","4288147340020","","","","","","","530-0004","大阪府大阪市北区堂島浜二丁目2-8","","","","","","","","","","","","","","","9120001003378","","","",""
"東洋棉花株式会社","8468329962382","","","","","","","550-0004","大阪府大阪市西区靱本町一丁目8-2 コットン・ニッセイビル","","","","","","","","","","","","","","","1120001085515","","","",""
"有限会社東横","6083063904952","","","","","","","900-0013","沖縄県那覇市牧志三丁目19-15","","","","","","","","","","","","","","","2360002005298","","","",""
"東レアルファート株式会社","1278325882413","","","","","","","530-0005","大阪府大阪市北区中之島三丁目3-3 中之島三井ビル21F","","","","","","","","","","","","","","","5120001067740","","","",""
"東和株式会社","8638539579920","","","","","","","621-0018","京都府亀岡市大井町小金岐二丁目10-11","","","","","","","","","","","","","","","1130001021799","","","",""
"藤和株式会社","1767573414304","","","","","","","992-0039","山形県米沢市門東町一丁目1-5","","","","","","","","","","","","","","","5390001010087","","","",""
"東和工業株式会社","5428611295421","","","","","","","174-0043","東京都板橋区坂下三丁目29-11","","","","","","","","","","","","","","","9011401004621","","","",""
"東和商事株式会社","5863509600096","","","","","","","164-0001","東京都中野区中野二丁目13-20","","","","","","","","","","","","","","","2011201010248","","","",""
"桐和繊維株式会社","2609615084775","","","","","","","376-0011","群馬県桐生市相生町二丁目155-6","","","","","","","","","","","","","","","1070001016343","","","",""
"東和ファブリック株式会社","1359682536604","","","","","","","542-0081","大阪府大阪市中央区南船場一丁目7-1","","","","","","","","","","","","","","","4120001122199","","","",""
"株式会社トーエイ","2304019862408","","","","","","","444-0005","愛知県岡崎市岡町上野川58-2","","","","","","","","","","","","","","","3180301001569","","","",""
"十日町織物工業協同組合","9530332976450","","","","","","","948-0003","新潟県十日町市本町六の一丁目71-26","","","","","","","","","","","","","","","2110005010080","","","",""
"遠山産業株式会社","7377487371260","","","","","","","466-0002","愛知県名古屋市昭和区吹上町二丁目9-9","","","","","","","","","","","","","","","4180001038803","","","",""
"遠山紡績株式会社","4968008629535","","","","","","","490-1202","愛知県あま市富塚東間曽31","","","","","","","","","","","","","","","6180001098432","","","",""
"株式会社トーカイ","7099244767988","","","","","","","500-8828","岐阜県岐阜市若宮町九丁目16","","","","","","","","","","","","","","","8200001003544","","","",""
"有限会社トキノシマカレント","1917672298046","","","","","","","491-0002","愛知県一宮市時之島塚東8-1","","","","","","","","","","","","","","","1180002077051","","","",""
"時和株式会社","3201440513310","","","","","","","231-0862","神奈川県横浜市中区山手町9-3 山手町マンション1F","","","","","","","","","","","","","","","4020001027755","","","",""
"トキワ織物株式会社","5400225633871","","","","","","","443-0021","愛知県蒲郡市三谷町若宮172","","","","","","","","","","","","","","","2180301011197","","","",""
"有限会社徳島銃砲火薬店","5457986637750","","","","","","","779-3132","徳島県徳島市一宮町西丁869-5","","","","","","","","","","","","","","","1480002008414","","","",""
"徳島大三工業株式会社","6982862146613","","","","","","","770-0006","徳島県徳島市北矢三町一丁目2-61","","","","","","","","","","","","","","","7480001001463","","","",""
"德丸織物株式会社","5674063585152","","","","","","","335-0001","埼玉県蕨市北町三丁目5-4","","","","","","","","","","","","","","","1030001021132","","","",""
"株式会社トクマン","3960367203457","","","","","","","677-0063","兵庫県西脇市平野町302-63","","","","","","","","","","","","","","","3140001075578","","","",""
"株式会社所藤七郎商店","9611957820217","","","","","","","600-8390","京都府京都市下京区松本町265","","","","","","","","","","","","","","","2130001018209","","","",""
"株式会社戸崎糸店","4407597584157","","","","","","","557-0016","大阪府大阪市西成区花園北一丁目10-6","","","","","","","","","","","","","","","9120001003873","","","",""
"株式会社トーショク","2627924322332","","","","","","","925-0072","石川県羽咋市大町テ41-2","","","","","","","","","","","","","","","4220001016069","","","",""
"株式会社トーシン","5147207932539","","","","","","","601-8212","京都府京都市南区久世上久世町450-1","","","","","","","","","","","","","","","7130001021810","","","",""
"トーセン株式会社","5574099795532","","","","","","","594-0076","大阪府和泉市肥子町二丁目7-10","","","","","","","","","","","","","","","9120101041724","","","",""
"株式会社戸田商店","4828192004092","","","","","","","103-0004","東京都中央区東日本橋三丁目8-5","","","","","","","","","","","","","","","1010001052039","","","",""
"株式会社とちを","4986907189869","","","","","","","600-8302","京都府京都市下京区蛭子町142-1","","","","","","","","","","","","","","","7130001018212","","","",""
"株式会社トッコ","2504999126787","","","","","","","153-0051","東京都目黒区上目黒一丁目2-9 ハイネス中目黒604","","","","","","","","","","","","","","","8013201012838","","","",""
"トップラン株式会社","6975577137841","","","","","","","111-0031","東京都台東区千束二丁目29-5","","","","","","","","","","","","","","","5010501009559","","","",""
"となみ織物株式会社","8997341355127","","","","","","","602-8411","京都府京都市上京区東西町405","","","","","","","","","","","","","","","8130001003428","","","",""
"株式会社戸波商店","7045623582791","","","","","","","604-8366","京都府京都市中京区七軒町488","","","","","","","","","","","","","","","9130001021825","","","",""
"外市株式会社","6334200071992","","","","","","","600-0000","京都府京都市下京区四条通烏丸東入","","","","","","","","","","","","","","","8130001018153","","","",""
"株式会社とのかわ","9193369107717","","","","","","","604-0962","京都府京都市中京区達磨町607","","","","","","","","","","","","","","","3130001018216","","","",""
"有限会社外要商店","7119584032772","","","","","","","606-0813","京都府京都市左京区下鴨貴船町93","","","","","","","","","","","","","","","4130002005807","","","",""
"株式会社飛山商店","6432286345983","","","","","","","918-8106","福井県福井市木田町2507-1","","","","","","","","","","","","","","","6210001002539","","","",""
"株式会社十松屋","7301792423057","","","","","","","605-0953","京都府京都市東山区今熊野南日吉町30-30","","","","","","","","","","","","","","","1130001018226","","","",""
"株式会社トマト","3398158526037","","","","","","","116-0014","東京都荒川区東日暮里六丁目44-6","","","","","","","","","","","","","","","9011501007929","","","",""
"株式会社冨家機業店","2680687313015","","","","","","","602-8495","京都府京都市上京区新猪熊町384","","","","","","","","","","","","","","","5130001003769","","","",""
"冨乙商事株式会社","6015866229017","","","","","","","495-0001","愛知県稲沢市祖父江町祖父江中屋敷209","","","","","","","","","","","","","","","4180001085861","","","",""
"富川株式会社","5262190539078","","","","","","","937-0863","富山県魚津市新宿6-18","","","","","","","","","","","","","","","2230001007135","","","",""
"都美商事株式会社","1813224579125","","","","","","","005-0005","北海道札幌市南区澄川五条十一丁目7-1","","","","","","","","","","","","","","","8430001012423","","","",""
"有限会社冨田織物","6385846638262","","","","","","","478-0018","愛知県知多市佐布里台二丁目76","","","","","","","","","","","","","","","5180002088350","","","",""
"冨田商事株式会社","9734217041355","","","","","","","466-0832","愛知県名古屋市昭和区駒方町二丁目110","","","","","","","","","","","","","","","6180001008936","","","",""
"冨田商事株式会社","6420782686576","","","","","","","918-8239","福井県福井市成和一丁目1235","","","","","","","","","","","","","","","4210001002160","","","",""
"富豊産業株式会社","6916801001246","","","","","","","595-0804","大阪府泉北郡忠岡町馬瀬三丁目12-15","","","","","","","","","","","","","","","6120101042989","","","",""
"富宏染工株式会社","2030042656249","","","","","","","604-8215","京都府京都市中京区不動町175-9","","","","","","","","","","","","","","","2130001021831","","","",""
"有限会社トミヤ織布","5096088462860","","","","","","","649-6427","和歌山県紀の川市西井阪88","","","","","","","","","","","","","","","3170002007841","","","",""
"冨安織布株式会社","2291095602524","","","","","","","441-0315","愛知県豊川市御津町大草神田76","","","","","","","","","","","","","","","2180301010380","","","",""
"有限会社冨山裏地店","5878833447254","","","","","","","880-0805","宮崎県宮崎市橘通東三丁目6-3","","","","","","","","","","","","","","","9350002003214","","","",""
"株式会社富美和商店","4460270149931","","","","","","","541-0054","大阪府大阪市中央区南本町二丁目1-8","","","","","","","","","","","","","","","7120001088735","","","",""
"トモエ産業株式会社","8069347071578","","","","","","","651-0084","兵庫県神戸市中央区磯辺通一丁目1-18 カサベラ国際プラザビル605号","","","","","","","","","","","","","","","6140001009698","","","",""
"有限会社トモデコール","5859859092893","","","","","","","541-0053","大阪府大阪市中央区本町四丁目5-4 本町GTCビル202","","","","","","","","","","","","","","","3120002037422","","","",""
"外山商事株式会社","7730904198734","","","","","","","959-1824","新潟県五泉市吉沢二丁目2-17","","","","","","","","","","","","","","","4110001011691","","","",""
"豊島株式会社","2228122208270","","","","","","","460-0003","愛知県名古屋市中区錦二丁目15-15","","","","","","","","","","","","","","","2180001083272","","","",""
"豊田撚糸株式会社","6485682268081","","","","","","","491-0845","愛知県一宮市下川田町一丁目25","","","","","","","","","","","","","","","7180001083276","","","",""
"豊橋商事株式会社","4992863630972","","","","","","","441-8133","愛知県豊橋市大清水町大清水3-1136","","","","","","","","","","","","","","","5180001038892","","","",""
"株式会社トライアンド","8389089236056","","","","","","","615-0824","京都府京都市右京区西京極畑田町9-1 シャトー西京極809","","","","","","","","","","","","","","","5130001050019","","","",""
"株式会社トラスト","9025417872496","","","","","","","150-0001","東京都渋谷区神宮前二丁目25-5","","","","","","","","","","","","","","","5011001016079","","","",""
"株式会社トラックス","5219644767889","","","","","","","150-0002","東京都渋谷区渋谷三丁目1-8","","","","","","","","","","","","","","","7011001061742","","","",""
"有限会社トラフィック","4987260010753","","","","","","","150-0000","東京都渋谷区鶯谷町7-1 1004号","","","","","","","","","","","","","","","4011002034452","","","",""
"鳥居株式会社","8936831834472","","","","","","","604-0804","京都府京都市中京区絹屋町128","","","","","","","","","","","","","","","2130001021856","","","",""
"鳥居株式会社","4793309794899","","","","","","","541-0058","大阪府大阪市中央区南久宝寺町二丁目4-9","","","","","","","","","","","","","","","3120001085843","","","",""
"鳥居良株式会社","2830754802106","","","","","","","602-8447","京都府京都市上京区紋屋町311","","","","","","","","","","","","","","","4130001006938","","","",""
"東レインターナショナル株式会社","4440388765998","","","","","","","103-0023","東京都中央区日本橋本町三丁目1-1","","","","","","","","","","","","","","","8010001051554","","","",""
"東レコムズ愛知株式会社","6281232596236","","","","","","","451-0055","愛知県名古屋市西区堀越一丁目1-1","","","","","","","","","","","","","","","4180001026361","","","",""
"トレッセ株式会社","1284378218857","","","","","","","531-0072","大阪府大阪市北区豊崎三丁目1-22 淀川6番館12階","","","","","","","","","","","","","","","1120001154856","","","",""
"株式会社トレンド","1159135801108","","","","","","","491-0918","愛知県一宮市末広二丁目24-23 グランディアIII105号","","","","","","","","","","","","","","","8180001083283","","","",""
"株式会社冨田屋","5112121371824","","","","","","","602-8226","京都府京都市上京区石薬師町697-700 合地","","","","","","","","","","","","","","","2130001003433","","","",""
"土井織物株式会社","1330888323266","","","","","","","596-0044","大阪府岸和田市西之内町12-19","","","","","","","","","","","","","","","7120101037179","","","",""
"株式会社独逸屋","6340522932288","","","","","","","194-0021","東京都町田市中町三丁目4-13 N21ビル","","","","","","","","","","","","","","","6010101011815","","","",""
"株式会社道家経営・法務事務所","5445959855922","","","","","","","501-6065","岐阜県羽島郡笠松町門間534","","","","","","","","","","","","","","","5200002010955","","","",""
"同興商事株式会社","8323865193535","","","","","","","604-8161","京都府京都市中京区饅頭屋町617 六角ビル3F","","","","","","","","","","","","","","","7130001021777","","","",""
"同心工業株式会社","6822983845884","","","","","","","595-0052","大阪府泉大津市西港町14-37","","","","","","","","","","","","","","","7120101042542","","","",""
"同心商事株式会社","1482702061624","","","","","","","541-0052","大阪府大阪市中央区安土町三丁目3-9 田村駒ビル5階","","","","","","","","","","","","","","","6120901020731","","","",""
"株式会社ドゥースリー","2674056861443","","","","","","","150-0012","東京都渋谷区広尾五丁目25-2 広尾AKビル3F","","","","","","","","","","","","","","","2011001015240","","","",""
"同利有限会社","2343568708405","","","","","","","569-0077","大阪府高槻市野見町5-44 ダイヤモンドレディース1F","","","","","","","","","","","","","","","5120002047881","","","",""
"株式会社ドヴア","5314796391053","","","","","","","150-0011","東京都渋谷区東三丁目20-3","","","","","","","","","","","","","","","2011001015158","","","",""
"ドヴァホールディングス株式会社","1339463772350","","","","","","","150-0011","東京都渋谷区東三丁目20-3","","","","","","","","","","","","","","","9011001102338","","","",""
"有限会社ドーゼン","2939153606647","","","","","","","929-1215","石川県かほく市高松ム37-1","","","","","","","","","","","","","","","6220002017015","","","",""
"百々株式会社","9595642350552","","","","","","","530-0043","大阪府大阪市北区天満二丁目1-10","","","","","","","","","","","","","","","7120001069520","","","",""
"株式会社ドーノ","3030608307677","","","","","","","612-8073","京都府京都市伏見区下板橋町639-9","","","","","","","","","","","","","","","3120001121656","","","",""
"株式会社ドマーニ","2961152089464","","","","","","","607-8079","京都府京都市山科区音羽前出町29-6","","","","","","","","","","","","","","","4130001013083","","","",""
"ナイガイ株式会社","2773454209993","","","","","","","177-0052","東京都練馬区関町東一丁目18-16","","","","","","","","","","","","","","","8011601007615","","","",""
"内外織物株式会社","8393387781086","","","","","","","677-0055","兵庫県西脇市高松町570-1","","","","","","","","","","","","","","","7140001075715","","","",""
"株式会社内貴","5683859744253","","","","","","","111-0035","東京都台東区西浅草二丁目23-3","","","","","","","","","","","","","","","1010501001239","","","",""
"株式会社ナイス","3379202798237","","","","","","","289-1306","千葉県山武市白幡1604-16","","","","","","","","","","","","","","","9020001107602","","","",""
"内藤株式会社","3967579761823","","","","","","","602-8209","京都府京都市上京区橘町635-2","","","","","","","","","","","","","","","5130001003455","","","",""
"内藤商事株式会社","5869291434343","","","","","","","124-0012","東京都葛飾区立石八丁目43-13","","","","","","","","","","","","","","","1010001052815","","","",""
"内藤織布株式会社","3065113489398","","","","","","","675-2432","兵庫県加西市満久町431","","","","","","","","","","","","","","","7140001076374","","","",""
"株式会社内と良","2716529083114","","","","","","","604-0000","京都府京都市中京区新町通二条下る","","","","","","","","","","","","","","","6130001021877","","","",""
"有限会社ナオテックス","3825717506329","","","","","","","542-0073","大阪府大阪市中央区日本橋二丁目15-18 グリーンプラザ高津401","","","","","","","","","","","","","","","1120002053330","","","",""
"有限会社中井商店","1391666324151","","","","","","","121-0076","東京都足立区平野二丁目8-21","","","","","","","","","","","","","","","8011802016646","","","",""
"株式会社ナカイズミ","9824228805782","","","","","","","101-0032","東京都千代田区岩本町一丁目8-15","","","","","","","","","","","","","","","7010001052990","","","",""
"中和泉織布株式会社","2213971114721","","","","","","","596-0003","大阪府岸和田市中井町二丁目14-2","","","","","","","","","","","","","","","7120101037245","","","",""
"有限会社中井繊維","1818205685311","","","","","","","155-0033","東京都世田谷区代田三丁目47-4","","","","","","","","","","","","","","","2010902011018","","","",""
"株式会社中内商事","6752012256966","","","","","","","781-0252","高知県高知市瀬戸東町一丁目187","","","","","","","","","","","","","","","5490001001662","","","",""
"株式会社なかお","5931471636515","","","","","","","604-8221","京都府京都市中京区天神山町278","","","","","","","","","","","","","","","4130001021887","","","",""
"有限会社中尾商店","6323531799724","","","","","","","814-0014","福岡県福岡市早良区弥生一丁目4-28","","","","","","","","","","","","","","","1290002008540","","","",""
"有限会社ナカガミ糸業","9856620464511","","","","","","","333-0866","埼玉県川口市芝一丁目36-12","","","","","","","","","","","","","","","5030002105517","","","",""
"株式会社中賀和","1678444973347","","","","","","","600-8434","京都府京都市下京区高辻町604","","","","","","","","","","","","","","","4130001018264","","","",""
"株式会社中川","8612758290610","","","","","","","890-0038","鹿児島県鹿児島市向陽二丁目2-7 エミネンス久保103","","","","","","","","","","","","","","","4340001003063","","","",""
"有限会社中川織物","2042541148452","","","","","","","602-0002","京都府京都市上京区継孝院町75","","","","","","","","","","","","","","","2130002002681","","","",""
"株式会社中川工業所","3420566472833","","","","","","","581-0037","大阪府八尾市太田五丁目159","","","","","","","","","","","","","","","5122001019507","","","",""
"ナカガワ産業株式会社","7462312272649","","","","","","","590-0414","大阪府泉南郡熊取町五門東二丁目9-6","","","","","","","","","","","","","","","6120101040472","","","",""
"中川商事株式会社","8849713875940","","","","","","","918-8231","福井県福井市問屋町二丁目20","","","","","","","","","","","","","","","6210001002563","","","",""
"有限会社中川商店","1791798552884","","","","","","","812-0037","福岡県福岡市博多区御供所町5-26","","","","","","","","","","","","","","","5290002036744","","","",""
"中川織布株式会社","7334218424202","","","","","","","597-0102","大阪府貝塚市木積2055","","","","","","","","","","","","","","","9120101038316","","","",""
"株式会社中川政七商店","6712232695575","","","","","","","630-8144","奈良県奈良市東九条町1112-1","","","","","","","","","","","","","","","7150001001554","","","",""
"中川綿業株式会社","8619718191566","","","","","","","590-0415","大阪府泉南郡熊取町五門西二丁目2-8","","","","","","","","","","","","","","","8120101040462","","","",""
"中木戸織物有限会社","9875042593975","","","","","","","923-0053","石川県小松市河田町を6","","","","","","","","","","","","","","","4220002010946","","","",""
"株式会社中健商店","4490082416805","","","","","","","918-8239","福井県福井市成和一丁目2101-1","","","","","","","","","","","","","","","4210001002557","","","",""
"中幸織物企画株式会社","1779604731202","","","","","","","602-0058","京都府京都市上京区水落町88","","","","","","","","","","","","","","","1130001003475","","","",""
"ナカシズ織物株式会社","3283879798640","","","","","","","910-2164","福井県福井市深見町100-1-3","","","","","","","","","","","","","","","7210001002570","","","",""
"株式会社ナカジマ","7170448005401","","","","","","","949-7251","新潟県南魚沼市大崎1871-10","","","","","","","","","","","","","","","6110001026457","","","",""
"株式会社ナカジマ","2349276738788","","","","","","","594-0082","大阪府和泉市富秋町二丁目10-2","","","","","","","","","","","","","","","4120101005122","","","",""
"株式会社ナカジマ","5922055164593","","","","","","","435-0056","静岡県浜松市中央区小池町1900-1","","","","","","","","","","","","","","","8080401003693","","","",""
"有限会社中島絲店","7668134109997","","","","","","","120-0037","東京都足立区千住河原町15-7","","","","","","","","","","","","","","","5011802016681","","","",""
"中島織物株式会社","6313532872643","","","","","","","677-0111","兵庫県多可郡多可町八千代区門田100","","","","","","","","","","","","","","","5140001075717","","","",""
"有限会社中島商店","2078685062604","","","","","","","154-0016","東京都世田谷区弦巻三丁目9-2","","","","","","","","","","","","","","","7010902011095","","","",""
"中瀬綿業株式会社","5573117647829","","","","","","","732-0802","広島県広島市南区大州四丁目5-32","","","","","","","","","","","","","","","1240001007837","","","",""
"中善毛織株式会社","8270648405883","","","","","","","494-0003","愛知県一宮市三条北平11-1","","","","","","","","","","","","","","","2180001084329","","","",""
"中園商事株式会社","2404701844978","","","","","","","830-0017","福岡県久留米市日吉町20-1","","","","","","","","","","","","","","","7290001049282","","","",""
"株式会社中田勝","7711513564725","","","","","","","600-8322","京都府京都市下京区小柳町500-6","","","","","","","","","","","","","","","9130001018276","","","",""
"株式会社中忠商店","5901414633541","","","","","","","602-8442","京都府京都市上京区薬師町245","","","","","","","","","","","","","","","2130001042522","","","",""
"中辻株式会社","3157648161491","","","","","","","594-1141","大阪府和泉市春木町1085-1","","","","","","","","","","","","","","","6120001086087","","","",""
"有限会社ナカテック","3099263120247","","","","","","","922-0012","石川県加賀市下河崎町レ2-2","","","","","","","","","","","","","","","9220002012681","","","",""
"中富織物株式会社","1485313132365","","","","","","","335-0001","埼玉県蕨市北町三丁目4-22","","","","","","","","","","","","","","","8030001021142","","","",""
"中留織物有限会社","1635624242825","","","","","","","915-0253","福井県越前市中津山町19-1","","","","","","","","","","","","","","","5210002012117","","","",""
"仲直商事株式会社","9456249148086","","","","","","","602-8214","京都府京都市上京区北之御門町563","","","","","","","","","","","","","","","2130001003490","","","",""
"株式会社中西","4135301661654","","","","","","","413-0005","静岡県熱海市春日町10-27","","","","","","","","","","","","","","","3080101012784","","","",""
"株式会社中西商店","5255836725849","","","","","","","604-0814","京都府京都市中京区壺屋町531-1","","","","","","","","","","","","","","","2130001021922","","","",""
"中西繊維株式会社","6366329721329","","","","","","","649-7206","和歌山県橋本市高野口町向島207-2","","","","","","","","","","","","","","","8170001011030","","","",""
"株式会社ナカニシトレーディング","6209088546680","","","","","","","590-0075","大阪府堺市堺区南花田口町二丁1-18 新堺東ビル4-I","","","","","","","","","","","","","","","8120101009879","","","",""
"中日本織物株式会社","5167890883072","","","","","","","491-0837","愛知県一宮市多加木五丁目3-8","","","","","","","","","","","","","","","3180001083288","","","",""
"なかの孝株式会社","4035883325528","","","","","","","600-0000","京都府京都市下京区和泉町527-1","","","","","","","","","","","","","","","3130001027398","","","",""
"合資会社中浜商店","2225754629664","","","","","","","458-0924","愛知県名古屋市緑区有松2306","","","","","","","","","","","","","","","8180003004130","","","",""
"中久織物株式会社","3004422599405","","","","","","","627-0042","京都府京丹後市峰山町長岡1223","","","","","","","","","","","","","","","6130001042691","","","",""
"株式会社ナカヒロ","8536507605390","","","","","","","541-0048","大阪府大阪市中央区瓦町三丁目3-10 ニッケ大阪ビル7F","","","","","","","","","","","","","","","2120001077511","","","",""
"有限会社中藤織物整理工場","9526201965787","","","","","","","529-1414","滋賀県東近江市五個荘中町191","","","","","","","","","","","","","","","5160002009746","","","",""
"ナカ貿易株式会社","6051495426846","","","","","","","640-8376","和歌山県和歌山市新中通二丁目41","","","","","","","","","","","","","","","4170001002388","","","",""
"ナカボーサンエス株式会社","2268538368066","","","","","","","550-0004","大阪府大阪市西区靱本町一丁目18-19","","","","","","","","","","","","","","","7120001127690","","","",""
"株式会社中雅","3383008266386","","","","","","","604-8354","京都府京都市中京区下瓦町581","","","","","","","","","","","","","","","5130001018288","","","",""
"株式会社なかま商事","3799030106118","","","","","","","833-0054","福岡県筑後市大字蔵数498-16","","","","","","","","","","","","","","","4290001047826","","","",""
"ナカムラ株式会社","1935165032318","","","","","","","361-0056","埼玉県行田市大字持田932","","","","","","","","","","","","","","","8030001087002","","","",""
"株式会社ナカムラ","8941893302953","","","","","","","721-0000","広島県福山市神辺町大字川南1098-1","","","","","","","","","","","","","","","1240001029419","","","",""
"中村株式会社","4789162431004","","","","","","","434-0042","静岡県浜松市浜名区小松3496-1","","","","","","","","","","","","","","","3080401010414","","","",""
"株式会社中村糸店","2902968166256","","","","","","","130-0011","東京都墨田区石原二丁目5-15","","","","","","","","","","","","","","","5010601014946","","","",""
"有限会社中村機業場","7199882177589","","","","","","","910-2164","福井県福井市深見町98-2","","","","","","","","","","","","","","","7210002002603","","","",""
"有限会社中村金襴工場","1683122610116","","","","","","","720-2123","広島県福山市神辺町大字川北1294-1","","","","","","","","","","","","","","","5240002038811","","","",""
"有限会社中村源織物","9983701437947","","","","","","","603-8312","京都府京都市北区紫野中柏野町24","","","","","","","","","","","","","","","7130002020712","","","",""
"有限会社中村幸商店","2616515517674","","","","","","","602-0000","京都府京都市上京区上立売町南入水落町88","","","","","","","","","","","","","","","9130002002700","","","",""
"株式会社中村正商店","9787805386078","","","","","","","600-8402","京都府京都市下京区大江町551","","","","","","","","","","","","","","","3130001018298","","","",""
"中村商事株式会社","1159429320559","","","","","","","451-0013","愛知県名古屋市西区江向町五丁目41","","","","","","","","","","","","","","","4180001026452","","","",""
"中村商事株式会社","7710744600886","","","","","","","370-0006","群馬県高崎市問屋町一丁目2-7","","","","","","","","","","","","","","","6070001007924","","","",""
"合資会社中村織布工場","2747591695745","","","","","","","435-0042","静岡県浜松市中央区篠ケ瀬町1177","","","","","","","","","","","","","","","5080403000196","","","",""
"中村織布株式会社","8314673326267","","","","","","","491-0811","愛知県一宮市千秋町加納馬場2133","","","","","","","","","","","","","","","7180001083326","","","",""
"株式会社中森商店","7733376571517","","","","","","","541-0056","大阪府大阪市中央区久太郎町一丁目1-11","","","","","","","","","","","","","","","5120001086121","","","",""
"株式会社仲屋","5807476583070","","","","","","","530-0056","大阪府大阪市北区兎我野町3-17","","","","","","","","","","","","","","","4120001068194","","","",""
"中谷合繊株式会社","2577707921082","","","","","","","922-0553","石川県加賀市小塩町大野山2-1","","","","","","","","","","","","","","","5220001013313","","","",""
"有限会社中安紬機業","6164159512939","","","","","","","300-2707","茨城県常総市本石下310","","","","","","","","","","","","","","","5050002041363","","","",""
"株式会社ナカヤマ","7946402607487","","","","","","","550-0012","大阪府大阪市西区立売堀五丁目6-16","","","","","","","","","","","","","","","8120001045974","","","",""
"中山金襴織物有限会社","3670364015691","","","","","","","376-0601","群馬県桐生市梅田町四丁目6603","","","","","","","","","","","","","","","2070002024328","","","",""
"中山商事株式会社","6219520998926","","","","","","","550-0001","大阪府大阪市西区土佐堀一丁目3-18","","","","","","","","","","","","","","","8120001046023","","","",""
"有限会社ナカヨシ","4789655486060","","","","","","","520-3047","滋賀県栗東市手原三丁目7-8","","","","","","","","","","","","","","","8160002012805","","","",""
"有限会社ナガイ","8074315828891","","","","","","","373-0833","群馬県太田市牛沢町256-1","","","","","","","","","","","","","","","5070002031791","","","",""
"永井織物株式会社","3683768054370","","","","","","","600-8437","京都府京都市下京区徳万町209","","","","","","","","","","","","","","","1130001018259","","","",""
"永市織物株式会社","9747141109045","","","","","","","602-0000","京都府京都市上京区仲之町501","","","","","","","","","","","","","","","3130001003465","","","",""
"株式会社ながうら","7635367187090","","","","","","","982-0813","宮城県仙台市太白区山田北前町1-25","","","","","","","","","","","","","","","5370001002045","","","",""
"有限会社長尾織布","1417498275277","","","","","","","677-0052","兵庫県西脇市和田町693-1","","","","","","","","","","","","","","","1140002061876","","","",""
"長尾商事株式会社","7785744666006","","","","","","","460-0002","愛知県名古屋市中区丸の内一丁目2-9 長尾ビル6階","","","","","","","","","","","","","","","1180001039127","","","",""
"ナガオ繊維株式会社","5455531906696","","","","","","","500-8281","岐阜県岐阜市東鶉四丁目57-1","","","","","","","","","","","","","","","4200001003812","","","",""
"有限会社長﨑紅屋","4563847346178","","","","","","","335-0004","埼玉県蕨市中央一丁目11-5","","","","","","","","","","","","","","","2030002026212","","","",""
"株式会社長崎リライエンス","5051772674068","","","","","","","859-3614","長崎県東彼杵郡川棚町中組郷1588","","","","","","","","","","","","","","","2310001006764","","","",""
"株式会社長嶋成織物","2388238191389","","","","","","","602-8443","京都府京都市上京区元妙蓮寺町536","","","","","","","","","","","","","","","6130001003479","","","",""
"長島繊維株式会社","5708742754073","","","","","","","326-0802","栃木県足利市旭町852","","","","","","","","","","","","","","","5060001018972","","","",""
"有限会社長島宝山織物","2596513684162","","","","","","","602-8432","京都府京都市上京区北猪熊町309","","","","","","","","","","","","","","","3130002002689","","","",""
"永田株式会社","6430675998238","","","","","","","501-6103","岐阜県岐阜市柳津町蓮池六丁目29","","","","","","","","","","","","","","","9200001008055","","","",""
"長田株式会社","3724817306380","","","","","","","920-0902","石川県金沢市尾張町二丁目9-11","","","","","","","","","","","","","","","3220001004751","","","",""
"有限会社永田産業","8175582604874","","","","","","","477-0037","愛知県東海市高横須賀町五丁目137","","","","","","","","","","","","","","","6180002087905","","","",""
"有限会社永田商会","6212396783392","","","","","","","444-0933","愛知県岡崎市渡町大榎21-4","","","","","","","","","","","","","","","1180302004655","","","",""
"株式会社永田商店","5053745376803","","","","","","","292-0822","千葉県木更津市桜井407-22","","","","","","","","","","","","","","","8040001050826","","","",""
"株式会社ナガタ商店","9598203206452","","","","","","","602-8418","京都府京都市上京区妙蓮寺前町350","","","","","","","","","","","","","","","9130001031246","","","",""
"株式会社永田藤作商店","8802712889986","","","","","","","923-0000","石川県小松市矢田野町チ44","","","","","","","","","","","","","","","5220001012249","","","",""
"ナガトモ・トレーディング株式会社","9073681572308","","","","","","","224-0033","神奈川県横浜市都筑区茅ケ崎東三丁目6-27","","","","","","","","","","","","","","","8020001009106","","","",""
"株式会社長棟商店","8277885569400","","","","","","","541-0059","大阪府大阪市中央区博労町二丁目2-2","","","","","","","","","","","","","","","9120001086159","","","",""
"株式会社南雲織物工場","6673766401709","","","","","","","949-6408","新潟県南魚沼市塩沢1227-14","","","","","","","","","","","","","","","5110001026433","","","",""
"株式会社名古屋大森","6404546419473","","","","","","","460-0016","愛知県名古屋市中区橘二丁目6-22","","","","","","","","","","","","","","","5180001038934","","","",""
"名古屋協和フィルター販売株式会社","1169265015688","","","","","","","453-0014","愛知県名古屋市中村区則武一丁目13-9","","","","","","","","","","","","","","","2180001042402","","","",""
"名古屋商事株式会社","2580568991489","","","","","","","468-0041","愛知県名古屋市天白区保呂町1517","","","","","","","","","","","","","","","1180001024062","","","",""
"名古屋製綱株式会社","3559445267955","","","","","","","451-0045","愛知県名古屋市西区名駅二丁目4-3","","","","","","","","","","","","","","","3180001026528","","","",""
"名古屋フエルト工業株式会社","3213319548759","","","","","","","457-0063","愛知県名古屋市南区阿原町11-1","","","","","","","","","","","","","","","2180001039076","","","",""
"名古屋紡績株式会社","5379788763865","","","","","","","460-0003","愛知県名古屋市中区錦三丁目5-27 錦中央ビル5階","","","","","","","","","","","","","","","5180001039081","","","",""
"株式会社ナストウ","4656385125340","","","","","","","562-0035","大阪府箕面市船場東三丁目6-67","","","","","","","","","","","","","","","4120901020774","","","",""
"株式会社ナストーコーポレーション","6400729365326","","","","","","","562-0035","大阪府箕面市船場東三丁目6-67","","","","","","","","","","","","","","","2120901021808","","","",""
"株式会社灘染織工藝","2462641921341","","","","","","","616-0016","京都府京都市西京区嵐山上海道町3-10","","","","","","","","","","","","","","","1130001008524","","","",""
"株式会社ナッシュ","5967979074361","","","","","","","133-0051","東京都江戸川区北小岩一丁目3-14","","","","","","","","","","","","","","","2011701016117","","","",""
"株式会社ナッシュ","9415957827759","","","","","","","711-0937","岡山県倉敷市児島稗田町3292-1","","","","","","","","","","","","","","","9260001014279","","","",""
"有限会社名塚織物加工場","6848837556506","","","","","","","430-0812","静岡県浜松市中央区本郷町1300-5","","","","","","","","","","","","","","","4080402005817","","","",""
"株式会社ＮＡＮＡ","4206627856619","","","","","","","541-0052","大阪府大阪市中央区安土町三丁目2-15 プログレスビル","","","","","","","","","","","","","","","3120001161438","","","",""
"株式会社なにわ屋","4707917307331","","","","","","","540-0038","大阪府大阪市中央区内淡路町二丁目3-6","","","","","","","","","","","","","","","8120001113005","","","",""
"株式会社ナビマックス","4424889581302","","","","","","","659-0082","兵庫県芦屋市山芦屋町27-14 403号","","","","","","","","","","","","","","","5140001033336","","","",""
"有限会社なべしま","2334982398080","","","","","","","604-8212","京都府京都市中京区六角町366","","","","","","","","","","","","","","","6130002023237","","","",""
"株式会社鍋嶋","8544923127514","","","","","","","110-0015","東京都台東区東上野三丁目17-1","","","","","","","","","","","","","","","1010501009694","","","",""
"鍋島毛織株式会社","2703647128278","","","","","","","496-0004","愛知県津島市蛭間町逆川東923-1","","","","","","","","","","","","","","","4180003013432","","","",""
"行方織物有限会社","4199277557613","","","","","","","992-0053","山形県米沢市松が岬二丁目4-8","","","","","","","","","","","","","","","4390002013197","","","",""
"有限会社奈良テック","5016014929937","","","","","","","630-8012","奈良県奈良市二条大路南四丁目2-46","","","","","","","","","","","","","","","3150002007645","","","",""
"株式会社ナリカワ","6414088510161","","","","","","","602-8446","京都府京都市上京区五辻町81-1","","","","","","","","","","","","","","","6130001003520","","","",""
"有限会社成謙工房","9144134292888","","","","","","","602-8158","京都府京都市上京区中務町486-4","","","","","","","","","","","","","","","9130002003178","","","",""
"ナリセン株式会社","7398399562100","","","","","","","444-0865","愛知県岡崎市明大寺町大圦1-52","","","","","","","","","","","","","","","8180301001688","","","",""
"成田株式会社","5186245892936","","","","","","","600-8463","京都府京都市下京区永養寺町249","","","","","","","","","","","","","","","4130001018314","","","",""
"成尾産業株式会社","1555557656949","","","","","","","550-0004","大阪府大阪市西区靱本町三丁目7-7","","","","","","","","","","","","","","","3120001046093","","","",""
"南海株式会社","5872863523613","","","","","","","594-1112","大阪府和泉市三林町155","","","","","","","","","","","","","","","1120101041748","","","",""
"株式会社南光商店","6421749896467","","","","","","","540-0013","大阪府大阪市中央区内久宝寺町二丁目3-3","","","","","","","","","","","","","","","2120001086330","","","",""
"有限会社南進物産商会","6759425689529","","","","","","","651-0084","兵庫県神戸市中央区磯辺通四丁目2-20","","","","","","","","","","","","","","","9140002015222","","","",""
"有限会社ナンデモヤ","7235451801804","","","","","","","030-0801","青森県青森市新町一丁目12-12","","","","","","","","","","","","","","","2420002002157","","","",""
"有限会社難波糸店","4577037816837","","","","","","","700-0964","岡山県岡山市北区中仙道55-103","","","","","","","","","","","","","","","7260002007309","","","",""
"南和産業株式会社","8906475087417","","","","","","","116-0014","東京都荒川区東日暮里三丁目28-7","","","","","","","","","","","","","","","2011501008041","","","",""
"新美株式会社","1476593174648","","","","","","","470-2216","愛知県知多郡阿久比町大字植大寒行坊40","","","","","","","","","","","","","","","4180001092338","","","",""
"有限会社ニクニ","5216429621367","","","","","","","940-0232","新潟県長岡市天下島一丁目1-14","","","","","","","","","","","","","","","1110002031262","","","",""
"有限会社二弘","4017376441706","","","","","","","870-0146","大分県大分市乙津港町一丁目3-20","","","","","","","","","","","","","","","8320002005081","","","",""
"株式会社二幸","7501657639064","","","","","","","321-0911","栃木県宇都宮市問屋町3426-32","","","","","","","","","","","","","","","9060001003491","","","",""
"西川毛織株式会社","9736098701955","","","","","","","460-0008","愛知県名古屋市中区栄一丁目12-15","","","","","","","","","","","","","","","3180001039488","","","",""
"有限会社西川商店","1777700389566","","","","","","","530-0044","大阪府大阪市北区東天満一丁目3-15","","","","","","","","","","","","","","","5120002032066","","","",""
"西川織布株式会社","7297689440296","","","","","","","599-8266","大阪府堺市中区毛穴町183","","","","","","","","","","","","","","","4120101005460","","","",""
"西義株式会社","4639649474675","","","","","","","947-0021","新潟県小千谷市本町一丁目12-6","","","","","","","","","","","","","","","4110001025444","","","",""
"西澤清株式会社","5860595193460","","","","","","","541-0056","大阪府大阪市中央区久太郎町四丁目2-9","","","","","","","","","","","","","","","1120001086414","","","",""
"株式会社西沢繊維","2238631702682","","","","","","","103-0004","東京都中央区東日本橋二丁目17-9","","","","","","","","","","","","","","","4010001053604","","","",""
"有限会社西沢綿業所","2323639902032","","","","","","","381-0012","長野県長野市大字柳原1753","","","","","","","","","","","","","","","3100002003905","","","",""
"西嶋織物株式会社","9140459604864","","","","","","","910-0854","福井県福井市御幸二丁目7-20","","","","","","","","","","","","","","","2210001008523","","","",""
"株式会社西陣河村","8861792634495","","","","","","","602-8216","京都府京都市上京区竪門前町414","","","","","","","","","","","","","","","7130001005243","","","",""
"株式会社西陣輝洸","2199771263799","","","","","","","603-8827","京都府京都市北区西賀茂水垣町53","","","","","","","","","","","","","","","6130001005244","","","",""
"西善商事株式会社","1985201232626","","","","","","","600-8186","京都府京都市下京区富田町383","","","","","","","","","","","","","","","8130001018343","","","",""
"西田商事株式会社","2779365150879","","","","","","","923-1114","石川県能美市小杉町ハ108-1","","","","","","","","","","","","","","","6220001012702","","","",""
"西田殖産株式会社","2319760922100","","","","","","","910-0253","福井県坂井市丸岡町一本田中32-30","","","","","","","","","","","","","","","2210001007608","","","",""
"西田通商株式会社","6545359417929","","","","","","","231-0005","神奈川県横浜市中区本町一丁目5","","","","","","","","","","","","","","","3020001028168","","","",""
"西出商事株式会社","6207055395950","","","","","","","918-8239","福井県福井市成和一丁目1507","","","","","","","","","","","","","","","2210001002823","","","",""
"西出織布株式会社","7421419921091","","","","","","","596-0827","大阪府岸和田市上松町201","","","","","","","","","","","","","","","1120101037317","","","",""
"西徳織布株式会社","4247921694946","","","","","","","596-0805","大阪府岸和田市田治米町751","","","","","","","","","","","","","","","8120101037319","","","",""
"株式会社ニシナカ産業","9816184964844","","","","","","","710-0021","岡山県倉敷市高須賀384","","","","","","","","","","","","","","","4260001016908","","","",""
"西日本生活倶楽部有限会社","2372139278804","","","","","","","856-0017","長崎県大村市荒瀬町1146-5","","","","","","","","","","","","","","","5310002017502","","","",""
"西日本繊維株式会社","5174808605514","","","","","","","856-0805","長崎県大村市竹松本町545","","","","","","","","","","","","","","","3310001008867","","","",""
"株式会社西日本ニチアス","8144352565751","","","","","","","712-8055","岡山県倉敷市南畝二丁目6-24","","","","","","","","","","","","","","","1260001012372","","","",""
"有限会社西野商店","3255415456836","","","","","","","111-0054","東京都台東区鳥越一丁目31-3","","","","","","","","","","","","","","","5010502008535","","","",""
"株式会社西原","1741474961993","","","","","","","604-8187","京都府京都市中京区笹屋町443","","","","","","","","","","","","","","","3130001022003","","","",""
"株式会社にしばた","3712189577333","","","","","","","910-0063","福井県福井市灯明寺三丁目210","","","","","","","","","","","","","","","7210001002827","","","",""
"西廣織布有限会社","7158983669371","","","","","","","596-0827","大阪府岸和田市上松町二丁目7-13","","","","","","","","","","","","","","","2120102021426","","","",""
"ニシムラ株式会社","4868168519047","","","","","","","111-0041","東京都台東区元浅草四丁目1-16","","","","","","","","","","","","","","","5010501009872","","","",""
"株式会社ニシムラ","1745056665497","","","","","","","553-0006","大阪府大阪市福島区吉野二丁目2-12","","","","","","","","","","","","","","","8120001035983","","","",""
"有限会社西村織布工場","9665041305033","","","","","","","520-1511","滋賀県高島市新旭町藁園2034","","","","","","","","","","","","","","","5160002011438","","","",""
"西本株式会社","4321692940928","","","","","","","918-8001","福井県福井市つくも二丁目11-2","","","","","","","","","","","","","","","1210001002832","","","",""
"西本タオル株式会社","9094485943270","","","","","","","598-0021","大阪府泉佐野市日根野3580-2","","","","","","","","","","","","","","","1120101040023","","","",""
"株式会社ニシヤマ","9044028146866","","","","","","","918-8239","福井県福井市成和一丁目2110","","","","","","","","","","","","","","","1210001002840","","","",""
"西山産業開発株式会社","6929821445375","","","","","","","924-0000","石川県白山市部入道町ト40","","","","","","","","","","","","","","","9220001000159","","","",""
"西山繊維株式会社","8397081171255","","","","","","","529-1169","滋賀県犬上郡豊郷町大字石畑220","","","","","","","","","","","","","","","7160001008565","","","",""
"株式会社西脇小西","3901981513478","","","","","","","677-0015","兵庫県西脇市西脇1048","","","","","","","","","","","","","","","4140001075767","","","",""
"株式会社西脇商店","8260431107185","","","","","","","947-0021","新潟県小千谷市本町二丁目7-3","","","","","","","","","","","","","","","3110001025445","","","",""
"日ア株式会社","3344147698505","","","","","","","595-0025","大阪府泉大津市旭町14-3","","","","","","","","","","","","","","","5120101042569","","","",""
"日永株式会社","1937538182906","","","","","","","104-0041","東京都中央区新富二丁目11-4 ミナト新富ビル4F","","","","","","","","","","","","","","","5011701006164","","","",""
"日道工業ホールディングス株式会社","8375859302325","","","","","","","470-2215","愛知県知多郡阿久比町大字矢高五反田16-1","","","","","","","","","","","","","","","9180002084536","","","",""
"日化産業株式会社","9430684530622","","","","","","","550-0002","大阪府大阪市福島区福島五丁目17-27","","","","","","","","","","","","","","","4120001036028","","","",""
"株式会社ニックプロジェクト","3721516010370","","","","","","","007-0848","北海道札幌市東区北四十八条東八丁目2-1","","","","","","","","","","","","","","","2430002032921","","","",""
"日経ウールマーカーズ有限会社","7462513399085","","","","","","","111-0042","東京都台東区寿一丁目2-3","","","","","","","","","","","","","","","1010502020964","","","",""
"株式会社ニッケテキスタイル","8540152398677","","","","","","","491-0053","愛知県一宮市今伊勢町本神戸河原2","","","","","","","","","","","","","","","5120001077509","","","",""
"日研化成株式会社","1649884857188","","","","","","","984-0051","宮城県仙台市若林区新寺二丁目3-1 201号長屋ビル2F","","","","","","","","","","","","","","","9080401003874","","","",""
"日研繊維工業株式会社","2936157730849","","","","","","","595-0024","大阪府泉大津市池浦町四丁目7-14","","","","","","","","","","","","","","","7120101041783","","","",""
"ニツコウ株式会社","7002859580269","","","","","","","550-0012","大阪府大阪市西区立売堀三丁目7-16 エースビル3階","","","","","","","","","","","","","","","9120001046212","","","",""
"ＮＩＫＫＯ　ＯＩＬ　ＰＲＯＤＵＣＴＳ株式会社","2582626633083","","","","","","","100-0005","東京都千代田区丸の内三丁目4-1 新国際ビル2階","","","","","","","","","","","","","","","3010001075277","","","",""
"株式会社日興繊維","3447873964222","","","","","","","918-8003","福井県福井市毛矢三丁目8-13","","","","","","","","","","","","","","","5210001002655","","","",""
"日興繊維株式会社","7132257872191","","","","","","","540-0038","大阪府大阪市中央区内淡路町二丁目1-8","","","","","","","","","","","","","","","2120001086660","","","",""
"日産株式会社","6456523769777","","","","","","","604-8211","京都府京都市中京区玉蔵町129","","","","","","","","","","","","","","","5130001022050","","","",""
"日産商事株式会社","8941525451991","","","","","","","770-0005","徳島県徳島市南矢三町二丁目8-22","","","","","","","","","","","","","","","6480001001670","","","",""
"日召株式会社","5667590043168","","","","","","","602-0000","京都府京都市上京区桜井町94","","","","","","","","","","","","","","","9130001003567","","","",""
"日正商事株式会社","1640349082268","","","","","","","640-8265","和歌山県和歌山市小松原五丁目6-3","","","","","","","","","","","","","","","9170001002532","","","",""
"株式会社日寝","3927271833643","","","","","","","541-0054","大阪府大阪市中央区南本町一丁目5-9 KSビル・大阪5F","","","","","","","","","","","","","","","2120001024785","","","",""
"日新恒産フエルト株式会社","5525646697049","","","","","","","815-0033","福岡県福岡市南区大橋四丁目27-17 601号","","","","","","","","","","","","","","","5290001001914","","","",""
"日真産業株式会社","1019548880526","","","","","","","710-0143","岡山県倉敷市木見1138","","","","","","","","","","","","","","","3260001014375","","","",""
"株式会社日進商会","9547699326866","","","","","","","901-0306","沖縄県糸満市西崎町四丁目21-7","","","","","","","","","","","","","","","2360001001703","","","",""
"日新繊維産業株式会社","6997002800936","","","","","","","918-8001","福井県福井市つくも一丁目3-7","","","","","","","","","","","","","","","2210001002682","","","",""
"ニッシントーア・岩尾株式会社","4450852205029","","","","","","","103-0013","東京都中央区日本橋人形町二丁目30-8","","","","","","","","","","","","","","","8010001053773","","","",""
"日新ビジテック株式会社","7926894312887","","","","","","","101-0041","東京都千代田区神田須田町一丁目26-5 日新興業ビル4F","","","","","","","","","","","","","","","1010001025663","","","",""
"日新フエルト工業株式会社","6593548991938","","","","","","","812-0893","福岡県福岡市博多区那珂五丁目8-29","","","","","","","","","","","","","","","6290001015467","","","",""
"日精株式会社","9079015755687","","","","","","","530-0011","大阪府大阪市北区大深町3-1 グランフロント大阪タワーB12階","","","","","","","","","","","","","","","2120001059674","","","",""
"日繊商事株式会社","6587211643466","","","","","","","541-0057","大阪府大阪市中央区北久宝寺町二丁目1-2","","","","","","","","","","","","","","","1120001127886","","","",""
"株式会社新田","7759379765171","","","","","","","992-0053","山形県米沢市松が岬二丁目3-36","","","","","","","","","","","","","","","5390001010335","","","",""
"新田株式会社","5242220134514","","","","","","","910-0023","福井県福井市順化一丁目12-10","","","","","","","","","","","","","","","5210001002597","","","",""
"株式会社日天大鳳","3906230066861","","","","","","","839-0808","福岡県久留米市東合川新町11-41","","","","","","","","","","","","","","","3290001049352","","","",""
"株式会社ニットク","3068204720772","","","","","","","911-0811","福井県勝山市片瀬10-1","","","","","","","","","","","","","","","3210001009990","","","",""
"ニット商事株式会社","5584599037123","","","","","","","583-0875","大阪府羽曳野市樫山283","","","","","","","","","","","","","","","6120101032338","","","",""
"株式会社ニットマテリアル","2643092616566","","","","","","","400-0047","山梨県甲府市徳行一丁目14-16","","","","","","","","","","","","","","","5090001007493","","","",""
"有限会社ニットーワイエム","9229127488580","","","","","","","849-0936","佐賀県佐賀市鍋島町大字森田277-10","","","","","","","","","","","","","","","2300002001096","","","",""
"日邦エージェンシー株式会社","7170795456563","","","","","","","541-0055","大阪府大阪市中央区船場中央二丁目1-4 320号","","","","","","","","","","","","","","","5120001086815","","","",""
"日本シール株式会社","4853786219472","","","","","","","559-0025","大阪府大阪市住之江区平林南一丁目3-65","","","","","","","","","","","","","","","4120001032002","","","",""
"株式会社ニートマタノ","7980915409032","","","","","","","621-0041","京都府亀岡市千代川町小川二丁目14-13","","","","","","","","","","","","","","","5130001018321","","","",""
"日本編物株式会社","3754224475300","","","","","","","675-0051","兵庫県加古川市東神吉町升田1197","","","","","","","","","","","","","","","4140001043253","","","",""
"日本ＨＭ株式会社","6540195394701","","","","","","","557-0055","大阪府大阪市西成区千本南二丁目14-39","","","","","","","","","","","","","","","8120001195605","","","",""
"日本エース株式会社","9107273786236","","","","","","","491-0873","愛知県一宮市せんい二丁目4-19","","","","","","","","","","","","","","","1180001083380","","","",""
"日本科信貿易株式会社","1963894834263","","","","","","","131-0041","東京都墨田区八広六丁目20-2","","","","","","","","","","","","","","","3010601045976","","","",""
"日本生糸株式会社","3855688473703","","","","","","","602-0000","京都府京都市上京区堀川町通今出川南入竪門前町414","","","","","","","","","","","","","","","5130001004214","","","",""
"日本キャンバス株式会社","5014635787816","","","","","","","939-1438","富山県砺波市安川284","","","","","","","","","","","","","","","6230001009359","","","",""
"日本金海環境株式会社","8181991260307","","","","","","","424-0046","静岡県静岡市清水区西大曲町5-30","","","","","","","","","","","","","","","7080001011180","","","",""
"日本クレビオ株式会社","9076233137409","","","","","","","635-0075","奈良県大和高田市大字野口153-1","","","","","","","","","","","","","","","4150001013222","","","",""
"日本工業繊維株式会社","3352425500250","","","","","","","177-0051","東京都練馬区関町北二丁目20-11","","","","","","","","","","","","","","","9011601005106","","","",""
"株式会社日本システム","5547587016171","","","","","","","532-0011","大阪府大阪市淀川区西中島四丁目2-21","","","","","","","","","","","","","","","2120001059385","","","",""
"日本ストレッチ株式会社","8292202134885","","","","","","","130-0021","東京都墨田区緑四丁目7-1","","","","","","","","","","","","","","","2010601020600","","","",""
"日本製麻株式会社","2261616063835","","","","","","","650-0024","兵庫県神戸市中央区海岸通8 神港ビル","","","","","","","","","","","","","","","6230001008369","","","",""
"公益財団法人日本繊維検査協会","5529950163587","","","","","","","103-0006","東京都中央区日本橋富沢町8-10","","","","","","","","","","","","","","","9010005016627","","","",""
"日本大地株式会社","4951804690193","","","","","","","103-0013","東京都中央区日本橋人形町二丁目1-8","","","","","","","","","","","","","","","2021001053025","","","",""
"日本テクスチャー株式会社","2859389651224","","","","","","","326-0844","栃木県足利市鹿島町491-3","","","","","","","","","","","","","","","3060001019015","","","",""
"日本特殊織物株式会社","8910851773442","","","","","","","911-0811","福井県勝山市片瀬10-1","","","","","","","","","","","","","","","7210001010086","","","",""
"日本特絹工業株式会社","3318030770261","","","","","","","347-0031","埼玉県加須市南町6-20","","","","","","","","","","","","","","","9030001032626","","","",""
"日本ノンテックス株式会社","4856999774401","","","","","","","541-0058","大阪府大阪市中央区南久宝寺町四丁目4-13 大東ビル503号","","","","","","","","","","","","","","","7120001093347","","","",""
"株式会社日本ハイパイル","8001236512177","","","","","","","648-0003","和歌山県橋本市隅田町山内1674","","","","","","","","","","","","","","","1170001012308","","","",""
"日本ファイパー株式会社","7737724380062","","","","","","","103-0013","東京都中央区日本橋人形町一丁目5-10","","","","","","","","","","","","","","","3010001130949","","","",""
"日本フエルト株式会社","1108364949094","","","","","","","115-0055","東京都北区赤羽西一丁目7-1","","","","","","","","","","","","","","","4011501003552","","","",""
"日本マート株式会社","2103014108860","","","","","","","541-0057","大阪府大阪市中央区北久宝寺町二丁目1-7","","","","","","","","","","","","","","","8120001093429","","","",""
"日本綿布株式会社","1269344580688","","","","","","","715-0003","岡山県井原市東江原町1076","","","","","","","","","","","","","","","5260001018300","","","",""
"日本ユテイコ株式会社","1353489866258","","","","","","","103-0013","東京都中央区日本橋人形町二丁目35-13","","","","","","","","","","","","","","","7010001062560","","","",""
"日本ユニポリマー株式会社","7880693575364","","","","","","","102-0072","東京都千代田区飯田橋四丁目9-4","","","","","","","","","","","","","","","6010001033785","","","",""
"日本ライフエイド株式会社","1250678242451","","","","","","","708-0004","岡山県津山市山北559-1","","","","","","","","","","","","","","","7260001020089","","","",""
"有限会社ニューワールド","4450269666048","","","","","","","720-1133","広島県福山市駅家町大字近田110-1","","","","","","","","","","","","","","","8240002042240","","","",""
"株式会社ニューワールド","4142056839477","","","","","","","541-0048","大阪府大阪市中央区瓦町一丁目5-11","","","","","","","","","","","","","","","8120001086903","","","",""
"株式会社ＮＩＲＭＡＬ‐ＰＲＥＭ　ＣＯＲＰＯＲＡＴＩＯＮ","7596562627513","","","","","","","541-0057","大阪府大阪市中央区北久宝寺町二丁目1-2","","","","","","","","","","","","","","","9120002059840","","","",""
"株式会社丹羽","9137681453275","","","","","","","929-1215","石川県かほく市高松フ41-3","","","","","","","","","","","","","","","6220001017759","","","",""
"有限会社ぬくもり工房","4779486574827","","","","","","","434-0046","静岡県浜松市浜名区染地台三丁目12-25","","","","","","","","","","","","","","","4080402016954","","","",""
"株式会社布","8353083812109","","","","","","","106-0032","東京都港区六本木五丁目17-1","","","","","","","","","","","","","","","7010401023419","","","",""
"株式会社布川","9781850443308","","","","","","","376-0055","群馬県桐生市横山町3-32","","","","","","","","","","","","","","","9070001016419","","","",""
"布伝説株式会社","9573581834202","","","","","","","465-0053","愛知県名古屋市名東区極楽二丁目3","","","","","","","","","","","","","","","2180001069115","","","",""
"有限会社Ｎｕｎｏ屋","1238059924715","","","","","","","811-1355","福岡県福岡市南区桧原七丁目24-1 504号","","","","","","","","","","","","","","","7290002031743","","","",""
"有限会社布屋商事","7465099135883","","","","","","","151-0066","東京都渋谷区西原三丁目40-7","","","","","","","","","","","","","","","6011002013256","","","",""
"有限会社ヌーベル","6534706099855","","","","","","","664-0881","兵庫県伊丹市昆陽七丁目3-1 DS伊丹ビル","","","","","","","","","","","","","","","4120002046793","","","",""
"有限会社ネオアトランティス","6629713331412","","","","","","","273-0118","千葉県鎌ケ谷市中沢384","","","","","","","","","","","","","","","2010002040859","","","",""
"ネオス・タニムラ株式会社","7117061240200","","","","","","","630-8144","奈良県奈良市東九条町126-1","","","","","","","","","","","","","","","2150001004454","","","",""
"株式会社ネオテキスタイル","4178463034705","","","","","","","359-1106","埼玉県所沢市東狭山ケ丘二丁目2897-7","","","","","","","","","","","","","","","1030001030208","","","",""
"株式会社ネオテックス","6911036782670","","","","","","","910-0844","福井県福井市長本町804-1","","","","","","","","","","","","","","","4210001004818","","","",""
"有限会社根岸","9852305659996","","","","","","","396-0025","長野県伊那市荒井3446-11","","","","","","","","","","","","","","","5100002033140","","","",""
"株式会社Ｎｅｘａｃｔｉｃａ","9616802654557","","","","","","","491-0806","愛知県一宮市千秋町浮野中向得30","","","","","","","","","","","","","","","7180001082542","","","",""
"ネクストイノベーション株式会社","5744816891601","","","","","","","542-0081","大阪府大阪市中央区南船場一丁目3-17 永都ビル大阪長堀201号","","","","","","","","","","","","","","","8120001188071","","","",""
"株式会社ＮＥＸＴ　ＣＲＥＡＴＩＯＮ","6617316430945","","","","","","","719-3202","岡山県真庭市中島1-1","","","","","","","","","","","","","","","6260001025972","","","",""
"根来毛織有限会社","8437736051475","","","","","","","596-0811","大阪府岸和田市下池田町二丁目8-39","","","","","","","","","","","","","","","8120102021453","","","",""
"根茂織物株式会社","7270306966582","","","","","","","948-0003","新潟県十日町市本町六の二丁目66","","","","","","","","","","","","","","","6110001021202","","","",""
"根善織物株式会社","9849215618991","","","","","","","948-0022","新潟県十日町市学校町一丁目420","","","","","","","","","","","","","","","5110001021203","","","",""
"ネット総合研究所株式会社","3401186274354","","","","","","","445-0816","愛知県西尾市宮町41","","","","","","","","","","","","","","","8180301023765","","","",""
"根廣織物株式会社","3382127632126","","","","","","","948-0027","新潟県十日町市若宮町375","","","","","","","","","","","","","","","3110001021205","","","",""
"株式会社ＮＯＹＥＳ　Ｉｎｔｅｒｎａｔｉｏｎａｌ","6559070567165","","","","","","","466-0058","愛知県名古屋市昭和区白金一丁目4-3","","","","","","","","","","","","","","","4180001120040","","","",""
"野上織物株式会社","7885782396322","","","","","","","649-7207","和歌山県橋本市高野口町大野158-2","","","","","","","","","","","","","","","1170001011045","","","",""
"野口織物有限会社","2085377377269","","","","","","","182-0026","東京都調布市小島町一丁目19-1 513号","","","","","","","","","","","","","","","1010102005325","","","",""
"有限会社野崎殖産","7561583338004","","","","","","","470-2216","愛知県知多郡阿久比町大字植大字野崎１番地","","","","","","","","","","","","","","","8180002084495","","","",""
"株式会社のじぎく","8285976780119","","","","","","","651-2401","兵庫県神戸市西区岩岡町岩岡2229-21","","","","","","","","","","","","","","","5140001005194","","","",""
"野田株式会社","3359579855860","","","","","","","604-8156","京都府京都市中京区山伏山町565","","","","","","","","","","","","","","","7130001022098","","","",""
"ノダ株式会社","9960098799903","","","","","","","150-0021","東京都渋谷区恵比寿西一丁目33-3","","","","","","","","","","","","","","","8120001086969","","","",""
"野地株式会社","6672751218047","","","","","","","960-1422","福島県伊達郡川俣町字新中町25","","","","","","","","","","","","","","","1380001002989","","","",""
"株式会社野手","1936861359453","","","","","","","649-7203","和歌山県橋本市高野口町名古曽47","","","","","","","","","","","","","","","8170001011245","","","",""
"能任絹株式会社","1254387711121","","","","","","","920-0864","石川県金沢市高岡町7-40","","","","","","","","","","","","","","","2220001005214","","","",""
"有限会社野中商店","9750039020395","","","","","","","526-0024","滋賀県長浜市三ツ矢元町11-22","","","","","","","","","","","","","","","2160002006853","","","",""
"野々口株式会社","7444984604076","","","","","","","541-0057","大阪府大阪市中央区北久宝寺町一丁目2-15","","","","","","","","","","","","","","","6120001087011","","","",""
"株式会社野々口商店","6966312598329","","","","","","","595-0811","大阪府泉北郡忠岡町忠岡北一丁目1-2","","","","","","","","","","","","","","","6120001004073","","","",""
"野々村織物株式会社","5703253129556","","","","","","","602-8482","京都府京都市上京区大黒町711","","","","","","","","","","","","","","","9130001003591","","","",""
"野橋株式会社","3285282136793","","","","","","","604-0021","京都府京都市中京区蛸薬師町276-1","","","","","","","","","","","","","","","4130001022101","","","",""
"野村株式会社","2204708084017","","","","","","","240-0033","神奈川県横浜市保土ケ谷区境木本町9-16","","","","","","","","","","","","","","","7020001031317","","","",""
"野村株式会社","9913435905999","","","","","","","444-0011","愛知県岡崎市欠町金谷28","","","","","","","","","","","","","","","2180301001710","","","",""
"野村織物有限会社","2316381209156","","","","","","","834-0115","福岡県八女郡広川町大字新代1745-1","","","","","","","","","","","","","","","7290002046923","","","",""
"野村毛織工業株式会社","9090130366564","","","","","","","490-1304","愛知県稲沢市平和町法立526","","","","","","","","","","","","","","","1180001085823","","","",""
"野村商事株式会社","3275581374978","","","","","","","910-0021","福井県福井市乾徳一丁目7-19","","","","","","","","","","","","","","","8210001002470","","","",""
"株式会社ノムラテーラー","5224325660441","","","","","","","600-8004","京都府京都市下京区奈良物町362","","","","","","","","","","","","","","","8130001018442","","","",""
"株式会社ノームラトレーディング","9086459743480","","","","","","","491-0858","愛知県一宮市栄二丁目14-10","","","","","","","","","","","","","","","5180001085340","","","",""
"有限会社ノリッシュ","4021663456424","","","","","","","601-8448","京都府京都市南区西九条豊田町19","","","","","","","","","","","","","","","8130002004128","","","",""
"株式会社ハイスリー三甲","9003572953554","","","","","","","500-8262","岐阜県岐阜市茜部本郷二丁目80-3","","","","","","","","","","","","","","","3200001004159","","","",""
"ハイセンヰ株式会社","6192843003703","","","","","","","101-0025","東京都千代田区神田佐久間町四丁目3-1","","","","","","","","","","","","","","","8010001026424","","","",""
"株式会社ハイ・ハイ・エール","5456485246934","","","","","","","540-0028","大阪府大阪市中央区常盤町二丁目2-26","","","","","","","","","","","","","","","8120001099087","","","",""
"株式会社拝村屋","3362756136852","","","","","","","770-0024","徳島県徳島市佐古四番町2-17","","","","","","","","","","","","","","","5480001001845","","","",""
"株式会社ハイメン","7193935734115","","","","","","","794-0065","愛媛県今治市別名88-4","","","","","","","","","","","","","","","7500001011609","","","",""
"ハイランド株式会社","9045017702786","","","","","","","101-0062","東京都千代田区神田駿河台三丁目4 龍名館本店ビル6F","","","","","","","","","","","","","","","3060001012259","","","",""
"株式会社萩本辰蔵商店","8529353741920","","","","","","","537-0014","大阪府大阪市東成区大今里西一丁目6-4","","","","","","","","","","","","","","","1120001013319","","","",""
"株式会社萩原材木店","8974993773756","","","","","","","857-1165","長崎県佐世保市大和町1-1","","","","","","","","","","","","","","","5310001005895","","","",""
"株式会社白寿苑","8471389210911","","","","","","","606-0842","京都府京都市左京区下鴨北芝町2-6","","","","","","","","","","","","","","","2130001007046","","","",""
"株式会社帛撰","5398047623350","","","","","","","603-8158","京都府京都市北区紫野宮西町23-10","","","","","","","","","","","","","","","8130001005291","","","",""
"株式会社白都商店","8772295489210","","","","","","","430-0919","静岡県浜松市中央区野口町255","","","","","","","","","","","","","","","8080401004270","","","",""
"株式会社白龍","6243559008192","","","","","","","923-1245","石川県能美市辰口町107","","","","","","","","","","","","","","","4220001012910","","","",""
"株式会社白綾苑大庭","8641102402348","","","","","","","602-8495","京都府京都市上京区新猪熊町393","","","","","","","","","","","","","","","2130001003607","","","",""
"株式会社白和","6071766830810","","","","","","","794-0803","愛媛県今治市北鳥生町二丁目2-7","","","","","","","","","","","","","","","2500001012149","","","",""
"羽衣綿業株式会社","4919152859248","","","","","","","599-8266","大阪府堺市中区毛穴町44-3","","","","","","","","","","","","","","","8120001087050","","","",""
"橋浦産業株式会社","5023356438911","","","","","","","923-0801","石川県小松市園町イ250","","","","","","","","","","","","","","","7220001012305","","","",""
"橋詰センイ株式会社","1498701704657","","","","","","","916-0046","福井県鯖江市横江町一丁目2-5","","","","","","","","","","","","","","","7210001013163","","","",""
"橋本株式会社","6668034904365","","","","","","","460-0002","愛知県名古屋市中区丸の内二丁目6-26","","","","","","","","","","","","","","","6180001039808","","","",""
"橋本株式会社","3059809079283","","","","","","","711-0906","岡山県倉敷市児島下の町一丁目10-28","","","","","","","","","","","","","","","4260001014449","","","",""
"橋本織物有限会社","9234711882300","","","","","","","629-3101","京都府京丹後市網野町網野1525-3","","","","","","","","","","","","","","","7130002033813","","","",""
"株式会社橋本清織物","2411848525914","","","","","","","603-8473","京都府京都市北区大宮南山ノ前町11-3","","","","","","","","","","","","","","","2130001005297","","","",""
"橋本産業株式会社","3247556869338","","","","","","","701-3202","岡山県備前市日生町寒河380-46","","","","","","","","","","","","","","","7260001021657","","","",""
"橋本産業株式会社","8769608914276","","","","","","","581-0029","大阪府八尾市東弓削二丁目81","","","","","","","","","","","","","","","4120001087203","","","",""
"橋本繊維株式会社","9034488238703","","","","","","","616-0000","京都府京都市右京区西院平町25 ライフプラザ西大路四条3011号室","","","","","","","","","","","","","","","7130001022131","","","",""
"橋本染芸株式会社","4210509375274","","","","","","","610-1151","京都府京都市西京区大枝西長町2-105","","","","","","","","","","","","","","","7130001008568","","","",""
"𣘺本忠商事株式会社","6503920341888","","","","","","","116-0014","東京都荒川区東日暮里二丁目32-8","","","","","","","","","","","","","","","8011501008291","","","",""
"有限会社橋本藤商店","3247293737524","","","","","","","910-0015","福井県福井市二の宮二丁目28-32","","","","","","","","","","","","","","","9210002002824","","","",""
"有限会社はじめ商事","5107696165139","","","","","","","894-0062","鹿児島県奄美市名瀬有屋町30-1","","","","","","","","","","","","","","","9340002021191","","","",""
"株式会社ハスク","4385893029241","","","","","","","604-8221","京都府京都市中京区天神山町280","","","","","","","","","","","","","","","3130001007053","","","",""
"株式会社長谷","1669678539041","","","","","","","441-8156","愛知県豊橋市高師町西沢130","","","","","","","","","","","","","","","5180301006129","","","",""
"株式会社長谷川","7193947423951","","","","","","","602-8452","京都府京都市上京区元中之町515","","","","","","","","","","","","","","","8130001045437","","","",""
"長谷川株式会社","7902786339220","","","","","","","539-0000","大阪府大阪市中央区玉造一丁目21-9","","","","","","","","","","","","","","","9120001087181","","","",""
"株式会社長谷川織物工場","1796505651863","","","","","","","192-0063","東京都八王子市元横山町二丁目10-16","","","","","","","","","","","","","","","3010101003179","","","",""
"株式会社長谷川商店","7495869208258","","","","","","","491-0104","愛知県一宮市浅井町小日比野大萩1012","","","","","","","","","","","","","","","1180001083513","","","",""
"株式会社長谷川つづれ","7810414141837","","","","","","","603-8488","京都府京都市北区大北山長谷町5-13","","","","","","","","","","","","","","","7130001029366","","","",""
"株式会社長谷商店","5529539521175","","","","","","","653-0841","兵庫県神戸市長田区松野通三丁目7-21","","","","","","","","","","","","","","","6140001016653","","","",""
"株式会社ハセック","5860594390775","","","","","","","940-0112","新潟県長岡市二日町2791","","","","","","","","","","","","","","","5110001024437","","","",""
"株式会社長谷紋","3734840421729","","","","","","","603-8444","京都府京都市北区大宮西野山町28-19","","","","","","","","","","","","","","","5130001005303","","","",""
"株式会社羽田","2364464946016","","","","","","","923-1242","石川県能美市火釜町123","","","","","","","","","","","","","","","2220001012912","","","",""
"畑岡株式会社","3806047091774","","","","","","","910-0005","福井県福井市大手三丁目6-7","","","","","","","","","","","","","","","5210001002696","","","",""
"畠田織物株式会社","8101147288712","","","","","","","927-1464","石川県珠洲市三崎町細屋17 部48番地","","","","","","","","","","","","","","","5220001016951","","","",""
"有限会社ハタナカ","1258572857550","","","","","","","916-0005","福井県鯖江市杉本町16-13-3","","","","","","","","","","","","","","","9210002013268","","","",""
"畠山株式会社","5264383764514","","","","","","","990-0884","山形県山形市大字鮨洗仲田861","","","","","","","","","","","","","","","4390001002473","","","",""
"八幡工業株式会社","9106242692269","","","","","","","483-8303","愛知県江南市宮田神明町旭100","","","","","","","","","","","","","","","6180001087716","","","",""
"株式会社八光装幀社","7352069225005","","","","","","","101-0064","東京都千代田区神田猿楽町二丁目7-1","","","","","","","","","","","","","","","3010001026370","","","",""
"有限会社八田商会","6119043225831","","","","","","","910-2165","福井県福井市東郷二ケ町28-12","","","","","","","","","","","","","","","6210002002835","","","",""
"服部株式会社","9961915221090","","","","","","","460-0008","愛知県名古屋市中区栄二丁目14-12","","","","","","","","","","","","","","","1180001039853","","","",""
"服部織物株式会社","1395688846496","","","","","","","602-0000","京都府京都市上京区六軒町通一条上ﾙ","","","","","","","","","","","","","","","8130001003626","","","",""
"服部繊維機械有限会社","1711134300656","","","","","","","677-0039","兵庫県西脇市上比延町1367-11","","","","","","","","","","","","","","","4140002062079","","","",""
"服部猛株式会社","1177159213861","","","","","","","460-0003","愛知県名古屋市中区錦二丁目16-8","","","","","","","","","","","","","","","5180001039866","","","",""
"服部文株式会社","4243323191818","","","","","","","541-0058","大阪府大阪市中央区南久宝寺町二丁目1-6","","","","","","","","","","","","","","","7120001087290","","","",""
"服部與株式会社","1775540756793","","","","","","","460-0003","愛知県名古屋市中区錦一丁目10-27 カネヨビル8階","","","","","","","","","","","","","","","1180001050273","","","",""
"八宝商事株式会社","5768885478385","","","","","","","541-0053","大阪府大阪市中央区本町三丁目3-15","","","","","","","","","","","","","","","4120001087252","","","",""
"株式会社ハード","8820090044978","","","","","","","812-0025","福岡県福岡市博多区店屋町3-37","","","","","","","","","","","","","","","4290001038503","","","",""
"花井商事株式会社","7517730161424","","","","","","","432-8055","静岡県浜松市中央区卸本町90","","","","","","","","","","","","","","","8080401004320","","","",""
"花一帯株式会社","7592473881499","","","","","","","910-0246","福井県坂井市丸岡町西瓜屋4-8","","","","","","","","","","","","","","","5210001007621","","","",""
"花井利株式会社","7066407999196","","","","","","","491-0005","愛知県一宮市西大海道戌亥64-1","","","","","","","","","","","","","","","1180001083538","","","",""
"花崎リボン株式会社","6747717363272","","","","","","","720-2127","広島県福山市神辺町箱田120 121番地","","","","","","","","","","","","","","","9240001029510","","","",""
"株式会社華澤","2750530625738","","","","","","","332-0031","埼玉県川口市青木二丁目6-8 903号","","","","","","","","","","","","","","","8010401109860","","","",""
"有限会社華松苑","4786233673014","","","","","","","990-0057","山形県山形市宮町四丁目1-20","","","","","","","","","","","","","","","7390002016338","","","",""
"羽生綿業株式会社","8095827306049","","","","","","","348-0045","埼玉県羽生市大字下岩瀬698","","","","","","","","","","","","","","","7030001032909","","","",""
"有限会社羽田新","6179161644733","","","","","","","403-0001","山梨県富士吉田市上暮地二丁目8-16","","","","","","","","","","","","","","","5090002012377","","","",""
"有限会社羽田忠織物","4946786184100","","","","","","","403-0001","山梨県富士吉田市上暮地三丁目7-26","","","","","","","","","","","","","","","6090002012384","","","",""
"株式会社ハブ","6831486269733","","","","","","","410-0001","静岡県沼津市足高337-1","","","","","","","","","","","","","","","1080101007976","","","",""
"有限会社ハーベスト","9714980219952","","","","","","","360-0842","埼玉県熊谷市新堀新田542-14","","","","","","","","","","","","","","","3030002118933","","","",""
"浜松中央織物株式会社","3785341407616","","","","","","","669-1545","兵庫県三田市狭間が丘五丁目13-1","","","","","","","","","","","","","","","4120001046588","","","",""
"浜松テープ株式会社","4832267550042","","","","","","","430-0943","静岡県浜松市中央区北田町139-25","","","","","","","","","","","","","","","7080401004131","","","",""
"ハヤカワ株式会社","7547995308060","","","","","","","445-0816","愛知県西尾市宮町16-4","","","","","","","","","","","","","","","9180301023376","","","",""
"早川織物株式会社","7370956346071","","","","","","","327-0314","栃木県佐野市新吉水町326","","","","","","","","","","","","","","","2060001020816","","","",""
"株式会社早川疊工業所","9623458738473","","","","","","","949-4511","新潟県長岡市小島谷3466-7","","","","","","","","","","","","","","","9110001023880","","","",""
"株式会社ハヤシ","3792457096598","","","","","","","923-0844","石川県小松市三谷町イ151","","","","","","","","","","","","","","","6220001012322","","","",""
"林織物有限会社","6462972403315","","","","","","","496-8046","愛知県愛西市赤目町下堤畦107","","","","","","","","","","","","","","","8180002090691","","","",""
"林織物株式会社","8955072588670","","","","","","","949-6680","新潟県南魚沼市六日町25-6","","","","","","","","","","","","","","","7110001026472","","","",""
"合資会社林幸染工所","1765044900310","","","","","","","948-0013","新潟県十日町市川原町842-1","","","","","","","","","","","","","","","4110003001617","","","",""
"株式会社林成宜商店","6323498857424","","","","","","","444-0012","愛知県岡崎市栄町四丁目85","","","","","","","","","","","","","","","7180301001796","","","",""
"有限会社林倖吉商店","2990976791068","","","","","","","602-8481","京都府京都市上京区聖天町12-1","","","","","","","","","","","","","","","9130002020850","","","",""
"林民株式会社","3570664355749","","","","","","","918-8007","福井県福井市足羽二丁目10-8","","","","","","","","","","","","","","","3210001002847","","","",""
"株式会社林田","7655049819801","","","","","","","910-0227","福井県坂井市丸岡町荒町25-1","","","","","","","","","","","","","","","3210001007623","","","",""
"株式会社林テキスタイル","6243868300763","","","","","","","491-0903","愛知県一宮市八幡四丁目3-13","","","","","","","","","","","","","","","5180001083443","","","",""
"株式会社林藤","9788836809973","","","","","","","604-8174","京都府京都市中京区役行者町367","","","","","","","","","","","","","","","3130001022184","","","",""
"株式会社林与","3061134136457","","","","","","","529-1325","滋賀県愛知郡愛荘町東円堂1770","","","","","","","","","","","","","","","6160001008616","","","",""
"株式会社速水","2363463713301","","","","","","","370-0006","群馬県高崎市問屋町一丁目6-5","","","","","","","","","","","","","","","4070001008098","","","",""
"原ウール株式会社","8125279849625","","","","","","","450-0002","愛知県名古屋市中村区名駅五丁目16-17 花車ビル南館705号","","","","","","","","","","","","","","","7180001032316","","","",""
"株式会社原商店","7382070445489","","","","","","","541-0055","大阪府大阪市中央区船場中央三丁目2-8 B182号","","","","","","","","","","","","","","","1120001142241","","","",""
"原織布株式会社","1279104779315","","","","","","","596-0816","大阪府岸和田市尾生町2626","","","","","","","","","","","","","","","5120101037420","","","",""
"株式会社はらだ","5906023014169","","","","","","","104-0061","東京都中央区銀座三丁目9-4 第一文成ビル3階","","","","","","","","","","","","","","","5010001054774","","","",""
"原田株式会社","3684647405520","","","","","","","491-0858","愛知県一宮市栄二丁目13-7","","","","","","","","","","","","","","","3180001083453","","","",""
"株式会社原田幸商会","6515741806318","","","","","","","918-8111","福井県福井市馬垣町下馬境718","","","","","","","","","","","","","","","9210001002874","","","",""
"株式会社はらっぱ","8188662740237","","","","","","","965-0852","福島県会津若松市日吉町4-25","","","","","","","","","","","","","","","3380001025303","","","",""
"原貿易株式会社","9542295150817","","","","","","","221-0841","神奈川県横浜市神奈川区松本町四丁目33-1","","","","","","","","","","","","","","","2020001028441","","","",""
"はりまや商事株式会社","9801124884763","","","","","","","130-0023","東京都墨田区立川三丁目7-11","","","","","","","","","","","","","","","9010001054787","","","",""
"株式会社ハリーロード","9332420428977","","","","","","","162-0067","東京都新宿区富久町8-27 ニューライフ新宿東101","","","","","","","","","","","","","","","3011101026616","","","",""
"有限会社ハルアキ商店","9290891617621","","","","","","","403-0009","山梨県富士吉田市富士見一丁目5-3","","","","","","","","","","","","","","","4090002012378","","","",""
"晴海産業株式会社","5461193344367","","","","","","","399-4511","長野県上伊那郡南箕輪村885-1","","","","","","","","","","","","","","","2100001020852","","","",""
"ハレルヤ株式会社","8410898540773","","","","","","","553-0006","大阪府大阪市福島区吉野五丁目5-28","","","","","","","","","","","","","","","9120001036139","","","",""
"半田紡績株式会社","5476167897451","","","","","","","596-0103","大阪府岸和田市稲葉町1350","","","","","","","","","","","","","","","3120101037488","","","",""
"阪南織物株式会社","4408763222008","","","","","","","595-0035","大阪府泉大津市式内町10-4","","","","","","","","","","","","","","","5120101032388","","","",""
"株式会社ハンプオオタニ","3047480563845","","","","","","","578-0965","大阪府東大阪市本庄西一丁目10-25","","","","","","","","","","","","","","","2122001006301","","","",""
"バイリーンクリエイト株式会社","7633674915404","","","","","","","104-0045","東京都中央区築地五丁目6-4","","","","","","","","","","","","","","","5010001026476","","","",""
"有限会社バイロンテック","9719621287811","","","","","","","462-0026","愛知県名古屋市北区萩野通一丁目35-3","","","","","","","","","","","","","","","8180002061156","","","",""
"株式会社バーテックス","2417693384153","","","","","","","565-0863","大阪府吹田市竹見台二丁目1","","","","","","","","","","","","","","","8120001087240","","","",""
"馬場幸株式会社","3158171510051","","","","","","","359-0004","埼玉県所沢市北原町866-15","","","","","","","","","","","","","","","4030001024850","","","",""
"株式会社バリエ","4758093512676","","","","","","","112-0012","東京都文京区大塚六丁目11-3","","","","","","","","","","","","","","","1010401034256","","","",""
"バリュテック・インターナショナル株式会社","6227629721342","","","","","","","105-0004","東京都港区新橋四丁目27-2 新正堂本店ビル2階","","","","","","","","","","","","","","","6010401080683","","","",""
"株式会社バレル","1721678814165","","","","","","","424-0037","静岡県静岡市清水区袖師町897-1","","","","","","","","","","","","","","","8080102017183","","","",""
"バロン株式会社","2416624357133","","","","","","","210-0869","神奈川県川崎市川崎区東扇島24 日本食肉流通センター内1階","","","","","","","","","","","","","","","9020001076310","","","",""
"株式会社播","1086336052855","","","","","","","677-0017","兵庫県西脇市小坂町41","","","","","","","","","","","","","","","9140001075804","","","",""
"協同組合播州織総合準備センター","1314037198114","","","","","","","677-0033","兵庫県西脇市鹿野町162","","","","","","","","","","","","","","","5140005017236","","","",""
"株式会社伴商店","3924000111350","","","","","","","606-8031","京都府京都市左京区修学院西沮沢町13-24","","","","","","","","","","","","","","","9130001007097","","","",""
"株式会社伴戸商店","2486852903171","","","","","","","602-8216","京都府京都市上京区竪門前町404","","","","","","","","","","","","","","","5130001003645","","","",""
"株式会社伴野商店","5938365144377","","","","","","","541-0054","大阪府大阪市中央区南本町一丁目3-22","","","","","","","","","","","","","","","3120001087591","","","",""
"株式会社ばんりゅう","4058713871308","","","","","","","430-0928","静岡県浜松市中央区板屋町633","","","","","","","","","","","","","","","8080401004477","","","",""
"株式会社パゴダ","5984016801536","","","","","","","616-8101","京都府京都市右京区太秦和泉式部町20","","","","","","","","","","","","","","","5130001001632","","","",""
"株式会社パザパ","4762079351050","","","","","","","615-8261","京都府京都市西京区山田庄田町1-2","","","","","","","","","","","","","","","9130001026931","","","",""
"有限会社パシフイック・テキスタイル","7457996665018","","","","","","","376-0001","群馬県桐生市菱町四丁目2364-15","","","","","","","","","","","","","","","6070002024431","","","",""
"株式会社パリカ","6104329391994","","","","","","","451-0031","愛知県名古屋市西区城西三丁目10-13","","","","","","","","","","","","","","","9180001026803","","","",""
"パルコ株式会社","7075538847715","","","","","","","606-0844","京都府京都市左京区下鴨北茶ノ木町19-1","","","","","","","","","","","","","","","4130001007093","","","",""
"パルス電子株式会社","7050952164425","","","","","","","101-0021","東京都千代田区外神田六丁目16-9 ICOPビル1F","","","","","","","","","","","","","","","9010001026662","","","",""
"株式会社パレットインターナショナル","1168152972996","","","","","","","810-0004","福岡県福岡市中央区渡辺通一丁目1-2 サンローゼ博多2F","","","","","","","","","","","","","","","8290001013394","","","",""
"株式会社パンドラ","1107964770418","","","","","","","494-0001","愛知県一宮市開明北葭野4","","","","","","","","","","","","","","","4180001084368","","","",""
"光織物有限会社","9854484301433","","","","","","","403-0016","山梨県富士吉田市松山一丁目4-13","","","","","","","","","","","","","","","1090002012414","","","",""
"ひかり商事株式会社","3396486877100","","","","","","","910-0854","福井県福井市御幸四丁目21-10","","","","","","","","","","","","","","","3210001002764","","","",""
"光繊維株式会社","8799396894064","","","","","","","491-0913","愛知県一宮市中町一丁目9-21","","","","","","","","","","","","","","","1180001083406","","","",""
"東蔵通商株式会社","1306023827979","","","","","","","231-0002","神奈川県横浜市中区海岸通三丁目9 横浜ビル6階","","","","","","","","","","","","","","","1020001040827","","","",""
"東清水織物株式会社","2677787401787","","","","","","","910-1111","福井県吉田郡永平寺町松岡志比堺9-61","","","","","","","","","","","","","","","3210001002756","","","",""
"株式会社東商店","5689771003962","","","","","","","541-0059","大阪府大阪市中央区博労町二丁目3-16","","","","","","","","","","","","","","","3120001087708","","","",""
"東山織物株式会社","1848515274748","","","","","","","649-7112","和歌山県伊都郡かつらぎ町大字中飯降1801","","","","","","","","","","","","","","","4170001011059","","","",""
"東山フエルト株式会社","5768142366543","","","","","","","029-0301","岩手県一関市東山町田河津野土88-1","","","","","","","","","","","","","","","1400501000382","","","",""
"曳馬株式会社","7823814803302","","","","","","","430-0901","静岡県浜松市中央区曳馬四丁目20-10","","","","","","","","","","","","","","","1080401004509","","","",""
"株式会社樋口金十郎商店","3610438733175","","","","","","","815-0004","福岡県福岡市南区高木一丁目12-34","","","","","","","","","","","","","","","7290001015929","","","",""
"久島織物株式会社","7042288289046","","","","","","","916-0022","福井県鯖江市水落町一丁目13-18","","","","","","","","","","","","","","","9210001012816","","","",""
"菱栄商事株式会社","9353595168462","","","","","","","541-0052","大阪府大阪市中央区安土町三丁目4-5","","","","","","","","","","","","","","","4120001109493","","","",""
"株式会社菱健","8950984651561","","","","","","","602-0818","京都府京都市上京区北横町352-3","","","","","","","","","","","","","","","9130001022419","","","",""
"菱コマ株式会社","3732979849437","","","","","","","540-0025","大阪府大阪市中央区徳井町一丁目3-9","","","","","","","","","","","","","","","2120001087782","","","",""
"菱友商事株式会社","8697217713892","","","","","","","720-0825","広島県福山市沖野上町四丁目3-28","","","","","","","","","","","","","","","3240001031760","","","",""
"菱屋有限会社","9674200560809","","","","","","","578-0924","大阪府東大阪市吉田三丁目3-46","","","","","","","","","","","","","","","7122002005941","","","",""
"有限会社菱分織物","4925705045611","","","","","","","925-0621","石川県羽咋市菱分町イ12","","","","","","","","","","","","","","","5220002015234","","","",""
"ひだち織物株式会社","9681488598102","","","","","","","562-0036","大阪府箕面市船場西一丁目14-1","","","","","","","","","","","","","","","6120901020871","","","",""
"株式会社ヒットマテリアル","9547291632277","","","","","","","103-0023","東京都中央区日本橋本町一丁目7-8 東新ビル2F","","","","","","","","","","","","","","","2010001101380","","","",""
"ヒデックジャパン株式会社","8747691141291","","","","","","","373-0801","群馬県太田市台之郷町577-3","","","","","","","","","","","","","","","3070001022777","","","",""
"有限会社ひでや工房","1474320447323","","","","","","","600-8435","京都府京都市下京区中野之町168-2","","","","","","","","","","","","","","","1130002007731","","","",""
"日ノ出産業株式会社","4411145922336","","","","","","","103-0004","東京都中央区東日本橋二丁目18-6","","","","","","","","","","","","","","","1012401003298","","","",""
"日の出紡織株式会社","4101011035080","","","","","","","493-0004","愛知県一宮市木曽川町玉ノ井新屋敷一ノ切16","","","","","","","","","","","","","","","1180001084602","","","",""
"日比清株式会社","6793313630792","","","","","","","491-0201","愛知県一宮市奥町甚四前65","","","","","","","","","","","","","","","5180001083435","","","",""
"株式会社ヒビゼン","9850454807003","","","","","","","491-0105","愛知県一宮市浅井町大日比野2099-1","","","","","","","","","","","","","","","6180001083434","","","",""
"日比野織物株式会社","3096598493213","","","","","","","602-0085","京都府京都市上京区若宮竪町86-1","","","","","","","","","","","","","","","1130001003673","","","",""
"姫井工業株式会社","4676743614313","","","","","","","719-1156","岡山県総社市門田404","","","","","","","","","","","","","","","7260001015997","","","",""
"株式会社紐屋","5314728275355","","","","","","","925-0000","石川県羽咋市滝町イ94-1","","","","","","","","","","","","","","","1220001016113","","","",""
"百善株式会社","9270764156832","","","","","","","541-0057","大阪府大阪市中央区北久宝寺町一丁目9-1","","","","","","","","","","","","","","","1120001087973","","","",""
"有限会社ひよこ","4118223987455","","","","","","","220-0046","神奈川県横浜市西区西戸部町三丁目260-4","","","","","","","","","","","","","","","5020002017333","","","",""
"ヒライ織物株式会社","1324022254162","","","","","","","130-0021","東京都墨田区緑四丁目17-1","","","","","","","","","","","","","","","4010601014278","","","",""
"有限会社平岡商事","9812903572702","","","","","","","769-2702","香川県東かがわ市松原1130-20","","","","","","","","","","","","","","","3470002018734","","","",""
"株式会社平岡商店","8934735962277","","","","","","","930-0063","富山県富山市太田口通り二丁目1-10-1","","","","","","","","","","","","","","","8230001002618","","","",""
"平賀撚網株式会社","9191335234575","","","","","","","510-8105","三重県三重郡朝日町向陽台二丁目5-10","","","","","","","","","","","","","","","6190001016013","","","",""
"有限会社ヒラク","2566151165843","","","","","","","595-0024","大阪府泉大津市池浦町一丁目5-29","","","","","","","","","","","","","","","9120102026732","","","",""
"平田絹織物株式会社","1132789034179","","","","","","","894-0027","鹿児島県奄美市名瀬末広町6-13","","","","","","","","","","","","","","","5340001010711","","","",""
"有限会社平田テキスタイル","5360740842499","","","","","","","541-0048","大阪府大阪市中央区瓦町四丁目4-3 日宝本町西ビル4F2","","","","","","","","","","","","","","","8120002053035","","","",""
"株式会社平塚","9643639019423","","","","","","","616-8246","京都府京都市右京区鳴滝川西町16-9","","","","","","","","","","","","","","","6130001001730","","","",""
"平山繊維株式会社","4799922821856","","","","","","","590-0813","大阪府堺市堺区神石市之町16-24","","","","","","","","","","","","","","","3120101006451","","","",""
"有限会社ヒロ","6661750524117","","","","","","","534-0016","大阪府大阪市都島区友渕町二丁目8-7 902号","","","","","","","","","","","","","","","1120002004713","","","",""
"廣岡株式会社","9090823997932","","","","","","","602-8132","京都府京都市上京区講堂町234","","","","","","","","","","","","","","","7130001003692","","","",""
"ヒロキ商事有限会社","7420679398101","","","","","","","114-0003","東京都北区豊島一丁目30-7 102号","","","","","","","","","","","","","","","9011502015220","","","",""
"株式会社広島ヤマニシ","9277183893624","","","","","","","729-0112","広島県福山市神村町3471","","","","","","","","","","","","","","","5240001033037","","","",""
"有限会社ひろすけ織物","9455136971582","","","","","","","520-1511","滋賀県高島市新旭町藁園1540","","","","","","","","","","","","","","","9011202007996","","","",""
"有限会社ひろせ","6909884201992","","","","","","","602-0952","京都府京都市上京区頭町484","","","","","","","","","","","","","","","6130002002843","","","",""
"有限会社廣瀬","1713732162739","","","","","","","912-0016","福井県大野市友江25-19","","","","","","","","","","","","","","","1210002009604","","","",""
"株式会社廣瀬商会","6366037512335","","","","","","","103-0027","東京都中央区日本橋三丁目1-17","","","","","","","","","","","","","","","1010001054927","","","",""
"廣瀬織布株式会社","9848881940832","","","","","","","501-6112","岐阜県岐阜市柳津町北塚二丁目65","","","","","","","","","","","","","","","8200001008064","","","",""
"廣瀬製紙株式会社","4257349401754","","","","","","","781-1103","高知県土佐市高岡町丙529 イ","","","","","","","","","","","","","","","6490001005464","","","",""
"廣瀬又一株式会社","4011182467956","","","","","","","101-0047","東京都千代田区内神田二丁目11-6","","","","","","","","","","","","","","","6010001027151","","","",""
"広田紬株式会社","5863886628216","","","","","","","600-0000","京都府京都市下京区東洞院通仏光寺上ﾙ301","","","","","","","","","","","","","","","9130001018581","","","",""
"広中織物合資会社","8747074273484","","","","","","","443-0021","愛知県蒲郡市三谷町東三丁目37","","","","","","","","","","","","","","","9180303001834","","","",""
"広撚株式会社","5290603707756","","","","","","","918-8003","福井県福井市毛矢一丁目2-7","","","","","","","","","","","","","","","7210001003008","","","",""
"株式会社廣野商店","9746906708422","","","","","","","869-4704","熊本県八代市千丁町古閑出2226","","","","","","","","","","","","","","","4330001013906","","","",""
"廣信織物有限会社","3963426945460","","","","","","","602-0000","京都府京都市上京区畠中町44","","","","","","","","","","","","","","","2130002002327","","","",""
"廣部商事株式会社","6832025357096","","","","","","","604-0024","京都府京都市中京区下妙覚寺町194","","","","","","","","","","","","","","","2130001022284","","","",""
"有限会社ヒロヤ","6565342040790","","","","","","","121-0813","東京都足立区竹の塚四丁目12-9","","","","","","","","","","","","","","","7011802017728","","","",""
"株式会社廣屋羅紗店","2056592841255","","","","","","","670-0935","兵庫県姫路市北条口二丁目23","","","","","","","","","","","","","","","6140001061261","","","",""
"株式会社ビアン","1254727812614","","","","","","","151-0051","東京都渋谷区千駄ケ谷三丁目25-7 大谷ビル3階","","","","","","","","","","","","","","","3180001039959","","","",""
"有限会社ビィジィアールセンター","6028419782737","","","","","","","629-2532","京都府京丹後市大宮町谷内1524-4","","","","","","","","","","","","","","","8130002033721","","","",""
"株式会社ＢＮＳ商事","6197899503886","","","","","","","105-0004","東京都港区新橋三丁目3-14","","","","","","","","","","","","","","","1010401087477","","","",""
"株式会社ビー・コーポレーション","4060185183860","","","","","","","101-0032","東京都千代田区岩本町三丁目8-10 3F","","","","","","","","","","","","","","","8010001027257","","","",""
"株式会社美昇","4156399256088","","","","","","","562-0001","大阪府箕面市箕面五丁目14-54","","","","","","","","","","","","","","","1120901020876","","","",""
"ビーズファクトリー株式会社","1536049806237","","","","","","","720-0063","広島県福山市元町15-13","","","","","","","","","","","","","","","2240001034624","","","",""
"有限会社ビタミンローズ","1874907805699","","","","","","","607-8160","京都府京都市山科区椥辻東浦町7-5 山本ビル4F","","","","","","","","","","","","","","","4130002021597","","","",""
"株式会社ビッグマン","6713068573821","","","","","","","501-0521","岐阜県揖斐郡大野町大字黒野457-9","","","","","","","","","","","","","","","5200001016185","","","",""
"株式会社ビートゥーシー・ワークス","4171791833509","","","","","","","150-0046","東京都渋谷区松濤一丁目28-6 野口ビル4F","","","","","","","","","","","","","","","3011001039750","","","",""
"株式会社ビバ・ゴール","1028420173212","","","","","","","151-0051","東京都渋谷区千駄ケ谷二丁目39-3","","","","","","","","","","","","","","","3011001035337","","","",""
"有限会社美鳳樹","5396801044277","","","","","","","272-0834","千葉県市川市国分二丁目4-14","","","","","","","","","","","","","","","2040002036045","","","",""
"株式会社ビューティー・メディカル・サプライ","4035254373156","","","","","","","736-0083","広島県広島市安芸区矢野東六丁目11-28","","","","","","","","","","","","","","","1240001009899","","","",""
"株式会社ビューテックス","7281057634856","","","","","","","151-0053","東京都渋谷区代々木一丁目15-7","","","","","","","","","","","","","","","6011001032620","","","",""
"株式会社ビラベック","4851560722218","","","","","","","164-0001","東京都中野区中野六丁目22-10","","","","","","","","","","","","","","","1011201004630","","","",""
"有限会社ビンテック","9428478009420","","","","","","","416-0933","静岡県富士市中丸368-2","","","","","","","","","","","","","","","2080102014772","","","",""
"株式会社ピアチェーレ","5257038106598","","","","","","","501-6257","岐阜県羽島市福寿町平方六丁目22","","","","","","","","","","","","","","","2200001011437","","","",""
"株式会社ピーターパン","3467580752317","","","","","","","524-0022","滋賀県守山市守山六丁目1-44","","","","","","","","","","","","","","","3160001015680","","","",""
"株式会社ファイト","3101628128846","","","","","","","542-0082","大阪府大阪市中央区島之内一丁目7-21 Ruby-cellTOWER501室","","","","","","","","","","","","","","","5120001196408","","","",""
"フアイナル商事株式会社","3239389746770","","","","","","","521-1213","滋賀県東近江市神郷町825-2","","","","","","","","","","","","","","","5160001010201","","","",""
"有限会社ファイバーコーディネートサービス","3374604292676","","","","","","","108-0075","東京都港区港南四丁目1-6 2009号","","","","","","","","","","","","","","","5010402031785","","","",""
"株式会社ファイブワン","2713062567609","","","","","","","153-0051","東京都目黒区上目黒三丁目6-16","","","","","","","","","","","","","","","4011001054071","","","",""
"ファインケミカル販売株式会社","6639013057774","","","","","","","552-0014","大阪府大阪市港区八幡屋二丁目13-10","","","","","","","","","","","","","","","2140001002368","","","",""
"ファインテキスタイル株式会社","1195389765046","","","","","","","501-6330","岐阜県羽島市堀津町232","","","","","","","","","","","","","","","1200001011438","","","",""
"ファースト株式会社","1303459322539","","","","","","","151-0051","東京都渋谷区千駄ケ谷三丁目16-13 TMビル2F","","","","","","","","","","","","","","","8011001059298","","","",""
"ファーストトレーディング株式会社","3131904994325","","","","","","","550-0002","大阪府大阪市西区江戸堀一丁目9-1","","","","","","","","","","","","","","","2120001122416","","","",""
"株式会社フアッションナカイ","2504821516343","","","","","","","761-0113","香川県高松市屋島西町2453-33","","","","","","","","","","","","","","","7470001003535","","","",""
"有限会社ファナビス","9896777479024","","","","","","","444-0009","愛知県岡崎市小呂町三乃己田36-11","","","","","","","","","","","","","","","9180302003856","","","",""
"株式会社ファブリス","9968866586351","","","","","","","604-8163","京都府京都市中京区鯉山町506-1","","","","","","","","","","","","","","","8130001015506","","","",""
"株式会社フアブリックナガクラ","5606593816321","","","","","","","326-0833","栃木県足利市藤本町575","","","","","","","","","","","","","","","6060001019103","","","",""
"有限会社ファリエロサルティジャパン","4384648318441","","","","","","","150-0041","東京都渋谷区神南一丁目13-8 パーク・アヴェニュー神南401号室","","","","","","","","","","","","","","","5011002036497","","","",""
"ファンタジアローブ株式会社","5746426437441","","","","","","","190-0023","東京都立川市柴崎町四丁目1-3 ヒルズ柴崎302","","","","","","","","","","","","","","","5012801013991","","","",""
"有限会社フィアックアマル","8073822063639","","","","","","","274-0816","千葉県船橋市芝山四丁目24-3 棟1号","","","","","","","","","","","","","","","8010702010742","","","",""
"有限会社フィーユ","3040437500366","","","","","","","189-0025","東京都東村山市廻田町一丁目18-15","","","","","","","","","","","","","","","7012702003405","","","",""
"フェアトレードカンパニー株式会社","7874139056694","","","","","","","158-0083","東京都世田谷区奥沢五丁目1-16 3F","","","","","","","","","","","","","","","9010901020707","","","",""
"フェデラル・モーグルジャパン株式会社","4017766305638","","","","","","","240-0005","神奈川県横浜市保土ケ谷区神戸町134 横浜ビジネスパークウェストタワー11階","","","","","","","","","","","","","","","6020001032695","","","",""
"フェリック株式会社","5917473594511","","","","","","","101-0033","東京都千代田区神田岩本町2-1 豊島ビル10F","","","","","","","","","","","","","","","1010001085749","","","",""
"有限会社フォー・イング","1788291816391","","","","","","","851-2215","長崎県長崎市鳴見台二丁目34-10","","","","","","","","","","","","","","","9310002006435","","","",""
"株式会社フオーリン","6552423600900","","","","","","","491-0914","愛知県一宮市花池三丁目8-34","","","","","","","","","","","","","","","7180001083557","","","",""
"深喜毛織株式会社","3896294615543","","","","","","","595-0033","大阪府泉大津市板原町三丁目7-1","","","","","","","","","","","","","","","4120101042652","","","",""
"深繁毛織株式会社","7832236096526","","","","","","","595-0063","大阪府泉大津市本町4-8","","","","","","","","","","","","","","","2120101042654","","","",""
"深田株式会社","5771117843430","","","","","","","604-0846","京都府京都市中京区金吹町453-1","","","","","","","","","","","","","","","4130001022308","","","",""
"株式会社深田商店","3766443632626","","","","","","","602-8442","京都府京都市上京区薬師町243","","","","","","","","","","","","","","","9130001003699","","","",""
"株式会社深野羅紗店","9212819311083","","","","","","","101-0041","東京都千代田区神田須田町一丁目26-2 松浦ビル1階","","","","","","","","","","","","","","","6010001027837","","","",""
"深海産業有限会社","4771714372794","","","","","","","642-0024","和歌山県海南市阪井1391-4","","","","","","","","","","","","","","","7170002006583","","","",""
"株式会社深谷由松商店","4427351154188","","","","","","","444-0063","愛知県岡崎市元能見町39","","","","","","","","","","","","","","","4180301001832","","","",""
"株式会社布四季庵ヨネオリ","7917348311873","","","","","","","992-0039","山形県米沢市門東町一丁目1-5","","","","","","","","","","","","","","","9390001010091","","","",""
"株式会社ふくい","4042862568597","","","","","","","602-8231","京都府京都市上京区如水町82","","","","","","","","","","","","","","","8130001003700","","","",""
"福井黒川商事株式会社","2772481157976","","","","","","","918-8239","福井県福井市成和一丁目1005","","","","","","","","","","","","","","","2210001002906","","","",""
"株式会社福井修整","2533826737092","","","","","","","918-8056","福井県福井市若杉浜二丁目111","","","","","","","","","","","","","","","7210002003246","","","",""
"福井山下繊維株式会社","1739162172806","","","","","","","910-0019","福井県福井市春山一丁目8-5","","","","","","","","","","","","","","","6210001003099","","","",""
"福井山本株式会社","5327494370952","","","","","","","918-8239","福井県福井市成和一丁目2201","","","","","","","","","","","","","","","5210001003100","","","",""
"株式会社福音","7075733130426","","","","","","","910-0316","福井県坂井市丸岡町篠岡42-30","","","","","","","","","","","","","","","6210001007637","","","",""
"有限会社フクオカ機業","9738327749089","","","","","","","602-8471","京都府京都市上京区一色町35-7","","","","","","","","","","","","","","","3130002002862","","","",""
"福岡重布株式会社","6275134957177","","","","","","","812-0034","福岡県福岡市博多区下呉服町7-2","","","","","","","","","","","","","","","7290001016126","","","",""
"有限会社福岡繊維工業","9428196723992","","","","","","","920-2303","石川県白山市河内町福岡宿8","","","","","","","","","","","","","","","7220002000036","","","",""
"株式会社福織商会","2838960816192","","","","","","","910-0374","福井県坂井市丸岡町北横地一丁目20","","","","","","","","","","","","","","","8210001007643","","","",""
"有限会社福定織物","8404848715659","","","","","","","711-0904","岡山県倉敷市児島唐琴二丁目2-11","","","","","","","","","","","","","","","9260002020788","","","",""
"福島織物株式会社","4356922006937","","","","","","","916-0017","福井県鯖江市神明町四丁目5-10","","","","","","","","","","","","","","","8210001013204","","","",""
"福島糸業株式会社","6240673690074","","","","","","","960-8151","福島県福島市太平寺堰ノ上52-1","","","","","","","","","","","","","","","7380001003692","","","",""
"有限会社福島商店","5337411621664","","","","","","","933-0804","富山県高岡市問屋町231","","","","","","","","","","","","","","","2230002011870","","","",""
"福招有限会社","9686270259969","","","","","","","600-8364","京都府京都市下京区突抜一丁目346","","","","","","","","","","","","","","","7130002007783","","","",""
"福昌センイ株式会社","1047868517429","","","","","","","910-0804","福井県福井市高木中央一丁目2213","","","","","","","","","","","","","","","8210001003238","","","",""
"有限会社福信テキスタイル","4345220277729","","","","","","","910-1111","福井県吉田郡永平寺町松岡志比堺3-1","","","","","","","","","","","","","","","7210002003048","","","",""
"福寿株式会社","2645077394892","","","","","","","494-0014","愛知県一宮市上祖父江江北81","","","","","","","","","","","","","","","4180001086117","","","",""
"株式会社フクセン","2277543141352","","","","","","","910-0108","福井県福井市山室町70-1","","","","","","","","","","","","","","","2210001003367","","","",""
"株式会社フクセン","8845128673632","","","","","","","653-0031","兵庫県神戸市長田区西尻池町二丁目4-7","","","","","","","","","","","","","","","1140001016740","","","",""
"株式会社フクダ","8923603548548","","","","","","","711-0922","岡山県倉敷市児島元浜町129-1 ローズコート元浜102号室","","","","","","","","","","","","","","","8260001015699","","","",""
"有限会社福田織物","6097268949650","","","","","","","437-1423","静岡県掛川市浜川新田771","","","","","","","","","","","","","","","6080402018305","","","",""
"有限会社福田工業","3649234250906","","","","","","","925-0156","石川県羽咋郡志賀町矢蔵谷井1-5","","","","","","","","","","","","","","","1220002014900","","","",""
"福田商事株式会社","6311730741751","","","","","","","664-0020","兵庫県伊丹市寺本東一丁目5-1","","","","","","","","","","","","","","","9140001078856","","","",""
"福田真株式会社","8574288863419","","","","","","","605-0846","京都府京都市東山区五条橋東六丁目540-16","","","","","","","","","","","","","","","1130001022319","","","",""
"株式会社福田通商","5469092847940","","","","","","","603-8146","京都府京都市北区新御霊口町258","","","","","","","","","","","","","","","9130001005373","","","",""
"株式会社福徳レース","5221045237754","","","","","","","456-0033","愛知県名古屋市熱田区花表町6-1","","","","","","","","","","","","","","","8180001014973","","","",""
"福富株式会社","8679529966383","","","","","","","918-8016","福井県福井市江端町7-8","","","","","","","","","","","","","","","9210001003253","","","",""
"株式会社福富","4162027916255","","","","","","","920-0937","石川県金沢市丸の内5-22","","","","","","","","","","","","","","","2220001005619","","","",""
"有限会社福富繊維","3447288725415","","","","","","","910-0004","福井県福井市宝永四丁目10-14","","","","","","","","","","","","","","","3210002011896","","","",""
"福長織物株式会社","2556656226025","","","","","","","916-0034","福井県鯖江市下新庄町56-4","","","","","","","","","","","","","","","6210001013206","","","",""
"福原織物株式会社","7683573173021","","","","","","","596-0833","大阪府岸和田市神須屋町三丁目4-14","","","","","","","","","","","","","","","8120101037442","","","",""
"株式会社福原商店","6137141214987","","","","","","","103-0011","東京都中央区日本橋大伝馬町4-1","","","","","","","","","","","","","","","3010001055568","","","",""
"福広株式会社","8899849655679","","","","","","","910-0023","福井県福井市順化一丁目8-10","","","","","","","","","","","","","","","4210001003274","","","",""
"有限会社福光繊維工業","4468518211176","","","","","","","929-1215","石川県かほく市高松90 甲の1","","","","","","","","","","","","","","","9220002017078","","","",""
"株式会社福村嘉十郎商店","3995728491405","","","","","","","690-0064","島根県松江市天神町142","","","","","","","","","","","","","","","2280001000614","","","",""
"株式会社福洋","6771659281719","","","","","","","910-0006","福井県福井市中央一丁目8-24","","","","","","","","","","","","","","","3210001003127","","","",""
"福洋貿易株式会社","6692221362749","","","","","","","134-0088","東京都江戸川区西葛西七丁目23-11","","","","","","","","","","","","","","","7011701006930","","","",""
"福和商事株式会社","3693106324842","","","","","","","103-0004","東京都中央区東日本橋三丁目6-18 NFビル","","","","","","","","","","","","","","","3010001055576","","","",""
"有限会社ふごや","3252875335556","","","","","","","595-0012","大阪府泉大津市北豊中町二丁目13-8","","","","","","","","","","","","","","","8120102024407","","","",""
"冨士株式会社","9047830205700","","","","","","","531-0071","大阪府大阪市北区中津一丁目18-6 冨士アネックス602","","","","","","","","","","","","","","","3120001025171","","","",""
"藤井株式会社","2499808349617","","","","","","","918-8239","福井県福井市成和一丁目2410","","","","","","","","","","","","","","","8210001003139","","","",""
"株式会社藤井作","4916291466021","","","","","","","602-8449","京都府京都市上京区横大宮町193","","","","","","","","","","","","","","","1130001003707","","","",""
"藤井産業株式会社","2448731004796","","","","","","","857-0879","長崎県佐世保市島地町11-50","","","","","","","","","","","","","","","8310001005942","","","",""
"藤井絞株式会社","6450778428093","","","","","","","604-8212","京都府京都市中京区六角町365","","","","","","","","","","","","","","","4130001022332","","","",""
"藤井商事株式会社","3821557549936","","","","","","","101-0042","東京都千代田区神田東松下町49","","","","","","","","","","","","","","","7010001027786","","","",""
"株式会社フジイテキスタイル","7628178403421","","","","","","","918-8237","福井県福井市和田東一丁目1807","","","","","","","","","","","","","","","5210001009634","","","",""
"藤井福織布株式会社","9113325247574","","","","","","","677-0015","兵庫県西脇市西脇82","","","","","","","","","","","","","","","8140001075532","","","",""
"有限会社フジオ","4128796820563","","","","","","","379-2301","群馬県太田市藪塚町2770","","","","","","","","","","","","","","","1070002030748","","","",""
"藤掛株式会社","9982220307514","","","","","","","116-0014","東京都荒川区東日暮里六丁目44-5","","","","","","","","","","","","","","","7010501011653","","","",""
"株式会社藤木","8398628471884","","","","","","","602-0000","京都府京都市上京区下木下町153","","","","","","","","","","","","","","","3130001003713","","","",""
"株式会社藤木商店","3234832801923","","","","","","","598-0053","大阪府泉佐野市大宮町865-36","","","","","","","","","","","","","","","7120101040125","","","",""
"株式会社藤絹","5852066318434","","","","","","","891-0122","鹿児島県鹿児島市南栄一丁目3","","","","","","","","","","","","","","","6340001003722","","","",""
"株式会社富士コーポレーション","5974821145431","","","","","","","577-0035","大阪府東大阪市御厨中一丁目9-27","","","","","","","","","","","","","","","1122001006814","","","",""
"フジサキ株式会社","6216551979442","","","","","","","130-0021","東京都墨田区緑一丁目2-1","","","","","","","","","","","","","","","5010601021975","","","",""
"フジサキテキスタイル株式会社","7624947291954","","","","","","","130-0014","東京都墨田区亀沢二丁目8-5","","","","","","","","","","","","","","","5010601015168","","","",""
"フジサキテックス株式会社","6080014879796","","","","","","","130-0014","東京都墨田区亀沢二丁目8-5","","","","","","","","","","","","","","","9010601037332","","","",""
"藤三織物株式会社","9097017102241","","","","","","","677-0016","兵庫県西脇市高田井町129","","","","","","","","","","","","","","","5140001075849","","","",""
"富士産業有限会社","6597846744964","","","","","","","598-0002","大阪府泉佐野市中庄1381-1","","","","","","","","","","","","","","","6120102023906","","","",""
"不二産業株式会社","4980225061950","","","","","","","744-0000","山口県下松市葉山二丁目904-19","","","","","","","","","","","","","","","1250001009650","","","",""
"株式会社フジシマ","1389731754496","","","","","","","920-0953","石川県金沢市涌波一丁目8-13","","","","","","","","","","","","","","","6220001009624","","","",""
"藤島合繊株式会社","2829686784476","","","","","","","910-0827","福井県福井市藤島町17-9","","","","","","","","","","","","","","","4210001009230","","","",""
"株式会社藤商","6684429890965","","","","","","","602-8453","京都府京都市上京区笹屋五丁目335","","","","","","","","","","","","","","","9130001003716","","","",""
"冨士商事株式会社","9512553230313","","","","","","","918-8231","福井県福井市問屋町四丁目302","","","","","","","","","","","","","","","9210001003162","","","",""
"富士商事株式会社","9985178811613","","","","","","","530-0047","大阪府大阪市北区西天満二丁目8-1 大江ビル","","","","","","","","","","","","","","","7120001069891","","","",""
"富士実業株式会社","9373325615148","","","","","","","242-0021","神奈川県大和市中央二丁目3-10 大和中央ハイツ第II302","","","","","","","","","","","","","","","7021001025837","","","",""
"藤祐繊維株式会社","7458034523671","","","","","","","677-0032","兵庫県西脇市中畑町879","","","","","","","","","","","","","","","7140001075632","","","",""
"有限会社富士製綿寝具","8277921920970","","","","","","","214-0023","神奈川県川崎市多摩区長尾七丁目1-3","","","","","","","","","","","","","","","5020002093242","","","",""
"株式会社藤装企画","1381685120161","","","","","","","491-0134","愛知県一宮市更屋敷1164","","","","","","","","","","","","","","","5180001083591","","","",""
"ふじた株式会社","1872081409460","","","","","","","729-3101","広島県福山市新市町大字戸手30","","","","","","","","","","","","","","","7240001033753","","","",""
"有限会社藤田織物","9749897656860","","","","","","","679-2412","兵庫県神崎郡神河町山田825","","","","","","","","","","","","","","","5140002053291","","","",""
"藤田織物株式会社","2703767324567","","","","","","","919-0461","福井県坂井市春江町江留上緑6-4","","","","","","","","","","","","","","","2210001003169","","","",""
"藤田織物株式会社","2211824263736","","","","","","","602-8369","京都府京都市上京区川瀬町584","","","","","","","","","","","","","","","4130001003720","","","",""
"有限会社フジタ商店","1692972521840","","","","","","","916-0034","福井県鯖江市下新庄町27-4","","","","","","","","","","","","","","","5210002013321","","","",""
"フジチギラ株式会社","9822204007588","","","","","","","403-0004","山梨県富士吉田市下吉田二丁目25-26","","","","","","","","","","","","","","","4090001010226","","","",""
"株式会社フジックス","8252868296283","","","","","","","603-8322","京都府京都市北区平野宮本町5","","","","","","","","","","","","","","","5130001005385","","","",""
"有限会社フジテックス","7991322936919","","","","","","","911-0034","福井県勝山市滝波町三丁目713","","","","","","","","","","","","","","","9210002009860","","","",""
"合資会社藤直織物工場","2071113361293","","","","","","","376-0013","群馬県桐生市広沢町五丁目1175","","","","","","","","","","","","","","","4070003001092","","","",""
"富士ニッティング株式会社","2887494988366","","","","","","","615-0032","京都府京都市右京区西院西高田町23","","","","","","","","","","","","","","","9130001001769","","","",""
"富士ニット染工株式会社","6758313020057","","","","","","","564-0033","大阪府吹田市東御旅町8-18","","","","","","","","","","","","","","","3120901008275","","","",""
"藤貫株式会社","5543554142161","","","","","","","307-0001","茨城県結城市大字結城83","","","","","","","","","","","","","","","5050001032644","","","",""
"株式会社富士ネット工業","7363055402071","","","","","","","554-0012","大阪府大阪市此花区西九条二丁目7-18 ウェストプラザ1F","","","","","","","","","","","","","","","7120001026769","","","",""
"藤野太右衛門株式会社","3633467782903","","","","","","","600-8463","京都府京都市下京区永養寺町244","","","","","","","","","","","","","","","4130001018652","","","",""
"藤原織布株式会社","2348551437288","","","","","","","932-0127","富山県小矢部市興法寺220-2","","","","","","","","","","","","","","","1230001009116","","","",""
"富士フエルト株式会社","2594787416202","","","","","","","481-0038","愛知県北名古屋市徳重与八杁30","","","","","","","","","","","","","","","2180001047450","","","",""
"フジマサ織布株式会社","9275960699376","","","","","","","679-0313","兵庫県西脇市黒田庄町岡13","","","","","","","","","","","","","","","2140001075876","","","",""
"株式会社藤万","1515414661103","","","","","","","501-6035","岐阜県羽島郡笠松町円城寺900","","","","","","","","","","","","","","","9200001029547","","","",""
"株式会社冨士美","6272644206462","","","","","","","532-0002","大阪府大阪市淀川区東三国三丁目9-13 ユニライフ北大阪3号棟118号","","","","","","","","","","","","","","","1120001058108","","","",""
"株式会社藤娘きぬたや","5356681258028","","","","","","","600-8438","京都府京都市下京区長刀切町217","","","","","","","","","","","","","","","7180001020782","","","",""
"フジメン株式会社","8104700036361","","","","","","","813-0034","福岡県福岡市東区多の津一丁目7-3","","","","","","","","","","","","","","","8290001016414","","","",""
"株式会社フジモ","8560862590853","","","","","","","721-0961","広島県福山市明神町一丁目3-16","","","","","","","","","","","","","","","8240001041020","","","",""
"株式会社フジモト","7901890737017","","","","","","","607-8422","京都府京都市山科区御陵封ジ山町7-152","","","","","","","","","","","","","","","3130001022366","","","",""
"有限会社藤本","4425396888109","","","","","","","386-0018","長野県上田市常田二丁目27-17","","","","","","","","","","","","","","","1100002014656","","","",""
"藤本勝巳織布有限会社","2672586327224","","","","","","","679-1124","兵庫県多可郡多可町中区森本565","","","","","","","","","","","","","","","6140002062093","","","",""
"株式会社藤本商店","6582175414893","","","","","","","861-4117","熊本県熊本市南区護藤町2423","","","","","","","","","","","","","","","9330001004082","","","",""
"株式会社藤屋","7966684758441","","","","","","","460-0002","愛知県名古屋市中区丸の内二丁目19-15","","","","","","","","","","","","","","","4180001040338","","","",""
"株式会社藤安","8313012835254","","","","","","","103-0024","東京都中央区日本橋小舟町8-11","","","","","","","","","","","","","","","9010501028373","","","",""
"藤山産業株式会社","5211369809312","","","","","","","601-8203","京都府京都市南区久世築山町380-1","","","","","","","","","","","","","","","1130001018663","","","",""
"藤和株式会社","5895255735439","","","","","","","604-8151","京都府京都市中京区橋弁慶町225","","","","","","","","","","","","","","","9130001021800","","","",""
"株式会社フジワラ","5506493112927","","","","","","","594-1157","大阪府和泉市あゆみ野二丁目1-3","","","","","","","","","","","","","","","4120101043519","","","",""
"藤原織物有限会社","9210162689357","","","","","","","599-8126","大阪府堺市東区大美野158-40","","","","","","","","","","","","","","","9120102004176","","","",""
"株式会社藤原商店","7952858026509","","","","","","","677-0015","兵庫県西脇市西脇1051-7","","","","","","","","","","","","","","","5140001075873","","","",""
"株式会社藤原商店","9105830674152","","","","","","","677-0015","兵庫県西脇市西脇1040","","","","","","","","","","","","","","","7140001075871","","","",""
"藤原織布有限会社","3535168717000","","","","","","","598-0021","大阪府泉佐野市日根野3304","","","","","","","","","","","","","","","4120102023908","","","",""
"二喜商事株式会社","7541751091734","","","","","","","443-0021","愛知県蒲郡市三谷町築地6","","","","","","","","","","","","","","","6180301011301","","","",""
"有限会社二塚庄造商店","2540077249388","","","","","","","933-0023","富山県高岡市末広町8","","","","","","","","","","","","","","","2230002011912","","","",""
"株式会社双葉産業","3105027307747","","","","","","","492-8219","愛知県稲沢市稲葉五丁目5-7","","","","","","","","","","","","","","","7180001086072","","","",""
"フタバ産商株式会社","1764611732794","","","","","","","455-0075","愛知県名古屋市港区正徳町三丁目22 アドプロス201","","","","","","","","","","","","","","","1180001054349","","","",""
"株式会社フタバ・パル","4295463085599","","","","","","","607-8307","京都府京都市山科区西野山射庭ノ上町67-30","","","","","","","","","","","","","","","4130001007201","","","",""
"二村化学株式会社","4855525269463","","","","","","","451-0046","愛知県名古屋市西区牛島町5-2","","","","","","","","","","","","","","","3180001054074","","","",""
"株式会社船越","9211083271463","","","","","","","603-8157","京都府京都市北区紫野宮東町10","","","","","","","","","","","","","","","1130001005397","","","",""
"株式会社舟橋商店","2624826895749","","","","","","","460-0002","愛知県名古屋市中区丸の内二丁目7-5","","","","","","","","","","","","","","","3180001040322","","","",""
"株式会社フラワーアベニュー","3613067337923","","","","","","","950-3134","新潟県新潟市北区新崎111-5","","","","","","","","","","","","","","","9110001008733","","","",""
"有限会社Ｆｒｅｅ　Ｗｉｌｌ","4484575874342","","","","","","","300-2506","茨城県常総市三坂町642-2","","","","","","","","","","","","","","","4050002040036","","","",""
"古市繊維工業有限会社","1285967128915","","","","","","","910-2178","福井県福井市栂野町1-42","","","","","","","","","","","","","","","7210002003147","","","",""
"株式会社古川商店","1682919969728","","","","","","","103-0007","東京都中央区日本橋浜町二丁目13-3 伊藤ビル2階","","","","","","","","","","","","","","","5010901010793","","","",""
"古田商事株式会社","9953214355536","","","","","","","361-0032","埼玉県行田市佐間一丁目17-40","","","","","","","","","","","","","","","9030001087067","","","",""
"古田倉庫株式会社","5068010622146","","","","","","","590-0415","大阪府泉南郡熊取町五門西三丁目22-10","","","","","","","","","","","","","","","9120101040503","","","",""
"有限会社古橋博商店","3650298529287","","","","","","","430-0928","静岡県浜松市中区板屋町691","","","","","","","","","","","","","","","2080402007113","","","",""
"有限会社古谷商店","6176021243553","","","","","","","598-0024","大阪府泉佐野市上之郷1296-3","","","","","","","","","","","","","","","1120102023910","","","",""
"株式会社フルヤマ","1201161683932","","","","","","","435-0045","静岡県浜松市中央区細島町7-7","","","","","","","","","","","","","","","8080401004782","","","",""
"株式会社フレッシュアップ","1056984053578","","","","","","","120-0031","東京都足立区千住大川町6-1 105号","","","","","","","","","","","","","","","2011801014747","","","",""
"株式会社フレッチェ・ボスコ","1174749284277","","","","","","","729-3102","広島県福山市新市町大字相方230-2","","","","","","","","","","","","","","","3240002045586","","","",""
"株式会社ＦＲＥＮＺＳ","2847162663230","","","","","","","550-0014","大阪府大阪市西区北堀江四丁目14-24 708号","","","","","","","","","","","","","","","6120001200127","","","",""
"フロイデンベルグ・スパンウェブ・ジャパン株式会社","1541729700618","","","","","","","542-0081","大阪府大阪市中央区南船場二丁目5-12 クリスタファイブ9F","","","","","","","","","","","","","","","4120001093481","","","",""
"フローテックインターナショナル株式会社","9971054801602","","","","","","","230-0071","神奈川県横浜市鶴見区駒岡二丁目5-32","","","","","","","","","","","","","","","4010901010729","","","",""
"有限会社フロム・エストゥケイ","4065675419389","","","","","","","150-0013","東京都渋谷区恵比寿三丁目36-12 サクセス恵比寿6階","","","","","","","","","","","","","","","2010002014284","","","",""
"フロリア株式会社","1204430393078","","","","","","","103-0013","東京都中央区日本橋人形町一丁目2-6 サイボー東京支店ビル7F","","","","","","","","","","","","","","","8010001028602","","","",""
"株式会社フロンティアジャパン","1070605412756","","","","","","","247-0061","神奈川県鎌倉市台1956-7","","","","","","","","","","","","","","","5010001090282","","","",""
"フロンティアテックス株式会社","4483635887531","","","","","","","910-0208","福井県坂井市丸岡町坪江3-6","","","","","","","","","","","","","","","3210001007714","","","",""
"フロンティア貿易株式会社","9758451959612","","","","","","","541-0057","大阪府大阪市中央区北久宝寺町二丁目2-13 マエダビル6階5号室","","","","","","","","","","","","","","","7120001089015","","","",""
"株式会社フワ","5069525639517","","","","","","","590-0024","大阪府堺市堺区向陵中町五丁8-15","","","","","","","","","","","","","","","7122001022500","","","",""
"株式会社Ｖ＆Ａ　Ｊａｐａｎ","2083800682071","","","","","","","550-0003","大阪府大阪市西区京町堀一丁目8-33 京町堀スクエア6F","","","","","","","","","","","","","","","1140001074136","","","",""
"有限会社ブイテック","9473161589964","","","","","","","915-0254","福井県越前市国中町61-63-1","","","","","","","","","","","","","","","5210002012125","","","",""
"株式会社ブイ・ネット","6313051841968","","","","","","","130-0002","東京都墨田区業平二丁目2-7","","","","","","","","","","","","","","","7010601026824","","","",""
"武馬織布株式会社","5375022968451","","","","","","","483-8352","愛知県江南市松竹町高山123","","","","","","","","","","","","","","","3180003012385","","","",""
"ブライテックス株式会社","6707113642827","","","","","","","612-0029","京都府京都市伏見区深草西浦町八丁目14","","","","","","","","","","","","","","","7130001029168","","","",""
"有限会社ブレイド","9407360032953","","","","","","","183-0023","東京都府中市宮町三丁目12-1","","","","","","","","","","","","","","","8012402022472","","","",""
"株式会社ププキン","2034967574632","","","","","","","590-0021","大阪府堺市堺区北三国ヶ丘町三丁1-32","","","","","","","","","","","","","","","1120101006569","","","",""
"株式会社Ｐｌｕｓ　Ｓｔｕｄｉｏ","7983096814392","","","","","","","550-0001","大阪府大阪市西区土佐堀一丁目6-20","","","","","","","","","","","","","","","1120001183681","","","",""
"プラスパー株式会社","5425328366821","","","","","","","501-0236","岐阜県瑞穂市本田1552-394","","","","","","","","","","","","","","","2200001010109","","","",""
"有限会社プリズム","6139923993567","","","","","","","542-0012","大阪府大阪市中央区谷町七丁目1-50","","","","","","","","","","","","","","","8120002023013","","","",""
"株式会社ＰＲＥＳＴＩＧＥ","9971087087127","","","","","","","500-8268","岐阜県岐阜市茜部菱野三丁目134-1","","","","","","","","","","","","","","","5200001028313","","","",""
"株式会社プレーリードッグ","4835836488864","","","","","","","541-0052","大阪府大阪市中央区安土町三丁目4-16 船場オーセンビル7F","","","","","","","","","","","","","","","1120001125865","","","",""
"プレンティーハーベスト株式会社","5730909563424","","","","","","","541-0043","大阪府大阪市中央区高麗橋四丁目6-14","","","","","","","","","","","","","","","2120001104298","","","",""
"株式会社プロキオン","9525146329868","","","","","","","540-0023","大阪府大阪市中央区北新町2-8","","","","","","","","","","","","","","","1120001088971","","","",""
"株式会社プロシェア","8892847220441","","","","","","","252-0239","神奈川県相模原市中央区中央二丁目13-17","","","","","","","","","","","","","","","7020001063368","","","",""
"株式会社プロスパラス","3678464180558","","","","","","","603-8347","京都府京都市北区等持院中町5-1","","","","","","","","","","","","","","","2130001022441","","","",""
"プロフィット株式会社","1370192070547","","","","","","","661-0025","兵庫県尼崎市立花町四丁目11-12","","","","","","","","","","","","","","","1140001055301","","","",""
"株式会社プロモード","4848847484164","","","","","","","604-8481","京都府京都市中京区西ノ京冷泉町34-3","","","","","","","","","","","","","","","3130001025724","","","",""
"株式会社平安織","9626067296309","","","","","","","600-8442","京都府京都市下京区矢田町126","","","","","","","","","","","","","","","2130001018712","","","",""
"平和産業株式会社","4042346892288","","","","","","","594-1125","大阪府和泉市善正町208","","","","","","","","","","","","","","","3120101041886","","","",""
"有限会社平和商会","8400322637992","","","","","","","711-0922","岡山県倉敷市児島元浜町116-10","","","","","","","","","","","","","","","8260002021028","","","",""
"平和フエルト株式会社","2106509663938","","","","","","","443-0011","愛知県蒲郡市豊岡町清水28-6","","","","","","","","","","","","","","","4180301011286","","","",""
"ヘルメス株式会社","1181394683933","","","","","","","144-0034","東京都大田区西糀谷一丁目26-15","","","","","","","","","","","","","","","5010801013616","","","",""
"株式会社ベステックス","3994735518110","","","","","","","491-0908","愛知県一宮市深坪町1-1","","","","","","","","","","","","","","","5180001086982","","","",""
"株式会社ベスト・フアイブ","6614063388483","","","","","","","550-0013","大阪府大阪市西区新町一丁目4-21 大幸ビル301","","","","","","","","","","","","","","","4120001047223","","","",""
"株式会社ベストリンクトレーディングカンパニー","8636057015818","","","","","","","746-0016","山口県周南市中央町2-5","","","","","","","","","","","","","","","9250001010808","","","",""
"株式会社ベースペース","6402463016412","","","","","","","541-0052","大阪府大阪市中央区安土町一丁目5-9 ゼニヤベストビル4階","","","","","","","","","","","","","","","4120001142932","","","",""
"紅屋有限会社","1543048147141","","","","","","","241-0821","神奈川県横浜市旭区二俣川一丁目3","","","","","","","","","","","","","","","7020002022389","","","",""
"株式会社ベリーニ","1805256817017","","","","","","","401-0302","山梨県南都留郡富士河口湖町小立8030-4","","","","","","","","","","","","","","","5090001010968","","","",""
"有限会社ベル","1924094737786","","","","","","","500-8862","岐阜県岐阜市千手堂中町一丁目5","","","","","","","","","","","","","","","7200002003288","","","",""
"株式会社ベルアート・オンダ","1901599523953","","","","","","","132-0025","東京都江戸川区松江七丁目4-12","","","","","","","","","","","","","","","7010001028842","","","",""
"株式会社ベル開発","2483671227214","","","","","","","509-0202","岐阜県可児市中恵土2359-38","","","","","","","","","","","","","","","5200001017737","","","",""
"有限会社ベルキャッツコーポレイション","8533387358704","","","","","","","541-0053","大阪府大阪市中央区本町一丁目5-6","","","","","","","","","","","","","","","4120002038485","","","",""
"株式会社ベルグループ","6888853634802","","","","","","","226-0006","神奈川県横浜市緑区白山一丁目15-2","","","","","","","","","","","","","","","3020001002429","","","",""
"Ｂｅｒｇｅｎ　Ｔｒｕｓｔ　Ｒｉｄｇｗａｙ株式会社","8375896326359","","","","","","","600-8099","京都府京都市下京区上柳町222-310","","","","","","","","","","","","","","","2130001018472","","","",""
"株式会社ベルテック","1353969256317","","","","","","","121-0061","東京都足立区花畑二丁目1-7","","","","","","","","","","","","","","","7011801023529","","","",""
"株式会社ベルテックス","5702112493422","","","","","","","130-0022","東京都墨田区江東橋一丁目13-3 アルファビル5F","","","","","","","","","","","","","","","2010601020427","","","",""
"株式会社ベルベックス","8329719683337","","","","","","","520-0532","滋賀県大津市湖青二丁目7-12","","","","","","","","","","","","","","","3160001002225","","","",""
"株式会社ベン","4099313894473","","","","","","","604-0012","京都府京都市中京区竪大恩寺町742-1","","","","","","","","","","","","","","","3130001022473","","","",""
"株式会社ペルージァ","2832837392266","","","","","","","537-0023","大阪府大阪市東成区玉津二丁目2-16","","","","","","","","","","","","","","","5120001013554","","","",""
"株式会社ペルセポリストレーディング","3494063587521","","","","","","","158-0094","東京都世田谷区玉川三丁目5-2","","","","","","","","","","","","","","","9010901010996","","","",""
"有限会社保院製作所","5495401316627","","","","","","","939-1807","富山県南砺市北野2071","","","","","","","","","","","","","","","4230002009896","","","",""
"株式会社ホウエイ","7444905883478","","","","","","","810-0801","福岡県福岡市博多区中洲五丁目5-13","","","","","","","","","","","","","","","1290001004045","","","",""
"宝永株式会社","8634870992320","","","","","","","540-0024","大阪府大阪市中央区南新町一丁目3-1","","","","","","","","","","","","","","","8120001089220","","","",""
"豊栄化学産業株式会社","3944671698078","","","","","","","143-0025","東京都大田区南馬込四丁目49-7","","","","","","","","","","","","","","","9010801010799","","","",""
"豊栄繊維株式会社","1469077472695","","","","","","","602-8448","京都府京都市上京区元北小路町172","","","","","","","","","","","","","","","1130001003780","","","",""
"有限会社豊輝","8481637339837","","","","","","","120-0013","東京都足立区弘道二丁目9-7 302","","","","","","","","","","","","","","","9010002028088","","","",""
"有限会社豊国商会","8027563169224","","","","","","","110-0003","東京都台東区根岸五丁目12-1","","","","","","","","","","","","","","","5010502007974","","","",""
"豊彩株式会社","8094677037825","","","","","","","600-8103","京都府京都市下京区塩竈町","","","","","","","","","","","","","","","8130001055048","","","",""
"豊和株式会社","4005643900884","","","","","","","130-0004","東京都墨田区本所三丁目26-9","","","","","","","","","","","","","","","8010501012584","","","",""
"豊和工業株式会社","2913484951778","","","","","","","677-0068","兵庫県西脇市落方町506-1","","","","","","","","","","","","","","","2140001075892","","","",""
"ホクユウ株式会社","5943297410522","","","","","","","910-0852","福井県福井市松城町1-43","","","","","","","","","","","","","","","4210001003423","","","",""
"株式会社北友貿","7953090011801","","","","","","","003-0021","北海道札幌市白石区栄通十八丁目10-15","","","","","","","","","","","","","","","5430001022557","","","",""
"北陸ウェブ株式会社","3955828470469","","","","","","","929-1100","石川県かほく市宇気ソー6-2","","","","","","","","","","","","","","","6220001017800","","","",""
"北陸織物株式会社","6214740563128","","","","","","","929-1177","石川県かほく市白尾ロ54","","","","","","","","","","","","","","","5220001017801","","","",""
"株式会社ホーコク","7071469723753","","","","","","","347-0057","埼玉県加須市愛宕一丁目6-57","","","","","","","","","","","","","","","6030001033791","","","",""
"株式会社星善","2816922436792","","","","","","","376-0013","群馬県桐生市広沢町五丁目1202","","","","","","","","","","","","","","","3070001016548","","","",""
"有限会社ホシノ","6973927875346","","","","","","","376-0001","群馬県桐生市菱町四丁目2260","","","","","","","","","","","","","","","1070002024675","","","",""
"ホシノ株式会社","1173789879097","","","","","","","111-0041","東京都台東区元浅草三丁目10-7","","","","","","","","","","","","","","","5010501012389","","","",""
"星野織物株式会社","2181440858162","","","","","","","949-6408","新潟県南魚沼市塩沢1173-13","","","","","","","","","","","","","","","5110001026516","","","",""
"有限会社星野織物","9811999293905","","","","","","","376-0011","群馬県桐生市相生町二丁目386-6","","","","","","","","","","","","","","","8070002024677","","","",""
"株式会社ホシノ産業","8933893858970","","","","","","","924-0016","石川県白山市宮永市町434-19","","","","","","","","","","","","","","","5220001009402","","","",""
"株式会社星野商事","7538105993298","","","","","","","910-0063","福井県福井市灯明寺二丁目709","","","","","","","","","","","","","","","9210001003567","","","",""
"株式会社星野商店","9602441031916","","","","","","","460-0008","愛知県名古屋市中区栄五丁目7-11","","","","","","","","","","","","","","","4180001040577","","","",""
"株式会社星野商店","6838251699272","","","","","","","451-0055","愛知県名古屋市西区堀越二丁目7-23","","","","","","","","","","","","","","","4180001027054","","","",""
"株式会社ホセ貿易","4450839915753","","","","","","","540-0029","大阪府大阪市中央区本町橋7-17 206号","","","","","","","","","","","","","","","7120001089304","","","",""
"有限会社ホソイ","8943013356125","","","","","","","520-1211","滋賀県高島市安曇川町常磐木154-1","","","","","","","","","","","","","","","9160002011756","","","",""
"細井商事株式会社","4600228035712","","","","","","","541-0052","大阪府大阪市中央区安土町三丁目3-1","","","","","","","","","","","","","","","5150001010920","","","",""
"有限会社細井晴二商店","5367110694711","","","","","","","770-0902","徳島県徳島市西新町三丁目23","","","","","","","","","","","","","","","2480002004536","","","",""
"株式会社ＨＯＳＯＯ　ＣＯＬＬＥＣＴＩＶＥ","7457201046443","","","","","","","604-8173","京都府京都市中京区柿本町412","","","","","","","","","","","","","","","5130001022505","","","",""
"細川産業株式会社","5114191055115","","","","","","","537-0003","大阪府大阪市東成区神路一丁目10-21","","","","","","","","","","","","","","","9120001089277","","","",""
"株式会社ホソカワヤ","9680178978118","","","","","","","324-0051","栃木県大田原市山の手一丁目6-5","","","","","","","","","","","","","","","4060001012927","","","",""
"細谷株式会社","5256796649656","","","","","","","606-0825","京都府京都市左京区下鴨西梅ノ木町34-5","","","","","","","","","","","","","","","5130001007282","","","",""
"細田綿業株式会社","2165656349853","","","","","","","679-1202","兵庫県多可郡多可町加美区熊野部528-3","","","","","","","","","","","","","","","3140001075909","","","",""
"有限会社細芳織物工場","3562753017886","","","","","","","358-0006","埼玉県入間市春日町二丁目1-4","","","","","","","","","","","","","","","5030002035870","","","",""
"北高株式会社","2201605080883","","","","","","","541-0053","大阪府大阪市中央区本町二丁目6-10 本町センタービル3階","","","","","","","","","","","","","","","4120001089257","","","",""
"北国糸業株式会社","3943732233431","","","","","","","921-8014","石川県金沢市糸田一丁目70-2","","","","","","","","","","","","","","","1220001006205","","","",""
"北国製紐株式会社","4872938531062","","","","","","","929-1127","石川県かほく市大崎ハ23","","","","","","","","","","","","","","","2220001017795","","","",""
"堀田株式会社","5640398158843","","","","","","","432-8055","静岡県浜松市中央区卸本町63","","","","","","","","","","","","","","","6080401004891","","","",""
"堀田商事株式会社","4040919968494","","","","","","","460-0003","愛知県名古屋市中区錦二丁目13-21","","","","","","","","","","","","","","","9180001040606","","","",""
"有限会社ホビーメイト・シマダ","8611086081467","","","","","","","430-0923","静岡県浜松市中央区北寺島町488-3","","","","","","","","","","","","","","","5080402007341","","","",""
"株式会社ホビーラホビーレ","8228980690488","","","","","","","140-0011","東京都品川区東大井五丁目23-37","","","","","","","","","","","","","","","1010701009098","","","",""
"ホープソブエ有限会社","7652416875781","","","","","","","496-8018","愛知県愛西市渕高町五ノ割13-2","","","","","","","","","","","","","","","6180002090470","","","",""
"堀井株式会社","8096721555130","","","","","","","103-0005","東京都中央区日本橋久松町5-3","","","","","","","","","","","","","","","4010001056771","","","",""
"堀井織物有限会社","3835625224005","","","","","","","916-0017","福井県鯖江市神明町四丁目6-57","","","","","","","","","","","","","","","2210002013381","","","",""
"株式会社ホリウチ","6524626872620","","","","","","","224-0032","神奈川県横浜市都筑区茅ケ崎中央8-36 102","","","","","","","","","","","","","","","3011001021824","","","",""
"堀内株式会社","9426567671661","","","","","","","543-0001","大阪府大阪市天王寺区上本町八丁目3-4","","","","","","","","","","","","","","","1120001025297","","","",""
"株式会社堀内商會","3661383752878","","","","","","","639-0235","奈良県香芝市良福寺255-4","","","","","","","","","","","","","","","2150001013406","","","",""
"堀内繊維株式会社","4442133721542","","","","","","","403-0004","山梨県富士吉田市下吉田七丁目19-6","","","","","","","","","","","","","","","4090001010127","","","",""
"堀江孝株式会社","5967660026259","","","","","","","604-8402","京都府京都市中京区聚楽廻西町186","","","","","","","","","","","","","","","1130001022517","","","",""
"堀江染工株式会社","6410456593403","","","","","","","711-0911","岡山県倉敷市児島小川八丁目2-37","","","","","","","","","","","","","","","7260001014727","","","",""
"堀口株式会社","3892838771859","","","","","","","111-0053","東京都台東区浅草橋一丁目5-2","","","","","","","","","","","","","","","4010501012290","","","",""
"堀口織物有限会社","9948894248526","","","","","","","677-0114","兵庫県多可郡多可町八千代区仕出原354","","","","","","","","","","","","","","","1140002061950","","","",""
"株式会社堀幸","6285426772508","","","","","","","602-0000","京都府京都市上京区上立売町 浄福寺半町西入上る真倉町736番の1","","","","","","","","","","","","","","","5130001003802","","","",""
"有限会社ホリコシ","1724664384151","","","","","","","168-0071","東京都杉並区高井戸西二丁目9-5","","","","","","","","","","","","","","","2011302008513","","","",""
"株式会社堀正","7983424867950","","","","","","","500-8233","岐阜県岐阜市蔵前三丁目6-23","","","","","","","","","","","","","","","7200001004766","","","",""
"堀商事株式会社","9148756655280","","","","","","","453-0016","愛知県名古屋市中村区竹橋町26-15","","","","","","","","","","","","","","","9180001032660","","","",""
"有限会社ほり商店","8443029075540","","","","","","","733-0022","広島県広島市西区天満町18-13 タウンパル坂本405号室","","","","","","","","","","","","","","","1240002020698","","","",""
"堀田織物株式会社","3720266669826","","","","","","","919-0476","福井県坂井市春江町針原31-13","","","","","","","","","","","","","","","3210001003597","","","",""
"株式会社堀田商店","1050982516635","","","","","","","933-0804","富山県高岡市問屋町221","","","","","","","","","","","","","","","9230001010883","","","",""
"株式会社堀辰","2811301267844","","","","","","","376-0054","群馬県桐生市西久方町一丁目8-27","","","","","","","","","","","","","","","9070001016567","","","",""
"株式会社堀文","8633266746091","","","","","","","460-0002","愛知県名古屋市中区丸の内二丁目18-4","","","","","","","","","","","","","","","1180001040638","","","",""
"株式会社ホリロク","6314098374746","","","","","","","629-2501","京都府京丹後市大宮町口大野616","","","","","","","","","","","","","","","6130001042799","","","",""
"株式会社ＨＯＷＡ興産","6185188613817","","","","","","","486-0969","愛知県春日井市味美白山町二丁目10-4","","","","","","","","","","","","","","","7180001048163","","","",""
"本庄織布有限会社","7805624565786","","","","","","","520-1511","滋賀県高島市新旭町藁園1227","","","","","","","","","","","","","","","3160002011514","","","",""
"株式会社本多","8951189971435","","","","","","","567-0041","大阪府茨木市下穂積二丁目1-13","","","","","","","","","","","","","","","5120901001947","","","",""
"有限会社本田織物工場","5670266846655","","","","","","","949-7144","新潟県南魚沼市野田244","","","","","","","","","","","","","","","9110002033268","","","",""
"本場奄美大島紬販売協同組合","3654735475638","","","","","","","894-0068","鹿児島県奄美市名瀬浦上町48-1 奄美市産業支援研究センター2階","","","","","","","","","","","","","","","7340005004749","","","",""
"本場大島紬織物協同組合","9640496554512","","","","","","","891-0123","鹿児島県鹿児島市卸本町4-7","","","","","","","","","","","","","","","4340005000759","","","",""
"本福織布株式会社","9627244433160","","","","","","","443-0058","愛知県蒲郡市上本町3-22","","","","","","","","","","","","","","","7180301011309","","","",""
"盆下株式会社","4331809957171","","","","","","","910-0804","福井県福井市高木中央二丁目3001-4","","","","","","","","","","","","","","","4210001003563","","","",""
"株式会社ボンマックス","7662160810861","","","","","","","103-0011","東京都中央区日本橋大伝馬町16-1","","","","","","","","","","","","","","","3010001057119","","","",""
"株式会社ポプラ","1006582616682","","","","","","","167-0021","東京都杉並区井草二丁目28-3","","","","","","","","","","","","","","","8011301006537","","","",""
"株式会社ポーン","7744673048574","","","","","","","150-0041","東京都渋谷区神南一丁目6-6 OZAWABUILDING3、4F","","","","","","","","","","","","","","","2011001029059","","","",""
"毎日タオル株式会社","3491280587063","","","","","","","598-0021","大阪府泉佐野市日根野1786","","","","","","","","","","","","","","","5120101040168","","","",""
"株式会社前川商店","6296588664709","","","","","","","918-8004","福井県福井市西木田三丁目12-15","","","","","","","","","","","","","","","7210001016991","","","",""
"株式会社マエケイ","7878872790458","","","","","","","103-0006","東京都中央区日本橋富沢町13-4","","","","","","","","","","","","","","","3010001057663","","","",""
"株式会社マエケン","8812091080097","","","","","","","915-0253","福井県越前市中津山町36-2","","","","","","","","","","","","","","","1210001012220","","","",""
"前商事株式会社","2807184344940","","","","","","","103-0002","東京都中央区日本橋馬喰町二丁目7-11","","","","","","","","","","","","","","","7010001057577","","","",""
"前島織物株式会社","3825019868257","","","","","","","493-8001","愛知県一宮市北方町北方狐塚郷66","","","","","","","","","","","","","","","8180001083754","","","",""
"前多株式会社","7386706901387","","","","","","","920-0031","石川県金沢市広岡一丁目4-16","","","","","","","","","","","","","","","3220001006533","","","",""
"株式会社前田源商店","3647722694082","","","","","","","403-0004","山梨県富士吉田市下吉田二丁目25-24","","","","","","","","","","","","","","","4090001010143","","","",""
"前田商事株式会社","5582825681376","","","","","","","590-0952","大阪府堺市堺区市之町東四丁2-33","","","","","","","","","","","","","","","6120102004550","","","",""
"有限会社マエダテント","5034432840340","","","","","","","781-0806","高知県高知市知寄町二丁目3-6","","","","","","","","","","","","","","","8490002004760","","","",""
"株式会社前田テント商会","4380812607206","","","","","","","514-0806","三重県津市上弁財町11-29","","","","","","","","","","","","","","","3190001000977","","","",""
"有限会社前田ネーム","5150981264712","","","","","","","910-0274","福井県坂井市丸岡町千田29-1-1","","","","","","","","","","","","","","","7210002007949","","","",""
"有限会社前田編織","5685451293115","","","","","","","915-0253","福井県越前市中津山町20-31-1","","","","","","","","","","","","","","","9210002012138","","","",""
"株式会社マキコーポレーション","2714554144493","","","","","","","595-0012","大阪府泉大津市北豊中町二丁目10-3","","","","","","","","","","","","","","","7120101042708","","","",""
"株式会社まきしま","2355579623489","","","","","","","376-0002","群馬県桐生市境野町六丁目507","","","","","","","","","","","","","","","9070001016575","","","",""
"株式会社槙田商店","7885776900789","","","","","","","403-0022","山梨県南都留郡西桂町小沼1717","","","","","","","","","","","","","","","2090001010525","","","",""
"有限会社真木テキスタイルスタジオ","9075181359950","","","","","","","190-0152","東京都あきる野市留原704","","","","","","","","","","","","","","","6013102007831","","","",""
"株式会社牧野商店","2315330334416","","","","","","","711-0927","岡山県倉敷市下津井二丁目7-38","","","","","","","","","","","","","","","6260001017549","","","",""
"牧野織布合資会社","7633000816144","","","","","","","481-0037","愛知県北名古屋市鍜治ケ一色村内東123","","","","","","","","","","","","","","","6180003008026","","","",""
"有限会社捲春","9861928463845","","","","","","","491-0353","愛知県一宮市萩原町萩原高畑7-1","","","","","","","","","","","","","","","3180002077520","","","",""
"牧村株式会社","1819341348183","","","","","","","541-0053","大阪府大阪市中央区本町三丁目2-8","","","","","","","","","","","","","","","7120001077556","","","",""
"牧村織物株式会社","4947677105556","","","","","","","677-0122","兵庫県多可郡多可町八千代区下野間305","","","","","","","","","","","","","","","9140001075894","","","",""
"牧村興産株式会社","2362902878308","","","","","","","541-0053","大阪府大阪市中央区本町三丁目2-8","","","","","","","","","","","","","","","1120001089540","","","",""
"幕田株式会社","1041738849796","","","","","","","100-0005","東京都千代田区丸の内二丁目2-3","","","","","","","","","","","","","","","4370001004018","","","",""
"まこと織物株式会社","9538058216503","","","","","","","603-8327","京都府京都市北区北野西白梅町10","","","","","","","","","","","","","","","3130001005445","","","",""
"株式会社マサ","1221238494707","","","","","","","799-1522","愛媛県今治市桜井四丁目6-10","","","","","","","","","","","","","","","3500001012305","","","",""
"株式会社正木","7409956690136","","","","","","","606-0917","京都府京都市左京区松ケ崎堂ノ上町1","","","","","","","","","","","","","","","9130001018796","","","",""
"株式会社麻絲商会","7193419695765","","","","","","","521-1215","滋賀県東近江市佐生町338","","","","","","","","","","","","","","","3160001010236","","","",""
"有限会社真島屋商店","6587026062053","","","","","","","254-0018","神奈川県平塚市東真土一丁目8-39","","","","","","","","","","","","","","","1021002059674","","","",""
"真下商事株式会社","8217861495920","","","","","","","153-0043","東京都目黒区東山一丁目2-7 第44興和ビル9階","","","","","","","","","","","","","","","4011001062702","","","",""
"株式会社マシンテックス","7290832686340","","","","","","","562-0015","大阪府箕面市稲二丁目11-17","","","","","","","","","","","","","","","3120901020957","","","",""
"株式会社真嶋","1215257362548","","","","","","","103-0014","東京都中央区日本橋蛎殻町一丁目32-9","","","","","","","","","","","","","","","6010001057958","","","",""
"有限会社間島福平商店","2512210679848","","","","","","","959-1374","新潟県加茂市矢立1-1","","","","","","","","","","","","","","","7110002018452","","","",""
"増井株式会社","7967868317115","","","","","","","604-0903","京都府京都市中京区指物町328","","","","","","","","","","","","","","","1130001005447","","","",""
"増井製綿工業株式会社","7526804023928","","","","","","","452-0821","愛知県名古屋市西区上小田井一丁目8","","","","","","","","","","","","","","","6180001027102","","","",""
"株式会社増織","8632368827260","","","","","","","604-8166","京都府京都市中京区御倉町70-1","","","","","","","","","","","","","","","2130001022565","","","",""
"株式会社枡儀","8294875395624","","","","","","","600-8431","京都府京都市下京区善長寺町143","","","","","","","","","","","","","","","5130001018800","","","",""
"株式会社増研","9405278592296","","","","","","","340-0833","埼玉県八潮市大字西袋1070-12","","","","","","","","","","","","","","","7030001038419","","","",""
"株式会社マスダ","1704952438030","","","","","","","520-1522","滋賀県高島市新旭町新庄1204","","","","","","","","","","","","","","","4160001012058","","","",""
"増田株式会社","6514182604520","","","","","","","606-0803","京都府京都市左京区下鴨下川原町69","","","","","","","","","","","","","","","5130001022570","","","",""
"マスダ株式会社","8732272634742","","","","","","","460-0002","愛知県名古屋市中区丸の内一丁目8-12","","","","","","","","","","","","","","","6180001040864","","","",""
"有限会社益田織物","4911977561129","","","","","","","892-0877","鹿児島県鹿児島市吉野一丁目31-22","","","","","","","","","","","","","","","5340002008837","","","",""
"有限会社増田織物","8559252358776","","","","","","","603-8446","京都府京都市北区鷹峯上ノ町9","","","","","","","","","","","","","","","7130002004343","","","",""
"増田織物株式会社","6914113195761","","","","","","","648-0081","和歌山県橋本市山田82-3","","","","","","","","","","","","","","","1170001010740","","","",""
"株式会社増田清商店","7629757971371","","","","","","","461-0027","愛知県名古屋市東区芳野一丁目1-17","","","","","","","","","","","","","","","7180001018257","","","",""
"有限会社増田産業","2796720640995","","","","","","","435-0036","静岡県浜松市中央区渡瀬町59","","","","","","","","","","","","","","","8080402007438","","","",""
"株式会社益久染織研究所","3072077810872","","","","","","","636-0113","奈良県生駒郡斑鳩町法隆寺南三丁目5-47","","","","","","","","","","","","","","","1150001007177","","","",""
"株式会社桝表","6980506050830","","","","","","","602-0955","京都府京都市上京区竪富田町423 サンレジデンス錦綾東堀川","","","","","","","","","","","","","","","9130001025553","","","",""
"増見哲株式会社","6947016830489","","","","","","","541-0059","大阪府大阪市中央区博労町三丁目2-14","","","","","","","","","","","","","","","7120001089626","","","",""
"株式会社増茂機業場","4182820977664","","","","","","","918-8162","福井県福井市角原町32-88","","","","","","","","","","","","","","","1210001003847","","","",""
"株式会社マスヤストッフ","8091177513265","","","","","","","650-0022","兵庫県神戸市中央区元町通三丁目9-8","","","","","","","","","","","","","","","5140001028583","","","",""
"株式会社間瀬織布工場","7291278139914","","","","","","","441-8019","愛知県豊橋市花田町小松63-5","","","","","","","","","","","","","","","1180301007122","","","",""
"俣野株式会社","5079558978674","","","","","","","564-0041","大阪府吹田市泉町五丁目17-3","","","","","","","","","","","","","","","6120901030937","","","",""
"株式会社町田","5564701988478","","","","","","","998-0858","山形県酒田市緑町13-4","","","","","","","","","","","","","","","2390001006600","","","",""
"有限会社マチュア","9714383259736","","","","","","","135-0042","東京都江東区木場二丁目6-7","","","","","","","","","","","","","","","7010602026658","","","",""
"松井一株式会社","5730324075496","","","","","","","910-0142","福井県福井市上森田二丁目1004","","","","","","","","","","","","","","","8210001003865","","","",""
"松居産業株式会社","5217486652422","","","","","","","600-8402","京都府京都市下京区大江町545","","","","","","","","","","","","","","","8130001018806","","","",""
"株式会社松井商店","6132006710757","","","","","","","443-0022","愛知県蒲郡市三谷北通二丁目124","","","","","","","","","","","","","","","2180301011321","","","",""
"株式会社松井商店","9205543144941","","","","","","","116-0014","東京都荒川区東日暮里三丁目40-6","","","","","","","","","","","","","","","7011501008771","","","",""
"松井繊維株式会社","2459687774942","","","","","","","594-0031","大阪府和泉市伏屋町三丁目2-3","","","","","","","","","","","","","","","2120101041920","","","",""
"マツヰ染繍株式会社","5323723510867","","","","","","","602-0926","京都府京都市上京区元真如堂町366","","","","","","","","","","","","","","","2130001002600","","","",""
"株式会社松井留治郎商店","4804960849459","","","","","","","501-0111","岐阜県岐阜市鏡島2065","","","","","","","","","","","","","","","8200001004815","","","",""
"株式会社松浦","2848106776400","","","","","","","462-0845","愛知県名古屋市北区柳原一丁目4-8","","","","","","","","","","","","","","","9180001013462","","","",""
"松浦株式会社","2166286579961","","","","","","","456-0034","愛知県名古屋市熱田区伝馬二丁目1-18","","","","","","","","","","","","","","","1180001022776","","","",""
"松浦商事株式会社","4953509367076","","","","","","","540-0024","大阪府大阪市中央区南新町一丁目2-4 椿本ビル6階603号室","","","","","","","","","","","","","","","5120001089735","","","",""
"松尾株式会社","6172533930342","","","","","","","541-0054","大阪府大阪市中央区南本町二丁目6-23","","","","","","","","","","","","","","","1120001089739","","","",""
"松尾株式会社","3623704011189","","","","","","","959-1864","新潟県五泉市郷屋川二丁目6-52","","","","","","","","","","","","","","","4110001011741","","","",""
"松岡株式会社","6961607293062","","","","","","","595-0025","大阪府泉大津市旭町4-13","","","","","","","","","","","","","","","6120101043500","","","",""
"松岡織物株式会社","5042025526210","","","","","","","649-7112","和歌山県伊都郡かつらぎ町大字中飯降48","","","","","","","","","","","","","","","8170001011071","","","",""
"松尾産業株式会社","5927968344279","","","","","","","550-0011","大阪府大阪市西区阿波座一丁目4-14","","","","","","","","","","","","","","","1120001047481","","","",""
"有限会社松尾織布","5675865665206","","","","","","","435-0051","静岡県浜松市中央区市野町868-2","","","","","","","","","","","","","","","5080402007473","","","",""
"株式会社松希","5968971927471","","","","","","","491-0873","愛知県一宮市せんい二丁目1-3","","","","","","","","","","","","","","","9180001083778","","","",""
"株式会社マッキントッシュジャパン","2972336029032","","","","","","","106-0032","東京都港区六本木一丁目8-7","","","","","","","","","","","","","","","2010401081223","","","",""
"株式会社マックス","4078835687662","","","","","","","542-0081","大阪府大阪市中央区南船場四丁目2-18 佐野屋橋ビル1F・4F","","","","","","","","","","","","","","","9120001089698","","","",""
"株式会社松坂商店","9908423108742","","","","","","","192-0082","東京都八王子市東町12-2","","","","","","","","","","","","","","","2010101003691","","","",""
"株式会社松崎","9605578432870","","","","","","","933-0926","富山県高岡市御馬出町47","","","","","","","","","","","","","","","5230001010961","","","",""
"松下織物株式会社","5440204289351","","","","","","","598-0023","大阪府泉佐野市大木1306","","","","","","","","","","","","","","","6120101040175","","","",""
"松下染織有限会社","2678831196999","","","","","","","543-0043","大阪府大阪市天王寺区勝山三丁目2-7","","","","","","","","","","","","","","","7120002013683","","","",""
"株式会社マツショウテックス","9982956044803","","","","","","","910-0142","福井県福井市上森田二丁目1001","","","","","","","","","","","","","","","9210001003922","","","",""
"株式会社松新","4777887290575","","","","","","","600-8440","京都府京都市下京区材木町138","","","","","","","","","","","","","","","8130001018822","","","",""
"松成株式会社","5464712832958","","","","","","","491-0873","愛知県一宮市せんい二丁目6-23","","","","","","","","","","","","","","","9180001083786","","","",""
"株式会社松田","8416220151484","","","","","","","617-0006","京都府向日市上植野町北淀井5-29","","","","","","","","","","","","","","","2130001030460","","","",""
"松田株式会社","9254123385839","","","","","","","604-8201","京都府京都市中京区長浜町143","","","","","","","","","","","","","","","7130001022602","","","",""
"松田織物有限会社","9288524899407","","","","","","","910-2472","福井県福井市東河原町21-38","","","","","","","","","","","","","","","5210002003512","","","",""
"松田商事株式会社","8223013862946","","","","","","","602-8494","京都府京都市上京区新猪熊東町376","","","","","","","","","","","","","","","8130001003840","","","",""
"株式会社松田商店","4757993812252","","","","","","","770-0816","徳島県徳島市助任本町二丁目59","","","","","","","","","","","","","","","5480001002265","","","",""
"株式会社マツダニット","6008279230835","","","","","","","541-0052","大阪府大阪市中央区安土町三丁目4-14","","","","","","","","","","","","","","","3120001089662","","","",""
"有限会社マツダ・ボタン店","8568923897124","","","","","","","657-0065","兵庫県神戸市灘区宮山町三丁目2-2","","","","","","","","","","","","","","","8140002015990","","","",""
"マツデン織物有限会社","9001755146128","","","","","","","911-0033","福井県勝山市栄町四丁目3-6","","","","","","","","","","","","","","","7210002009879","","","",""
"有限会社マツトメ","4301647378369","","","","","","","350-1312","埼玉県狭山市大字堀兼1970-3","","","","","","","","","","","","","","","8030002034382","","","",""
"株式会社松寅商店","9608793643982","","","","","","","629-2503","京都府京丹後市大宮町周枳292","","","","","","","","","","","","","","","5130001042800","","","",""
"株式会社松葉","9155703385702","","","","","","","550-0014","大阪府大阪市西区北堀江二丁目16-18 松葉ビル","","","","","","","","","","","","","","","1120001047531","","","",""
"株式会社松葉興業","5127427506106","","","","","","","550-0014","大阪府大阪市西区北堀江二丁目16-18","","","","","","","","","","","","","","","8120001047533","","","",""
"株式会社松原","4676529752791","","","","","","","541-0057","大阪府大阪市中央区北久宝寺町二丁目1-2 NPCビル本町2F","","","","","","","","","","","","","","","7120001089808","","","",""
"株式会社マツバラ","1262951187526","","","","","","","103-0013","東京都中央区日本橋人形町三丁目7-13 日本橋センチュリープラザ603号","","","","","","","","","","","","","","","1010001064835","","","",""
"株式会社松文","6905632202490","","","","","","","939-1861","富山県南砺市城端667-2","","","","","","","","","","","","","","","5230001008832","","","",""
"株式会社マツミ","9479016876617","","","","","","","918-8003","福井県福井市毛矢二丁目10-22","","","","","","","","","","","","","","","6210001003900","","","",""
"株式会社松村","9131078693515","","","","","","","933-0804","富山県高岡市問屋町266-1","","","","","","","","","","","","","","","2230001012259","","","",""
"松村株式会社","4827531341683","","","","","","","603-8324","京都府京都市北区北野紅梅町49","","","","","","","","","","","","","","","3130001005461","","","",""
"松村株式会社","7622144957875","","","","","","","231-0013","神奈川県横浜市中区住吉町一丁目13","","","","","","","","","","","","","","","2020001028945","","","",""
"松村織物株式会社","1817828654965","","","","","","","602-8463","京都府京都市上京区革堂町444","","","","","","","","","","","","","","","3130001003845","","","",""
"有限会社松村商店","4086478079576","","","","","","","921-8031","石川県金沢市野町一丁目1-23","","","","","","","","","","","","","","","3220002006978","","","",""
"株式会社松村商店","2520117105973","","","","","","","615-0065","京都府京都市右京区西院日照町107","","","","","","","","","","","","","","","8130001001902","","","",""
"松本株式会社","4288373102959","","","","","","","600-8432","京都府京都市下京区糸屋町216-1","","","","","","","","","","","","","","","6130001018832","","","",""
"松本商事株式会社","6534691073674","","","","","","","910-0146","福井県福井市下森田桜町205","","","","","","","","","","","","","","","3210001003903","","","",""
"松本商事株式会社","8747792520920","","","","","","","178-0061","東京都練馬区大泉学園町四丁目17-24","","","","","","","","","","","","","","","5011601006586","","","",""
"松本繊維株式会社","6095093355923","","","","","","","929-1171","石川県かほく市木津イ32-4","","","","","","","","","","","","","","","5220001017818","","","",""
"松屋商事株式会社","8744189843854","","","","","","","114-0016","東京都北区上中里一丁目30-10","","","","","","","","","","","","","","","7011501009992","","","",""
"有限会社松屋商店","4801129868423","","","","","","","327-0843","栃木県佐野市堀米町1364-1","","","","","","","","","","","","","","","7060002039512","","","",""
"松屋特殊織物株式会社","4960640116381","","","","","","","491-0051","愛知県一宮市今伊勢町馬寄東更屋敷10","","","","","","","","","","","","","","","6180001083797","","","",""
"松山機業株式会社","6011796271173","","","","","","","403-0016","山梨県富士吉田市松山一丁目11-10","","","","","","","","","","","","","","","4090001010168","","","",""
"松山毛織株式会社","2450886336457","","","","","","","493-0001","愛知県一宮市木曽川町黒田松山東南ノ切29","","","","","","","","","","","","","","","7180001084613","","","",""
"松与株式会社","9405379598692","","","","","","","540-0021","大阪府大阪市中央区大手通二丁目2-17","","","","","","","","","","","","","","","5120001089850","","","",""
"マナアンドモリス株式会社","3384976359236","","","","","","","455-0882","愛知県名古屋市港区小賀須三丁目412","","","","","","","","","","","","","","","4180001007403","","","",""
"マナセトレーディング株式会社","3639390760828","","","","","","","540-0029","大阪府大阪市中央区本町橋3-3","","","","","","","","","","","","","","","6120001089874","","","",""
"有限会社真広交繊","7118457758852","","","","","","","103-0006","東京都中央区日本橋富沢町12-8 昭和ビル4F","","","","","","","","","","","","","","","4010002020867","","","",""
"マービー株式会社","2701427384664","","","","","","","102-0071","東京都千代田区富士見一丁目11-13","","","","","","","","","","","","","","","6010001057330","","","",""
"株式会社マーベル","7633719645738","","","","","","","102-0071","東京都千代田区富士見一丁目2-37 401号","","","","","","","","","","","","","","","5011401005846","","","",""
"株式会社マミー","3905551781426","","","","","","","794-0005","愛媛県今治市大新田町三丁目4-37","","","","","","","","","","","","","","","9500001012324","","","",""
"株式会社マミックス五喜","5122407407509","","","","","","","104-0045","東京都中央区築地三丁目9-10","","","","","","","","","","","","","","","2010001057805","","","",""
"間宮織布合資会社","8612820797031","","","","","","","483-8249","愛知県江南市五明町当光地136","","","","","","","","","","","","","","","4180003012392","","","",""
"豆田商事株式会社","9449704057029","","","","","","","600-8095","京都府京都市下京区扇酒屋町304","","","","","","","","","","","","","","","8130001018847","","","",""
"有限会社繭家","4508679162122","","","","","","","370-2451","群馬県富岡市宇田49-1","","","","","","","","","","","","","","","9070002016616","","","",""
"有限会社ＭＡＲＩＥＳ　ＲＡＧ","9452243169723","","","","","","","466-0834","愛知県名古屋市昭和区広路町南山71 南山レジデンスC棟101","","","","","","","","","","","","","","","1180002061591","","","",""
"有限会社マルアキ商事","5628451847731","","","","","","","243-0422","神奈川県海老名市中新田二丁目11-31","","","","","","","","","","","","","","","4021002045663","","","",""
"丸池藤井株式会社","6462910143580","","","","","","","604-8156","京都府京都市中京区山伏山町540","","","","","","","","","","","","","","","4130001022646","","","",""
"有限会社丸石織物","7758102123150","","","","","","","677-0013","兵庫県西脇市日野町52","","","","","","","","","","","","","","","8140002062026","","","",""
"丸石商事有限会社","9973793202132","","","","","","","598-0034","大阪府泉佐野市長滝3278","","","","","","","","","","","","","","","6120102023955","","","",""
"丸一商事株式会社大阪","3607316191380","","","","","","","536-0011","大阪府大阪市城東区放出西二丁目20-8","","","","","","","","","","","","","","","4120001016293","","","",""
"丸一フレンヂ株式会社","3007646765001","","","","","","","595-0026","大阪府泉大津市東雲町14-33","","","","","","","","","","","","","","","4120101042677","","","",""
"丸糸株式会社","1040319717101","","","","","","","460-0003","愛知県名古屋市中区錦一丁目6-30","","","","","","","","","","","","","","","9180001040655","","","",""
"株式会社丸井屋","5558820344933","","","","","","","182-0024","東京都調布市布田二丁目17-1 ガーデンカラー丸井1F","","","","","","","","","","","","","","","7012401022128","","","",""
"丸栄株式会社","3578619781052","","","","","","","604-8205","京都府京都市中京区三条町343","","","","","","","","","","","","","","","2130001022648","","","",""
"株式会社丸栄","8692885104970","","","","","","","915-0816","福井県越前市小松二丁目18-37","","","","","","","","","","","","","","","1210001012006","","","",""
"丸英有限会社","2081796412604","","","","","","","915-0203","福井県越前市横住町25-20","","","","","","","","","","","","","","","1210002012137","","","",""
"丸永工業株式会社","8950068747506","","","","","","","483-8159","愛知県江南市寄木町秋葉56","","","","","","","","","","","","","","","8180001087680","","","",""
"マルエス大豊商事株式会社","4467156403182","","","","","","","067-0023","北海道江別市東光町10-20","","","","","","","","","","","","","","","1430001022791","","","",""
"有限会社丸悦機業","3651451935300","","","","","","","954-0052","新潟県見附市学校町一丁目2-8","","","","","","","","","","","","","","","6110002031828","","","",""
"丸岡繊研有限会社","5274826547728","","","","","","","910-0262","福井県坂井市丸岡町栄二丁目411","","","","","","","","","","","","","","","8210002008673","","","",""
"丸加株式会社","6277418227297","","","","","","","992-0031","山形県米沢市大町一丁目2-15","","","","","","","","","","","","","","","2390001010123","","","",""
"丸加商事株式会社","5301802752609","","","","","","","910-0004","福井県福井市宝永四丁目3-14","","","","","","","","","","","","","","","6210001003941","","","",""
"株式会社丸勝","7228456851192","","","","","","","959-1512","新潟県南蒲原郡田上町大字羽生田123","","","","","","","","","","","","","","","1110001015398","","","",""
"丸亀商事株式会社","5945613203410","","","","","","","542-0081","大阪府大阪市中央区南船場一丁目12-16","","","","","","","","","","","","","","","8120001089971","","","",""
"株式会社丸河テキスタイル","1550182727274","","","","","","","590-0444","大阪府泉南郡熊取町つばさが丘北二丁目19-8","","","","","","","","","","","","","","","8120101046930","","","",""
"有限会社マルカン","6189311965471","","","","","","","192-0152","東京都八王子市美山町1236","","","","","","","","","","","","","","","7010102006482","","","",""
"丸紀絹繊株式会社","5841793446755","","","","","","","603-8828","京都府京都市北区西賀茂大栗町4","","","","","","","","","","","","","","","5130001005476","","","",""
"マルキシ株式会社","8321234532660","","","","","","","101-0063","東京都千代田区神田淡路町二丁目23 菅山ビル4F","","","","","","","","","","","","","","","4010001099597","","","",""
"丸久株式会社","4561498840944","","","","","","","839-0853","福岡県久留米市青峰一丁目8-5 100","","","","","","","","","","","","","","","8290001049612","","","",""
"丸久株式会社","7331286335972","","","","","","","751-0829","山口県下関市幡生宮の下町28-14","","","","","","","","","","","","","","","9250001006376","","","",""
"丸九内山撚糸合資会社","5565525701589","","","","","","","431-0441","静岡県湖西市吉美1215-1","","","","","","","","","","","","","","","2080403000273","","","",""
"有限会社丸久商店","9009051761923","","","","","","","103-0012","東京都中央区日本橋堀留町一丁目4-1","","","","","","","","","","","","","","","7010002025161","","","",""
"丸共株式会社","6494581125384","","","","","","","602-8442","京都府京都市上京区薬師町240","","","","","","","","","","","","","","","6130001003867","","","",""
"マル京株式会社","4116513097014","","","","","","","491-0838","愛知県一宮市猿海道二丁目1-3","","","","","","","","","","","","","","","6180001083806","","","",""
"マルキョウテキスタイル株式会社","7533511467702","","","","","","","500-8858","岐阜県岐阜市福住町二丁目1","","","","","","","","","","","","","","","6200001004973","","","",""
"株式会社マルキン","2665269475108","","","","","","","954-0053","新潟県見附市本町四丁目5-67","","","","","","","","","","","","","","","2110001025074","","","",""
"有限会社マル金織物","7960703064676","","","","","","","602-0053","京都府京都市上京区中小川町238-1","","","","","","","","","","","","","","","1130002002955","","","",""
"丸金繊維株式会社","9400527716797","","","","","","","916-0083","福井県鯖江市石田上町24-23","","","","","","","","","","","","","","","4210001013298","","","",""
"有限会社マルケイ工業","8858460519571","","","","","","","116-0014","東京都荒川区東日暮里五丁目21-13","","","","","","","","","","","","","","","1011502011202","","","",""
"有限会社丸恵産業","3529660417329","","","","","","","485-0044","愛知県小牧市常普請三丁目41","","","","","","","","","","","","","","","6180002069985","","","",""
"丸啓細巾工業有限会社","5196646017774","","","","","","","430-0803","静岡県浜松市中央区植松町1471-11","","","","","","","","","","","","","","","2080402007666","","","",""
"株式会社マルケーオガワ","8497428655856","","","","","","","604-0973","京都府京都市中京区五丁目236","","","","","","","","","","","","","","","5130001022661","","","",""
"有限会社丸晃","2764235035909","","","","","","","600-8065","京都府京都市下京区本神明町423-1","","","","","","","","","","","","","","","1130002007946","","","",""
"丸吾産業株式会社","5385850448064","","","","","","","500-8381","岐阜県岐阜市市橋二丁目5-1","","","","","","","","","","","","","","","2200001004952","","","",""
"丸佐株式会社","3333814504571","","","","","","","992-0031","山形県米沢市大町二丁目1-67","","","","","","","","","","","","","","","1390001010116","","","",""
"丸佐株式会社","2518811195377","","","","","","","500-8856","岐阜県岐阜市橋本町二丁目8 濃飛ニッセイビル11F・12F","","","","","","","","","","","","","","","3200001004976","","","",""
"丸佐織物株式会社","2425982460508","","","","","","","470-2216","愛知県知多郡阿久比町大字植大東山ノ手38","","","","","","","","","","","","","","","5180001092345","","","",""
"丸阪商事株式会社","5066551109641","","","","","","","558-0053","大阪府大阪市住吉区帝塚山中四丁目1-10","","","","","","","","","","","","","","","4120001033784","","","",""
"丸貞織物株式会社","5876954815270","","","","","","","677-0015","兵庫県西脇市西脇755","","","","","","","","","","","","","","","1140001075919","","","",""
"有限会社丸貞木村","3277551732278","","","","","","","299-0117","千葉県市原市青葉台七丁目11-12","","","","","","","","","","","","","","","4040002075223","","","",""
"株式会社マルサテックス","6743087111484","","","","","","","910-2465","福井県福井市小当見町14-26","","","","","","","","","","","","","","","4210001008083","","","",""
"マルサニット株式会社","1375406110984","","","","","","","591-8032","大阪府堺市北区百舌鳥梅町二丁418-2","","","","","","","","","","","","","","","6120101030085","","","",""
"株式会社丸醒","6698741499116","","","","","","","604-0951","京都府京都市中京区晴明町662-2","","","","","","","","","","","","","","","6130001022669","","","",""
"丸三織布株式会社","7210987264378","","","","","","","594-0022","大阪府和泉市黒鳥町一丁目3-63","","","","","","","","","","","","","","","6120101041909","","","",""
"丸三織布株式会社","2364848310246","","","","","","","929-1704","石川県鹿島郡中能登町末坂タ部160","","","","","","","","","","","","","","","7220001015638","","","",""
"丸三纎維工業株式会社","9860169319012","","","","","","","303-0021","茨城県常総市水海道諏訪町3029","","","","","","","","","","","","","","","6050001029524","","","",""
"丸三テキスタイル株式会社","9060084976746","","","","","","","567-0811","大阪府茨木市上泉町4-17","","","","","","","","","","","","","","","1120001089994","","","",""
"株式会社マルシバ","1275663899538","","","","","","","103-0013","東京都中央区日本橋人形町二丁目14-6","","","","","","","","","","","","","","","5010001070425","","","",""
"丸昭株式会社","8726089625501","","","","","","","604-8271","京都府京都市中京区津軽町782","","","","","","","","","","","","","","","2130001022664","","","",""
"丸正織物株式会社","7162041246863","","","","","","","111-0051","東京都台東区蔵前四丁目7-4","","","","","","","","","","","","","","","8010501012972","","","",""
"株式会社丸匠坂本","9531927364433","","","","","","","616-8072","京都府京都市右京区太秦安井辰巳町11","","","","","","","","","","","","","","","7130001001928","","","",""
"株式会社マルシン","9464742029971","","","","","","","502-0926","岐阜県岐阜市旦島六丁目9-1","","","","","","","","","","","","","","","2200001004977","","","",""
"株式会社丸信","4093473571546","","","","","","","460-0008","愛知県名古屋市中区栄三丁目20-20","","","","","","","","","","","","","","","6180001040724","","","",""
"マルシン有限会社","9816647264389","","","","","","","491-0854","愛知県一宮市北園通三丁目14","","","","","","","","","","","","","","","7180002077640","","","",""
"丸進株式会社","8488340807802","","","","","","","617-0826","京都府長岡京市開田三丁目6-23","","","","","","","","","","","","","","","4130001018883","","","",""
"株式会社丸信","8388087832198","","","","","","","929-1725","石川県鹿島郡中能登町東馬場ち部36","","","","","","","","","","","","","","","2220001015675","","","",""
"丸進機業株式会社","1905948483061","","","","","","","960-1304","福島県福島市飯野町大久保南町56","","","","","","","","","","","","","","","6380001003041","","","",""
"丸信商事株式会社","9828450911609","","","","","","","103-0004","東京都中央区東日本橋一丁目4-13 MARUSHINビル","","","","","","","","","","","","","","","7010001078219","","","",""
"丸新タオル株式会社","9941984927429","","","","","","","103-0007","東京都中央区日本橋浜町二丁目4-5","","","","","","","","","","","","","","","6010001057405","","","",""
"株式会社マルシン中野","8121498555339","","","","","","","603-8401","京都府京都市北区大宮上ノ岸町18","","","","","","","","","","","","","","","4130001005485","","","",""
"丸壽株式会社","2905029007770","","","","","","","541-0053","大阪府大阪市中央区本町三丁目4-11","","","","","","","","","","","","","","","2120001090002","","","",""
"株式会社丸十","2841783977376","","","","","","","812-0026","福岡県福岡市博多区上川端町11-275","","","","","","","","","","","","","","","1290001016718","","","",""
"合資会社丸十商会","5040145871897","","","","","","","900-0013","沖縄県那覇市牧志三丁目13-17","","","","","","","","","","","","","","","1360003001198","","","",""
"株式会社丸十商店","4289887157546","","","","","","","540-0037","大阪府大阪市中央区内平野町二丁目2-2","","","","","","","","","","","","","","","3120001090001","","","",""
"丸寿産業株式会社","3471402992907","","","","","","","443-0005","愛知県蒲郡市水竹町松前44","","","","","","","","","","","","","","","8180301011349","","","",""
"株式会社丸上","3424057920884","","","","","","","103-0005","東京都中央区日本橋久松町4-14","","","","","","","","","","","","","","","7010001057189","","","",""
"株式会社丸城商店","2660905345077","","","","","","","326-0053","栃木県足利市伊勢町三丁目2-10","","","","","","","","","","","","","","","1060001019223","","","",""
"有限会社マルジン","1039233720955","","","","","","","598-0034","大阪府泉佐野市長滝234","","","","","","","","","","","","","","","2120102023959","","","",""
"丸甚毛織有限会社","7220801273090","","","","","","","596-0823","大阪府岸和田市下松町二丁目19-28","","","","","","","","","","","","","","","5120102021605","","","",""
"株式会社マルス伊藤商会","6707013969179","","","","","","","500-8855","岐阜県岐阜市新栄町31-3","","","","","","","","","","","","","","","9200001004987","","","",""
"株式会社丸盛","8526559971557","","","","","","","541-0055","大阪府大阪市中央区船場中央三丁目1-7 B-105号","","","","","","","","","","","","","","","5120001090032","","","",""
"有限会社丸清織物","7698810603768","","","","","","","711-0904","岡山県倉敷市児島唐琴一丁目14-39","","","","","","","","","","","","","","","2260002021289","","","",""
"丸清織物合名会社","4434945984820","","","","","","","500-8247","岐阜県岐阜市長森細畑1826","","","","","","","","","","","","","","","1200003000141","","","",""
"有限会社丸生パイル","6022868405186","","","","","","","431-3121","静岡県浜松市中央区有玉北町1485","","","","","","","","","","","","","","","1080402007709","","","",""
"株式会社マルセン","1579326440128","","","","","","","677-0063","兵庫県西脇市平野町302","","","","","","","","","","","","","","","5140001075915","","","",""
"丸善織物有限会社","7002645093692","","","","","","","629-3101","京都府京丹後市網野町網野1661","","","","","","","","","","","","","","","6130002033830","","","",""
"丸善織物株式会社","1325657792261","","","","","","","765-0031","香川県善通寺市金蔵寺町540","","","","","","","","","","","","","","","8470001008112","","","",""
"丸善商事株式会社","3241214058083","","","","","","","101-0043","東京都千代田区神田富山町26","","","","","","","","","","","","","","","3010001029596","","","",""
"丸善ボタン株式会社","4010099522688","","","","","","","540-0034","大阪府大阪市中央区島町一丁目1-2 丸善ボタンビル","","","","","","","","","","","","","","","6120001090031","","","",""
"株式会社丸宗","3054574009544","","","","","","","799-1512","愛媛県今治市高市甲265-2","","","","","","","","","","","","","","","5500001012344","","","",""
"株式会社丸双双葉屋商店","6427386335963","","","","","","","078-8211","北海道旭川市一条通十八丁目左6","","","","","","","","","","","","","","","7450001003041","","","",""
"丸田株式会社","6345626485393","","","","","","","460-0003","愛知県名古屋市中区錦一丁目6-30","","","","","","","","","","","","","","","1180001050067","","","",""
"マルタ株式会社","2118051476047","","","","","","","600-8095","京都府京都市下京区扇酒屋町304","","","","","","","","","","","","","","","5130001018890","","","",""
"丸太衣料株式会社","6112416876084","","","","","","","460-0011","愛知県名古屋市中区大須二丁目12-7","","","","","","","","","","","","","","","6180001040699","","","",""
"丸太遠藤株式会社","4995890631106","","","","","","","604-0031","京都府京都市中京区頭町7","","","","","","","","","","","","","","","9130001022674","","","",""
"丸高織物有限会社","6776812087582","","","","","","","711-0904","岡山県倉敷市児島唐琴二丁目6-27","","","","","","","","","","","","","","","3260002021313","","","",""
"株式会社マルタカグループ","4776530795775","","","","","","","479-0863","愛知県常滑市西之口二丁目70-1","","","","","","","","","","","","","","","9180002086284","","","",""
"マルタカシルク株式会社","4400849235072","","","","","","","603-8336","京都府京都市北区大将軍一条町94","","","","","","","","","","","","","","","9130001005489","","","",""
"丸竹織物株式会社","2009954698658","","","","","","","432-8061","静岡県浜松市中央区入野町9111","","","","","","","","","","","","","","","8080401005145","","","",""
"丸民織物株式会社","4650628566276","","","","","","","711-0904","岡山県倉敷市児島唐琴四丁目8-28","","","","","","","","","","","","","","","7260001014826","","","",""
"株式会社丸大","3344619879374","","","","","","","321-0911","栃木県宇都宮市問屋町3426-17","","","","","","","","","","","","","","","8060001004227","","","",""
"株式会社マルダイテント","3055708887958","","","","","","","515-0015","三重県松阪市宮町230","","","","","","","","","","","","","","","3190001010539","","","",""
"株式会社丸忠","1505220407512","","","","","","","532-0024","大阪府大阪市淀川区十三本町一丁目18-25 ウェルフォート十三本町607号","","","","","","","","","","","","","","","7120001070759","","","",""
"株式会社丸忠","1538754876516","","","","","","","602-8484","京都府京都市上京区蛭子町644","","","","","","","","","","","","","","","2130001003887","","","",""
"丸通株式会社","5703618798710","","","","","","","460-0002","愛知県名古屋市中区丸の内三丁目19-4 ロサンゼルスビル2F","","","","","","","","","","","","","","","9180001048616","","","",""
"株式会社マルテキスタイル","2977813249478","","","","","","","153-0063","東京都目黒区目黒二丁目11-8 バルビゾン43-3F","","","","","","","","","","","","","","","6013201011065","","","",""
"株式会社丸伝","6976375573120","","","","","","","670-0882","兵庫県姫路市広峰一丁目5-18","","","","","","","","","","","","","","","5140001061717","","","",""
"丸東繊維工業株式会社","3245564332078","","","","","","","443-0052","愛知県蒲郡市新井町南277","","","","","","","","","","","","","","","9180301011348","","","",""
"丸徳繊商株式会社","3335963022011","","","","","","","111-0052","東京都台東区柳橋二丁目18-6","","","","","","","","","","","","","","","1010501013003","","","",""
"株式会社丸俊","2744593594544","","","","","","","990-0071","山形県山形市流通センター二丁目4-3","","","","","","","","","","","","","","","2390001001774","","","",""
"株式会社丸敏織物","4361200833158","","","","","","","437-1115","静岡県袋井市湊1250","","","","","","","","","","","","","","","3080401017756","","","",""
"丸富商事株式会社","3759690865256","","","","","","","539-0000","大阪府大阪市中央区2-3-6","","","","","","","","","","","","","","","2120001115766","","","",""
"丸友株式会社","1810818729983","","","","","","","540-0012","大阪府大阪市中央区谷町二丁目7-6","","","","","","","","","","","","","","","6120001090072","","","",""
"丸豊織物株式会社","3670032437843","","","","","","","596-0806","大阪府岸和田市摩湯町530","","","","","","","","","","","","","","","5120101037676","","","",""
"有限会社マルナカ","2778221133853","","","","","","","711-0931","岡山県倉敷市児島赤崎四丁目4-9","","","","","","","","","","","","","","","2260002021322","","","",""
"株式会社マルナカ","1373363978260","","","","","","","501-0232","岐阜県瑞穂市野田新田4126-5","","","","","","","","","","","","","","","1200001010150","","","",""
"丸中株式会社","6466865551877","","","","","","","376-0027","群馬県桐生市元宿町3-20","","","","","","","","","","","","","","","8070001016601","","","",""
"株式会社丸中","4046580349776","","","","","","","629-2403","京都府与謝郡与謝野町字加悦1010","","","","","","","","","","","","","","","4130001040722","","","",""
"マルナカ商事株式会社","8371067993001","","","","","","","607-8416","京都府京都市山科区御陵進藤町4","","","","","","","","","","","","","","","9130001013376","","","",""
"丸西宗教織物株式会社","1740327063066","","","","","","","603-8313","京都府京都市北区紫野下柏野町51","","","","","","","","","","","","","","","7130001018906","","","",""
"株式会社マルニ日商","5870645483029","","","","","","","400-0851","山梨県甲府市住吉三丁目24-11","","","","","","","","","","","","","","","4090001002058","","","",""
"マルニヤ株式会社","5428729839343","","","","","","","730-0035","広島県広島市中区本通5-2","","","","","","","","","","","","","","","7240001011239","","","",""
"有限会社マルニヤビルデイング","7890472204843","","","","","","","730-0035","広島県広島市中区本通5-2","","","","","","","","","","","","","","","1240002015888","","","",""
"丸野タオル株式会社","9920866548228","","","","","","","794-0006","愛媛県今治市石井町一丁目3-45","","","","","","","","","","","","","","","5500001012360","","","",""
"丸橋株式会社","8778167654214","","","","","","","600-8443","京都府京都市下京区船鉾町380","","","","","","","","","","","","","","","1130001018911","","","",""
"丸八株式会社","8329134435786","","","","","","","600-8449","京都府京都市下京区富永町109","","","","","","","","","","","","","","","9130001018912","","","",""
"丸八株式会社","1147519267025","","","","","","","491-0044","愛知県一宮市大宮一丁目1-17","","","","","","","","","","","","","","","5180001083740","","","",""
"株式会社丸八","9363271053181","","","","","","","541-0058","大阪府大阪市中央区南久宝寺町二丁目3-5","","","","","","","","","","","","","","","9120001090103","","","",""
"丸八生糸株式会社","7382305671779","","","","","","","602-8448","京都府京都市上京区元北小路町149","","","","","","","","","","","","","","","6130001003891","","","",""
"丸八織布有限会社","3362990972235","","","","","","","475-0081","愛知県半田市平地町四丁目118","","","","","","","","","","","","","","","9180002083942","","","",""
"株式会社丸八たにかん","9965661124565","","","","","","","600-8096","京都府京都市下京区高橋町612","","","","","","","","","","","","","","","8130001018913","","","",""
"株式会社丸八テント商会","7949696395440","","","","","","","460-0008","愛知県名古屋市中区栄五丁目7-10","","","","","","","","","","","","","","","4180001040759","","","",""
"有限会社マルハン資材","3934552436040","","","","","","","492-8411","愛知県稲沢市北島町千野地11-36","","","","","","","","","","","","","","","3180002081308","","","",""
"株式会社マルヒサ","4383164485538","","","","","","","600-8427","京都府京都市下京区玉津島町296","","","","","","","","","","","","","","","6130001018915","","","",""
"株式会社丸兵","3216084727485","","","","","","","376-0013","群馬県桐生市広沢町二丁目4116-25","","","","","","","","","","","","","","","3070001016606","","","",""
"丸博株式会社","7368436545065","","","","","","","603-8406","京都府京都市北区大宮東小野堀町21-8","","","","","","","","","","","","","","","1130001005496","","","",""
"株式会社丸弘商店","3025663838172","","","","","","","602-8443","京都府京都市上京区元妙蓮寺町535-7","","","","","","","","","","","","","","","1130001003896","","","",""
"株式会社丸備","7192463913236","","","","","","","274-0063","千葉県船橋市習志野台二丁目57-17","","","","","","","","","","","","","","","3040001018786","","","",""
"株式会社丸福","2437769562718","","","","","","","607-8414","京都府京都市山科区御陵中内町38","","","","","","","","","","","","","","","7130001013378","","","",""
"株式会社丸福商会","6910688832083","","","","","","","600-8439","京都府京都市下京区坂東屋町275","","","","","","","","","","","","","","","8130001018921","","","",""
"丸福商事株式会社","5577075425382","","","","","","","600-8429","京都府京都市下京区御供石町359","","","","","","","","","","","","","","","7130001018922","","","",""
"株式会社丸福商店","6563120412455","","","","","","","959-0124","新潟県燕市五千石3275","","","","","","","","","","","","","","","5110001016491","","","",""
"株式会社丸藤","1180056550129","","","","","","","538-0041","大阪府大阪市鶴見区今津北四丁目14-10","","","","","","","","","","","","","","","9120001002603","","","",""
"丸紅ファッションリンク株式会社","3277322792578","","","","","","","151-0053","東京都渋谷区代々木一丁目22-1","","","","","","","","","","","","","","","8011001052690","","","",""
"丸ホームテキスタイル株式会社","6560799306181","","","","","","","541-0051","大阪府大阪市中央区備後町三丁目2-6 敷島ビル6F","","","","","","","","","","","","","","","7120001090179","","","",""
"株式会社マルマサ商店","2910589496990","","","","","","","460-0003","愛知県名古屋市中区錦二丁目6-21","","","","","","","","","","","","","","","8180001041019","","","",""
"マルマサ纎維株式会社","6503713759895","","","","","","","594-1113","大阪府和泉市黒石町278-1","","","","","","","","","","","","","","","5120101041942","","","",""
"丸松株式会社","9522781098941","","","","","","","460-0002","愛知県名古屋市中区丸の内二丁目14-16","","","","","","","","","","","","","","","9180001040787","","","",""
"丸松織布株式会社","1549945896476","","","","","","","491-0811","愛知県一宮市千秋町加納馬場760","","","","","","","","","","","","","","","9180001083745","","","",""
"株式会社丸萬","1955687742692","","","","","","","677-0015","兵庫県西脇市西脇405","","","","","","","","","","","","","","","9140001075366","","","",""
"株式会社丸万中尾","7919910334166","","","","","","","526-0835","滋賀県長浜市室町180","","","","","","","","","","","","","","","2160001007076","","","",""
"丸実株式会社","6527171520296","","","","","","","503-2114","岐阜県不破郡垂井町府中210-5","","","","","","","","","","","","","","","1200001014861","","","",""
"有限会社丸実テント工業所","2918875213627","","","","","","","073-0025","北海道滝川市流通団地一丁目2-39","","","","","","","","","","","","","","","3430002053082","","","",""
"株式会社丸見屋","8341524100644","","","","","","","500-8187","岐阜県岐阜市吉津町一丁目7","","","","","","","","","","","","","","","4200001005156","","","",""
"合同会社マルミヤ","4279536598949","","","","","","","440-0858","愛知県豊橋市つつじが丘三丁目8-1","","","","","","","","","","","","","","","3180303001699","","","",""
"丸宮商工株式会社","5823365932992","","","","","","","939-0135","富山県高岡市福岡町本領928","","","","","","","","","","","","","","","7230001011297","","","",""
"株式会社丸宗","4091871915973","","","","","","","401-0301","山梨県南都留郡富士河口湖町船津3636","","","","","","","","","","","","","","","2090001010153","","","",""
"丸茂商事株式会社","7033587197145","","","","","","","403-0019","山梨県富士吉田市新町四丁目5-15","","","","","","","","","","","","","","","6090001010166","","","",""
"株式会社丸本岩崎","4593956922813","","","","","","","041-0824","北海道函館市西桔梗町589-56","","","","","","","","","","","","","","","2440001002313","","","",""
"丸本貿易株式会社","9756064133718","","","","","","","101-0063","東京都千代田区神田淡路町一丁目19","","","","","","","","","","","","","","","2010001029498","","","",""
"丸安毛糸株式会社","1907285000158","","","","","","","130-0026","東京都墨田区両国三丁目21-5","","","","","","","","","","","","","","","1010601015394","","","",""
"マルヤマ株式会社","8420731410174","","","","","","","950-0916","新潟県新潟市中央区米山三丁目1-63","","","","","","","","","","","","","","","4110001007293","","","",""
"株式会社まるやま","4603629202022","","","","","","","948-0051","新潟県十日町市寿町二丁目1-10","","","","","","","","","","","","","","","1110001021272","","","",""
"丸山刺繍株式会社","6737879859819","","","","","","","541-0056","大阪府大阪市中央区久太郎町一丁目5-13","","","","","","","","","","","","","","","1140001075126","","","",""
"丸義伊藤織物株式会社","1229027867331","","","","","","","430-0807","静岡県浜松市中央区佐藤二丁目11-33","","","","","","","","","","","","","","","6080401005238","","","",""
"丸与商事株式会社","3805521167245","","","","","","","920-0061","石川県金沢市問屋町一丁目2","","","","","","","","","","","","","","","8220001006784","","","",""
"有限会社丸隆織物","6469448656847","","","","","","","434-0041","静岡県浜松市浜名区平口1950","","","","","","","","","","","","","","","7080402015598","","","",""
"丸六株式会社","9304529941720","","","","","","","920-0061","石川県金沢市問屋町二丁目30","","","","","","","","","","","","","","","3220001006789","","","",""
"株式会社丸和","3017140967050","","","","","","","503-0301","岐阜県海津市平田町須賀4014","","","","","","","","","","","","","","","1200001015554","","","",""
"丸和商事株式会社","1475899085303","","","","","","","700-0924","岡山県岡山市北区大元一丁目13-12","","","","","","","","","","","","","","","7260001006377","","","",""
"マルワ商事株式会社","6992871156402","","","","","","","542-0081","大阪府大阪市中央区南船場二丁目8-14","","","","","","","","","","","","","","","9120001090210","","","",""
"万定織物株式会社","1316346443517","","","","","","","629-2313","京都府与謝郡与謝野町字三河内1509","","","","","","","","","","","","","","","2130001040666","","","",""
"萬代商事株式会社","1018717535924","","","","","","","583-0864","大阪府羽曳野市羽曳が丘五丁目1-1","","","","","","","","","","","","","","","5120101032495","","","",""
"萬徳商事株式会社","5072212939823","","","","","","","668-0051","兵庫県豊岡市九日市上町817-10","","","","","","","","","","","","","","","6140001056113","","","",""
"万兵株式会社","2368893272586","","","","","","","460-0003","愛知県名古屋市中区錦二丁目12-14 MANHYO第1ビル","","","","","","","","","","","","","","","1180001040968","","","",""
"万平株式会社","4233807843910","","","","","","","491-0057","愛知県一宮市今伊勢町宮後西茶原66-1","","","","","","","","","","","","","","","4180001083799","","","",""
"万陽株式会社","6213938651259","","","","","","","491-0912","愛知県一宮市新生四丁目1-9","","","","","","","","","","","","","","","3180001083800","","","",""
"株式会社萬葉織苑","8458403099792","","","","","","","602-8485","京都府京都市上京区姥ケ東西町640","","","","","","","","","","","","","","","4130001022720","","","",""
"万葉商事株式会社","2653039878487","","","","","","","635-0035","奈良県大和高田市旭南町6-4","","","","","","","","","","","","","","","1150001013448","","","",""
"万葉寺井株式会社","6335543063325","","","","","","","604-8156","京都府京都市中京区山伏山町540 丸池藤井ビル4階","","","","","","","","","","","","","","","3130001022721","","","",""
"御絲織物株式会社","6314556118331","","","","","","","515-0344","三重県多気郡明和町大字養川甲373","","","","","","","","","","","","","","","2190001010853","","","",""
"御絲商事株式会社","6733368487715","","","","","","","516-0079","三重県伊勢市大世古一丁目5-12","","","","","","","","","","","","","","","1190001007033","","","",""
"三浦織物有限会社","9433494634388","","","","","","","343-0827","埼玉県越谷市川柳町一丁目5-1","","","","","","","","","","","","","","","4030002088110","","","",""
"株式会社三浦商会","1943571232893","","","","","","","604-8402","京都府京都市中京区聚楽廻西町186-20","","","","","","","","","","","","","","","7130001048580","","","",""
"三河綿業株式会社","2936573667256","","","","","","","444-0871","愛知県岡崎市大西二丁目7-5","","","","","","","","","","","","","","","5180301002012","","","",""
"ミカワールド株式会社","2066747096556","","","","","","","541-0054","大阪府大阪市中央区南本町一丁目5-15","","","","","","","","","","","","","","","9120001090276","","","",""
"ミキハンデル株式会社","4526015634001","","","","","","","550-0015","大阪府大阪市西区南堀江三丁目4-2 703号","","","","","","","","","","","","","","","6120001047691","","","",""
"株式会社三木屋洋装店","8306487446394","","","","","","","559-0001","大阪府大阪市住之江区粉浜三丁目9-22","","","","","","","","","","","","","","","7120001031711","","","",""
"美雲織物株式会社","6380572672048","","","","","","","629-2403","京都府与謝郡与謝野町字加悦1118","","","","","","","","","","","","","","","2130001040724","","","",""
"有限会社ミサキ","9204809356287","","","","","","","762-0025","香川県坂出市川津町3743-15","","","","","","","","","","","","","","","1470002015642","","","",""
"株式会社みさち","8865133199069","","","","","","","376-0042","群馬県桐生市堤町三丁目6-43","","","","","","","","","","","","","","","2070001016623","","","",""
"有限会社美鈴テキスタイル","8857394628509","","","","","","","711-0911","岡山県倉敷市児島小川一丁目1-78","","","","","","","","","","","","","","","1260002021422","","","",""
"水国織物株式会社","9301037244557","","","","","","","948-0088","新潟県十日町市駅通り21-1","","","","","","","","","","","","","","","5110001021277","","","",""
"有限会社みず隆","5382646178621","","","","","","","500-8225","岐阜県岐阜市岩地二丁目2-21","","","","","","","","","","","","","","","4200002004603","","","",""
"株式会社水谷","1885345049402","","","","","","","603-8422","京都府京都市北区紫竹下園生町36","","","","","","","","","","","","","","","7130001005516","","","",""
"水野株式会社","4304305285658","","","","","","","918-8231","福井県福井市問屋町一丁目140","","","","","","","","","","","","","","","6210001003776","","","",""
"株式会社溝渕商店","8212482143226","","","","","","","780-0843","高知県高知市廿代町4-21","","","","","","","","","","","","","","","4490001002364","","","",""
"溝呂木株式会社","7912889872415","","","","","","","103-0002","東京都中央区日本橋馬喰町一丁目14-4","","","","","","","","","","","","","","","9010001058549","","","",""
"株式会社ミタショー","5168835463922","","","","","","","376-0011","群馬県桐生市相生町一丁目273-3","","","","","","","","","","","","","","","5070001016629","","","",""
"三田商事株式会社","9115196200633","","","","","","","918-8003","福井県福井市毛矢三丁目8-5","","","","","","","","","","","","","","","6210001003792","","","",""
"三谷株式会社","5910986529582","","","","","","","602-0000","京都府京都市上京区南新在家町343","","","","","","","","","","","","","","","1130001003921","","","",""
"有限会社三谷勝三商店","1803073894886","","","","","","","720-0311","広島県福山市沼隈町大字草深1956-1","","","","","","","","","","","","","","","3240002038490","","","",""
"株式会社みちのくあかね会","8464406616448","","","","","","","020-0828","岩手県盛岡市大慈寺町10-34","","","","","","","","","","","","","","","6400001001513","","","",""
"道前株式会社","3000630464510","","","","","","","910-2178","福井県福井市栂野町8-19","","","","","","","","","","","","","","","5210001004040","","","",""
"三井工業株式会社","2877673254508","","","","","","","430-0923","静岡県浜松市中央区北寺島町208-1","","","","","","","","","","","","","","","6080401005295","","","",""
"光成織物有限会社","3017913774030","","","","","","","720-1264","広島県福山市芦田町大字福田2742-1","","","","","","","","","","","","","","","3240002043251","","","",""
"三政テキスタイル株式会社","8213379249974","","","","","","","150-0001","東京都渋谷区神宮前六丁目23-17 ロフティ原宿6階","","","","","","","","","","","","","","","8010001017191","","","",""
"三露産業株式会社","5773655465677","","","","","","","541-0053","大阪府大阪市中央区本町一丁目7-7 WAKITA堺筋本町ビル4階","","","","","","","","","","","","","","","2120001090423","","","",""
"有限会社ミツワ","5515450006899","","","","","","","326-0032","栃木県足利市真砂町7-27","","","","","","","","","","","","","","","5060002037922","","","",""
"みつわ商事株式会社","2806236411500","","","","","","","600-8447","京都府京都市下京区御影町468","","","","","","","","","","","","","","","3130001018975","","","",""
"株式会社美徳屋","4540342786676","","","","","","","579-8052","大阪府東大阪市上四条町2-4","","","","","","","","","","","","","","","2122001012720","","","",""
"三富株式会社","3961616097897","","","","","","","144-0035","東京都大田区南蒲田二丁目13-1","","","","","","","","","","","","","","","2010801024839","","","",""
"株式会社三都屋商店","9314946785565","","","","","","","541-0055","大阪府大阪市中央区船場中央三丁目2-8 203号","","","","","","","","","","","","","","","1120001090449","","","",""
"株式会社緑繊維ケース","9867670845854","","","","","","","918-8026","福井県福井市渕四丁目1515","","","","","","","","","","","","","","","6210001004048","","","",""
"有限会社みどりや","8176970501038","","","","","","","820-0042","福岡県飯塚市本町15-7","","","","","","","","","","","","","","","5290002046017","","","",""
"ミナ喜株式会社","8760619820623","","","","","","","577-0056","大阪府東大阪市長堂二丁目3-21 布施駅前ビル6階","","","","","","","","","","","","","","","7120001090484","","","",""
"みなと商事株式会社","9843888169742","","","","","","","236-0003","神奈川県横浜市金沢区幸浦二丁目13-3","","","","","","","","","","","","","","","1020001006877","","","",""
"有限会社湊屋","9708334814983","","","","","","","653-0841","兵庫県神戸市長田区松野通一丁目11-12","","","","","","","","","","","","","","","5140002009327","","","",""
"ミナミ株式会社","7255136738829","","","","","","","553-0003","大阪府大阪市福島区福島五丁目17-7","","","","","","","","","","","","","","","9120001036584","","","",""
"株式会社南","7600471757320","","","","","","","601-1123","京都府京都市左京区静市市原町1331","","","","","","","","","","","","","","","2130002006245","","","",""
"ミナミ織ネーム株式会社","5410428297950","","","","","","","910-0374","福井県坂井市丸岡町北横地38-1","","","","","","","","","","","","","","","5210001007687","","","",""
"株式会社南商店","5988247996193","","","","","","","604-8241","京都府京都市中京区釜座町35","","","","","","","","","","","","","","","6130001022768","","","",""
"株式会社みなみ紬","3522961345037","","","","","","","894-0004","鹿児島県奄美市名瀬鳩浜町215","","","","","","","","","","","","","","","1340001010756","","","",""
"南長島商事合同会社","7092577141248","","","","","","","460-0002","愛知県名古屋市中区丸の内二丁目18-25","","","","","","","","","","","","","","","1180001041173","","","",""
"南二条管財株式会社","7883102249332","","","","","","","060-0062","北海道札幌市中央区南二条西五丁目10-2","","","","","","","","","","","","","","","4430001011750","","","",""
"有限会社峰村屋","8634817364423","","","","","","","381-2411","長野県長野市信州新町竹房514-1","","","","","","","","","","","","","","","6100002006401","","","",""
"有限会社みね屋","5591826157070","","","","","","","907-0024","沖縄県石垣市字新川1129-2","","","","","","","","","","","","","","","9360002021512","","","",""
"株式会社蓑島ロジスティックス","2684233785656","","","","","","","501-0231","岐阜県瑞穂市野白新田320-3","","","","","","","","","","","","","","","7200001012604","","","",""
"株式会社ミノヤ","2946267423387","","","","","","","451-0053","愛知県名古屋市西区枇杷島五丁目1006","","","","","","","","","","","","","","","6180001032936","","","",""
"株式会社三橋フエルト商会","1749548894112","","","","","","","343-0002","埼玉県越谷市大字平方81-1","","","","","","","","","","","","","","","2030001065228","","","",""
"有限会社ミハマクロス","5405897975699","","","","","","","116-0014","東京都荒川区東日暮里六丁目44-7","","","","","","","","","","","","","","","6011502011379","","","",""
"株式会社三益","8126280345731","","","","","","","541-0055","大阪府大阪市中央区船場中央三丁目2-8 282船場センタービル8号館2階","","","","","","","","","","","","","","","2120001090522","","","",""
"ミマス株式会社","2577665127403","","","","","","","519-0414","三重県度会郡玉城町佐田626","","","","","","","","","","","","","","","9190001007059","","","",""
"株式会社みむろ","6793241201109","","","","","","","604-0066","京都府京都市中京区薬屋町586","","","","","","","","","","","","","","","5130001018998","","","",""
"有限会社宮井商店","7719893715152","","","","","","","221-0001","神奈川県横浜市神奈川区西寺尾三丁目20-9","","","","","","","","","","","","","","","9020002028269","","","",""
"株式会社宮内商会","9091915863365","","","","","","","653-0843","兵庫県神戸市長田区御屋敷通二丁目2-1","","","","","","","","","","","","","","","6140001016950","","","",""
"株式会社宮織","6558995590113","","","","","","","629-3113","京都府京丹後市網野町小浜925-1","","","","","","","","","","","","","","","8130001042921","","","",""
"宮川通商株式会社","8625685546732","","","","","","","101-0041","東京都千代田区神田須田町二丁目9","","","","","","","","","","","","","","","6010001030254","","","",""
"宮城レース株式会社","9258162004565","","","","","","","665-0042","兵庫県宝塚市美幸町10-51","","","","","","","","","","","","","","","4140001082061","","","",""
"有限会社三宅清商店","9806257863640","","","","","","","604-8133","京都府京都市中京区滕屋町185","","","","","","","","","","","","","","","5130002017520","","","",""
"株式会社都","5513494535682","","","","","","","602-8407","京都府京都市上京区伊佐町233","","","","","","","","","","","","","","","9130001003930","","","",""
"宮古織物事業協同組合","4025161847270","","","","","","","906-0201","沖縄県宮古島市上野野原1190-188","","","","","","","","","","","","","","","8360005003839","","","",""
"株式会社都纎維","5599061402815","","","","","","","103-0004","東京都中央区東日本橋二丁目17-4","","","","","","","","","","","","","","","5010001058263","","","",""
"有限会社ミヤコ畳資材","1338775718004","","","","","","","883-0022","宮崎県日向市大字平岩木ノ谷5662-3","","","","","","","","","","","","","","","7350002010996","","","",""
"株式会社宮崎","2895085519009","","","","","","","370-0006","群馬県高崎市問屋町一丁目4-2","","","","","","","","","","","","","","","9070001008523","","","",""
"宮崎織物株式会社","2453217020187","","","","","","","602-8362","京都府京都市上京区仲之町500","","","","","","","","","","","","","","","2130001003937","","","",""
"株式会社宮崎糸業","7494312241882","","","","","","","625-0042","京都府舞鶴市溝尻町15","","","","","","","","","","","","","","","4130001043741","","","",""
"宮崎商事株式会社","4669396406700","","","","","","","581-0085","大阪府八尾市安中町三丁目8-5","","","","","","","","","","","","","","","1120001090614","","","",""
"宮下織物株式会社","8759806695174","","","","","","","403-0006","山梨県富士吉田市新屋1515-1","","","","","","","","","","","","","","","8090001010189","","","",""
"株式会社宮嶋商事","6006497555551","","","","","","","949-8522","新潟県十日町市伊達甲971-1","","","","","","","","","","","","","","","1110001021438","","","",""
"ミヤジンテキスタイル株式会社","2021153442159","","","","","","","550-0012","大阪府大阪市西区立売堀一丁目12-6","","","","","","","","","","","","","","","6120001047774","","","",""
"宮善織物株式会社","7503519347514","","","","","","","483-8302","愛知県江南市宮田神明町天王108","","","","","","","","","","","","","","","3180001087693","","","",""
"宮田織物株式会社","9551194893473","","","","","","","603-8371","京都府京都市北区衣笠東御所ノ内町48-2","","","","","","","","","","","","","","","2130001005545","","","",""
"宮竹株式会社","6268724859244","","","","","","","923-0813","石川県小松市糸町1-5","","","","","","","","","","","","","","","3220001012473","","","",""
"有限会社宮田光二商店","7087641981237","","","","","","","890-0054","鹿児島県鹿児島市荒田一丁目62-8 ミヤタビル2F","","","","","","","","","","","","","","","8340002009394","","","",""
"株式会社宮田商店","1340893086352","","","","","","","460-0003","愛知県名古屋市中区錦一丁目20-12 伏見ビル地下1階","","","","","","","","","","","","","","","6180001041210","","","",""
"株式会社宮地商事","3520561659872","","","","","","","368-0026","埼玉県秩父市相生町15-16","","","","","","","","","","","","","","","2030002121789","","","",""
"宮原タオル株式会社","6716877536118","","","","","","","839-1233","福岡県久留米市田主丸町田主丸145-2","","","","","","","","","","","","","","","6290001050729","","","",""
"宮原紬株式会社","5329191527241","","","","","","","604-8375","京都府京都市中京区西ノ京池ノ内町16-7","","","","","","","","","","","","","","","1130001022797","","","",""
"株式会社ミヤハン","9787906765836","","","","","","","101-0021","東京都千代田区外神田五丁目5-4","","","","","","","","","","","","","","","6010001030213","","","",""
"有限会社みやび","8192072907642","","","","","","","435-0033","静岡県浜松市中央区石原町649-2","","","","","","","","","","","","","","","8080402008106","","","",""
"三山株式会社","1053153324665","","","","","","","543-0073","大阪府大阪市天王寺区生玉寺町1-10","","","","","","","","","","","","","","","6120001025508","","","",""
"有限会社ミヤマ全織","9385365928678","","","","","","","376-0002","群馬県桐生市境野町七丁目86-1","","","","","","","","","","","","","","","3070002024896","","","",""
"ミヤミチ株式会社","1641868778647","","","","","","","450-0003","愛知県名古屋市中村区名駅南一丁目23-31","","","","","","","","","","","","","","","6180001032969","","","",""
"有限会社宮本糸商","7811675244837","","","","","","","125-0002","東京都葛飾区西亀有四丁目21-1","","","","","","","","","","","","","","","7011802007679","","","",""
"宮本商事株式会社","9620347771426","","","","","","","651-0086","兵庫県神戸市中央区磯上通四丁目3-2","","","","","","","","","","","","","","","2140001011220","","","",""
"株式会社ミュー・アリエス","5774993902048","","","","","","","464-0084","愛知県名古屋市千種区松軒一丁目7-15","","","","","","","","","","","","","","","2180001003016","","","",""
"みゆき商事株式会社","5621126862859","","","","","","","600-8465","京都府京都市下京区高辻西洞院町791","","","","","","","","","","","","","","","1130001019018","","","",""
"三好興業株式会社","7659654071063","","","","","","","916-0029","福井県鯖江市北野町二丁目20-5","","","","","","","","","","","","","","","6210001013313","","","",""
"美吉商事株式会社","5790876842524","","","","","","","600-8302","京都府京都市下京区蛭子町118","","","","","","","","","","","","","","","4130001019023","","","",""
"三吉商事株式会社","5690980997213","","","","","","","491-0831","愛知県一宮市森本三丁目15-25","","","","","","","","","","","","","","","4180001083865","","","",""
"有限会社ミルキーウエイ","8449243897473","","","","","","","134-0088","東京都江戸川区西葛西三丁目17-10","","","","","","","","","","","","","","","4011702011420","","","",""
"ミレニアム株式会社","9589304277154","","","","","","","343-0041","埼玉県越谷市千間台西三丁目4 パークタウン9-402","","","","","","","","","","","","","","","6010501022676","","","",""
"株式会社ミロス","3266783304414","","","","","","","494-0007","愛知県一宮市小信中島東鵜飼分23","","","","","","","","","","","","","","","1180001084437","","","",""
"みわき株式会社","5128152866983","","","","","","","992-0039","山形県米沢市門東町二丁目6-12","","","","","","","","","","","","","","","9390001010141","","","",""
"三輪毛織株式会社","4744728209069","","","","","","","540-0012","大阪府大阪市中央区谷町四丁目1-2","","","","","","","","","","","","","","","3120001090422","","","",""
"株式会社向井商店","1130907168115","","","","","","","602-8169","京都府京都市上京区西神明町342","","","","","","","","","","","","","","","2130001003953","","","",""
"株式会社むげん","2916793906948","","","","","","","615-0006","京都府京都市右京区西院金槌町11","","","","","","","","","","","","","","","3130001002005","","","",""
"虫文毛織株式会社","1307663956122","","","","","","","493-0001","愛知県一宮市木曽川町黒田東町北86","","","","","","","","","","","","","","","8180001084629","","","",""
"合資会社睦美産業","4933177948917","","","","","","","475-0966","愛知県半田市岩滑西町三丁目7","","","","","","","","","","","","","","","3180003012872","","","",""
"夢滴スタイル株式会社","9345898718839","","","","","","","493-8001","愛知県一宮市北方町北方中屋敷郷244","","","","","","","","","","","","","","","1180001125422","","","",""
"村岡繊維株式会社","7903194608802","","","","","","","039-1165","青森県八戸市石堂一丁目24-16","","","","","","","","","","","","","","","5420001012880","","","",""
"株式会社ムラカミ","1241842728073","","","","","","","060-0013","北海道札幌市中央区北十三条西十七丁目1-36","","","","","","","","","","","","","","","3430001016775","","","",""
"村上織物株式会社","3713333055523","","","","","","","599-8242","大阪府堺市中区陶器北870","","","","","","","","","","","","","","","1120101007344","","","",""
"村上敷物株式会社","2016211178959","","","","","","","590-0132","大阪府堺市南区原山台五丁17-7","","","","","","","","","","","","","","","5120101007349","","","",""
"村上商事株式会社","9775472301731","","","","","","","543-0052","大阪府大阪市天王寺区大道四丁目1-13","","","","","","","","","","","","","","","1120001025529","","","",""
"株式会社むらかみ商店","8705601544403","","","","","","","376-0011","群馬県桐生市相生町五丁目1-6","","","","","","","","","","","","","","","8070001017319","","","",""
"株式会社村上實商店","6283781538720","","","","","","","794-0041","愛媛県今治市松本町一丁目6-18","","","","","","","","","","","","","","","3500001012420","","","",""
"村川纎維株式会社","3888778260712","","","","","","","534-0023","大阪府大阪市都島区都島南通一丁目13-22","","","","","","","","","","","","","","","1120001008797","","","",""
"株式会社ムラガキ","1833030081032","","","","","","","544-0012","大阪府大阪市生野区巽西二丁目4-23","","","","","","","","","","","","","","","9120001019028","","","",""
"村木商事株式会社","6071400941310","","","","","","","431-3111","静岡県浜松市中央区中郡町200","","","","","","","","","","","","","","","3080401005380","","","",""
"株式会社村崎","8323380643783","","","","","","","111-0053","東京都台東区浅草橋二丁目7-1","","","","","","","","","","","","","","","9010501014563","","","",""
"紫野商事株式会社","9403026292440","","","","","","","706-0012","岡山県玉野市玉二丁目20-9","","","","","","","","","","","","","","","4010001068701","","","",""
"株式会社村瀬嘉商店","6388680942341","","","","","","","602-8163","京都府京都市上京区田中町462","","","","","","","","","","","","","","","1130001003962","","","",""
"株式会社ムラセン","6891149384819","","","","","","","720-0832","広島県福山市水呑町623-2","","","","","","","","","","","","","","","2240001046149","","","",""
"村田織物株式会社","9914912155292","","","","","","","602-8224","京都府京都市上京区弾正町731","","","","","","","","","","","","","","","7130001003965","","","",""
"株式会社村田商店","7978137803508","","","","","","","918-8231","福井県福井市問屋町二丁目8","","","","","","","","","","","","","","","3210001004083","","","",""
"有限会社村田商店","7945548519725","","","","","","","116-0014","東京都荒川区東日暮里四丁目34-6","","","","","","","","","","","","","","","4011502011463","","","",""
"ムラタセンイ株式会社","9807432405087","","","","","","","432-8003","静岡県浜松市中区和地山二丁目15-7","","","","","","","","","","","","","","","9080401012116","","","",""
"村田長株式会社","8186015435179","","","","","","","541-0051","大阪府大阪市中央区備後町二丁目1-8 備後町野村ビル8階","","","","","","","","","","","","","","","6120001108452","","","",""
"有限会社村山商店","2678073694972","","","","","","","600-8420","京都府京都市下京区高砂町371","","","","","","","","","","","","","","","3130002008026","","","",""
"有限会社室田織物","2667986677094","","","","","","","918-8181","福井県福井市浅水町1-60-3","","","","","","","","","","","","","","","9210002003624","","","",""
"室谷株式会社","5617082405382","","","","","","","540-0038","大阪府大阪市中央区内淡路町一丁目4-1","","","","","","","","","","","","","","","8120001090681","","","",""
"株式会社ムロテキスタイル","2737506185906","","","","","","","541-0043","大阪府大阪市中央区高麗橋一丁目5-14","","","","","","","","","","","","","","","1120001090671","","","",""
"室町の加納株式会社","5871828828123","","","","","","","604-0021","京都府京都市中京区蛸薬師町285","","","","","","","","","","","","","","","9130001022831","","","",""
"明杏産業株式会社","9163481161116","","","","","","","402-0052","山梨県都留市中央二丁目2-1","","","","","","","","","","","","","","","1090001008529","","","",""
"明晃商事株式会社","4496945528895","","","","","","","677-0054","兵庫県西脇市野村町1298","","","","","","","","","","","","","","","8140001075945","","","",""
"株式会社名匠庵","5386115552046","","","","","","","465-0097","愛知県名古屋市名東区平和が丘四丁目299","","","","","","","","","","","","","","","1180001003041","","","",""
"株式会社メイセイインターナショナル","3475509821028","","","","","","","344-0067","埼玉県春日部市中央六丁目8-19 2F","","","","","","","","","","","","","","","2030001013905","","","",""
"株式会社メイト・商会","6721912602190","","","","","","","111-0052","東京都台東区柳橋一丁目30-7","","","","","","","","","","","","","","","1010501013969","","","",""
"名南株式会社","5426149592071","","","","","","","451-0045","愛知県名古屋市西区名駅二丁目28-20","","","","","","","","","","","","","","","7180001027415","","","",""
"株式会社名物裂","6390286430803","","","","","","","603-8163","京都府京都市北区小山南大野町22-3","","","","","","","","","","","","","","","3130001005560","","","",""
"株式会社メイホー","5179867527892","","","","","","","639-2113","奈良県葛城市北花内230","","","","","","","","","","","","","","","7150001013541","","","",""
"明林繊維株式会社","5109806498312","","","","","","","910-0021","福井県福井市乾徳三丁目11-30","","","","","","","","","","","","","","","6210001004097","","","",""
"明和株式会社","6957854590827","","","","","","","641-0004","和歌山県和歌山市和田1176","","","","","","","","","","","","","","","7170001003292","","","",""
"メイワ株式会社","7996294019719","","","","","","","650-0046","兵庫県神戸市中央区港島中町六丁目2-4","","","","","","","","","","","","","","","7140001104795","","","",""
"明和株式会社","6590449139335","","","","","","","452-0821","愛知県名古屋市西区上小田井二丁目167","","","","","","","","","","","","","","","6180001027432","","","",""
"明和織物株式会社","9693669900537","","","","","","","432-8041","静岡県浜松市中央区菅原町11-12","","","","","","","","","","","","","","","4080401005421","","","",""
"明和産業株式会社","1975577200125","","","","","","","721-0954","広島県福山市卸町7-6","","","","","","","","","","","","","","","8240001032358","","","",""
"メイワホールディングス株式会社","6953478814159","","","","","","","650-0046","兵庫県神戸市中央区港島中町六丁目2-4","","","","","","","","","","","","","","","6140001011282","","","",""
"株式会社メウメウレース","7053771756200","","","","","","","541-0055","大阪府大阪市中央区船場中央一丁目3-2 308号船場センタービル2号館","","","","","","","","","","","","","","","5120001090718","","","",""
"有限会社めぐみ手芸","4516174672253","","","","","","","899-2512","鹿児島県日置市伊集院町上神殿2392-3","","","","","","","","","","","","","","","2340002009689","","","",""
"株式会社メディックス","5730078338196","","","","","","","771-1153","徳島県徳島市応神町吉成西吉成42","","","","","","","","","","","","","","","3480001002770","","","",""
"株式会社メディテックジャパン","3851639585840","","","","","","","541-0056","大阪府大阪市中央区久太郎町二丁目2-7 山口興産堺筋ビル6階","","","","","","","","","","","","","","","7120001090798","","","",""
"有限会社メトロポリス","5858262989015","","","","","","","158-0094","東京都世田谷区玉川三丁目21-8 301","","","","","","","","","","","","","","","8010902024889","","","",""
"株式会社メナム","2652553076183","","","","","","","140-0014","東京都品川区大井四丁目4-2 MAX-1ビル1204","","","","","","","","","","","","","","","6010701009705","","","",""
"メルト・マルナカ株式会社","4829720390753","","","","","","","451-0066","愛知県名古屋市西区児玉二丁目23-9","","","","","","","","","","","","","","","1180001027453","","","",""
"株式会社モアテキスタイル","4383472740219","","","","","","","611-0043","京都府宇治市伊勢田町蔭田1-20","","","","","","","","","","","","","","","4130001033156","","","",""
"有限会社萌黄","5875355741666","","","","","","","602-8432","京都府京都市上京区北猪熊町303","","","","","","","","","","","","","","","4130002022240","","","",""
"株式会社最上","2616126106727","","","","","","","103-0013","東京都中央区日本橋人形町二丁目34-12","","","","","","","","","","","","","","","8010001059119","","","",""
"株式会社木馬","4429461903700","","","","","","","111-0051","東京都台東区蔵前四丁目16-8","","","","","","","","","","","","","","","7010501015308","","","",""
"株式会社ｍｏｄａ　Ｊａｐａｎ","4968791898497","","","","","","","540-0027","大阪府大阪市中央区鎗屋町二丁目2-5","","","","","","","","","","","","","","","1120001190579","","","",""
"持田商工株式会社","9521605543849","","","","","","","103-0007","東京都中央区日本橋浜町二丁目1-1 田辺浜町ビル4F","","","","","","","","","","","","","","","7010001030963","","","",""
"株式会社持田六郎商店","9978491154620","","","","","","","366-0815","埼玉県深谷市櫛引82-15","","","","","","","","","","","","","","","1030001086605","","","",""
"望月株式会社","1055963365837","","","","","","","111-0025","東京都台東区東浅草二丁目12-12","","","","","","","","","","","","","","","6010501015614","","","",""
"有限会社モデル洋装店","5212871634163","","","","","","","375-0024","群馬県藤岡市藤岡380-3","","","","","","","","","","","","","","","3070002017850","","","",""
"株式会社モトエ総業","3693053906637","","","","","","","167-0051","東京都杉並区荻窪三丁目16-12","","","","","","","","","","","","","","","5011301008718","","","",""
"株式会社モトキコーポレーション","8959313516971","","","","","","","216-0044","神奈川県川崎市宮前区西野川三丁目8-9","","","","","","","","","","","","","","","3020001082314","","","",""
"株式会社モトキ商会","3136009650275","","","","","","","590-0832","大阪府堺市堺区出島浜通5-18","","","","","","","","","","","","","","","7120101007264","","","",""
"元橋商事株式会社","5789031806867","","","","","","","101-0032","東京都千代田区岩本町二丁目11-7","","","","","","","","","","","","","","","9010001030986","","","",""
"本橋テープ株式会社","4408429653313","","","","","","","421-0301","静岡県榛原郡吉田町住吉3216-5","","","","","","","","","","","","","","","2080001014089","","","",""
"モマサレース工業株式会社","3240959650719","","","","","","","326-0103","栃木県足利市粟谷町399-5","","","","","","","","","","","","","","","3060001019287","","","",""
"株式会社もめんやまきの","9989098211464","","","","","","","155-0031","東京都世田谷区北沢二丁目24-7","","","","","","","","","","","","","","","4010901019794","","","",""
"モーリ株式会社","7035717574289","","","","","","","711-0904","岡山県倉敷市児島唐琴三丁目6-53","","","","","","","","","","","","","","","6260001015016","","","",""
"株式会社モリイコ","7063938682927","","","","","","","540-0012","大阪府大阪市中央区谷町二丁目3-2","","","","","","","","","","","","","","","7120001091029","","","",""
"森井商事株式会社","7821783903288","","","","","","","607-8422","京都府京都市山科区御陵封ジ山町2-102","","","","","","","","","","","","","","","6130001022875","","","",""
"森内織物株式会社","4749481024337","","","","","","","578-0924","大阪府東大阪市吉田六丁目4-33","","","","","","","","","","","","","","","8122001007343","","","",""
"森織物合資会社","6101021519397","","","","","","","491-0908","愛知県一宮市深坪町1-1","","","","","","","","","","","","","","","3180003011742","","","",""
"モリ機業有限会社","4951636838783","","","","","","","629-3101","京都府京丹後市網野町網野2708-8","","","","","","","","","","","","","","","7130002033978","","","",""
"森菊株式会社","8571149221599","","","","","","","443-0045","愛知県蒲郡市旭町10-2","","","","","","","","","","","","","","","7180301011416","","","",""
"森菊織物株式会社","6354778773249","","","","","","","443-0056","愛知県蒲郡市神明町3-26","","","","","","","","","","","","","","","8180301011448","","","",""
"株式会社森健","7577906082258","","","","","","","918-8231","福井県福井市問屋町四丁目710-2","","","","","","","","","","","","","","","9210001004128","","","",""
"株式会社森工芸","1222148213356","","","","","","","617-0002","京都府向日市寺戸町西野25-22","","","","","","","","","","","","","","","6130001007455","","","",""
"有限会社モリ産業","4736511024267","","","","","","","505-0003","岐阜県美濃加茂市山之上町993-2","","","","","","","","","","","","","","","4200002016276","","","",""
"株式会社森茂","5063549977933","","","","","","","606-8266","京都府京都市左京区北白川久保田町60","","","","","","","","","","","","","","","5130001007456","","","",""
"森下武道衣株式会社","3943723407426","","","","","","","462-0826","愛知県名古屋市北区東大杉町三丁目28","","","","","","","","","","","","","","","2180001013691","","","",""
"森島株式会社","3953393624930","","","","","","","600-8475","京都府京都市下京区風早町580","","","","","","","","","","","","","","","6130001019079","","","",""
"株式会社森商店","9619047400769","","","","","","","600-8223","京都府京都市下京区大黒町233","","","","","","","","","","","","","","","4130001037594","","","",""
"森田メリヤス株式会社","4558075297957","","","","","","","640-8314","和歌山県和歌山市神前377-7","","","","","","","","","","","","","","","7170001003342","","","",""
"森常株式会社","2675838163011","","","","","","","929-1100","石川県かほく市高松ケ11-20","","","","","","","","","","","","","","","6220001017841","","","",""
"森敏株式会社","7949756313941","","","","","","","493-0004","愛知県一宮市木曽川町玉ノ井辻西77","","","","","","","","","","","","","","","5180001084631","","","",""
"株式会社森戸商店","9093297476467","","","","","","","600-8460","京都府京都市下京区荒神町450-1","","","","","","","","","","","","","","","8130001019085","","","",""
"有限会社森野織物","6574328235971","","","","","","","521-1241","滋賀県東近江市乙女浜町392","","","","","","","","","","","","","","","5160002009903","","","",""
"森博多織株式会社","4336058296642","","","","","","","811-2109","福岡県糟屋郡宇美町桜原三丁目4-7","","","","","","","","","","","","","","","7290001017082","","","",""
"森秀織物株式会社","4475860319005","","","","","","","376-0034","群馬県桐生市東四丁目2-24","","","","","","","","","","","","","","","4070001016679","","","",""
"有限会社盛文商店","3206072121217","","","","","","","466-0833","愛知県名古屋市昭和区隼人町14-9","","","","","","","","","","","","","","","2180002033268","","","",""
"森紡績株式会社","9216018293789","","","","","","","491-0914","愛知県一宮市花池二丁目20-15","","","","","","","","","","","","","","","4180001084970","","","",""
"森盈織物株式会社","9135614192692","","","","","","","376-0027","群馬県桐生市元宿町21-20","","","","","","","","","","","","","","","2070001016680","","","",""
"森本株式会社","1955258097339","","","","","","","910-0023","福井県福井市順化一丁目12-14","","","","","","","","","","","","","","","2210001004150","","","",""
"森本産業株式会社","1342826847103","","","","","","","599-8236","大阪府堺市中区深井沢町3405","","","","","","","","","","","","","","","5120101007324","","","",""
"森本パイル織物株式会社","6106173987806","","","","","","","649-7112","和歌山県伊都郡かつらぎ町大字中飯降1067","","","","","","","","","","","","","","","6170001011098","","","",""
"森弥毛織株式会社","7402392798773","","","","","","","595-0014","大阪府泉大津市寿町1-45","","","","","","","","","","","","","","","4120101042859","","","",""
"株式会社守屋商店","1365151549653","","","","","","","176-0012","東京都練馬区豊玉北二丁目15-2","","","","","","","","","","","","","","","4011601006959","","","",""
"有限会社森山商店","8170003576762","","","","","","","259-1104","神奈川県伊勢原市坪ノ内71-7","","","","","","","","","","","","","","","9021002035602","","","",""
"株式会社盛山商店","3889635780607","","","","","","","811-1101","福岡県福岡市早良区重留三丁目25-3","","","","","","","","","","","","","","","6290001017091","","","",""
"株式会社森要","5555281207299","","","","","","","813-0034","福岡県福岡市東区多の津一丁目11-1","","","","","","","","","","","","","","","3290001017813","","","",""
"株式会社森羅紗店","4786451100624","","","","","","","101-0025","東京都千代田区神田佐久間町二丁目6","","","","","","","","","","","","","","","1010003004995","","","",""
"森竜株式会社","9010189736155","","","","","","","333-0834","埼玉県川口市大字安行領根岸2219","","","","","","","","","","","","","","","8030001077548","","","",""
"モリリン株式会社","4741919161420","","","","","","","103-0004","東京都中央区東日本橋二丁目1-3","","","","","","","","","","","","","","","3180001083916","","","",""
"有限会社諸岡フィルター工業","7215867345328","","","","","","","792-0022","愛媛県新居浜市徳常町7-54","","","","","","","","","","","","","","","9500002017479","","","",""
"有限会社諸岡縫工店","9514468400406","","","","","","","792-0022","愛媛県新居浜市徳常町7-54","","","","","","","","","","","","","","","3500002017344","","","",""
"文字株式会社","5590544667194","","","","","","","602-8428","京都府京都市上京区幸在町700","","","","","","","","","","","","","","","8130001003980","","","",""
"株式会社文殊","1868335548328","","","","","","","577-0835","大阪府東大阪市柏田西三丁目6-1","","","","","","","","","","","","","","","4122001004261","","","",""
"モンテ商事株式会社","5104829418783","","","","","","","541-0048","大阪府大阪市中央区瓦町三丁目4-9","","","","","","","","","","","","","","","1120001086034","","","",""
"モンディ東京株式会社","6982608248262","","","","","","","107-0052","東京都港区赤坂二丁目14-5 7階","","","","","","","","","","","","","","","2010401062173","","","",""
"モンドフィル株式会社","9523185577571","","","","","","","604-8481","京都府京都市中京区西ノ京冷泉町112","","","","","","","","","","","","","","","4130001003992","","","",""
"株式会社ヤギ","9022498975031","","","","","","","541-0056","大阪府大阪市中央区久太郎町二丁目2-8","","","","","","","","","","","","","","","6120001077581","","","",""
"株式会社八木商店","2161270280967","","","","","","","150-0036","東京都渋谷区南平台町5-3 211","","","","","","","","","","","","","","","2010001111702","","","",""
"八木新株式会社","9783387064209","","","","","","","541-0055","大阪府大阪市中央区船場中央三丁目1-7 B104号","","","","","","","","","","","","","","","4120001091106","","","",""
"株式会社ヤギセイ","6713643829806","","","","","","","541-0051","大阪府大阪市中央区備後町一丁目4-5","","","","","","","","","","","","","","","8120001091102","","","",""
"八木繊維原料株式会社","1993048596258","","","","","","","553-0002","大阪府大阪市福島区鷺洲五丁目9-7","","","","","","","","","","","","","","","7120001036677","","","",""
"八木通商株式会社","8336815056042","","","","","","","541-0041","大阪府大阪市中央区北浜三丁目1-9","","","","","","","","","","","","","","","1120001077578","","","",""
"弥栄織物株式会社","1952374200065","","","","","","","603-8345","京都府京都市北区平野八丁柳町65","","","","","","","","","","","","","","","6130001005590","","","",""
"合資会社弥榮織布工場","9713555974873","","","","","","","443-0102","愛知県蒲郡市金平町頂拝6","","","","","","","","","","","","","","","4180303001780","","","",""
"株式会社ヤザキ","7445795135893","","","","","","","136-0071","東京都江東区亀戸四丁目56-10","","","","","","","","","","","","","","","3010601007299","","","",""
"株式会社やざわ商店","2664042555024","","","","","","","131-0032","東京都墨田区東向島二丁目43-2","","","","","","","","","","","","","","","4010601017132","","","",""
"株式会社矢周","6870003538583","","","","","","","333-0835","埼玉県川口市大字道合1246","","","","","","","","","","","","","","","6030001077574","","","",""
"株式会社矢代仁","9640317333334","","","","","","","604-8175","京都府京都市中京区円福寺町337","","","","","","","","","","","","","","","6130001022909","","","",""
"安栄シルク株式会社","1617085197244","","","","","","","629-3121","京都府京丹後市網野町島津1127","","","","","","","","","","","","","","","2130001042927","","","",""
"安嘉絹織株式会社","7765153303609","","","","","","","629-2404","京都府与謝郡与謝野町字後野656-1","","","","","","","","","","","","","","","9130001040726","","","",""
"安田織物株式会社","9499754036219","","","","","","","629-2404","京都府与謝郡与謝野町字後野811-2","","","","","","","","","","","","","","","8130001040727","","","",""
"株式会社安田幸","3005950615614","","","","","","","600-8095","京都府京都市下京区扇酒屋町302-1","","","","","","","","","","","","","","","2130001019116","","","",""
"合名会社安田商店","7740894067919","","","","","","","504-0022","岐阜県各務原市那加東亜町55","","","","","","","","","","","","","","","5200003001169","","","",""
"株式会社安田商店","7645174275228","","","","","","","116-0014","東京都荒川区東日暮里四丁目15-7","","","","","","","","","","","","","","","1011501009073","","","",""
"やすむら株式会社","3972302279141","","","","","","","600-8096","京都府京都市下京区高橋町618","","","","","","","","","","","","","","","8130001019119","","","",""
"株式会社安本武司商店","4120782001758","","","","","","","600-8042","京都府京都市下京区俵屋町228-1","","","","","","","","","","","","","","","6130001019120","","","",""
"薬研有限会社","6255518242718","","","","","","","992-0053","山形県米沢市松が岬三丁目4-33","","","","","","","","","","","","","","","3390002013495","","","",""
"柳川株式会社","3101522394654","","","","","","","350-0815","埼玉県川越市大字鯨井1556-2","","","","","","","","","","","","","","","1030001055733","","","",""
"柳田株式会社","7829336837175","","","","","","","326-0814","栃木県足利市通六丁目309","","","","","","","","","","","","","","","2060001019305","","","",""
"株式会社ヤナセ","9145127773900","","","","","","","105-0004","東京都港区新橋六丁目20-6","","","","","","","","","","","","","","","2010401029825","","","",""
"矢野株式会社","8824221246494","","","","","","","604-8201","京都府京都市中京区長浜町153","","","","","","","","","","","","","","","3130001022928","","","",""
"株式会社ヤノダ","8794352374889","","","","","","","124-0012","東京都葛飾区立石二丁目13-3 コープ野村立石1103","","","","","","","","","","","","","","","2011801022980","","","",""
"株式会社八幡屋商店","7032400464987","","","","","","","910-0023","福井県福井市順化二丁目23-7","","","","","","","","","","","","","","","4210001002714","","","",""
"株式会社ヤブウチ","4803997880424","","","","","","","526-0021","滋賀県長浜市八幡中山町732","","","","","","","","","","","","","","","1160001007127","","","",""
"株式会社ヤブノニツト","5399351864254","","","","","","","641-0002","和歌山県和歌山市新中島36","","","","","","","","","","","","","","","9170001003365","","","",""
"山足織物合資会社","6838746317052","","","","","","","715-0022","岡山県井原市下出部町123","","","","","","","","","","","","","","","7260003000824","","","",""
"有限会社山井会計センター","4547218212506","","","","","","","629-2303","京都府与謝郡与謝野町字石川6260-2","","","","","","","","","","","","","","","2130002033850","","","",""
"株式会社やまいち","7692006846737","","","","","","","664-0873","兵庫県伊丹市野間三丁目7-23","","","","","","","","","","","","","","","5140001079032","","","",""
"山一織物株式会社","2423774108016","","","","","","","103-0004","東京都中央区東日本橋三丁目6-17 7階","","","","","","","","","","","","","","","2010001059256","","","",""
"株式会社山一白木屋","7162572174631","","","","","","","500-8304","岐阜県岐阜市柳川町30-2","","","","","","","","","","","","","","","7200001005574","","","",""
"有限会社ヤマオカ","9946807856626","","","","","","","543-0014","大阪府大阪市天王寺区玉造元町2-31","","","","","","","","","","","","","","","1120002013813","","","",""
"山音株式会社","4580693617453","","","","","","","604-8203","京都府京都市中京区衣棚町41","","","","","","","","","","","","","","","1130001049171","","","",""
"株式会社山川商店","9525292481293","","","","","","","111-0042","東京都台東区寿一丁目10-18","","","","","","","","","","","","","","","1010501014125","","","",""
"合資会社山貝織物工場","6907067463896","","","","","","","495-0001","愛知県稲沢市祖父江町祖父江中沼75","","","","","","","","","","","","","","","8180003012216","","","",""
"山喜株式会社","1546125332583","","","","","","","604-8207","京都府京都市中京区神明町77","","","","","","","","","","","","","","","4130001022943","","","",""
"ヤマキ織物株式会社","7970500590781","","","","","","","602-0959","京都府京都市上京区革堂西町518","","","","","","","","","","","","","","","2130001004010","","","",""
"株式会社山喜織物","7784839671203","","","","","","","602-8485","京都府京都市上京区姥ケ東西町640","","","","","","","","","","","","","","","1130001004011","","","",""
"山貴交易株式会社","8669601632713","","","","","","","611-0031","京都府宇治市広野町一里山43-8","","","","","","","","","","","","","","","8130001033185","","","",""
"株式会社やまきぬ","2203470090022","","","","","","","602-0000","京都市上京区中筋通千本東入ﾙ326","","","","","","","","","","","","","","","9130001004012","","","",""
"合資会社山岸織物","7969006907038","","","","","","","947-0031","新潟県小千谷市土川一丁目16-19","","","","","","","","","","","","","","","1110003002139","","","",""
"山岸草木工芸株式会社","2761205145232","","","","","","","992-1206","山形県米沢市大字赤崩20457-12","","","","","","","","","","","","","","","4390001010939","","","",""
"山口織物有限会社","7842037517919","","","","","","","910-0015","福井県福井市二の宮五丁目5-17","","","","","","","","","","","","","","","6210002003833","","","",""
"合名会社山口商店","5365133708928","","","","","","","491-0858","愛知県一宮市栄三丁目8-18","","","","","","","","","","","","","","","8180003011688","","","",""
"山口テキスタイル株式会社","3655317037395","","","","","","","541-0045","大阪府大阪市中央区道修町三丁目3-11","","","","","","","","","","","","","","","4120001129054","","","",""
"山口同族合名会社","9290117654049","","","","","","","604-8165","京都府京都市中京区烏帽子屋町487","","","","","","","","","","","","","","","4130003000204","","","",""
"山口ロープ株式会社","7646775603605","","","","","","","466-0021","愛知県名古屋市昭和区小坂町二丁目17","","","","","","","","","","","","","","","8180001009602","","","",""
"山源織物株式会社","4300180120722","","","","","","","910-1111","福井県吉田郡永平寺町松岡志比堺3-18","","","","","","","","","","","","","","","4210001004363","","","",""
"山興株式会社","1535688526398","","","","","","","491-0919","愛知県一宮市住吉一丁目1-14","","","","","","","","","","","","","","","9180001085097","","","",""
"株式会社山策","4725213564577","","","","","","","376-0006","群馬県桐生市新宿三丁目10-24","","","","","","","","","","","","","","","6070001016702","","","",""
"山三商事株式会社","9331896878225","","","","","","","595-0813","大阪府泉北郡忠岡町忠岡南三丁目1514-7","","","","","","","","","","","","","","","8120101043523","","","",""
"株式会社山崎","6595772698022","","","","","","","432-8047","静岡県浜松市中区神田町55","","","","","","","","","","","","","","","2080401005539","","","",""
"山崎織物株式会社","4383125164008","","","","","","","403-0022","山梨県南都留郡西桂町小沼1696","","","","","","","","","","","","","","","1090001010526","","","",""
"岱﨑織物株式会社","4366639689769","","","","","","","602-8439","京都府京都市上京区硯屋町284","","","","","","","","","","","","","","","9130001003253","","","",""
"山崎テキスタイル株式会社","7991851722615","","","","","","","541-0059","大阪府大阪市中央区博労町三丁目1-8 806号","","","","","","","","","","","","","","","6120001091310","","","",""
"山﨑テキスタイル株式会社","1257553514414","","","","","","","432-8047","静岡県浜松市中央区神田町55","","","","","","","","","","","","","","","2080401013327","","","",""
"山下株式会社","7321608961061","","","","","","","830-0017","福岡県久留米市日吉町17-12","","","","","","","","","","","","","","","2290001049717","","","",""
"株式会社山下商店","4564966051791","","","","","","","605-0846","京都府京都市東山区五条橋東五丁目459","","","","","","","","","","","","","","","3130001062593","","","",""
"ヤマシタパイル有限会社","5968892849996","","","","","","","649-7203","和歌山県橋本市高野口町名古曽745-5","","","","","","","","","","","","","","","2170002010986","","","",""
"株式会社山七","2446394891138","","","","","","","403-0004","山梨県富士吉田市下吉田七丁目33-15","","","","","","","","","","","","","","","8090001010222","","","",""
"有限会社ヤマシナ産業","5488994888249","","","","","","","925-0152","石川県羽咋郡志賀町北吉田ヌ20","","","","","","","","","","","","","","","9220002014942","","","",""
"有限会社山商","1860101944427","","","","","","","921-8815","石川県野々市市本町五丁目328","","","","","","","","","","","","","","","2220002007969","","","",""
"山正物産株式会社","3681067663357","","","","","","","460-0002","愛知県名古屋市中区丸の内三丁目16-31","","","","","","","","","","","","","","","4180001041600","","","",""
"株式会社山城機業店","7539874218493","","","","","","","602-8418","京都府京都市上京区妙蓮寺前町363","","","","","","","","","","","","","","","3130001004026","","","",""
"株式会社ヤマシン","7937550741325","","","","","","","910-0804","福井県福井市高木中央二丁目517","","","","","","","","","","","","","","","4210001004388","","","",""
"山信織物株式会社","8300419200651","","","","","","","940-0241","新潟県長岡市北荷頃5-7","","","","","","","","","","","","","","","9110002031362","","","",""
"株式会社山セ","8125156937893","","","","","","","372-0048","群馬県伊勢崎市大手町9-8","","","","","","","","","","","","","","","6070001013807","","","",""
"株式会社ヤマダインターナショナル","5478173071039","","","","","","","261-0012","千葉県千葉市美浜区磯辺三丁目37-13","","","","","","","","","","","","","","","5040001007630","","","",""
"有限会社山田織物","1181020446056","","","","","","","602-8439","京都府京都市上京区硯屋町288","","","","","","","","","","","","","","","3130002003068","","","",""
"有限会社山田呉服店","4593061297708","","","","","","","392-0004","長野県諏訪市諏訪一丁目3-4","","","","","","","","","","","","","","","5100002029080","","","",""
"山田静株式会社","9707201820140","","","","","","","604-8226","京都府京都市中京区西錦小路町259","","","","","","","","","","","","","","","7130001022973","","","",""
"有限会社山田商店","6794255565843","","","","","","","910-0804","福井県福井市高木中央二丁目3501-2","","","","","","","","","","","","","","","2210002007524","","","",""
"山田商店株式会社","6179495083002","","","","","","","492-8389","愛知県稲沢市横野町593-1","","","","","","","","","","","","","","","7180001086196","","","",""
"株式会社山田染織工芸","3782233221684","","","","","","","915-0801","福井県越前市家久町46-14-2","","","","","","","","","","","","","","","9210001013475","","","",""
"ヤマダ・テキスタイル株式会社","9537882669664","","","","","","","483-8326","愛知県江南市村久野町仲原70","","","","","","","","","","","","","","","6180001087724","","","",""
"株式会社山田貿易","1798302319750","","","","","","","615-0844","京都府京都市右京区西京極東側町24","","","","","","","","","","","","","","","2130001002121","","","",""
"山田芳株式会社","3362651136912","","","","","","","491-0905","愛知県一宮市平和三丁目16-6","","","","","","","","","","","","","","","7180001083961","","","",""
"山忠株式会社","5222481312653","","","","","","","430-0807","静岡県浜松市中央区佐藤一丁目13-5","","","","","","","","","","","","","","","4080401005586","","","",""
"山忠棉業株式会社","9425634879132","","","","","","","597-0094","大阪府貝塚市二色南町8-1","","","","","","","","","","","","","","","4120101037826","","","",""
"株式会社ヤマテン","7313452969489","","","","","","","711-0904","岡山県倉敷市児島唐琴一丁目11-28","","","","","","","","","","","","","","","9260001015070","","","",""
"大和有限会社","8646400115575","","","","","","","444-2111","愛知県岡崎市西阿知和町御用田1-72","","","","","","","","","","","","","","","9180302001760","","","",""
"やまと株式会社","8529727146935","","","","","","","600-8433","京都府京都市下京区繁昌町288","","","","","","","","","","","","","","","5130001019162","","","",""
"やまと合資会社","9418559521747","","","","","","","434-0028","静岡県浜松市浜名区上善地564","","","","","","","","","","","","","","","9080403002189","","","",""
"株式会社ヤマト織物","7866774776958","","","","","","","437-1303","静岡県掛川市沖之須384","","","","","","","","","","","","","","","9080401014764","","","",""
"大和産業株式会社","1657696990464","","","","","","","602-8448","京都府京都市上京区元北小路町158","","","","","","","","","","","","","","","6130001003289","","","",""
"株式会社山敏","4531337856754","","","","","","","326-0845","栃木県足利市大前町962-2","","","","","","","","","","","","","","","2060001019321","","","",""
"株式会社大和重布商会","9247759368466","","","","","","","780-0842","高知県高知市追手筋一丁目3-29","","","","","","","","","","","","","","","4490001002100","","","",""
"有限会社山冨商店","3444766628940","","","","","","","541-0055","大阪府大阪市中央区船場中央二丁目2-5 船場センタービル5号館地下1階北通り","","","","","","","","","","","","","","","1120002046573","","","",""
"山豊テグス株式会社","3414931511551","","","","","","","524-0004","滋賀県守山市笠原町730-2","","","","","","","","","","","","","","","5160001015506","","","",""
"山中機業株式会社","4600964106867","","","","","","","602-8297","京都府京都市上京区伊勢殿構町268","","","","","","","","","","","","","","","9130001004045","","","",""
"山中産業株式会社","3643698409835","","","","","","","532-0011","大阪府大阪市淀川区西中島四丁目6-20","","","","","","","","","","","","","","","7120001058928","","","",""
"合資会社山中商店","7779922972257","","","","","","","444-0041","愛知県岡崎市籠田町1","","","","","","","","","","","","","","","4180303000295","","","",""
"山中染織株式会社","5985090069386","","","","","","","597-0101","大阪府貝塚市三ケ山865","","","","","","","","","","","","","","","6120101038509","","","",""
"株式会社山梨インテリヤ","5178886000895","","","","","","","403-0002","山梨県富士吉田市小明見三丁目1-14","","","","","","","","","","","","","","","2090001010228","","","",""
"株式会社ヤマニ","3030213401597","","","","","","","922-0000","石川県加賀市大聖寺敷地ト3","","","","","","","","","","","","","","","1220001013465","","","",""
"株式会社山二","9421007259570","","","","","","","604-8121","京都府京都市中京区十文字町439 ハイランドコート錦902号","","","","","","","","","","","","","","","7130001004047","","","",""
"有限会社ヤマニ裏地店","6771591066315","","","","","","","101-0041","東京都千代田区神田須田町一丁目12","","","","","","","","","","","","","","","5010002015180","","","",""
"株式会社やまひで","9723781556360","","","","","","","603-8233","京都府京都市北区紫野西野町1-2","","","","","","","","","","","","","","","8130001005622","","","",""
"株式会社山平","3144923039997","","","","","","","573-1118","大阪府枚方市楠葉並木二丁目5-1","","","","","","","","","","","","","","","8130001038250","","","",""
"山紘株式会社","5124478663035","","","","","","","466-0064","愛知県名古屋市昭和区鶴舞二丁目15-7","","","","","","","","","","","","","","","4180001009597","","","",""
"株式会社山藤","8549300835231","","","","","","","799-1533","愛媛県今治市国分一丁目3-11","","","","","","","","","","","","","","","3500001016462","","","",""
"株式会社山吹商店","9673706944352","","","","","","","731-4221","広島県安芸郡熊野町出来庭一丁目2-2","","","","","","","","","","","","","","","1240001036646","","","",""
"ヤママキ織布株式会社","8037451229966","","","","","","","443-0104","愛知県蒲郡市形原町南大明地20-1","","","","","","","","","","","","","","","3180301011444","","","",""
"有限会社山政テキスタイル","7537803213732","","","","","","","629-2263","京都府与謝郡与謝野町字弓木1122","","","","","","","","","","","","","","","8130002032269","","","",""
"株式会社ヤマモト","7405109943959","","","","","","","101-0041","東京都千代田区神田須田町二丁目5","","","","","","","","","","","","","","","6010001031236","","","",""
"有限会社山本織物修整","4422353748089","","","","","","","503-0994","岐阜県大垣市綾野町3504-161","","","","","","","","","","","","","","","1200002013301","","","",""
"山本機料株式会社","7121775230411","","","","","","","444-0913","愛知県岡崎市葵町12-1","","","","","","","","","","","","","","","1180301002271","","","",""
"有限会社山本細巾織物","8410188939035","","","","","","","711-0937","岡山県倉敷市児島稗田町2314","","","","","","","","","","","","","","","3260002021899","","","",""
"有限会社山本商事","6679736050888","","","","","","","444-3172","愛知県岡崎市田口町御屋敷70","","","","","","","","","","","","","","","6180302003173","","","",""
"山本商事株式会社","5912596775624","","","","","","","496-0011","愛知県津島市莪原町不毛1-1","","","","","","","","","","","","","","","1180001097612","","","",""
"株式会社山本商店","6903285949471","","","","","","","640-8029","和歌山県和歌山市南桶屋町14","","","","","","","","","","","","","","","7170001003433","","","",""
"山本織布有限会社","2376357151836","","","","","","","444-0525","愛知県西尾市吉良町富田仙並68","","","","","","","","","","","","","","","8180302026726","","","",""
"株式会社山本繊維","4687362047965","","","","","","","815-0042","福岡県福岡市南区若久三丁目2-26","","","","","","","","","","","","","","","8290001002406","","","",""
"株式会社山本善士商店","2266410193876","","","","","","","910-0854","福井県福井市御幸三丁目2-15","","","","","","","","","","","","","","","6210001004188","","","",""
"株式会社山本友綿行","1711248285122","","","","","","","101-0021","東京都千代田区外神田六丁目8-11 工","","","","","","","","","","","","","","","9120001048134","","","",""
"山本義織物株式会社","1220729300408","","","","","","","602-0057","京都府京都市上京区堀之上町12","","","","","","","","","","","","","","","6130001004056","","","",""
"山森株式会社","6969597615774","","","","","","","460-0002","愛知県名古屋市中区丸の内二丁目9-14","","","","","","","","","","","","","","","8180001041654","","","",""
"山弥織物株式会社","6518835480499","","","","","","","431-0201","静岡県浜松市中央区篠原町21968","","","","","","","","","","","","","","","4080401005628","","","",""
"山與織物株式会社","5279607424249","","","","","","","116-0014","東京都荒川区東日暮里五丁目34-8 日暮里サンライズマンション1F","","","","","","","","","","","","","","","8011501009166","","","",""
"株式会社山義","5369568045344","","","","","","","594-1154","大阪府和泉市松尾寺町1394-5","","","","","","","","","","","","","","","4120101042017","","","",""
"株式会社ヤマヨシ","2938085443415","","","","","","","910-0015","福井県福井市二の宮四丁目34-1","","","","","","","","","","","","","","","6210001004196","","","",""
"株式会社ヤマヨジャージィ","7717072023087","","","","","","","641-0011","和歌山県和歌山市三葛3","","","","","","","","","","","","","","","6170001003442","","","",""
"株式会社山利","8223398453862","","","","","","","992-0031","山形県米沢市大町二丁目3-55","","","","","","","","","","","","","","","9390001010166","","","",""
"山龍織物株式会社","3030801865257","","","","","","","376-0002","群馬県桐生市境野町二丁目614","","","","","","","","","","","","","","","2070001016714","","","",""
"株式会社山脇源平商店","9091974003826","","","","","","","521-0091","滋賀県米原市岩脇1011-1","","","","","","","","","","","","","","","1160001021160","","","",""
"株式会社ヤヨイ","1656093481251","","","","","","","520-0846","滋賀県大津市富士見台38-66","","","","","","","","","","","","","","","9160001020956","","","",""
"結城通商株式会社","5782225548012","","","","","","","992-0012","山形県米沢市金池七丁目6-61","","","","","","","","","","","","","","","1390001010181","","","",""
"株式会社結城屋","3120866230817","","","","","","","323-0829","栃木県小山市東城南四丁目23-2","","","","","","","","","","","","","","","3060001014949","","","",""
"勇秀織布有限会社","1092195150787","","","","","","","443-0013","愛知県蒲郡市大塚町西屋敷105","","","","","","","","","","","","","","","5180302015062","","","",""
"有限会社友星","8117715686122","","","","","","","541-0054","大阪府大阪市中央区南本町一丁目3-9 サンコービル","","","","","","","","","","","","","","","5120002039136","","","",""
"株式会社遊禅庵","2135495852875","","","","","","","604-8227","京都府京都市中京区古西町436 興和セントラルビル5階","","","","","","","","","","","","","","","5130001019195","","","",""
"株式会社ゆうび","4380524555166","","","","","","","600-8434","京都府京都市下京区高辻町601","","","","","","","","","","","","","","","2130001019198","","","",""
"有限会社優美","7643594204196","","","","","","","603-8336","京都府京都市北区大将軍一条町12-2","","","","","","","","","","","","","","","1130002019165","","","",""
"株式会社優和","8315715948492","","","","","","","700-0953","岡山県岡山市南区西市308-6","","","","","","","","","","","","","","","4260001006834","","","",""
"友和株式会社","5214247874801","","","","","","","604-8145","京都府京都市中京区元竹田町639-1","","","","","","","","","","","","","","","2130001023035","","","",""
"有輪商店株式会社","4783445334754","","","","","","","540-0036","大阪府大阪市中央区船越町一丁目5-4","","","","","","","","","","","","","","","7120001193279","","","",""
"有限会社ユーエムジェイ商事","7810960228514","","","","","","","541-0053","大阪府大阪市中央区本町四丁目5-15","","","","","","","","","","","","","","","2120002051432","","","",""
"株式会社湯川","6267798733416","","","","","","","645-0003","和歌山県日高郡みなべ町堺334-1","","","","","","","","","","","","","","","5170001009218","","","",""
"有限会社ゆき","3042235182153","","","","","","","350-1122","埼玉県川越市脇田町33-8 サンフラワービル1F","","","","","","","","","","","","","","","6030002075503","","","",""
"有限会社ユキオ","5704823106408","","","","","","","923-0825","石川県小松市西軽海町四丁目113","","","","","","","","","","","","","","","3220002011367","","","",""
"株式会社ユー・ケー・オー・","4146802346708","","","","","","","607-8186","京都府京都市山科区大宅早稲ノ内町177","","","","","","","","","","","","","","","3130001019189","","","",""
"ユコーインテリア株式会社","8254839371327","","","","","","","491-0916","愛知県一宮市観音寺一丁目9-11","","","","","","","","","","","","","","","2180001083974","","","",""
"輸出梱包株式会社","8284833684194","","","","","","","615-0047","京都府京都市右京区西院六反田町9","","","","","","","","","","","","","","","6130001002159","","","",""
"株式会社ユタカ","7552804201127","","","","","","","765-0021","香川県善通寺市下吉田町151","","","","","","","","","","","","","","","8470001008129","","","",""
"ユタカ産業株式会社","7851976902323","","","","","","","547-0045","大阪府大阪市平野区平野上町二丁目1-18","","","","","","","","","","","","","","","8120001021991","","","",""
"株式会社ユー・ティー・ケー","3941038046371","","","","","","","103-0013","東京都中央区日本橋人形町二丁目34-8","","","","","","","","","","","","","","","6010001067544","","","",""
"ＵＤウチダ株式会社","1794547705948","","","","","","","430-0917","静岡県浜松市中央区常盤町134-18","","","","","","","","","","","","","","","6080401000643","","","",""
"株式会社ユニオン","8249700443829","","","","","","","044-0022","北海道虻田郡倶知安町南八条東二丁目10","","","","","","","","","","","","","","","3430001051863","","","",""
"株式会社ユニオンパック","4317005941987","","","","","","","919-0471","福井県坂井郡春江町金剛寺2字15-1","","","","","","","","","","","","","","","5210001004271","","","",""
"ユニオンベッド販売株式会社","7574793320532","","","","","","","299-4612","千葉県いすみ市岬町江場土2709-1","","","","","","","","","","","","","","","9040001075277","","","",""
"株式会社ユニカ","6352468445047","","","","","","","733-0833","広島県広島市西区商工センター二丁目2-29","","","","","","","","","","","","","","","1240001012168","","","",""
"株式会社ユニ総業","2443493657258","","","","","","","237-0065","神奈川県横須賀市追浜南町一丁目28","","","","","","","","","","","","","","","7021001041652","","","",""
"株式会社ユニチカテクノス","9377609259033","","","","","","","611-0021","京都府宇治市宇治矢落19","","","","","","","","","","","","","","","4130001033222","","","",""
"ユニチカトレーディング株式会社","1774391743541","","","","","","","541-0053","大阪府大阪市中央区本町二丁目5-7 メットライフ本町スクエア","","","","","","","","","","","","","","","4120001091691","","","",""
"株式会社ユニット","8053507878454","","","","","","","111-0032","東京都台東区浅草七丁目7-5","","","","","","","","","","","","","","","8010501014606","","","",""
"株式会社ユニット","5019984995156","","","","","","","348-0057","埼玉県羽生市北三丁目6-14","","","","","","","","","","","","","","","6030001032967","","","",""
"株式会社ユニフラックスジャパン","6209455646348","","","","","","","261-0023","千葉県千葉市美浜区中瀬二丁目6-1 WBGマリブイースト14階","","","","","","","","","","","","","","","3040001009760","","","",""
"株式会社ユニメール","7289488760545","","","","","","","103-0013","東京都中央区日本橋人形町二丁目7-2 今坂ビル1階","","","","","","","","","","","","","","","4010001059840","","","",""
"ユーバ産業株式会社","7112727789627","","","","","","","547-0035","大阪府大阪市平野区西脇二丁目1-15","","","","","","","","","","","","","","","3120001098580","","","",""
"有限会社ユー・ビー・ティ","7890991010148","","","","","","","600-8435","京都府京都市下京区中野之町184","","","","","","","","","","","","","","","4130002008116","","","",""
"株式会社ユーホー","1218858900692","","","","","","","376-0035","群馬県桐生市仲町一丁目1-10","","","","","","","","","","","","","","","2070001016722","","","",""
"株式会社ユマンテキスタイル","5093530565683","","","","","","","919-0471","福井県坂井市春江町金剛寺5-1-1","","","","","","","","","","","","","","","6210001004279","","","",""
"株式会社ユミックス","2498559467702","","","","","","","679-1133","兵庫県多可郡多可町中区糀屋222","","","","","","","","","","","","","","","2140001075934","","","",""
"株式会社ユミナ商会","9095682370700","","","","","","","452-0065","愛知県清須市西枇杷島町芳野一丁目6","","","","","","","","","","","","","","","2180002040784","","","",""
"株式会社夢工房２１","6182775658207","","","","","","","252-0242","神奈川県相模原市中央区横山二丁目3-6","","","","","","","","","","","","","","","5021001015947","","","",""
"株式会社ゆめみ","4049309556417","","","","","","","167-0052","東京都杉並区南荻窪三丁目21-14","","","","","","","","","","","","","","","3013301028994","","","",""
"株式会社夢屋織物","1286553970198","","","","","","","602-0000","京都府京都市上京区西今出川町390-13","","","","","","","","","","","","","","","5130001052428","","","",""
"株式会社湯本商店","3764276881941","","","","","","","915-0074","福井県越前市蓬萊町1-21","","","","","","","","","","","","","","","7210001012082","","","",""
"株式会社ユーモード","9419195316149","","","","","","","541-0046","大阪府大阪市中央区平野町三丁目3-8 辻梅ビル","","","","","","","","","","","","","","","7120001091730","","","",""
"株式会社ユーワ","1803067039268","","","","","","","243-0417","神奈川県海老名市本郷1690","","","","","","","","","","","","","","","5021001030715","","","",""
"読谷山花織事業協同組合","4248513930163","","","","","","","904-0301","沖縄県中頭郡読谷村字座喜味2974-2","","","","","","","","","","","","","","","3360005002663","","","",""
"株式会社ヨアケ","8929791791291","","","","","","","600-8428","京都府京都市下京区弁財天町328","","","","","","","","","","","","","","","3130001019214","","","",""
"羊商有限会社","2145843629791","","","","","","","491-0904","愛知県一宮市神山一丁目15-29","","","","","","","","","","","","","","","1180002077935","","","",""
"有限会社要藤商店","2813308381471","","","","","","","116-0014","東京都荒川区東日暮里五丁目45-1","","","","","","","","","","","","","","","2011502011738","","","",""
"ヨーコー株式会社","8094584588415","","","","","","","271-0091","千葉県松戸市本町14-18","","","","","","","","","","","","","","","9040001041551","","","",""
"横貴繊維工業株式会社","7621013932022","","","","","","","491-0201","愛知県一宮市奥町畑中105","","","","","","","","","","","","","","","9180001083984","","","",""
"有限会社横谷商店","5752958981335","","","","","","","937-0863","富山県魚津市新宿4-20","","","","","","","","","","","","","","","5230002007908","","","",""
"横初織布有限会社","2046343487328","","","","","","","677-0112","兵庫県多可郡多可町八千代区赤坂221","","","","","","","","","","","","","","","6140002061938","","","",""
"有限会社横山","5437865479640","","","","","","","376-0011","群馬県桐生市相生町一丁目264-1","","","","","","","","","","","","","","","3070002025093","","","",""
"横山株式会社","7000074298537","","","","","","","604-0000","京都府京都市中京区菊水鉾町578","","","","","","","","","","","","","","","6130001023056","","","",""
"横山織物株式会社","7979993481653","","","","","","","594-1135","大阪府和泉市坪井町2-1","","","","","","","","","","","","","","","3120101042050","","","",""
"横山商事株式会社","7443043498261","","","","","","","400-0032","山梨県甲府市中央二丁目9-5","","","","","","","","","","","","","","","8090001002938","","","",""
"与謝野織物株式会社","8610998247099","","","","","","","629-2263","京都府与謝郡与謝野町字弓木361-2","","","","","","","","","","","","","","","8130001040867","","","",""
"株式会社よしい","7707689190192","","","","","","","602-0053","京都府京都市上京区中小川町235","","","","","","","","","","","","","","","2130001004076","","","",""
"有限会社吉井伊商店","7257000971709","","","","","","","602-8421","京都府京都市上京区芝薬師町633","","","","","","","","","","","","","","","1130002003103","","","",""
"株式会社吉井屋商店","4720954520915","","","","","","","348-0058","埼玉県羽生市中央四丁目6-1","","","","","","","","","","","","","","","5030001032968","","","",""
"吉岡株式会社","3725866212180","","","","","","","500-8268","岐阜県岐阜市茜部菱野一丁目60","","","","","","","","","","","","","","","4200001005718","","","",""
"株式会社吉岡商店","1198605502499","","","","","","","652-0813","兵庫県神戸市兵庫区兵庫町一丁目2-3","","","","","","","","","","","","","","","2140001014487","","","",""
"芳勝タオル株式会社","7101949396973","","","","","","","799-2656","愛媛県松山市和気町一丁目65","","","","","","","","","","","","","","","7500001004298","","","",""
"吉河織物株式会社","1525839716668","","","","","","","715-0024","岡山県井原市高屋町704","","","","","","","","","","","","","","","4260001018367","","","",""
"有限会社吉川商事","8513112582875","","","","","","","603-8054","京都府京都市北区上賀茂桜井町22-1","","","","","","","","","","","","","","","4130002004511","","","",""
"吉幸織物株式会社","2463390833059","","","","","","","918-8202","福井県福井市大東一丁目6-26","","","","","","","","","","","","","","","1210001004300","","","",""
"有限会社よしざわ","7304084760711","","","","","","","992-0033","山形県米沢市福田町二丁目3-123","","","","","","","","","","","","","","","7390002013541","","","",""
"有限会社吉澤製紐所","6709086224025","","","","","","","274-0063","千葉県船橋市習志野台四丁目48-11","","","","","","","","","","","","","","","9010602033669","","","",""
"吉新織物有限会社","2150169630632","","","","","","","947-0026","新潟県小千谷市上ノ山二丁目3-16","","","","","","","","","","","","","","","7110002032395","","","",""
"有限会社吉次織物","1682943496648","","","","","","","929-1601","石川県鹿島郡中能登町西馬場イ部150","","","","","","","","","","","","","","","7220002014498","","","",""
"吉清株式会社","9775085293062","","","","","","","326-0044","栃木県足利市助戸三丁目514","","","","","","","","","","","","","","","4060001019352","","","",""
"株式会社ヨシタニ","9671132242614","","","","","","","636-0214","奈良県磯城郡三宅町大字但馬94","","","","","","","","","","","","","","","3150001011375","","","",""
"ヨシダ株式会社","5936494021153","","","","","","","602-8139","京都府京都市上京区丸屋町246","","","","","","","","","","","","","","","2130001004084","","","",""
"吉田織物株式会社","7205289097435","","","","","","","959-0242","新潟県燕市吉田大保町11-25","","","","","","","","","","","","","","","1110001015761","","","",""
"吉田機械工業有限会社","8684314110613","","","","","","","921-8041","石川県金沢市泉三丁目6-9","","","","","","","","","","","","","","","3220002006210","","","",""
"株式会社吉田商事","2479351759073","","","","","","","561-0861","大阪府豊中市東泉丘四丁目3-1 203号","","","","","","","","","","","","","","","9120901027071","","","",""
"有限会社吉田繊維","9601233398629","","","","","","","444-0007","愛知県岡崎市大平町五位原10-2","","","","","","","","","","","","","","","3180302001849","","","",""
"株式会社吉田テキスタイル","2607609051156","","","","","","","919-0483","福井県坂井市春江町石塚31-1","","","","","","","","","","","","","","","5210001008479","","","",""
"吉忠株式会社","4206184606660","","","","","","","604-8181","京都府京都市中京区綿屋町525","","","","","","","","","","","","","","","8130001023070","","","",""
"吉忠ファッション株式会社","2921692169213","","","","","","","604-8181","京都府京都市中京区綿屋町525","","","","","","","","","","","","","","","6130001028096","","","",""
"株式会社ヨシハラテント","3047891399747","","","","","","","731-5106","広島県広島市佐伯区利松三丁目29-15","","","","","","","","","","","","","","","1240001012283","","","",""
"株式会社吉萬","8197980046659","","","","","","","600-0000","京都府京都市下京区佐女牛井町139","","","","","","","","","","","","","","","3130001019239","","","",""
"株式会社よしむら","9959419458663","","","","","","","616-8385","京都府京都市右京区嵯峨天龍寺芒ノ馬場町3","","","","","","","","","","","","","","","5130002019129","","","",""
"株式会社吉村","7878354245540","","","","","","","545-0021","大阪府大阪市阿倍野区阪南町一丁目11-22","","","","","","","","","","","","","","","2120001091883","","","",""
"吉村株式会社","1009627607657","","","","","","","101-0041","東京都千代田区神田須田町一丁目16","","","","","","","","","","","","","","","1010001031694","","","",""
"吉村織物株式会社","7212903793457","","","","","","","916-0084","福井県鯖江市小泉町21 字揚橋8の2","","","","","","","","","","","","","","","3210001013373","","","",""
"吉村織物株式会社","6874608050078","","","","","","","602-8487","京都府京都市上京区姥ケ北町788","","","","","","","","","","","","","","","6130001004089","","","",""
"吉村機業株式会社","9250265382486","","","","","","","627-0032","京都府京丹後市峰山町浪花17","","","","","","","","","","","","","","","9130001042747","","","",""
"株式会社吉村商店","4818013561656","","","","","","","604-8154","京都府京都市中京区菊水鉾町582","","","","","","","","","","","","","","","8130001023079","","","",""
"株式会社吉村仙松商店","6083603019484","","","","","","","910-0019","福井県福井市春山一丁目3-9","","","","","","","","","","","","","","","4210001004297","","","",""
"株式会社吉山トレーディング","7781474442386","","","","","","","631-0036","奈良県奈良市学園北二丁目3-18","","","","","","","","","","","","","","","1150001002590","","","",""
"吉和織物株式会社","7595766960648","","","","","","","715-0006","岡山県井原市西江原町837-1","","","","","","","","","","","","","","","6260001018365","","","",""
"装いの道株式会社","5605489288795","","","","","","","101-0042","東京都千代田区神田東松下町17 ファーストビル9F","","","","","","","","","","","","","","","7010001031730","","","",""
"株式会社依田商店","2124579456893","","","","","","","368-0044","埼玉県秩父市本町3-5","","","","","","","","","","","","","","","1030001090994","","","",""
"有限会社四塚商店","2148422068510","","","","","","","526-0059","滋賀県長浜市元浜町12-6","","","","","","","","","","","","","","","4160002007775","","","",""
"四葉織房有限会社","7870743052821","","","","","","","494-0012","愛知県一宮市明地社宮地16","","","","","","","","","","","","","","","1180002079634","","","",""
"米阪パイル織物株式会社","5140443762496","","","","","","","648-0086","和歌山県橋本市神野々720","","","","","","","","","","","","","","","8170001010775","","","",""
"米沢織物工業株式会社","6870279524273","","","","","","","299-3202","千葉県大網白里市南今泉4580","","","","","","","","","","","","","","","5040001057626","","","",""
"米島フエルト産業株式会社","2252293035573","","","","","","","534-0026","大阪府大阪市都島区網島町7-10","","","","","","","","","","","","","","","8120001008931","","","",""
"株式会社米商","2458450284463","","","","","","","992-0054","山形県米沢市城西一丁目1-26","","","","","","","","","","","","","","","6390001010185","","","",""
"株式会社ヨネヤ","8364965610491","","","","","","","383-0022","長野県中野市中央四丁目2-7","","","","","","","","","","","","","","","1100001012181","","","",""
"ヨリフジ株式会社","3356166039857","","","","","","","659-0051","兵庫県芦屋市呉川町13-3 208","","","","","","","","","","","","","","","1120001109042","","","",""
"株式会社ライヴ","9996599036177","","","","","","","460-0003","愛知県名古屋市中区錦三丁目10-33 錦SISビル1F","","","","","","","","","","","","","","","4180001041773","","","",""
"有限会社来伝屋","9867088246383","","","","","","","940-0204","新潟県長岡市新栄町三丁目5-3","","","","","","","","","","","","","","","9110002031131","","","",""
"株式会社ライフブリッジ","7066467419013","","","","","","","563-0050","大阪府池田市新町4-2","","","","","","","","","","","","","","","2120001179522","","","",""
"株式会社ライフリング","8746334131731","","","","","","","162-0041","東京都新宿区早稲田鶴巻町555","","","","","","","","","","","","","","","2011101022186","","","",""
"株式会社ラヴァンエフ・ケー","1417959866413","","","","","","","151-0053","東京都渋谷区代々木一丁目57-2 805号","","","","","","","","","","","","","","","3011001024240","","","",""
"株式会社ラオフインターナショナル","3415227571159","","","","","","","889-1914","宮崎県北諸県郡三股町大字蓼池3731-1","","","","","","","","","","","","","","","9350001008627","","","",""
"有限会社洛鳳巧芸","8365716709565","","","","","","","607-8302","京都府京都市山科区西野山欠ノ上町83-17","","","","","","","","","","","","","","","3130002012993","","","",""
"有限会社洛翠","5336730988046","","","","","","","602-0000","京都府京都市上京区大猪熊町98","","","","","","","","","","","","","","","6130002022123","","","",""
"株式会社洛風林","8716106482413","","","","","","","602-0000","京都府京都市上京区桜木町414","","","","","","","","","","","","","","","7130001004105","","","",""
"洛陽織物株式会社","5283049155080","","","","","","","602-8494","京都府京都市上京区新猪熊東町347","","","","","","","","","","","","","","","6130001004106","","","",""
"ラック株式会社","6233869108424","","","","","","","910-1135","福井県吉田郡永平寺町松岡室12-3-4","","","","","","","","","","","","","","","3210001004323","","","",""
"有限会社ラッシュ","4290188481068","","","","","","","572-0013","大阪府寝屋川市三井が丘四丁目15-136-3","","","","","","","","","","","","","","","3120002073343","","","",""
"有限会社ラッチマンエキスポーターズ","4652603544850","","","","","","","541-0054","大阪府大阪市中央区南本町二丁目6-5","","","","","","","","","","","","","","","5120002039276","","","",""
"有限会社ラッチマン・エル・モナニ商会","9084255715777","","","","","","","231-0023","神奈川県横浜市中区山下町25","","","","","","","","","","","","","","","5020002046051","","","",""
"株式会社ラトレ","7760598668564","","","","","","","541-0056","大阪府大阪市中央区久太郎町二丁目5-31","","","","","","","","","","","","","","","3120001091998","","","",""
"ラフィーインターナショナル有限会社","5843163857937","","","","","","","454-0912","愛知県名古屋市中川区野田二丁目471","","","","","","","","","","","","","","","8180002055488","","","",""
"有限会社ラ・モーダ・グランデ","9379978298599","","","","","","","762-0013","香川県坂出市王越町乃生1388","","","","","","","","","","","","","","","5470002007958","","","",""
"有限会社リィーノ","8316501769296","","","","","","","332-0032","埼玉県川口市中青木四丁目19-21","","","","","","","","","","","","","","","5010002026450","","","",""
"有限会社理公","8984253593170","","","","","","","602-8001","京都府京都市上京区元浄花院町577-1","","","","","","","","","","","","","","","7130002017733","","","",""
"株式会社リスター","6835683635321","","","","","","","541-0055","大阪府大阪市中央区船場中央二丁目1-4 317号","","","","","","","","","","","","","","","8120001092091","","","",""
"リソートレーディング有限会社","2013164668204","","","","","","","550-0002","大阪府大阪市西区江戸堀一丁目9-15","","","","","","","","","","","","","","","1120002023440","","","",""
"株式会社Ｒｉｔｚ","8517001148407","","","","","","","923-0868","石川県小松市日の出町二丁目138 RITZSQUARE2F","","","","","","","","","","","","","","","6220001012553","","","",""
"有限会社リトルプリンセス","6637589804170","","","","","","","140-0013","東京都品川区南大井三丁目20-16 DSK品川ビル2F","","","","","","","","","","","","","","","6010702014910","","","",""
"リバイス株式会社","8818217014498","","","","","","","615-0904","京都府京都市右京区梅津堤上町46-3","","","","","","","","","","","","","","","9130001002222","","","",""
"株式会社リバティジャパン","3650415645394","","","","","","","151-0051","東京都渋谷区千駄ケ谷五丁目23-15","","","","","","","","","","","","","","","8010001085065","","","",""
"株式会社リバティフアー","7795614050271","","","","","","","612-8335","京都府京都市伏見区海老屋町1004-9","","","","","","","","","","","","","","","4130001016094","","","",""
"株式会社リバーヤーン","1610266579708","","","","","","","639-0275","奈良県葛城市勝根227","","","","","","","","","","","","","","","6150001013699","","","",""
"株式会社リビアン","6508947714354","","","","","","","541-0056","大阪府大阪市中央区久太郎町二丁目5-19 第三丸忠ビル内","","","","","","","","","","","","","","","3120001092138","","","",""
"株式会社リーフ","6004215880167","","","","","","","610-1151","京都府京都市西京区大枝西長町2-110","","","","","","","","","","","","","","","1130001008862","","","",""
"株式会社りぼん","7405858814775","","","","","","","850-0911","長崎県長崎市東山手町3-36","","","","","","","","","","","","","","","7310001012502","","","",""
"株式会社リボンワールド","6427999546953","","","","","","","468-0066","愛知県名古屋市天白区元八事二丁目107 ひまわりビル1階","","","","","","","","","","","","","","","2180001064363","","","",""
"琉球ブリッジ株式会社","1631953226388","","","","","","","901-2131","沖縄県浦添市牧港二丁目43-16 1F","","","","","","","","","","","","","","","7360001014923","","","",""
"リリーレース・インターナショナル株式会社","4304730998699","","","","","","","602-8443","京都府京都市上京区元妙蓮寺町547","","","","","","","","","","","","","","","6130001003561","","","",""
"有限会社リンナワールド","1408641331783","","","","","","","565-0852","大阪府吹田市千里山竹園一丁目10-18 1505号","","","","","","","","","","","","","","","1120002033852","","","",""
"ルイカステルジャパン株式会社","8365862429970","","","","","","","573-0144","大阪府枚方市野村中町1-10","","","","","","","","","","","","","","","9120001200603","","","",""
"株式会社ルシエール・ジャパン","6266764919876","","","","","","","615-8101","京都府京都市西京区川島東代町31-2","","","","","","","","","","","","","","","4130001008876","","","",""
"Ｌ’ｕｎｉｏｎ株式会社","1449990241798","","","","","","","590-0406","大阪府泉南郡熊取町大久保東一丁目14-1","","","","","","","","","","","","","","","2120101040360","","","",""
"株式会社レイ","2022985400442","","","","","","","541-0052","大阪府大阪市中央区安土町二丁目5-5 明大ビル4F","","","","","","","","","","","","","","","3120001092311","","","",""
"株式会社嶺幸","8684241670639","","","","","","","390-0851","長野県松本市大字島内7168-13","","","","","","","","","","","","","","","9100001015029","","","",""
"レインボウテキスタイルズ株式会社","2025101586771","","","","","","","550-0002","大阪府大阪市西区江戸堀一丁目9-1","","","","","","","","","","","","","","","9120001091423","","","",""
"レダ・ジャパン株式会社","6447933447532","","","","","","","103-0025","東京都中央区日本橋茅場町二丁目7-4 Aster茅場町7階","","","","","","","","","","","","","","","3010001122855","","","",""
"株式会社レモラフアブリック","4582070271200","","","","","","","150-0001","東京都渋谷区神宮前三丁目7-5 MSビル4F","","","","","","","","","","","","","","","2011001025454","","","",""
"有限会社ロアール","2541255549583","","","","","","","595-0044","大阪府泉大津市河原町6-12","","","","","","","","","","","","","","","6120102026099","","","",""
"ロイヤルインターナショナル有限会社","3908854602530","","","","","","","541-0054","大阪府大阪市中央区南本町一丁目2-5 マヤ第2ビル601号","","","","","","","","","","","","","","","8120002039455","","","",""
"有限会社ロクマル","5960758797544","","","","","","","651-0052","兵庫県神戸市中央区中島通三丁目4-29","","","","","","","","","","","","","","","5140002016612","","","",""
"株式会社ロクマルスタイル","2442674522659","","","","","","","811-5213","長崎県壱岐市石田町南触381","","","","","","","","","","","","","","","4120001122810","","","",""
"株式会社ロゴバ","8456615183289","","","","","","","540-0012","大阪府大阪市中央区谷町三丁目1-24","","","","","","","","","","","","","","","7120001129605","","","",""
"株式会社ロータス","5549459348747","","","","","","","103-0001","東京都中央区日本橋小伝馬町17-17 日本橋シルバービル1F","","","","","","","","","","","","","","","6010001060788","","","",""
"株式会社ロックス","6675052299289","","","","","","","500-8158","岐阜県岐阜市田神6-8","","","","","","","","","","","","","","","2200001005918","","","",""
"ロフテー株式会社","2207469097793","","","","","","","100-0004","東京都千代田区大手町二丁目2-1 新大手町ビル8階","","","","","","","","","","","","","","","8010001060778","","","",""
"株式会社ロベリア","8178505721297","","","","","","","541-0056","大阪府大阪市中央区久太郎町一丁目9-6 商栄ビル5F","","","","","","","","","","","","","","","3120001092468","","","",""
"株式会社ロマンクルー","3339991782199","","","","","","","604-8181","京都府京都市中京区綿屋町525","","","","","","","","","","","","","","","7130001024623","","","",""
"ロロ・ピアーナジャパン株式会社","7670689559729","","","","","","","102-0093","東京都千代田区平河町二丁目1-1","","","","","","","","","","","","","","","4010401032141","","","",""
"株式会社ロングラン","4187173921209","","","","","","","500-8351","岐阜県岐阜市清本町七丁目47","","","","","","","","","","","","","","","8200001005912","","","",""
"隆大貿易有限会社","4470797869244","","","","","","","532-0011","大阪府大阪市淀川区西中島一丁目14-17 アルバート新大阪ビル","","","","","","","","","","","","","","","9120102012765","","","",""
"有限会社ワイ・アール・ビー","9439047046091","","","","","","","326-0843","栃木県足利市五十部町1082-2","","","","","","","","","","","","","","","4060002037915","","","",""
"株式会社ワイ・イー・エス","2529147996498","","","","","","","810-0024","福岡県福岡市中央区桜坂三丁目2-10","","","","","","","","","","","","","","","4290001010940","","","",""
"株式会社ＹＭクリーク","4423002968530","","","","","","","337-0011","埼玉県さいたま市見沼区宮ヶ谷塔四丁目40","","","","","","","","","","","","","","","5030005000830","","","",""
"有限会社ワイエムテキスタイル","8618839002496","","","","","","","916-0005","福井県鯖江市杉本町38-6","","","","","","","","","","","","","","","1210002013580","","","",""
"ワイズアーク株式会社","9335340232775","","","","","","","533-0004","大阪府大阪市東淀川区小松二丁目14-3","","","","","","","","","","","","","","","3120001053115","","","",""
"輪壹綿業株式会社","3594442437728","","","","","","","541-0048","大阪府大阪市中央区瓦町二丁目6-16","","","","","","","","","","","","","","","8120001092182","","","",""
"有限会社ワインダー中島","1627350478680","","","","","","","494-0001","愛知県一宮市開明出屋敷78-1","","","","","","","","","","","","","","","1180002078470","","","",""
"株式会社和布","7666727665769","","","","","","","103-0024","東京都中央区日本橋小舟町9-3 402","","","","","","","","","","","","","","","6010001125640","","","",""
"若木織物株式会社","1157959853084","","","","","","","431-3107","静岡県浜松市中央区笠井町1377-1","","","","","","","","","","","","","","","7080401005765","","","",""
"若狹株式会社","2330768946465","","","","","","","101-0032","東京都千代田区岩本町一丁目12-5","","","","","","","","","","","","","","","6010001032597","","","",""
"有限会社ワカタベ","4221582471771","","","","","","","376-0034","群馬県桐生市東二丁目3-30","","","","","","","","","","","","","","","6070002025149","","","",""
"株式会社若松","3101238906127","","","","","","","603-8356","京都府京都市北区平野東柳町31-2","","","","","","","","","","","","","","","4130001005700","","","",""
"若山織布株式会社","8523969706117","","","","","","","503-2122","岐阜県不破郡垂井町表佐1535","","","","","","","","","","","","","","","4200001014883","","","",""
"脇繊維工業株式会社","3105052033653","","","","","","","529-1404","滋賀県東近江市宮荘町1271","","","","","","","","","","","","","","","7160001010331","","","",""
"わき善織物有限会社","2197611745826","","","","","","","602-0000","京都府京都市上京区大心院町33","","","","","","","","","","","","","","","9130002003161","","","",""
"脇本テキスタイル株式会社","9064522010237","","","","","","","912-0014","福井県大野市中保5-8","","","","","","","","","","","","","","","6210001009971","","","",""
"和岸株式会社","7540686924926","","","","","","","445-0802","愛知県西尾市米津町久手38","","","","","","","","","","","","","","","1180301023862","","","",""
"株式会社和研","3584693601005","","","","","","","595-0813","大阪府泉北郡忠岡町忠岡南二丁目8-7","","","","","","","","","","","","","","","3120101042843","","","",""
"和光株式会社","9387203004284","","","","","","","604-8213","京都府京都市中京区姥柳町198","","","","","","","","","","","","","","","2130001023217","","","",""
"株式会社和興","8302634629147","","","","","","","626-0016","京都府宮津市字新浜1923","","","","","","","","","","","","","","","6130001044738","","","",""
"株式会社和宏","2360350382224","","","","","","","443-0104","愛知県蒲郡市形原町港町130","","","","","","","","","","","","","","","2180301011478","","","",""
"和康株式会社","5416706295835","","","","","","","600-8059","京都府京都市下京区下鱗形町530","","","","","","","","","","","","","","","6130001019319","","","",""
"株式会社和光","9122304734299","","","","","","","060-0005","北海道札幌市中央区北五条西十一丁目14","","","","","","","","","","","","","","","9430001031934","","","",""
"株式会社和光","3380890038688","","","","","","","947-0053","新潟県小千谷市千谷川一丁目6-12","","","","","","","","","","","","","","","9110001025530","","","",""
"株式会社和光商店","3931602061429","","","","","","","103-0006","東京都中央区日本橋富沢町7-9","","","","","","","","","","","","","","","3010001060873","","","",""
"株式会社和工房ヴェルジュ","5813817670459","","","","","","","617-0853","京都府長岡京市奥海印寺谷田7-6","","","","","","","","","","","","","","","7130001030860","","","",""
"株式会社ワコー織物","6965877109257","","","","","","","920-0865","石川県金沢市長町三丁目12-18","","","","","","","","","","","","","","","7220001007593","","","",""
"和吾毛織株式会社","4777792885975","","","","","","","493-0007","愛知県一宮市木曽川町外割田西郷中65","","","","","","","","","","","","","","","2180001084642","","","",""
"株式会社鷲巣商店","1872237749079","","","","","","","460-0003","愛知県名古屋市中区錦二丁目10-8","","","","","","","","","","","","","","","2180001033491","","","",""
"鷲田芳株式会社","4215811908237","","","","","","","541-0047","大阪府大阪市中央区淡路町一丁目6-9","","","","","","","","","","","","","","","4120001092599","","","",""
"株式会社和紙の布","2325387405354","","","","","","","599-0202","大阪府阪南市下出305-1","","","","","","","","","","","","","","","4120101045795","","","",""
"株式会社綿幸","3992911188576","","","","","","","412-0021","静岡県御殿場市二枚橋214","","","","","","","","","","","","","","","8080101004356","","","",""
"株式会社渡商商事","7251890131027","","","","","","","948-0083","新潟県十日町市本町西一丁目290","","","","","","","","","","","","","","","7110001021358","","","",""
"株式会社渡信","8457301110095","","","","","","","501-6204","岐阜県羽島市足近町小荒井村内461-1","","","","","","","","","","","","","","","5200001011681","","","",""
"有限会社渡精","2216726201033","","","","","","","403-0017","山梨県富士吉田市新西原二丁目29-9","","","","","","","","","","","","","","","2090002012909","","","",""
"株式会社渡東","9891631927938","","","","","","","101-0032","東京都千代田区岩本町一丁目2-13","","","","","","","","","","","","","","","5010001121013","","","",""
"渡邊株式会社","7154460626042","","","","","","","467-0054","愛知県名古屋市瑞穂区丸根町一丁目54-6","","","","","","","","","","","","","","","1180001042072","","","",""
"有限会社ワタナベ","3995899318519","","","","","","","505-0003","岐阜県美濃加茂市山之上町3400-1","","","","","","","","","","","","","","","1200002016329","","","",""
"株式会社渡辺商会","7660286730306","","","","","","","531-0076","大阪府大阪市北区大淀中四丁目14-3","","","","","","","","","","","","","","","3120001072379","","","",""
"株式会社渡辺藤商店","3563087906529","","","","","","","540-0012","大阪府大阪市中央区谷町一丁目2-6 京阪谷町ビル9F","","","","","","","","","","","","","","","5090001010282","","","",""
"渡辺パイル織物株式会社","3238565343565","","","","","","","794-0043","愛媛県今治市南宝来町二丁目8-1","","","","","","","","","","","","","","","4500001012576","","","",""
"渡辺矢株式会社","8347533373861","","","","","","","541-0052","大阪府大阪市中央区安土町三丁目2-8","","","","","","","","","","","","","","","8120001092604","","","",""
"渡縫織物株式会社","7975321750535","","","","","","","403-0004","山梨県富士吉田市下吉田一丁目16-29","","","","","","","","","","","","","","","1090001010286","","","",""
"和田株式会社","3905055585110","","","","","","","930-0066","富山県富山市千石町三丁目3-8","","","","","","","","","","","","","","","3230001003422","","","",""
"和田織物株式会社","8226456070140","","","","","","","677-0052","兵庫県西脇市和田町836","","","","","","","","","","","","","","","9140001075993","","","",""
"株式会社和田商店","5177916494479","","","","","","","600-8475","京都府京都市下京区風早町567","","","","","","","","","","","","","","","9130001019332","","","",""
"株式会社和田地所","9195378692539","","","","","","","445-0802","愛知県西尾市米津町久手32","","","","","","","","","","","","","","","9180303002790","","","",""
"ワテックス株式会社","9864228896986","","","","","","","541-0053","大阪府大阪市中央区本町二丁目5-7 メットライフ本町スクエア","","","","","","","","","","","","","","","9120001077595","","","",""
"和なり屋株式会社","6246721763490","","","","","","","111-0031","東京都台東区千束一丁目8-10 黒澤ビル1階","","","","","","","","","","","","","","","5010501042519","","","",""
"株式会社ワープ","9939614936171","","","","","","","910-0804","福井県福井市高木中央一丁目417","","","","","","","","","","","","","","","6210001004816","","","",""
"蕨カタン工業株式会社","3006886074547","","","","","","","335-0004","埼玉県蕨市中央四丁目1-15","","","","","","","","","","","","","","","7030001021259","","","",""
"ワールドクロス株式会社","3972492498974","","","","","","","132-0035","東京都江戸川区平井四丁目4-8","","","","","","","","","","","","","","","5010001115262","","","",""
"ワールド結城株式会社","9324477507937","","","","","","","307-0001","茨城県結城市大字結城12","","","","","","","","","","","","","","","1050001032739","","","",""
"株式会社ワン・エニー","9025962140309","","","","","","","701-0206","岡山県岡山市南区箕島958-9","","","","","","","","","","","","","","","7260001011336","","","",""
"株式会社ワンズベスト","3545223873126","","","","","","","103-0013","東京都中央区日本橋人形町二丁目34-8","","","","","","","","","","","","","","","1010001061031","","","",""
"株式会社ＯｎｅＴａｓｔｅ","5174472365233","","","","","","","617-0002","京都府向日市寺戸町初田12-7","","","","","","","","","","","","","","","6130001045604","","","",""
