"会社名","SOC","あなたの名刺所有枚数","全体の名刺所有枚数","最終名刺交換日","コンタクト登録数","最終コンタクト日","URL","郵便番号","住所","電話番号","代表者の役職名","代表者の氏名","主業：大分類","主業：中分類","従業：大分類","従業：中分類","従業員数","資本金（千円）","売上高（百万円）","決算年月","創業年月","設立年月","株式公開区分","法人番号","会社キーワード","企業動向","導入ITサービス","会社メモ"
"株式会社アアルト","9976648282866","","","","","","","243-0018","神奈川県厚木市中町二丁目8-6","","","","","","","","","","","","","","","2021001019686","","","",""
"有限会社アイアイささぐり","5715788410739","","","","","","","811-2417","福岡県糟屋郡篠栗町中央四丁目15-8","","","","","","","","","","","","","","","3290002035970","","","",""
"株式会社Ｉ＆Ａ","7229006442094","","","","","","","239-0823","神奈川県横須賀市浦賀丘二丁目18-1","","","","","","","","","","","","","","","1021001042689","","","",""
"株式会社ＩＨ商店","4876703672114","","","","","","","890-0056","鹿児島県鹿児島市下荒田四丁目6-1 2階","","","","","","","","","","","","","","","8340001002251","","","",""
"ＩＳＩコーポレーション株式会社","1409179449129","","","","","","","038-0059","青森県青森市大字油川千刈113-1","","","","","","","","","","","","","","","4420001016271","","","",""
"有限会社アイ・エヌ・ジー","8000968067865","","","","","","","671-1121","兵庫県姫路市広畑区東新町二丁目3","","","","","","","","","","","","","","","1140002047132","","","",""
"有限会社アイコウ","9894376226418","","","","","","","101-0065","東京都千代田区西神田一丁目4-11","","","","","","","","","","","","","","","5010002006865","","","",""
"ＡＩＫＯＳＨＡ　ＪＡＰＡＮ株式会社","7959251089426","","","","","","","160-0022","東京都新宿区新宿二丁目12-13 新宿アントレサロンビル2F","","","","","","","","","","","","","","","7011101078884","","","",""
"有限会社アイ・シーブイエス","3005271133546","","","","","","","675-0068","兵庫県加古川市加古川町中津840-3","","","","","","","","","","","","","","","7140002036914","","","",""
"株式会社愛翔","4642412107559","","","","","","","793-0010","愛媛県西条市飯岡3572-5","","","","","","","","","","","","","","","2500001010680","","","",""
"一般財団法人愛信会","9657532427415","","","","","","","791-0204","愛媛県東温市志津川454","","","","","","","","","","","","","","","9500005007015","","","",""
"株式会社アイジェンシー","5085557150099","","","","","","","150-0001","東京都渋谷区神宮前一丁目20-11","","","","","","","","","","","","","","","4011101000207","","","",""
"株式会社アイ・スペシャル","9284153642180","","","","","","","102-0092","東京都千代田区隼町2-12","","","","","","","","","","","","","","","4010001080078","","","",""
"愛知県職員生活協同組合","5616345581145","","","","","","","460-0001","愛知県名古屋市中区三の丸二丁目3-2","","","","","","","","","","","","","","","3180005003390","","","",""
"アイティエイチ株式会社","7527383769251","","","","","","","374-0066","群馬県館林市大街道二丁目7-5","","","","","","","","","","","","","","","5070001031363","","","",""
"有限会社アイテム","4352919772617","","","","","","","543-0001","大阪府大阪市天王寺区上本町五丁目4-11 1109号","","","","","","","","","","","","","","","9120002059766","","","",""
"株式会社ＩＤＳ","1050986044849","","","","","","","154-0001","東京都世田谷区池尻三丁目21-16","","","","","","","","","","","","","","","4010901000985","","","",""
"株式会社ＩＤＥＮＴＩＴＹ","7452805336569","","","","","","","505-0041","岐阜県美濃加茂市太田町2689-14","","","","","","","","","","","","","","","8200001033087","","","",""
"株式会社あいのや","4719194964208","","","","","","","986-0814","宮城県石巻市南中里二丁目6-35","","","","","","","","","","","","","","","5370301000021","","","",""
"有限会社アイビー企画","7015431769556","","","","","","","855-0823","長崎県島原市湊町66","","","","","","","","","","","","","","","2310002017835","","","",""
"株式会社アイビビッド","1909255665584","","","","","","","184-0004","東京都小金井市本町一丁目8-14 サンリープ小金井ビル2階","","","","","","","","","","","","","","","4012401024977","","","",""
"株式会社アイメアー","1120395598451","","","","","","","183-0055","東京都府中市府中町一丁目6-9","","","","","","","","","","","","","","","1012402008882","","","",""
"有限会社ＩＵＥＣ","7256505510063","","","","","","","115-0041","東京都北区岩淵町25-22","","","","","","","","","","","","","","","3011502013898","","","",""
"株式会社アイリス","8277388517128","","","","","","","136-0072","東京都江東区大島三丁目5-2 1101","","","","","","","","","","","","","","","7070001032228","","","",""
"アイル・パートナーズ株式会社","7523587240238","","","","","","","760-0072","香川県高松市花園町一丁目2-11","","","","","","","","","","","","","","","1470001001619","","","",""
"株式会社アイレント","7112849685483","","","","","","","901-2102","沖縄県浦添市前田二丁目19-6","","","","","","","","","","","","","","","1360001008385","","","",""
"株式会社アインアセット","3607643589976","","","","","","","990-2482","山形県山形市久保田三丁目11-12","","","","","","","","","","","","","","","9390001016254","","","",""
"株式会社アインツ２１狭山ケ丘店","4169152413040","","","","","","","359-1162","埼玉県所沢市和ケ原一丁目124-1","","","","","","","","","","","","","","","6030001124590","","","",""
"有限会社アウトバック","5573148642033","","","","","","","020-0401","岩手県盛岡市手代森十六地割27-1","","","","","","","","","","","","","","","8400002004348","","","",""
"株式会社アーヴァイン・システムズ","6204510773480","","","","","","","141-0022","東京都品川区東五反田一丁目10-10 オフィスT","","","","","","","","","","","","","","","5010701017502","","","",""
"有限会社青木商事","6661136617233","","","","","","","177-0052","東京都練馬区関町東一丁目5-2","","","","","","","","","","","","","","","9011602021102","","","",""
"株式会社アオキスーパー","7789073730747","","","","","","","453-0054","愛知県名古屋市中村区鳥居西通一丁目1","","","","","","","","","","","","","","","1180001029202","","","",""
"有限会社青木屋商店","9314844598669","","","","","","","969-4406","福島県耶麻郡西会津町野沢原町乙2125","","","","","","","","","","","","","","","8380002034281","","","",""
"有限会社青倉商店","3363244461839","","","","","","","299-2226","千葉県南房総市市部111","","","","","","","","","","","","","","","3040002100254","","","",""
"株式会社青葉コーポレーション","5235314397105","","","","","","","981-0914","宮城県仙台市青葉区堤通雨宮町4-11 伊藤ビル5階","","","","","","","","","","","","","","","3370001006766","","","",""
"株式会社あおやま商店","1574879614851","","","","","","","044-0003","北海道虻田郡倶知安町北三条東一丁目17","","","","","","","","","","","","","","","5430001077709","","","",""
"有限会社赤坂有薫","1244102766929","","","","","","","100-0005","東京都千代田区丸の内二丁目1-1 安田生命ビルB2F","","","","","","","","","","","","","","","5010002006741","","","",""
"株式会社明石百貨店","6104662532023","","","","","","","673-0892","兵庫県明石市本町一丁目1-32","","","","","","","","","","","","","","","1140001034445","","","",""
"株式会社アカシヤ","4608970729730","","","","","","","533-0023","大阪府大阪市東淀川区東淡路四丁目33-34","","","","","","","","","","","","","","","7120001051032","","","",""
"有限会社あかし屋","4186786723855","","","","","","","698-0041","島根県益田市高津六丁目15-33","","","","","","","","","","","","","","","7280002009765","","","",""
"株式会社アカバ","5537052580198","","","","","","","386-0001","長野県上田市上田24-9","","","","","","","","","","","","","","","1100001009491","","","",""
"有限会社阿川商事","9015086993541","","","","","","","191-0043","東京都日野市平山六丁目3-1","","","","","","","","","","","","","","","9013402000070","","","",""
"株式会社あきた市民市場メイト","6695666296303","","","","","","","010-0001","秋田県秋田市中通四丁目7-35","","","","","","","","","","","","","","","9410001009577","","","",""
"株式会社明の屋","8948367716465","","","","","","","114-0024","東京都北区西ケ原一丁目27-50","","","","","","","","","","","","","","","7011501000142","","","",""
"株式会社あきば","5403446571678","","","","","","","306-0053","茨城県古河市中田1342","","","","","","","","","","","","","","","9050001018425","","","",""
"株式会社秋丸商会","7744128460164","","","","","","","891-7101","鹿児島県大島郡徳之島町亀津998","","","","","","","","","","","","","","","7340001010206","","","",""
"株式会社アクア","4688736816286","","","","","","","170-0013","東京都豊島区東池袋一丁目3-6 山手ビル5F","","","","","","","","","","","","","","","4013301012972","","","",""
"株式会社アクセス","5755510113459","","","","","","","151-0053","東京都渋谷区代々木一丁目19-12 新代々木ビル","","","","","","","","","","","","","","","2011001000762","","","",""
"株式会社アクタスビル","1442941325669","","","","","","","630-0257","奈良県生駒市元町一丁目3-22","","","","","","","","","","","","","","","1150001004694","","","",""
"有限会社アクティブ","1190878274886","","","","","","","420-0051","静岡県静岡市葵区南田町3-33","","","","","","","","","","","","","","","9080002000164","","","",""
"株式会社アクティブトラスト","5513869128635","","","","","","","542-0083","大阪府大阪市中央区東心斎橋一丁目6-27","","","","","","","","","","","","","","","9120002047903","","","",""
"株式会社アクトコーポレーション","2725121456313","","","","","","","577-0805","大阪府東大阪市宝持四丁目14-26","","","","","","","","","","","","","","","2122002000567","","","",""
"あぐりサービス株式会社","5996767010323","","","","","","","039-2646","青森県上北郡東北町字外蛯沢西平","","","","","","","","","","","","","","","1420001011325","","","",""
"株式会社ＡＲＣＡＤＥ","7788287026201","","","","","","","640-8443","和歌山県和歌山市延時62","","","","","","","","","","","","","","","1170001006409","","","",""
"有限会社アゲイン","8606784350334","","","","","","","729-0112","広島県福山市神村町76-3","","","","","","","","","","","","","","","9240002039070","","","",""
"有限会社安慶田企画","1635168623655","","","","","","","904-2143","沖縄県沖縄市知花六丁目15-31","","","","","","","","","","","","","","","4360002011278","","","",""
"株式会社アコール","7281964930962","","","","","","","183-0027","東京都府中市本町四丁目23-2","","","","","","","","","","","","","","","2012401025432","","","",""
"有限会社浅井商店","4319675588098","","","","","","","478-0053","愛知県知多市清水が丘二丁目914","","","","","","","","","","","","","","","7180002088142","","","",""
"有限会社アサオ商事","5864667338720","","","","","","","309-1462","茨城県桜川市曽根111","","","","","","","","","","","","","","","5050002044028","","","",""
"有限会社安積屋","1858784147644","","","","","","","969-1134","福島県本宮市本宮上町30","","","","","","","","","","","","","","","4380002016837","","","",""
"株式会社あさき","2341685730828","","","","","","","987-0902","宮城県登米市東和町米谷日面25-2","","","","","","","","","","","","","","","6370401000003","","","",""
"株式会社あさぬま","7003045484833","","","","","","","100-1401","東京都八丈町大賀郷2370-1","","","","","","","","","","","","","","","2010001196776","","","",""
"株式会社あさの食専","4372192599091","","","","","","","879-0608","大分県豊後高田市呉崎462-6","","","","","","","","","","","","","","","5320001007908","","","",""
"株式会社浅野ネットワーク","6296307307748","","","","","","","574-0001","大阪府大東市学園町1-47","","","","","","","","","","","","","","","3120001107135","","","",""
"株式会社浅野屋","5645230648958","","","","","","","504-0966","岐阜県各務原市那加本町24","","","","","","","","","","","","","","","9200001006810","","","",""
"朝日株式会社","6921551077531","","","","","","","519-0271","三重県鈴鹿市西庄内町3578-1","","","","","","","","","","","","","","","7190001014197","","","",""
"旭興業株式会社","4876469618993","","","","","","","661-0975","兵庫県尼崎市下坂部四丁目7-21","","","","","","","","","","","","","","","4140001052411","","","",""
"株式会社旭製菓","6506974428971","","","","","","","202-0011","東京都西東京市泉町六丁目10-22","","","","","","","","","","","","","","","4012701002633","","","",""
"有限会社朝日屋","2220317181713","","","","","","","198-0105","東京都西多摩郡奥多摩町小丹波33","","","","","","","","","","","","","","","1013102007043","","","",""
"有限会社アサヒ屋","4969013915533","","","","","","","658-0027","兵庫県神戸市東灘区青木六丁目2-17","","","","","","","","","","","","","","","7140002001018","","","",""
"有限会社あさひや","2963661879915","","","","","","","191-0065","東京都日野市旭が丘一丁目12-9","","","","","","","","","","","","","","","7013402000089","","","",""
"有限会社アサヒ薬業","3365043106038","","","","","","","781-2122","高知県吾川郡いの町天王北一丁目5-8","","","","","","","","","","","","","","","8490002009371","","","",""
"有限会社浅見商店","5615125240849","","","","","","","185-0011","東京都国分寺市本多二丁目16-23","","","","","","","","","","","","","","","4012402003113","","","",""
"有限会社アサユニット","7826607490051","","","","","","","732-0012","広島県広島市東区戸坂新町一丁目1-11","","","","","","","","","","","","","","","2240002024401","","","",""
"阿讃商事株式会社","3221878108713","","","","","","","769-2102","香川県さぬき市鴨庄2486-1","","","","","","","","","","","","","","","2470001011063","","","",""
"株式会社麻布トレーディング","6771508034739","","","","","","","106-0046","東京都港区元麻布二丁目10-10 204号ジャルダン元麻布","","","","","","","","","","","","","","","5010401113568","","","",""
"株式会社芦田商店","6275768558196","","","","","","","273-0021","千葉県船橋市海神六丁目5-7","","","","","","","","","","","","","","","4040001016590","","","",""
"株式会社アシッズ","9452928627267","","","","","","","105-0004","東京都港区新橋一丁目10-6 新橋M-SQUARE4階","","","","","","","","","","","","","","","2010401049591","","","",""
"株式会社芦見屋","2626701150233","","","","","","","912-0016","福井県大野市友江13-10","","","","","","","","","","","","","","","9210001010241","","","",""
"有限会社あしゃぎ","8765394482077","","","","","","","901-0202","沖縄県豊見城市字嘉数628-1","","","","","","","","","","","","","","","1360002008368","","","",""
"有限会社アシュミネ・レヴ","8222322862603","","","","","","","559-0034","大阪府大阪市住之江区南港北一丁目17-19 220号","","","","","","","","","","","","","","","8120002057639","","","",""
"株式会社アジア","8101678168412","","","","","","","507-0071","岐阜県多治見市旭ケ丘一丁目86-8","","","","","","","","","","","","","","","4200001020460","","","",""
"有限会社ＡＪＯＵＲ","3679450610223","","","","","","","808-0124","福岡県北九州市若松区大字安屋1783-9","","","","","","","","","","","","","","","9290802011315","","","",""
"アスエイト・アドバイザリー株式会社","3707236927428","","","","","","","105-0001","東京都港区虎ノ門一丁目1-21 新虎ノ門実業会館5階","","","","","","","","","","","","","","","4010401125597","","","",""
"有限会社飛鳥","9851612625165","","","","","","","410-2114","静岡県伊豆の国市南條698-56","","","","","","","","","","","","","","","5080102008961","","","",""
"株式会社ａｓｋ","7551407140946","","","","","","","501-3716","岐阜県美濃市前野166","","","","","","","","","","","","","","","1200001020174","","","",""
"有限会社アスコム","6451524849802","","","","","","","661-0024","兵庫県尼崎市三反田町二丁目10-11","","","","","","","","","","","","","","","8120902021933","","","",""
"株式会社アスタラビスタ","5103620028443","","","","","","","830-0422","福岡県三潴郡大木町大字高橋518","","","","","","","","","","","","","","","2290001053157","","","",""
"株式会社アステリア","8781377854524","","","","","","","334-0005","埼玉県川口市大字里1640-1 プラティーククレイヴ603","","","","","","","","","","","","","","","1030001109679","","","",""
"株式会社Ａｓｕｔｒｕｓｔ","4877984366364","","","","","","","253-0103","神奈川県高座郡寒川町小谷一丁目5-37 森沢ビル1F","","","","","","","","","","","","","","","6021001057006","","","",""
"アスフィール株式会社","4263598735172","","","","","","","400-0867","山梨県甲府市青沼三丁目17-15","","","","","","","","","","","","","","","3090001001928","","","",""
"株式会社アスモ","2289566385014","","","","","","","999-1351","山形県西置賜郡小国町大字小国町163","","","","","","","","","","","","","","","2390001011385","","","",""
"株式会社アズサプランニング","5354670997516","","","","","","","730-0051","広島県広島市中区大手町一丁目1-26 大手町一番ビル1201","","","","","","","","","","","","","","","5240001050602","","","",""
"株式会社アズネット","6399157268193","","","","","","","812-0043","福岡県福岡市博多区堅粕二丁目20-13","","","","","","","","","","","","","","","4290001035376","","","",""
"東食品株式会社","6528528263058","","","","","","","107-0062","東京都港区南青山七丁目3-1","","","","","","","","","","","","","","","6010401001739","","","",""
"株式会社Ａｚｍａｃ　Ｉｎｖｅｓｔｍｅｎｔ","4403875533562","","","","","","","461-0022","愛知県名古屋市東区東大曽根町29-11","","","","","","","","","","","","","","","2180001064999","","","",""
"有限会社東屋","2735676037476","","","","","","","971-8101","福島県いわき市小名浜古湊85","","","","","","","","","","","","","","","7380002021999","","","",""
"有限会社アズーロ","5543789320140","","","","","","","882-1101","宮崎県西臼杵郡高千穂町大字三田井392-1","","","","","","","","","","","","","","","6350002013240","","","",""
"株式会社アセットボックス","2579091836222","","","","","","","859-5121","長崎県平戸市岩の上町1430","","","","","","","","","","","","","","","3310001011292","","","",""
"麻生芳雄商事株式会社","7223941970910","","","","","","","820-0101","福岡県飯塚市綱分1843","","","","","","","","","","","","","","","1290001045329","","","",""
"株式会社安達","9064701232132","","","","","","","925-0052","石川県羽咋市中央町フ168-1","","","","","","","","","","","","","","","6220001015985","","","",""
"株式会社ＡＤＡＰＴＲＥＮＤ","6900476532664","","","","","","","820-1114","福岡県飯塚市口原42-1","","","","","","","","","","","","","","","1290001070921","","","",""
"阿智村共同店舖事業協同組合","3052566643791","","","","","","","395-0303","長野県下伊那郡阿智村駒場426","","","","","","","","","","","","","","","4100005009543","","","",""
"アップオン株式会社","9167090097776","","","","","","","190-0022","東京都立川市錦町五丁目16-20","","","","","","","","","","","","","","","2012801016881","","","",""
"株式会社アップリンク","5557660753331","","","","","","","134-0091","東京都江戸川区船堀五丁目12-8","","","","","","","","","","","","","","","1011701013180","","","",""
"アップルアールエス株式会社","4047634131397","","","","","","","104-0061","東京都中央区銀座八丁目15-6","","","","","","","","","","","","","","","4010001089433","","","",""
"株式会社アップルサンショウ","7611355669692","","","","","","","939-8205","富山県富山市新根塚町三丁目2-2","","","","","","","","","","","","","","","3230001001046","","","",""
"有限会社アップロード","6881572153486","","","","","","","545-0043","大阪府大阪市阿倍野区松虫通二丁目4-26","","","","","","","","","","","","","","","4120002002689","","","",""
"株式会社あつみ編集舎","8316892952059","","","","","","","441-3617","愛知県田原市福江町中羽根79-1","","","","","","","","","","","","","","","1180303001379","","","",""
"有限会社あづまや","2534910423494","","","","","","","286-0034","千葉県成田市馬橋2-6","","","","","","","","","","","","","","","5040002054696","","","",""
"有限会社東屋酒店","1047990583537","","","","","","","355-0028","埼玉県東松山市箭弓町三丁目4-11","","","","","","","","","","","","","","","9030002095498","","","",""
"株式会社アテンダー","3127356660595","","","","","","","769-1101","香川県三豊市詫間町詫間6822-6","","","","","","","","","","","","","","","2470001014966","","","",""
"株式会社アデガワ","1924660860443","","","","","","","176-0005","東京都練馬区旭丘一丁目68","","","","","","","","","","","","","","","7011601000356","","","",""
"株式会社Ａｒｔ","5182254080302","","","","","","","810-0003","福岡県福岡市中央区春吉二丁目4-11 703号","","","","","","","","","","","","","","","3290001068476","","","",""
"株式会社アートギャラリー小森","3881949397559","","","","","","","461-0002","愛知県名古屋市東区代官町39-22 太洋ビル4階1号室","","","","","","","","","","","","","","","7180001042158","","","",""
"株式会社アートジャパン","4784449908381","","","","","","","364-0004","埼玉県北本市山中一丁目3","","","","","","","","","","","","","","","2030001061920","","","",""
"アートドライブ株式会社","3067846846273","","","","","","","770-8012","徳島県徳島市大原町籠10-45","","","","","","","","","","","","","","","6480003000290","","","",""
"株式会社アート・プランドゥ","6538887600447","","","","","","","356-0035","埼玉県ふじみ野市丸山8-3 小田急コアロードふじみ野208","","","","","","","","","","","","","","","4030001015940","","","",""
"アトミックストア・インターナショナル有限会社","2873762376048","","","","","","","333-0842","埼玉県川口市前川二丁目4-11","","","","","","","","","","","","","","","3030002110849","","","",""
"有限会社アトムジェーエムシー","3221211531669","","","","","","","517-0404","三重県志摩市浜島町浜島838-17","","","","","","","","","","","","","","","1190002011182","","","",""
"アトリエ・ＧＯＰＰＡ株式会社","3956106903269","","","","","","","040-0063","北海道函館市若松町32-19","","","","","","","","","","","","","","","7011001104344","","","",""
"株式会社アド・アクセス","2591616345419","","","","","","","133-0056","東京都江戸川区南小岩七丁目27-3 第3イーストビル4階","","","","","","","","","","","","","","","4011701000300","","","",""
"株式会社アドコット","5463536941007","","","","","","","125-0052","東京都葛飾区柴又六丁目5-18","","","","","","","","","","","","","","","5011801031401","","","",""
"株式会社アドバンスクリヤマ","6009852005719","","","","","","","157-0062","東京都世田谷区南烏山五丁目14-3","","","","","","","","","","","","","","","4010901000630","","","",""
"株式会社アドバンスクルー","1360606055798","","","","","","","460-0003","愛知県名古屋市中区錦三丁目23-18 ニューサカエビル8F","","","","","","","","","","","","","","","2180001106421","","","",""
"株式会社Ａｄｖａｎｃｅ　Ｊａｐａｎ","2282327833377","","","","","","","700-0924","岡山県岡山市北区大元一丁目7-29 103","","","","","","","","","","","","","","","4260001031436","","","",""
"アドバンストリガー株式会社","4210013678732","","","","","","","104-0033","東京都中央区新川二丁目6-2 石橋ビル406","","","","","","","","","","","","","","","6010001165505","","","",""
"株式会社アドペンテル","1315287524246","","","","","","","532-0002","大阪府大阪市淀川区東三国四丁目4-11 東明ビル202号","","","","","","","","","","","","","","","6120001053632","","","",""
"株式会社ア・ドマーニ","7056250710416","","","","","","","111-0043","東京都台東区駒形二丁目1-27 RAID浅草リバーフロント4F","","","","","","","","","","","","","","","1010401080366","","","",""
"株式会社アドミクスライン","6732178714375","","","","","","","542-0082","大阪府大阪市中央区島之内一丁目21-19 オリエンタル堺筋ビル7F","","","","","","","","","","","","","","","9120001168634","","","",""
"株式会社Ａｎｏｔｈｅｒ　ｐｌｕｓ","2265769001021","","","","","","","107-0062","東京都港区南青山五丁目1-25 メゾンドラミア401号","","","","","","","","","","","","","","","2020001112947","","","",""
"株式会社アニー","2858322477786","","","","","","","842-0056","佐賀県神埼市千代田町境原23-3","","","","","","","","","","","","","","","3300001003555","","","",""
"有限会社アニム・プロジェクト","6771371273233","","","","","","","102-0083","東京都千代田区麴町二丁目10-3","","","","","","","","","","","","","","","3010402024881","","","",""
"株式会社アーバン商会","9661717350070","","","","","","","253-0085","神奈川県茅ヶ崎市矢畑419-30","","","","","","","","","","","","","","","4021001008290","","","",""
"アビエルタ株式会社","7536785723363","","","","","","","103-0012","東京都中央区日本橋堀留町一丁目9-6 堀留ゼネラルビル5F","","","","","","","","","","","","","","","8011001069644","","","",""
"アビニックス株式会社","8134651611589","","","","","","","461-0025","愛知県名古屋市東区徳川二丁目13-15","","","","","","","","","","","","","","","3180001053951","","","",""
"株式会社アビリティズ","7961439951541","","","","","","","430-0905","静岡県浜松市中央区下池川町20-5","","","","","","","","","","","","","","","9080401012652","","","",""
"有限会社アフコ","5085624344826","","","","","","","944-0141","新潟県上越市板倉区田井1291-1","","","","","","","","","","","","","","","9110002024639","","","",""
"株式会社アブアブ赤札堂","5046520563221","","","","","","","110-0005","東京都台東区上野四丁目8-4","","","","","","","","","","","","","","","9010501000431","","","",""
"株式会社油源","1966174481559","","","","","","","321-1401","栃木県日光市上鉢石町1028-3","","","","","","","","","","","","","","","4060001008561","","","",""
"有限会社油屋","5145426311834","","","","","","","289-1521","千葉県山武市松尾町本柏3234-3","","","","","","","","","","","","","","","9040002079302","","","",""
"株式会社油屋","4706360800821","","","","","","","697-0026","島根県浜田市田町1449-1","","","","","","","","","","","","","","","8280001004246","","","",""
"ＡＰＷＩＮ株式会社","3212796180635","","","","","","","542-0081","大阪府大阪市中央区南船場二丁目3-6 第一住建長堀橋駅前ビル2F","","","","","","","","","","","","","","","4140001102158","","","",""
"有限会社アプローチ","3339094172308","","","","","","","180-0004","東京都武蔵野市吉祥寺本町四丁目6-2","","","","","","","","","","","","","","","3012402021330","","","",""
"株式会社阿部","3901809869681","","","","","","","263-0043","千葉県千葉市稲毛区小仲台二丁目6-8","","","","","","","","","","","","","","","7040001000385","","","",""
"株式会社ＡＢタウン","6048954099489","","","","","","","870-0108","大分県大分市三佐五丁目2-9 オフィスキヨマツ(II)202","","","","","","","","","","","","","","","8320001016749","","","",""
"有限会社あべよしストアー","1065316546819","","","","","","","879-7301","大分県豊後大野市犬飼町犬飼38","","","","","","","","","","","","","","","8320002018208","","","",""
"有限会社ａｂｏ","8013019247951","","","","","","","454-0045","愛知県名古屋市中川区丹後町二丁目22","","","","","","","","","","","","","","","8180002037767","","","",""
"合資会社天草大同物産","7205117736846","","","","","","","863-0015","熊本県天草市大浜町9-23","","","","","","","","","","","","","","","9330003003850","","","",""
"株式会社アマノ","3165737858624","","","","","","","010-0341","秋田県男鹿市船越内子89","","","","","","","","","","","","","","","5410001004012","","","",""
"株式会社天野園","5585099141128","","","","","","","135-0016","東京都江東区東陽一丁目28-4","","","","","","","","","","","","","","","1010601001683","","","",""
"株式会社天野材木店","3733580896468","","","","","","","170-0002","東京都豊島区巣鴨一丁目3-22","","","","","","","","","","","","","","","3013301000846","","","",""
"奄美アイシーティー株式会社","5345203259075","","","","","","","894-0007","鹿児島県奄美市名瀬和光町2-1","","","","","","","","","","","","","","","6340001010990","","","",""
"奄美ミート有限会社","6449743917076","","","","","","","894-0003","鹿児島県奄美市名瀬大字仲勝663-2","","","","","","","","","","","","","","","7340002020567","","","",""
"株式会社奄美屋","3426725929445","","","","","","","370-0015","群馬県高崎市島野町766-1","","","","","","","","","","","","","","","1070001025427","","","",""
"有限会社アミオフードセンター","4186104766954","","","","","","","680-0907","鳥取県鳥取市賀露町北四丁目33-28","","","","","","","","","","","","","","","7270002000106","","","",""
"株式会社阿見商業開発","2854275167907","","","","","","","300-0331","茨城県稲敷郡阿見町大字阿見2958","","","","","","","","","","","","","","","3050001009900","","","",""
"株式会社ＡＭＩＤＡＳ","4106376952173","","","","","","","337-0051","埼玉県さいたま市見沼区東大宮四丁目2-4","","","","","","","","","","","","","","","2011101032854","","","",""
"有限会社あみもと","1151792188328","","","","","","","010-0921","秋田県秋田市大町一丁目1-17","","","","","","","","","","","","","","","1410002005236","","","",""
"有限会社アミュー","7256365775302","","","","","","","660-0081","兵庫県尼崎市蓬川町402","","","","","","","","","","","","","","","2140002026036","","","",""
"株式会社あみゅーれ","4465966391671","","","","","","","433-8112","静岡県浜松市中央区初生町379-1","","","","","","","","","","","","","","","7080401000320","","","",""
"有限会社アーム","5073015740275","","","","","","","699-1822","島根県仁多郡奥出雲町下横田84","","","","","","","","","","","","","","","7280002011696","","","",""
"アムト株式会社","6247680484391","","","","","","","501-0473","岐阜県本巣市温井230","","","","","","","","","","","","","","","3200001009760","","","",""
"株式会社ＡＭＥＫＡＺＥ","4898052423931","","","","","","","963-8071","福島県郡山市富久山町久保田郷花4-35","","","","","","","","","","","","","","","2380001030089","","","",""
"株式会社アモン","9848009317918","","","","","","","030-0801","青森県青森市新町一丁目13-5 3F","","","","","","","","","","","","","","","1420001000377","","","",""
"綾部ショッピングプラザ協同組合","3585027149998","","","","","","","623-0013","京都府綾部市綾中町花ノ木30","","","","","","","","","","","","","","","7130005010438","","","",""
"有限会社アライ","1114533128663","","","","","","","143-0023","東京都大田区山王一丁目41-7","","","","","","","","","","","","","","","5010702000457","","","",""
"株式会社荒井商会","9890083624651","","","","","","","171-0021","東京都豊島区西池袋一丁目42-8 秋福ビル1階","","","","","","","","","","","","","","","6013301036846","","","",""
"有限会社新井商店","5920508603900","","","","","","","371-0244","群馬県前橋市鼻毛石町198-7","","","","","","","","","","","","","","","6070002000374","","","",""
"有限会社荒磯","1805926107500","","","","","","","683-0065","鳥取県米子市万能町162","","","","","","","","","","","","","","","9270002008774","","","",""
"有限会社荒川商店","1585383390977","","","","","","","517-0011","三重県鳥羽市鳥羽三丁目25-3","","","","","","","","","","","","","","","9190002010383","","","",""
"有限会社アラキヤ","1697277807576","","","","","","","510-0015","三重県四日市市城山町1-38","","","","","","","","","","","","","","","2190002024241","","","",""
"株式会社ＡＬＡＴＡＭＡ","2327245080700","","","","","","","141-0031","東京都品川区西五反田一丁目26-2 五反田サンハイツ911","","","","","","","","","","","","","","","3010701030928","","","",""
"株式会社アリカンテ","1133173128605","","","","","","","103-0007","東京都中央区日本橋浜町二丁目35-7","","","","","","","","","","","","","","","2020003010991","","","",""
"株式会社Ｒｗａｖｅ","5326786425152","","","","","","","153-0043","東京都目黒区東山二丁目4-3 パールビル1F","","","","","","","","","","","","","","","3010401113371","","","",""
"有限会社ＲＨＹカンパニー","1092307045640","","","","","","","231-0005","神奈川県横浜市中区本町一丁目5-2","","","","","","","","","","","","","","","1020002077570","","","",""
"株式会社アールオーエヌ","4863938660637","","","","","","","335-0022","埼玉県戸田市上戸田一丁目2-17","","","","","","","","","","","","","","","4030001022474","","","",""
"株式会社ＲＫＣ","8568138776759","","","","","","","160-0023","東京都新宿区西新宿三丁目3-13 西新宿水間ビル2F","","","","","","","","","","","","","","","2010401087609","","","",""
"協業組合アルタ","6514564183131","","","","","","","960-0201","福島県福島市飯坂町銀杏2-7","","","","","","","","","","","","","","","9380005000998","","","",""
"株式会社アルタクラッセ","2638483163864","","","","","","","101-0021","東京都千代田区外神田一丁目16-8 GEEKSAKIHABARA1F","","","","","","","","","","","","","","","3010001115173","","","",""
"有限会社アルティマ","7579804289523","","","","","","","169-0073","東京都新宿区百人町二丁目18-15 103号","","","","","","","","","","","","","","","1011102028753","","","",""
"ＲＰＧプラント株式会社","9881566146743","","","","","","","747-0014","山口県防府市大字江泊1936","","","","","","","","","","","","","","","2290801020835","","","",""
"株式会社ＡＬＰＨＡ　ＳＴＹＬＥ","1001004167348","","","","","","","150-0021","東京都渋谷区恵比寿西一丁目3-8","","","","","","","","","","","","","","","6011001108197","","","",""
"アルフォンソ株式会社","3942202068795","","","","","","","371-0021","群馬県前橋市住吉町一丁目3-12","","","","","","","","","","","","","","","9070001000216","","","",""
"株式会社アレックスケア","3820406006461","","","","","","","115-0045","東京都北区赤羽一丁目67-54 みなもとビル3F","","","","","","","","","","","","","","","7011501010694","","","",""
"株式会社安礼郷","1696644437037","","","","","","","440-0858","愛知県豊橋市つつじが丘一丁目12-3","","","","","","","","","","","","","","","4180301004991","","","",""
"株式会社アローズ","7669700426654","","","","","","","151-0073","東京都世田谷区笹塚１丁目６２－３アルス笹塚１Ｆ","","","","","","","","","","","","","","","5010901000786","","","",""
"株式会社アローズ","2985606345111","","","","","","","598-0033","大阪府泉佐野市南中安松1666","","","","","","","","","","","","","","","8120101039389","","","",""
"有限会社淡路地蔵市場","8854382772285","","","","","","","533-0032","大阪府大阪市東淀川区淡路四丁目8-15","","","","","","","","","","","","","","","7120002024540","","","",""
"株式会社安房屋","7630561877791","","","","","","","143-0021","東京都大田区北馬込二丁目48-9","","","","","","","","","","","","","","","8010801000735","","","",""
"株式会社アンカー","8174726637788","","","","","","","633-0062","奈良県桜井市大字粟殿1020-3 901","","","","","","","","","","","","","","","5150001020333","","","",""
"有限会社アンサー","2863969210357","","","","","","","321-4324","栃木県真岡市西沼835","","","","","","","","","","","","","","","4060002016984","","","",""
"株式会社安心生活．ｃｏｍ","4797770420546","","","","","","","491-0831","愛知県一宮市森本五丁目15-9 森本ビル3階","","","","","","","","","","","","","","","3180001070336","","","",""
"株式会社アンジェリーナ","9753131001061","","","","","","","763-0033","香川県丸亀市中府町二丁目6-20","","","","","","","","","","","","","","","3010001190233","","","",""
"有限会社安田屋","2733242225874","","","","","","","949-7504","新潟県長岡市東川口1912","","","","","","","","","","","","","","","6110002032421","","","",""
"安藤商事株式会社","5133799639598","","","","","","","124-0001","東京都葛飾区小菅四丁目9-1","","","","","","","","","","","","","","","9011801000195","","","",""
"アンドウ商店有限会社","9905038237223","","","","","","","812-0044","福岡県福岡市博多区千代三丁目19-1 152号","","","","","","","","","","","","","","","7290002021760","","","",""
"アンドワイ株式会社","4891507414516","","","","","","","533-0013","大阪府大阪市東淀川区豊里七丁目30-9","","","","","","","","","","","","","","","8120001132608","","","",""
"有限会社アンビル酒販","1822882857954","","","","","","","270-2253","千葉県松戸市日暮一丁目14-1","","","","","","","","","","","","","","","4040002044137","","","",""
"株式会社アンフレ","4974511342160","","","","","","","537-0024","大阪府大阪市東成区東小橋三丁目19-3","","","","","","","","","","","","","","","6120001108023","","","",""
"有限会社アンプーファム","4186562496876","","","","","","","650-0023","兵庫県神戸市中央区栄町通一丁目2-13 茂生ビル3階","","","","","","","","","","","","","","","9140002022474","","","",""
"有限会社飯島産業","4591955421736","","","","","","","252-0813","神奈川県藤沢市亀井野一丁目31-7","","","","","","","","","","","","","","","1021002000407","","","",""
"有限会社いいだ","9283289184688","","","","","","","943-0227","新潟県上越市三和区番町1723","","","","","","","","","","","","","","","6110002023866","","","",""
"株式会社飯田ストアー","6997512617446","","","","","","","336-0023","埼玉県さいたま市南区神明一丁目14-3","","","","","","","","","","","","","","","8030001000583","","","",""
"株式会社イイネ","5191807387425","","","","","","","286-0804","千葉県成田市長沼1558","","","","","","","","","","","","","","","4040001045499","","","",""
"有限会社ＥＡＳＥ","6256715051660","","","","","","","442-0033","愛知県豊川市豊川町止通10-4","","","","","","","","","","","","","","","7180302006836","","","",""
"株式会社ＹＥＳ","8324361488689","","","","","","","759-6532","山口県下関市吉見新町二丁目3-16","","","","","","","","","","","","","","","3250001013725","","","",""
"株式会社イーエスシー","9576144972674","","","","","","","252-0011","神奈川県座間市相武台一丁目36-21","","","","","","","","","","","","","","","2021001048058","","","",""
"株式会社イー・エル・ピイ","8797236506726","","","","","","","812-0013","福岡県福岡市博多区博多駅東二丁目2-2 5F","","","","","","","","","","","","","","","7290001011820","","","",""
"イオン九州株式会社","6546467448916","","","","","","","813-0016","福岡県福岡市東区香椎浜二丁目8-30","","","","","","","","","","","","","","","6290001017604","","","",""
"イオンサヴール株式会社","3225426993451","","","","","","","103-0012","東京都中央区日本橋堀留町一丁目2-15 第3朝日ビル8F","","","","","","","","","","","","","","","5040001095709","","","",""
"イオン東北株式会社","9531914651981","","","","","","","011-0941","秋田県秋田市土崎港北一丁目6-25","","","","","","","","","","","","","","","5410001001901","","","",""
"イオンビッグ株式会社","1771180314923","","","","","","","450-0002","愛知県名古屋市中村区名駅五丁目25-8","","","","","","","","","","","","","","","4180001101313","","","",""
"イオン北海道株式会社","7409244154787","","","","","","","003-0026","北海道札幌市白石区本通二十一丁目南1-10","","","","","","","","","","","","","","","4430001015958","","","",""
"イオンリテール株式会社","3590740383369","","","","","","","261-0023","千葉県千葉市美浜区中瀬一丁目5-1","","","","","","","","","","","","","","","2040001000456","","","",""
"イオン琉球株式会社","5181934906349","","","","","","","901-1111","沖縄県島尻郡南風原町字兼城","","","","","","","","","","","","","","","4360001006502","","","",""
"株式会社いかりスーパーマーケット","7746691683737","","","","","","","661-0002","兵庫県尼崎市塚口町一丁目15-8","","","","","","","","","","","","","","","6140001047632","","","",""
"有限会社井川設備","4689289873079","","","","","","","799-0422","愛媛県四国中央市中之庄町327-1","","","","","","","","","","","","","","","8500002020946","","","",""
"有限会社伊賀ショッピング","4870198753425","","","","","","","410-2123","静岡県伊豆の国市四日町170-2","","","","","","","","","","","","","","","5080102008978","","","",""
"株式会社粋活き","8590176903942","","","","","","","144-0032","東京都大田区北糀谷一丁目19-6","","","","","","","","","","","","","","","6010801020751","","","",""
"壱岐商業開発株式会社","5967603065992","","","","","","","811-5463","長崎県壱岐市芦辺町箱崎中山触2575-22","","","","","","","","","","","","","","","6310001010184","","","",""
"株式会社Ｅキャピタル","3359169182588","","","","","","","410-0057","静岡県沼津市高沢町1-3 503号","","","","","","","","","","","","","","","8080103000015","","","",""
"イクエーターキャピタル株式会社","1381247246831","","","","","","","104-0061","東京都中央区銀座八丁目10-8","","","","","","","","","","","","","","","8010701030502","","","",""
"有限会社イーグルストア","3292053999935","","","","","","","893-1605","鹿児島県鹿屋市串良町上小原5224","","","","","","","","","","","","","","","7340002024915","","","",""
"株式会社池太商店","3996384651274","","","","","","","100-0402","東京都新島村本村六丁目3-3","","","","","","","","","","","","","","","4010001190645","","","",""
"有限会社池田質舗","7666214765299","","","","","","","790-0966","愛媛県松山市立花二丁目8-5","","","","","","","","","","","","","","","4500002000910","","","",""
"有限会社池田商店","1212818401891","","","","","","","299-2115","千葉県安房郡鋸南町下佐久間972-3","","","","","","","","","","","","","","","9040002100117","","","",""
"株式会社池田ストア","3333918894823","","","","","","","594-1136","大阪府和泉市仏並町707","","","","","","","","","","","","","","","8120101041246","","","",""
"株式会社池田本店","3375657687485","","","","","","","716-0201","岡山県高梁市川上町地頭1309-3","","","","","","","","","","","","","","","2260001019004","","","",""
"株式会社池永","2770492901099","","","","","","","664-0842","兵庫県伊丹市森本二丁目120","","","","","","","","","","","","","","","5140001078034","","","",""
"有限会社イケモリストアー","3422234108303","","","","","","","326-0823","栃木県足利市朝倉町38","","","","","","","","","","","","","","","8060002035411","","","",""
"株式会社ｅ－コネクト","9440611958682","","","","","","","299-0119","千葉県市原市姉崎西二丁目3-15","","","","","","","","","","","","","","","4040001093960","","","",""
"有限会社いこまや","4474180343087","","","","","","","578-0941","大阪府東大阪市岩田町三丁目11-1","","","","","","","","","","","","","","","2122002009781","","","",""
"有限会社ＩＳＡＭＩ","1342896922374","","","","","","","329-0111","栃木県下都賀郡野木町大字丸林668-2","","","","","","","","","","","","","","","7060002030248","","","",""
"株式会社いさみ屋","3372649385687","","","","","","","171-0043","東京都豊島区要町一丁目18-7","","","","","","","","","","","","","","","8013301001030","","","",""
"有限会社いさみ屋","8284787862762","","","","","","","321-3423","栃木県芳賀郡市貝町大字市塙454-3","","","","","","","","","","","","","","","3060002018718","","","",""
"株式会社石井","9491460705512","","","","","","","213-0001","神奈川県川崎市高津区溝口四丁目11-1","","","","","","","","","","","","","","","7020001065876","","","",""
"株式会社石井商店","1863303250390","","","","","","","340-0041","埼玉県草加市松原五丁目12-2","","","","","","","","","","","","","","","3030001034660","","","",""
"有限会社石狩食品総合センター","9777860633842","","","","","","","061-3378","北海道石狩市船場町2-118","","","","","","","","","","","","","","","6430002043188","","","",""
"株式会社いしかわ","4807707516412","","","","","","","683-0041","鳥取県米子市茶町7","","","","","","","","","","","","","","","5270002005288","","","",""
"有限会社石川商店","5464133887065","","","","","","","473-0917","愛知県豊田市若林西町宮下17-1","","","","","","","","","","","","","","","2180302021344","","","",""
"株式会社石垣エスエスグループ","3680330942402","","","","","","","907-0004","沖縄県石垣市字登野城1273","","","","","","","","","","","","","","","1360001013039","","","",""
"有限会社石垣商店","6298025979650","","","","","","","920-2331","石川県白山市瀬戸申2","","","","","","","","","","","","","","","5220002000005","","","",""
"石黒総合食品株式会社","5495884927143","","","","","","","244-0003","神奈川県横浜市戸塚区戸塚町116","","","","","","","","","","","","","","","2020001007065","","","",""
"有限会社石島商店","6622191525202","","","","","","","252-0222","神奈川県相模原市中央区由野台二丁目26-13","","","","","","","","","","","","","","","3021002017837","","","",""
"株式会社イシダ","1917557967366","","","","","","","169-0073","東京都新宿区百人町四丁目9-7 新宿ユーエストビル7階","","","","","","","","","","","","","","","2011201013234","","","",""
"有限会社石田ストアー","5748477354760","","","","","","","299-4501","千葉県いすみ市岬町椎木280","","","","","","","","","","","","","","","8040002101990","","","",""
"株式会社石田屋","9109232687449","","","","","","","134-0088","東京都江戸川区西葛西一丁目3-15","","","","","","","","","","","","","","","2011701000525","","","",""
"株式会社石田屋ホテルズ","2662116815385","","","","","","","754-0044","山口県山口市小郡大正町15-25","","","","","","","","","","","","","","","4250001000061","","","",""
"有限会社石塚商店","5316290326655","","","","","","","679-1113","兵庫県多可郡多可町中区中村町95-3","","","","","","","","","","","","","","","6140002061649","","","",""
"有限会社石津マート","1905929943046","","","","","","","425-0042","静岡県焼津市石津港町31-3","","","","","","","","","","","","","","","8080002015551","","","",""
"株式会社石原","2777587963603","","","","","","","272-0021","千葉県市川市八幡六丁目3-21","","","","","","","","","","","","","","","1040001025594","","","",""
"有限会社石原質店","8719975007649","","","","","","","050-0074","北海道室蘭市中島町三丁目20-5","","","","","","","","","","","","","","","5430002063864","","","",""
"株式会社イシハラフード","1001834845834","","","","","","","475-0846","愛知県半田市栄町三丁目13","","","","","","","","","","","","","","","4180001091562","","","",""
"ＥＣベース合同会社","5576124353094","","","","","","","730-0806","広島県広島市中区西十日市町6-4 101号","","","","","","","","","","","","","","","6240003003409","","","",""
"イスミ商事株式会社","2278535681960","","","","","","","868-0004","熊本県人吉市九日町87","","","","","","","","","","","","","","","9330001016029","","","",""
"株式会社イーズ","4410386402939","","","","","","","723-0016","広島県三原市宮沖一丁目12-22","","","","","","","","","","","","","","","1240001052180","","","",""
"伊豆自然生活株式会社","6728452188770","","","","","","","413-0231","静岡県伊東市富戸1103-21","","","","","","","","","","","","","","","2080101013313","","","",""
"有限会社イズマート","1491391399839","","","","","","","296-0041","千葉県鴨川市東町1362","","","","","","","","","","","","","","","5040002100681","","","",""
"株式会社ＩＺＵＭＩ","7498188808793","","","","","","","105-0001","東京都港区虎ノ門一丁目23-1 虎ノ門ヒルズ森タワー8F","","","","","","","","","","","","","","","2020001111759","","","",""
"泉興業株式会社","2069521270108","","","","","","","554-0012","大阪府大阪市此花区西九条三丁目16-29","","","","","","","","","","","","","","","9120001026065","","","",""
"有限会社泉市商店","9617342393571","","","","","","","299-2705","千葉県南房総市和田町真浦17","","","","","","","","","","","","","","","8040002100588","","","",""
"泉食品株式会社","1981152271701","","","","","","","173-0034","東京都板橋区幸町19-5","","","","","","","","","","","","","","","1011401000553","","","",""
"有限会社泉ストア","3397955023763","","","","","","","849-0305","佐賀県小城市牛津町上砥川491-2","","","","","","","","","","","","","","","6300002004426","","","",""
"有限会社和泉常","6131848187832","","","","","","","255-0003","神奈川県中郡大磯町大磯1130","","","","","","","","","","","","","","","8021002060320","","","",""
"株式会社いずみや","4795697872184","","","","","","","169-0075","東京都新宿区高田馬場二丁目10-8","","","","","","","","","","","","","","","1011101044231","","","",""
"有限会社いずみや","7257093659471","","","","","","","322-0526","栃木県鹿沼市楡木町412","","","","","","","","","","","","","","","9060002019529","","","",""
"イズミヤ・阪急オアシス株式会社","2330703019342","","","","","","","532-0022","大阪府大阪市淀川区野中南二丁目8-10","","","","","","","","","","","","","","","7120001117832","","","",""
"株式会社和泉屋百貨店","1867299242922","","","","","","","319-0106","茨城県小美玉市堅倉838","","","","","","","","","","","","","","","1050001011346","","","",""
"株式会社いずも","3900742094380","","","","","","","699-0701","島根県出雲市大社町杵築東273","","","","","","","","","","","","","","","6280001005931","","","",""
"株式会社伊勢光","5171808435836","","","","","","","161-0031","東京都新宿区西落合二丁目7-16","","","","","","","","","","","","","","","8011101001845","","","",""
"株式会社伊勢屋百貨店","2857865119605","","","","","","","514-0804","三重県津市上弁財町津興3267","","","","","","","","","","","","","","","5190001000091","","","",""
"株式会社イーゼィシステムズ","8369316835504","","","","","","","273-0032","千葉県船橋市葛飾町二丁目380-2 ヤマゲンビル5F","","","","","","","","","","","","","","","4040001009859","","","",""
"株式会社いそかわ","8933784739070","","","","","","","631-0011","奈良県奈良市押熊町871-1","","","","","","","","","","","","","","","3150001000171","","","",""
"有限会社磯部","7485166945120","","","","","","","326-0814","栃木県足利市通五丁目3205","","","","","","","","","","","","","","","5060002035439","","","",""
"株式会社いそべ","2280713141549","","","","","","","527-0012","滋賀県東近江市八日市本町4-14","","","","","","","","","","","","","","","1160001009742","","","",""
"株式会社いそべ商店","5556318022779","","","","","","","603-8327","京都府京都市北区北野西白梅町44","","","","","","","","","","","","","","","4130001026300","","","",""
"有限会社磯山ストアー","7407648981081","","","","","","","315-0116","茨城県石岡市柿岡2013","","","","","","","","","","","","","","","8050002014944","","","",""
"板倉増産業株式会社","7470271229665","","","","","","","581-0883","大阪府八尾市恩智中町一丁目171","","","","","","","","","","","","","","","8122001017714","","","",""
"有限会社板橋商店","6369445921767","","","","","","","180-0006","東京都武蔵野市中町一丁目23-7","","","","","","","","","","","","","","","4012402016214","","","",""
"有限会社イタモト","9588577149099","","","","","","","697-0062","島根県浜田市熱田町709-3","","","","","","","","","","","","","","","5280002008100","","","",""
"株式会社いちい","7238677463850","","","","","","","960-2101","福島県福島市さくら一丁目2-1","","","","","","","","","","","","","","","5380001000139","","","",""
"有限会社イチエー","5552467925900","","","","","","","731-0141","広島県広島市安佐南区相田五丁目15-4","","","","","","","","","","","","","","","3240002018807","","","",""
"株式会社イチオク","6506509260339","","","","","","","103-0002","東京都中央区日本橋馬喰町一丁目12-1","","","","","","","","","","","","","","","3010001037013","","","",""
"株式会社一勝","6568776018740","","","","","","","465-0007","愛知県名古屋市名東区香坂618","","","","","","","","","","","","","","","8180001001625","","","",""
"有限会社市川酒店","6910151107378","","","","","","","502-0928","岐阜県岐阜市旦島中一丁目12-5","","","","","","","","","","","","","","","4200002000370","","","",""
"有限会社市川商店","8633725713099","","","","","","","369-1241","埼玉県深谷市武蔵野1539-1","","","","","","","","","","","","","","","6030002116199","","","",""
"一蔵商事株式会社","6645070249357","","","","","","","358-0014","埼玉県入間市宮寺北笠原2788-3","","","","","","","","","","","","","","","7030001030012","","","",""
"株式会社一小イチコ","4197233602457","","","","","","","943-0832","新潟県上越市本町一丁目5-4","","","","","","","","","","","","","","","2110001018813","","","",""
"株式会社一号舘","9024150167543","","","","","","","510-0886","三重県四日市市日永東三丁目4-1","","","","","","","","","","","","","","","5190001014331","","","",""
"株式会社一然","9316093491913","","","","","","","333-0847","埼玉県川口市芝中田二丁目11-23","","","","","","","","","","","","","","","2011501013792","","","",""
"株式会社一畑友の会","6458064593648","","","","","","","690-0003","島根県松江市朝日町661","","","","","","","","","","","","","","","7280001000072","","","",""
"株式会社一畑百貨店","6775549821570","","","","","","","690-0003","島根県松江市朝日町661","","","","","","","","","","","","","","","2280001000705","","","",""
"株式会社１０１","7553498499824","","","","","","","141-0021","東京都品川区上大崎二丁目18-25","","","","","","","","","","","","","","","9011101070658","","","",""
"株式会社イチヤマ","4977860747082","","","","","","","811-5132","長崎県壱岐市郷ノ浦町東触568-1","","","","","","","","","","","","","","","9310001010108","","","",""
"株式会社いちやまマート","9139508769116","","","","","","","409-3803","山梨県中央市若宮50-1","","","","","","","","","","","","","","","9090001000172","","","",""
"一龍商事有限会社","1168648055169","","","","","","","295-0011","千葉県南房総市千倉町北朝夷156","","","","","","","","","","","","","","","2040002100354","","","",""
"有限会社一宮ストアー","5481357639229","","","","","","","781-0012","高知県高知市薊野東町5-41","","","","","","","","","","","","","","","3490002000467","","","",""
"有限会社一色商店","5024065448875","","","","","","","071-0544","北海道空知郡上富良野町栄町二丁目3-33","","","","","","","","","","","","","","","7450002009186","","","",""
"株式会社一心堂","6489637125497","","","","","","","880-0951","宮崎県宮崎市大塚町天神後2668","","","","","","","","","","","","","","","5350001004753","","","",""
"株式会社逸品","7741567610144","","","","","","","350-1223","埼玉県日高市大字高富62-10","","","","","","","","","","","","","","","4030001090224","","","",""
"株式会社一風堂","9997951835521","","","","","","","158-0081","東京都世田谷区深沢四丁目31-16","","","","","","","","","","","","","","","6011001002516","","","",""
"イッポイッポ株式会社","3527224811273","","","","","","","815-0033","福岡県福岡市南区大橋二丁目3-16 101号","","","","","","","","","","","","","","","6290001073300","","","",""
"有限会社イヅカ","1334585123194","","","","","","","489-0814","愛知県瀬戸市末広町三丁目7","","","","","","","","","","","","","","","9180002073381","","","",""
"株式会社井筒屋","4102734378107","","","","","","","802-0007","福岡県北九州市小倉北区船場町1-1","","","","","","","","","","","","","","","7290801000329","","","",""
"有限会社いづみやストアー","8355595046105","","","","","","","329-3436","栃木県那須郡那須町大字伊王野1416","","","","","","","","","","","","","","","5060002022932","","","",""
"株式会社イデア","5559656570067","","","","","","","812-0039","福岡県福岡市博多区冷泉町1-1 SHD博多ビル","","","","","","","","","","","","","","","7290001013478","","","",""
"株式会社イーデンキ","2647870599477","","","","","","","601-8175","京都府京都市南区上鳥羽金仏町1","","","","","","","","","","","","","","","8130002021024","","","",""
"株式会社イトウゴフク","1934703623615","","","","","","","702-8037","岡山県岡山市南区千鳥町5-1","","","","","","","","","","","","","","","6260001000496","","","",""
"株式会社伊藤ストアー","9567110155816","","","","","","","090-0015","北海道北見市公園町39-12","","","","","","","","","","","","","","","2460301000064","","","",""
"株式会社伊藤チエーン","1886687736475","","","","","","","989-1756","宮城県柴田郡柴田町大字槻木焼檀2-1","","","","","","","","","","","","","","","2370101000026","","","",""
"有限会社いとうや","3204685003479","","","","","","","999-4122","山形県北村山郡大石田町大字田沢551-20","","","","","","","","","","","","","","","4390002011928","","","",""
"有限会社糸吉商店","3620908369819","","","","","","","965-0013","福島県会津若松市堤町3-6","","","","","","","","","","","","","","","1380002031194","","","",""
"株式会社伊徳","6553978393047","","","","","","","017-0046","秋田県大館市清水四丁目4-15","","","","","","","","","","","","","","","4410001006868","","","",""
"有限会社イトー住設","5881779093301","","","","","","","790-0903","愛媛県松山市東野六丁目2-25","","","","","","","","","","","","","","","6500002000999","","","",""
"株式会社イトセ","4611042174863","","","","","","","550-0015","大阪府大阪市西区南堀江一丁目11-1 三共四ツ橋ビル4F","","","","","","","","","","","","","","","8120001169286","","","",""
"株式会社いととめ","7455080921615","","","","","","","629-2501","京都府京丹後市大宮町口大野383","","","","","","","","","","","","","","","9130001042755","","","",""
"株式会社糸満市物産センター","2710042754761","","","","","","","901-0306","沖縄県糸満市西崎町四丁目19-1","","","","","","","","","","","","","","","4360001006931","","","",""
"有限会社イトマン商店","5521567013998","","","","","","","870-0135","大分県大分市仲西町二丁目6-19","","","","","","","","","","","","","","","1320002000980","","","",""
"株式会社イトーヨーカ堂","1196020290330","","","","","","","140-0013","東京都品川区南大井六丁目27-18 日立大森第二ビル","","","","","","","","","","","","","","","2010001098023","","","",""
"株式会社イトーヨーカドーネットスーパー","8441042167373","","","","","","","102-0084","東京都千代田区二番町8-8","","","","","","","","","","","","","","","9010001235825","","","",""
"有限会社稲毛駅前宝シヨツピング","3866285044853","","","","","","","263-0043","千葉県千葉市稲毛区小仲台六丁目18-1","","","","","","","","","","","","","","","1040002001223","","","",""
"株式会社いなげや","7027178612636","","","","","","","190-0003","東京都立川市栄町六丁目1-1","","","","","","","","","","","","","","","2012801000159","","","",""
"有限会社いなもと","9538639206314","","","","","","","979-1111","福島県双葉郡富岡町大字小浜中央273","","","","","","","","","","","","","","","3380002029831","","","",""
"有限会社犬丸屋","6110214740473","","","","","","","923-0921","石川県小松市土居原町753","","","","","","","","","","","","","","","8220002010224","","","",""
"株式会社いのうえ","5604591618266","","","","","","","066-0038","北海道千歳市信濃二丁目12-1","","","","","","","","","","","","","","","3430001043415","","","",""
"株式会社井上","2371118459354","","","","","","","390-0815","長野県松本市深志二丁目1-10","","","","","","","","","","","","","","","5100001012756","","","",""
"株式会社イノウエ","4443671022072","","","","","","","630-8228","奈良県奈良市上三条町7","","","","","","","","","","","","","","","2150001000164","","","",""
"株式会社井上商会","9864301155524","","","","","","","660-0054","兵庫県尼崎市西立花町四丁目10-20","","","","","","","","","","","","","","","3140001053179","","","",""
"井上商事株式会社","8737311807970","","","","","","","493-0001","愛知県一宮市木曽川町黒田西町北29","","","","","","","","","","","","","","","5180001084573","","","",""
"株式会社井野屋","2166526534152","","","","","","","535-0022","大阪府大阪市旭区新森三丁目8-7 1階","","","","","","","","","","","","","","","7122001025164","","","",""
"株式会社イノヤ","9631350355246","","","","","","","670-0053","兵庫県姫路市南車崎一丁目4-13","","","","","","","","","","","","","","","8500001011715","","","",""
"株式会社射場本商店","6007031780459","","","","","","","552-0021","大阪府大阪市港区築港三丁目1-5","","","","","","","","","","","","","","","8120001028525","","","",""
"いび川農業協同組合","4790394266097","","","","","","","501-0603","岐阜県揖斐郡揖斐川町上南方15","","","","","","","","","","","","","","","3200005005855","","","",""
"イー・ピー・オーライフサポート株式会社","4254352523369","","","","","","","662-0813","兵庫県西宮市上甲東園一丁目14-3","","","","","","","","","","","","","","","8120001169303","","","",""
"株式会社異文化研究処","3929260776218","","","","","","","130-0026","東京都墨田区両国三丁目23-9 両国ガイビル参番館2階","","","","","","","","","","","","","","","4010601048210","","","",""
"イプシロン・サポート株式会社","9581252093722","","","","","","","461-0005","愛知県名古屋市東区東桜二丁目17-25","","","","","","","","","","","","","","","3180001089764","","","",""
"有限会社イマイ化研","7518199021692","","","","","","","483-8013","愛知県江南市般若町南山32","","","","","","","","","","","","","","","4180002065185","","","",""
"有限会社今井喜酒店","2077785247261","","","","","","","272-0143","千葉県市川市相之川一丁目13-18","","","","","","","","","","","","","","","2040002032639","","","",""
"株式会社イマガワ","1399826151527","","","","","","","769-1407","香川県三豊市仁尾町仁尾丁1452-30","","","","","","","","","","","","","","","8470001012774","","","",""
"有限会社今谷本店","5191960167258","","","","","","","760-0047","香川県高松市塩屋町13-5","","","","","","","","","","","","","","","5470002001085","","","",""
"株式会社イーマート","9273891928679","","","","","","","810-0022","福岡県福岡市中央区薬院四丁目1-27 101","","","","","","","","","","","","","","","5290001006203","","","",""
"有限会社今林孝商店","6487801073751","","","","","","","817-1602","長崎県対馬市上県町佐須奈乙976","","","","","","","","","","","","","","","6310002020315","","","",""
"今治立花農業協同組合","3474390932908","","","","","","","794-0803","愛媛県今治市北鳥生町三丁目3-14","","","","","","","","","","","","","","","8500005004888","","","",""
"株式会社今治デパート","3076051585979","","","","","","","794-0811","愛媛県今治市南高下町一丁目4-3","","","","","","","","","","","","","","","6500001011196","","","",""
"株式会社今美屋ストアー","7954730976008","","","","","","","245-0061","神奈川県横浜市戸塚区汲沢八丁目10-1","","","","","","","","","","","","","","","7020001007093","","","",""
"今村商事株式会社","7627742175227","","","","","","","098-2231","北海道中川郡美深町字東一条南二丁目7-1","","","","","","","","","","","","","","","4450001007409","","","",""
"有限会社伊与田設備","1531379085579","","","","","","","788-0273","高知県宿毛市小筑紫町福良63-1","","","","","","","","","","","","","","","9490002009032","","","",""
"株式会社伊予鉄高島屋","1090684203167","","","","","","","790-0012","愛媛県松山市湊町五丁目1-1","","","","","","","","","","","","","","","2500001000475","","","",""
"株式会社イーライフ","1029087930022","","","","","","","141-0021","東京都品川区上大崎二丁目15-5","","","","","","","","","","","","","","","6010701033944","","","",""
"株式会社いろは","9978209091363","","","","","","","927-0027","石川県鳳珠郡穴水町字川島キ124","","","","","","","","","","","","","","","7220001016792","","","",""
"有限会社いろは","3081447953296","","","","","","","270-1505","千葉県印旛郡栄町竜角寺台五丁目25-5","","","","","","","","","","","","","","","6040002059190","","","",""
"株式会社いろは","7639207465228","","","","","","","598-0063","大阪府泉佐野市湊二丁目3-2","","","","","","","","","","","","","","","2120101039790","","","",""
"伊倭株式会社","6040926515582","","","","","","","183-0016","東京都府中市八幡町二丁目26-3 サークルビル5階","","","","","","","","","","","","","","","3011001070739","","","",""
"株式会社以和貴","8199592395053","","","","","","","859-2211","長崎県南島原市西有家町里坊50-1","","","","","","","","","","","","","","","4310001009807","","","",""
"有限会社岩国商店","3595870627591","","","","","","","855-0801","長崎県島原市高島一丁目402-11","","","","","","","","","","","","","","","6310002017864","","","",""
"株式会社イワサキ","6236741338027","","","","","","","860-0821","熊本県熊本市中央区本山四丁目4-1","","","","","","","","","","","","","","","6330001005439","","","",""
"有限会社岩崎企画","3288457828969","","","","","","","182-0002","東京都調布市仙川町二丁目7-22","","","","","","","","","","","","","","","7010102000865","","","",""
"合資会社いわしや","7051498117297","","","","","","","863-1901","熊本県天草市牛深町2266","","","","","","","","","","","","","","","1330003003866","","","",""
"イワタニアイコレクト株式会社","7698353545405","","","","","","","541-0052","大阪府大阪市中央区安土町三丁目2-14 イワタニ第二ビル8階","","","","","","","","","","","","","","","2120001154351","","","",""
"株式会社岩田屋三越","9230227698999","","","","","","","810-0001","福岡県福岡市中央区天神二丁目5-35","","","","","","","","","","","","","","","3290001006320","","","",""
"いわて生活協同組合","5588510678451","","","","","","","020-0638","岩手県滝沢市土沢220-3","","","","","","","","","","","","","","","4400005000703","","","",""
"株式会社岩手屋","2862824409469","","","","","","","983-0005","宮城県仙台市宮城野区福室六丁目20-34","","","","","","","","","","","","","","","8370002007981","","","",""
"有限会社いわみプラザショツピングセンター","9200466534152","","","","","","","696-0102","島根県邑智郡邑南町中野668-2","","","","","","","","","","","","","","","5280002009494","","","",""
"有限会社岩本物流","2541778813233","","","","","","","444-0075","愛知県岡崎市伊賀町東郷中78","","","","","","","","","","","","","","","3180302004430","","","",""
"株式会社インサイト","5516754592834","","","","","","","530-0041","大阪府大阪市北区天神橋一丁目6-18 豊和第二ビル502","","","","","","","","","","","","","","","2120001022335","","","",""
"株式会社インタグラル","3885037363291","","","","","","","532-0026","大阪府大阪市淀川区塚本二丁目26-14","","","","","","","","","","","","","","","7120101053663","","","",""
"株式会社インター・コア","4484758853176","","","","","","","182-0026","東京都調布市小島町三丁目3-5","","","","","","","","","","","","","","","9012401021747","","","",""
"株式会社インテグレート","4759551476425","","","","","","","175-0094","東京都板橋区成増三丁目22-3 404","","","","","","","","","","","","","","","3011401010939","","","",""
"株式会社Ｉｎｆｉｎｉｔｙ","3744816261336","","","","","","","558-0032","大阪府大阪市住吉区遠里小野三丁目1-19","","","","","","","","","","","","","","","4120001188785","","","",""
"株式会社ＩｎｆｉｎｉｔｙＰｌｕｍｅ","2911844410198","","","","","","","550-0014","大阪府大阪市西区北堀江一丁目20-13 ライフシステムビル2F","","","","","","","","","","","","","","","8122001028463","","","",""
"有限会社イン・フィールド","4225942212938","","","","","","","983-0836","宮城県仙台市宮城野区幸町二丁目5-8","","","","","","","","","","","","","","","1370002019455","","","",""
"Ｉｎｆｅｃｔｉｏｎ株式会社","5385968156986","","","","","","","152-0023","東京都目黒区八雲二丁目21-14 TheSeven-101","","","","","","","","","","","","","","","3010901032253","","","",""
"株式会社インプレッション","3289576945885","","","","","","","578-0964","大阪府東大阪市新庄西7-2","","","","","","","","","","","","","","","4122001024623","","","",""
"株式会社インプレッション","6380098596736","","","","","","","063-0826","北海道札幌市西区発寒六条十一丁目1-1 新道北口ビル3階","","","","","","","","","","","","","","","6430001069647","","","",""
"株式会社インワールド","7022954679962","","","","","","","103-0027","東京都中央区日本橋二丁目16-318 山京ビル802","","","","","","","","","","","","","","","8430001038996","","","",""
"株式会社ウィズネット","3882098409755","","","","","","","770-0011","徳島県徳島市北佐古一番町4-27","","","","","","","","","","","","","","","4480001002836","","","",""
"有限会社ウィズプロダクツ北海道","1227445819399","","","","","","","060-0061","北海道札幌市中央区南一条西十四丁目1-221","","","","","","","","","","","","","","","7430002002366","","","",""
"株式会社ウィル","8184138642215","","","","","","","116-0013","東京都荒川区西日暮里六丁目27-5","","","","","","","","","","","","","","","9011501010123","","","",""
"株式会社Ｗｉｌｌ－Ｅ","3930269098335","","","","","","","003-0869","北海道札幌市白石区川下2113-150","","","","","","","","","","","","","","","3430001028762","","","",""
"株式会社ウィルビー","3571237206395","","","","","","","791-1102","愛媛県松山市来住町1210-1","","","","","","","","","","","","","","","6500001008655","","","",""
"株式会社ウイングス","4270691229721","","","","","","","105-0014","東京都港区芝三丁目40-4 三田シティプラザ4F","","","","","","","","","","","","","","","6010401094709","","","",""
"株式会社ウインドラブ","7179208291353","","","","","","","771-0206","徳島県板野郡北島町高房八丁野東46","","","","","","","","","","","","","","","3480001005245","","","",""
"株式会社ウインマート","4990200018216","","","","","","","981-3331","宮城県富谷市東向陽台二丁目12-6","","","","","","","","","","","","","","","1370001017930","","","",""
"有限会社ウェイブ","8970277213866","","","","","","","467-0045","愛知県名古屋市瑞穂区茨木町13","","","","","","","","","","","","","","","2180002041601","","","",""
"有限会社ウエスト","7261044859351","","","","","","","546-0023","大阪府大阪市東住吉区矢田一丁目4-18","","","","","","","","","","","","","","","2120002056480","","","",""
"株式会社ウエスト","6979745643117","","","","","","","569-0814","大阪府高槻市富田町一丁目13-1","","","","","","","","","","","","","","","9120901010449","","","",""
"有限会社ウエストサイド","2241569836145","","","","","","","460-0011","愛知県名古屋市中区大須三丁目18-29","","","","","","","","","","","","","","","8180002021143","","","",""
"有限会社ウエスト・ファミリー","8093663221559","","","","","","","170-0001","東京都豊島区西巣鴨四丁目13-5","","","","","","","","","","","","","","","7013302020096","","","",""
"合資会社上竹商店","8963951465241","","","","","","","868-0086","熊本県人吉市下原田町羽田335-1","","","","","","","","","","","","","","","8330003004148","","","",""
"ウエダ株式会社","3767965933301","","","","","","","290-0166","千葉県市原市犬成1124","","","","","","","","","","","","","","","5040001053732","","","",""
"有限会社うえだストアー","3572071009463","","","","","","","723-0016","広島県三原市宮沖三丁目11-6","","","","","","","","","","","","","","","1240002052964","","","",""
"有限会社ウエテツ","9136286887373","","","","","","","501-3263","岐阜県関市広見395","","","","","","","","","","","","","","","7200002018484","","","",""
"有限会社上原商事","9493602916142","","","","","","","854-0046","長崎県諫早市原口町856-22","","","","","","","","","","","","","","","5310002014961","","","",""
"株式会社ウェブ・エージェンシー","3466412082044","","","","","","","732-0032","広島県広島市東区上温品四丁目33-30 609","","","","","","","","","","","","","","","7240001016865","","","",""
"有限会社ウェブネットワークテクノロジー","2409150753084","","","","","","","241-0816","神奈川県横浜市旭区笹野台三丁目28-4","","","","","","","","","","","","","","","5020002068731","","","",""
"有限会社ウェブポイント","7987763069515","","","","","","","471-0837","愛知県豊田市新生町一丁目30-1","","","","","","","","","","","","","","","4180302022514","","","",""
"有限会社うえもと商事","8699749755245","","","","","","","779-2302","徳島県海部郡美波町北河内本村49-1","","","","","","","","","","","","","","","3480002014212","","","",""
"有限会社魚一","2549119928561","","","","","","","389-1303","長野県上水内郡信濃町大字野尻252-12","","","","","","","","","","","","","","","7100002005939","","","",""
"株式会社魚栄商店","7465150660266","","","","","","","950-1227","新潟県新潟市南区鯵潟423-1","","","","","","","","","","","","","","","8110001007422","","","",""
"有限会社魚勝","3207855544196","","","","","","","184-0002","東京都小金井市梶野町五丁目2-22","","","","","","","","","","","","","","","3013102005706","","","",""
"有限会社魚源中米商店","3808364623413","","","","","","","111-0022","東京都台東区清川二丁目32-1","","","","","","","","","","","","","","","7010502001380","","","",""
"有限会社魚重商店","4743162819227","","","","","","","340-0813","埼玉県八潮市大字木曽根1453","","","","","","","","","","","","","","","3030002046548","","","",""
"株式会社魚七","6795320468942","","","","","","","245-0067","神奈川県横浜市戸塚区深谷町1408-22","","","","","","","","","","","","","","","5020001007104","","","",""
"有限会社魚庄商店","8113077238854","","","","","","","956-0101","新潟県新潟市秋葉区小須戸3667","","","","","","","","","","","","","","","5110002009404","","","",""
"有限会社魚新","3776943022769","","","","","","","408-0204","山梨県北杜市明野町上手5059","","","","","","","","","","","","","","","7090002013497","","","",""
"株式会社魚代","9728006589718","","","","","","","456-0054","愛知県名古屋市熱田区千年二丁目12-10","","","","","","","","","","","","","","","8180002020046","","","",""
"株式会社魚忠","6027604713165","","","","","","","520-2416","滋賀県野洲市堤424-3","","","","","","","","","","","","","","","2160001015731","","","",""
"有限会社魚長","7483254126254","","","","","","","041-0824","北海道函館市西桔梗町589-54","","","","","","","","","","","","","","","4440002000454","","","",""
"株式会社魚次","1649195678867","","","","","","","274-0063","千葉県船橋市習志野台三丁目17-7","","","","","","","","","","","","","","","9040001016776","","","",""
"株式会社ウオツネ","4061674049934","","","","","","","153-0051","東京都目黒区上目黒一丁目23-1 中目黒アリーナ505","","","","","","","","","","","","","","","4013201000730","","","",""
"有限会社魚徳","2963024348235","","","","","","","370-0346","群馬県太田市新田上田中町779-2","","","","","","","","","","","","","","","9070002028173","","","",""
"ウォーマー株式会社","7387672272302","","","","","","","410-0871","静岡県沼津市西間門57-4","","","","","","","","","","","","","","","6080101003244","","","",""
"株式会社魚松","2938307784772","","","","","","","305-0854","茨城県つくば市上横場2216-3","","","","","","","","","","","","","","","2050001015395","","","",""
"有限会社魚松商事","6059304269130","","","","","","","305-0854","茨城県つくば市上横場2216-3","","","","","","","","","","","","","","","1050002020882","","","",""
"株式会社ウオロク","2635501812454","","","","","","","950-0913","新潟県新潟市中央区鐙二丁目14-13","","","","","","","","","","","","","","","3110001007055","","","",""
"有限会社うさぎの会","8610185617019","","","","","","","509-3106","岐阜県下呂市小坂町大島1162","","","","","","","","","","","","","","","8180002075817","","","",""
"有限会社うさぎや","8778962473324","","","","","","","321-0522","栃木県那須烏山市大金197","","","","","","","","","","","","","","","2060002013744","","","",""
"株式会社うさぎや商店","3878457482587","","","","","","","320-0035","栃木県宇都宮市伝馬町4-5","","","","","","","","","","","","","","","5060001023519","","","",""
"株式会社ウシオ","7941007600912","","","","","","","693-0021","島根県出雲市塩冶町2125-1 グッディー医大通店2F","","","","","","","","","","","","","","","4280001003103","","","",""
"株式会社うしじまストアー","5883819794410","","","","","","","891-3115","鹿児島県西之表市天神町3-12","","","","","","","","","","","","","","","5340001009695","","","",""
"株式会社ウシヒロ","2222274767671","","","","","","","456-0073","愛知県名古屋市熱田区千代田町9-19","","","","","","","","","","","","","","","1180001021571","","","",""
"株式会社ウジエスーパー","9115916402673","","","","","","","987-0511","宮城県登米市迫町佐沼中江一丁目7-1","","","","","","","","","","","","","","","3370401000427","","","",""
"有限会社臼井商店","7944583663379","","","","","","","413-0302","静岡県賀茂郡東伊豆町奈良本952-4","","","","","","","","","","","","","","","1080102021258","","","",""
"有限会社臼井青果店","6332602370410","","","","","","","253-0105","神奈川県高座郡寒川町岡田一丁目16-8","","","","","","","","","","","","","","","2021002009331","","","",""
"株式会社うすい百貨店","2985868399101","","","","","","","963-8004","福島県郡山市中町13-1","","","","","","","","","","","","","","","5380001004610","","","",""
"有限会社内田鉄五郎商店","1920996615219","","","","","","","981-0215","宮城県宮城郡松島町高城町122","","","","","","","","","","","","","","","5370602000232","","","",""
"合資会社内田屋商店","9038821123578","","","","","","","286-0212","千葉県富里市十倉130-11","","","","","","","","","","","","","","","1040003002154","","","",""
"有限会社ウッディマインド","9142002117164","","","","","","","350-1233","埼玉県日高市大字下鹿山385","","","","","","","","","","","","","","","3030002120055","","","",""
"有限会社ウッド．ドア","3645433161525","","","","","","","061-1105","北海道北広島市西の里東四丁目7-3","","","","","","","","","","","","","","","5430002044889","","","",""
"有限会社ウッドマン","4319452130561","","","","","","","101-0052","東京都千代田区神田小川町二丁目10 宇野ビル2階","","","","","","","","","","","","","","","4010002027251","","","",""
"内海グローバル株式会社","6205691716744","","","","","","","584-0005","大阪府富田林市喜志町三丁目7-24 301号","","","","","","","","","","","","","","","1120101065292","","","",""
"株式会社ウニクス","5985735530863","","","","","","","330-0854","埼玉県さいたま市大宮区桜木町一丁目7-5 ソニックシティビル26階","","","","","","","","","","","","","","","3030001013128","","","",""
"有限会社宇野沢商店","4740804461233","","","","","","","288-0836","千葉県銚子市松岸町三丁目258","","","","","","","","","","","","","","","4040002085255","","","",""
"有限会社うまい","7011996626599","","","","","","","775-0310","徳島県海部郡海陽町大井西谷5-1","","","","","","","","","","","","","","","6480002014036","","","",""
"株式会社旨味屋クラブ","5818040813340","","","","","","","509-6101","岐阜県瑞浪市土岐町3368-3","","","","","","","","","","","","","","","2200001033035","","","",""
"海と街と株式会社","5797562737439","","","","","","","104-0045","東京都中央区築地四丁目10-6","","","","","","","","","","","","","","","7010401141501","","","",""
"有限会社梅垣酒店","4840082640027","","","","","","","624-0822","京都府舞鶴市字七日市98","","","","","","","","","","","","","","","5130002034144","","","",""
"有限会社ウメダストア","4748534128639","","","","","","","922-0821","石川県加賀市南郷町1-33","","","","","","","","","","","","","","","8220002012138","","","",""
"有限会社梅津酒店","3003215337889","","","","","","","812-0053","福岡県福岡市東区箱崎二丁目16-26","","","","","","","","","","","","","","","9290002004326","","","",""
"株式会社梅屋","7353569443189","","","","","","","254-0043","神奈川県平塚市紅谷町5-20","","","","","","","","","","","","","","","2021001036203","","","",""
"株式会社梅屋フードショップ","1278229646387","","","","","","","448-0003","愛知県刈谷市一ツ木町落合6-80","","","","","","","","","","","","","","","8180301013733","","","",""
"生活協同組合うらがＣＯ－ＯＰ","8321004520898","","","","","","","239-0822","神奈川県横須賀市浦賀六丁目2-18","","","","","","","","","","","","","","","9021005007598","","","",""
"協同組合浦桑ショッピングプラザ","9562603605739","","","","","","","857-4511","長崎県南松浦郡新上五島町浦桑郷1396-1","","","","","","","","","","","","","","","4310005003839","","","",""
"株式会社ウロコ","6656909895286","","","","","","","052-0012","北海道伊達市松ヶ枝町40","","","","","","","","","","","","","","","3430001056193","","","",""
"ヴァーチライン株式会社","8834384823550","","","","","","","923-0336","石川県小松市那谷町キ94","","","","","","","","","","","","","","","2220001021616","","","",""
"株式会社ヴィクトワール","8076808030472","","","","","","","238-0022","神奈川県横須賀市公郷町三丁目1-2 櫻ビル3F","","","","","","","","","","","","","","","1021001056400","","","",""
"株式会社ＶＩＳＯ","2357538131287","","","","","","","164-0001","東京都中野区中野三丁目1-6 N1ビル3F","","","","","","","","","","","","","","","4013301027475","","","",""
"株式会社ＶＩＴＡ","9418607858129","","","","","","","108-0073","東京都港区三田四丁目12-14 シャネックスB1","","","","","","","","","","","","","","","7010002034336","","","",""
"株式会社ＶｉｌｌａＨＭ","1326308831459","","","","","","","511-0231","三重県員弁郡東員町笹尾西四丁目8-10","","","","","","","","","","","","","","","1190003002461","","","",""
"株式会社ヴーム","2334044936907","","","","","","","617-0002","京都府向日市寺戸町山縄手21-1 京都フィナンシャルグループMUKOUビル3階","","","","","","","","","","","","","","","7130001045909","","","",""
"株式会社ＡＡＯＩ","4997251713256","","","","","","","460-0008","愛知県名古屋市中区栄三丁目13-6","","","","","","","","","","","","","","","5180001048207","","","",""
"有限会社Ａ＆Ｄクリエイション","2269471529282","","","","","","","810-0075","福岡県福岡市中央区港一丁目3-17 チュリス福岡704号","","","","","","","","","","","","","","","7290002028871","","","",""
"株式会社エイヴイ","1906494219800","","","","","","","238-0013","神奈川県横須賀市平成町一丁目5-1","","","","","","","","","","","","","","","1021001040016","","","",""
"有限会社エイ・キューヴコーポレーション","7279878793662","","","","","","","240-0062","神奈川県横浜市保土ケ谷区岡沢町3-12","","","","","","","","","","","","","","","9020002068678","","","",""
"エイ・ケイ・フランチャイズシステム株式会社","3446344814196","","","","","","","141-0033","東京都品川区西品川一丁目1-1","","","","","","","","","","","","","","","1010701027810","","","",""
"株式会社エイコー","4580609647166","","","","","","","390-0851","長野県松本市大字島内3314","","","","","","","","","","","","","","","9100001012793","","","",""
"株式会社栄光商事","4445211210009","","","","","","","272-0832","千葉県市川市曽谷五丁目15-15","","","","","","","","","","","","","","","3040001031252","","","",""
"有限会社エイコーストアー","4823688527481","","","","","","","894-0004","鹿児島県奄美市名瀬鳩浜町187","","","","","","","","","","","","","","","9340002020672","","","",""
"英語研修サービス有限会社","2207549494289","","","","","","","232-0072","神奈川県横浜市南区永田東三丁目3-25","","","","","","","","","","","","","","","4020002068047","","","",""
"有限会社栄進","9697588515660","","","","","","","866-0893","熊本県八代市海士江町2328-7","","","","","","","","","","","","","","","5330002027210","","","",""
"有限会社エイダン","7014440591991","","","","","","","857-4701","長崎県北松浦郡小値賀町笛吹郷1576-1","","","","","","","","","","","","","","","2310002013850","","","",""
"株式会社ＨＩＲ","4355236902624","","","","","","","470-2102","愛知県知多郡東浦町大字緒川八郎兵衛17-7","","","","","","","","","","","","","","","2180001120678","","","",""
"ＨＲ貿易株式会社","5078544493947","","","","","","","130-0025","東京都墨田区千歳一丁目9-10 ME両国ビル","","","","","","","","","","","","","","","5290801021665","","","",""
"株式会社ＨＣＦ","9048597675263","","","","","","","861-2101","熊本県熊本市東区桜木六丁目6-1","","","","","","","","","","","","","","","7330001004225","","","",""
"株式会社Ｈ２Ｏ","6743667272825","","","","","","","586-0081","大阪府河内長野市緑ケ丘北町2-3","","","","","","","","","","","","","","","8120101052061","","","",""
"株式会社エイチ・ツー・オー商業開発","9421614959100","","","","","","","557-0015","大阪府大阪市西成区花園南一丁目3-22","","","","","","","","","","","","","","","7120001224348","","","",""
"株式会社ＨＢＣ","6711685192041","","","","","","","812-0011","福岡県福岡市博多区博多駅前二丁目19-17 トーカン博多第5ビル312号室","","","","","","","","","","","","","","","3290801024133","","","",""
"エイティーズ株式会社","9463683974942","","","","","","","150-0013","東京都渋谷区恵比寿三丁目21-2","","","","","","","","","","","","","","","3011001103382","","","",""
"株式会社エイテック","6823494580245","","","","","","","104-0061","東京都中央区銀座三丁目11-3","","","","","","","","","","","","","","","1011001044538","","","",""
"株式会社エイデン","2689619561308","","","","","","","532-0011","大阪府大阪市淀川区西中島五丁目12-1","","","","","","","","","","","","","","","2120001106360","","","",""
"株式会社エイトデイズ","4826691591825","","","","","","","151-0053","東京都渋谷区代々木一丁目6-12","","","","","","","","","","","","","","","2011001003435","","","",""
"エイド株式会社","9150409464250","","","","","","","851-0116","長崎県長崎市東町1910 西川第2ビル1F","","","","","","","","","","","","","","","4310001004551","","","",""
"株式会社エイブル","6321143358813","","","","","","","216-0024","神奈川県川崎市宮前区南平台2-9","","","","","","","","","","","","","","","2020001067514","","","",""
"栄和企業株式会社","3103376492976","","","","","","","343-0803","埼玉県越谷市大字砂原848-14","","","","","","","","","","","","","","","9030001063638","","","",""
"栄和商事株式会社","1281763977582","","","","","","","933-0957","富山県高岡市早川468-3","","","","","","","","","","","","","","","3230001012241","","","",""
"エヴァンス株式会社","8769731598712","","","","","","","261-0023","千葉県千葉市美浜区中瀬一丁目3 幕張テクノガーデンCB棟3FMBP","","","","","","","","","","","","","","","2040001056589","","","",""
"有限会社ａｓ","6013204586402","","","","","","","254-0055","神奈川県平塚市上平塚4-38","","","","","","","","","","","","","","","2021002062000","","","",""
"株式会社ＡＳＭ管理","5005113811692","","","","","","","661-0043","兵庫県尼崎市武庫元町二丁目16-12","","","","","","","","","","","","","","","6140001051642","","","",""
"ＡＮＡ　ＦＥＳＴＡ株式会社","1620372886882","","","","","","","144-0042","東京都大田区羽田旭町10-8 ANABLUEBASE内","","","","","","","","","","","","","","","8010401075558","","","",""
"有限会社江川商店","9290987658099","","","","","","","899-7601","鹿児島県志布志市松山町新橋68-4","","","","","","","","","","","","","","","2340002027286","","","",""
"株式会社エクシート","6136732371096","","","","","","","859-4769","長崎県松浦市御厨町西木場免268-3","","","","","","","","","","","","","","","5310001011539","","","",""
"株式会社ＸＴＲＥＭ　ＡＶＥＮＴＵＲＥＳ　ＪＡＰＡＮ","3908498383288","","","","","","","101-0064","東京都千代田区神田猿楽町二丁目6-8","","","","","","","","","","","","","","","1010701036299","","","",""
"株式会社エクスパワー","2923455723868","","","","","","","210-0002","神奈川県川崎市川崎区榎町11-5 901号","","","","","","","","","","","","","","","8013301036646","","","",""
"株式会社エクスプレシオン","3687059118700","","","","","","","135-0063","東京都江東区有明三丁目7-26","","","","","","","","","","","","","","","5010701024119","","","",""
"エクスワールド株式会社","5615447301505","","","","","","","980-0803","宮城県仙台市青葉区国分町一丁目8-13","","","","","","","","","","","","","","","7370001039374","","","",""
"株式会社エクセル","5267808137112","","","","","","","270-1412","千葉県白井市桜台二丁目13-1","","","","","","","","","","","","","","","5040001044797","","","",""
"株式会社エグゼ","3225209690157","","","","","","","314-0143","茨城県神栖市神栖一丁目9-1 太田ビル2F","","","","","","","","","","","","","","","1050001020470","","","",""
"有限会社江口商店","4642250078001","","","","","","","990-0011","山形県山形市大字妙見寺101","","","","","","","","","","","","","","","6390002005911","","","",""
"有限会社エグロ","1865538472084","","","","","","","143-0025","東京都大田区南馬込三丁目25-2","","","","","","","","","","","","","","","9010802019749","","","",""
"株式会社ＡＫＡＮＯ","1304970981400","","","","","","","270-0115","千葉県流山市江戸川台西一丁目24-1","","","","","","","","","","","","","","","3040001103084","","","",""
"株式会社エコス","3592123054083","","","","","","","196-0022","東京都昭島市中神町1160-1","","","","","","","","","","","","","","","8012801001936","","","",""
"株式会社エーコープ雄武","3357194605637","","","","","","","098-1702","北海道紋別郡雄武町字雄武1458-2","","","","","","","","","","","","","","","9450001009598","","","",""
"株式会社エーコープ鹿児島","3166314565430","","","","","","","890-0033","鹿児島県鹿児島市西別府町3200-9","","","","","","","","","","","","","","","9340001000568","","","",""
"株式会社Ａコープ九州","4476855931700","","","","","","","812-0064","福岡県福岡市東区松田二丁目7-1","","","","","","","","","","","","","","","6290001020244","","","",""
"株式会社エーコープ京都中央","7564241970194","","","","","","","606-0025","京都府京都市左京区岩倉中町395","","","","","","","","","","","","","","","5130001006004","","","",""
"株式会社Ａコープくま","3668257138679","","","","","","","868-0408","熊本県球磨郡あさぎり町免田東1482-3","","","","","","","","","","","","","","","8330001018736","","","",""
"株式会社エーコープサービス","7447499186323","","","","","","","080-1200","北海道河東郡士幌町字士幌西二線159","","","","","","","","","","","","","","","1460101003037","","","",""
"株式会社エーコープサロマ","4660476750098","","","","","","","093-0502","北海道常呂郡佐呂間町字永代町57-1","","","","","","","","","","","","","","","4460301002397","","","",""
"株式会社エーコープつきがた","4160899599244","","","","","","","061-0500","北海道樺戸郡月形町1069","","","","","","","","","","","","","","","5430001046936","","","",""
"株式会社エーコープみやざき","7011874971898","","","","","","","880-2114","宮崎県宮崎市大字富吉1223","","","","","","","","","","","","","","","9350001002836","","","",""
"株式会社Ａコープゆうべつ","1755079518809","","","","","","","099-6414","北海道紋別郡湧別町錦町294-1","","","","","","","","","","","","","","","8460301002427","","","",""
"株式会社Ａコープようてい","6307411999505","","","","","","","044-0201","北海道虻田郡喜茂別町字喜茂別22-57","","","","","","","","","","","","","","","3430001051888","","","",""
"エコーレア株式会社","1957189880348","","","","","","","114-0001","東京都北区東十条一丁目19-10","","","","","","","","","","","","","","","9011501000611","","","",""
"有限会社江崎ストアー","1329061397000","","","","","","","804-0021","福岡県北九州市戸畑区一枝二丁目6-13","","","","","","","","","","","","","","","3290802000851","","","",""
"有限会社エジソンの玉子","1024320621000","","","","","","","343-0832","埼玉県越谷市南町二丁目11-5","","","","","","","","","","","","","","","6030002085213","","","",""
"株式会社Ｓ","6553146268204","","","","","","","104-0043","東京都中央区湊三丁目4-5 平田湊ビル1階","","","","","","","","","","","","","","","3010001176018","","","",""
"株式会社エース","4714995059789","","","","","","","135-0047","東京都江東区富岡二丁目1-9 HF門前仲町ビルディング3F","","","","","","","","","","","","","","","9140001078096","","","",""
"有限会社Ｓ．Ｉ．Ｓ","1717812352401","","","","","","","578-0901","大阪府東大阪市加納七丁目23-3 1002号","","","","","","","","","","","","","","","3122002010128","","","",""
"ＳＯＵホールディングス株式会社","6713825260905","","","","","","","261-0002","千葉県千葉市美浜区新港32-1","","","","","","","","","","","","","","","2040001007105","","","",""
"有限会社エスケー交通","3346465746700","","","","","","","362-0808","埼玉県北足立郡伊奈町大字小針新宿356-1","","","","","","","","","","","","","","","7030002056304","","","",""
"株式会社エスケープロモーション","2395254651912","","","","","","","104-0031","東京都中央区京橋二丁目5-1 TCMビル8F","","","","","","","","","","","","","","","9010001087234","","","",""
"有限会社エース工房","4766954681371","","","","","","","531-0073","大阪府大阪市北区本庄西二丁目14-4","","","","","","","","","","","","","","","5120002029541","","","",""
"株式会社エスコス","4549140815920","","","","","","","164-0012","東京都中野区本町三丁目6-8","","","","","","","","","","","","","","","8011201007296","","","",""
"株式会社エスシーシー","7034074247592","","","","","","","508-0001","岐阜県中津川市中津川3457-25","","","","","","","","","","","","","","","7200001023279","","","",""
"株式会社エスショップ","5379102935565","","","","","","","113-0034","東京都文京区湯島四丁目11-10","","","","","","","","","","","","","","","6010001193051","","","",""
"株式会社エスジープランニング","8399844215602","","","","","","","064-0952","北海道札幌市中央区宮の森二条十一丁目6-33","","","","","","","","","","","","","","","8430001040424","","","",""
"有限会社エスティ","6372955508865","","","","","","","950-0087","新潟県新潟市中央区東大通二丁目3-7","","","","","","","","","","","","","","","4110002009099","","","",""
"株式会社エス・ティ・ケー","5388004212662","","","","","","","151-0072","東京都渋谷区幡ケ谷一丁目30-1 122号","","","","","","","","","","","","","","","6011001048732","","","",""
"株式会社エスティーセレクト","3251362396575","","","","","","","503-2306","岐阜県安八郡神戸町大字北一色677-11","","","","","","","","","","","","","","","8200001032064","","","",""
"有限会社エスト","8740885048190","","","","","","","260-0821","千葉県千葉市中央区若草一丁目3-1 701号","","","","","","","","","","","","","","","6040002013635","","","",""
"有限会社エス・ピー・アイ","6216344788163","","","","","","","861-8034","熊本県熊本市東区八反田一丁目14-20","","","","","","","","","","","","","","","8330002001427","","","",""
"株式会社エスフィールド","1289244111790","","","","","","","153-0063","東京都目黒区目黒二丁目10-4 綿引ビル1F","","","","","","","","","","","","","","","2010401058015","","","",""
"株式会社エスマート","1814197956287","","","","","","","680-0941","鳥取県鳥取市湖山町北三丁目303","","","","","","","","","","","","","","","7270001002499","","","",""
"有限会社江角保商店","3343857971262","","","","","","","690-1101","島根県松江市本庄町4","","","","","","","","","","","","","","","4280002000355","","","",""
"ＳＹＮ株式会社","2063526252707","","","","","","","145-0071","東京都大田区田園調布一丁目2-6 502号","","","","","","","","","","","","","","","9010801025673","","","",""
"株式会社エースワン","5831016049908","","","","","","","781-0014","高知県高知市薊野南町28-12","","","","","","","","","","","","","","","9490001000140","","","",""
"株式会社エーズラビツト","3318216226137","","","","","","","152-0034","東京都目黒区緑が丘三丁目7-7","","","","","","","","","","","","","","","6013201000828","","","",""
"株式会社越後屋","1313213429951","","","","","","","196-0022","東京都昭島市中神町1160-1","","","","","","","","","","","","","","","7013101006973","","","",""
"株式会社越後屋","5796987306698","","","","","","","384-2204","長野県佐久市協和2343","","","","","","","","","","","","","","","7100001007936","","","",""
"株式会社越前隊","1566918222770","","","","","","","916-1233","福井県鯖江市尾花町60-35-5","","","","","","","","","","","","","","","5210001016226","","","",""
"株式会社越前屋","1098548649232","","","","","","","557-0031","大阪府大阪市西成区鶴見橋二丁目4-11","","","","","","","","","","","","","","","1120001003014","","","",""
"株式会社Ａ．Ｔ．","1941763047204","","","","","","","801-0873","福岡県北九州市門司区東門司一丁目12-13","","","","","","","","","","","","","","","4290801016162","","","",""
"エーテック有限会社","4943141227418","","","","","","","561-0802","大阪府豊中市曽根東町二丁目1-6 201号","","","","","","","","","","","","","","","5120902020830","","","",""
"株式会社江戸屋","1317248753607","","","","","","","201-0014","東京都狛江市東和泉三丁目8-1","","","","","","","","","","","","","","","8012401008951","","","",""
"株式会社エドヤ","2413916946250","","","","","","","104-0061","東京都中央区銀座八丁目4 先","","","","","","","","","","","","","","","4010001038308","","","",""
"有限会社江戸屋本店","7828455679460","","","","","","","870-0022","大分県大分市大手町二丁目3-2","","","","","","","","","","","","","","","7320002001346","","","",""
"エニック株式会社","5044092341872","","","","","","","607-8258","京都府京都市山科区小野西浦26","","","","","","","","","","","","","","","8130001012420","","","",""
"株式会社Ｎ＆Ｍ","3626399446610","","","","","","","659-0093","兵庫県芦屋市船戸町5-26","","","","","","","","","","","","","","","6430001069300","","","",""
"有限会社エヌ・エス・エイト","1381977317068","","","","","","","177-0041","東京都練馬区石神井町八丁目51-18","","","","","","","","","","","","","","","2011602020878","","","",""
"株式会社エヌ・ケイ・カスタマイズ","3657624437449","","","","","","","891-0102","鹿児島県鹿児島市星ケ峯六丁目29-3","","","","","","","","","","","","","","","3120001196814","","","",""
"ＮＣＹ株式会社","3374346858428","","","","","","","813-0034","福岡県福岡市東区多の津一丁目11-13","","","","","","","","","","","","","","","9290001037855","","","",""
"株式会社ＮＴＳロジ","9174688324007","","","","","","","203-0044","東京都東久留米市柳窪一丁目10-37","","","","","","","","","","","","","","","7012701003760","","","",""
"株式会社エヌ・ピュア","5923540252003","","","","","","","003-0029","北海道札幌市白石区平和通三丁目北3-3 シンエー平和通ビル2F","","","","","","","","","","","","","","","5430001041152","","","",""
"株式会社エヌプラス","4825049002602","","","","","","","275-0001","千葉県習志野市東習志野二丁目18-55 1316号","","","","","","","","","","","","","","","4040001092789","","","",""
"株式会社エヌ・マート","9232126826753","","","","","","","116-0013","東京都荒川区西日暮里六丁目4-1","","","","","","","","","","","","","","","8011501010578","","","",""
"株式会社榎本商店","8430198029821","","","","","","","252-0143","神奈川県相模原市緑区橋本六丁目19-12","","","","","","","","","","","","","","","8021001011456","","","",""
"株式会社荏原屋","7057210680427","","","","","","","211-0025","神奈川県川崎市中原区木月三丁目7-10","","","","","","","","","","","","","","","7020001068953","","","",""
"有限会社エバーレ旭屋","9653118145555","","","","","","","533-0023","大阪府大阪市東淀川区東淡路一丁目5-51","","","","","","","","","","","","","","","6120002024649","","","",""
"海老江公設市場協同組合","6939926832350","","","","","","","553-0001","大阪府大阪市福島区海老江二丁目7-26 海老江公設市場内","","","","","","","","","","","","","","","1120005005808","","","",""
"株式会社ＡＢＣＩＴＹ","2734150169466","","","","","","","153-0041","東京都目黒区駒場四丁目5-7 2階","","","","","","","","","","","","","","","7011001104088","","","",""
"株式会社ＡＢＣマーケットサービス","7927177793670","","","","","","","270-2218","千葉県松戸市五香西三丁目34-16","","","","","","","","","","","","","","","5040001092929","","","",""
"株式会社エビス","6294625367767","","","","","","","697-0044","島根県浜田市蛭子町33","","","","","","","","","","","","","","","3280001004259","","","",""
"エビストレーディング株式会社","2174747958826","","","","","","","252-0303","神奈川県相模原市南区相模大野六丁目20-3 204号","","","","","","","","","","","","","","","5021001058368","","","",""
"有限会社ゑびす屋池袋本店","1312441839904","","","","","","","170-0013","東京都豊島区東池袋一丁目34-5 いちご東池袋ビル6階","","","","","","","","","","","","","","","1013302020580","","","",""
"合資会社海老屋本店","4372527703907","","","","","","","153-0042","東京都目黒区青葉台一丁目4-7 306","","","","","","","","","","","","","","","6013203001551","","","",""
"Ａ．Ｐ．アドバイザリー株式会社","8666645813041","","","","","","","100-0005","東京都千代田区丸の内二丁目3-2","","","","","","","","","","","","","","","6010401078587","","","",""
"株式会社エピソードワン","1700133915788","","","","","","","531-0073","大阪府大阪市北区本庄西三丁目10-3 410号","","","","","","","","","","","","","","","8120001120513","","","",""
"株式会社Ｆ＆Ｍ","7165380452441","","","","","","","189-0013","東京都東村山市栄町二丁目31-22","","","","","","","","","","","","","","","9012701008205","","","",""
"株式会社Ｆ．イスト","5785442145638","","","","","","","243-0017","神奈川県厚木市栄町一丁目2-2","","","","","","","","","","","","","","","7021001023659","","","",""
"株式会社ＦＳＤコミュニケーションズ","4494278028843","","","","","","","733-0854","広島県広島市西区山田町32-9 FSDビル","","","","","","","","","","","","","","","6240001015001","","","",""
"有限会社エフエムティ","9386796794487","","","","","","","167-0053","東京都杉並区西荻南二丁目7-10","","","","","","","","","","","","","","","9011302001701","","","",""
"株式会社エフズケーコーポレーション","2452780993974","","","","","","","338-0001","埼玉県さいたま市中央区上落合二丁目3-2","","","","","","","","","","","","","","","7030001014469","","","",""
"株式会社Ｆ・Ｂクリエイト","1219219153334","","","","","","","806-0067","福岡県北九州市八幡西区引野一丁目15-12","","","","","","","","","","","","","","","2290801012956","","","",""
"株式会社ＦＰ","6161764957664","","","","","","","911-0804","福井県勝山市元町一丁目19-11","","","","","","","","","","","","","","","2210001015825","","","",""
"株式会社エフレ","2584366148516","","","","","","","914-0052","福井県敦賀市清水町二丁目18-17","","","","","","","","","","","","","","","5210001010476","","","",""
"ｆ．ローラルレイ株式会社","4714613974509","","","","","","","983-0011","宮城県仙台市宮城野区栄五丁目7-5","","","","","","","","","","","","","","","3370001025618","","","",""
"株式会社エフワン","1539674195243","","","","","","","176-0013","東京都練馬区豊玉中三丁目10-16","","","","","","","","","","","","","","","6030001025046","","","",""
"株式会社エブリイ","9841520349845","","","","","","","721-0973","広島県福山市南蔵王町一丁目6-11","","","","","","","","","","","","","","","2240001047246","","","",""
"えぷろんフーズ株式会社","6437711868295","","","","","","","471-0038","愛知県豊田市宮上町三丁目39-3","","","","","","","","","","","","","","","8180301018518","","","",""
"株式会社絵美衣留","3247821867876","","","","","","","252-0144","神奈川県相模原市緑区東橋本二丁目19-2","","","","","","","","","","","","","","","7021001018205","","","",""
"株式会社エーミート","5553367809328","","","","","","","241-0012","神奈川県横浜市旭区西川島町65-11","","","","","","","","","","","","","","","3020001035965","","","",""
"有限会社エムアンドエム","5673391106042","","","","","","","739-2617","広島県東広島市黒瀬町切田1","","","","","","","","","","","","","","","9240002027315","","","",""
"エムアンドエム・マルナカマート株式会社","9927355365050","","","","","","","772-0035","徳島県鳴門市大津町矢倉裏10-2","","","","","","","","","","","","","","","4480001004931","","","",""
"株式会社エムアンドディ","2689435544399","","","","","","","815-0032","福岡県福岡市南区塩原一丁目","","","","","","","","","","","","","","","5290001011962","","","",""
"エムエスエイ株式会社","2492009566866","","","","","","","583-0882","大阪府羽曳野市高鷲十丁目7-4","","","","","","","","","","","","","","","2120101031938","","","",""
"株式会社エムエスティ","6836537148494","","","","","","","501-3134","岐阜県岐阜市芥見三丁目334","","","","","","","","","","","","","","","9200001000672","","","",""
"株式会社ＭＦＣリテールパートナーズ","6036891310006","","","","","","","410-0022","静岡県沼津市大岡2267-1","","","","","","","","","","","","","","","4080101019713","","","",""
"有限会社エムエムフーズ","7651169421978","","","","","","","424-0006","静岡県静岡市清水区石川本町13-15","","","","","","","","","","","","","","","3080002009418","","","",""
"エムーゲ・フランケン株式会社","1517054865315","","","","","","","224-0041","神奈川県横浜市都筑区仲町台一丁目32-10 403号","","","","","","","","","","","","","","","4020001041616","","","",""
"有限会社Ｍショップ","4895223313035","","","","","","","868-0201","熊本県球磨郡五木村甲5659-4","","","","","","","","","","","","","","","5330002030783","","","",""
"株式会社エムジー","7208713827780","","","","","","","601-1123","京都府京都市左京区静市市原町357-1","","","","","","","","","","","","","","","9130001004417","","","",""
"株式会社エムスリー","7870270892943","","","","","","","173-0004","東京都板橋区板橋二丁目54-11","","","","","","","","","","","","","","","7011301023731","","","",""
"株式会社エムズ","3288204369830","","","","","","","811-0212","福岡県福岡市東区美和台四丁目8-1","","","","","","","","","","","","","","","4290001004166","","","",""
"ＭＷ　Ｔｒａｄｅ株式会社","6018805552026","","","","","","","164-0001","東京都中野区中野五丁目43-10 201号","","","","","","","","","","","","","","","6011101074141","","","",""
"株式会社エムティ・イールド","1190167429775","","","","","","","703-8243","岡山県岡山市中区清水447-4 E-MAILMTY","","","","","","","","","","","","","","","7011001034707","","","",""
"株式会社エムティシステム","9252270485171","","","","","","","561-0808","大阪府豊中市原田元町一丁目5-13","","","","","","","","","","","","","","","1120901023053","","","",""
"有限会社エムティプラニング","5242782858477","","","","","","","112-0003","東京都文京区春日二丁目12-12 903号","","","","","","","","","","","","","","","1010002037781","","","",""
"エムディーシー有限会社","4047327997762","","","","","","","233-0006","神奈川県横浜市港南区芹が谷一丁目10-19","","","","","","","","","","","","","","","8020002062624","","","",""
"株式会社ＭＢプランニング","1984318514995","","","","","","","214-0032","神奈川県川崎市多摩区枡形二丁目18-5","","","","","","","","","","","","","","","4020001078022","","","",""
"エムピーアイ株式会社","8683326434370","","","","","","","535-0012","大阪府大阪市旭区千林二丁目16-8","","","","","","","","","","","","","","","3120001113364","","","",""
"株式会社エム・マート・スーパー・チェーン","2465015279498","","","","","","","173-0016","東京都板橋区中板橋16-10 よしや本部内","","","","","","","","","","","","","","","4011401001045","","","",""
"有限会社エムランド","2286465160597","","","","","","","727-0013","広島県庄原市西本町二丁目19-1","","","","","","","","","","","","","","","6240002031385","","","",""
"株式会社Ｍ・Ｙコミュニケーションズ","5861570775400","","","","","","","238-0022","神奈川県横須賀市公郷町二丁目22","","","","","","","","","","","","","","","9021001043738","","","",""
"有限会社ＬＶＲ　ＪＡＰＡＮ","4186637798608","","","","","","","651-0056","兵庫県神戸市中央区熊内町七丁目6-1","","","","","","","","","","","","","","","8140002024884","","","",""
"有限会社エルク","2265226079066","","","","","","","194-0013","東京都町田市原町田六丁目6-14","","","","","","","","","","","","","","","4012302000846","","","",""
"有限会社Ｌ．Ｋ．Ｙ．","8985999496100","","","","","","","210-0021","神奈川県川崎市川崎区元木二丁目4-15 306号NICハイム","","","","","","","","","","","","","","","4020002103588","","","",""
"株式会社ＬＣ．Ｔｒａｄｉｎｇ","8071724844085","","","","","","","870-1151","大分県大分市大字市1131","","","","","","","","","","","","","","","5320001005531","","","",""
"株式会社エルショップ","8659794619428","","","","","","","812-0013","福岡県福岡市博多区博多駅東一丁目10-23 401号室","","","","","","","","","","","","","","","9290001006612","","","",""
"株式会社エル・ティーエフ","8041256161393","","","","","","","231-0021","神奈川県横浜市中区日本大通17","","","","","","","","","","","","","","","7020001117826","","","",""
"株式会社エルフィールド三和","7830214538462","","","","","","","812-0863","福岡県福岡市博多区金の隈二丁目20-61","","","","","","","","","","","","","","","6290001020525","","","",""
"株式会社エレナ","5157045759391","","","","","","","857-1161","長崎県佐世保市大塔町8-2","","","","","","","","","","","","","","","4310001005806","","","",""
"有限会社エーワン","4876864458741","","","","","","","110-0005","東京都台東区上野五丁目6-11","","","","","","","","","","","","","","","4010502018923","","","",""
"株式会社ｅｎ","1499648510277","","","","","","","212-0055","神奈川県川崎市幸区南加瀬五丁目1-13 1F","","","","","","","","","","","","","","","7010901034163","","","",""
"遠州中央農業協同組合","3972132285609","","","","","","","438-0086","静岡県磐田市見付3599-1","","","","","","","","","","","","","","","3080405005229","","","",""
"有限会社エンジェリック","3452862897123","","","","","","","806-0064","福岡県北九州市八幡西区割子川二丁目14-13","","","","","","","","","","","","","","","9290802017808","","","",""
"株式会社Ｅｎｔｅｒｔａｉｎｍｅｎｔ　Ｅｆｆｅｃｔｅｒｓ","3187291796877","","","","","","","080-0302","北海道河東郡音更町木野西通九丁目4-8","","","","","","","","","","","","","","","2460101004471","","","",""
"株式会社エンチョー","8245859110476","","","","","","","417-0052","静岡県富士市中央町二丁目12-12","","","","","","","","","","","","","","","7080101008234","","","",""
"株式会社遠鉄ストア","6531076230945","","","","","","","432-8021","静岡県浜松市中央区佐鳴台四丁目16-10 フードワン佐鳴台店2階","","","","","","","","","","","","","","","1080401000838","","","",""
"株式会社遠鉄百貨店","3897328350206","","","","","","","430-0926","静岡県浜松市中央区砂山町320-2","","","","","","","","","","","","","","","4080401000843","","","",""
"株式会社遠鉄百貨店友の会","4270653162513","","","","","","","430-0926","静岡県浜松市中央区砂山町320-2","","","","","","","","","","","","","","","5080401000842","","","",""
"有限会社エンドー","4810420922511","","","","","","","969-3113","福島県耶麻郡猪苗代町字新地5667-4","","","","","","","","","","","","","","","3380002031341","","","",""
"株式会社エンドー","4726785529646","","","","","","","990-0811","山形県山形市長町二丁目1-33","","","","","","","","","","","","","","","5390001005442","","","",""
"有限会社エンドレス・ジャパン","7306923836375","","","","","","","322-0045","栃木県鹿沼市上殿町852","","","","","","","","","","","","","","","5060002021521","","","",""
"えんゆう農業協同組合","4088552235781","","","","","","","099-6501","北海道紋別郡湧別町上湧別屯田市街地230","","","","","","","","","","","","","","","3460305000984","","","",""
"株式会社エンリル","9802669401021","","","","","","","404-0003","山梨県山梨市牧丘町倉科354","","","","","","","","","","","","","","","6090001009035","","","",""
"Ｏ・Ｉプランニング株式会社","7015339281604","","","","","","","165-0026","東京都中野区新井三丁目10-1","","","","","","","","","","","","","","","7011201010342","","","",""
"有限会社オアシス","9405290460999","","","","","","","739-2101","広島県東広島市高屋町造賀3594-16","","","","","","","","","","","","","","","6240002028679","","","",""
"株式会社オアシス","3415018145597","","","","","","","656-2131","兵庫県淡路市志筑3111-38 2F","","","","","","","","","","","","","","","8140001086182","","","",""
"有限会社笈川商店","8848307536476","","","","","","","244-0816","神奈川県横浜市戸塚区上倉田町1919","","","","","","","","","","","","","","","1020002011397","","","",""
"株式会社扇屋","6808456760295","","","","","","","894-1503","鹿児島県大島郡瀬戸内町大字古仁屋大湊4","","","","","","","","","","","","","","","2340001010854","","","",""
"有限会社扇屋","3333189184710","","","","","","","308-0857","茨城県筑西市小川1444-43","","","","","","","","","","","","","","","7050002043333","","","",""
"有限会社近江屋フードセンター","4515973492843","","","","","","","729-5501","広島県庄原市東城町小奴可2577-17","","","","","","","","","","","","","","","4240002031676","","","",""
"Ｏ・Ｓ産業株式会社","6509041037412","","","","","","","550-0014","大阪府大阪市西区北堀江一丁目20-15 長堀佐野ビル7階","","","","","","","","","","","","","","","9120001107518","","","",""
"株式会社ＯＳＣあまいけ","8760289223069","","","","","","","185-0012","東京都国分寺市本町四丁目12-1","","","","","","","","","","","","","","","9012701003296","","","",""
"有限会社オーエムコーポレーション","2170472705151","","","","","","","541-0052","大阪府大阪市中央区安土町一丁目6-22 グランドメゾン船場315号","","","","","","","","","","","","","","","7120002034762","","","",""
"株式会社大網白里ショッピングセンター","1147370659265","","","","","","","299-3236","千葉県大網白里市みやこ野一丁目1-1","","","","","","","","","","","","","","","6040001058887","","","",""
"有限会社大岩食料品店","5604415385844","","","","","","","770-0917","徳島県徳島市両国橋8","","","","","","","","","","","","","","","8480002000785","","","",""
"株式会社大川","1651908263038","","","","","","","551-0001","大阪府大阪市大正区三軒家西一丁目7-21","","","","","","","","","","","","","","","9120001027245","","","",""
"株式会社大川","6572397012055","","","","","","","904-2174","沖縄県沖縄市与儀三丁目20-1","","","","","","","","","","","","","","","5360001000553","","","",""
"有限会社大川鯨屋","2349206490243","","","","","","","811-5301","長崎県壱岐市芦辺町芦辺浦233","","","","","","","","","","","","","","","6310002018912","","","",""
"有限会社大川ストアー","4854632818498","","","","","","","319-1222","茨城県日立市久慈町五丁目42-10","","","","","","","","","","","","","","","3050002030335","","","",""
"有限会社大川ストアー","2567294052544","","","","","","","859-3808","長崎県東彼杵郡東彼杵町蔵本郷1847","","","","","","","","","","","","","","","7310002012575","","","",""
"有限会社大兼製麺工場","4561131466898","","","","","","","321-3531","栃木県芳賀郡茂木町大字茂木1324","","","","","","","","","","","","","","","2060002018339","","","",""
"株式会社オオキタ","8662938232568","","","","","","","775-0006","徳島県海部郡牟岐町大字中村本村152-11","","","","","","","","","","","","","","","7480001006958","","","",""
"株式会社大喜屋","6373609674457","","","","","","","486-0955","愛知県春日井市二子町一丁目10-2","","","","","","","","","","","","","","","1180001104392","","","",""
"株式会社大久保商店","6113622998177","","","","","","","069-0362","北海道岩見沢市上幌向南一条二丁目1190","","","","","","","","","","","","","","","7430001046380","","","",""
"有限会社大久保食品","4989243534283","","","","","","","343-0804","埼玉県越谷市大字南荻島146","","","","","","","","","","","","","","","3030002085307","","","",""
"株式会社大倉","4989699798855","","","","","","","171-0032","東京都豊島区雑司が谷三丁目12-2","","","","","","","","","","","","","","","3013301013344","","","",""
"有限会社大阪蒲生三丁目ＣＶＳ","9214186696686","","","","","","","536-0016","大阪府大阪市城東区蒲生三丁目15-17","","","","","","","","","","","","","","","4120002060167","","","",""
"大阪三和市場株式会社","6509614357161","","","","","","","546-0033","大阪府大阪市東住吉区南田辺一丁目7-5","","","","","","","","","","","","","","","7120001011473","","","",""
"逢阪建物株式会社","9011044701042","","","","","","","542-0075","大阪府大阪市中央区難波千日前12-3","","","","","","","","","","","","","","","8120001076128","","","",""
"大阪鶴橋卸売市場協同組合","3954236467772","","","","","","","537-0024","大阪府大阪市東成区東小橋三丁目20-11","","","","","","","","","","","","","","","9120005006600","","","",""
"有限会社大阪屋","2330924049333","","","","","","","924-0862","石川県白山市安田町34","","","","","","","","","","","","","","","3220002008958","","","",""
"株式会社大阪屋ショップ","9117977867738","","","","","","","939-8064","富山県富山市赤田487-1","","","","","","","","","","","","","","","7230001000473","","","",""
"株式会社大澤商店","4153724617289","","","","","","","399-5603","長野県木曽郡上松町駅前通り一丁目33","","","","","","","","","","","","","","","9100001017719","","","",""
"有限会社おおすみ","5911029436410","","","","","","","420-0042","静岡県静岡市葵区駒形通二丁目2-3","","","","","","","","","","","","","","","2080002001128","","","",""
"株式会社オオゼキ","1296538768597","","","","","","","155-0031","東京都世田谷区北沢二丁目9-21 2階","","","","","","","","","","","","","","","3010901002207","","","",""
"有限会社大谷","1471247671960","","","","","","","370-3606","群馬県北群馬郡吉岡町大字上野田1202-1","","","","","","","","","","","","","","","8070002026054","","","",""
"株式会社おおたや","1274590181007","","","","","","","299-5102","千葉県夷隅郡御宿町久保2124","","","","","","","","","","","","","","","8040001075113","","","",""
"株式会社大館自動車部品商会","2847501815395","","","","","","","017-0864","秋田県大館市根下戸新町19-59","","","","","","","","","","","","","","","1410001005930","","","",""
"株式会社大坪屋","5124063872062","","","","","","","252-0303","神奈川県相模原市南区相模大野五丁目9-1","","","","","","","","","","","","","","","1021001011537","","","",""
"株式会社大津屋","9460397074120","","","","","","","918-8004","福井県福井市西木田一丁目20-17","","","","","","","","","","","","","","","3210001000636","","","",""
"有限会社大富生活センター","9904315330187","","","","","","","425-0062","静岡県焼津市中根新田150","","","","","","","","","","","","","","","8080002015683","","","",""
"有限会社大友水産","1316545790471","","","","","","","136-0072","東京都江東区大島六丁目26-7","","","","","","","","","","","","","","","4010602001440","","","",""
"おおとりウイングス株式会社","3813300770727","","","","","","","593-8324","大阪府堺市西区鳳東町七丁733","","","","","","","","","","","","","","","1120101001272","","","",""
"合資会社大西金物店","5495282151777","","","","","","","838-0069","福岡県朝倉市来春37-1","","","","","","","","","","","","","","","6290003002034","","","",""
"有限会社大庭青果","5293393266298","","","","","","","896-0015","鹿児島県いちき串木野市旭町152","","","","","","","","","","","","","","","4340002017772","","","",""
"株式会社大野","7467060200784","","","","","","","530-0001","大阪府大阪市北区梅田一丁目8-16","","","","","","","","","","","","","","","4120001061595","","","",""
"有限会社大野屋","5741227743117","","","","","","","639-1039","奈良県大和郡山市椎木町6-4","","","","","","","","","","","","","","","9150002004884","","","",""
"株式会社大橋商店","5046427597295","","","","","","","708-1325","岡山県勝田郡奈義町滝本1564-11","","","","","","","","","","","","","","","6260001019611","","","",""
"有限会社オオハシリテイリング","6818766966645","","","","","","","176-0012","東京都練馬区豊玉北五丁目22-7","","","","","","","","","","","","","","","1011602012100","","","",""
"有限会社大原商店","2188889521018","","","","","","","114-0034","東京都北区上十条四丁目15-14","","","","","","","","","","","","","","","2011502001210","","","",""
"株式会社大総屋","2952341355970","","","","","","","289-1345","千葉県山武市津辺188","","","","","","","","","","","","","","","9040001058100","","","",""
"大安亭市場協同組合","6002487421194","","","","","","","651-0078","兵庫県神戸市中央区八雲通五丁目4-17","","","","","","","","","","","","","","","6140005003020","","","",""
"株式会社オカジマ","1442787432273","","","","","","","222-0001","神奈川県横浜市港北区樽町二丁目8-45","","","","","","","","","","","","","","","1020001019697","","","",""
"株式会社岡島","7288339053817","","","","","","","400-0031","山梨県甲府市丸の内一丁目16-20","","","","","","","","","","","","","","","6090001000349","","","",""
"有限会社岡田商店","9828927662721","","","","","","","684-0056","鳥取県境港市幸神町353","","","","","","","","","","","","","","","1270002007643","","","",""
"有限会社岡田屋","5864819191647","","","","","","","330-0854","埼玉県さいたま市大宮区桜木町四丁目905-2","","","","","","","","","","","","","","","1030002003162","","","",""
"有限会社オカノ","5010998149568","","","","","","","051-0036","北海道室蘭市祝津町二丁目13-5","","","","","","","","","","","","","","","4430002063972","","","",""
"株式会社岡野商店","7574462887252","","","","","","","572-0085","大阪府寝屋川市香里新町14-11","","","","","","","","","","","","","","","9120001147555","","","",""
"株式会社岡ビル百貨店","9560050992819","","","","","","","700-0815","岡山県岡山市北区野田屋町一丁目3-3","","","","","","","","","","","","","","","8260001001591","","","",""
"株式会社岡本","7836258437627","","","","","","","355-0016","埼玉県東松山市材木町14-2","","","","","","","","","","","","","","","2030001070756","","","",""
"有限会社おかもと","4819550149237","","","","","","","790-0004","愛媛県松山市大街道一丁目5-4","","","","","","","","","","","","","","","9500002001788","","","",""
"岡本商事株式会社","2563307546258","","","","","","","590-0126","大阪府堺市南区泉田中2160-8","","","","","","","","","","","","","","","7120101001399","","","",""
"株式会社岡谷生鮮市場","9982335515713","","","","","","","394-0022","長野県岡谷市銀座二丁目11-20","","","","","","","","","","","","","","","5100001019396","","","",""
"公益財団法人岡山県産業振興財団","6038628278895","","","","","","","701-1221","岡山県岡山市北区芳賀5301","","","","","","","","","","","","","","","3260005009000","","","",""
"株式会社岡山高島屋","6625449417240","","","","","","","700-0901","岡山県岡山市北区本町6-40","","","","","","","","","","","","","","","6260001008408","","","",""
"有限会社おがよし","8622803996270","","","","","","","010-0342","秋田県男鹿市脇本脇本脇本198","","","","","","","","","","","","","","","9410002006136","","","",""
"小川産業株式会社","5211906582137","","","","","","","631-0026","奈良県奈良市学園緑ヶ丘二丁目11-11","","","","","","","","","","","","","","","3150001000452","","","",""
"有限会社小川周商事","5059181604226","","","","","","","157-0072","東京都世田谷区祖師谷三丁目36-30","","","","","","","","","","","","","","","2010902003502","","","",""
"株式会社おきぎんリース","8420464436151","","","","","","","900-0016","沖縄県那覇市前島二丁目21-1","","","","","","","","","","","","","","","2360001000622","","","",""
"農事組合法人沖縄市養鶏団地組合","3698959245422","","","","","","","904-2145","沖縄県沖縄市字倉敷152","","","","","","","","","","","","","","","9360005002071","","","",""
"株式会社沖縄ファミリーマート","6555796627183","","","","","","","900-0001","沖縄県那覇市港町三丁目4-18","","","","","","","","","","","","","","","3360001000497","","","",""
"株式会社オギノ","7654694521120","","","","","","","400-0047","山梨県甲府市徳行一丁目2-18","","","","","","","","","","","","","","","2090001000360","","","",""
"有限会社オギノ商事","7174426056714","","","","","","","719-1126","岡山県総社市総社二丁目10-16-1","","","","","","","","","","","","","","","5260002023555","","","",""
"株式会社オギノホールディングス","7515866551453","","","","","","","400-0047","山梨県甲府市徳行一丁目2-18","","","","","","","","","","","","","","","3090001013337","","","",""
"オークス株式会社","9948705846709","","","","","","","674-0064","兵庫県明石市大久保町江井島798-2","","","","","","","","","","","","","","","2140001037918","","","",""
"有限会社Ｏｃｔａｇｏｎ","4395262852250","","","","","","","177-0042","東京都練馬区下石神井二丁目34-16","","","","","","","","","","","","","","","6011602022796","","","",""
"有限会社奥町フードセンター","1806351156601","","","","","","","491-0201","愛知県一宮市奥町甚四前8","","","","","","","","","","","","","","","4180002075985","","","",""
"株式会社オクト","8782488618204","","","","","","","222-0012","神奈川県横浜市港北区富士塚一丁目13-36","","","","","","","","","","","","","","","8020001019699","","","",""
"株式会社オークネットサービス","9492504411410","","","","","","","179-0083","東京都練馬区平和台二丁目22-1","","","","","","","","","","","","","","","3011601012611","","","",""
"有限会社オークボフーズ","4647871366650","","","","","","","518-0743","三重県名張市梅が丘南三番町289","","","","","","","","","","","","","","","9190002012941","","","",""
"有限会社おくも百貨店","3132276665610","","","","","","","669-2603","兵庫県丹波篠山市福井35","","","","","","","","","","","","","","","7140002034884","","","",""
"有限会社おくやま","8911857312592","","","","","","","100-0511","東京都新島村式根島281-1","","","","","","","","","","","","","","","2010002052706","","","",""
"株式会社オークワ","2707374281954","4","8","2025/07/11","0","","https://www.okuwa.net/","641-0006","和歌山県和歌山市中島185-3","073-425-2481","代表取締役社長","大桑弘嗣","卸売、小売","総合小売","","","5,000 ～ 10,000","10,000,000 ～ 100,000,000","100,000 ～ 300,000","2025/02","1938/05","1969/02","公開","2170001002092","スーパーマーケット,衣料品,日用品,家庭電化製品,食料品,ネットショップ,チェーンストア,化粧品,米販売,化粧品販売,家電販売,酒類販売,スポーツ用品販売,レジャー用品販売,メッサ,客数アップ対策,オークワ,お客様第一主義,プライスカット,スーパーセンター,和歌山,パレマルシェ,アンドデリカ,オーカード,静岡,オーカード・プラス,愛知,奈良,ネット通販,スーパーセンターオークワ,クワノミちゃん,ネットスーパー,チラシ,岐阜,大阪,アプリ,スーパー,オークワアプリ,ヒラマツ,ザ・ロウズ,あつた小町,メッサオークワ","2026新卒募集企業,2027新卒インターン募集企業,2027新卒募集企業,2028新卒インターン募集企業,CSRに力を入れている企業,DX認定事業者,中途採用企業,合併企業,営業職募集企業,売上1000億以上,売上300億円以上,売上50億円以上,展示会その他,展示会全体,従業員500人以上,省エネ法対象業者,表彰企業","Clarity,Display & Video 360,Google アナリティクス,Googleタグマネージャ,Google広告",""
"有限会社オグス","8819540409420","","","","","","","849-1303","佐賀県鹿島市大字森950-7","","","","","","","","","","","","","","","5300002006695","","","",""
"オグレ商事株式会社","3303737473779","","","","","","","329-2753","栃木県那須塩原市五軒町1-32","","","","","","","","","","","","","","","6060001011951","","","",""
"オーケー株式会社","4313053805521","","","","","","","220-0012","神奈川県横浜市西区みなとみらい六丁目3-6","","","","","","","","","","","","","","","6010801001974","","","",""
"株式会社尾後商店","3651445406269","","","","","","","794-0054","愛媛県今治市北日吉町二丁目7-22","","","","","","","","","","","","","","","2500001011324","","","",""
"株式会社オサダ","9435582470725","","","","","","","843-0001","佐賀県武雄市朝日町大字甘久3428-8","","","","","","","","","","","","","","","1300001004571","","","",""
"尾崎運送株式会社","8782884620772","","","","","","","761-8052","香川県高松市松並町888-4","","","","","","","","","","","","","","","4470001000873","","","",""
"有限会社尾崎商事","3894600799640","","","","","","","292-0803","千葉県木更津市幸町二丁目3-23","","","","","","","","","","","","","","","7040002066260","","","",""
"有限会社尾崎商店","8756487468966","","","","","","","386-0155","長野県上田市蒼久保560","","","","","","","","","","","","","","","8100002013775","","","",""
"有限会社尾崎設計企画","5857449451057","","","","","","","212-0014","神奈川県川崎市幸区大宮町20-1","","","","","","","","","","","","","","","7020002099270","","","",""
"株式会社オザム","4066665178934","","","","","","","198-0051","東京都青梅市友田町五丁目350","","","","","","","","","","","","","","","7013101003500","","","",""
"有限会社オザワ","3329447731119","","","","","","","284-0005","千葉県四街道市四街道一丁目19-3","","","","","","","","","","","","","","","7040002064108","","","",""
"株式会社オザワ","8683573871927","","","","","","","422-8041","静岡県静岡市駿河区中田一丁目4-1","","","","","","","","","","","","","","","8080001000918","","","",""
"株式会社オーシャンシステム","8635274034925","","","","","","","955-0845","新潟県三条市西本成寺二丁目26-57","","","","","","","","","","","","","","","2110001013962","","","",""
"株式会社オーシャンズ","7103587953203","","","","","","","546-0014","大阪府大阪市東住吉区鷹合一丁目21-20","","","","","","","","","","","","","","","9120001200058","","","",""
"有限会社ＯＣＥＡＮ’Ｓ","1067328720111","","","","","","","226-0018","神奈川県横浜市緑区長津田みなみ台五丁目11-1","","","","","","","","","","","","","","","2020002074749","","","",""
"株式会社オーシャンドライブ","6819674650162","","","","","","","545-0011","大阪府大阪市阿倍野区昭和町一丁目4-33 8F","","","","","","","","","","","","","","","2120001138701","","","",""
"オーシャンリース株式会社","7523497494279","","","","","","","781-0806","高知県高知市知寄町一丁目4-30","","","","","","","","","","","","","","","6490001000300","","","",""
"株式会社オスカル","1150333721815","","","","","","","542-0084","大阪府大阪市中央区宗右衛門町5-28","","","","","","","","","","","","","","","7120001076517","","","",""
"株式会社ＯＺ","8113165863586","","","","","","","891-4205","鹿児島県熊毛郡屋久島町宮之浦2395-24","","","","","","","","","","","","","","","4340001009936","","","",""
"株式会社オズメッセ","9199566112294","","","","","","","795-0064","愛媛県大洲市東大洲1596","","","","","","","","","","","","","","","5500001007666","","","",""
"株式会社Ｏｚ　ｌｉｎｋ＆ＳＴＹＬＥ","3087937953952","","","","","","","604-8152","京都府京都市中京区手洗水町651-1 第14長谷ビル6F","","","","","","","","","","","","","","","8130001026767","","","",""
"有限会社おせきや商店","5498531083800","","","","","","","134-0084","東京都江戸川区東葛西一丁目26-19","","","","","","","","","","","","","","","5011702002501","","","",""
"有限会社小専商店","4869015527227","","","","","","","029-5505","岩手県和賀郡西和賀町湯本三十地割78-1","","","","","","","","","","","","","","","5400002009837","","","",""
"株式会社尾関工務店","5482108328864","","","","","","","706-0142","岡山県玉野市迫間2301-4","","","","","","","","","","","","","","","8260001022274","","","",""
"有限会社オタギリ","1805843191157","","","","","","","383-0012","長野県中野市大字一本木375","","","","","","","","","","","","","","","3100002017806","","","",""
"織田ショッピングセンター株式会社","1615341728598","","","","","","","916-0204","福井県丹生郡越前町中7 字上田1番の1","","","","","","","","","","","","","","","1210001012451","","","",""
"株式会社オータニ","9267612478673","","","","","","","939-1104","富山県高岡市戸出町三丁目23-1","","","","","","","","","","","","","","","7230001009812","","","",""
"株式会社オータニ","2182845953936","","","","","","","321-0905","栃木県宇都宮市平出工業団地37-3","","","","","","","","","","","","","","","4060001000972","","","",""
"一般社団法人小樽観光協会","1159762613712","0","1","2025/12/25","0","","http://www.otaru.gr.jp","047-0007","北海道小樽市港町5-3","0134-33-2510","代表取締役","西條　文雪","運輸、郵便","輸送関連サービス","卸売、小売","総合小売","30 ～ 50","","100 ～ 300","2025/03","1946/04","1990/07","非公開","8430005007650","平成の名水百選,観光スポット,北海道,観光ガイド,小樽,小樽運河,旅行,小樽の水,名水百選,札幌,観光,歴史,イベント,北海道小樽,イベント情報","WEB分析ツール利用,中途採用企業,外国人募集企業,展示会その他,展示会全体,補助金受領企業","Xserverビジネス,エックスサーバー",""
"小樽中央市場協同組合","5649190117105","","","","","","","047-0032","北海道小樽市稲穂三丁目11-2","","","","","","","","","","","","","","","6430005007958","","","",""
"尾高商事株式会社","2120806874663","","","","","","","432-8023","静岡県浜松市中央区鴨江二丁目3-29","","","","","","","","","","","","","","","5080401001114","","","",""
"小田急商事株式会社","6768694735078","","","","","","","215-0004","神奈川県川崎市麻生区万福寺三丁目1-2","","","","","","","","","","","","","","","8010901028635","","","",""
"株式会社小田急百貨店","1682155786351","","","","","","","160-0023","東京都新宿区西新宿一丁目5-1","","","","","","","","","","","","","","","5011101038873","","","",""
"株式会社小田島商事","9782038421717","","","","","","","069-0831","北海道江別市野幌若葉町20-20","","","","","","","","","","","","","","","2430001042401","","","",""
"株式会社オダテ","9032982831978","","","","","","","359-1131","埼玉県所沢市大字久米2172-4","","","","","","","","","","","","","","","3030001034561","","","",""
"株式会社小田原百貨店","7891025317612","","","","","","","250-0011","神奈川県小田原市栄町二丁目7-8","","","","","","","","","","","","","","","4021001032431","","","",""
"有限会社おちあい","1506456210041","","","","","","","761-0121","香川県高松市牟礼町牟礼2766-3","","","","","","","","","","","","","","","6470002000276","","","",""
"株式会社オックスフォード・インターナシヨナル","5692624067613","","","","","","","101-0061","東京都千代田区神田三崎町二丁目7-6 5F","","","","","","","","","","","","","","","3010001013261","","","",""
"株式会社ＯＴＥＮＴＯ","8327252585089","","","","","","","145-0071","東京都大田区田園調布一丁目7-20","","","","","","","","","","","","","","","7010801015445","","","",""
"株式会社オートサポート","4978969764338","","","","","","","651-1423","兵庫県西宮市山口町船坂119-2","","","","","","","","","","","","","","","5140001074685","","","",""
"有限会社オートショップトミザワ","1816826505809","","","","","","","260-0813","千葉県千葉市中央区生実町2253","","","","","","","","","","","","","","","9040002002197","","","",""
"有限会社乙女屋","7287404375789","","","","","","","250-0631","神奈川県足柄下郡箱根町仙石原226","","","","","","","","","","","","","","","5021002050398","","","",""
"合同会社音ラボ","1213979926114","","","","","","","960-1245","福島県福島市松川町浅川吉野20-3","","","","","","","","","","","","","","","6380003002041","","","",""
"有限会社音羽屋","7849664119502","","","","","","","174-0056","東京都板橋区志村一丁目35-15","","","","","","","","","","","","","","","2011402002036","","","",""
"株式会社おどや","6550029000579","","","","","","","294-0045","千葉県館山市北条2617","","","","","","","","","","","","","","","6040001073746","","","",""
"ＯＮＩＧＯ株式会社","3065039631321","","","","","","","154-0011","東京都世田谷区上馬一丁目17-5 1F","","","","","","","","","","","","","","","5011001141117","","","",""
"協同組合おのショッピングプラザ","5634382860038","","","","","","","963-3521","福島県田村郡小野町大字飯豊五反田63","","","","","","","","","","","","","","","6380005003426","","","",""
"小野田商業開発株式会社","9984830151794","","","","","","","756-0806","山口県山陽小野田市中川六丁目4-1","","","","","","","","","","","","","","","7250001003771","","","",""
"有限会社小野田食品","1148383072828","","","","","","","438-0077","静岡県磐田市国府台93-8","","","","","","","","","","","","","","","6080402019476","","","",""
"株式会社オノトク","7150867938581","","","","","","","023-0402","岩手県奥州市胆沢小山下油地94-2","","","","","","","","","","","","","","","8400601001027","","","",""
"合同会社オハナ・エヒク","1824932986818","","","","","","","130-0024","東京都墨田区菊川一丁目17-12","","","","","","","","","","","","","","","1010603004841","","","",""
"有限会社小原ＣＶＳ","7917951124289","","","","","","","178-0063","東京都練馬区東大泉四丁目3-17","","","","","","","","","","","","","","","3011602021025","","","",""
"株式会社オバタ","5899906233755","","","","","","","653-0003","兵庫県神戸市長田区五番町七丁目6-6","","","","","","","","","","","","","","","4140001038245","","","",""
"有限会社小原青果","5252030229565","","","","","","","963-6123","福島県東白川郡棚倉町大字関口八幡沢90-3","","","","","","","","","","","","","","","2380002018975","","","",""
"有限会社オファー","8849136623565","","","","","","","451-0031","愛知県名古屋市西区城西四丁目22-11","","","","","","","","","","","","","","","3180002055658","","","",""
"有限会社オフィス・カミ","5964331619127","","","","","","","169-0072","東京都新宿区大久保二丁目32-4","","","","","","","","","","","","","","","9013302018080","","","",""
"有限会社オフィスグレイン","6044711722109","","","","","","","359-0021","埼玉県所沢市東所沢一丁目28-9 第2武井ビル201","","","","","","","","","","","","","","","2030002032094","","","",""
"オフィス通販株式会社","5281283287807","","","","","","","108-0073","東京都港区三田三丁目4-12 三田MTビル7階","","","","","","","","","","","","","","","6010401051924","","","",""
"有限会社オフィスヤマモト","7032454197194","","","","","","","708-0841","岡山県津山市川崎259-3","","","","","","","","","","","","","","","2260002030158","","","",""
"オフィスリングシステム株式会社","6873310374119","","","","","","","101-0051","東京都千代田区神田神保町三丁目25-11 喜助九段ビル6F","","","","","","","","","","","","","","","7010001108322","","","",""
"株式会社オフリール","6566358078599","","","","","","","289-0314","千葉県香取市野田43","","","","","","","","","","","","","","","3040001063873","","","",""
"株式会社オホーツクシーライン","3299924575818","","","","","","","007-0845","北海道札幌市東区北四十五条東十丁目5-5","","","","","","","","","","","","","","","7430001043238","","","",""
"株式会社オホーツクテロワールドゥ","9972459838005","","","","","","","103-0013","東京都中央区日本橋人形町一丁目10-3","","","","","","","","","","","","","","","7460301004358","","","",""
"株式会社小柳出電気商会","3376828219705","","","","","","","113-0034","東京都文京区湯島一丁目9-6","","","","","","","","","","","","","","","8010001001641","","","",""
"有限会社オリエンタルマート","6783675947788","","","","","","","535-0003","大阪府大阪市旭区中宮二丁目20-8","","","","","","","","","","","","","","","8120002000185","","","",""
"オリカサジュウケン有限会社","9689479173703","","","","","","","028-0532","岩手県遠野市綾織町下綾織三十一地割93-1","","","","","","","","","","","","","","","5400002010209","","","",""
"有限会社折田商店","9782962829490","","","","","","","890-0063","鹿児島県鹿児島市鴨池二丁目20-5","","","","","","","","","","","","","","","4340002002378","","","",""
"有限会社おりた百貨店","4333151172851","","","","","","","891-0315","鹿児島県指宿市岩本62","","","","","","","","","","","","","","","1340002018567","","","",""
"オリックス徳島株式会社","2410468751728","","","","","","","770-0841","徳島県徳島市八百屋町二丁目7","","","","","","","","","","","","","","","6480001003683","","","",""
"有限会社織ゆう","4308341370224","","","","","","","250-0011","神奈川県小田原市栄町一丁目13-35","","","","","","","","","","","","","","","1021002051391","","","",""
"株式会社Ｏｌｙｍｐｉｃ","6154201371421","","","","","","","185-0012","東京都国分寺市本町四丁目12-1","","","","","","","","","","","","","","","2012401015268","","","",""
"有限会社オールウェイズ","2148831675230","","","","","","","310-0803","茨城県水戸市城南一丁目8-15","","","","","","","","","","","","","","","2050002000685","","","",""
"有限会社オールウエイズたつみ","7420865695833","","","","","","","133-0052","東京都江戸川区東小岩四丁目4-10","","","","","","","","","","","","","","","5011702002393","","","",""
"株式会社オルトアム","1953112468124","","","","","","","892-0842","鹿児島県鹿児島市東千石町14-16","","","","","","","","","","","","","","","2340001024359","","","",""
"オルハテック株式会社","7033475082903","","","","","","","123-0865","東京都足立区新田一丁目12-2","","","","","","","","","","","","","","","7011801006797","","","",""
"株式会社オールフォーエスピー","7027447683455","","","","","","","130-0003","東京都墨田区横川二丁目13-14 1202号","","","","","","","","","","","","","","","8010601029660","","","",""
"有限会社オールプランニング","1645248655325","","","","","","","135-0051","東京都江東区枝川三丁目9-10 702号","","","","","","","","","","","","","","","4010402023288","","","",""
"株式会社オールマネジメント福岡","4530766506866","","","","","","","810-0073","福岡県福岡市中央区舞鶴三丁目1-15 福岡DKビル2F","","","","","","","","","","","","","","","7290001025424","","","",""
"有限会社オールライフ","8297587404086","","","","","","","990-0044","山形県山形市木の実町3-14","","","","","","","","","","","","","","","6390002000532","","","",""
"有限会社卸売センターサンエイ","7457647490361","","","","","","","377-1525","群馬県吾妻郡嬬恋村大字西窪44-1","","","","","","","","","","","","","","","4070002036271","","","",""
"有限会社尾張屋","5443988351400","","","","","","","299-1162","千葉県君津市南子安八丁目25-5","","","","","","","","","","","","","","","6040002069776","","","",""
"有限会社音画工舎","7019840065337","","","","","","","134-0083","東京都江戸川区中葛西一丁目16-8","","","","","","","","","","","","","","","2011002029594","","","",""
"株式会社御前屋","5494681358560","","","","","","","986-2246","宮城県牡鹿郡女川町黄金1-1","","","","","","","","","","","","","","","1370301000289","","","",""
"株式会社オンリーワン","4394272688094","","","","","","","721-0942","広島県福山市引野町一丁目1-1","","","","","","","","","","","","","","","3240001033014","","","",""
"有限会社かをる屋","1652141131572","","","","","","","791-8057","愛媛県松山市大可賀二丁目8-37","","","","","","","","","","","","","","","3500002001950","","","",""
"有限会社開盛堂商店","1604160071160","","","","","","","964-0111","福島県二本松市太田下田86","","","","","","","","","","","","","","","7380002016198","","","",""
"海博ＪＰ株式会社","9544132040525","","","","","","","401-0301","山梨県南都留郡富士河口湖町船津77-1","","","","","","","","","","","","","","","1011101081555","","","",""
"株式会社開発ストア","8757474482532","","","","","","","053-0003","北海道苫小牧市入船町二丁目9-15","","","","","","","","","","","","","","","8430001052741","","","",""
"株式会社カイパーベルト","6259560288317","","","","","","","170-0002","東京都豊島区巣鴨二丁目1-1","","","","","","","","","","","","","","","2013301022619","","","",""
"海部商業協同組合","6611361043905","","","","","","","775-0302","徳島県海部郡海陽町奥浦町内200","","","","","","","","","","","","","","","5480005004935","","","",""
"合同会社カウウル","5049271152628","","","","","","","781-8010","高知県高知市桟橋通三丁目4-13","","","","","","","","","","","","","","","6490003001073","","","",""
"株式会社かきこや","5403650557904","","","","","","","431-0302","静岡県湖西市新居町新居146","","","","","","","","","","","","","","","6080401006120","","","",""
"有限会社柿澤商店","3475487480735","","","","","","","252-0186","神奈川県相模原市緑区牧野4169","","","","","","","","","","","","","","","3021002029857","","","",""
"株式会社かきた","6963067130215","","","","","","","478-0001","愛知県知多市八幡汐海道139","","","","","","","","","","","","","","","9180001094676","","","",""
"株式会社柿原松栄堂","3107131393338","","","","","","","569-0803","大阪府高槻市高槻町18-1 高槻市場内","","","","","","","","","","","","","","","9120901010622","","","",""
"賀来石油株式会社","1035536558651","","","","","","","872-0521","大分県宇佐市安心院町下毛2096-1","","","","","","","","","","","","","","","3320001007744","","","",""
"株式会社Ｃａｃｔｕｓ","6756617400380","","","","","","","530-0003","大阪府大阪市北区堂島二丁目1-25 堂島アーバンライフ702","","","","","","","","","","","","","","","7120002063159","","","",""
"カクダイ商事株式会社","1813464719417","","","","","","","377-1308","群馬県吾妻郡長野原町大字大津1587-7","","","","","","","","","","","","","","","6070001023698","","","",""
"有限会社角地商店","5130570893483","","","","","","","930-0955","富山県富山市天正寺389-2","","","","","","","","","","","","","","","7230002004515","","","",""
"株式会社角萬","2826529049978","","","","","","","183-0041","東京都府中市北山町三丁目23-1","","","","","","","","","","","","","","","5012401000333","","","",""
"カクメイ株式会社","9962943808074","","","","","","","158-0083","東京都世田谷区奥沢一丁目15-14 112号","","","","","","","","","","","","","","","9010401118654","","","",""
"有限会社家具の早川","4848811837297","","","","","","","438-0235","静岡県磐田市白羽210","","","","","","","","","","","","","","","1080402020554","","","",""
"株式会社掛川スーパーマーケット","5402194328411","","","","","","","436-0079","静岡県掛川市掛川629-1","","","","","","","","","","","","","","","3080401014258","","","",""
"加計ショッピング協同組合","1764819720708","","","","","","","731-3501","広島県山県郡安芸太田町大字加計3269-1","","","","","","","","","","","","","","","2240005004532","","","",""
"有限会社カケモ開発","5322930973110","","","","","","","034-0037","青森県十和田市穂並町15-10","","","","","","","","","","","","","","","9420002016522","","","",""
"有限会社かげやま","5922095969114","","","","","","","440-0011","愛知県豊橋市牛川通一丁目11-5","","","","","","","","","","","","","","","8180302006942","","","",""
"株式会社加古川ヤマトヤシキ","3584313501688","1","4","2026/02/05","2","2026/04/15","http://www.yamatoyashiki.co.jp/","675-0065","兵庫県加古川市加古川町篠原町21-8","079-425-1221","代表取締役社長","赤井　克彰","卸売、小売","総合小売","","","50 ～ 100","50,000 ～ 100,000","3,000 ～ 5,000","2024/12","1906/04","2018/02","非公開","7140001109183","加古川,百貨店","SNSツール利用,地域貢献活動を推進している企業,省エネ法対象業者,設立10年以内","",""
"株式会社加古川ヤマトヤシキ友の会","5161081312297","","","","","","","675-0065","兵庫県加古川市加古川町篠原町21-8","","","","","","","","","","","","","","","2140001062115","","","",""
"鹿児島フレーベル株式会社","2557134771099","","","","","","","893-1602","鹿児島県鹿屋市串良町有里3930","","","","","","","","","","","","","","","6340001020585","","","",""
"有限会社加島金物店","1885327641559","","","","","","","290-0225","千葉県市原市牛久1218","","","","","","","","","","","","","","","3040002072766","","","",""
"株式会社かしわくら","7999916933766","","","","","","","952-1311","新潟県佐渡市八幡2120","","","","","","","","","","","","","","","7110001027561","","","",""
"有限会社柏丸源","5130254409898","","","","","","","277-0871","千葉県柏市若柴69-1","","","","","","","","","","","","","","","8040002089475","","","",""
"株式会社鍜治商店","1630178702310","","","","","","","929-0325","石川県河北郡津幡町字加賀爪ホ218","","","","","","","","","","","","","","","3220001017464","","","",""
"合資会社鍛冶屋商店","3316992688558","","","","","","","292-0503","千葉県君津市広岡1194","","","","","","","","","","","","","","","3040003002755","","","",""
"株式会社春日屋","6957027283711","","","","","","","154-0022","東京都世田谷区梅丘一丁目27-7","","","","","","","","","","","","","","","9012701011745","","","",""
"株式会社カスミ","6808519383453","1","2","2025/07/11","0","","https://www.kasumi.co.jp/","305-0831","茨城県つくば市西大橋599-1","029-850-1850","代表取締役社長","山本　慎一郎","卸売、小売","総合小売","","","5,000 ～ 10,000","100,000 ～ 1,000,000","100,000 ～ 300,000","2025/02","","1947/12","非公開","8050001016297","衣料品,スーパーマーケット事業,食料品,小売販売,家庭用品,カスミ,日用品販売,酒類販売,青果販売,食肉販売,ケーキ販売,寿司販売,群馬,埼玉,スーパーマーケット,栃木,東京,千葉,茨城","2026新卒募集企業,2027新卒インターン募集企業,2027新卒募集企業,2028新卒インターン募集企業,DX認定事業者,ISO認定取得企業,SNSツール利用,WEB分析ツール利用,ワークライフバランス重視企業,中途採用企業,働き方改革・ﾀﾞｲﾊﾞｰｼﾃｨｰ推進企業,内部統制・ｺﾝﾌﾟﾗｲｱﾝｽ推進企業,合併企業,売上1000億以上,売上300億円以上,売上50億円以上,従業員500人以上,省エネ法対象業者,表彰企業","Display & Video 360,Floodlight,Font Awesome,Google Fonts,Google アナリティクス,Googleタグマネージャ,Google広告,IM-DMP,Meta広告,Microsoft365,New Relic Browser,RMP,UNPKG,ミエルカヒートマップ",""
"株式会社カズ","8071629413242","","","","","","","306-0221","茨城県古河市駒羽根1397-2","","","","","","","","","","","","","","","6050001018667","","","",""
"株式会社葛野農園","4661211876461","","","","","","","436-0221","静岡県掛川市上垂木8-1","","","","","","","","","","","","","","","9080401014252","","","",""
"株式会社一理","7887174770509","","","","","","","134-0084","東京都江戸川区東葛西七丁目28-13","","","","","","","","","","","","","","","6011701014802","","","",""
"有限会社片岡商店","1567387838856","","","","","","","266-0005","千葉県千葉市緑区誉田町二丁目11-40","","","","","","","","","","","","","","","7040002072779","","","",""
"有限会社片原商店","5326001951553","","","","","","","080-1408","北海道河東郡上士幌町字上士幌東三線237","","","","","","","","","","","","","","","3460102005609","","","",""
"株式会社片町センター","5802119156824","","","","","","","920-0981","石川県金沢市片町二丁目1-3","","","","","","","","","","","","","","","3220001001831","","","",""
"株式会社カタログネットワーク","6294665276859","","","","","","","663-8184","兵庫県西宮市鳴尾町三丁目2-5 HOLLIBLDG2階","","","","","","","","","","","","","","","9120001108838","","","",""
"株式会社カトウ","3043036372303","","","","","","","933-0954","富山県高岡市美幸町二丁目2-7","","","","","","","","","","","","","","","5230001010821","","","",""
"有限会社加藤建商","7336807246083","","","","","","","471-0837","愛知県豊田市新生町二丁目22","","","","","","","","","","","","","","","1180302021741","","","",""
"株式会社加藤酒店","9832908187303","","","","","","","113-0022","東京都文京区千駄木二丁目11-15","","","","","","","","","","","","","","","4010001001827","","","",""
"有限会社加藤茂商店","7195976325644","","","","","","","241-0833","神奈川県横浜市旭区南本宿町39","","","","","","","","","","","","","","","6020002020955","","","",""
"有限会社加藤商店","3778802424507","","","","","","","250-0103","神奈川県南足柄市壗下436","","","","","","","","","","","","","","","9021002054668","","","",""
"株式会社加藤順漬物店","9602458673466","","","","","","","606-0000","京都府京都市左京区大文字町165-2","","","","","","","","","","","","","","","3130001006138","","","",""
"有限会社加藤ストア","3516675914855","","","","","","","372-0823","群馬県伊勢崎市今井町271-2","","","","","","","","","","","","","","","4070002018674","","","",""
"有限会社かとうストアー","9976556264444","","","","","","","719-3144","岡山県真庭市落合垂水239-1","","","","","","","","","","","","","","","2260002033805","","","",""
"株式会社加藤美術店","1192110315720","","","","","","","152-0004","東京都目黒区鷹番三丁目9-11","","","","","","","","","","","","","","","6013201001421","","","",""
"株式会社かとりストアー","6506319683966","","","","","","","856-0811","長崎県大村市原口町1050","","","","","","","","","","","","","","","3310001008719","","","",""
"株式会社カドイケ","3080679359294","","","","","","","411-0000","静岡県駿東郡清水町1033-1","","","","","","","","","","","","","","","8080101000396","","","",""
"有限会社カドゥルガ","8641099909828","","","","","","","156-0044","東京都世田谷区赤堤四丁目6-20","","","","","","","","","","","","","","","9010902024021","","","",""
"有限会社門倉商店","5219396278413","","","","","","","366-0801","埼玉県深谷市上野台347-1","","","","","","","","","","","","","","","8030002116569","","","",""
"株式会社カドヤインベストメント","7445278169735","","","","","","","270-0111","千葉県流山市江戸川台東二丁目31","","","","","","","","","","","","","","","2040002051325","","","",""
"有限会社かどや渡辺商店","2788457709956","","","","","","","272-0812","千葉県市川市若宮二丁目6-7","","","","","","","","","","","","","","","1040002033365","","","",""
"神奈川恵友堂薬品株式会社","5243501080355","","","","","","","241-0805","神奈川県横浜市旭区都岡町16","","","","","","","","","","","","","","","6020001004884","","","",""
"株式会社神奈川ファサード","9964712399623","","","","","","","245-0051","神奈川県横浜市戸塚区名瀬町779-73","","","","","","","","","","","","","","","5020001007269","","","",""
"株式会社金久保商店","2358534540111","","","","","","","047-0021","北海道小樽市入船二丁目4-14","","","","","","","","","","","","","","","1430001049851","","","",""
"株式会社金沢丸越百貨店","7439748102512","","","","","","","920-0855","石川県金沢市武蔵町15-1","","","","","","","","","","","","","","","6220001002182","","","",""
"株式会社カナメ","9882809766786","","","","","","","486-0856","愛知県春日井市梅ケ坪町12","","","","","","","","","","","","","","","4180001081811","","","",""
"金山商事株式会社","4021356818296","","","","","","","507-0818","岐阜県多治見市大畑町二丁目101","","","","","","","","","","","","","","","9200001020547","","","",""
"株式会社カーニバル","7085881176623","","","","","","","808-0137","福岡県北九州市若松区ひびきの南一丁目1-1","","","","","","","","","","","","","","","3290801010991","","","",""
"カネイ商事株式会社","8867370535009","","","","","","","814-0002","福岡県福岡市早良区西新四丁目8-32","","","","","","","","","","","","","","","9290001005077","","","",""
"株式会社カネイチ商店","9229018202657","","","","","","","917-0381","福井県大飯郡おおい町名田庄三重32-38","","","","","","","","","","","","","","","3210001014314","","","",""
"かねか株式会社","8117423287664","","","","","","","969-7201","福島県河沼郡柳津町大字柳津下平乙254","","","","","","","","","","","","","","","1380002034387","","","",""
"有限会社カネカストアー","3349708568137","","","","","","","413-0302","静岡県賀茂郡東伊豆町奈良本842-1","","","","","","","","","","","","","","","8080102021284","","","",""
"株式会社カネキ柏原","1427999039790","","","","","","","093-0042","北海道網走市潮見七丁目16-2","","","","","","","","","","","","","","","6460301003105","","","",""
"有限会社金子水産","4007812172325","","","","","","","178-0063","東京都練馬区東大泉一丁目24-13","","","","","","","","","","","","","","","4011602002676","","","",""
"株式会社金繁嶋村","4503110607672","","","","","","","125-0035","東京都葛飾区南水元一丁目18-10","","","","","","","","","","","","","","","2011801001010","","","",""
"株式会社金十商店","7858306209579","","","","","","","999-1351","山形県西置賜郡小国町大字小国町163","","","","","","","","","","","","","","","5390001011341","","","",""
"株式会社カネタ興産","6542789384892","","","","","","","432-8061","静岡県浜松市中央区入野町9541","","","","","","","","","","","","","","","5080401001262","","","",""
"有限会社金田商店","4896170121445","","","","","","","719-3227","岡山県真庭市台金屋212","","","","","","","","","","","","","","","5260002033645","","","",""
"株式会社カネハチ","2312560597987","","","","","","","421-0421","静岡県牧之原市細江4476-4","","","","","","","","","","","","","","","2080001013933","","","",""
"有限会社兼八金谷金物店","1268548191923","","","","","","","049-3521","北海道山越郡長万部町字長万部39","","","","","","","","","","","","","","","9440002008724","","","",""
"金秀商事株式会社","2184628254689","","","","","","","903-0103","沖縄県中頭郡西原町字小那覇494-1","","","","","","","","","","","","","","","5360001004315","","","",""
"有限会社かねまるセンター","4705601262894","","","","","","","443-0105","愛知県蒲郡市西浦町女松山127-3","","","","","","","","","","","","","","","7180302007033","","","",""
"カネマン田村屋有限会社","6038440769075","","","","","","","384-0085","長野県小諸市大字森山739","","","","","","","","","","","","","","","3100002012344","","","",""
"有限会社カネモ","3231820335085","","","","","","","333-0834","埼玉県川口市大字安行領根岸157-2","","","","","","","","","","","","","","","1030002101791","","","",""
"有限会社かねよし","4033263300593","","","","","","","879-4724","大分県玖珠郡九重町大字菅原1856-8","","","","","","","","","","","","","","","2320002019847","","","",""
"合資会社カネヨセンター","4671746080994","","","","","","","470-2102","愛知県知多郡東浦町大字緒川竹塚13-4","","","","","","","","","","","","","","","6180003012960","","","",""
"株式会社カノー","5458881361181","","","","","","","538-0035","大阪府大阪市鶴見区浜五丁目6-29","","","","","","","","","","","","","","","9120001001646","","","",""
"株式会社協","4626977843408","","","","","","","981-3111","宮城県仙台市泉区松森明神1-1","","","","","","","","","","","","","","","4370001000553","","","",""
"有限会社カノウヤ商店","6702547917946","","","","","","","153-0051","東京都目黒区上目黒二丁目42-11","","","","","","","","","","","","","","","5013202001850","","","",""
"有限会社鹿野川主婦の店","7237208410353","","","","","","","797-1504","愛媛県大洲市肱川町山鳥坂29","","","","","","","","","","","","","","","8500002012225","","","",""
"株式会社アイコー","8603757799980","","","","","","","306-0404","茨城県猿島郡境町大字長井戸原割731-14","","","","","","","","","","","","","","","5050001013842","","","",""
"釜石共栄株式会社","9197639528117","","","","","","","026-0041","岩手県釜石市上中島町二丁目7-36","","","","","","","","","","","","","","","2400001007316","","","",""
"株式会社鎌倉屋","6952127737320","","","","","","","960-2101","福島県福島市さくら一丁目2-1","","","","","","","","","","","","","","","5380001005377","","","",""
"株式会社かましん","8251956589042","","","","","","","321-3531","栃木県芳賀郡茂木町大字茂木5","","","","","","","","","","","","","","","2060001009628","","","",""
"有限会社カマタ","7386525431414","","","","","","","377-0206","群馬県渋川市横堀36-1","","","","","","","","","","","","","","","3070002026075","","","",""
"有限会社かまだ","2465313393916","","","","","","","567-0036","大阪府茨木市上穂積二丁目6-14","","","","","","","","","","","","","","","5120902000493","","","",""
"有限会社釜仁商店","8539363622217","","","","","","","342-0056","埼玉県吉川市平沼一丁目13-15","","","","","","","","","","","","","","","5030002090024","","","",""
"有限会社釜利谷米穀店","5350201741005","","","","","","","236-0042","神奈川県横浜市金沢区釜利谷東六丁目1-14","","","","","","","","","","","","","","","2020002007849","","","",""
"上天草さんぱーる株式会社","5942849086580","","","","","","","869-3603","熊本県上天草市大矢野町中11582-24","","","","","","","","","","","","","","","6330001015479","","","",""
"有限会社上ノ加江スーパーマーケット","6433645933997","","","","","","","789-1302","高知県高岡郡中土佐町上ノ加江2748","","","","","","","","","","","","","","","8490002010692","","","",""
"有限会社神谷商店","2865053596963","","","","","","","246-0025","神奈川県横浜市瀬谷区阿久和西三丁目3-4","","","","","","","","","","","","","","","5020002001238","","","",""
"カミングネット株式会社","3993795847128","","","","","","","417-0033","静岡県富士市島田町二丁目74","","","","","","","","","","","","","","","5080101011058","","","",""
"株式会社かめあし","2231329308611","","","","","","","036-8265","青森県弘前市大字下湯口村元182-3","","","","","","","","","","","","","","","4420001010456","","","",""
"有限会社カメイ","1359536567268","","","","","","","987-0366","宮城県登米市豊里町浦軒54","","","","","","","","","","","","","","","5370402000052","","","",""
"有限会社亀井水道工業所","8831480084461","","","","","","","879-2401","大分県津久見市大字千怒5140","","","","","","","","","","","","","","","8320202000592","","","",""
"有限会社亀尾鮮魚店","3928852895873","","","","","","","080-0317","北海道河東郡音更町緑陽台仲区30","","","","","","","","","","","","","","","3460102000782","","","",""
"株式会社亀賞","5429286999720","","","","","","","368-0005","埼玉県秩父市大野原962 1F","","","","","","","","","","","","","","","8030001091747","","","",""
"亀田産業株式会社","4194827947560","","","","","","","296-0041","千葉県鴨川市東町1374","","","","","","","","","","","","","","","5040001074150","","","",""
"協同組合亀甲ショッピングセンター","5465547653808","","","","","","","709-3717","岡山県久米郡美咲町原田1933-5","","","","","","","","","","","","","","","8260005006521","","","",""
"有限会社亀屋","9348051089218","","","","","","","666-0033","兵庫県川西市栄町25-1 アステ川西2F","","","","","","","","","","","","","","","7140002064394","","","",""
"株式会社亀屋","4001178679830","","","","","","","028-3101","岩手県花巻市石鳥谷町好地第五地割47-1","","","","","","","","","","","","","","","9400001005874","","","",""
"協同組合加悦谷ショッピングセンター","6340267748929","","","","","","","629-2413","京都府与謝郡与謝野町字温江小字仲縄5","","","","","","","","","","","","","","","3130005009475","","","",""
"株式会社かやの商店","3284365526107","","","","","","","110-0005","東京都台東区上野四丁目2-4","","","","","","","","","","","","","","","5010501002919","","","",""
"株式会社カラーポイント","6433334486916","","","","","","","155-0033","東京都世田谷区代田四丁目1-13 9G","","","","","","","","","","","","","","","5010902017350","","","",""
"有限会社ＣＡＬＩＤＡＤ","6559866752049","","","","","","","275-0001","千葉県習志野市東習志野四丁目1-7","","","","","","","","","","","","","","","6040002019566","","","",""
"株式会社カルチヤー","3726192648883","","","","","","","370-3345","群馬県高崎市上里見町30","","","","","","","","","","","","","","","5070001006571","","","",""
"有限会社カワグチ","2308563495521","","","","","","","284-0001","千葉県四街道市大日63-14","","","","","","","","","","","","","","","7040002062029","","","",""
"株式会社カワグチ","8671459010631","","","","","","","260-0041","千葉県千葉市中央区東千葉二丁目1-7","","","","","","","","","","","","","","","2040001008854","","","",""
"河口湖商業開発株式会社","8887990406639","","","","","","","401-0301","山梨県南都留郡富士河口湖町船津2986","","","","","","","","","","","","","","","7090001009645","","","",""
"河口湖ショッピングセンター株式会社","9416114127541","","","","","","","401-0301","山梨県南都留郡富士河口湖町船津2986","","","","","","","","","","","","","","","5090001010679","","","",""
"株式会社カワサキ","8439032996283","","","","","","","315-0031","茨城県石岡市東大橋3220-1","","","","","","","","","","","","","","","7050001000756","","","",""
"有限会社川崎商店","4857896679610","","","","","","","739-0445","広島県廿日市市塩屋一丁目10-1","","","","","","","","","","","","","","","7240002037885","","","",""
"株式会社川食","7064486422370","","","","","","","827-0004","福岡県田川郡川崎町大字田原335-14","","","","","","","","","","","","","","","5290801016509","","","",""
"株式会社川治屋","6697707715526","","","","","","","210-0006","神奈川県川崎市川崎区砂子二丁目4-8","","","","","","","","","","","","","","","4020001072330","","","",""
"株式会社かわた","4971502485119","","","","","","","278-0017","千葉県野田市大殿井150-210","","","","","","","","","","","","","","","1040001072439","","","",""
"有限会社川田屋","7061172427628","","","","","","","863-0025","熊本県天草市古川町1-16","","","","","","","","","","","","","","","3330002028391","","","",""
"有限会社かわちや","3737295316872","","","","","","","770-0934","徳島県徳島市秋田町六丁目30","","","","","","","","","","","","","","","2480002001624","","","",""
"かわちや株式会社","4144277300077","","","","","","","965-0875","福島県会津若松市米代二丁目6-36","","","","","","","","","","","","","","","3380001019107","","","",""
"有限会社河内屋","3816353967502","","","","","","","319-3526","茨城県久慈郡大子町大字大子706-1","","","","","","","","","","","","","","","4050002035911","","","",""
"有限会社河津商店","8735900327381","","","","","","","877-0036","大分県日田市三芳小渕町131","","","","","","","","","","","","","","","2320002019087","","","",""
"株式会社河德商店","2242929002653","","","","","","","428-0104","静岡県島田市川根町家山657-4","","","","","","","","","","","","","","","8080001013473","","","",""
"株式会社川徳友の会","2288231443844","","","","","","","020-0024","岩手県盛岡市菜園一丁目10-1","","","","","","","","","","","","","","","4400001000467","","","",""
"有限会社川登屋","4153380996380","","","","","","","505-0005","岐阜県美濃加茂市蜂屋町中蜂屋2499-2","","","","","","","","","","","","","","","9200002015991","","","",""
"株式会社かわねや","9299647814067","","","","","","","313-0014","茨城県常陸太田市木崎二町874","","","","","","","","","","","","","","","6050001026505","","","",""
"川畑株式会社","9501542936726","","","","","","","350-0032","埼玉県川越市大字大仙波635-1","","","","","","","","","","","","","","","6030001054516","","","",""
"株式会社かわばた","7609828055647","","","","","","","928-0001","石川県輪島市河井町二十四部11-35","","","","","","","","","","","","","","","7220001016495","","","",""
"有限会社かわひら","4098143506287","","","","","","","900-0036","沖縄県那覇市西一丁目12-16","","","","","","","","","","","","","","","5360002001360","","","",""
"株式会社カワベ","5953836153936","","","","","","","678-0052","兵庫県相生市大島町1-12","","","","","","","","","","","","","","","9140001039767","","","",""
"株式会社川又商会","6145562834448","","","","","","","386-0012","長野県上田市中央三丁目11-3","","","","","","","","","","","","","","","7100001028494","","","",""
"有限会社川松屋商店","2306373066950","","","","","","","949-8551","新潟県十日町市馬場丁1664 丁","","","","","","","","","","","","","","","8110002026090","","","",""
"有限会社かわむら","7311505339832","","","","","","","779-3244","徳島県名西郡石井町浦庄下浦236-2","","","","","","","","","","","","","","","3480002005434","","","",""
"有限会社川村魚店","8388327101095","","","","","","","321-2411","栃木県日光市大桑町39","","","","","","","","","","","","","","","3060002014766","","","",""
"有限会社かわむらストア","3406265286142","","","","","","","020-0111","岩手県盛岡市黒石野二丁目5-8","","","","","","","","","","","","","","","5400002000894","","","",""
"有限会社川本屋食料品店","4140823006393","","","","","","","369-1107","埼玉県深谷市畠山1541","","","","","","","","","","","","","","","7030002116090","","","",""
"韓国農協インターナショナル株式会社","8853212052698","","","","","","","160-0022","東京都新宿区新宿六丁目28-8","","","","","","","","","","","","","","","8011001033352","","","",""
"株式会社韓国広場","8254608657801","","","","","","","169-0072","東京都新宿区大久保一丁目12-1","","","","","","","","","","","","","","","9011101009598","","","",""
"株式会社関西ケーズデンキ","9623457074032","","","","","","","310-0803","茨城県水戸市城南二丁目7-5","","","","","","","","","","","","","","","7050001005202","","","",""
"株式会社関西シジシー","4609595275452","","","","","","","541-0047","大阪府大阪市中央区淡路町三丁目3-10","","","","","","","","","","","","","","","9120001009937","","","",""
"有限会社神田一","1482736280420","","","","","","","660-0884","兵庫県尼崎市神田中通五丁目193","","","","","","","","","","","","","","","1140002044617","","","",""
"有限会社神田商会","6315150687091","","","","","","","847-0000","佐賀県唐津市新興町166","","","","","","","","","","","","","","","5300002010227","","","",""
"有限会社かんだストアー","5691004535745","","","","","","","957-0054","新潟県新発田市本町三丁目5-28","","","","","","","","","","","","","","","8110002014970","","","",""
"有限会社カンダストアー","3759443054285","","","","","","","959-0232","新潟県燕市吉田東栄町31-30","","","","","","","","","","","","","","","7110002018898","","","",""
"株式会社神田貿易","7071558716987","","","","","","","536-0023","大阪府大阪市城東区東中浜九丁目12-2","","","","","","","","","","","","","","","3120001183374","","","",""
"株式会社神田楽市","5082419081751","","","","","","","879-1311","大分県杵築市山香町大字内河野2543-1","","","","","","","","","","","","","","","2320001008743","","","",""
"株式会社関東ダイコク","8879377333748","","","","","","","542-0071","大阪府大阪市中央区道頓堀二丁目2-1","","","","","","","","","","","","","","","4120001130747","","","",""
"有限会社カントリーグレイン","3678270572943","","","","","","","739-2302","広島県東広島市福富町下竹仁225-2","","","","","","","","","","","","","","","4240002027443","","","",""
"有限会社神野商店","7360679523187","","","","","","","049-4501","北海道久遠郡せたな町北檜山区北檜山367","","","","","","","","","","","","","","","3440002009001","","","",""
"株式会社神文ストア","4559009407301","","","","","","","021-0902","岩手県一関市萩荘下モ下釜55-1","","","","","","","","","","","","","","","8400501000095","","","",""
"有限会社甘味喫茶若竹","3548217443694","","","","","","","802-0007","福岡県北九州市小倉北区船場町1-1 井筒屋内新館4F","","","","","","","","","","","","","","","1290802001414","","","",""
"漢和国際株式会社","4309525937111","","","","","","","332-0023","埼玉県川口市飯塚一丁目10-20","","","","","","","","","","","","","","","5030001074705","","","",""
"ガイア株式会社","2366591283719","","","","","","","240-0105","神奈川県横須賀市秋谷5260-17","","","","","","","","","","","","","","","3011001050369","","","",""
"ガイアモーレ株式会社","9095374096415","","","","","","","102-0071","東京都千代田区富士見二丁目6-9 雄山閣ビル4F","","","","","","","","","","","","","","","9010001102876","","","",""
"合資会社ガーデンハラ","3435419551986","","","","","","","153-0051","東京都目黒区上目黒三丁目1-1","","","","","","","","","","","","","","","7013203000123","","","",""
"株式会社ガトーＳＨＩＲＡＨＡＭＡ","8246439119392","","","","","","","063-0038","北海道札幌市西区西野八条三丁目3-59","","","","","","","","","","","","","","","6430001059508","","","",""
"株式会社がんばる舎","6913874641027","","","","","","","543-0051","大阪府大阪市天王寺区四天王寺一丁目13-1","","","","","","","","","","","","","","","6120101040373","","","",""
"株式会社ガンピー","7809000318569","","","","","","","668-0000","兵庫県豊岡市日高町国分寺千田ケ坪228-1","","","","","","","","","","","","","","","1140001055862","","","",""
"株式会社季がさね緑園","6846993982385","","","","","","","945-0835","新潟県柏崎市剣野町24-17-8","","","","","","","","","","","","","","","4110001031392","","","",""
"木川公設市場協同組合","4043459308037","","","","","","","532-0023","大阪府大阪市淀川区十三東四丁目1-7 木川公設市場内","","","","","","","","","","","","","","","1120005005849","","","",""
"木川商事株式会社","4103418916087","","","","","","","144-0051","東京都大田区西蒲田七丁目5-3","","","","","","","","","","","","","","","7010801002963","","","",""
"キクカワストアー有限会社","9437128302088","","","","","","","656-0501","兵庫県南あわじ市福良甲1530-16","","","","","","","","","","","","","","","3140002069983","","","",""
"株式会社キクコウストア","5149908552765","","","","","","","028-0541","岩手県遠野市松崎町白岩十三地割8-12","","","","","","","","","","","","","","","5400001006637","","","",""
"有限会社きくたや","4121920963606","","","","","","","963-6204","福島県石川郡浅川町大字浅川本町40-1","","","","","","","","","","","","","","","6380002021208","","","",""
"有限会社菊池商店","1640463342752","","","","","","","025-0304","岩手県花巻市湯本第十五地割7","","","","","","","","","","","","","","","6400002008045","","","",""
"株式会社菊地百貨店","2693385240409","","","","","","","324-0055","栃木県大田原市新富町一丁目1-1","","","","","","","","","","","","","","","1060001012789","","","",""
"有限会社菊屋","2477140639251","","","","","","","865-0136","熊本県玉名郡和水町江田4172-1","","","","","","","","","","","","","","","4330002021305","","","",""
"株式会社きくや","2440892781460","","","","","","","125-0052","東京都葛飾区柴又六丁目35-6","","","","","","","","","","","","","","","5011801001123","","","",""
"有限会社菊屋","1658484420455","","","","","","","160-0023","東京都新宿区西新宿七丁目12-2","","","","","","","","","","","","","","","2011102015528","","","",""
"有限会社菊勇ストアー","2236170854136","","","","","","","182-0022","東京都調布市国領町二丁目7-1","","","","","","","","","","","","","","","6021002034846","","","",""
"株式会社キシショッピングセンター","6951751381150","","","","","","","491-0804","愛知県一宮市千秋町佐野2796-1","","","","","","","","","","","","","","","7180002080000","","","",""
"株式会社岸田","1596810074153","","","","","","","059-1501","北海道勇払郡安平町早来大町34","","","","","","","","","","","","","","","5430001052810","","","",""
"株式会社キシフォート","3267185856837","","","","","","","144-0051","東京都大田区西蒲田七丁目66-4 サンライズ蒲田店4F","","","","","","","","","","","","","","","3010701002497","","","",""
"有限会社季節や","7859370441895","","","","","","","007-0863","北海道札幌市東区伏古三条四丁目1-34","","","","","","","","","","","","","","","5430002036952","","","",""
"有限会社きたがわ","1570929611205","","","","","","","036-0212","青森県平川市尾上栄松17-1","","","","","","","","","","","","","","","1420002015936","","","",""
"有限会社キタグチ","4417272652280","","","","","","","546-0031","大阪府大阪市東住吉区田辺三丁目21-24","","","","","","","","","","","","","","","9120002066168","","","",""
"株式会社北庄","6133632785002","","","","","","","582-0006","大阪府柏原市清州二丁目3-23","","","","","","","","","","","","","","","5122001020869","","","",""
"合資会社北商店","1759043799227","","","","","","","080-0022","北海道帯広市西十二条南十八丁目2","","","","","","","","","","","","","","","8460103000034","","","",""
"北田辺公設市場協同組合","5399082254265","","","","","","","546-0044","大阪府大阪市東住吉区北田辺四丁目24-1 北田辺公設市場内","","","","","","","","","","","","","","","4120005005846","","","",""
"株式会社キタダ","7985164184767","","","","","","","596-0816","大阪府岸和田市尾生町659","","","","","","","","","","","","","","","4120101036547","","","",""
"株式会社北ダイコク","6030136716352","","","","","","","542-0071","大阪府大阪市中央区道頓堀二丁目2-1","","","","","","","","","","","","","","","5120001130746","","","",""
"株式会社北長野ショッピングセンター","5416754805746","","","","","","","381-0043","長野県長野市吉田三丁目22-1","","","","","","","","","","","","","","","6100001000743","","","",""
"株式会社北の国から","9604372078200","","","","","","","038-3644","青森県北津軽郡板柳町大字横沢花岡32-5-2","","","","","","","","","","","","","","","4420001010373","","","",""
"北乃屋商事株式会社","3025733792273","","","","","","","561-0875","大阪府豊中市長興寺北一丁目4-21","","","","","","","","","","","","","","","3120901030122","","","",""
"有限会社北原商店","2595646204806","","","","","","","390-1241","長野県松本市大字新村3311","","","","","","","","","","","","","","","2100002019737","","","",""
"株式会社キタミタグチ","2369100322833","","","","","","","157-0067","東京都世田谷区喜多見八丁目13-7","","","","","","","","","","","","","","","1010901003082","","","",""
"株式会社木田屋商店","6534805447538","","","","","","","279-0002","千葉県浦安市北栄三丁目31-3","","","","","","","","","","","","","","","8040001029424","","","",""
"株式会社吉商","6388636704628","","","","","","","101-0051","東京都千代田区神田神保町一丁目103-2006","","","","","","","","","","","","","","","4010001014762","","","",""
"有限会社キド本店","6335477050413","","","","","","","311-3114","茨城県東茨城郡茨城町大字大戸3830-3","","","","","","","","","","","","","","","4050002003769","","","",""
"有限会社絹工房かねちか","8017769933224","","","","","","","763-0043","香川県丸亀市通町117-4","","","","","","","","","","","","","","","2470002013967","","","",""
"株式会社キヌヤ","9064661850234","","","","","","","698-0023","島根県益田市常盤町4-38","","","","","","","","","","","","","","","1280001004995","","","",""
"合資会社絹屋洋品店","1582169225192","","","","","","","431-0431","静岡県湖西市鷲津722-18","","","","","","","","","","","","","","","4080403000412","","","",""
"株式会社木内","1342631665582","","","","","","","010-0001","秋田県秋田市中通一丁目3-1","","","","","","","","","","","","","","","9410001000957","","","",""
"木内商事株式会社","1607794783000","","","","","","","771-0204","徳島県板野郡北島町鯛浜原82-3","","","","","","","","","","","","","","","1480001005263","","","",""
"有限会社甲子屋","1938055840646","","","","","","","349-1212","埼玉県加須市麦倉1190","","","","","","","","","","","","","","","3030002039989","","","",""
"株式会社紀の国屋","5766320614797","","","","","","","976-0042","福島県相馬市中村田町1","","","","","","","","","","","","","","","2380001031509","","","",""
"株式会社紀ノ國屋","7815507931762","","","","","","","162-0842","東京都新宿区市谷砂土原町三丁目5 偕成ビル3階","","","","","","","","","","","","","","","1010401087320","","","",""
"有限会社キーノート・プランニング","8837492578980","","","","","","","164-0013","東京都中野区弥生町三丁目34-8 TKビルB1","","","","","","","","","","","","","","","6011202001671","","","",""
"吉備学習システム販売株式会社","7757543421218","","","","","","","700-0924","岡山県岡山市北区大元二丁目3-4","","","","","","","","","","","","","","","5260001001999","","","",""
"株式会社希望が丘センタービル","8479442801193","","","","","","","241-0825","神奈川県横浜市旭区中希望が丘100-4","","","","","","","","","","","","","","","7020001004941","","","",""
"株式会社希望の店","3717335167835","","","","","","","889-4412","宮崎県西諸県郡高原町大字西麓625-15","","","","","","","","","","","","","","","4350001009919","","","",""
"有限会社キーポイント","1955911635844","","","","","","","362-0045","埼玉県上尾市向山一丁目60-40","","","","","","","","","","","","","","","1030002004029","","","",""
"株式会社きむら","3257622688060","","","","","","","187-0043","東京都小平市学園東町二丁目7-6","","","","","","","","","","","","","","","4012701000224","","","",""
"有限会社キムラ商会","1132234733272","","","","","","","497-0004","愛知県あま市七宝町桂薮之内58","","","","","","","","","","","","","","","7180002092284","","","",""
"株式会社木村商店","1142431434066","","","","","","","534-0027","大阪府大阪市都島区中野町四丁目10-17 ファミリーマート木村都島店","","","","","","","","","","","","","","","9120001007288","","","",""
"木村住設株式会社","4457550726648","","","","","","","121-0062","東京都足立区南花畑三丁目6-1","","","","","","","","","","","","","","","5011801033884","","","",""
"株式会社木村ストア","7314748204747","","","","","","","999-3764","山形県東根市神町東一丁目10-41","","","","","","","","","","","","","","","3390001009395","","","",""
"株式会社木村チェーン","5886699350977","","","","","","","792-0804","愛媛県新居浜市田所町7-23","","","","","","","","","","","","","","","4500001009770","","","",""
"有限会社キムラヤ","9425306624887","","","","","","","415-0153","静岡県賀茂郡南伊豆町手石746-2","","","","","","","","","","","","","","","5080102021469","","","",""
"有限会社亀村屋","7240558435092","","","","","","","230-0071","神奈川県横浜市鶴見区駒岡三丁目4-28","","","","","","","","","","","","","","","2020002037615","","","",""
"株式会社木村屋商店","8370341073207","","","","","","","290-0062","千葉県市原市八幡1286","","","","","","","","","","","","","","","8040001053812","","","",""
"株式会社きものゑん","9453034573642","","","","","","","629-2303","京都府与謝郡与謝野町字石川953","","","","","","","","","","","","","","","1130001040634","","","",""
"キャタピラー・ファイナンス株式会社","9957351871969","","","","","","","220-0012","神奈川県横浜市西区みなとみらい三丁目7-1","","","","","","","","","","","","","","","3010901016066","","","",""
"株式会社キャナルシティ・オーパ","5317463048719","","","","","","","261-0023","千葉県千葉市美浜区中瀬二丁目6-1","","","","","","","","","","","","","","","9290001020340","","","",""
"株式会社キャニオン","3206386911298","","","","","","","861-1307","熊本県菊池市片角290","","","","","","","","","","","","","","","7330005003090","","","",""
"株式会社Ｑ＆Ｄｅｖｅｌｏｐｍｅｎｔ","9207353267062","","","","","","","194-0035","東京都町田市忠生一丁目10-4","","","","","","","","","","","","","","","6012301005646","","","",""
"有限会社久幸メディカル・サービス","5165725979410","","","","","","","010-0146","秋田県秋田市下新城中野琵琶沼235-3","","","","","","","","","","","","","","","6410002001239","","","",""
"九州住器株式会社","7721959595522","","","","","","","811-1123","福岡県福岡市早良区内野一丁目1-37","","","","","","","","","","","","","","","6290001018585","","","",""
"協同組合九州特選会","1708719985403","","","","","","","861-8039","熊本県熊本市東区長嶺南四丁目4-60","","","","","","","","","","","","","","","2330005002436","","","",""
"有限会社九州パワーグループ","6124158515245","","","","","","","812-0896","福岡県福岡市博多区東光寺町一丁目19-22","","","","","","","","","","","","","","","1290002020875","","","",""
"有限会社九州美包","5849379608717","","","","","","","811-1323","福岡県福岡市南区弥永三丁目21-1","","","","","","","","","","","","","","","6290002001854","","","",""
"株式会社九州村本舗","6186968833265","","","","","","","849-0303","佐賀県小城市牛津町牛津11-6","","","","","","","","","","","","","","","6300001008056","","","",""
"株式会社キュウ・セレクション","5316926405009","","","","","","","107-0052","東京都港区赤坂二丁目20-15","","","","","","","","","","","","","","","1010401083971","","","",""
"株式会社ＱＶＣジャパン","2090874518918","","","","","","","261-0021","千葉県千葉市美浜区ひび野二丁目1-1","","","","","","","","","","","","","","","9040001008641","","","",""
"株式会社キューピット","8980547498425","","","","","","","950-0864","新潟県新潟市東区紫竹七丁目12-1","","","","","","","","","","","","","","","3110001001685","","","",""
"株式会社キューピット大和","6723752893442","","","","","","","949-7302","新潟県南魚沼市浦佐1153-1","","","","","","","","","","","","","","","5110001026268","","","",""
"有限会社Ｑ‐ＬＯＧＩＣ","4227204530934","","","","","","","180-0004","東京都武蔵野市吉祥寺本町一丁目31-13 アサカビル5F","","","","","","","","","","","","","","","7010902022885","","","",""
"株式会社共栄商事","8466359985511","","","","","","","716-0045","岡山県高梁市中原町1084-1","","","","","","","","","","","","","","","8260001018859","","","",""
"有限会社キョウエイフォー","6292802347853","","","","","","","273-0045","千葉県船橋市山手二丁目7-20 104号","","","","","","","","","","","","","","","9040002095431","","","",""
"有限会社キョウダイジャパン","3225502283912","","","","","","","141-0022","東京都品川区東五反田一丁目13-12","","","","","","","","","","","","","","","5010702011982","","","",""
"京都きもの株式会社","7284795141018","","","","","","","606-8335","京都府京都市左京区岡崎天王町61-5","","","","","","","","","","","","","","","6130001019392","","","",""
"株式会社京都通販","8969563147984","","","","","","","601-8127","京都府京都市南区上鳥羽北花名町1-3","","","","","","","","","","","","","","","9130001023342","","","",""
"京都貿易株式会社","4126016598281","","","","","","","613-0916","京都府京都市伏見区淀美豆町270-45","","","","","","","","","","","","","","","8130001055246","","","",""
"協同組合秋田市民市場","8726920571956","","","","","","","010-0001","秋田県秋田市中通四丁目7-35","","","","","","","","","","","","","","","9410005000045","","","",""
"協同組合墨染スーパー","8631562109707","","","","","","","612-0044","京都府京都市伏見区深草北新町637","","","","","","","","","","","","","","","1130005003224","","","",""
"有限会社郷土物産","9790502454440","","","","","","","468-0001","愛知県名古屋市天白区植田山二丁目402","","","","","","","","","","","","","","","2180002036527","","","",""
"株式会社京福堂","2440729152197","","","","","","","550-0004","大阪府大阪市西区靱本町二丁目3-2 なにわ筋本町MIDビル10階","","","","","","","","","","","","","","","2130001051572","","","",""
"有限会社京町食品店","2074614863539","","","","","","","240-0002","神奈川県横浜市保土ケ谷区宮田町一丁目5-4","","","","","","","","","","","","","","","2020002023508","","","",""
"有限会社京屋本店","5642824117314","","","","","","","340-0034","埼玉県草加市氷川町499-3","","","","","","","","","","","","","","","1030002043893","","","",""
"生活協同組合共立社","8316150813114","","","","","","","997-0011","山形県鶴岡市宝田一丁目3-23","","","","","","","","","","","","","","","1390005004031","","","",""
"協和産業株式会社","6770333186417","","","","","","","545-0003","大阪府大阪市阿倍野区美章園二丁目19-20","","","","","","","","","","","","","","","1120001030545","","","",""
"協和商事株式会社","8218862063721","","","","","","","314-0343","茨城県神栖市土合本町四丁目9809-442","","","","","","","","","","","","","","","9050001020934","","","",""
"株式会社キヨーエー","1182271560262","","","","","","","069-0831","北海道江別市野幌若葉町20-20","","","","","","","","","","","","","","","8430001042429","","","",""
"株式会社キョーエイ","6227589491727","","","","","","","771-0130","徳島県徳島市川内町加賀須野463-15","","","","","","","","","","","","","","","1480001000545","","","",""
"株式会社きょくとう","5535748874625","","","","","","","812-0863","福岡県福岡市博多区金の隈一丁目28-53","","","","","","","","","","","","","","","7290001012793","","","",""
"鏡原産業株式会社","9540474303770","","","","","","","901-0151","沖縄県那覇市鏡原町27-1","","","","","","","","","","","","","","","9360001000797","","","",""
"株式会社キヨミ","7092598352296","","","","","","","413-0002","静岡県熱海市伊豆山579-1","","","","","","","","","","","","","","","4080101012651","","","",""
"株式会社キョーモ","7814703981203","","","","","","","170-0001","東京都豊島区西巣鴨四丁目21-8","","","","","","","","","","","","","","","4011501021777","","","",""
"株式会社キラヤ","5117206508745","","","","","","","395-0000","長野県飯田市上溝2910-18","","","","","","","","","","","","","","","7100001022381","","","",""
"有限会社霧島屋","6049583993401","","","","","","","899-4201","鹿児島県霧島市霧島田口2458-8","","","","","","","","","","","","","","","2340002013567","","","",""
"株式会社きれいとげんき研究所","6902285382237","","","","","","","260-0027","千葉県千葉市中央区新田町1-10","","","","","","","","","","","","","","","1040001000523","","","",""
"株式会社きれいプラザ","5104827455500","","","","","","","752-0933","山口県下関市長府松小田本町14-4","","","","","","","","","","","","","","","3250001007553","","","",""
"協同組合貴和流通チェーン","5102340495572","","","","","","","035-0073","青森県むつ市中央一丁目22-1","","","","","","","","","","","","","","","2420005006592","","","",""
"近畿経営協会合同会社","1561232730563","","","","","","","607-8451","京都府京都市山科区厨子奥若林町45","","","","","","","","","","","","","","","5130003004625","","","",""
"近畿商事株式会社","4622682484890","","","","","","","557-0004","大阪府大阪市西成区萩之茶屋二丁目8-16","","","","","","","","","","","","","","","2120001003277","","","",""
"株式会社近畿ダイコク","9192572191995","","","","","","","542-0071","大阪府大阪市中央区道頓堀二丁目2-1","","","","","","","","","","","","","","","7120001183404","","","",""
"株式会社キング・ストア","1695992466590","","","","","","","040-0013","北海道函館市千代台町2-4","","","","","","","","","","","","","","","4440001000505","","","",""
"株式会社金虎企画","8250829978871","","","","","","","337-0004","埼玉県さいたま市見沼区卸町一丁目30","","","","","","","","","","","","","","","7030002016919","","","",""
"株式会社金庫屋商店","5851477008109","","","","","","","253-0114","神奈川県高座郡寒川町田端677","","","","","","","","","","","","","","","8021001006290","","","",""
"株式会社錦糸町ステーシヨンビル","2394803504648","","","","","","","130-0022","東京都墨田区江東橋三丁目14-5","","","","","","","","","","","","","","","6010601011752","","","",""
"株式会社近商ストア","6841269386584","3","4","2025/11/14","0","","https://www.kinshostore.co.jp/","580-0016","大阪府松原市上田三丁目8-28","072-338-3800","代表取締役","上田　尚義","卸売、小売","総合小売","","","1,000 ～ 3,000","100,000 ～ 1,000,000","50,000 ～ 100,000","2025/03","1953/09","1953/09","非公開","3120101026862","スーパーマーケット,ポイントカレンダー,アカシア,KINSHO,ハーベスト,ハーベス,関西,ストアブランド,近商ストア,京都,大阪,スーパーマーケットKINSHO,食品,奈良","2026新卒募集企業,2027新卒インターン募集企業,2027新卒募集企業,キャッシュレス決済導入企業,キャンペーン実施企業,中途採用企業,売上300億円以上,売上50億円以上,従業員500人以上,新商品リリース企業,省エネ法対象業者","Display & Video 360,FortiMail,GMOグローバルサイン,Google Cloud CDN,Google Fonts,Google Play,Google アナリティクス,Googleタグマネージャ,Google広告,Microsoft365,YouTube",""
"株式会社近新","7221090938913","","","","","","","523-0035","滋賀県近江八幡市東横関町西押見383","","","","","","","","","","","","","","","9160001010718","","","",""
"株式会社近新友の会","1475777837883","","","","","","","523-0035","滋賀県近江八幡市東横関町西押見383","","","","","","","","","","","","","","","2160001010724","","","",""
"株式会社近鉄百貨店","1348246749678","9","21","2025/07/11","0","","https://www.d-kintetsu.co.jp/corporate/index.php","545-0052","大阪府大阪市阿倍野区阿倍野筋一丁目1-43","06-6624-1111","代表取締役 社長執行役員","梶間隆弘","卸売、小売","総合小売","","","3,000 ～ 5,000","10,000,000 ～ 100,000,000","50,000 ～ 100,000","2025/02","1920/01","1934/09","公開","3120001098201","商業開発事業,地域商社事業,フランチャイズ事業,商業施設運営","2026新卒募集企業,2027新卒インターン募集企業,2027新卒募集企業,CSRに力を入れている企業,中途採用企業,全省庁統一資格保有企業,内部統制・ｺﾝﾌﾟﾗｲｱﾝｽ推進企業,営業職募集企業,売上300億円以上,売上50億円以上,展示会その他,展示会人事経営,展示会全体,従業員500人以上,新商品リリース企業,省エネ法対象業者,表彰企業","Cuenote,Display & Video 360,Google Fonts,Google Site Verification,Google アナリティクス,Google広告,NaviPlusリタゲメール,Proofpoint Email Protection,SHANON MARKETING PLATFORM,ecbeing,フューチャーカートリカバリー",""
"株式会社近鉄リテーリング","6219187749207","","","","","","","543-0001","大阪府大阪市天王寺区上本町六丁目5-13","","","","","","","","","","","","","","","4120001023117","","","",""
"キンバレー株式会社","9440037658919","","","","","","","104-0061","東京都中央区銀座一丁目19-7 JRE銀座1丁目イーストビル6階","","","","","","","","","","","","","","","6010401090690","","","",""
"株式会社金福","6234093785673","","","","","","","808-0133","福岡県北九州市若松区大字大鳥居462-1","","","","","","","","","","","","","","","5290801017655","","","",""
"株式会社キンブル","6509929879827","","","","","","","466-0015","愛知県名古屋市昭和区御器所通一丁目6-3","","","","","","","","","","","","","","","7180001025039","","","",""
"株式会社岐東ファミリーデパート","5157070596606","","","","","","","509-5142","岐阜県土岐市泉町久尻42-11","","","","","","","","","","","","","","","9200001021272","","","",""
"ギフトシード株式会社","1047515129875","","","","","","","730-0013","広島県広島市中区八丁堀11-10 4F","","","","","","","","","","","","","","","8240001021872","","","",""
"株式会社ギフトの鈴屋","5064027983354","","","","","","","424-0847","静岡県静岡市清水区大坪二丁目1-26","","","","","","","","","","","","","","","6080001012345","","","",""
"有限会社ギャラリーアキコ","2760997874906","","","","","","","795-0054","愛媛県大洲市中村246-1 アクトピア大洲3F","","","","","","","","","","","","","","","5500002011659","","","",""
"株式会社ぎゅーとら","3102492329268","","","","","","","515-0505","三重県伊勢市西豊浜町655-18","","","","","","","","","","","","","","","5190001006584","","","",""
"協同組合銀座百店会","8340255519792","","","","","","","104-0061","東京都中央区銀座四丁目2-6","","","","","","","","","","","","","","","7010005001333","","","",""
"株式会社銀座明倫館","3484920602168","","","","","","","104-0061","東京都中央区銀座八丁目10-7 東成ビル5階","","","","","","","","","","","","","","","2010001058753","","","",""
"株式会社ギンザヤジマ","4461649740366","","","","","","","157-0066","東京都世田谷区成城五丁目19-3","","","","","","","","","","","","","","","6010001088664","","","",""
"株式会社銀ビルストアー","6463021644360","0","1","2024/11/14","0","","https://bon-maru.com/","670-0912","兵庫県姫路市南町31","079-288-0001","代表取締役","大塚兼史","卸売、小売","総合小売","","","300 ～ 500","10,000 ～ 50,000","","","1956/05","1956/05","非公開","5140001058507","生鮮食品販売,日用品販売,生鮮パワー,ボン・マルシェ,プチマルシェ,ボン,スーパーマーケット,姫路,マルシェ,播州","2026新卒募集企業,2027新卒インターン募集企業,2027新卒募集企業,SDGs・ESG推進企業,SNSツール利用,中途採用企業,地域貢献活動を推進している企業,売上50億円以上,決算官報公告企業,省エネ法対象業者,補助金受領企業","Display & Video 360,Google Developers,Google Fonts,Google アナリティクス,Google アナリティクス 4 プロパティ,Google アナリティクス(gtag),Googleタグマネージャ,Google広告,Instagram,LINE公式アカウント,YubinBango,さくらインターネット DNS",""
"株式会社久井百貨店","3594406779411","","","","","","","722-1304","広島県三原市久井町江木102-10","","","","","","","","","","","","","","","7240001040122","","","",""
"株式会社クー・インターナショナル金沢","1072849000518","","","","","","","104-0061","東京都中央区銀座三丁目11-18","","","","","","","","","","","","","","","4220001002754","","","",""
"株式会社空港専門大店","5996884978967","","","","","","","530-0001","大阪府大阪市北区梅田一丁目8-17","","","","","","","","","","","","","","","7120001063069","","","",""
"クオリ株式会社","6019411201399","","","","","","","061-3204","北海道石狩市花川南四条一丁目49-4","","","","","","","","","","","","","","","7430001047569","","","",""
"株式会社クォリティ・ホーム","3594629689404","","","","","","","761-0101","香川県高松市春日町1653-3","","","","","","","","","","","","","","","7470001004566","","","",""
"有限会社久我商店","5136549226019","","","","","","","846-0012","佐賀県多久市東多久町大字別府5325","","","","","","","","","","","","","","","6300002004995","","","",""
"クサカベ電機株式会社","3041136336437","","","","","","","192-0045","東京都八王子市大和田町六丁目24-8","","","","","","","","","","","","","","","8010101001013","","","",""
"有限会社草川塗装店","8476569418162","","","","","","","739-0007","広島県東広島市西条土与丸一丁目3-14","","","","","","","","","","","","","","","6240002027549","","","",""
"草津都市開発株式会社","7467719986796","","","","","","","525-0032","滋賀県草津市大路一丁目1-1","","","","","","","","","","","","","","","3160001012785","","","",""
"株式会社楠本商店","5424297431689","","","","","","","150-0043","東京都渋谷区道玄坂一丁目5-2","","","","","","","","","","","","","","","8011001006647","","","",""
"有限会社くすりのエンゼル","9979457851287","","","","","","","527-0042","滋賀県東近江市外町561-2","","","","","","","","","","","","","","","3160002009500","","","",""
"有限会社薬の山下薬局","3667821459770","","","","","","","590-0024","大阪府堺市堺区向陵中町四丁7-20 わいわいビル1F","","","","","","","","","","","","","","","2120102001915","","","",""
"下松商業開発株式会社","6978518555535","","","","","","","744-0025","山口県下松市中央町21-3","","","","","","","","","","","","","","","2250001009468","","","",""
"クックマート株式会社","1652406594854","","","","","","","440-0066","愛知県豊橋市東田町151-1","","","","","","","","","","","","","","","9180301006315","","","",""
"有限会社クックロビン","8185770174797","","","","","","","666-0033","兵庫県川西市栄町25-1","","","","","","","","","","","","","","","8140002065094","","","",""
"株式会社工藤商店","6579500941435","","","","","","","049-1511","北海道松前郡松前町字松城1","","","","","","","","","","","","","","","1440001000755","","","",""
"合名会社国頭スーパー","4061962813639","","","","","","","905-1411","沖縄県国頭郡国頭村字辺土名1566-1","","","","","","","","","","","","","","","5360003004668","","","",""
"有限会社国松商店","1387784159468","","","","","","","815-0033","福岡県福岡市南区大橋一丁目20-16","","","","","","","","","","","","","","","7290002001944","","","",""
"有限会社久保商事","4031060579433","","","","","","","632-0221","奈良県奈良市都祁白石町738-1","","","","","","","","","","","","","","","9150002004595","","","",""
"株式会社久保商店","9277492722645","","","","","","","569-1144","大阪府高槻市大畑町12-9 601号","","","","","","","","","","","","","","","6120901010781","","","",""
"株式会社久保ストアー","4664748994144","","","","","","","358-0046","埼玉県入間市大字南峯372-1","","","","","","","","","","","","","","","1030001026882","","","",""
"有限会社窪田商店","9560486650462","","","","","","","068-1204","北海道岩見沢市北村栄町640-27","","","","","","","","","","","","","","","2430002050312","","","",""
"有限会社熊井商店","3726226536244","","","","","","","869-0431","熊本県宇土市本町五丁目15","","","","","","","","","","","","","","","1330002024376","","","",""
"株式会社熊谷商店","8545498514388","","","","","","","059-0905","北海道白老郡白老町大町三丁目8-12","","","","","","","","","","","","","","","8430001052865","","","",""
"有限会社熊坂商店","7626418169583","","","","","","","240-0042","神奈川県横浜市保土ケ谷区上星川二丁目25-22","","","","","","","","","","","","","","","9020002023559","","","",""
"生活協同組合くまもと","2892481349392","","","","","","","867-0066","熊本県水俣市古賀町一丁目1-1","","","","","","","","","","","","","","","2330005006593","","","",""
"株式会社熊本フレイン","7554255783512","","","","","","","869-2501","熊本県阿蘇郡小国町大字宮原1851","","","","","","","","","","","","","","","4330001012412","","","",""
"クムクム株式会社","5436366357286","","","","","","","105-0011","東京都港区芝公園二丁目11-1 住友不動産芝公園タワー1F","","","","","","","","","","","","","","","3010401072675","","","",""
"株式会社クラウディア","3863277937566","","","","","","","106-0047","東京都港区南麻布五丁目1-2","","","","","","","","","","","","","","","7010401008535","","","",""
"株式会社くらし館","5639977282188","","","","","","","556-0022","大阪府大阪市浪速区桜川三丁目1-20","","","","","","","","","","","","","","","8120001130322","","","",""
"株式会社くらし企画","4015406199995","","","","","","","135-0062","東京都江東区東雲二丁目11-12 ソフト99ビル5F","","","","","","","","","","","","","","","3010001093023","","","",""
"有限会社くらはら","6474825259979","","","","","","","859-1505","長崎県南島原市深江町戊3124-3","","","","","","","","","","","","","","","2310002018255","","","",""
"クラブ・コンシェルジュ株式会社","9339332973551","","","","","","","150-0002","東京都渋谷区渋谷二丁目1-6 青山エイティーンビル5F","","","","","","","","","","","","","","","2010401050153","","","",""
"株式会社倉升酒店","7223615683603","","","","","","","386-1102","長野県上田市上田原713","","","","","","","","","","","","","","","5100001010512","","","",""
"有限会社くらもと","5205479967898","","","","","","","689-1201","鳥取県鳥取市用瀬町用瀬384-1","","","","","","","","","","","","","","","4270002004753","","","",""
"有限会社クリエ","8636553290225","","","","","","","170-0013","東京都豊島区東池袋三丁目1-4 1016","","","","","","","","","","","","","","","9013302021472","","","",""
"株式会社クリエ","1234418834185","","","","","","","087-0028","北海道根室市大正町一丁目28","","","","","","","","","","","","","","","8460401000090","","","",""
"株式会社クリシマ","8298971119609","","","","","","","211-0044","神奈川県川崎市中原区新城一丁目16-1","","","","","","","","","","","","","","","8020001069182","","","",""
"株式会社クリハラ","5536396147467","","","","","","","208-0013","東京都武蔵村山市大南一丁目128-2","","","","","","","","","","","","","","","6012801002911","","","",""
"株式会社くりはら","9565991106046","","","","","","","788-0004","高知県宿毛市長田町2-7","","","","","","","","","","","","","","","4490001005004","","","",""
"有限会社栗原ストアー","8765828235791","","","","","","","181-0001","東京都三鷹市井の頭三丁目17-26","","","","","","","","","","","","","","","7012402018694","","","",""
"株式会社くりや商店","4772504774805","","","","","","","948-0143","新潟県十日町市山野田11-1","","","","","","","","","","","","","","","1110001020976","","","",""
"有限会社クリンク","1697621739585","","","","","","","350-0273","埼玉県坂戸市芦山町22-13","","","","","","","","","","","","","","","6030002095261","","","",""
"株式会社クレアル・ジャパン","5588732962343","","","","","","","160-0023","東京都新宿区西新宿七丁目22-43 新宿JECビル6階","","","","","","","","","","","","","","","9010401024695","","","",""
"株式会社呉建材","2256131812273","","","","","","","737-0103","広島県呉市広塩焼一丁目14-10","","","","","","","","","","","","","","","7240001057018","","","",""
"株式会社クレサンベール山田友の会","8342612960932","","","","","","","745-0805","山口県周南市大字櫛ヶ浜457-1","","","","","","","","","","","","","","","5250001008789","","","",""
"有限会社クレセント","6540026421775","","","","","","","510-0212","三重県鈴鹿市中旭が丘二丁目7-40","","","","","","","","","","","","","","","6190002007977","","","",""
"株式会社クレド","5140096633033","","","","","","","167-0023","東京都杉並区上井草二丁目37-11","","","","","","","","","","","","","","","8030001016803","","","",""
"株式会社黒磯ショッピングプラザ","1962882705965","","","","","","","325-0048","栃木県那須塩原市材木町3-5","","","","","","","","","","","","","","","1060001011361","","","",""
"有限会社くろきストアー","4283640626889","","","","","","","889-1702","宮崎県宮崎市田野町乙9436-10","","","","","","","","","","","","","","","9350002001498","","","",""
"有限会社黒潮市場","1725196456628","","","","","","","887-0005","宮崎県日南市材木町1","","","","","","","","","","","","","","","6350002016557","","","",""
"株式会社ＣＲＯＳＳ","9029903432734","","","","","","","662-0915","兵庫県西宮市馬場町2-23","","","","","","","","","","","","","","","2140001100576","","","",""
"有限会社クロスカンパニー","8896984430886","","","","","","","085-0013","北海道釧路市栄町四丁目2 MTヒルズビル3階","","","","","","","","","","","","","","","8460002000820","","","",""
"有限会社クロスプラン","6631500962500","","","","","","","146-0095","東京都大田区多摩川一丁目35-1 110号","","","","","","","","","","","","","","","8010002049093","","","",""
"有限会社黒田ストアー","7336349110622","","","","","","","859-4528","長崎県松浦市今福町浦免453-11","","","","","","","","","","","","","","","7310002019703","","","",""
"ＫＵＲＯＮＯＳＵ株式会社","8408000971913","","","","","","","300-2645","茨城県つくば市上郷2136-3","","","","","","","","","","","","","","","5010901038950","","","",""
"有限会社くわとり","6128250190719","","","","","","","854-0062","長崎県諫早市小船越町1271-2","","","","","","","","","","","","","","","2310002015112","","","",""
"株式会社グッデイ","6739606748634","","","","","","","810-0001","福岡県福岡市中央区天神一丁目6-8 天神ツインビル14階","","","","","","","","","","","","","","","2290001030338","","","",""
"有限会社グッディ","2943939515643","","","","","","","531-0071","大阪府大阪市北区中津一丁目17-12","","","","","","","","","","","","","","","9120002030256","","","",""
"株式会社グッドサービス","9281667402714","","","","","","","190-0022","東京都立川市錦町一丁目6-14","","","","","","","","","","","","","","","1012801007460","","","",""
"グッドソフト株式会社","7023585154156","","","","","","","590-0011","大阪府堺市堺区香ヶ丘町一丁5-22","","","","","","","","","","","","","","","9120101030306","","","",""
"株式会社ＧＯＯＤ　ＤＥＡＬ　ＣＯＭＰＡＮＹ","1576329501413","","","","","","","136-0082","東京都江東区新木場一丁目15-10","","","","","","","","","","","","","","","1011101071845","","","",""
"株式会社ＧＯＯＤ　ＦＲＩＥＮＤ","4845638199949","","","","","","","590-0950","大阪府堺市堺区甲斐町西三丁4-10","","","","","","","","","","","","","","","2040001073262","","","",""
"株式会社グッドプラス","6413733719076","","","","","","","324-0035","栃木県大田原市薄葉2181-1","","","","","","","","","","","","","","","5060001030192","","","",""
"株式会社グッドライフ","6212439768820","","","","","","","251-0026","神奈川県藤沢市鵠沼東2-3","","","","","","","","","","","","","","","1021001000589","","","",""
"株式会社グッドワン","1079132200922","","","","","","","572-0030","大阪府寝屋川市池田本町7-6","","","","","","","","","","","","","","","3120001148880","","","",""
"有限会社グラトン","2500571771126","","","","","","","440-0065","愛知県豊橋市仁連木町186-5","","","","","","","","","","","","","","","6180302007249","","","",""
"株式会社グランディール","8564801469451","","","","","","","760-0005","香川県高松市宮脇町一丁目16-13","","","","","","","","","","","","","","","3470001001352","","","",""
"有限会社グランディール","6478266498862","","","","","","","168-0063","東京都杉並区和泉一丁目22-19","","","","","","","","","","","","","","","2011302011946","","","",""
"グラント株式会社","1919184866628","","","","","","","347-0104","埼玉県加須市根古屋654-16","","","","","","","","","","","","","","","1030001112872","","","",""
"株式会社グランド","5345901973027","","","","","","","703-8271","岡山県岡山市中区円山54-13","","","","","","","","","","","","","","","6260001002212","","","",""
"有限会社グランドスラム","3450260826659","","","","","","","965-0804","福島県会津若松市花春町2-14","","","","","","","","","","","","","","","9380002031699","","","",""
"株式会社グランドマート","1615760573195","","","","","","","701-1152","岡山県岡山市北区津高820-1","","","","","","","","","","","","","","","8260001029550","","","",""
"有限会社グリップ","7736823647906","","","","","","","160-0022","東京都新宿区新宿一丁目3-12","","","","","","","","","","","","","","","6011102025416","","","",""
"株式会社グリーンクロス","5537026067929","","","","","","","223-0061","神奈川県横浜市港北区日吉五丁目15-33","","","","","","","","","","","","","","","1020001019986","","","",""
"有限会社グリーンサークル亘理店","4195566824671","","","","","","","989-2381","宮城県亘理郡亘理町逢隈上郡上19-1","","","","","","","","","","","","","","","4370802001254","","","",""
"株式会社グリーンシティー","4086840957408","","","","","","","699-1251","島根県雲南市大東町大東956-1","","","","","","","","","","","","","","","6280005005944","","","",""
"株式会社グリーンショップ","6919419960228","","","","","","","102-0083","東京都千代田区麴町二丁目6-10 2F","","","","","","","","","","","","","","","4010701016273","","","",""
"株式会社グリーンストア","2826528604834","","","","","","","894-0034","鹿児島県奄美市名瀬入舟町18-21","","","","","","","","","","","","","","","3340001010589","","","",""
"グリーンストア株式会社","4619616527547","","","","","","","999-8301","山形県飽海郡遊佐町遊佐京田90-1","","","","","","","","","","","","","","","5390001006705","","","",""
"株式会社Ｇｒｅｅｎ　Ｓｍｉｌｅ","5088205999595","","","","","","","603-8246","京都府京都市北区紫野西泉堂町62","","","","","","","","","","","","","","","9130001059304","","","",""
"株式会社グリーンスリーヴス","9080126388697","","","","","","","106-0044","東京都港区東麻布二丁目30-9","","","","","","","","","","","","","","","8010402018895","","","",""
"有限会社ぐりーんずかみやま","7016117557801","","","","","","","987-0367","宮城県登米市豊里町川前150-76","","","","","","","","","","","","","","","2370402000261","","","",""
"株式会社グリーン・デイ","8994765126878","","","","","","","923-0998","石川県小松市義仲町140","","","","","","","","","","","","","","","7220001013773","","","",""
"株式会社グリーンデイズ","7239970285606","","","","","","","320-0051","栃木県宇都宮市上戸祭町3031-3","","","","","","","","","","","","","","","4060001007290","","","",""
"株式会社グリーンプラス","8712353656703","","","","","","","534-0025","大阪府大阪市都島区片町一丁目2-13","","","","","","","","","","","","","","","3120001093755","","","",""
"株式会社グリーンマート","5644315191784","","","","","","","212-0013","神奈川県川崎市幸区堀川町72-21 ラゾーナ川崎レジデンスレフトウィング302号","","","","","","","","","","","","","","","7011001006887","","","",""
"有限会社グリーンマートコシヂ","7655745088773","","","","","","","254-0811","神奈川県平塚市八重咲町18-22","","","","","","","","","","","","","","","2021002057578","","","",""
"株式会社Ｇｒｅｅｎ　Ｗｏｒｋｓ","4824334178070","","","","","","","541-0054","大阪府大阪市中央区南本町二丁目3-12 EDGE本町3F","","","","","","","","","","","","","","","1180301027780","","","",""
"株式会社グレースたなか","7788809899072","","","","","","","606-8226","京都府京都市左京区田中飛鳥井町40","","","","","","","","","","","","","","","2130001006329","","","",""
"株式会社Ｇｒｏｗａｒｃｓ","6490617275828","","","","","","","542-0081","大阪府大阪市中央区南船場三丁目2-22 おおきに南船場ビル205","","","","","","","","","","","","","","","8120103002428","","","",""
"合同会社グロース","6091894808055","","","","","","","758-0074","山口県萩市大字平安古町51-3","","","","","","","","","","","","","","","2250003000887","","","",""
"株式会社グロースコーポレーション","5906414553646","","","","","","","805-0013","福岡県北九州市八幡東区昭和一丁目8-15","","","","","","","","","","","","","","","7290801018858","","","",""
"株式会社グローバル通販","5634860822415","","","","","","","307-0007","茨城県結城市大字小田林2545-15","","","","","","","","","","","","","","","2050001032507","","","",""
"株式会社グローバルフィールド","8126985464352","","","","","","","251-0052","神奈川県藤沢市藤沢545","","","","","","","","","","","","","","","6021001055109","","","",""
"Ｇｌｏｗ　Ｌｉｖｅ株式会社","6897540663537","","","","","","","270-2241","千葉県松戸市松戸新田24-18 2階","","","","","","","","","","","","","","","3040001089910","","","",""
"株式会社グローリー","5607837374269","","","","","","","660-0862","兵庫県尼崎市開明町二丁目11 神鋼建設ビル5F","","","","","","","","","","","","","","","8140001007312","","","",""
"株式会社グローリーカンパニー","4003658553384","","","","","","","769-0210","香川県綾歌郡宇多津町2702-2","","","","","","","","","","","","","","","8470001016750","","","",""
"有限会社郡司","7327259039021","","","","","","","400-0502","山梨県南巨摩郡富士川町最勝寺1247","","","","","","","","","","","","","","","2090002014847","","","",""
"株式会社ケア高山","8143808346733","","","","","","","506-0054","岐阜県高山市岡本町四丁目311-14","","","","","","","","","","","","","","","3200001025270","","","",""
"有限会社ケーアンドエムカンパニー","6561069142678","","","","","","","600-8406","京都府京都市下京区亀屋町176","","","","","","","","","","","","","","","7130002007049","","","",""
"ケイ・アイ株式会社","5309029230218","","","","","","","721-0973","広島県福山市南蔵王町二丁目13-42 203号","","","","","","","","","","","","","","","4260001030181","","","",""
"有限会社ケイ・アール・エス","9869648261417","","","","","","","550-0004","大阪府大阪市西区靱本町二丁目7-6","","","","","","","","","","","","","","","4120002056198","","","",""
"有限会社Ｋ＆Ｅ","2445968616341","","","","","","","041-0526","北海道函館市高岱町33-3","","","","","","","","","","","","","","","1440002007304","","","",""
"株式会社ケイアンドワイ","9437382435133","","","","","","","192-0071","東京都八王子市八日町1-16","","","","","","","","","","","","","","","7010101007333","","","",""
"株式会社ケイエスエスサービス","6112740558256","","","","","","","311-3403","茨城県小美玉市上吉影152-1","","","","","","","","","","","","","","","5050001013082","","","",""
"株式会社ケイ・エス・シー","2381296007351","","","","","","","800-0221","福岡県北九州市小倉南区下曽根新町10","","","","","","","","","","","","","","","5290801001262","","","",""
"株式会社ケイエスハーモニー","9479831211471","","","","","","","243-0815","神奈川県厚木市妻田西二丁目10-18","","","","","","","","","","","","","","","1021001049742","","","",""
"ケイ・エンタープライズ有限会社","9175711443288","","","","","","","904-0117","沖縄県中頭郡北谷町字北前257","","","","","","","","","","","","","","","8360002018113","","","",""
"株式会社京王アートマン","7148821429180","","","","","","","206-0011","東京都多摩市関戸二丁目40-1 京王聖蹟桜ヶ丘東口ビル4階","","","","","","","","","","","","","","","4013401001058","","","",""
"株式会社京王商事","2647736350695","","","","","","","421-0303","静岡県榛原郡吉田町片岡3075-1","","","","","","","","","","","","","","","8080001013944","","","",""
"株式会社京王ストア","9075346526867","","","","","","","206-0011","東京都多摩市関戸一丁目7-4","","","","","","","","","","","","","","","8013401001062","","","",""
"株式会社京王百貨店","2468579533383","","","","","","","151-0061","東京都渋谷区初台一丁目53-7 京王初台駅ビル","","","","","","","","","","","","","","","4011101006006","","","",""
"株式会社京急ストア","7749398736903","","","","","","","220-0011","神奈川県横浜市西区高島一丁目2-8","","","","","","","","","","","","","","","3010401009157","","","",""
"株式会社京急百貨店","2389925704090","","","","","","","233-0002","神奈川県横浜市港南区上大岡西一丁目6-1","","","","","","","","","","","","","","","7020001003828","","","",""
"景元通商株式会社","5963055739973","","","","","","","812-0011","福岡県福岡市博多区博多駅前二丁目19-17 トーカン博多第5ビル708号","","","","","","","","","","","","","","","5290001070678","","","",""
"株式会社京成ストア","8116021852411","","","","","","","272-0034","千葉県市川市市川三丁目30-1","","","","","","","","","","","","","","","2010601012151","","","",""
"株式会社ケイ・セルタン","8695820298885","","","","","","","135-0022","東京都江東区三好四丁目8-14","","","","","","","","","","","","","","","4010601048499","","","",""
"有限会社けいだ商店","5030598064894","","","","","","","892-0845","鹿児島県鹿児島市樋之口町12-26","","","","","","","","","","","","","","","3340002003682","","","",""
"株式会社敬通","1279762868757","","","","","","","038-2761","青森県西津軽郡鰺ヶ沢町大字舞戸町西禿25-2","","","","","","","","","","","","","","","7420001008489","","","",""
"有限会社ケイ・テック","4143083891895","","","","","","","636-0938","奈良県生駒郡平群町若葉台二丁目6-5","","","","","","","","","","","","","","","4150002006241","","","",""
"株式会社京阪ザ・ストア","3269988454345","","","","","","","540-0008","大阪府大阪市中央区大手前一丁目7-24 京阪天満橋ビル6階","","","","","","","","","","","","","","","2120001149525","","","",""
"株式会社京阪友の会","3405996997430","","","","","","","570-0038","大阪府守口市河原町8-3","","","","","","","","","","","","","","","6120001155676","","","",""
"株式会社京阪百貨店","4676000728572","4","9","2026/01/13","0","","https://www.keihan-dept.co.jp/moriguchi/","570-0038","大阪府守口市河原町8-3","06-6994-1313","代表取締役社長","辻　良介","卸売、小売","総合小売","建設","専門工事","500 ～ 1,000","1,000,000 ～ 10,000,000","10,000 ～ 30,000","2025/03","1983/04","1983/04","非公開","7120001155659","百貨店,株式会社京阪百貨店,京阪百貨店ビル,すがたも心もきれいな百貨店,KEIHAN,インターネット,アンテノールおけいはんケーキ,SWEETS BOX,ＮＨＫ京阪文化センター,イー・ケネット,スイーツボックス京阪ギャラリー,旬の食材,おけいはんポイント,京阪百貨店守口店,食品,谷町線守口駅,京阪守口市駅,京阪電車,ファッション,オンラインショッピング,折込チラシ","2026新卒募集企業,2027新卒インターン募集企業,2027新卒募集企業,SDGs・ESG推進企業,WEB分析ツール利用,エンジニアを採用募集している企業,キャンペーン実施企業,中途採用企業,営業職募集企業,売上50億円以上,従業員500人以上,新商品リリース企業,決算官報公告企業,省エネ法対象業者","Cuenote,Display & Video 360,Google Fonts,Google アナリティクス,Google マップ,Googleタグマネージャ,Google広告,IIJセキュアMXサービス,LINEで送るボタン,LINEソーシャルプラグイン,LINE広告,Meta広告,Yahoo! 広告,お名前.com,ガオネット",""
"株式会社京浜さえき","1373357619799","","","","","","","212-0003","神奈川県川崎市幸区小向町7-13","","","","","","","","","","","","","","","3020001099597","","","",""
"株式会社京浜ショッピング","6606045662733","","","","","","","144-0035","東京都大田区南蒲田一丁目18-15 南蒲田TSマンション501","","","","","","","","","","","","","","","5010801003476","","","",""
"株式会社京浜横浜","9216126750204","","","","","","","221-0835","神奈川県横浜市神奈川区鶴屋町三丁目32-14 新港ビル601号","","","","","","","","","","","","","","","5020001023951","","","",""
"株式会社ケイファーマーズ","2041067307497","","","","","","","586-0009","大阪府河内長野市木戸西町二丁目2-24","","","","","","","","","","","","","","","1120101051879","","","",""
"株式会社京北スーパー","2297605420780","","","","","","","277-0005","千葉県柏市柏一丁目4-3","","","","","","","","","","","","","","","2040001065524","","","",""
"有限会社ケーエスネットワーク","7517247777313","","","","","","","916-0067","福井県鯖江市下氏家町12-2-1","","","","","","","","","","","","","","","1210002012938","","","",""
"株式会社ケーエルシー","2300520621080","","","","","","","520-0802","滋賀県大津市馬場二丁目10-16 ZEZE駅前キューズビル2階西号室","","","","","","","","","","","","","","","9160001016228","","","",""
"株式会社ケージーカンパニー","2941643265450","","","","","","","193-0835","東京都八王子市千人町一丁目10-9 603号","","","","","","","","","","","","","","","4010101011255","","","",""
"有限会社ケーズ","4210010174962","","","","","","","190-1212","東京都西多摩郡瑞穂町大字殿ケ谷906-3","","","","","","","","","","","","","","","8013102007301","","","",""
"株式会社ケーズホールディングス","2304443718159","","","","","","","310-0000","茨城県水戸市酒門町上千束3273-9","","","","","","","","","","","","","","","6050001000897","","","",""
"株式会社気仙沼ニッティング","4718814586030","","","","","","","988-0014","宮城県気仙沼市柏崎1-12","","","","","","","","","","","","","","","5370501001050","","","",""
"株式会社ＫＷ","4138921224616","","","","","","","020-0024","岩手県盛岡市菜園一丁目10-1","","","","","","","","","","","","","","","6400001000465","","","",""
"有限会社ケー・ツー・ワイ","5543976666990","","","","","","","332-0004","埼玉県川口市領家二丁目11-3 101号室","","","","","","","","","","","","","","","7030002111166","","","",""
"有限会社ケーナイン","1002587494087","","","","","","","547-0031","大阪府大阪市平野区平野南二丁目9-3","","","","","","","","","","","","","","","7120002061757","","","",""
"有限会社ケー・マート","6030722743968","","","","","","","023-0863","岩手県奥州市水沢川端226","","","","","","","","","","","","","","","8400602000234","","","",""
"株式会社ｋｅｍｕｒｉ","1695147804489","","","","","","","460-0011","愛知県名古屋市中区大須二丁目1-32","","","","","","","","","","","","","","","9180001102323","","","",""
"有限会社ケーワイカンパニー","6326187392502","","","","","","","610-1143","京都府京都市西京区大原野東境谷町二丁目5-8 ラクセーヌ専門店内1階","","","","","","","","","","","","","","","5130002027668","","","",""
"ＫＥＮ株式会社","8620113695371","","","","","","","987-0511","宮城県登米市迫町佐沼八幡二丁目2-5 スカイプラザF棟","","","","","","","","","","","","","","","7370001042485","","","",""
"有限会社健軍ストアー","3212505628729","","","","","","","862-0901","熊本県熊本市東区東町一丁目1-1","","","","","","","","","","","","","","","9330002012019","","","",""
"株式会社健康家族","5349860926122","","","","","","","892-0848","鹿児島県鹿児島市平之町10-2","","","","","","","","","","","","","","","3340001004822","","","",""
"株式会社健康の杜","5199112176715","","","","","","","810-0041","福岡県福岡市中央区大名二丁目10-29","","","","","","","","","","","","","","","4290001013919","","","",""
"株式会社ケンゾー","9814533114213","","","","","","","348-0053","埼玉県羽生市南五丁目9-26","","","","","","","","","","","","","","","6030001032785","","","",""
"有限会社ケントワン","6186300746993","","","","","","","245-0016","神奈川県横浜市泉区和泉町6238-28","","","","","","","","","","","","","","","3020002069087","","","",""
"健麗クラブ株式会社","8064372710254","","","","","","","202-0023","東京都西東京市新町六丁目8-34","","","","","","","","","","","","","","","7013401006203","","","",""
"株式会社ＧＥＮＫＩ","2850435621719","","","","","","","899-0216","鹿児島県出水市大野原町31-1","","","","","","","","","","","","","","","8340001012069","","","",""
"有限会社元気倶楽部","4903346006521","","","","","","","351-0022","埼玉県朝霞市東弁財三丁目4-2","","","","","","","","","","","","","","","1030002066110","","","",""
"有限会社元気工房","1599712384199","","","","","","","550-0012","大阪府大阪市西区立売堀一丁目6-13","","","","","","","","","","","","","","","7120002021802","","","",""
"有限会社現金屋","2614654958363","","","","","","","300-4407","茨城県桜川市真壁町古城361","","","","","","","","","","","","","","","8050002042689","","","",""
"有限会社現金屋本店","5444800546336","","","","","","","381-1231","長野県長野市松代町松代533","","","","","","","","","","","","","","","6100002001575","","","",""
"有限会社げんろく","9051823353367","","","","","","","100-0102","東京都大島町岡田沢立111","","","","","","","","","","","","","","","3010002052449","","","",""
"コア商事有限会社","3101998000932","","","","","","","710-1101","岡山県倉敷市茶屋町601-2","","","","","","","","","","","","","","","9260002018031","","","",""
"株式会社小池ガラス店","8842612605810","","","","","","","192-0041","東京都八王子市中野上町四丁目23-2","","","","","","","","","","","","","","","8010101001194","","","",""
"有限会社小池フード・坂下ショツピングセンター","9957134841439","","","","","","","351-0115","埼玉県和光市新倉二丁目29-8","","","","","","","","","","","","","","","4030002064136","","","",""
"有限会社ＫＯＩＺＵＭＩ","4563045637354","","","","","","","963-8032","福島県郡山市字下亀田24-4","","","","","","","","","","","","","","","8380002015959","","","",""
"株式会社小泉太郎商店","5716430027492","","","","","","","144-0051","東京都大田区西蒲田四丁目31-18","","","","","","","","","","","","","","","3010801003775","","","",""
"有限会社小泉農園","9989301329575","","","","","","","224-0053","神奈川県横浜市都筑区池辺町1162","","","","","","","","","","","","","","","5020002073319","","","",""
"有限会社小出研磨","3904030846369","","","","","","","431-3111","静岡県浜松市中央区中郡町353-5","","","","","","","","","","","","","","","6080402002845","","","",""
"有限会社小祝商店","7814811970823","","","","","","","100-2101","東京都小笠原村父島東町","","","","","","","","","","","","","","","2010002027476","","","",""
"株式会社宏偉商事","1139830538064","","","","","","","653-0004","兵庫県神戸市長田区四番町三丁目4-30","","","","","","","","","","","","","","","8140001103821","","","",""
"株式会社幸運橋市場","4039005101375","","","","","","","552-0004","大阪府大阪市港区夕凪一丁目2-3","","","","","","","","","","","","","","","2120001028877","","","",""
"株式会社こうけんサポート","3481005450449","","","","","","","841-0026","佐賀県鳥栖市本鳥栖町1482-1 102","","","","","","","","","","","","","","","6300001009095","","","",""
"株式会社光讃","7044581700519","","","","","","","761-0823","香川県木田郡三木町大字井戸2252-3","","","","","","","","","","","","","","","9470001015454","","","",""
"有限会社神﨑屋商店","2623855284859","","","","","","","300-0641","茨城県稲敷市浮島3480","","","","","","","","","","","","","","","2050002034262","","","",""
"有限会社高座渋谷ショッピングセンター","3554306105313","","","","","","","242-0023","神奈川県大和市渋谷五丁目10-2","","","","","","","","","","","","","","","9021002040791","","","",""
"江山貿易株式会社","3181039178455","","","","","","","540-0016","大阪府大阪市中央区神崎町2-15 シンホニーアネックス302A号室","","","","","","","","","","","","","","","6120001194443","","","",""
"幸巡株式会社","2593038606891","","","","","","","879-4912","大分県玖珠郡九重町大字湯坪618-3","","","","","","","","","","","","","","","9320001011542","","","",""
"株式会社恒千","2811733359202","","","","","","","910-0026","福井県福井市光陽二丁目25-10","","","","","","","","","","","","","","","3210001016260","","","",""
"高蔵寺ニュータウンセンター開発株式会社","9913101627652","","","","","","","487-0011","愛知県春日井市中央台二丁目5","","","","","","","","","","","","","","","8180001074068","","","",""
"株式会社高知大丸","5200649701199","","","","","","","780-0841","高知県高知市帯屋町一丁目6-1","","","","","","","","","","","","","","","7490001000646","","","",""
"株式会社皇帝塩本舗","6619551184674","","","","","","","860-0813","熊本県熊本市中央区琴平二丁目8-36","","","","","","","","","","","","","","","3330001001754","","","",""
"株式会社コウデック","3701566986946","","","","","","","522-0029","滋賀県彦根市地蔵町112-1","","","","","","","","","","","","","","","6160001008277","","","",""
"有限会社甲南不動産","7434848525209","","","","","","","890-0065","鹿児島県鹿児島市郡元二丁目23-41","","","","","","","","","","","","","","","7340002007283","","","",""
"有限会社河野商店","6690803294573","","","","","","","550-0015","大阪府大阪市西区南堀江四丁目3-18","","","","","","","","","","","","","","","3120002021814","","","",""
"有限会社紅梅屋","5306648154837","","","","","","","509-8301","岐阜県中津川市蛭川5216-8","","","","","","","","","","","","","","","7200002024292","","","",""
"株式会社神戸物産","9889906724912","1","1","2025/11/14","0","","https://www.kobebussan.co.jp/","675-0063","兵庫県加古川市加古川町平野125-1","079-457-5001","代表取締役社長","沼田博和","卸売、小売","総合小売","","","500 ～ 1,000","100,000 ～ 1,000,000","500,000 ～ 1,000,000","2025/10","","1985/11","公開","5140001044630","業務用スーパー運営,太陽光発電,業務用食品卸売,バイオマス発電,弁当屋運営,フランチャイズ経営支援,回転寿司店運営,業務用冷凍食品卸売,神戸クックワールドビュッフェ,業務スーパー,平禄寿司,Greens K,Greens K 鉄板ビュッフェ,日本,投資家情報,チェーンストア,神戸物産,採用,IR情報,ウェブサイト,食品,小売,FC加盟店募集,IRリリース,企業情報","2026新卒募集企業,2027新卒インターン募集企業,2027新卒募集企業,エンジニアを採用募集している企業,キャッシュレス決済導入企業,キャンペーン実施企業,フランチャイズ企業,中途採用企業,営業職募集企業,売上1000億以上,売上300億円以上,売上5000億以上,売上50億円以上,海外に関連会社を保有する企業,省エネ法対象業者","CPI,Clarity,Display & Video 360,Google Developers,Google アナリティクス,Google広告,Microsoft365,UNPKG",""
"神山商事株式会社","9757726295189","","","","","","","502-0882","岐阜県岐阜市正木中四丁目7-1","","","","","","","","","","","","","","","7200001001945","","","",""
"甲良商業近代化協同組合","5592780055139","","","","","","","522-0244","滋賀県犬上郡甲良町大字在士809","","","","","","","","","","","","","","","3160005004903","","","",""
"株式会社香里ヶ丘商業開発","4311175939538","","","","","","","573-0084","大阪府枚方市香里ケ丘四丁目2-3","","","","","","","","","","","","","","","6120001153440","","","",""
"株式会社光露園","9284710511388","","","","","","","610-0200","京都府綴喜郡宇治田原町大字立川小字段橋46","","","","","","","","","","","","","","","6130001037907","","","",""
"宏和印刷株式会社","3208888210915","","","","","","","590-0057","大阪府堺市堺区御陵通3-17","","","","","","","","","","","","","","","3120101002211","","","",""
"有限会社幸和商事","8089399927155","","","","","","","179-0083","東京都練馬区平和台四丁目21-16","","","","","","","","","","","","","","","2011602003767","","","",""
"興和ファシリティズ株式会社","8012339476015","","","","","","","460-0003","愛知県名古屋市中区錦三丁目23-18 ニューサカエビル4階","","","","","","","","","","","","","","","3180001040644","","","",""
"株式会社コーエーテクモウェーブ","6741008174432","","","","","","","102-0073","東京都千代田区九段北四丁目1-34","","","","","","","","","","","","","","","1010001023519","","","",""
"株式会社古恵良販売","8349797401352","","","","","","","802-0016","福岡県北九州市小倉北区宇佐町一丁目12-5","","","","","","","","","","","","","","","4290801001338","","","",""
"郡山団地市場株式会社","1982881971009","","","","","","","567-0074","大阪府茨木市新郡山二丁目2-40","","","","","","","","","","","","","","","4120901000834","","","",""
"合資会社古賀ふとん店","7729665986449","","","","","","","855-0011","長崎県島原市御手水町甲2247","","","","","","","","","","","","","","","4310003001919","","","",""
"有限会社こがや","7733555900832","","","","","","","827-0003","福岡県田川郡川崎町大字川崎1047-5","","","","","","","","","","","","","","","7290802024632","","","",""
"株式会社国際開発","7214269056699","","","","","","","124-0022","東京都葛飾区奥戸五丁目20-11","","","","","","","","","","","","","","","1011801025027","","","",""
"株式会社国際漢方研究所","4912828328750","","","","","","","101-0047","東京都千代田区内神田三丁目6-1 さんしん・ヒロセビル7階","","","","","","","","","","","","","","","1010001016019","","","",""
"株式会社こくぶや","4248288475597","","","","","","","582-0021","大阪府柏原市国分本町二丁目7-18","","","","","","","","","","","","","","","9122001020907","","","",""
"有限会社コクヤ","5842777472629","","","","","","","381-3302","長野県上水内郡小川村大字高府8982-3","","","","","","","","","","","","","","","2100002006082","","","",""
"有限会社コグレレコード店","8098126080954","","","","","","","326-0822","栃木県足利市田中町32-7","","","","","","","","","","","","","","","8060002036104","","","",""
"株式会社ココスナカムラ","7417150076383","","","","","","","123-0851","東京都足立区梅田七丁目34-12","","","","","","","","","","","","","","","9010501004218","","","",""
"Ｋｏｋｏｐｅｌｌｉ合同会社","7622642829284","","","","","","","654-0028","兵庫県神戸市須磨区常盤町二丁目1-15 AMビル3階","","","","","","","","","","","","","","","3140003012629","","","",""
"有限会社越見青果物店","5765044872084","","","","","","","921-8105","石川県金沢市平和町二丁目13-18 ALKO1階","","","","","","","","","","","","","","","8220002002601","","","",""
"株式会社こじま","1209702833891","","","","","","","615-0014","京都府京都市右京区西院巽町40","","","","","","","","","","","","","","","4130001000742","","","",""
"株式会社小島商店","3023106255244","","","","","","","230-0048","神奈川県横浜市鶴見区本町通三丁目165-3","","","","","","","","","","","","","","","4020001017335","","","",""
"有限会社コジマ電器商会","5308997104308","","","","","","","152-0035","東京都目黒区自由が丘一丁目8-17","","","","","","","","","","","","","","","3013202002578","","","",""
"コストコホールセールジャパン株式会社","4985859238402","3","6","2025/07/11","0","","https://career.costco.co.jp/index.html","292-0007","千葉県木更津市瓜倉361 金田西2街区2画地","0438-42-2600","代表取締役","ケン・テリオ","卸売、小売","総合小売","","","10,000 ～ ","1,000,000 ～ 10,000,000","500,000 ～ 1,000,000","2024/08","","1998/04","非公開","3020001079681","年会費保証,低価格,高品質,会員制倉庫型店,商品保証,優良ブランド商品,家電販売,飲料販売,カー用品・カーアクセサリー販売,日用品販売,青果販売,事務用品販売,魚介類販売,パン販売,食肉販売,倉庫,アメリカ,日本,コストコホールセールジャパン","","Akamai,Apple Business Manager,Atlassian,DocuSign,Google Site Verification,Google アナリティクス,Microsoft365,Proofpoint Email Protection,SpyCloud,Webex",""
"株式会社コスパクリエーション","1794925661235","","","","","","","167-0043","東京都杉並区上荻一丁目2-1 DAIWA荻窪タワー18階","","","","","","","","","","","","","","","5011301015672","","","",""
"株式会社コーセツ","5549619497145","","","","","","","233-0002","神奈川県横浜市港南区上大岡西一丁目15-1","","","","","","","","","","","","","","","7020001029930","","","",""
"有限会社コタニ","5319104737804","","","","","","","157-0064","東京都世田谷区給田四丁目30-22","","","","","","","","","","","","","","","3010902005968","","","",""
"株式会社寿","2671473482515","","","","","","","547-0015","大阪府大阪市平野区長吉長原西三丁目5-17","","","","","","","","","","","","","","","6120001020112","","","",""
"有限会社寿屋","7355660088012","","","","","","","680-0824","鳥取県鳥取市行徳二丁目257","","","","","","","","","","","","","","","5270002000702","","","",""
"有限会社ことぶき薬品","3760819223753","","","","","","","142-0041","東京都品川区戸越五丁目6-9","","","","","","","","","","","","","","","5010402005062","","","",""
"有限会社小都里","2788529909602","","","","","","","611-0042","京都府宇治市小倉町天王64","","","","","","","","","","","","","","","3130002027538","","","",""
"有限会社小西商店","3214878446436","","","","","","","164-0002","東京都中野区上高田三丁目1-1","","","","","","","","","","","","","","","5011202002308","","","",""
"小西青果株式会社","1401828653166","","","","","","","660-0884","兵庫県尼崎市神田中通四丁目154","","","","","","","","","","","","","","","4140001048789","","","",""
"株式会社コニファ","6501241183591","","","","","","","104-0053","東京都中央区晴海三丁目6-8 3716ベイシティ晴海スカイリンクタワー","","","","","","","","","","","","","","","5010001091479","","","",""
"株式会社コーノ","5251619025768","","","","","","","164-0011","東京都中野区中央四丁目1-2","","","","","","","","","","","","","","","5011201001673","","","",""
"株式会社コノミヤ","1314871385894","3","5","2025/11/14","0","","https://www.konomiya.jp/","538-0043","大阪府大阪市鶴見区今津南一丁目5-32","06-6968-0561","代表取締役社長","芋縄　隆史","卸売、小売","総合小売","","","1,000 ～ 3,000","10,000 ～ 50,000","100,000 ～ 300,000","2024/08","","1971/12","非公開","5120001001831","食品スーパーマーケット,次世代育成支援,外食事業,青果販売,焼肉店運営,ちゃんこ店運営,惣菜販売,ちゃんこ・焼肉朝潮,店舗地図,店舗案内,ハローフーヅ,スーパーマーケット,コノミヤ,食品スーパー","2026新卒募集企業,2027新卒募集企業,SDGs・ESG推進企業,キャッシュレス決済導入企業,キャンペーン実施企業,合併企業,地域貢献活動を推進している企業,売上1000億以上,売上300億円以上,売上50億円以上,従業員500人以上,新商品リリース企業,決算官報公告企業,省エネ法対象業者,自己資本比率連続2期以上上昇","Amazon Route 53,Display & Video 360,Font Awesome,Google Fonts,Google アナリティクス,Google マップ,Google広告,jQuery",""
"合資会社小林商店","9059963792415","","","","","","","190-0142","東京都あきる野市伊奈1072","","","","","","","","","","","","","","","3013103000020","","","",""
"株式会社小林商店","3440686528916","","","","","","","049-0611","北海道檜山郡上ノ国町字大留244-59","","","","","","","","","","","","","","","1440001006439","","","",""
"有限会社小林新聞店","4346534805068","","","","","","","503-0976","岐阜県大垣市南若森町730-3","","","","","","","","","","","","","","","5200002014948","","","",""
"株式会社小林百貨店","9441826937473","","","","","","","018-4421","秋田県北秋田郡上小阿仁村小沢田釜渕7","","","","","","","","","","","","","","","3410001006316","","","",""
"株式会社コープ牛深","1607729797589","","","","","","","863-1901","熊本県天草市牛深町2687-2","","","","","","","","","","","","","","","8330001026821","","","",""
"株式会社コープ沖縄サービス","5370333852754","","","","","","","903-0104","沖縄県中頭郡西原町字兼久287-1","","","","","","","","","","","","","","","2360001011173","","","",""
"生活協同組合コープかごしま","4601352088664","","","","","","","890-0037","鹿児島県鹿児島市広木一丁目1-1","","","","","","","","","","","","","","","3340005001568","","","",""
"生活協同組合コープぎふ","9879820631206","","","","","","","509-0141","岐阜県各務原市鵜沼各務原町一丁目4-1","","","","","","","","","","","","","","","6200005002313","","","",""
"生活協同組合コープぐんま","9416328888046","","","","","","","376-0011","群馬県桐生市相生町一丁目111","","","","","","","","","","","","","","","4070005005174","","","",""
"株式会社コープ武生","8441940547158","","","","","","","915-0803","福井県越前市平出二丁目1-10","","","","","","","","","","","","","","","8210001011604","","","",""
"生活協同組合コープながの","8082852186494","","","","","","","388-8006","長野県長野市篠ノ井御幣川668","","","","","","","","","","","","","","","6100005001787","","","",""
"生活協同組合コープみらい","2565468052926","","","","","","","336-0024","埼玉県さいたま市南区根岸一丁目5-5","","","","","","","","","","","","","","","5030005001408","","","",""
"株式会社コペラわきもと","5075781433689","","","","","","","910-0034","福井県福井市菅谷二丁目16-23","","","","","","","","","","","","","","","5210001001293","","","",""
"有限会社駒井スーパー","9436906314303","","","","","","","036-0367","青森県黒石市大字前町60","","","","","","","","","","","","","","","8420002015566","","","",""
"小牧都市開発株式会社","2039658475932","","","","","","","485-0041","愛知県小牧市小牧三丁目555","","","","","","","","","","","","","","","5180001075837","","","",""
"有限会社狛田百貨","2062308892967","","","","","","","619-0245","京都府相楽郡精華町大字下狛下新庄60","","","","","","","","","","","","","","","6130002029639","","","",""
"小松島サンパーク協同組合","5111890559602","","","","","","","773-0001","徳島県小松島市小松島町領田20","","","","","","","","","","","","","","","5480005002311","","","",""
"株式会社コマレオ","6146318811983","","","","","","","992-0012","山形県米沢市金池二丁目1-21","","","","","","","","","","","","","","","4390001009857","","","",""
"有限会社小溝商店","2177690996869","","","","","","","277-0005","千葉県柏市柏六丁目8-40","","","","","","","","","","","","","","","1040002089820","","","",""
"株式会社コミュニケーション","9969897241812","","","","","","","114-0031","東京都北区十条仲原四丁目15-7","","","","","","","","","","","","","","","8011501018976","","","",""
"株式会社コミュニティー京成","5422158586728","","","","","","","276-0032","千葉県八千代市八千代台東一丁目5-3 京成八千代台東ビル3階","","","","","","","","","","","","","","","3010601026175","","","",""
"有限会社コミュニティストアマスオカ","2635417832283","","","","","","","357-0053","埼玉県飯能市大字上畑245-1","","","","","","","","","","","","","","","2030002119445","","","",""
"コムデックス株式会社","4619846885775","","","","","","","486-0968","愛知県春日井市味美町三丁目86-1","","","","","","","","","","","","","","","3180001076886","","","",""
"株式会社コメダコマース","7915065119515","","","","","","","226-0027","神奈川県横浜市緑区長津田六丁目4-24 2F","","","","","","","","","","","","","","","4020001053801","","","",""
"コメツト株式会社","8552321288047","","","","","","","105-0004","東京都港区新橋三丁目6-6","","","","","","","","","","","","","","","9030001002760","","","",""
"株式会社コメ兵","2562612931870","","","","","","","460-0011","愛知県名古屋市中区大須三丁目25-31","","","","","","","","","","","","","","","2180001141237","","","",""
"株式会社コモディイイダ","8076520412128","","","","","","","114-0023","東京都北区滝野川七丁目27-7","","","","","","","","","","","","","","","1011501001600","","","",""
"有限会社コモン","9374211986415","","","","","","","616-8021","京都府京都市右京区花園天授ケ岡町10-19","","","","","","","","","","","","","","","7130002020092","","","",""
"有限会社小柳","5233204728477","","","","","","","970-1264","福島県いわき市三和町合戸入藪18-1","","","","","","","","","","","","","","","2380002023612","","","",""
"有限会社こやま","8985004030485","","","","","","","370-0312","群馬県太田市新田村田町1316-1","","","","","","","","","","","","","","","1070002029229","","","",""
"有限会社小山自転車店","7129471105894","","","","","","","441-8112","愛知県豊橋市牧野町150-1","","","","","","","","","","","","","","","5180302007448","","","",""
"有限会社小山倉庫","2104713088711","","","","","","","230-0071","神奈川県横浜市鶴見区駒岡四丁目30-20","","","","","","","","","","","","","","","8020002038112","","","",""
"株式会社コヤマリビング","9256529590971","","","","","","","669-5315","兵庫県豊岡市日高町浅倉983","","","","","","","","","","","","","","","5140001056254","","","",""
"株式会社コリアフーズ","8331580825190","","","","","","","169-0073","東京都新宿区百人町一丁目8-1 1002号","","","","","","","","","","","","","","","8011101031974","","","",""
"株式会社コールコム","5387558197150","","","","","","","116-0013","東京都荒川区西日暮里五丁目32-4 目黒ビル4階","","","","","","","","","","","","","","","5011501011562","","","",""
"有限会社これえだ","8687396457951","","","","","","","895-2511","鹿児島県伊佐市大口里1989-9","","","","","","","","","","","","","","","1340002014657","","","",""
"有限会社コロポックル","9701046202733","","","","","","","076-0023","北海道富良野市栄町1-2","","","","","","","","","","","","","","","7450002009302","","","",""
"有限会社小和田産業","7413952725264","","","","","","","326-0046","栃木県足利市岩井町15","","","","","","","","","","","","","","","2060002036167","","","",""
"株式会社コンツネ","6802259055360","","","","","","","453-0035","愛知県名古屋市中村区十王町20-15","","","","","","","","","","","","","","","2180001030225","","","",""
"株式会社近藤製麺工場","5415910511476","","","","","","","601-8033","京都府京都市南区東九条南石田町111-1","","","","","","","","","","","","","","","5130001054498","","","",""
"有限会社コンドー商会","2093983101364","","","","","","","349-0125","埼玉県蓮田市御前橋一丁目8-46","","","","","","","","","","","","","","","6030002022224","","","",""
"株式会社コンパス","2797172851422","","","","","","","507-0065","岐阜県多治見市根本町一丁目7-56","","","","","","","","","","","","","","","9200001027303","","","",""
"有限会社コンパル","7025924387501","","","","","","","195-0072","東京都町田市金井六丁目37-3","","","","","","","","","","","","","","","9012302008488","","","",""
"有限会社コンビニエンスアラカワ","3609734363757","","","","","","","989-1321","宮城県柴田郡村田町大字沼辺二丁町26-1","","","","","","","","","","","","","","","5370102000220","","","",""
"有限会社コンビニエンスストアー・ムラカミ","7033333792124","","","","","","","865-0064","熊本県玉名市中1919-1","","","","","","","","","","","","","","","3330002020951","","","",""
"有限会社コンビニマート・ムラセ","8027224768303","","","","","","","873-0212","大分県国東市安岐町塩屋131-9","","","","","","","","","","","","","","","5320002015307","","","",""
"株式会社コンビマート・イーダ","5195734708826","","","","","","","272-0832","千葉県市川市曽谷一丁目37-9","","","","","","","","","","","","","","","5040001026250","","","",""
"コンピユータ・シティー株式会社","4344301391631","","","","","","","640-8152","和歌山県和歌山市十番丁91 十番丁センタービル2F","","","","","","","","","","","","","","","3170001001184","","","",""
"コンピューターライフ株式会社","9717457759771","","","","","","","903-0802","沖縄県那覇市首里大名町二丁目91-7","","","","","","","","","","","","","","","2360001000886","","","",""
"有限会社Ｇｏ","5733068208491","","","","","","","203-0014","東京都東久留米市東本町1-5 ジンドー学園ビル1F","","","","","","","","","","","","","","","3012702010314","","","",""
"有限会社５０ｂｅｌｌｓ","8274848248528","","","","","","","150-0022","東京都渋谷区恵比寿南二丁目21-4","","","","","","","","","","","","","","","7011002029409","","","",""
"有限会社ごとう","3848872419719","","","","","","","699-5131","島根県益田市安富町1905-3","","","","","","","","","","","","","","","5280002009940","","","",""
"株式会社ごとう","9924192846808","","","","","","","086-1651","北海道標津郡標津町南一条東一丁目1-6","","","","","","","","","","","","","","","4462501000049","","","",""
"株式会社五分利屋","1654411600576","","","","","","","136-0072","東京都江東区大島七丁目22-12","","","","","","","","","","","","","","","1010601002673","","","",""
"有限会社ゴールドワン","6528504437978","","","","","","","225-0011","神奈川県横浜市青葉区あざみ野一丁目16-2","","","","","","","","","","","","","","","5020002013943","","","",""
"株式会社五郎","8665162752462","","","","","","","800-0256","福岡県北九州市小倉南区湯川新町四丁目24-3","","","","","","","","","","","","","","","8290801006358","","","",""
"株式会社彩果","2998746857125","","","","","","","920-0022","石川県金沢市北安江二丁目11-30","","","","","","","","","","","","","","","3220001019584","","","",""
"株式会社さいか屋","7038819026641","","","","","","","210-0024","神奈川県川崎市川崎区日進町1","","","","","","","","","","","","","","","3020001074170","","","",""
"株式会社さいか屋友の会","6480420349677","","","","","","","210-0024","神奈川県川崎市川崎区日進町1","","","","","","","","","","","","","","","9020001073092","","","",""
"株式会社サイキ","2807351877643","","","","","","","817-0000","長崎県対馬市美津島町け知乙505-1","","","","","","","","","","","","","","","8310001010711","","","",""
"株式会社サイクルオリンピック","7489676581533","","","","","","","185-0012","東京都国分寺市本町四丁目12-1","","","","","","","","","","","","","","","3012801016229","","","",""
"有限会社三枝商店","4618719335517","","","","","","","073-1103","北海道樺戸郡新十津川町字中央309-26","","","","","","","","","","","","","","","6430002052197","","","",""
"株式会社西條","6948649424647","","","","","","","096-0013","北海道名寄市西三条南六丁目25-1","","","","","","","","","","","","","","","9450001007338","","","",""
"西條商事株式会社","6049264838665","","","","","","","739-0007","広島県東広島市西条土与丸二丁目6-49","","","","","","","","","","","","","","","8240001022532","","","",""
"再生住宅株式会社","1770557706949","","","","","","","861-0501","熊本県山鹿市山鹿967-1 メゾン桜1-3","","","","","","","","","","","","","","","3330002014648","","","",""
"有限会社さいとう忠商店","2024193607518","","","","","","","320-0047","栃木県宇都宮市一の沢一丁目4-20","","","","","","","","","","","","","","","9060002011485","","","",""
"株式会社西都ショッピングセンター","5179135666068","","","","","","","881-0012","宮崎県西都市小野崎一丁目76","","","","","","","","","","","","","","","2350005001964","","","",""
"有限会社さえき","2745859915543","","","","","","","186-0011","東京都国立市谷保6776","","","","","","","","","","","","","","","6012402006139","","","",""
"有限会社佐伯商店","5107131734610","","","","","","","893-1401","鹿児島県肝属郡肝付町北方道添341-4","","","","","","","","","","","","","","","2340002025562","","","",""
"株式会社さえきセルバホールディングス","2211819239536","","","","","","","186-0005","東京都国立市西一丁目11-6","","","","","","","","","","","","","","","8012401021426","","","",""
"榮商事株式会社","1126347100744","","","","","","","136-0071","東京都江東区亀戸五丁目29-24","","","","","","","","","","","","","","","5010601001143","","","",""
"有限会社さかえ屋","9951409494876","","","","","","","860-0848","熊本県熊本市中央区南坪井町1-6","","","","","","","","","","","","","","","4330002004350","","","",""
"株式会社ＳＡＫＡＥＹＡ","9614900163638","","","","","","","485-0029","愛知県小牧市中央四丁目121","","","","","","","","","","","","","","","7180001077939","","","",""
"株式会社さかえ屋","8794513745020","","","","","","","799-2438","愛媛県松山市河野中須賀285-14","","","","","","","","","","","","","","","1500001006077","","","",""
"有限会社栄屋","4433099206370","","","","","","","061-1104","北海道北広島市西の里北三丁目3-15","","","","","","","","","","","","","","","3430002044338","","","",""
"株式会社サカガミ","5280728145668","","","","","","","170-0003","東京都豊島区駒込六丁目26-16","","","","","","","","","","","","","","","5013301004473","","","",""
"有限会社坂口屋","3257318181184","","","","","","","421-3302","静岡県富士市中野台一丁目3-7","","","","","","","","","","","","","","","8080102016292","","","",""
"株式会社魚齋藤","7629237924540","","","","","","","959-1707","新潟県五泉市村松14-1","","","","","","","","","","","","","","","5110001011815","","","",""
"株式会社さかもと","9351884361723","","","","","","","038-0211","青森県南津軽郡大鰐町大字大鰐大鰐173","","","","","","","","","","","","","","","6420001009868","","","",""
"株式会社坂本商事","5404666078884","","","","","","","064-0954","北海道札幌市中央区宮の森四条十一丁目7-1","","","","","","","","","","","","","","","4430001070400","","","",""
"株式会社坂本ストアー","1516038779724","","","","","","","849-0101","佐賀県三養基郡みやき町大字原古賀806","","","","","","","","","","","","","","","8300001006355","","","",""
"株式会社佐賀玉屋","8734603925809","","","","","","","840-0833","佐賀県佐賀市中の小路2-5","","","","","","","","","","","","","","","9300001000778","","","",""
"有限会社相良","2207845009811","","","","","","","854-0022","長崎県諫早市幸町79-1","","","","","","","","","","","","","","","5310002016421","","","",""
"株式会社崎浜商店","3921084261311","","","","","","","893-0201","鹿児島県鹿屋市輝北町上百引3410","","","","","","","","","","","","","","","8340001013918","","","",""
"有限会社作加藤商店","9725211006834","","","","","","","259-0301","神奈川県足柄下郡湯河原町中央二丁目1-2","","","","","","","","","","","","","","","7021002050017","","","",""
"有限会社サクスィード","2177275567157","","","","","","","963-0551","福島県郡山市喜久田町菖蒲池22-464","","","","","","","","","","","","","","","5380002009575","","","",""
"株式会社サクソン","4679030395885","","","","","","","175-0083","東京都板橋区徳丸七丁目25-16 サンライズ高島平307","","","","","","","","","","","","","","","9012401009057","","","",""
"有限会社作並さとう商店","2186618961407","","","","","","","989-3431","宮城県仙台市青葉区作並相ノ沢32-21","","","","","","","","","","","","","","","3370002011154","","","",""
"有限会社サクライ","6297059084117","","","","","","","135-0021","東京都江東区白河四丁目1-19","","","","","","","","","","","","","","","4010602002967","","","",""
"有限会社サクライ物流センター","4637939079470","","","","","","","911-0034","福井県勝山市滝波町五丁目1005","","","","","","","","","","","","","","","2210002009784","","","",""
"さくらエナジー株式会社","9659244093679","","","","","","","184-0012","東京都小金井市中町一丁目9-30","","","","","","","","","","","","","","","6012401005257","","","",""
"桜川くらし館協同組合","4160801578627","","","","","","","556-0022","大阪府大阪市浪速区桜川三丁目1-20 桜川くらし館内","","","","","","","","","","","","","","","2120005005914","","","",""
"株式会社さくらコマース","3315228822113","","","","","","","183-0055","東京都府中市府中町一丁目7-2 さくら食品館5F","","","","","","","","","","","","","","","6012401000605","","","",""
"株式会社サクラ印はちみつ","8581301552452","","","","","","","111-0031","東京都台東区千束一丁目1-5","","","","","","","","","","","","","","","1010501008944","","","",""
"株式会社さくらチケット","5201789103588","","","","","","","900-0013","沖縄県那覇市牧志一丁目14-6","","","","","","","","","","","","","","","8360002005334","","","",""
"さくら通商有限会社","4332266000083","","","","","","","572-0085","大阪府寝屋川市香里新町21-22","","","","","","","","","","","","","","","8120002072423","","","",""
"さくら野八戸株式会社","8507504684906","","","","","","","031-0032","青森県八戸市大字三日町13","","","","","","","","","","","","","","","6420001018373","","","",""
"株式会社さくら野百貨店","8074621509655","","","","","","","030-0801","青森県青森市新町一丁目13-2 さくら野百貨店青森本店7階","","","","","","","","","","","","","","","2420001004724","","","",""
"株式会社桜文化","2840142709581","","","","","","","169-0072","東京都新宿区大久保二丁目6-17 105号室","","","","","","","","","","","","","","","8011101073430","","","",""
"有限会社酒のきがわ","4852454947279","","","","","","","089-0551","北海道中川郡幕別町札内泉町76-5","","","","","","","","","","","","","","","6460102001316","","","",""
"有限会社酒の福屋","9241681255588","","","","","","","010-0041","秋田県秋田市広面広面17","","","","","","","","","","","","","","","8410002001674","","","",""
"有限会社佐光フードセンター","5988383754577","","","","","","","989-3126","宮城県仙台市青葉区落合一丁目14-25","","","","","","","","","","","","","","","1370002011131","","","",""
"株式会社サコム","6397359552566","","","","","","","104-0061","東京都中央区銀座四丁目14-1","","","","","","","","","","","","","","","8010001044871","","","",""
"有限会社佐々木商事","7144144565853","","","","","","","798-0031","愛媛県宇和島市栄町港三丁目6-15","","","","","","","","","","","","","","","2500002022725","","","",""
"有限会社佐々木商店","7827035837226","","","","","","","329-2123","栃木県矢板市上町10-14","","","","","","","","","","","","","","","4060002026991","","","",""
"有限会社ささやま","3227248577150","","","","","","","186-0015","東京都国立市矢川三丁目23-1","","","","","","","","","","","","","","","9012402006169","","","",""
"株式会社笹山","8502480105320","","","","","","","306-0113","茨城県古河市谷貝857-2","","","","","","","","","","","","","","","6050001019145","","","",""
"有限会社ささり","5152049483220","","","","","","","474-0021","愛知県大府市長根町五丁目110","","","","","","","","","","","","","","","6180002085198","","","",""
"株式会社ＳＡＳＹＵ","2965926037013","","","","","","","960-0102","福島県福島市鎌田下釜5-1","","","","","","","","","","","","","","","3380001025170","","","",""
"株式会社サージェント","6068513963857","","","","","","","399-8301","長野県安曇野市穂高有明4850","","","","","","","","","","","","","","","3100001015166","","","",""
"株式会社サス","7142043514039","","","","","","","104-0042","東京都中央区入船三丁目10-7 有楽堂ビル3F","","","","","","","","","","","","","","","8010001114922","","","",""
"株式会社佐世保玉屋","6050020053068","","","","","","","857-0054","長崎県佐世保市栄町2-1","","","","","","","","","","","","","","","7310001005316","","","",""
"佐竹食品株式会社","1654923362183","","","","","","","564-0027","大阪府吹田市朝日町14-19","","","","","","","","","","","","","","","6120901006607","","","",""
"有限会社ＳＡＴＴ","3743400829840","","","","","","","003-0869","北海道札幌市白石区川下2113-80","","","","","","","","","","","","","","","6430002037768","","","",""
"札幌うまいどう株式会社","3301339188399","","","","","","","060-0012","北海道札幌市中央区北十二条西二十丁目2-1","","","","","","","","","","","","","","","7430001032414","","","",""
"株式会社札幌丸井三越","8872109242698","","","","","","","060-0061","北海道札幌市中央区南一条西二丁目","","","","","","","","","","","","","","","6430001040748","","","",""
"有限会社サーテイ・スリー","9015968416824","","","","","","","232-0033","神奈川県横浜市南区中村町三丁目199-2","","","","","","","","","","","","","","","7020002029995","","","",""
"株式会社さとう","3545691462227","0","1","2026/01/15","1","2026/01/15","http://www.sato-kyoto.com/","620-0807","京都府福知山市東野町1","0773-22-0001","代表取締役社長","佐藤　総二郎","卸売、小売","総合小売","","","3,000 ～ 5,000","10,000 ～ 50,000","50,000 ～ 100,000","2024/12","1666/01","1950/09","非公開","5130001041059","インターネット通販,大型ショッピングセンター,レストラン,流通サービス,ホームセンター,トラベルサービス,宅配スーパー,食品スーパー,食材宅配,ショッピングセンター運営,生鮮食品販売,日用品販売,魚介料理・海鮮料理店運営,北近畿最大の流通サービス企業,STOCK館,ローザプラス,STOCK,花ふじ,ふじの実,くらしモア,かつふじ,ラ･フォンテ,兵庫,流通,京都,通販,さとう,SATO,ショッピングセンター,北近畿,ファッション,さとうフレッシュフロンティア,スーパー,衣料","2026新卒募集企業,2027新卒インターン募集企業,2027新卒募集企業,キャンペーン実施企業,中途採用企業,売上1000億以上,売上300億円以上,売上50億円以上,従業員500人以上,省エネ法対象業者","Amazon Route 53,Bizメール＆ウェブ,Bizメール＆ウェブ ビジネス,Display & Video 360,Google アナリティクス,Googleタグマネージャ,Google広告",""
"株式会社佐藤園","5678271808391","","","","","","","421-1314","静岡県静岡市葵区大原1057","","","","","","","","","","","","","","","9080001001733","","","",""
"株式会社サトウグループ","7571411804023","","","","","","","981-0503","宮城県東松島市矢本関の内52","","","","","","","","","","","","","","","9370301000579","","","",""
"有限会社佐藤商会","8088928602282","","","","","","","501-6001","岐阜県羽島郡岐南町上印食一丁目297","","","","","","","","","","","","","","","1200002010686","","","",""
"佐藤商事株式会社","5776501476476","","","","","","","151-0053","東京都渋谷区代々木五丁目57-6","","","","","","","","","","","","","","","6011001009206","","","",""
"有限会社佐藤商店","8662264579815","","","","","","","263-0021","千葉県千葉市稲毛区轟町一丁目4-16","","","","","","","","","","","","","","","1040002004911","","","",""
"有限会社佐藤商店","3648122500852","","","","","","","270-0101","千葉県流山市大字東深井284","","","","","","","","","","","","","","","1040002051540","","","",""
"有限会社さとうストア","3800389962626","","","","","","","103-0001","東京都中央区日本橋小伝馬町17-9","","","","","","","","","","","","","","","2010002020266","","","",""
"株式会社さとうフレッシュフロンティア","4322291259735","","","","","","","668-0063","兵庫県豊岡市正法寺105","","","","","","","","","","","","","","","3140001056009","","","",""
"有限会社里川","2365846245891","","","","","","","321-3321","栃木県芳賀郡芳賀町大字下高根沢3919-417","","","","","","","","","","","","","","","8060002018606","","","",""
"サトーストア株式会社","4617337419830","","","","","","","999-2211","山形県南陽市赤湯2961-6 菅原ハイツ203号","","","","","","","","","","","","","","","1390001010611","","","",""
"さとや株式会社","1079306127103","","","","","","","763-0043","香川県丸亀市通町52-9","","","","","","","","","","","","","","","9470001011998","","","",""
"株式会社サードウェイブ","8031761036848","","","","","","","811-4143","福岡県宗像市三郎丸六丁目1-33 第2コスモビル2階","","","","","","","","","","","","","","","9290001065518","","","",""
"株式会社佐登屋","6780352983470","","","","","","","225-0004","神奈川県横浜市青葉区元石川町3491","","","","","","","","","","","","","","","2020001011356","","","",""
"株式会社サナス","1554787134202","","","","","","","595-0812","大阪府泉北郡忠岡町忠岡中二丁目23-23","","","","","","","","","","","","","","","6120101045827","","","",""
"株式会社サニーサイド","1268039576826","","","","","","","920-0000","石川県金沢市南新保町ロ87","","","","","","","","","","","","","","","9220001003079","","","",""
"サニーシヨツピング株式会社","7623551406266","","","","","","","064-0920","北海道札幌市中央区南二十条西十二丁目1-25","","","","","","","","","","","","","","","8430001006870","","","",""
"株式会社サニースーパーチエン","2014449198880","","","","","","","381-2202","長野県長野市市場3-51 ビルA 2F","","","","","","","","","","","","","","","2100001001150","","","",""
"サニーマート株式会社","7768822426089","","","","","","","919-2225","福井県大飯郡高浜町宮崎86-5-1","","","","","","","","","","","","","","","4210001014239","","","",""
"株式会社サニーマート","9502008380534","","","","","","","780-0957","高知県高知市山手町81","","","","","","","","","","","","","","","4490001001093","","","",""
"サニーマート株式会社","8581981577302","","","","","","","721-0966","広島県福山市手城町四丁目23-27","","","","","","","","","","","","","","","1240001030723","","","",""
"讃岐通商株式会社","4040789091469","","","","","","","763-0092","香川県丸亀市川西町南1115-1","","","","","","","","","","","","","","","6470001007504","","","",""
"有限会社佐野商会","1516810943787","","","","","","","418-0007","静岡県富士宮市外神東町247-2","","","","","","","","","","","","","","","6080102016757","","","",""
"株式会社さのや","5896825913805","","","","","","","670-0965","兵庫県姫路市東延末一丁目46","","","","","","","","","","","","","","","5140001059133","","","",""
"株式会社サノヤ","6367475258144","","","","","","","460-0011","愛知県名古屋市中区大須三丁目33-6","","","","","","","","","","","","","","","5180001036517","","","",""
"株式会社サーブ","9298488213779","","","","","","","531-0072","大阪府大阪市北区豊崎五丁目2-22","","","","","","","","","","","","","","","6120001196019","","","",""
"株式会社佐兵衛","2874650695809","","","","","","","520-2412","滋賀県野洲市六条389","","","","","","","","","","","","","","","3160001015755","","","",""
"株式会社サポーレ","2020484447428","","","","","","","514-0803","三重県津市柳山津興2101-1","","","","","","","","","","","","","","","1190001003718","","","",""
"有限会社サマリアインターナショナル","3231853957327","","","","","","","252-0231","神奈川県相模原市中央区相模原二丁目3-16 山崎ビルA501","","","","","","","","","","","","","","","7021002020795","","","",""
"サミット株式会社","1837497049101","","","","","","","168-0064","東京都杉並区永福三丁目57-14","","","","","","","","","","","","","","","3011301002747","","","",""
"株式会社サムシング","1021646177484","","","","","","","841-0036","佐賀県鳥栖市秋葉町一丁目1034-2","","","","","","","","","","","","","","","7300001006686","","","",""
"株式会社ＳＯＭＥＳ","6145416285656","","","","","","","891-3101","鹿児島県西之表市西之表7708-1","","","","","","","","","","","","","","","6340001009819","","","",""
"株式会社サム．マルシン","9648137602260","","","","","","","986-0824","宮城県石巻市立町二丁目3-17","","","","","","","","","","","","","","","6370301000540","","","",""
"株式会社サルード","4801831008809","","","","","","","657-0065","兵庫県神戸市灘区宮山町三丁目3-27 403号","","","","","","","","","","","","","","","6140001003437","","","",""
"有限会社澤田商店","6280590523795","","","","","","","043-0103","北海道爾志郡乙部町字緑町1","","","","","","","","","","","","","","","7440002009641","","","",""
"株式会社澤田商店","2647378675718","","","","","","","399-1201","長野県下伊那郡天龍村平岡936-1","","","","","","","","","","","","","","","2100001023153","","","",""
"有限会社沢忠","9381606846869","","","","","","","020-0011","岩手県盛岡市三ツ割鉢ノ皮62-2","","","","","","","","","","","","","","","1400002001509","","","",""
"株式会社サワラシティ","9747673308872","","","","","","","287-0005","千葉県香取市佐原ホ1236","","","","","","","","","","","","","","","9040001063562","","","",""
"株式会社サン・アダチ","5843075391464","","","","","","","176-0005","東京都練馬区旭丘一丁目74-9","","","","","","","","","","","","","","","2011601002480","","","",""
"株式会社サンインマルイ","6877451719735","","","","","","","680-0942","鳥取県鳥取市湖山町東一丁目122-1","","","","","","","","","","","","","","","1270002000862","","","",""
"有限会社サンウェイ","6589550567689","","","","","","","543-0001","大阪府大阪市天王寺区上本町五丁目5-15 東海ビル上本町601","","","","","","","","","","","","","","","8120002005580","","","",""
"株式会社サンウェイ","6399027612476","","","","","","","010-0921","秋田県秋田市大町一丁目3-8 秋田ディライトビル2階","","","","","","","","","","","","","","","8410001005049","","","",""
"株式会社サンヴィック","1893027632145","","","","","","","456-0032","愛知県名古屋市熱田区三本松町5-40","","","","","","","","","","","","","","","2180001021901","","","",""
"株式会社サンエー","6052925469175","","","","","","","901-2223","沖縄県宜野湾市大山七丁目2-10","","","","","","","","","","","","","","","5360001008803","","","",""
"株式会社サンエー","8057692866301","","","","","","","990-0301","山形県東村山郡山辺町大字山辺1283-1","","","","","","","","","","","","","","","2390001002434","","","",""
"株式会社サンエー","7503117673960","","","","","","","949-1352","新潟県糸魚川市大字能生1887-1","","","","","","","","","","","","","","","3110001021766","","","",""
"株式会社サンエー","2641783344581","","","","","","","986-0862","宮城県石巻市あけぼの一丁目1-2","","","","","","","","","","","","","","","8370301000563","","","",""
"株式会社三栄","1843218544284","","","","","","","841-0204","佐賀県三養基郡基山町大字宮浦168-1","","","","","","","","","","","","","","","6300001006381","","","",""
"株式会社三栄金属工業所","2937737934607","","","","","","","544-0004","大阪府大阪市生野区巽北三丁目12-8","","","","","","","","","","","","","","","8120001122716","","","",""
"サンエイ食品株式会社","3694481085861","","","","","","","501-5303","岐阜県郡上市高鷲町大鷲2056","","","","","","","","","","","","","","","1200001026394","","","",""
"株式会社サンエーパルコ","5788568547561","","","","","","","901-2223","沖縄県宜野湾市大山七丁目2-10","","","","","","","","","","","","","","","2360001021726","","","",""
"株式会社サンエム","2074936419142","","","","","","","442-0842","愛知県豊川市蔵子六丁目1","","","","","","","","","","","","","","","4180301009867","","","",""
"有限会社三海水産","4549878086089","","","","","","","811-1355","福岡県福岡市南区桧原七丁目58-28","","","","","","","","","","","","","","","1290002002171","","","",""
"有限会社三喜","4728576855342","","","","","","","243-0306","神奈川県愛甲郡愛川町田代190","","","","","","","","","","","","","","","4021002034039","","","",""
"株式会社サンキョー","7281382049159","","","","","","","640-8483","和歌山県和歌山市園部596-21","","","","","","","","","","","","","","","5170001001356","","","",""
"株式会社山京","3387103242174","","","","","","","690-0038","島根県松江市平成町182-17","","","","","","","","","","","","","","","5280001000900","","","",""
"株式会社サン・クラルテ製薬","8273622543661","","","","","","","810-0041","福岡県福岡市中央区大名二丁目9-27 野村不動産赤坂センタービル5F","","","","","","","","","","","","","","","6290001022380","","","",""
"協同組合サングリーン","2624470845953","","","","","","","728-0013","広島県三次市十日市東四丁目1-30","","","","","","","","","","","","","","","8240005004691","","","",""
"株式会社サン・グリーン","6152465975744","","","","","","","366-0052","埼玉県深谷市上柴町西四丁目2-14","","","","","","","","","","","","","","","4030001088846","","","",""
"株式会社サングリン","3918045285232","","","","","","","819-0051","福岡県福岡市西区下山門団地40-2","","","","","","","","","","","","","","","1290001000242","","","",""
"サングルポ阿南協同組合","3431201073420","","","","","","","774-0009","徳島県阿南市西路見町堤外65-1","","","","","","","","","","","","","","","4480005004168","","","",""
"サンケイ流通株式会社","7838922779137","","","","","","","533-0033","大阪府大阪市東淀川区東中島一丁目20-14 506号","","","","","","","","","","","","","","","2120001051805","","","",""
"三研メディアプロダクト株式会社","5845638518015","","","","","","","101-0063","東京都千代田区神田淡路町二丁目3","","","","","","","","","","","","","","","8050001013476","","","",""
"有限会社サンコー","1002441527125","","","","","","","306-0416","茨城県猿島郡境町大字伏木825","","","","","","","","","","","","","","","7050002018434","","","",""
"株式会社ＳＡＮＫＯ","3569968135847","","","","","","","577-0016","大阪府東大阪市長田西一丁目1-17","","","","","","","","","","","","","","","6122001028515","","","",""
"株式会社サンコー","5681366210539","","","","","","","306-0404","茨城県猿島郡境町大字長井戸162","","","","","","","","","","","","","","","9050001043729","","","",""
"三幸株式会社","9753856453074","","","","","","","933-0014","富山県高岡市野村1711","","","","","","","","","","","","","","","9230001010058","","","",""
"株式会社三交クリエイティブ・ライフ","5299084724983","","","","","","","460-0003","愛知県名古屋市中区錦三丁目5-27","","","","","","","","","","","","","","","3180001036122","","","",""
"サンコムラード株式会社","7690178825879","","","","","","","430-0913","静岡県浜松市中央区船越町22-13","","","","","","","","","","","","","","","6080401020922","","","",""
"三郷紙器工業株式会社","6232482250088","","","","","","","488-0011","愛知県尾張旭市東栄町二丁目7-20","","","","","","","","","","","","","","","5180001079532","","","",""
"株式会社サンシティ","1396262476891","","","","","","","511-0912","三重県桑名市大字星川785","","","","","","","","","","","","","","","8190001012258","","","",""
"株式会社サンシャインチェーン本部","8671839826831","","","","","","","781-0814","高知県高知市稲荷町11-45","","","","","","","","","","","","","","","4490001001085","","","",""
"株式会社三舟印房","6261137076011","","","","","","","210-0005","神奈川県川崎市川崎区東田町9-11","","","","","","","","","","","","","","","4020001074649","","","",""
"株式会社讃匠","4380523610362","","","","","","","769-0203","香川県綾歌郡宇多津町浜三番丁37-4 3F","","","","","","","","","","","","","","","2470001009009","","","",""
"有限会社サンシールさの","4052133469842","","","","","","","889-0621","宮崎県東臼杵郡門川町東栄町四丁目1-18","","","","","","","","","","","","","","","2350002011157","","","",""
"三神商事株式会社","3852831792691","","","","","","","124-0022","東京都葛飾区奥戸七丁目20-26 201号室","","","","","","","","","","","","","","","2011801021594","","","",""
"有限会社サンジェットアイ","1021592509896","","","","","","","713-8113","岡山県倉敷市玉島八島155-4","","","","","","","","","","","","","","","4260002023283","","","",""
"合資会社三十郎商店","3115595585590","","","","","","","299-1621","千葉県富津市竹岡354","","","","","","","","","","","","","","","8040003002809","","","",""
"有限会社三条市場","9922558496513","","","","","","","044-0003","北海道虻田郡倶知安町北三条東一丁目17","","","","","","","","","","","","","","","8430002057005","","","",""
"株式会社サン・ストラッセ","8397565229686","","","","","","","501-3936","岐阜県関市倉知516","","","","","","","","","","","","","","","3200001019173","","","",""
"株式会社サン・スマイル","8140323455391","","","","","","","880-1107","宮崎県東諸県郡国富町大字竹田731-1","","","","","","","","","","","","","","","3350001011479","","","",""
"三西開発株式会社","1675268928858","","","","","","","836-0817","福岡県大牟田市浅牟田町30","","","","","","","","","","","","","","","1290001053851","","","",""
"株式会社サンセット","1423512293697","","","","","","","444-3523","愛知県岡崎市藤川町黒土62","","","","","","","","","","","","","","","7180301003966","","","",""
"株式会社サンゼリア","9443355298540","","","","","","","564-0082","大阪府吹田市片山町三丁目32-3","","","","","","","","","","","","","","","3120901006535","","","",""
"株式会社三善","7552256377705","","","","","","","436-0074","静岡県掛川市葛川1096-1","","","","","","","","","","","","","","","6080401014313","","","",""
"有限会社さんたく","6489740167830","","","","","","","680-0072","鳥取県鳥取市滝山750-1","","","","","","","","","","","","","","","2270002002734","","","",""
"サンダイコー株式会社","8869993840699","","","","","","","622-0213","京都府船井郡京丹波町須知色紙田23-1","","","","","","","","","","","","","","","4130001034996","","","",""
"株式会社産直","7588113898047","","","","","","","004-0065","北海道札幌市厚別区厚別西五条二丁目7-18","","","","","","","","","","","","","","","6430001019346","","","",""
"サンテラス株式会社","9808686033580","","","","","","","685-0016","島根県隠岐郡隠岐の島町城北町376","","","","","","","","","","","","","","","8280001005418","","","",""
"株式会社サンディ","5564695963114","","","","","","","532-0004","大阪府大阪市淀川区西宮原二丁目7-50 YSサクラビル","","","","","","","","","","","","","","","5120001055464","","","",""
"株式会社三徳","1208303290077","","","","","","","169-0072","東京都新宿区大久保二丁目1-1","","","","","","","","","","","","","","","6011101007919","","","",""
"株式会社サンナチュラルズ","7068867404153","","","","","","","359-1141","埼玉県所沢市小手指町四丁目16-8","","","","","","","","","","","","","","","8030001024203","","","",""
"株式会社サンナナオ","7339393559978","","","","","","","926-0816","石川県七尾市藤橋町申部4","","","","","","","","","","","","","","","9220001015347","","","",""
"株式会社サンネット","1755630328674","","","","","","","790-0055","愛媛県松山市針田町105-9","","","","","","","","","","","","","","","9500001004610","","","",""
"サンパワーズ株式会社","8432294596817","","","","","","","851-0115","長崎県長崎市かき道六丁目134","","","","","","","","","","","","","","","8310001004705","","","",""
"株式会社サンピット","8479719638461","","","","","","","839-1401","福岡県うきは市浮羽町朝田587-1","","","","","","","","","","","","","","","7290001055289","","","",""
"株式会社サンファミリー","1954461901841","","","","","","","675-1201","兵庫県加古川市八幡町宗佐68-1","","","","","","","","","","","","","","","3140001042990","","","",""
"株式会社サンフード・イワナガ","5551504202199","","","","","","","862-0971","熊本県熊本市中央区大江五丁目14-12","","","","","","","","","","","","","","","5330001002073","","","",""
"サンフミー株式会社","2851788650156","","","","","","","160-0023","東京都新宿区西新宿一丁目26-2 新宿野村ビル32階","","","","","","","","","","","","","","","6011101058235","","","",""
"株式会社サンフラワー・タマデ","5086306938153","","","","","","","557-0044","大阪府大阪市西成区玉出中一丁目12-9","","","","","","","","","","","","","","","4120002043832","","","",""
"株式会社サンフレッシュ","7178749064618","","","","","","","610-0313","京都府京田辺市三山木中央四丁目7-6","","","","","","","","","","","","","","","8130001038738","","","",""
"株式会社サンプラザ","3403004226790","0","1","2024/11/14","0","","https://www.super-sunplaza.com/","583-0857","大阪府羽曳野市誉田三丁目3-15","072-956-3905","代表取締役社長","山口　力","卸売、小売","総合小売","","","500 ～ 1,000","50,000 ～ 100,000","30,000 ～ 50,000","2025/02","1950/10","1961/11","非公開","5120101032090","サンプラザ,移動販売,スーパーマーケット,産地直送,奈良","2026新卒募集企業,2027新卒募集企業,SDGs・ESG推進企業,SNSツール利用,アクティブシニア活用,キャンペーン実施企業,中途採用企業,地域貢献活動を推進している企業,売上300億円以上,売上50億円以上,従業員500人以上,省エネ法対象業者,表彰企業","",""
"株式会社サンプラザ","2860023420147","","","","","","","781-1102","高知県土佐市高岡町乙27-1","","","","","","","","","","","","","","","7490001005447","","","",""
"株式会社サンベルクス","5977988230384","","","","","","","121-0061","東京都足立区花畑五丁目14-1","","","","","","","","","","","","","","","1011801030720","","","",""
"株式会社三平","1164868012990","","","","","","","518-1422","三重県伊賀市平田932","","","","","","","","","","","","","","","8190001008495","","","",""
"三平地所株式会社","4919744161535","","","","","","","160-0022","東京都新宿区新宿三丁目22-12","","","","","","","","","","","","","","","3011101028983","","","",""
"三方良株式会社","4132176570264","","","","","","","770-0944","徳島県徳島市南昭和町四丁目92-83","","","","","","","","","","","","","","","9480001009356","","","",""
"株式会社サンマート","7602364470786","","","","","","","680-0942","鳥取県鳥取市湖山町東二丁目133","","","","","","","","","","","","","","","9270001001012","","","",""
"有限会社サンマート","8914293032859","","","","","","","904-0417","沖縄県国頭郡恩納村字真栄田2779-3","","","","","","","","","","","","","","","3360002017425","","","",""
"株式会社サンマート","9654058398230","","","","","","","794-0015","愛媛県今治市常盤町八丁目2-7","","","","","","","","","","","","","","","5500001011635","","","",""
"有限会社サンマート小林","5399174535762","","","","","","","969-0102","福島県西白河郡泉崎村大字関和久烏川68-3","","","","","","","","","","","","","","","8380002017848","","","",""
"株式会社サンマートサカイ","6000664359418","","","","","","","504-0855","岐阜県各務原市蘇原新栄町二丁目90","","","","","","","","","","","","","","","1200001007147","","","",""
"有限会社サンマートせんだ","3587082972403","","","","","","","711-0934","岡山県倉敷市児島塩生2786-2","","","","","","","","","","","","","","","2260002018525","","","",""
"株式会社サンモール","4465703786196","","","","","","","378-0052","群馬県沼田市桜町1966-2","","","","","","","","","","","","","","","7070001022914","","","",""
"株式会社サンユー","6775137706816","","","","","","","321-0905","栃木県宇都宮市平出工業団地41-11","","","","","","","","","","","","","","","3060001001880","","","",""
"株式会社三友","1538278752279","","","","","","","546-0014","大阪府大阪市東住吉区鷹合三丁目8-20","","","","","","","","","","","","","","","2120001194488","","","",""
"株式会社サンユーストアー","9504302568446","","","","","","","319-1541","茨城県北茨城市磯原町磯原一丁目127","","","","","","","","","","","","","","","2050001024173","","","",""
"株式会社さんよう","8532130451592","","","","","","","121-0812","東京都足立区西保木間二丁目18-16","","","","","","","","","","","","","","","3011801008277","","","",""
"株式会社山陽商事","8752283057772","","","","","","","739-0023","広島県東広島市西条町下三永728-5","","","","","","","","","","","","","","","5240001023814","","","",""
"株式会社山陽百貨店","2446297511455","2","2","2025/11/14","0","","https://sanyo-dp.co.jp/","670-0912","兵庫県姫路市南町1","079-223-1231","代表取締役社長","髙野　勝","卸売、小売","総合小売","製造","その他の製造","300 ～ 500","100,000 ～ 1,000,000","1,000 ～ 3,000","2025/02","","1952/02","非公開","6140001058951","ギフト・贈答品販売,テナント誘致,イベント企画,山陽百貨店,山陽電気鉄道株式会社,姫路","ECモール出店,WEB分析ツール利用,中途採用企業,売上50億円以上,決算官報公告企業,省エネ法対象業者,自己資本比率連続2期以上上昇","Display & Video 360,Facebookログイン,Google アナリティクス,Googleタグマネージャ,Meta for Developers,WebARENA SuiteX",""
"サンヨー工機株式会社","7417147798047","","","","","","","825-0004","福岡県田川市大字夏吉422-10","","","","","","","","","","","","","","","3290801016345","","","",""
"株式会社サンヨネ","5305774504872","","","","","","","440-0827","愛知県豊橋市池見町171","","","","","","","","","","","","","","","5180301005766","","","",""
"合同会社サンライズ","7947938422984","","","","","","","105-0013","東京都港区浜松町二丁目2-15 浜松町ダイヤハイツ2階","","","","","","","","","","","","","","","8010403015495","","","",""
"有限会社サンライズオザキ","2391259115579","","","","","","","441-3211","愛知県豊橋市伊古部町東荒子192-1","","","","","","","","","","","","","","","6180302007629","","","",""
"サンライズ若林株式会社","3248916110030","","","","","","","975-0008","福島県南相馬市原町区本町一丁目9","","","","","","","","","","","","","","","2380001026442","","","",""
"株式会社サンライフ","4378940673165","","","","","","","870-1143","大分県大分市大字田尻443-1","","","","","","","","","","","","","","","4320001001291","","","",""
"有限会社サンライフあつみ","4314483873795","","","","","","","441-3614","愛知県田原市保美町丸池127-1","","","","","","","","","","","","","","","1180302010991","","","",""
"有限会社三陸スーパー","1776504733991","","","","","","","022-0101","岩手県大船渡市三陸町越喜来杉下28","","","","","","","","","","","","","","","2402702000210","","","",""
"三立興産株式会社","2219123304052","","","","","","","108-0073","東京都港区三田三丁目4-17 藤和三田コープII事務所","","","","","","","","","","","","","","","9010401011867","","","",""
"株式会社サンリブ","3317124837549","","","","","","","808-0034","福岡県北九州市若松区本町二丁目17-1 ベイサイドプラザ若松2F","","","","","","","","","","","","","","","8290801001706","","","",""
"株式会社山麓管理サービス","5098201568949","","","","","","","018-5141","秋田県鹿角市八幡平切留平21-6","","","","","","","","","","","","","","","6410001006593","","","",""
"サンロード株式会社","8911956589306","","","","","","","868-0300","熊本県球磨郡錦町大字西打越715-32","","","","","","","","","","","","","","","1330001016069","","","",""
"協同組合サンロード青森","4592125571548","","","","","","","030-0845","青森県青森市緑三丁目9-2","","","","","","","","","","","","","","","9420005000184","","","",""
"株式会社三和","4205406374837","","","","","","","252-0328","神奈川県相模原市南区麻溝台三丁目4-11","","","","","","","","","","","","","","","1012301000965","","","",""
"有限会社三和","9558416224639","","","","","","","773-0031","徳島県小松島市和田島町松田新田171","","","","","","","","","","","","","","","2480002007472","","","",""
"有限会社サンワ","3103847070544","","","","","","","567-0877","大阪府茨木市丑寅二丁目1-6","","","","","","","","","","","","","","","1120902001974","","","",""
"株式会社三和","7498997406059","","","","","","","270-1176","千葉県我孫子市柴崎台一丁目9-25","","","","","","","","","","","","","","","2040001065680","","","",""
"三和建設株式会社","4153606329342","","","","","","","061-3281","北海道石狩市花畔一条一丁目3","","","","","","","","","","","","","","","7430001032918","","","",""
"三和水産株式会社","1623951272142","","","","","","","519-3814","三重県尾鷲市三木浦町339","","","","","","","","","","","","","","","5190001004415","","","",""
"ザ・スーパーカンパニー株式会社","6838871105211","","","","","","","810-0001","福岡県福岡市中央区天神四丁目8-2","","","","","","","","","","","","","","","2290001024141","","","",""
"有限会社シーアンドシービジネス","4486229639115","","","","","","","215-0001","神奈川県川崎市麻生区細山一丁目7-3","","","","","","","","","","","","","","","5020002101995","","","",""
"ＳＨｉｖＡ株式会社","6034318936894","","","","","","","592-0013","大阪府高石市取石一丁目13-5","","","","","","","","","","","","","","","2120101057520","","","",""
"Ｃ．Ｖ．Ｓ．西東京株式会社","2112865733710","","","","","","","189-0011","東京都東村山市恩多町五丁目24-55","","","","","","","","","","","","","","","3012701009150","","","",""
"株式会社シー・ヴイ・エス・ベイエリア","9504957184994","","","","","","","261-0023","千葉県千葉市美浜区中瀬一丁目7-1 SCECビル26階","","","","","","","","","","","","","","","6040001029566","","","",""
"有限会社ＣＳＳ","1741252072804","","","","","","","607-8496","京都府京都市山科区日ノ岡坂脇町10-13","","","","","","","","","","","","","","","6130002021018","","","",""
"株式会社ＣＳクリエイト","7831756144776","","","","","","","800-0031","福岡県北九州市門司区高田一丁目8-11","","","","","","","","","","","","","","","6290801023149","","","",""
"株式会社シェルガーデン","3973231399693","","","","","","","140-0013","東京都品川区南大井六丁目27-18 日立大森第二ビル10階","","","","","","","","","","","","","","","6013201002568","","","",""
"有限会社シオジマ","2012690377089","","","","","","","021-0051","岩手県一関市山目三反田28-1","","","","","","","","","","","","","","","3400502001122","","","",""
"有限会社塩江スーパーバザール","7944331107388","","","","","","","761-1612","香川県高松市塩江町安原上東387-9","","","","","","","","","","","","","","","6470002009185","","","",""
"有限会社塩谷商店","8964699090380","","","","","","","277-0885","千葉県柏市西原六丁目9-17","","","","","","","","","","","","","","","7040002090070","","","",""
"有限会社志賀町生産物直売所","7568247465734","","","","","","","925-0122","石川県羽咋郡志賀町倉垣子6-4","","","","","","","","","","","","","","","3220002014857","","","",""
"しくマルハチ株式会社","7397370916209","","","","","","","527-0013","滋賀県東近江市東中野町4-21","","","","","","","","","","","","","","","3160001017776","","","",""
"株式会社シーグラント","6131676423504","","","","","","","007-0847","北海道札幌市東区北四十七条東七丁目1-40","","","","","","","","","","","","","","","4430001034033","","","",""
"株式会社しげのや","2752329996670","","","","","","","290-0255","千葉県市原市光風台一丁目375-1","","","","","","","","","","","","","","","3040001054022","","","",""
"株式会社ＣＣＲ","6100543425512","","","","","","","599-8114","大阪府堺市東区日置荘西町一丁22-20","","","","","","","","","","","","","","","1120101028803","","","",""
"宍倉株式会社","9364053945636","","","","","","","294-0045","千葉県館山市北条2617","","","","","","","","","","","","","","","6040001075156","","","",""
"宍戸青果株式会社","3995543008228","","","","","","","976-0042","福島県相馬市中村宇多川町23-2","","","","","","","","","","","","","","","7380001015878","","","",""
"株式会社シジシー・ショップ東海","6114814597962","","","","","","","492-8218","愛知県稲沢市西町三丁目15-40","","","","","","","","","","","","","","","3180001085904","","","",""
"株式会社システムジュウヨン","9457736904309","","","","","","","530-0041","大阪府大阪市北区天神橋三丁目7-9","","","","","","","","","","","","","","","8120001064941","","","",""
"有限会社システムプランニング","4287558691496","","","","","","","800-0236","福岡県北九州市小倉南区下貫二丁目5-36","","","","","","","","","","","","","","","7290802003173","","","",""
"Ｃ３株式会社","4009488116793","","","","","","","731-5143","広島県広島市佐伯区三宅二丁目1-1 広島工業大学西四号館1F","","","","","","","","","","","","","","","1240001029311","","","",""
"株式会社シーズ","4177233190999","","","","","","","310-0844","茨城県水戸市住吉町284-1","","","","","","","","","","","","","","","9050001001439","","","",""
"株式会社シーズアンドニーズ","9365789799392","","","","","","","868-0302","熊本県球磨郡錦町大字一武1448-1","","","","","","","","","","","","","","","8330001016260","","","",""
"株式会社シーズヴュー","2728486728763","","","","","","","170-0005","東京都豊島区南大塚三丁目12-3 2F","","","","","","","","","","","","","","","7013301028090","","","",""
"株式会社静岡伊勢丹","4993365223489","","","","","","","420-0031","静岡県静岡市葵区呉服町一丁目7","","","","","","","","","","","","","","","6080001002627","","","",""
"株式会社静岡伝馬町プラザ","1523428786590","","","","","","","420-0858","静岡県静岡市葵区伝馬町6-1","","","","","","","","","","","","","","","5080001002867","","","",""
"株式会社静鉄ストア","2421560103217","","","","","","","420-0004","静岡県静岡市葵区末広町95","","","","","","","","","","","","","","","1080001002004","","","",""
"株式会社シーズワン","1112359542784","","","","","","","183-0055","東京都府中市府中町一丁目10-3 府中南ビル6階","","","","","","","","","","","","","","","2010101011728","","","",""
"株式会社自然食研","4124538547879","","","","","","","879-0615","大分県豊後高田市界293","","","","","","","","","","","","","","","2320001018313","","","",""
"株式会社質蔵屋","6622096661275","","","","","","","060-0063","北海道札幌市中央区南三条西一丁目12-17","","","","","","","","","","","","","","","8430001007530","","","",""
"株式会社七福","5976201017480","","","","","","","136-0071","東京都江東区亀戸六丁目26-3","","","","","","","","","","","","","","","4010601003487","","","",""
"有限会社七福商事","8764582563597","","","","","","","770-0022","徳島県徳島市佐古二番町3-1","","","","","","","","","","","","","","","9480002004364","","","",""
"株式会社シナジーリンク","2368683238311","","","","","","","542-0066","大阪府大阪市中央区瓦屋町二丁目3-1 岸和田第三ビル202","","","","","","","","","","","","","","","8120001133507","","","",""
"有限会社品田商店","7288194721535","","","","","","","082-0030","北海道河西郡芽室町本通四丁目10","","","","","","","","","","","","","","","2460102001492","","","",""
"有限会社しなのや","1574153801170","","","","","","","176-0001","東京都練馬区練馬一丁目6-1 103号","","","","","","","","","","","","","","","9011602004874","","","",""
"株式会社信濃屋食品","1947209679438","","","","","","","155-0033","東京都世田谷区代田一丁目34-13 信濃屋ビル","","","","","","","","","","","","","","","9010901005492","","","",""
"有限会社Ｃ・ネットサービス","9333252337913","","","","","","","919-0321","福井県福井市下河北町11-15-1","","","","","","","","","","","","","","","6210002008618","","","",""
"有限会社シノダ企画","3452165694264","","","","","","","150-0042","東京都渋谷区宇田川町31-4 シノダビル5F","","","","","","","","","","","","","","","2011002014299","","","",""
"有限会社篠田商事","5886205912650","","","","","","","861-3923","熊本県上益城郡山都町柏716-3","","","","","","","","","","","","","","","3330002020662","","","",""
"Ｓｈｉｎｏｂｕ　Ｒｉｄｅｒ株式会社","8165596702145","","","","","","","812-0017","福岡県福岡市博多区美野島四丁目1-1 1112号","","","","","","","","","","","","","","","7290001072193","","","",""
"株式会社シバタ","3114918404176","","","","","","","441-8083","愛知県豊橋市東脇四丁目18-17","","","","","","","","","","","","","","","1180301005794","","","",""
"株式会社芝仁商店","5044058825735","","","","","","","166-0004","東京都杉並区阿佐谷南二丁目16-6","","","","","","","","","","","","","","","6011301003263","","","",""
"有限会社シバムラ","8814546394161","","","","","","","716-1131","岡山県加賀郡吉備中央町上竹2065-2","","","","","","","","","","","","","","","7260002014552","","","",""
"有限会社シービープランニング","5267223057331","","","","","","","146-0085","東京都大田区久が原一丁目18-18","","","","","","","","","","","","","","","1010802018171","","","",""
"シーフィールド株式会社","2076145364795","","","","","","","550-0015","大阪府大阪市西区南堀江一丁目12-19","","","","","","","","","","","","","","","3120001139426","","","",""
"株式会社シー・ブイ・エス西川","4450005509905","","","","","","","575-0044","大阪府四條畷市二丁通町2-10","","","","","","","","","","","","","","","4122001016208","","","",""
"株式会社渋沢百貨店","3295554009945","","","","","","","259-1321","神奈川県秦野市曲松一丁目1-8","","","","","","","","","","","","","","","7021001022462","","","",""
"株式会社志布志まちづくり公社","3274153773697","","","","","","","899-7103","鹿児島県志布志市志布志町志布志三丁目24-1","","","","","","","","","","","","","","","3340001015010","","","",""
"株式会社渋谷マークシティ","8339697886129","","","","","","","150-0043","東京都渋谷区道玄坂一丁目12-1","","","","","","","","","","","","","","","1011001031940","","","",""
"株式会社シー・ボディ","7575493771974","","","","","","","107-0062","東京都港区南青山五丁目4-30 南青山YSSビル6F","","","","","","","","","","","","","","","1010401058998","","","",""
"有限会社シマダ","7313745452013","","","","","","","904-2143","沖縄県沖縄市知花一丁目11-11","","","","","","","","","","","","","","","4360002011798","","","",""
"嶋田コンビニエンスストア・マネジメント有限会社","6648871046280","","","","","","","321-4521","栃木県真岡市久下田1508-1","","","","","","","","","","","","","","","7060002013599","","","",""
"株式会社島田商店","1074448315180","","","","","","","061-3202","北海道石狩市花川南二条三丁目40","","","","","","","","","","","","","","","9430001032949","","","",""
"株式会社島田商店","7376253433116","","","","","","","231-0053","神奈川県横浜市中区初音町三丁目56","","","","","","","","","","","","","","","5020003002094","","","",""
"有限会社しまだストアー","2967796930998","","","","","","","779-3303","徳島県吉野川市川島町桒村329","","","","","","","","","","","","","","","7480002009167","","","",""
"株式会社島田屋","1412429061079","","","","","","","111-0021","東京都台東区日本堤二丁目1-2","","","","","","","","","","","","","","","1010501005537","","","",""
"株式会社島忠","9841748617772","","","","","","","338-0001","埼玉県さいたま市中央区上落合八丁目3-32","","","","","","","","","","","","","","","1030001004269","","","",""
"株式会社島津屋","5037213154532","","","","","","","420-0937","静岡県静岡市葵区唐瀬二丁目17-5","","","","","","","","","","","","","","","9080001019841","","","",""
"株式会社シマニシ科研","3688061878180","","","","","","","169-0073","東京都新宿区百人町二丁目27-4","","","","","","","","","","","","","","","5011101032307","","","",""
"有限会社島野青果食品","7230980550474","","","","","","","270-2204","千葉県松戸市六実三丁目15-3","","","","","","","","","","","","","","","9040002046351","","","",""
"島の宝合同会社","7123406121583","","","","","","","894-0017","鹿児島県奄美市名瀬石橋町10-41","","","","","","","","","","","","","","","2340003001678","","","",""
"株式会社しまのや","7801957759835","","","","","","","901-0147","沖縄県那覇市宮城一丁目15-8","","","","","","","","","","","","","","","7360001005138","","","",""
"株式会社しまむら","2272842712616","","","","","","","259-1217","神奈川県平塚市長持508","","","","","","","","","","","","","","","1021001036815","","","",""
"島屋株式会社","3499836073645","","","","","","","939-0362","富山県射水市太閤山一丁目88","","","","","","","","","","","","","","","1230001012706","","","",""
"有限会社清水商店","3652588582498","","","","","","","190-0002","東京都立川市幸町五丁目11-3","","","","","","","","","","","","","","","5012802001087","","","",""
"株式会社清水商店","6337782314775","","","","","","","963-4312","福島県田村市船引町船引畑添54","","","","","","","","","","","","","","","5380001007984","","","",""
"株式会社清水精肉店","7083436203110","","","","","","","791-1134","愛媛県松山市恵原町甲299","","","","","","","","","","","","","","","4500001002115","","","",""
"株式会社清水屋","1964380209722","","","","","","","486-0845","愛知県春日井市瑞穂通五丁目33","","","","","","","","","","","","","","","7180001074250","","","",""
"有限会社清水屋","7953773474212","","","","","","","330-0802","埼玉県さいたま市大宮区宮町一丁目47","","","","","","","","","","","","","","","8030002007017","","","",""
"有限会社清水屋酒店","2961180010394","","","","","","","272-0024","千葉県市川市稲荷木三丁目16-8","","","","","","","","","","","","","","","2040002018431","","","",""
"有限会社〆五田原屋商店","3585920957994","","","","","","","386-0032","長野県上田市諏訪形1098","","","","","","","","","","","","","","","4100002014075","","","",""
"株式会社しめまる","4744861675924","","","","","","","094-0004","北海道紋別市本町六丁目4-13","","","","","","","","","","","","","","","3450001009422","","","",""
"株式会社シー・モア","4735528806950","","","","","","","531-0076","大阪府大阪市北区大淀中一丁目12-10 新梅田KSビル4F","","","","","","","","","","","","","","","4120001098968","","","",""
"株式会社下公水産","5528824798140","","","","","","","247-0002","神奈川県横浜市栄区小山台一丁目22-9","","","","","","","","","","","","","","","8020001053772","","","",""
"株式会社シモダ","6446106690092","","","","","","","208-0003","東京都武蔵村山市中央一丁目7-1","","","","","","","","","","","","","","","2012801002898","","","",""
"有限会社下野商店","4728153785118","","","","","","","731-0138","広島県広島市安佐南区祇園五丁目7-28","","","","","","","","","","","","","","","1240002007844","","","",""
"石神井丸正食品株式会社","6165249815134","","","","","","","188-0001","東京都西東京市谷戸町三丁目25-2","","","","","","","","","","","","","","","8011601003309","","","",""
"株式会社シャープ事業センター","7304875968167","","","","","","","545-0014","大阪府大阪市阿倍野区西田辺町二丁目5-14","","","","","","","","","","","","","","","1120001005489","","","",""
"株式会社シャボン玉本舗","2298078172945","","","","","","","803-0812","福岡県北九州市小倉北区室町一丁目1-1","","","","","","","","","","","","","","","6290801011863","","","",""
"有限会社シャルレ・ケイコ","8606402789143","","","","","","","950-0124","新潟県新潟市江南区亀田東町二丁目3-41","","","","","","","","","","","","","","","2110002008680","","","",""
"株式会社シー・ユー","3866251288362","","","","","","","733-0851","広島県広島市西区田方一丁目1-2","","","","","","","","","","","","","","","8240001015065","","","",""
"株式会社秀静","4500434892177","","","","","","","607-8151","京都府京都市山科区東野竹田10-129","","","","","","","","","","","","","","","7130001026966","","","",""
"秀麗ジャパン株式会社","2106710540993","","","","","","","813-0001","福岡県福岡市東区唐原三丁目16-4 101","","","","","","","","","","","","","","","9290001069808","","","",""
"有限会社秀和","9966920111630","","","","","","","292-0056","千葉県木更津市木更津一丁目1-36","","","","","","","","","","","","","","","9040002066944","","","",""
"株式会社主婦の店伯方町店","8624692607342","","","","","","","794-2305","愛媛県今治市伯方町木浦甲1292 第1","","","","","","","","","","","","","","","5500001012798","","","",""
"株式会社主婦の店","6981263464212","","","","","","","519-3613","三重県尾鷲市瀬木山町11-57","","","","","","","","","","","","","","","5190001004423","","","",""
"株式会社主婦の店赤穂店","9833525791708","","","","","","","678-0239","兵庫県赤穂市加里屋46-2","","","","","","","","","","","","","","","7140001040074","","","",""
"株式会社主婦の店鶴岡店","1988502659971","","","","","","","997-0034","山形県鶴岡市本町一丁目6-2","","","","","","","","","","","","","","","2390001007598","","","",""
"有限会社翔研企画","1092574193813","","","","","","","193-0934","東京都八王子市小比企町996","","","","","","","","","","","","","","","1010102003510","","","",""
"商工中金リース株式会社","2268565204936","","","","","","","110-0005","東京都台東区上野一丁目10-12","","","","","","","","","","","","","","","8010501017369","","","",""
"昭産開発株式会社","3533675465817","","","","","","","362-0042","埼玉県上尾市谷津二丁目1-1","","","","","","","","","","","","","","","4030001041607","","","",""
"有限会社小豆島なか本","7070405319706","","","","","","","761-4101","香川県小豆郡土庄町甲2971","","","","","","","","","","","","","","","6470002019028","","","",""
"協同組合湘南ライフタウンショッピングセンター","2219455993919","","","","","","","251-0861","神奈川県藤沢市大庭5061-2","","","","","","","","","","","","","","","4021005000104","","","",""
"株式会社尚美園製茶場","1931639999990","","","","","","","610-0221","京都府綴喜郡宇治田原町大字湯屋谷西塔ヶ谷1-45","","","","","","","","","","","","","","","2130001037910","","","",""
"有限会社招福企画","5810562251186","","","","","","","851-2128","長崎県西彼杵郡長与町嬉里郷456","","","","","","","","","","","","","","","8310002006527","","","",""
"有限会社松福堂","1232157888725","","","","","","","774-0047","徳島県阿南市下大野町松ノ本51-4","","","","","","","","","","","","","","","5480002013113","","","",""
"有限会社翔洋","3408758170956","","","","","","","252-0235","神奈川県相模原市中央区相生四丁目1-15","","","","","","","","","","","","","","","5021002021259","","","",""
"株式会社勝力","9263351311312","","","","","","","131-0042","東京都墨田区東墨田二丁目3-8","","","","","","","","","","","","","","","2010601039450","","","",""
"株式会社昭和","2194906807982","","","","","","","238-0006","神奈川県横須賀市日の出町三丁目17","","","","","","","","","","","","","","","2021001042440","","","",""
"有限会社食彩エフ","3196871917112","","","","","","","390-0313","長野県松本市大字岡田下岡田古川端8-1","","","","","","","","","","","","","","","8100002022982","","","",""
"株式会社食助","2691050465242","","","","","","","063-0803","北海道札幌市西区二十四軒三条一丁目1-31 水戸ビル1F","","","","","","","","","","","","","","","7430001034212","","","",""
"株式会社食鮮館タイヨー","8053400661368","","","","","","","420-0922","静岡県静岡市葵区流通センター10-6","","","","","","","","","","","","","","","1080001008117","","","",""
"食品スーパーフナツ株式会社","4683949573763","","","","","","","866-0876","熊本県八代市田中西町17-10","","","","","","","","","","","","","","","4330001013708","","","",""
"株式会社食品の店おおた","6767676050673","","","","","","","191-0062","東京都日野市多摩平六丁目12-11","","","","","","","","","","","","","","","5013401000348","","","",""
"株式会社曙光","8792792946823","","","","","","","253-0082","神奈川県茅ヶ崎市香川六丁目26-22","","","","","","","","","","","","","","","2021001006998","","","",""
"株式会社ショッパー桜川","7220828774580","","","","","","","529-1572","滋賀県東近江市桜川西町119-1","","","","","","","","","","","","","","","9160001009966","","","",""
"有限会社ショッパーズマルヤ","7430845948679","","","","","","","063-0062","北海道札幌市西区西町南十六丁目3-5","","","","","","","","","","","","","","","1430002009986","","","",""
"株式会社ショッパー山本","9996949547458","","","","","","","529-0354","滋賀県長浜市湖北町山本3344","","","","","","","","","","","","","","","9160001007251","","","",""
"株式会社ショッピング北広","2092658905191","","","","","","","061-1133","北海道北広島市栄町一丁目4-4","","","","","","","","","","","","","","","6430001033487","","","",""
"有限会社ショッピング熊本屋","2866166645811","","","","","","","861-7314","熊本県天草市有明町大島子2377-5","","","","","","","","","","","","","","","1330002028633","","","",""
"有限会社ショッピングストアー光長","2698430820613","","","","","","","872-0514","大分県宇佐市安心院町鳥越255","","","","","","","","","","","","","","","4320002014292","","","",""
"有限会社ショッピングセンターいわしろ","2894045944802","","","","","","","964-0313","福島県二本松市小浜新町16","","","","","","","","","","","","","","","5380002016316","","","",""
"有限会社ショッピングセンターはやしだ","8796270053204","","","","","","","859-2304","長崎県南島原市北有馬町丁97","","","","","","","","","","","","","","","7310002018300","","","",""
"株式会社ショッピングセンタープラザ・パル","5027846278560","","","","","","","787-0305","高知県土佐清水市天神町1-1","","","","","","","","","","","","","","","6490001004978","","","",""
"株式会社ショッピングセンター丸正総本店","8946080024728","","","","","","","160-0004","東京都新宿区四谷三丁目12","","","","","","","","","","","","","","","4011101009628","","","",""
"有限会社ショッピングながいけ","8310094272561","","","","","","","880-0121","宮崎県宮崎市大字島之内鷲取11001","","","","","","","","","","","","","","","8350002002324","","","",""
"有限会社ショッピングのだ","7378997378950","","","","","","","880-0835","宮崎県宮崎市阿波岐原町坊ノ下2875-1","","","","","","","","","","","","","","","7350002002325","","","",""
"有限会社ショッピングプラザくどう","3439665456388","","","","","","","028-7405","岩手県八幡平市平舘第二十六地割128-1","","","","","","","","","","","","","","","8400002007508","","","",""
"有限会社ショッピングマルショウ","5608533335393","","","","","","","895-1203","鹿児島県薩摩川内市樋脇町市比野2946","","","","","","","","","","","","","","","3340002017278","","","",""
"有限会社ショッピング山谷","4729102030138","","","","","","","955-0064","新潟県三条市横町二丁目9-34","","","","","","","","","","","","","","","4110002017218","","","",""
"有限会社ショップかとう","5290697348505","","","","","","","997-0014","山形県鶴岡市大宝寺町7-46","","","","","","","","","","","","","","","1390002009438","","","",""
"株式会社ショップ五条","9267389341949","","","","","","","615-8086","京都府京都市西京区桂乾町15-1","","","","","","","","","","","","","","","7130001008287","","","",""
"有限会社ショップやまもと","4758669126327","","","","","","","737-0001","広島県呉市阿賀北四丁目12-20","","","","","","","","","","","","","","","5240002033085","","","",""
"有限会社シライ","3502375163798","","","","","","","215-0001","神奈川県川崎市麻生区細山三丁目1-1","","","","","","","","","","","","","","","6020002094438","","","",""
"有限会社白石塗料","2286561534614","","","","","","","790-0012","愛媛県松山市湊町七丁目3-12","","","","","","","","","","","","","","","1500002003585","","","",""
"有限会社白井総合食品販売","6794440042432","","","","","","","158-0091","東京都世田谷区中町五丁目31-12","","","","","","","","","","","","","","","8010902007910","","","",""
"有限会社シラキ","9665070471894","","","","","","","607-8146","京都府京都市山科区東野舞台町90-6","","","","","","","","","","","","","","","4130002012316","","","",""
"株式会社知床屋まつもと","5100360183030","","","","","","","099-4355","北海道斜里郡斜里町ウトロ東156","","","","","","","","","","","","","","","7460301003392","","","",""
"新あじそう株式会社","5652121884536","","","","","","","682-0886","鳥取県倉吉市大正町二丁目90","","","","","","","","","","","","","","","7270001005080","","","",""
"有限会社シンエー","5694976783776","","","","","","","311-4141","茨城県水戸市赤塚一丁目1997-50","","","","","","","","","","","","","","","4050002001491","","","",""
"株式会社シンエー商事","7292649843102","","","","","","","501-6302","岐阜県羽島市舟橋町636-12","","","","","","","","","","","","","","","4200001030071","","","",""
"信越スペースシステム株式会社","5396020538692","","","","","","","949-8405","新潟県十日町市芋沢丙63","","","","","","","","","","","","","","","8110001021035","","","",""
"しんきんリース株式会社","8476166278713","","","","","","","105-0004","東京都港区新橋一丁目18-6 共栄火災ビル8階","","","","","","","","","","","","","","","6010401013073","","","",""
"有限会社シンコウ企画","6310266634993","","","","","","","133-0073","東京都江戸川区鹿骨二丁目43-7","","","","","","","","","","","","","","","6011702015758","","","",""
"新光商事株式会社","9697788303884","","","","","","","214-0012","神奈川県川崎市多摩区中野島六丁目22-5","","","","","","","","","","","","","","","6020001064193","","","",""
"株式会社新古賀","3173623997111","","","","","","","840-0831","佐賀県佐賀市松原三丁目3-34","","","","","","","","","","","","","","","5300001009105","","","",""
"有限会社新宿丸正野邊","3597248426433","","","","","","","164-0012","東京都中野区本町四丁目31-10 1303号","","","","","","","","","","","","","","","8011202002866","","","",""
"ＳＨＩＮＳＥＩＯＨ株式会社","9591656398888","","","","","","","606-0015","京都府京都市左京区岩倉幡枝町2088 リンク岩倉206号室","","","","","","","","","","","","","","","2120901036343","","","",""
"有限会社新生食品","4348257213808","","","","","","","370-1301","群馬県高崎市新町452-7","","","","","","","","","","","","","","","2070002015574","","","",""
"株式会社新生電気","6501588359107","","","","","","","804-0024","福岡県北九州市戸畑区西鞘ケ谷町13-28","","","","","","","","","","","","","","","7290801001847","","","",""
"有限会社新鮮市場","4632930192083","","","","","","","837-0916","福岡県大牟田市大字田隈907-1","","","","","","","","","","","","","","","9290002056169","","","",""
"有限会社新鮮市場いせや","8630086052425","","","","","","","489-0887","愛知県瀬戸市菱野台二丁目38","","","","","","","","","","","","","","","4180002072090","","","",""
"有限会社新鮮館","6210727262478","","","","","","","189-0025","東京都東村山市廻田町四丁目3-4","","","","","","","","","","","","","","","7012702002844","","","",""
"株式会社新鮮組本部","4008598537038","","","","","","","104-0032","東京都中央区八丁堀一丁目9-9","","","","","","","","","","","","","","","4010001045642","","","",""
"新千里南町市場事業協同組合","6674791886513","","","","","","","560-0084","大阪府豊中市新千里南町二丁目12-15 211号","","","","","","","","","","","","","","","3120905004048","","","",""
"株式会社しんたに","6865564018946","","","","","","","966-0092","福島県喜多方市字清水台三丁目1","","","","","","","","","","","","","","","8380001018649","","","",""
"株式会社新谷商店","2532827547769","","","","","","","170-0002","東京都豊島区巣鴨一丁目8-5","","","","","","","","","","","","","","","3013301000870","","","",""
"進代株式会社","5506046308361","","","","","","","270-1471","千葉県船橋市小室町3060-2","","","","","","","","","","","","","","","2040001091116","","","",""
"株式会社新地コア","2345796387313","","","","","","","752-0943","山口県下関市長府豊城町6-25","","","","","","","","","","","","","","","2250001005574","","","",""
"株式会社神鉄エンタープライズ","2054386669617","","","","","","","652-0803","兵庫県神戸市兵庫区大開通一丁目1-1","","","","","","","","","","","","","","","1140001013234","","","",""
"津東通商株式会社","2152558426681","","","","","","","533-0033","大阪府大阪市東淀川区東中島二丁目15-19","","","","","","","","","","","","","","","7120001187561","","","",""
"株式会社シンナゴヤトレード","3256049801679","","","","","","","486-0816","愛知県春日井市東野新町一丁目7-1","","","","","","","","","","","","","","","6180001074235","","","",""
"有限会社新納","6686451979134","","","","","","","518-0426","三重県名張市つつじが丘南六番町149","","","","","","","","","","","","","","","8190002013107","","","",""
"有限会社志んのや","8263268857423","","","","","","","969-1612","福島県伊達郡桑折町字西大隅92-5","","","","","","","","","","","","","","","2380002005214","","","",""
"株式会社新八田中商事","5723691904119","","","","","","","005-0015","北海道札幌市南区真駒内泉町二丁目2-14","","","","","","","","","","","","","","","7430001007655","","","",""
"株式会社ＳＩＭＰＳ　ＪＡＰＡＮ","4481732035270","","","","","","","581-0811","大阪府八尾市新家町一丁目12-3","","","","","","","","","","","","","","","3122001030201","","","",""
"有限会社伸邦商事","4777733181254","","","","","","","399-8203","長野県安曇野市豊科田沢5470","","","","","","","","","","","","","","","4100002023654","","","",""
"株式会社新堀商店","8798238933938","","","","","","","814-0172","福岡県福岡市早良区梅林六丁目4-13","","","","","","","","","","","","","","","7290002029390","","","",""
"株式会社新みやぎサービス","9318734696745","","","","","","","989-5615","宮城県栗原市志波姫沼崎南沖438","","","","","","","","","","","","","","","4370201003208","","","",""
"有限会社伸友","9335227250299","","","","","","","028-6852","岩手県二戸市浄法寺町樋田45-3","","","","","","","","","","","","","","","1400002012340","","","",""
"株式会社新洋","2306009477319","","","","","","","167-0051","東京都杉並区荻窪四丁目32-2","","","","","","","","","","","","","","","4011301003307","","","",""
"有限会社真和物産","8808232930685","","","","","","","125-0031","東京都葛飾区西水元三丁目27-3","","","","","","","","","","","","","","","9011802004047","","","",""
"株式会社Ｇ＆Ｌマート","7978136272408","","","","","","","192-0064","東京都八王子市田町2-5","","","","","","","","","","","","","","","1010101004708","","","",""
"株式会社ジー・ウェイブ","1448244974768","","","","","","","242-0007","神奈川県大和市中央林間三丁目23-15","","","","","","","","","","","","","","","3021001025295","","","",""
"ＪＲ九州リテール株式会社","8884875520160","","","","","","","812-0013","福岡県福岡市博多区博多駅東一丁目1-14","","","","","","","","","","","","","","","1290001013566","","","",""
"株式会社ジェイアールサービスネット広島","6617430208021","","","","","","","732-0057","広島県広島市東区二葉の里一丁目1-24","","","","","","","","","","","","","","","9240001014529","","","",""
"株式会社ジェイアール東海高島屋","8696331232747","","","","","","","450-0002","愛知県名古屋市中村区名駅一丁目1-4","","","","","","","","","","","","","","","1180001030531","","","",""
"株式会社ジェイアール西日本伊勢丹","8203419332237","","","","","","","600-8216","京都府京都市下京区東塩小路町901","","","","","","","","","","","","","","","7130001017503","","","",""
"ＪＲ西日本大阪開発株式会社","1768373153590","","","","","","","530-0017","大阪府大阪市北区角田町3-25","","","","","","","","","","","","","","","3120001072552","","","",""
"株式会社ＪＲ東日本クロスステーション","5046305579146","","","","","","","151-0051","東京都渋谷区千駄ケ谷五丁目33-8","","","","","","","","","","","","","","","3011101042662","","","",""
"ジェイアール東日本商業開発株式会社","6313334107340","","","","","","","190-0023","東京都立川市柴崎町三丁目2-1","","","","","","","","","","","","","","","5012801000610","","","",""
"ＪＲ北海道フレッシュキヨスク株式会社","2734241248027","","","","","","","060-0002","北海道札幌市中央区北二条西一丁目1-1 札幌ANビル4階","","","","","","","","","","","","","","","6430001021888","","","",""
"株式会社ＪＲ宮崎シティ","2139863163619","","","","","","","880-0806","宮崎県宮崎市広島二丁目11-11","","","","","","","","","","","","","","","5350001016253","","","",""
"株式会社ＪＡあぐりパーク食彩村","6738223727547","","","","","","","441-3201","愛知県豊橋市東七根町一の沢113","","","","","","","","","","","","","","","5180301009214","","","",""
"株式会社ＪＡあきた北ライフサービス","5135416154594","","","","","","","018-5701","秋田県大館市比内町扇田白砂89-2","","","","","","","","","","","","","","","2410001006795","","","",""
"株式会社ジェイエイ・エーコープ佐渡","1505314668527","","","","","","","952-0103","新潟県佐渡市新穂潟上2202-4","","","","","","","","","","","","","","","8110001027750","","","",""
"株式会社ジェイエイ遠中サービス","4758742196888","","","","","","","438-0086","静岡県磐田市見付3599-1","","","","","","","","","","","","","","","3080401015842","","","",""
"株式会社ジェイエイ越智今治","6692742145262","","","","","","","794-0028","愛媛県今治市北宝来町一丁目1-5","","","","","","","","","","","","","","","5500001011684","","","",""
"株式会社ジェイエイしみずサービス","5190743023047","","","","","","","424-0001","静岡県静岡市清水区梅ヶ谷195","","","","","","","","","","","","","","","7080001008276","","","",""
"有限会社ジェイエイ水戸グループサービス","9203626385855","","","","","","","311-4303","茨城県東茨城郡城里町大字石塚杉合町1146-1","","","","","","","","","","","","","","","1050002006080","","","",""
"株式会社ＪＡライフ富山","1584389650510","","","","","","","939-8153","富山県富山市吉岡468","","","","","","","","","","","","","","","5230001003593","","","",""
"株式会社ジェイエムシー","3505936348873","","","","","","","170-0013","東京都豊島区東池袋四丁目27-5 ライオンズプラザ池袋12階","","","","","","","","","","","","","","","8013301005080","","","",""
"株式会社ジェイオーディ","7729823645624","","","","","","","491-0914","愛知県一宮市花池四丁目17-12","","","","","","","","","","","","","","","9180001082730","","","",""
"ジェイケイ・インテリア株式会社","1094055380267","","","","","","","541-0059","大阪府大阪市中央区博労町一丁目8-8 ピカソ堺筋本町ビル3階","","","","","","","","","","","","","","","4120001003011","","","",""
"有限会社ＪＣタニザキコーポレーション","1233211925212","","","","","","","193-0802","東京都八王子市犬目町218-1","","","","","","","","","","","","","","","7010102008719","","","",""
"株式会社ジェイジェイエフ","4030435248374","","","","","","","389-0102","長野県北佐久郡軽井沢町大字軽井沢1068-57 ロイヤルビレッジ軽井沢C棟","","","","","","","","","","","","","","","6100001012524","","","",""
"株式会社ジェイフーズ","3560901132012","","","","","","","841-0203","佐賀県三養基郡基山町大字園部2783-13","","","","","","","","","","","","","","","4300001006383","","","",""
"有限会社ジェイワン","5283292669318","","","","","","","470-0153","愛知県愛知郡東郷町大字和合南蚊谷209-1","","","","","","","","","","","","","","","7180002061859","","","",""
"株式会社ＧＳコーポレーション","8216666394953","","","","","","","869-2307","熊本県阿蘇市小里656-1","","","","","","","","","","","","","","","4330001017221","","","",""
"株式会社ジェーソン","2532216371903","","","","","","","277-0921","千葉県柏市大津ケ丘二丁目8-5","","","","","","","","","","","","","","","7040001067160","","","",""
"株式会社ジェットサービス","3220937255553","","","","","","","132-0022","東京都江戸川区大杉一丁目16-1","","","","","","","","","","","","","","","2011701014707","","","",""
"株式会社ジェットストリーム","7726601917430","","","","","","","454-0825","愛知県名古屋市中川区好本町一丁目56","","","","","","","","","","","","","","","3180001095184","","","",""
"株式会社ジェネレーションパス","7903234419786","","","","","","","160-0023","東京都新宿区西新宿六丁目12-1 西新宿パークウエストビル5F","","","","","","","","","","","","","","","9011101032971","","","",""
"合資会社ジーエフユーティリティ","6957398254451","","","","","","","452-0804","愛知県名古屋市西区坂井戸町213","","","","","","","","","","","","","","","6180003008769","","","",""
"株式会社ジェム","2076265193278","","","","","","","650-0022","兵庫県神戸市中央区元町通二丁目3-2 ジェムビル6F","","","","","","","","","","","","","","","1140001024140","","","",""
"株式会社ジーエムストアー","5899027596710","","","","","","","173-0014","東京都板橋区大山東町18-4","","","","","","","","","","","","","","","3011401011061","","","",""
"株式会社直齋陶房","6384103176881","","","","","","","705-0033","岡山県備前市穂浪3863","","","","","","","","","","","","","","","8260002032215","","","",""
"株式会社Ｇｅｅｋ","6000024277098","","","","","","","351-0101","埼玉県和光市白子一丁目1-9 2F","","","","","","","","","","","","","","","9030001049991","","","",""
"ジーシックスリアルエステート株式会社","8677357049736","","","","","","","103-0022","東京都中央区日本橋室町三丁目2-1","","","","","","","","","","","","","","","9010001043393","","","",""
"株式会社Ｇ－７スーパーマート","5216346175613","","","","","","","654-0161","兵庫県神戸市須磨区弥栄台四丁目8-1","","","","","","","","","","","","","","","4140001022100","","","",""
"株式会社Ｇ‐７新流","4042174616316","","","","","","","561-0872","大阪府豊中市寺内二丁目13-57 緑地フレックスビル6F","","","","","","","","","","","","","","","4120901027233","","","",""
"株式会社Ｇ‐７リコス・ストアズ","2419320678374","","","","","","","222-0033","神奈川県横浜市港北区新横浜二丁目13-13 TPR新横浜ビル3階","","","","","","","","","","","","","","","2180001085806","","","",""
"有限会社時代屋","6909773628605","","","","","","","732-0026","広島県広島市東区中山中町5-11","","","","","","","","","","","","","","","9240002007622","","","",""
"有限会社ジーツー","9498348589707","","","","","","","769-1601","香川県観音寺市豊浜町姫浜1259-6","","","","","","","","","","","","","","","9470002017251","","","",""
"株式会社ＧＤＴ","6966291138560","","","","","","","333-0861","埼玉県川口市柳崎五丁目17-10 パークシティ2階B","","","","","","","","","","","","","","","8030001097298","","","",""
"株式会社ジパングインターナショナル","7962870194265","","","","","","","550-0006","大阪府大阪市西区江之子島二丁目1-1","","","","","","","","","","","","","","","1120001184795","","","",""
"株式会社ジミー","9484351000156","","","","","","","901-2223","沖縄県宜野湾市大山七丁目2-20","","","","","","","","","","","","","","","6360001008843","","","",""
"株式会社ジャコム石川","8892301844417","","","","","","","920-0000","石川県金沢市佐奇森町イ7-1","","","","","","","","","","","","","","","2220001001337","","","",""
"有限会社ジヤスト","2806676954082","","","","","","","808-0042","福岡県北九州市若松区棚田町9-17","","","","","","","","","","","","","","","1290802019019","","","",""
"有限会社ジャスト・ビジネス","4505632677398","","","","","","","108-0073","東京都港区三田五丁目8-8 204号","","","","","","","","","","","","","","","3010402031804","","","",""
"株式会社ジャスミ","4969816202068","","","","","","","814-0002","福岡県福岡市早良区西新五丁目1-15","","","","","","","","","","","","","","","4290801014827","","","",""
"株式会社ジャスミン","4283400186803","","","","","","","182-0021","東京都調布市調布ケ丘三丁目34-1 スィートハウスソフィア調布ケ丘605","","","","","","","","","","","","","","","1012401007910","","","",""
"ジャパンギャランティサービス株式会社","8464048517614","","","","","","","101-0022","東京都千代田区神田練塀町3 大東ビル8階","","","","","","","","","","","","","","","6010501006514","","","",""
"ジャパン・フラワーネットワーク株式会社","6478987308211","","","","","","","141-0031","東京都品川区西五反田三丁目7-9 平澤三陽ビル6階","","","","","","","","","","","","","","","5010701004681","","","",""
"株式会社ジャパンブリッジ","5712859672063","","","","","","","160-0022","東京都新宿区新宿三丁目17-5 T","","","","","","","","","","","","","","","2011101051895","","","",""
"株式会社ジャフマック","2620767971977","","","","","","","106-0032","東京都港区六本木七丁目18-12 シーボンビル10F","","","","","","","","","","","","","","","9011101009664","","","",""
"株式会社ＪＡＭＳＨＯＰＰＩＮＧ","5182329498430","","","","","","","151-0051","東京都渋谷区千駄ケ谷三丁目39-2 VORT神宮北参道10F","","","","","","","","","","","","","","","7011001072970","","","",""
"株式会社十一屋","2948390866902","","","","","","","142-0062","東京都品川区小山三丁目23-6","","","","","","","","","","","","","","","9010701004703","","","",""
"自由が丘事業協同組合","3179424528115","","","","","","","152-0035","東京都目黒区自由が丘一丁目28-8","","","","","","","","","","","","","","","9013205000292","","","",""
"自由ケ丘ひかり街協同組合","8644486154552","","","","","","","152-0035","東京都目黒区自由が丘一丁目27-2","","","","","","","","","","","","","","","1013205000291","","","",""
"株式会社十字屋商店","8914739789993","","","","","","","213-0001","神奈川県川崎市高津区溝口二丁目12-12","","","","","","","","","","","","","","","6020001066371","","","",""
"有限会社十善","4368343743197","","","","","","","134-0085","東京都江戸川区南葛西四丁目11-8","","","","","","","","","","","","","","","3011702015166","","","",""
"有限会社十文字影山商店","6967747326995","","","","","","","963-0213","福島県郡山市逢瀬町多田野十文字22","","","","","","","","","","","","","","","2380002010049","","","",""
"株式会社ジュエリーナカザワ","4049738797546","","","","","","","344-0031","埼玉県春日部市一ノ割一丁目11-1","","","","","","","","","","","","","","","7030001051108","","","",""
"株式会社純浦商店","5056698562298","","","","","","","896-1101","鹿児島県薩摩川内市里町里3299","","","","","","","","","","","","","","","9340001016432","","","",""
"有限会社ジョイ","3882737861263","","","","","","","125-0053","東京都葛飾区鎌倉一丁目15-1","","","","","","","","","","","","","","","3011802021691","","","",""
"有限会社ジョイセブン","1534896851552","","","","","","","652-0804","兵庫県神戸市兵庫区塚本通五丁目2-11","","","","","","","","","","","","","","","1140002011476","","","",""
"有限会社ＪＯＹＢＡＮＫ","7965000516155","","","","","","","701-0221","岡山県岡山市南区藤田2001","","","","","","","","","","","","","","","5260002004217","","","",""
"株式会社ジョイマート","6572022567353","","","","","","","344-0007","埼玉県春日部市小渕243","","","","","","","","","","","","","","","8030001051478","","","",""
"常栄株式会社","7382990578562","","","","","","","244-0844","神奈川県横浜市栄区田谷町1397","","","","","","","","","","","","","","","1020001000203","","","",""
"有限会社上州屋","1222387937129","","","","","","","350-0065","埼玉県川越市仲町4-10","","","","","","","","","","","","","","","2030002073758","","","",""
"株式会社条将","4812932996251","","","","","","","466-0834","愛知県名古屋市昭和区広路町南山68","","","","","","","","","","","","","","","5180001138288","","","",""
"常総ビジネス株式会社","4609665366796","","","","","","","301-0043","茨城県龍ケ崎市松葉六丁目21-2","","","","","","","","","","","","","","","9050001034752","","","",""
"城東市場株式会社","5694416743581","","","","","","","536-0004","大阪府大阪市城東区今福西一丁目10-1","","","","","","","","","","","","","","","4120001015122","","","",""
"株式会社ジョージハウス沖縄","5521176366213","","","","","","","905-0225","沖縄県国頭郡本部町字崎本部151","","","","","","","","","","","","","","","7360001001079","","","",""
"株式会社如水庵","9763738882666","","","","","","","812-0011","福岡県福岡市博多区博多駅前二丁目19-29","","","","","","","","","","","","","","","4290001013893","","","",""
"株式会社ジョセフィーヌ","4811432403871","","","","","","","272-0123","千葉県市川市幸二丁目1-2 110室","","","","","","","","","","","","","","","9040001026552","","","",""
"株式会社ＪＩＮ","1509181200303","","","","","","","389-0111","長野県北佐久郡軽井沢町大字長倉3398-1","","","","","","","","","","","","","","","4010001137910","","","",""
"有限会社陣屋","2344385019734","","","","","","","675-0066","兵庫県加古川市加古川町寺家町315","","","","","","","","","","","","","","","2140002035945","","","",""
"株式会社スイスワコーズ","9889735262697","","","","","","","700-0986","岡山県岡山市北区新屋敷町二丁目6-22","","","","","","","","","","","","","","","2260001030976","","","",""
"吹田商業振興協同組合","9320575931245","","","","","","","565-0863","大阪府吹田市竹見台三丁目6-6","","","","","","","","","","","","","","","3120905001375","","","",""
"有限会社スウェーデン","5935660173699","","","","","","","106-0031","東京都港区西麻布三丁目6-9","","","","","","","","","","","","","","","4010402027272","","","",""
"有限会社スエオカ","5178521654065","","","","","","","857-0341","長崎県北松浦郡佐々町羽須和免834","","","","","","","","","","","","","","","6310002013054","","","",""
"株式会社スエヒロ","2798474062289","","","","","","","780-0834","高知県高知市堺町3-1","","","","","","","","","","","","","","","1490001001856","","","",""
"株式会社すえひろ","5043876480371","","","","","","","193-0844","東京都八王子市高尾町1580","","","","","","","","","","","","","","","8010101001839","","","",""
"株式会社末広","8558408511849","","","","","","","781-3521","高知県土佐郡土佐町田井1353-2","","","","","","","","","","","","","","","9490001006195","","","",""
"末広フーズ株式会社","5199843537646","","","","","","","923-0000","石川県小松市南浅井町イ101-6","","","","","","","","","","","","","","","5220001012059","","","",""
"有限会社末広マート","7659339679364","","","","","","","790-0023","愛媛県松山市末広町15-12","","","","","","","","","","","","","","","1500002003643","","","",""
"周防商事株式会社","4512754161871","","","","","","","743-0065","山口県光市上島田四丁目6-12","","","","","","","","","","","","","","","6250001010240","","","",""
"株式会社ＳＫＹ","2648237127767","","","","","","","584-0071","大阪府富田林市藤沢台一丁目4-20","","","","","","","","","","","","","","","8013201010255","","","",""
"株式会社ＳＫＹ通商","2920639121919","","","","","","","892-0846","鹿児島県鹿児島市加治屋町1-11 402号","","","","","","","","","","","","","","","5340001018671","","","",""
"株式会社スカイブルー","9518435585237","","","","","","","661-0014","兵庫県尼崎市上ノ島町一丁目2-5 505号","","","","","","","","","","","","","","","6140001053382","","","",""
"株式会社スカイワード","5224775389981","","","","","","","864-0041","熊本県荒尾市荒尾1480-23","","","","","","","","","","","","","","","1330001011887","","","",""
"有限会社須貝デンキ","7348172561023","","","","","","","992-0771","山形県西置賜郡白鷹町大字鮎貝1038","","","","","","","","","","","","","","","3390002015161","","","",""
"有限会社須賀商会","9477590317004","","","","","","","125-0052","東京都葛飾区柴又四丁目11-10","","","","","","","","","","","","","","","7011802004081","","","",""
"有限会社菅沼商店","2465851649161","","","","","","","039-4136","青森県上北郡横浜町字横浜60","","","","","","","","","","","","","","","3420002020100","","","",""
"株式会社スキナブラジル","7819959725213","","","","","","","520-3254","滋賀県湖南市岩根中央一丁目51","","","","","","","","","","","","","","","8160001021971","","","",""
"合資会社杉坂商店","9466319881469","","","","","","","444-0054","愛知県岡崎市田町21","","","","","","","","","","","","","","","9180303000209","","","",""
"有限会社スギシタストアー","2866594439218","","","","","","","331-0052","埼玉県さいたま市西区三橋五丁目995","","","","","","","","","","","","","","","9030002007445","","","",""
"スギスマイル株式会社","9098282316824","","","","","","","474-0011","愛知県大府市横根町新江62-1","","","","","","","","","","","","","","","7180301017157","","","",""
"株式会社杉の木屋","7517812225699","","","","","","","202-0006","東京都西東京市栄町三丁目1-7 103","","","","","","","","","","","","","","","8011001011705","","","",""
"有限会社杉原薬局","9560019974669","","","","","","","870-0034","大分県大分市都町三丁目5-20","","","","","","","","","","","","","","","6320002003707","","","",""
"株式会社スクネプロモーション","8999989720019","","","","","","","289-1113","千葉県八街市八街へ214-347","","","","","","","","","","","","","","","1040001050064","","","",""
"有限会社寿しや","8089286098198","","","","","","","296-0233","千葉県鴨川市金束33","","","","","","","","","","","","","","","9040002100876","","","",""
"有限会社スズカ","2944061701453","","","","","","","489-0055","愛知県瀬戸市滝之湯町18-1","","","","","","","","","","","","","","","3180002071894","","","",""
"有限会社鈴木商事","2028710557743","","","","","","","306-0126","茨城県古河市諸川271","","","","","","","","","","","","","","","8050002025702","","","",""
"有限会社鈴木商事","7224310087735","","","","","","","385-0022","長野県佐久市岩村田651","","","","","","","","","","","","","","","3100002010760","","","",""
"有限会社鈴木商店","1641065523816","","","","","","","022-0004","岩手県大船渡市猪川町長谷堂101","","","","","","","","","","","","","","","2402702000243","","","",""
"鈴木青果有限会社","5072509134833","","","","","","","120-0042","東京都足立区千住龍田町28-20","","","","","","","","","","","","","","","6011802014429","","","",""
"株式会社鈴木通商","5998310540888","","","","","","","273-0005","千葉県船橋市本町四丁目37-13","","","","","","","","","","","","","","","2040002027044","","","",""
"株式会社スズキヤ","5128800108546","","","","","","","249-0006","神奈川県逗子市逗子五丁目3-28 スズキヤビル6F","","","","","","","","","","","","","","","6021001041455","","","",""
"有限会社鈴木屋酒店","1776701894176","","","","","","","232-0007","神奈川県横浜市南区清水ケ丘22","","","","","","","","","","","","","","","5020002030393","","","",""
"有限会社鈴木屋本店","3576657101233","","","","","","","240-0067","神奈川県横浜市保土ケ谷区常盤台31-24","","","","","","","","","","","","","","","5020002024049","","","",""
"株式会社スズキリファイン","4055414424357","","","","","","","615-0022","京都府京都市右京区西院平町25 ライフプラザ西大路四条3階","","","","","","","","","","","","","","","3130001027159","","","",""
"有限会社鈴功商店","5366515277016","","","","","","","321-0344","栃木県宇都宮市田野町162-4","","","","","","","","","","","","","","","6060002005060","","","",""
"株式会社鈴乃屋リンリン友の会","3214803683071","","","","","","","158-0083","東京都世田谷区奥沢五丁目24-18","","","","","","","","","","","","","","","6010501014789","","","",""
"有限会社鈴東商店","2296378770984","","","","","","","891-0203","鹿児島県鹿児島市喜入町7011","","","","","","","","","","","","","","","5340002012228","","","",""
"株式会社鈴福商店","3992269185103","","","","","","","014-0318","秋田県仙北市角館町中町23-2","","","","","","","","","","","","","","","7410001008515","","","",""
"有限会社すずまーと","7197246749451","","","","","","","029-1201","岩手県一関市室根町折壁一丁目21","","","","","","","","","","","","","","","8400502001489","","","",""
"株式会社スズヤ","9300531631437","","","","","","","519-1106","三重県亀山市関町会下1360-29","","","","","","","","","","","","","","","4190001003426","","","",""
"株式会社スズラン","1838519524519","","","","","","","371-0022","群馬県前橋市千代田町二丁目12-3","","","","","","","","","","","","","","","6070001001753","","","",""
"スター株式会社","7521815902151","","","","","","","520-3042","滋賀県栗東市辻527-1","","","","","","","","","","","","","","","6160001017831","","","",""
"有限会社スタイル","8483965181486","","","","","","","600-8086","京都府京都市下京区本燈籠町3","","","","","","","","","","","","","","","3130002019007","","","",""
"有限会社スタイルビズ","2455645595181","","","","","","","330-0846","埼玉県さいたま市大宮区大門町三丁目143-1 802","","","","","","","","","","","","","","","4030002018257","","","",""
"株式会社スタイルプランニング","9523555382489","","","","","","","370-0068","群馬県高崎市昭和町229-2 スタイルビル","","","","","","","","","","","","","","","5070001028319","","","",""
"スターデザインコスメティックス株式会社","1937053055283","","","","","","","169-0072","東京都新宿区大久保一丁目3-14 WBC6F","","","","","","","","","","","","","","","9011101077793","","","",""
"スタートレーディング株式会社","5466867715392","","","","","","","719-3201","岡山県真庭市久世2406-3","","","","","","","","","","","","","","","5260001022896","","","",""
"スターマーク株式会社","1739441077644","","","","","","","105-0001","東京都港区虎ノ門一丁目17-1 虎ノ門ヒルズビジネスタワー15F","","","","","","","","","","","","","","","7011001071956","","","",""
"スタリースカイ株式会社","8986499444128","","","","","","","350-1323","埼玉県狭山市鵜ノ木2-15","","","","","","","","","","","","","","","7030001112446","","","",""
"スターワールド株式会社","6513962283118","","","","","","","319-1111","茨城県那珂郡東海村大字舟石川580-48","","","","","","","","","","","","","","","2050001008580","","","",""
"株式会社ＳＴＡＮＤＡＲＴＨ","3001282022420","","","","","","","535-0022","大阪府大阪市旭区新森三丁目15-25","","","","","","","","","","","","","","","1120001146267","","","",""
"株式会社ステーションフード","6756673938442","","","","","","","819-0002","福岡県福岡市西区姪の浜四丁目8-2","","","","","","","","","","","","","","","3290001000298","","","",""
"株式会社ステップ","8951302202505","","","","","","","986-1111","宮城県石巻市鹿又道的前60-1","","","","","","","","","","","","","","","7370301000713","","","",""
"株式会社ステラ","3715324271275","","","","","","","481-0013","愛知県北名古屋市二子比良出120","","","","","","","","","","","","","","","9180001051900","","","",""
"有限会社ｓｔｅｌｌａ１２２１","7816271213126","","","","","","","810-0014","福岡県福岡市中央区平尾一丁目3-31 1410号","","","","","","","","","","","","","","","1290002029157","","","",""
"有限会社ステラヴィスタ","5846195211857","","","","","","","154-0014","東京都世田谷区新町一丁目22-3 111号","","","","","","","","","","","","","","","6010902021186","","","",""
"株式会社ステンドライト","2988245727821","","","","","","","135-0004","東京都江東区森下三丁目13-5 3階","","","","","","","","","","","","","","","3010601004131","","","",""
"株式会社ストア","6459616477644","","","","","","","530-0001","大阪府大阪市北区梅田三丁目2-123 イノゲート大阪10階","","","","","","","","","","","","","","","4120001109477","","","",""
"有限会社ストア岩下","4113915952329","","","","","","","899-6603","鹿児島県霧島市牧園町高千穂3617","","","","","","","","","","","","","","","1340002015077","","","",""
"有限会社ストアーこだいら","4535629824645","","","","","","","321-0201","栃木県下都賀郡壬生町大字安塚911-9","","","","","","","","","","","","","","","2060002034377","","","",""
"有限会社ストアー三吉","1033599865324","","","","","","","999-6701","山形県酒田市砂越楯之内52-12","","","","","","","","","","","","","","","9390002008366","","","",""
"有限会社ストアーヨコタ","9794320138008","","","","","","","027-0023","岩手県宮古市磯鶏沖11-7","","","","","","","","","","","","","","","8400002010692","","","",""
"有限会社砂川冷凍総合食品","3478400334618","","","","","","","907-0004","沖縄県石垣市字登野城723","","","","","","","","","","","","","","","1360002021255","","","",""
"株式会社砂原夢企画","1272132599323","","","","","","","739-0452","広島県廿日市市丸石四丁目15-45","","","","","","","","","","","","","","","6240001050741","","","",""
"株式会社スノーキャッププラス","2839824732738","","","","","","","170-0013","東京都豊島区東池袋三丁目1-1 サンシャイン60ビル内","","","","","","","","","","","","","","","2013301022032","","","",""
"株式会社スバル","3629577780330","","","","","","","535-0004","大阪府大阪市旭区生江三丁目9-37","","","","","","","","","","","","","","","8120001000616","","","",""
"株式会社スーパーアサヒ","6108518916818","","","","","","","289-2713","千葉県旭市萩園1198-13","","","","","","","","","","","","","","","4040001084992","","","",""
"有限会社スーパーあさひ屋","5445613125731","","","","","","","355-0225","埼玉県比企郡嵐山町大字鎌形1285-9","","","","","","","","","","","","","","","7030002097728","","","",""
"有限会社スーパーあらい","2815944107210","","","","","","","381-0083","長野県長野市西三才2357-1","","","","","","","","","","","","","","","9100002005268","","","",""
"株式会社スーパーアルプス","7720763144946","","","","","","","192-0011","東京都八王子市滝山町二丁目351","","","","","","","","","","","","","","","2010101001836","","","",""
"株式会社スーパーエース","3690634752998","","","","","","","065-0018","北海道札幌市東区北十八条東八丁目2-15","","","","","","","","","","","","","","","3430001070979","","","",""
"株式会社スーパー王子","2366453064171","","","","","","","661-0022","兵庫県尼崎市尾浜町二丁目14-10","","","","","","","","","","","","","","","6140001049372","","","",""
"株式会社スーパー大浦","9546726215738","","","","","","","885-0081","宮崎県都城市鷹尾三丁目4-6","","","","","","","","","","","","","","","5350001008044","","","",""
"有限会社スーパー大崎屋","3970352493406","","","","","","","430-0845","静岡県浜松市中央区中田島町1652","","","","","","","","","","","","","","","3080402003945","","","",""
"有限会社スーパーオカムラ","4439910796469","","","","","","","417-0015","静岡県富士市鈴川町3-6","","","","","","","","","","","","","","","1080102014162","","","",""
"有限会社スーパーおかめや","8467409506282","","","","","","","496-8046","愛知県愛西市赤目町東流作93-1","","","","","","","","","","","","","","","5180002090678","","","",""
"スーパーおさだ株式会社","9236081180001","","","","","","","421-0101","静岡県静岡市駿河区向敷地六丁目7-52","","","","","","","","","","","","","","","3080001002209","","","",""
"株式会社スーパーカケモ","8737800364300","","","","","","","034-0037","青森県十和田市穂並町15","","","","","","","","","","","","","","","9420001011350","","","",""
"有限会社スーパーかさや","7421101232151","","","","","","","299-4501","千葉県いすみ市岬町椎木1844","","","","","","","","","","","","","","","8040002102056","","","",""
"有限会社スーパー角松","3759148073131","","","","","","","292-0822","千葉県木更津市桜井562","","","","","","","","","","","","","","","3040002066982","","","",""
"株式会社スーパーカンパニー","4950714468709","","","","","","","542-0072","大阪府大阪市中央区高津三丁目14-6 島之内ビル2階","","","","","","","","","","","","","","","8120101044645","","","",""
"株式会社スーパーキクタ","5293917673032","","","","","","","960-2156","福島県福島市荒井庚申下22","","","","","","","","","","","","","","","9380001000696","","","",""
"スパーキークリエイト株式会社","3532800118346","","","","","","","053-0003","北海道苫小牧市入船町三丁目2-5 入船クロスポートビル1階D号室","","","","","","","","","","","","","","","9011801030969","","","",""
"株式会社スーパーキタムラ","4497929170622","","","","","","","143-0025","東京都大田区南馬込四丁目21-10","","","","","","","","","","","","","","","2010801005830","","","",""
"有限会社スーパーぎんこう","2227912859820","","","","","","","418-0000","静岡県富士宮市下条388-2","","","","","","","","","","","","","","","1080102016844","","","",""
"株式会社スパーク","1237427598934","","","","","","","733-0833","広島県広島市西区商工センター二丁目17-37","","","","","","","","","","","","","","","8240001005256","","","",""
"有限会社スーパーケンちゃん","4293063763173","","","","","","","889-3532","宮崎県串間市大字大平5803-1","","","","","","","","","","","","","","","4350002017433","","","",""
"有限会社スーパーコサカ","6945783235318","","","","","","","185-0022","東京都国分寺市東元町四丁目16-21","","","","","","","","","","","","","","","1012402003710","","","",""
"有限会社スーパーこでら","5815679682268","","","","","","","434-0028","静岡県浜松市浜名区上善地801-1","","","","","","","","","","","","","","","5080402015096","","","",""
"株式会社スーパーサカイ","7564680185963","","","","","","","504-0856","岐阜県各務原市蘇原島崎町二丁目22","","","","","","","","","","","","","","","1200001007196","","","",""
"有限会社スーパーさかもと","7226964959202","","","","","","","311-3501","茨城県行方市芹沢750-1","","","","","","","","","","","","","","","6050002029093","","","",""
"有限会社スーパーサタケ","5016656760005","","","","","","","989-4601","宮城県登米市迫町新田飯島39-1","","","","","","","","","","","","","","","8370402001849","","","",""
"株式会社佐藤長","2204178056695","","","","","","","036-8227","青森県弘前市大字桔梗野四丁目9-2","","","","","","","","","","","","","","","2420001009145","","","",""
"有限会社スーパーサナダ","3394454765163","","","","","","","403-0009","山梨県富士吉田市富士見四丁目6-57","","","","","","","","","","","","","","","7090002012152","","","",""
"株式会社スーパーサンエー","3820823515549","","","","","","","596-0812","大阪府岸和田市大町475","","","","","","","","","","","","","","","9120101036897","","","",""
"株式会社スーパーサンコー","8889435750291","","","","","","","547-0026","大阪府大阪市平野区喜連西一丁目18-64","","","","","","","","","","","","","","","4120001020592","","","",""
"スーパーサンシ株式会社","2066301470399","","","","","","","513-0806","三重県鈴鹿市算所二丁目5-1","","","","","","","","","","","","","","","5190001015206","","","",""
"有限会社スーパー白井","1257460285018","","","","","","","305-0854","茨城県つくば市上横場2380-4","","","","","","","","","","","","","","","9050002021469","","","",""
"株式会社スーパー信","6937046402122","","","","","","","811-2413","福岡県糟屋郡篠栗町大字尾仲388-20","","","","","","","","","","","","","","","7290001038335","","","",""
"有限会社スーパー新生","2054113229107","","","","","","","886-0004","宮崎県小林市細野394","","","","","","","","","","","","","","","7350002017868","","","",""
"株式会社スーパーしんどう","9347489493707","","","","","","","379-2201","群馬県伊勢崎市間野谷町615","","","","","","","","","","","","","","","8070001013904","","","",""
"有限会社スーパースズキ","2238083156199","","","","","","","411-0803","静岡県三島市大場127-1","","","","","","","","","","","","","","","2080102010540","","","",""
"株式会社スーパーストア","5784934854767","","","","","","","037-0305","青森県北津軽郡中泊町大字中里紅葉坂154","","","","","","","","","","","","","","","3420001008278","","","",""
"株式会社スーパーストアナカガワ","6689811213673","","","","","","","573-0102","大阪府枚方市長尾家具町三丁目11-17","","","","","","","","","","","","","","","6120001149835","","","",""
"株式会社スーパー鮮","6431243109374","","","","","","","661-0012","兵庫県尼崎市南塚口町七丁目1-14","","","","","","","","","","","","","","","5140001049373","","","",""
"株式会社スーパーセンターフィール","8293604318729","","","","","","","375-0015","群馬県藤岡市中栗須390","","","","","","","","","","","","","","","2070001012721","","","",""
"有限会社スーパー高島","1948708221809","","","","","","","851-1315","長崎県長崎市高島町2707-12","","","","","","","","","","","","","","","4310002002570","","","",""
"有限会社スーパー・タカセ","2282661185188","","","","","","","273-0111","千葉県鎌ケ谷市北中沢一丁目1-2","","","","","","","","","","","","","","","4040002038023","","","",""
"有限会社スーパー玉井","9874498643147","","","","","","","038-3503","青森県北津軽郡鶴田町大字鶴田生松107-1","","","","","","","","","","","","","","","7420002011616","","","",""
"株式会社スーパータマカネ","3240230786631","","","","","","","463-0036","愛知県名古屋市守山区向台二丁目302","","","","","","","","","","","","","","","8180001000585","","","",""
"株式会社スーパー玉出","4624329893282","","","","","","","557-0044","大阪府大阪市西成区玉出中一丁目12-9","","","","","","","","","","","","","","","9120001103087","","","",""
"株式会社スーパーチエン主婦の店中津川店","3432582300579","","","","","","","508-0011","岐阜県中津川市駒場456-1","","","","","","","","","","","","","","","1200001023383","","","",""
"有限会社スーパー千代田","5368388753882","","","","","","","420-0803","静岡県静岡市葵区千代田三丁目3-36","","","","","","","","","","","","","","","7080002002823","","","",""
"スーパーつぼい有限会社","7486115088676","","","","","","","434-0015","静岡県浜松市浜名区於呂3081","","","","","","","","","","","","","","","2080402016964","","","",""
"有限会社スーパー・トツカ","5098886959248","","","","","","","412-0006","静岡県御殿場市中畑528","","","","","","","","","","","","","","","2080102007066","","","",""
"有限会社スーパーなかはら","8496808175241","","","","","","","771-4261","徳島県徳島市丈六町新居田30-1","","","","","","","","","","","","","","","2480002003455","","","",""
"株式会社スーパー中村","2609028794827","","","","","","","856-0814","長崎県大村市松並一丁目293-2","","","","","","","","","","","","","","","6310001008781","","","",""
"有限会社スーパーネゴロ","1926226068006","","","","","","","649-6202","和歌山県岩出市根来2-1","","","","","","","","","","","","","","","5170002007773","","","",""
"有限会社スーパーハニー","8050094704295","","","","","","","743-0007","山口県光市室積四丁目2-14","","","","","","","","","","","","","","","7250002017011","","","",""
"株式会社スーパーバリュー","2002577636813","","","","","","","362-0036","埼玉県上尾市宮本町5-18 三協堂ビル4階","","","","","","","","","","","","","","","2030001044306","","","",""
"株式会社スーパー日の出","6921839516047","","","","","","","306-0101","茨城県古河市尾崎5307","","","","","","","","","","","","","","","1050001019158","","","",""
"有限会社スーパーヒルセン","3746940766776","","","","","","","717-0501","岡山県真庭市蒜山中福田295-9","","","","","","","","","","","","","","","5260002034016","","","",""
"株式会社スーパーヒロセヤ","4989078593334","","","","","","","311-0134","茨城県那珂市飯田2708-2","","","","","","","","","","","","","","","4050001004693","","","",""
"有限会社スーパーフレッシュ","2515378403283","","","","","","","068-0536","北海道夕張市南清水沢四丁目3","","","","","","","","","","","","","","","9430002051155","","","",""
"有限会社スーパー北部","1839794915934","","","","","","","420-0961","静岡県静岡市葵区北二丁目20-85","","","","","","","","","","","","","","","6080002002824","","","",""
"株式会社スーパー細川","3978193167667","","","","","","","871-0025","大分県中津市大字万田391-1","","","","","","","","","","","","","","","4320001010805","","","",""
"有限会社スーパーほりぐち","6882424904710","","","","","","","888-0001","宮崎県串間市大字西方3933-1","","","","","","","","","","","","","","","3350002017434","","","",""
"株式会社スーパーホンダ","1648222830733","","","","","","","319-0106","茨城県小美玉市堅倉870-1","","","","","","","","","","","","","","","7050001011596","","","",""
"株式会社スーパー・マエカワ","7355139753250","","","","","","","612-8141","京都府京都市伏見区向島二ノ丸町68-77","","","","","","","","","","","","","","","7130001014789","","","",""
"株式会社スーパー丸幸","3756060104472","","","","","","","370-2316","群馬県富岡市富岡980","","","","","","","","","","","","","","","4070001011787","","","",""
"有限会社スーパー丸善","7955108926346","","","","","","","510-0863","三重県四日市市大字塩浜3032-1","","","","","","","","","","","","","","","9190002020614","","","",""
"有限会社スーパーマルハチ","8927085321102","","","","","","","500-8285","岐阜県岐阜市南鶉三丁目3","","","","","","","","","","","","","","","2200002002410","","","",""
"株式会社スーパーまるまつ","2282441617448","","","","","","","832-0058","福岡県柳川市上宮永町394-5","","","","","","","","","","","","","","","7290001054877","","","",""
"株式会社スーパーみらべる","8012073852107","","","","","","","173-0004","東京都板橋区板橋一丁目35-9","","","","","","","","","","","","","","","4011401003306","","","",""
"有限会社スーパー森","9722134555009","","","","","","","376-0041","群馬県桐生市川内町四丁目325","","","","","","","","","","","","","","","2070002023783","","","",""
"株式会社スーパーモリナガ","6313469293131","","","","","","","840-2205","佐賀県佐賀市川副町大字南里757","","","","","","","","","","","","","","","9300001003285","","","",""
"株式会社スーパーヤオフジ","9402076457721","","","","","","","333-0864","埼玉県川口市柳根町16-1","","","","","","","","","","","","","","","7030001021052","","","",""
"有限会社スーパーやの","5839714672995","","","","","","","879-3301","大分県佐伯市宇目大字小野市3481-1","","","","","","","","","","","","","","","7320002017672","","","",""
"有限会社スーパー山内","5509727380933","","","","","","","417-0061","静岡県富士市伝法2865-5","","","","","","","","","","","","","","","8080102014164","","","",""
"有限会社スーパー山金","4089762136172","","","","","","","420-0967","静岡県静岡市葵区羽高町11-12","","","","","","","","","","","","","","","3080002002827","","","",""
"有限会社スーパーやまだ","4654616261584","","","","","","","884-0101","宮崎県児湯郡木城町大字高城1211","","","","","","","","","","","","","","","4350002009182","","","",""
"株式会社スーパーヤマダイ","1309642801049","","","","","","","458-0036","愛知県名古屋市緑区六田一丁目160","","","","","","","","","","","","","","","4180001028275","","","",""
"有限会社スーパーヤマヤ","2002353968055","","","","","","","038-3135","青森県つがる市木造有楽町1-4","","","","","","","","","","","","","","","5420002012434","","","",""
"有限会社スーパーよしだ","6460687423109","","","","","","","888-0001","宮崎県串間市大字西方6779-1","","","","","","","","","","","","","","","9350002017296","","","",""
"株式会社スーパーよしだ","2912599679773","","","","","","","899-0121","鹿児島県出水市米ノ津町35-3","","","","","","","","","","","","","","","6340001011774","","","",""
"株式会社スーパーラック","7535724436583","","","","","","","421-0523","静岡県牧之原市波津三丁目28","","","","","","","","","","","","","","","3080001013569","","","",""
"有限会社スーパーロフティ","8626235039347","","","","","","","926-0000","石川県七尾市高田町ホ部43","","","","","","","","","","","","","","","4220002014286","","","",""
"有限会社スパンショップ荒田","1758328253561","","","","","","","329-0618","栃木県河内郡上三川町しらさぎ二丁目22-1","","","","","","","","","","","","","","","3060002011144","","","",""
"株式会社スプースベイスン","3325058411832","","","","","","","607-8234","京都府京都市山科区勧修寺南大日町12-10","","","","","","","","","","","","","","","6130001040431","","","",""
"株式会社スポット","9839819524154","","","","","","","940-2127","新潟県長岡市新産三丁目6-12","","","","","","","","","","","","","","","9110001017370","","","",""
"株式会社ＳＭＡＴ","7297091189198","","","","","","","849-4252","佐賀県伊万里市山代町楠久津177-340","","","","","","","","","","","","","","","3300001006013","","","",""
"株式会社スリーエイト","9154446313499","","","","","","","252-0203","神奈川県相模原市中央区東淵野辺二丁目9-45 コスモ淵野辺305号","","","","","","","","","","","","","","","5011301023782","","","",""
"株式会社スリーエスしばた","9694303714984","","","","","","","836-0884","福岡県大牟田市笹原町二丁目22-11","","","","","","","","","","","","","","","3290001083979","","","",""
"株式会社スリーエフ","9099408596056","","","","","","","231-0021","神奈川県横浜市中区日本大通17","","","","","","","","","","","","","","","5020001027135","","","",""
"スリー・ユ株式会社","9324273346811","","","","","","","810-0001","福岡県福岡市中央区天神四丁目3-30 天神ビル新館3階","","","","","","","","","","","","","","","8290001008221","","","",""
"株式会社スローヴィレッジ","9217249436948","","","","","","","408-0032","山梨県北杜市長坂町大井ヶ森1176-210","","","","","","","","","","","","","","","8021001006002","","","",""
"株式会社諏訪ストア","1274672852819","","","","","","","965-0871","福島県会津若松市栄町2-14","","","","","","","","","","","","","","","9060001012831","","","",""
"有限会社諏訪富商店","8760859805573","","","","","","","997-0044","山形県鶴岡市新海町26-18","","","","","","","","","","","","","","","6390002009490","","","",""
"株式会社スワンユニオン","2547930743323","","","","","","","561-0834","大阪府豊中市庄内栄町二丁目11-1","","","","","","","","","","","","","","","8120901024276","","","",""
"Ｚ．Ｚ．Ｂｉｚ．株式会社","8493782797769","","","","","","","655-0003","兵庫県神戸市垂水区小束山本町二丁目2-3","","","","","","","","","","","","","","","3140003004551","","","",""
"有限会社セイイェス","1029233120246","","","","","","","565-0851","大阪府吹田市千里山西一丁目24-5","","","","","","","","","","","","","","","3120902006641","","","",""
"生活協同組合コープあきた","2302828159947","","","","","","","011-0941","秋田県秋田市土崎港北六丁目1-30","","","","","","","","","","","","","","","6410005000691","","","",""
"生活クラブ生活協同組合","8791926853243","","","","","","","261-0011","千葉県千葉市美浜区真砂五丁目21-12","","","","","","","","","","","","","","","9040005000743","","","",""
"株式会社生活藝術社","5440582441346","","","","","","","150-0001","東京都渋谷区神宮前五丁目42-1","","","","","","","","","","","","","","","2011001111709","","","",""
"有限会社生活の森本舗","6064770236475","","","","","","","408-0032","山梨県北杜市長坂町大井ヶ森888-17","","","","","","","","","","","","","","","8090002014180","","","",""
"有限会社清香堂","8406052310562","","","","","","","359-0021","埼玉県所沢市東所沢二丁目32-16","","","","","","","","","","","","","","","9030002029877","","","",""
"有限会社成高物産","3248065523672","","","","","","","739-1752","広島県広島市安佐北区上深川町291","","","","","","","","","","","","","","","3240002008642","","","",""
"誠勢同動株式会社","9962921323991","","","","","","","862-0910","熊本県熊本市東区健軍本町53-9","","","","","","","","","","","","","","","3330001002521","","","",""
"株式会社セイブ","4200711867321","","","","","","","087-0044","北海道根室市松本町一丁目14","","","","","","","","","","","","","","","4460401000128","","","",""
"協同組合西部ショッピングセンター","7755742572949","","","","","","","860-0064","熊本県熊本市西区城山半田一丁目2-25","","","","","","","","","","","","","","","3330005000827","","","",""
"有限会社盛文堂","6041576491653","","","","","","","798-3302","愛媛県宇和島市津島町高田甲2017-1","","","","","","","","","","","","","","","1500002023484","","","",""
"株式会社セイミヤ","8692125405711","","","","","","","311-2424","茨城県潮来市潮来617","","","","","","","","","","","","","","","4050001021499","","","",""
"株式会社西友","9879344492313","","","","","","","180-0004","東京都武蔵野市吉祥寺本町一丁目12-10","","","","","","","","","","","","","","","8011503002037","","","",""
"有限会社星陽","6324225056952","","","","","","","170-0013","東京都豊島区東池袋五丁目8-17","","","","","","","","","","","","","","","5013302020206","","","",""
"株式会社Ｓａｉｌ","6377204361140","","","","","","","171-0031","東京都豊島区目白二丁目16-22 ロンアイル池袋301号室","","","","","","","","","","","","","","","4380001028206","","","",""
"株式会社清和","1287539460093","","","","","","","859-4824","長崎県平戸市田平町小手田免1240-1","","","","","","","","","","","","","","","5310001010425","","","",""
"合同会社セカンドオプション","2778551707344","","","","","","","943-0122","新潟県上越市大字新保古新田554-2","","","","","","","","","","","","","","","5110003002531","","","",""
"株式会社セキチュー","8729127229689","","","","","","","370-1201","群馬県高崎市倉賀野町4531-1","","","","","","","","","","","","","","","3070001008818","","","",""
"株式会社セキネネオン","3659837228653","","","","","","","311-2449","茨城県潮来市古高3480-1","","","","","","","","","","","","","","","2050001021501","","","",""
"セキモト青果有限会社","2266286366818","","","","","","","799-1511","愛媛県今治市上徳乙315-1","","","","","","","","","","","","","","","7500002018495","","","",""
"株式会社せきや","2357404243613","","","","","","","010-0921","秋田県秋田市大町一丁目4-22","","","","","","","","","","","","","","","2410001001482","","","",""
"有限会社せきや","5817279830326","","","","","","","183-0046","東京都府中市西原町二丁目8-2","","","","","","","","","","","","","","","2012402001507","","","",""
"株式会社Ｓｅｇｒｅｔｏ","5771125634696","","","","","","","108-0023","東京都港区芝浦四丁目5-13","","","","","","","","","","","","","","","6010401116776","","","",""
"株式会社セコマ","8901619844361","","","","","","","064-0809","北海道札幌市中央区南九条西五丁目421","","","","","","","","","","","","","","","7430001008637","","","",""
"有限会社瀬戸","7215486132341","","","","","","","761-4101","香川県小豆郡土庄町甲5570-2","","","","","","","","","","","","","","","4470002018980","","","",""
"瀬戸アイ・ランド株式会社","1475848368997","","","","","","","761-0312","香川県高松市東山崎町251-2","","","","","","","","","","","","","","","4470001012794","","","",""
"株式会社瀬戸内","3421359377219","","","","","","","701-4246","岡山県瀬戸内市邑久町山田庄196-1","","","","","","","","","","","","","","","5260001021782","","","",""
"株式会社瀬戸内建材","1375662007003","","","","","","","769-1101","香川県三豊市詫間町詫間6826-2","","","","","","","","","","","","","","","7470001010630","","","",""
"有限会社セドナ","1457369732975","","","","","","","901-0152","沖縄県那覇市小禄二丁目4-8","","","","","","","","","","","","","","","9360002008402","","","",""
"株式会社セーブオン","1477297062715","","","","","","","379-2147","群馬県前橋市亀里町900","","","","","","","","","","","","","","","7070001004879","","","",""
"株式会社セブン","3184051167363","","","","","","","770-0863","徳島県徳島市安宅一丁目137","","","","","","","","","","","","","","","3480001001269","","","",""
"株式会社セブン－イレブン・ジャパン","1963505514069","","","","","","","102-0084","東京都千代田区二番町8-8","","","","","","","","","","","","","","","1010001088181","","","",""
"株式会社セブンスター","4965860465892","","","","","","","790-0932","愛媛県松山市東石井一丁目7-13","","","","","","","","","","","","","","","4500001002395","","","",""
"Ｃｅｌｇａ，ＪＡＰＡＮ有限会社","1806259396299","","","","","","","703-8261","岡山県岡山市中区海吉96-1","","","","","","","","","","","","","","","5260002013622","","","",""
"株式会社セルフ岸本屋","2195335103354","","","","","","","602-0825","京都府京都市上京区表町25","","","","","","","","","","","","","","","4130001003217","","","",""
"株式会社セルフ山口","1682453004687","","","","","","","730-0856","広島県広島市中区河原町3-30 201号","","","","","","","","","","","","","","","5240001005622","","","",""
"株式会社セルプラン","4205414739025","","","","","","","464-0007","愛知県名古屋市千種区竹越二丁目1-26","","","","","","","","","","","","","","","1180001117774","","","",""
"株式会社セレクション","7369895401335","","","","","","","272-0132","千葉県市川市湊新田一丁目6-8","","","","","","","","","","","","","","","6040001076055","","","",""
"有限会社セレポート","8962274263569","","","","","","","836-0004","福岡県大牟田市大字手鎌1070","","","","","","","","","","","","","","","9290002056160","","","",""
"株式会社仙","8302944624480","","","","","","","162-0825","東京都新宿区神楽坂六丁目68","","","","","","","","","","","","","","","3011101010801","","","",""
"株式会社ＳＥＮ＆ＫＩＭＩ","7003388911812","","","","","","","143-0015","東京都大田区大森西一丁目10-23","","","","","","","","","","","","","","","8010801014165","","","",""
"株式会社千趣会","6833753156996","","","","","","","530-0035","大阪府大阪市北区同心一丁目6-23","","","","","","","","","","","","","","","5120001066081","","","",""
"有限会社鮮陣おばま","7536280959579","","","","","","","893-1101","鹿児島県鹿屋市吾平町上名7660","","","","","","","","","","","","","","","3340002025702","","","",""
"有限会社センター寿","4859735671341","","","","","","","501-6012","岐阜県羽島郡岐南町八剣六丁目107","","","","","","","","","","","","","","","5200002010815","","","",""
"有限会社センタービル","2139831989226","","","","","","","666-0115","兵庫県川西市向陽台一丁目6-39","","","","","","","","","","","","","","","3140002064588","","","",""
"株式会社センターリバー","2948460611873","","","","","","","870-0942","大分県大分市大字羽田865","","","","","","","","","","","","","","","9320001005701","","","",""
"株式会社仙台三越","9930440484177","","","","","","","980-0811","宮城県仙台市青葉区一番町四丁目8-15","","","","","","","","","","","","","","","8370001018690","","","",""
"有限会社仙台ユーユー","7705722170309","","","","","","","989-1745","宮城県柴田郡柴田町大字入間田金谷160","","","","","","","","","","","","","","","9370102000349","","","",""
"株式会社せんどう","5446485890874","","","","","","","290-0062","千葉県市原市八幡828","","","","","","","","","","","","","","","2040001054130","","","",""
"株式会社千成屋","3805285121002","","","","","","","542-0073","大阪府大阪市中央区日本橋一丁目21-6","","","","","","","","","","","","","","","2120001082783","","","",""
"有限会社千倍屋商店","5429556564282","","","","","","","213-0026","神奈川県川崎市高津区久末2148","","","","","","","","","","","","","","","6020002089438","","","",""
"株式会社千里山中央市場","8359470177034","","","","","","","565-0851","大阪府吹田市千里山西一丁目38-17","","","","","","","","","","","","","","","2120901007105","","","",""
"株式会社ゼオン","7680559543382","","","","","","","248-0016","神奈川県鎌倉市長谷二丁目5-39","","","","","","","","","","","","","","","3021001009785","","","",""
"株式会社ゼスト","5772478347170","","","","","","","520-0113","滋賀県大津市坂本七丁目30-77","","","","","","","","","","","","","","","7160001001140","","","",""
"株式会社銭家","6790517974176","","","","","","","541-0041","大阪府大阪市中央区北浜二丁目3-6 北浜山本ビル8階","","","","","","","","","","","","","","","8120001031074","","","",""
"ゼビオカード株式会社","7869340583786","","","","","","","963-8024","福島県郡山市朝日三丁目2-24","","","","","","","","","","","","","","","7380001008287","","","",""
"株式会社ＺＥＲＯ","4823006994079","","","","","","","400-0303","山梨県南アルプス市上今井764","","","","","","","","","","","","","","","8090001005726","","","",""
"株式会社Ｚｅｒｏ","5366874956697","","","","","","","171-0022","東京都豊島区南池袋一丁目1-6 601号","","","","","","","","","","","","","","","6013301030964","","","",""
"一般社団法人ＺＥＲＯ","4883428306942","","","","","","","101-0023","東京都千代田区神田松永町10 長谷川ビル706","","","","","","","","","","","","","","","8010005023624","","","",""
"株式会社ゼロワンユニフォーム","4757629737219","","","","","","","443-0105","愛知県蒲郡市西浦町一木36","","","","","","","","","","","","","","","3180301011114","","","",""
"有限会社Ｚｅｎ","3846231607045","","","","","","","891-0141","鹿児島県鹿児島市谷山中央四丁目201-1","","","","","","","","","","","","","","","9340002011614","","","",""
"株式会社善信","8565585505788","","","","","","","462-0842","愛知県名古屋市北区志賀南通二丁目43-1","","","","","","","","","","","","","","","9180001100013","","","",""
"株式会社創学サービス","3407166144363","","","","","","","192-0003","東京都八王子市丹木町一丁目236","","","","","","","","","","","","","","","1010101004294","","","",""
"有限会社創研","8595133025593","","","","","","","400-0074","山梨県甲府市千塚四丁目10-16","","","","","","","","","","","","","","","2090002005508","","","",""
"株式会社爽健","5457336628177","","","","","","","812-0018","福岡県福岡市博多区住吉三丁目1-80 701","","","","","","","","","","","","","","","2290001028027","","","",""
"有限会社総合浦本商事","7895675726416","","","","","","","866-0101","熊本県上天草市姫戸町姫浦2540-2","","","","","","","","","","","","","","","9330002028675","","","",""
"株式会社総商井岡","7390184814609","","","","","","","959-2046","新潟県阿賀野市庄ケ宮沢田682-1","","","","","","","","","","","","","","","6110001011351","","","",""
"株式会社ソウ・ツー・プラス","1318876928722","","","","","","","150-0021","東京都渋谷区恵比寿西二丁目19-9 SGビル","","","","","","","","","","","","","","","3120001163483","","","",""
"相鉄ステーションリテール株式会社","8858287419610","","","","","","","220-0004","神奈川県横浜市西区北幸二丁目9-14 相鉄本社ビル内","","","","","","","","","","","","","","","1020001035232","","","",""
"相鉄ローゼン株式会社","9012687089415","","","","","","","220-0004","神奈川県横浜市西区北幸二丁目9-14","","","","","","","","","","","","","","","9020001037881","","","",""
"有限会社ソウノ","7144020313761","","","","","","","350-1302","埼玉県狭山市大字東三ツ木420-6","","","","","","","","","","","","","","","3030002033934","","","",""
"有限会社そうべつフレッシュプラザ","1436766841210","","","","","","","052-0101","北海道有珠郡壮瞥町字滝之町384","","","","","","","","","","","","","","","3430002066340","","","",""
"株式会社惣楽","3868528278693","","","","","","","921-8036","石川県金沢市弥生一丁目2-24","","","","","","","","","","","","","","","8220001004474","","","",""
"創和建設株式会社","7613518734998","","","","","","","252-0184","神奈川県相模原市緑区小渕1707","","","","","","","","","","","","","","","8021001016414","","","",""
"十亀林商有限会社","2736466444119","","","","","","","793-0042","愛媛県西条市喜多川8 丁784番地1","","","","","","","","","","","","","","","6500002014264","","","",""
"株式会社ｓｏｃｋｅｔ","3431698001485","","","","","","","107-0062","東京都港区南青山六丁目12-11","","","","","","","","","","","","","","","6010401137599","","","",""
"株式会社そごう・西武","2401884535683","","","","","","","171-0022","東京都豊島区南池袋一丁目18-21 西武池袋本店書籍館","","","","","","","","","","","","","","","6010001127026","","","",""
"株式会社そごうマート","5011208338094","","","","","","","799-1301","愛媛県西条市三芳1232","","","","","","","","","","","","","","","6500001009298","","","",""
"株式会社ソシアル","6500338742596","","","","","","","541-0058","大阪府大阪市中央区南久宝寺町二丁目5-7 1103号","","","","","","","","","","","","","","","1120001128587","","","",""
"有限会社そのだストアー","2182861356948","","","","","","","897-0204","鹿児島県南九州市川辺町古殿513-1","","","","","","","","","","","","","","","9340002024269","","","",""
"そば道場有限会社","2155395362222","","","","","","","319-3102","茨城県常陸大宮市盛金1112","","","","","","","","","","","","","","","2040002033372","","","",""
"株式会社ソフィアスコーポレーション","9270601537715","","","","","","","656-0054","兵庫県洲本市宇原1716-1","","","","","","","","","","","","","","","7140001086035","","","",""
"有限会社ソムリエ・ヨシオカ","2805744237840","","","","","","","932-0314","富山県砺波市庄川町青島2184","","","","","","","","","","","","","","","1230002009602","","","",""
"株式会社そめこや本店","1786506055896","","","","","","","999-3145","山形県上山市河崎三丁目6-8","","","","","","","","","","","","","","","1390001004794","","","",""
"株式会社ＳＯＬ","1333872248732","","","","","","","152-0004","東京都目黒区鷹番三丁目8-4 GGビル2F","","","","","","","","","","","","","","","9011101065724","","","",""
"ソルトスプラッシュ株式会社","2979929942408","","","","","","","437-0065","静岡県袋井市堀越二丁目18-1 ビジネスパーク堀越I-1号","","","","","","","","","","","","","","","3080401022095","","","",""
"株式会社ソレイユ","2546332803014","","","","","","","569-0086","大阪府高槻市松原町4-3 猫ビル","","","","","","","","","","","","","","","7120901030861","","","",""
"株式会社大機","6559879374347","","","","","","","417-0813","静岡県富士市船津21-17","","","","","","","","","","","","","","","5080101010332","","","",""
"有限会社タイクーン","5932700444189","","","","","","","315-0116","茨城県石岡市柿岡4065","","","","","","","","","","","","","","","4050002016597","","","",""
"大光リース株式会社","4311442012453","","","","","","","940-0061","新潟県長岡市城内町二丁目2-4 ジェイマックソフトビル6階","","","","","","","","","","","","","","","5110001022861","","","",""
"株式会社大正店装","1573329003151","","","","","","","345-0816","埼玉県南埼玉郡宮代町字金原147","","","","","","","","","","","","","","","1030001051658","","","",""
"有限会社大正フードセンター","8616054553691","","","","","","","786-0301","高知県高岡郡四万十町大正436","","","","","","","","","","","","","","","9490002010989","","","",""
"株式会社タイブレイク","7069894718864","","","","","","","105-0004","東京都港区新橋一丁目18-1","","","","","","","","","","","","","","","5010401064869","","","",""
"タイヘイ株式会社","9547074903246","","","","","","","289-2144","千葉県匝瑳市八日市場イ2614","","","","","","","","","","","","","","","9040001061120","","","",""
"株式会社タイヘイ","8647463850639","","","","","","","897-0006","鹿児島県南さつま市加世田本町27-1","","","","","","","","","","","","","","","2340001012529","","","",""
"株式会社泰平プロダクト","3087930313699","","","","","","","567-0853","大阪府茨木市宮島一丁目2-1 A棟103号","","","","","","","","","","","","","","","4120901019073","","","",""
"有限会社タイマ","5235039318867","","","","","","","158-0081","東京都世田谷区深沢五丁目23-20","","","","","","","","","","","","","","","1010902009203","","","",""
"株式会社タイム","1433992620842","","","","","","","612-8086","京都府京都市伏見区京町北七丁目6-4","","","","","","","","","","","","","","","3130001051621","","","",""
"株式会社タイムオクトーバー","2157424698189","","","","","","","780-0043","高知県高知市寿町1-5 オクトーバービル1F","","","","","","","","","","","","","","","3490001004782","","","",""
"株式会社タイヨー","6731508035004","","","","","","","891-0122","鹿児島県鹿児島市南栄三丁目14","","","","","","","","","","","","","","","8340001002581","","","",""
"株式会社タイヨー","5710835025874","","","","","","","448-0002","愛知県刈谷市一里山町砂山146-1","","","","","","","","","","","","","","","5180301014172","","","",""
"株式会社太陽家具友の会","7653113473017","","","","","","","755-0803","山口県宇部市東藤曲二丁目5-30","","","","","","","","","","","","","","","2250001003371","","","",""
"株式会社太陽商事","7957955060795","","","","","","","811-5132","長崎県壱岐市郷ノ浦町東触784","","","","","","","","","","","","","","","5310002019102","","","",""
"有限会社太陽スーパー戸村","8287103637442","","","","","","","889-3204","宮崎県日南市南郷町中村乙2457","","","","","","","","","","","","","","","7350002017100","","","",""
"株式会社タウンショップマツダ","2360670138589","","","","","","","915-0825","福井県越前市南一丁目13-15","","","","","","","","","","","","","","","1210001011718","","","",""
"株式会社高井商店","1005292461979","","","","","","","950-2112","新潟県新潟市西区内野町480","","","","","","","","","","","","","","","5110002003844","","","",""
"株式会社タカオカ","8379238106216","","","","","","","515-1204","三重県松阪市小片野町1159","","","","","","","","","","","","","","","5190001011774","","","",""
"有限会社タカオ住設","9648670099865","","","","","","","785-0041","高知県須崎市西崎町8-56","","","","","","","","","","","","","","","5490002010539","","","",""
"有限会社ＴＡＫＡオフィス","5157208167522","","","","","","","158-0083","東京都世田谷区奥沢六丁目30-1","","","","","","","","","","","","","","","4010902021064","","","",""
"株式会社タカキ電器","1675851202520","","","","","","","869-0301","熊本県玉名郡玉東町大字稲佐334-1","","","","","","","","","","","","","","","3330001013469","","","",""
"株式会社高木屋","4773725291615","","","","","","","727-0012","広島県庄原市中本町一丁目2-17","","","","","","","","","","","","","","","2240001025193","","","",""
"有限会社高木酒店","2909193923557","","","","","","","232-0061","神奈川県横浜市南区大岡四丁目6-24","","","","","","","","","","","","","","","2020002030586","","","",""
"株式会社たかぎストアー","6899813468662","","","","","","","771-0142","徳島県徳島市川内町沖島259-6","","","","","","","","","","","","","","","6480001008245","","","",""
"有限会社高久","8403020542826","","","","","","","529-0342","滋賀県長浜市湖北高田町483","","","","","","","","","","","","","","","2160002007298","","","",""
"株式会社高倉農産物直売センター","8002435890533","","","","","","","292-0812","千葉県木更津市矢那4674-1","","","","","","","","","","","","","","","1040001052795","","","",""
"株式会社タカサキ","1322397044774","","","","","","","891-3111","鹿児島県西之表市西町6993-1","","","","","","","","","","","","","","","3340001009722","","","",""
"株式会社高崎高島屋","4650004703471","","","","","","","370-0052","群馬県高崎市旭町45","","","","","","","","","","","","","","","9070001009637","","","",""
"株式会社高島屋","7607115270486","3","9","2025/09/10","0","","https://www.takashimaya.co.jp/","542-0076","大阪府大阪市中央区難波五丁目1-5","06-6631-1101","取締役社長","村田善郎","卸売、小売","総合小売","不動産","不動産関連サービス","5,000 ～ 10,000","10,000,000 ～ 100,000,000","300,000 ～ 500,000","2025/02","1831/01","1919/08","公開","5120001077467","百貨店事業,通信販売事業,法人事業,グループ事業,商業施設運営,まちづくり,会社概要,タカシマヤ通信販売,オンラインショッピング,オンラインストア,イベント,Takashimaya,企業情報,ファッション,催情報,タカシマヤ,デパート,店舗情報,金融事業,食品,サステナビリティ,百貨店,高島屋","2026新卒募集企業,2027新卒インターン募集企業,2027新卒募集企業,2028新卒インターン募集企業,CSRに力を入れている企業,SDGs・ESG推進企業,WEB分析ツール利用,エンジニアを採用募集している企業,キャンペーン実施企業,中途採用企業,全省庁統一資格保有企業,内部統制・ｺﾝﾌﾟﾗｲｱﾝｽ推進企業,営業職募集企業,地域貢献活動を推進している企業,売上1000億以上,売上300億円以上,売上50億円以上,展示会ニュース発表企業,従業員500人以上,海外に関連会社を保有する企業,表彰企業","Akamai,Amazon SES,IIJセキュアMXサービス,Mail Publisher,SendGrid,スパイラル",""
"株式会社高島屋ファシリティーズ","5351525671569","","","","","","","158-0094","東京都世田谷区玉川三丁目17-1","","","","","","","","","","","","","","","4011701016354","","","",""
"有限会社たかすか","6965344379543","","","","","","","791-0203","愛媛県東温市横河原1336","","","","","","","","","","","","","","","3500002011058","","","",""
"有限会社たかせ","9722231475436","","","","","","","294-0224","千葉県館山市藤原972-8","","","","","","","","","","","","","","","9040002101445","","","",""
"有限会社高瀬企画","2656481709466","","","","","","","677-0015","兵庫県西脇市西脇972","","","","","","","","","","","","","","","4140002061816","","","",""
"株式会社タカヤナギ","6480842119943","","","","","","","014-0066","秋田県大仙市川目町東33","","","","","","","","","","","","","","","4410001007998","","","",""
"株式会社高田屋","6940725796171","","","","","","","401-0301","山梨県南都留郡富士河口湖町船津3860","","","","","","","","","","","","","","","7090001009827","","","",""
"高槻市場協同組合","3953763096244","","","","","","","569-0803","大阪府高槻市高槻町18-1","","","","","","","","","","","","","","","7120905001933","","","",""
"有限会社高梨香辛店","5990243633925","","","","","","","135-0061","東京都江東区豊洲六丁目5-1","","","","","","","","","","","","","","","9010002021935","","","",""
"株式会社高鍋食品","1327896509577","","","","","","","553-0006","大阪府大阪市福島区吉野二丁目8-4","","","","","","","","","","","","","","","6120001035630","","","",""
"株式会社たかの","1845659827805","","","","","","","947-0052","新潟県小千谷市大字千谷甲2837-1","","","","","","","","","","","","","","","9110001025415","","","",""
"有限会社高野企画","9413554371589","","","","","","","177-0041","東京都練馬区石神井町一丁目1-40 404号","","","","","","","","","","","","","","","2011602006332","","","",""
"有限会社タカハシ","7338794931866","","","","","","","410-0022","静岡県沼津市大岡2423","","","","","","","","","","","","","","","3080102002223","","","",""
"有限会社たかはし","7193030244081","","","","","","","270-0101","千葉県流山市大字東深井480-31","","","","","","","","","","","","","","","5040002051826","","","",""
"株式会社高橋商店","4700339684107","","","","","","","290-0225","千葉県市原市牛久1176","","","","","","","","","","","","","","","9040001054215","","","",""
"株式会社高橋総合研究所","9983235310335","","","","","","","514-2301","三重県津市安濃町荒木276","","","","","","","","","","","","","","","5190001023217","","","",""
"株式会社タカハシ・ミュージック・プラザ","1881152979640","","","","","","","206-0803","東京都稲城市向陽台三丁目5-3","","","","","","","","","","","","","","","6013401001956","","","",""
"株式会社タカハラ","8091232405516","","","","","","","701-2222","岡山県赤磐市町苅田291","","","","","","","","","","","","","","","3260001007750","","","",""
"株式会社多可松名古屋","2065399600718","","","","","","","480-0202","愛知県西春日井郡豊山町大字豊場志水136","","","","","","","","","","","","","","","1180001119168","","","",""
"株式会社高松三越","5619839323551","","","","","","","760-0034","香川県高松市内町7-1","","","","","","","","","","","","","","","5470001007190","","","",""
"株式会社高松屋","6960682126489","","","","","","","959-1864","新潟県五泉市郷屋川二丁目150-1","","","","","","","","","","","","","","","7110001012332","","","",""
"有限会社高村ストア","5744237705258","","","","","","","039-2661","青森県上北郡東北町字上笹橋3-2","","","","","","","","","","","","","","","2420002018905","","","",""
"株式会社たかもり","8022148726233","","","","","","","734-0003","広島県広島市南区宇品東七丁目2-21","","","","","","","","","","","","","","","6240001006330","","","",""
"有限会社高谷ストアー","7184624094470","","","","","","","999-4227","山形県尾花沢市中町1-18","","","","","","","","","","","","","","","6390002011868","","","",""
"株式会社タカヤナギ","1131698953556","","","","","","","421-0407","静岡県牧之原市布引原1127-1","","","","","","","","","","","","","","","3080001013841","","","",""
"株式会社タカヤナギ興産","3241343201291","","","","","","","014-0066","秋田県大仙市川目町東33","","","","","","","","","","","","","","","5410001008418","","","",""
"株式会社タカヤマ","9220921639315","","","","","","","819-0006","福岡県福岡市西区姪浜駅南一丁目3-1","","","","","","","","","","","","","","","3290001000356","","","",""
"有限会社タカヤマ","6453089259764","","","","","","","123-0841","東京都足立区西新井一丁目37-7","","","","","","","","","","","","","","","1011802015480","","","",""
"株式会社タカヨシホールディングス","2224959079574","","","","","","","261-0023","千葉県千葉市美浜区中瀬一丁目3 幕張テクノガーデンB棟14階","","","","","","","","","","","","","","","3040001004316","","","",""
"株式会社タカラ・エムシー","4511190645064","","","","","","","422-8021","静岡県静岡市駿河区小鹿三丁目1-58","","","","","","","","","","","","","","","4080001003255","","","",""
"株式会社宝商会","3427357216642","","","","","","","185-0012","東京都国分寺市本町二丁目9-21","","","","","","","","","","","","","","","9012401002350","","","",""
"株式会社たからや","8439380744671","","","","","","","190-0013","東京都立川市富士見町七丁目28-17","","","","","","","","","","","","","","","4012801000999","","","",""
"宝屋商事株式会社","7858376784581","","","","","","","069-0852","北海道江別市大麻東町15","","","","","","","","","","","","","","","5430001042522","","","",""
"株式会社滝沢化粧品店","5471233210223","","","","","","","233-0002","神奈川県横浜市港南区上大岡西一丁目6-1 ウイング上大岡301","","","","","","","","","","","","","","","7020001004124","","","",""
"有限会社滝商店","8662020886812","","","","","","","300-0013","茨城県土浦市神立町原口666-4","","","","","","","","","","","","","","","1050002011849","","","",""
"有限会社たきはら手延製麺","7575336228023","","","","","","","779-4401","徳島県美馬郡つるぎ町半田中藪14","","","","","","","","","","","","","","","2480002014832","","","",""
"有限会社拓栄コーポレーション","3073142674217","","","","","","","900-0012","沖縄県那覇市泊一丁目8-13 グランシャトレ崇元寺202","","","","","","","","","","","","","","","2360002002717","","","",""
"ＴＵＣＫＮＡＬ株式会社","8733022260940","","","","","","","530-0057","大阪府大阪市北区曾根崎二丁目16-19 メッセージ梅田ビル7階","","","","","","","","","","","","","","","5120001082013","","","",""
"株式会社拓光","9143719078300","","","","","","","310-0841","茨城県水戸市酒門町4385-12","","","","","","","","","","","","","","","5050001001590","","","",""
"株式会社タケウチ","6722913073679","","","","","","","140-0004","東京都品川区南品川一丁目4-21","","","","","","","","","","","","","","","5010701005779","","","",""
"有限会社竹内商店","9043138765997","","","","","","","292-0008","千葉県木更津市中島2054","","","","","","","","","","","","","","","6040002067185","","","",""
"有限会社武岡商店","7574698625492","","","","","","","779-4106","徳島県美馬郡つるぎ町貞光皆瀬川向128-13","","","","","","","","","","","","","","","4480002014830","","","",""
"合名会社竹川商店","6765871818290","","","","","","","498-0061","愛知県弥富市操出二丁目11-2","","","","","","","","","","","","","","","2180003013665","","","",""
"株式会社たけさわストア","5287098127103","","","","","","","028-6302","岩手県九戸郡軽米町大字軽米第八地割12","","","","","","","","","","","","","","","6400001008194","","","",""
"有限会社タケジ","9625189389073","","","","","","","290-0515","千葉県市原市田尾287","","","","","","","","","","","","","","","9040002076282","","","",""
"有限会社たけす","9617053008958","","","","","","","277-0072","千葉県柏市つくしが丘二丁目11-3","","","","","","","","","","","","","","","4040002095238","","","",""
"株式会社タケスエ","2998938796117","","","","","","","817-1722","長崎県対馬市上対馬町大浦60-1","","","","","","","","","","","","","","","2310001010857","","","",""
"株式会社たけだ","9653599834366","","","","","","","859-5122","長崎県平戸市明の川内町138-1","","","","","","","","","","","","","","","3310001010427","","","",""
"有限会社武田商店","7060949932531","","","","","","","100-0103","東京都大島町泉津15-12","","","","","","","","","","","","","","","2010002052458","","","",""
"有限会社竹富石井商店","8235251508367","","","","","","","239-0806","神奈川県横須賀市池田町六丁目34-1","","","","","","","","","","","","","","","9021002065401","","","",""
"有限会社たけや","5857998689345","","","","","","","027-0501","岩手県下閉伊郡岩泉町岩泉村木62-10","","","","","","","","","","","","","","","7400002011139","","","",""
"有限会社タケヤ","2784663413758","","","","","","","121-0822","東京都足立区西竹の塚二丁目4-31","","","","","","","","","","","","","","","7011802020954","","","",""
"株式会社多慶屋","1479804867489","","","","","","","110-0016","東京都台東区台東四丁目","","","","","","","","","","","","","","","3010501007473","","","",""
"株式会社田子重","7251736493821","","","","","","","425-0035","静岡県焼津市東小川二丁目16-14","","","","","","","","","","","","","","","5080001015002","","","",""
"合資会社田島魚問屋","1445092580390","","","","","","","913-0056","福井県坂井市三国町宿一丁目10-10","","","","","","","","","","","","","","","6210003000359","","","",""
"株式会社田嶋商店","4104484587846","","","","","","","069-1334","北海道夕張郡長沼町錦町南一丁目5-1","","","","","","","","","","","","","","","7430001047494","","","",""
"合同会社たすネットワークス","5180346366212","","","","","","","531-0041","大阪府大阪市北区天神橋七丁目14-2","","","","","","","","","","","","","","","8120003009969","","","",""
"株式会社立川インテリア","3737573503530","","","","","","","344-0066","埼玉県春日部市豊町二丁目9-15","","","","","","","","","","","","","","","4030001051218","","","",""
"株式会社立花商事","5977142903148","","","","","","","850-0902","長崎県長崎市丸山町1-27","","","","","","","","","","","","","","","6310001001084","","","",""
"株式会社橘百貨店","8985031031643","","","","","","","880-0001","宮崎県宮崎市橘通西三丁目10-32","","","","","","","","","","","","","","","3350001001026","","","",""
"株式会社タチヤ","5844245085880","","","","","","","460-0002","愛知県名古屋市中区丸の内一丁目10-29 白川第8ビル7階","","","","","","","","","","","","","","","3180001024325","","","",""
"株式会社タックス本部","7155593874225","","","","","","","178-0063","東京都練馬区東大泉二丁目5-15","","","","","","","","","","","","","","","3011601004170","","","",""
"株式会社たつみや","6445445603934","","","","","","","332-0021","埼玉県川口市西川口一丁目17-9","","","","","","","","","","","","","","","5030001076024","","","",""
"有限会社辰巳屋","5864089272938","","","","","","","369-1105","埼玉県深谷市本田4027","","","","","","","","","","","","","","","8030002116123","","","",""
"有限会社タテダソリアノ","3139780306949","","","","","","","170-0011","東京都豊島区池袋本町四丁目26-7","","","","","","","","","","","","","","","6011402018342","","","",""
"有限会社立山食品センター","5774960259784","","","","","","","085-0831","北海道釧路市住吉一丁目9-16","","","","","","","","","","","","","","","5460002001697","","","",""
"有限会社タートル","6068784991448","","","","","","","238-0014","神奈川県横須賀市三春町五丁目41-2","","","","","","","","","","","","","","","4021002069943","","","",""
"有限会社たなか","1303139094068","","","","","","","710-0015","岡山県倉敷市中庄団地16-11","","","","","","","","","","","","","","","3260002019522","","","",""
"田中公商事株式会社","7796985260291","","","","","","","003-0027","北海道札幌市白石区本通二丁目北8-45","","","","","","","","","","","","","","","9430001010260","","","",""
"株式会社田中駒","3925627684365","","","","","","","107-0052","東京都港区赤坂八丁目5-32","","","","","","","","","","","","","","","1010401091009","","","",""
"有限会社田中商店","8768594942281","","","","","","","131-0033","東京都墨田区向島一丁目15-10","","","","","","","","","","","","","","","6010602012824","","","",""
"有限会社田中青果","5671126889828","","","","","","","791-2120","愛媛県伊予郡砥部町宮内1029","","","","","","","","","","","","","","","7500002011252","","","",""
"株式会社田中設備水道","1097325504685","","","","","","","260-0851","千葉県千葉市中央区矢作町362","","","","","","","","","","","","","","","9040001009986","","","",""
"有限会社田中実商店","2944452627836","","","","","","","262-0032","千葉県千葉市花見川区幕張町五丁目408","","","","","","","","","","","","","","","4040002007250","","","",""
"有限会社多奈賀屋","8567863076840","","","","","","","285-0811","千葉県佐倉市表町三丁目7-16","","","","","","","","","","","","","","","5040002061040","","","",""
"有限会社田中屋","4094641130225","","","","","","","705-0022","岡山県備前市東片上1092","","","","","","","","","","","","","","","3260002031840","","","",""
"有限会社田中米作商店","4237223215415","","","","","","","125-0061","東京都葛飾区亀有二丁目26-17","","","","","","","","","","","","","","","6011802004999","","","",""
"株式会社谷木材商行","8373414946846","","","","","","","894-0026","鹿児島県奄美市名瀬港町11-1","","","","","","","","","","","","","","","3340001010804","","","",""
"田原コープ株式会社","4089513782299","","","","","","","441-3421","愛知県田原市田原町南新地76-1","","","","","","","","","","","","","","","2180301007724","","","",""
"株式会社旅工房","1168588559862","","","","","","","170-0013","東京都豊島区東池袋三丁目1-1 サンシャイン60-8階","","","","","","","","","","","","","","","4013301007221","","","",""
"株式会社旅美人","4538246742780","","","","","","","577-0056","大阪府東大阪市長堂二丁目1-12","","","","","","","","","","","","","","","3122001009344","","","",""
"株式会社タビ福","7610172756476","","","","","","","650-0021","兵庫県神戸市中央区三宮町一丁目9-1 210","","","","","","","","","","","","","","","3140001009271","","","",""
"株式会社旅武者","2685048664473","","","","","","","169-0051","東京都新宿区西早稲田一丁目22-3","","","","","","","","","","","","","","","4010801024705","","","",""
"株式会社タブチ","9078052477543","","","","","","","678-0051","兵庫県相生市那波大浜町18-11","","","","","","","","","","","","","","","7140001039728","","","",""
"有限会社タマガワヤ","6609050138220","","","","","","","105-0001","東京都港区虎ノ門五丁目2-6","","","","","","","","","","","","","","","5010402008214","","","",""
"株式会社玉城","2856001252581","","","","","","","519-0433","三重県度会郡玉城町勝田橋上4872","","","","","","","","","","","","","","","1190001006794","","","",""
"株式会社玉木フードセンター","1302751387096","","","","","","","959-1353","新潟県加茂市五番町3-27","","","","","","","","","","","","","","","9110001015259","","","",""
"有限会社玉末商店","5437292570785","","","","","","","028-4125","岩手県盛岡市好摩夏間木83-204","","","","","","","","","","","","","","","8400002004298","","","",""
"有限会社タマノ","3529381061595","","","","","","","731-0501","広島県安芸高田市吉田町吉田2065-3","","","","","","","","","","","","","","","4240002031098","","","",""
"有限会社多摩毎日文化教室","8337725135532","","","","","","","206-0025","東京都多摩市永山一丁目4","","","","","","","","","","","","","","","9013402002488","","","",""
"株式会社玉盛商会","9660572304492","","","","","","","907-1434","沖縄県八重山郡竹富町字南風見201-109","","","","","","","","","","","","","","","3360002021303","","","",""
"株式会社玉屋","9441375950396","","","","","","","706-0011","岡山県玉野市宇野一丁目28-20","","","","","","","","","","","","","","","8260001022448","","","",""
"株式会社たまや","4359924560859","","","","","","","253-0021","神奈川県茅ヶ崎市浜竹一丁目6-38","","","","","","","","","","","","","","","3021001007112","","","",""
"有限会社たまや","3012227988742","","","","","","","174-0053","東京都板橋区清水町50-3","","","","","","","","","","","","","","","1011402005840","","","",""
"合資会社田丸屋商店","1532101141453","","","","","","","275-0017","千葉県習志野市藤崎三丁目2-2","","","","","","","","","","","","","","","6040003000533","","","",""
"株式会社たみや","8995222791246","","","","","","","920-0334","石川県金沢市桂町イ30-1","","","","","","","","","","","","","","","4220001004206","","","",""
"株式会社たむら","4577412644115","","","","","","","669-3131","兵庫県丹波市山南町谷川1974-2","","","","","","","","","","","","","","","8140001041154","","","",""
"有限会社田村五作商店","7734774650164","","","","","","","205-0017","東京都羽村市羽西二丁目9-11","","","","","","","","","","","","","","","1013102001269","","","",""
"田村電機有限会社","5039528841699","","","","","","","759-1512","山口県山口市阿東徳佐中3061-1","","","","","","","","","","","","","","","4250002000969","","","",""
"株式会社たもり","7185284944424","","","","","","","028-3318","岩手県紫波郡紫波町紫波中央駅前一丁目37-1","","","","","","","","","","","","","","","7400001003871","","","",""
"有限会社たるみスーパー","7174035939456","","","","","","","070-8046","北海道旭川市忠和六条六丁目1-3","","","","","","","","","","","","","","","6450002003611","","","",""
"丹波ささやま農業協同組合","4551337926180","","","","","","","669-2212","兵庫県丹波篠山市大沢438-1","","","","","","","","","","","","","","","9140005008990","","","",""
"丹波地域開発株式会社","2362626172390","","","","","","","622-0213","京都府船井郡京丹波町須知色紙田3-5","","","","","","","","","","","","","","","5130001035011","","","",""
"株式会社ダイイチ","8018197025172","","","","","","","080-2470","北海道帯広市西二十条南一丁目14-47","","","","","","","","","","","","","","","6460101000896","","","",""
"株式会社大市社","6581497104044","","","","","","","920-0981","石川県金沢市片町二丁目2-5","","","","","","","","","","","","","","","1220001003805","","","",""
"株式会社第一スーパー","1747917372091","","","","","","","381-0038","長野県長野市大字東和田492","","","","","","","","","","","","","","","7100001004017","","","",""
"第一薬産株式会社","1957281122700","","","","","","","506-0003","岐阜県高山市本母町59-4","","","","","","","","","","","","","","","6200001024939","","","",""
"株式会社ダイエー","9824725242660","","","","","","","135-0016","東京都江東区東陽二丁目2-20","","","","","","","","","","","","","","","4140001005666","","","",""
"株式会社ダイキョウ","5103938974964","","","","","","","569-0803","大阪府高槻市高槻町17-4","","","","","","","","","","","","","","","7120901011432","","","",""
"株式会社大金","8295041614193","","","","","","","457-0845","愛知県名古屋市南区観音町一丁目53","","","","","","","","","","","","","","","4180001014688","","","",""
"株式会社大近","7365244887715","","","","","","","553-0003","大阪府大阪市福島区福島六丁目10-11","","","","","","","","","","","","","","","9120001035470","","","",""
"有限会社ダイケン酒店","9471513799363","","","","","","","243-0031","神奈川県厚木市戸室一丁目37-1","","","","","","","","","","","","","","","4021002032265","","","",""
"株式会社ダイコー","7069822896526","","","","","","","622-0011","京都府南丹市園部町上木崎町寺ノ下14-5","","","","","","","","","","","","","","","6130001034904","","","",""
"大黒天物産株式会社","7887787543112","","","","","","","710-0833","岡山県倉敷市西中新田297-1","","","","","","","","","","","","","","","8260001013868","","","",""
"株式会社大国屋","4715224203942","","","","","","","606-8266","京都府京都市左京区北白川久保田町20","","","","","","","","","","","","","","","6130001021407","","","",""
"株式会社大黒屋","6874126094742","","","","","","","108-0075","東京都港区港南四丁目1-8 リバージュ品川3F","","","","","","","","","","","","","","","5040001022381","","","",""
"有限会社大黒屋酒店","5352370072332","","","","","","","330-0802","埼玉県さいたま市大宮区宮町二丁目125","","","","","","","","","","","","","","","1030002008500","","","",""
"有限会社大黒屋食料品店","1811345393311","","","","","","","194-0041","東京都町田市玉川学園三丁目36-14","","","","","","","","","","","","","","","9012302002879","","","",""
"有限会社大黒屋丸義商店","2795233587470","","","","","","","193-0816","東京都八王子市大楽寺町401-9","","","","","","","","","","","","","","","4010102004019","","","",""
"株式会社大黒流通チェーン","4824711875137","","","","","","","198-0051","東京都青梅市友田町五丁目350","","","","","","","","","","","","","","","4080001022684","","","",""
"株式会社大悟","9929882597776","","","","","","","904-0004","沖縄県沖縄市中央一丁目32-10","","","","","","","","","","","","","","","1360001014978","","","",""
"株式会社大志","6675520455298","","","","","","","491-0918","愛知県一宮市末広一丁目11-22","","","","","","","","","","","","","","","5180001082965","","","",""
"株式会社大昇","2680643217805","","","","","","","405-0002","山梨県山梨市東172","","","","","","","","","","","","","","","9090001009429","","","",""
"株式会社大湘","2684288453304","","","","","","","259-1135","神奈川県伊勢原市岡崎6904","","","","","","","","","","","","","","","1021001023251","","","",""
"大照商事有限会社","4498764162352","","","","","","","413-0231","静岡県伊東市富戸1083-17","","","","","","","","","","","","","","","8080102020146","","","",""
"株式会社大寿","2358766304535","","","","","","","211-0036","神奈川県川崎市中原区井田杉山町31-18","","","","","","","","","","","","","","","5020001069672","","","",""
"株式会社大宣","2936833382184","","","","","","","460-0011","愛知県名古屋市中区大須二丁目23-38 まつおかビル4F","","","","","","","","","","","","","","","7180001042281","","","",""
"株式会社ダイゼン","5777861619411","","","","","","","071-1249","北海道上川郡鷹栖町九線西2","","","","","","","","","","","","","","","3450001000240","","","",""
"有限会社大善ストア","4687218624720","","","","","","","020-0862","岩手県盛岡市東仙北一丁目3-8","","","","","","","","","","","","","","","8400002003993","","","",""
"株式会社だいち","2703193237485","","","","","","","310-0063","茨城県水戸市五軒町二丁目4-8 402号アル・カーザ五軒町","","","","","","","","","","","","","","","5012701003837","","","",""
"株式会社大地","9986491943577","","","","","","","143-0001","東京都大田区東海三丁目7-5 FFCビル3階","","","","","","","","","","","","","","","9010801016144","","","",""
"大特商事株式会社","4653299255219","","","","","","","546-0035","大阪府大阪市東住吉区山坂五丁目9-13","","","","","","","","","","","","","","","2120001131821","","","",""
"株式会社大友","4877743206470","","","","","","","605-0846","京都府京都市東山区五条橋東二丁目7","","","","","","","","","","","","","","","3130001009082","","","",""
"大同造船株式会社","5952570969114","","","","","","","120-0024","東京都足立区千住関屋町1-8","","","","","","","","","","","","","","","8011801009411","","","",""
"株式会社ダイナモ","6397231581519","","","","","","","615-0056","京都府京都市右京区西院西貝川町74-2","","","","","","","","","","","","","","","1130001003269","","","",""
"株式会社台信商店","7006386807885","","","","","","","861-4203","熊本県熊本市南区城南町隈庄552","","","","","","","","","","","","","","","3330003002932","","","",""
"有限会社大菱屋","1256857124815","","","","","","","170-0003","東京都豊島区駒込七丁目17-3","","","","","","","","","","","","","","","8013302001616","","","",""
"有限会社ダイマツ","1942013627208","","","","","","","901-0201","沖縄県豊見城市字真玉橋483-10","","","","","","","","","","","","","","","2360002002493","","","",""
"有限会社大松支店","1302104105247","","","","","","","509-5202","岐阜県土岐市下石町888-6","","","","","","","","","","","","","","","9200002021049","","","",""
"株式会社大丸","6392602862117","","","","","","","927-1214","石川県珠洲市飯田町十三部96","","","","","","","","","","","","","","","4220001016928","","","",""
"有限会社大丸商事","8745068200398","","","","","","","124-0003","東京都葛飾区お花茶屋一丁目17-1","","","","","","","","","","","","","","","7011802004610","","","",""
"株式会社大丸松坂屋友の会","7744661388434","","","","","","","542-0085","大阪府大阪市中央区心斎橋筋一丁目7-1","","","","","","","","","","","","","","","9120001083619","","","",""
"株式会社大丸松坂屋百貨店","7374501698820","4","10","2025/07/11","0","","https://www.daimaru-matsuzakaya.com/index.html","135-0042","東京都江東区木場二丁目18-11","03-6895-0816","代表取締役社長","宗森　耕二","卸売、小売","総合小売","不動産","不動産仲介","3,000 ～ 5,000","10,000,000 ～ 100,000,000","100,000 ～ 300,000","2025/02","1717/01","1910/02","非公開","9010601038982","人材派遣業,クレジット金融事業,建装事業,不動産事業,ショッピングセンター,百貨店業,卸売業,パルコ事業,最大のお客様ご満足を最小のコストで提供する高質経営の実現・高質・新鮮・ホスピタリティの徹底追求,Ｊ．フロント リテイリング株式会社,大丸松坂屋百貨店","2026新卒募集企業,2027新卒インターン募集企業,2027新卒募集企業,2028新卒インターン募集企業,ISMS認定取得企業,SDGs・ESG推進企業,WEB分析ツール利用,中途採用企業,全省庁統一資格保有企業,内部統制・ｺﾝﾌﾟﾗｲｱﾝｽ推進企業,合併企業,合併企業・直近2ヶ月,営業職募集企業,売上1000億以上,売上300億円以上,売上50億円以上,展示会全体,展示会通信IT,従業員500人以上,省エネ法対象業者,表彰企業","Amazon Route 53,Display & Video 360,Google アナリティクス,Googleタグマネージャ,Google広告,Tableau,User Insight",""
"有限会社大丸屋","6218112723846","","","","","","","192-0075","東京都八王子市南新町13-12","","","","","","","","","","","","","","","5010102001493","","","",""
"有限会社大門","8111778117047","","","","","","","854-0517","長崎県雲仙市小浜町マリーナ9","","","","","","","","","","","","","","","5310002016561","","","",""
"株式会社ダイユー","4711287640174","","","","","","","325-0026","栃木県那須塩原市上厚崎406-16","","","","","","","","","","","","","","","7060001011430","","","",""
"株式会社ダイユーフードセンター","4441683186142","","","","","","","325-0303","栃木県那須郡那須町大字高久乙2865-1","","","","","","","","","","","","","","","4060001011433","","","",""
"ダイレックス株式会社","2879181452781","","","","","","","849-0917","佐賀県佐賀市高木瀬町大字長瀬930","","","","","","","","","","","","","","","6300001004245","","","",""
"株式会社ダイワ","9735465005146","","","","","","","509-0141","岐阜県各務原市鵜沼各務原町七丁目62-2","","","","","","","","","","","","","","","9200001007908","","","",""
"株式会社大和","5473515906646","","","","","","","920-0981","石川県金沢市片町二丁目2-5 片町きらら5階","","","","","","","","","","","","","","","6220001003957","","","",""
"株式会社ダイワ","4948716544921","","","","","","","189-0011","東京都東村山市恩多町一丁目49-15","","","","","","","","","","","","","","","6012701001542","","","",""
"株式会社大和","5663039698749","","","","","","","895-0052","鹿児島県薩摩川内市神田町10-12","","","","","","","","","","","","","","","7340001002608","","","",""
"だいわインテリア株式会社","1550440161300","","","","","","","895-0052","鹿児島県薩摩川内市神田町10-12","","","","","","","","","","","","","","","7340002016838","","","",""
"株式会社大和カーネーシヨンサークル","8956944670145","","","","","","","920-0961","石川県金沢市香林坊一丁目1-1","","","","","","","","","","","","","","","3220001003968","","","",""
"大和ビルディング株式会社","5023294537578","","","","","","","232-0017","神奈川県横浜市南区宿町二丁目40","","","","","","","","","","","","","","","9020001013263","","","",""
"ダイワ薬品株式会社","9375560724193","","","","","","","340-0016","埼玉県草加市中央二丁目2-13","","","","","","","","","","","","","","","3030001035205","","","",""
"株式会社ダンクユ","7641585509309","","","","","","","852-8061","長崎県長崎市滑石五丁目1-15","","","","","","","","","","","","","","","7310001001067","","","",""
"株式会社暖心","2265312482333","","","","","","","300-1231","茨城県牛久市猪子町995-196","","","","","","","","","","","","","","","4050001047619","","","",""
"株式会社ダンスモードセキネ","3340276511908","","","","","","","121-0801","東京都足立区東伊興三丁目5-23 201","","","","","","","","","","","","","","","5011801032309","","","",""
"株式会社ダンドリーヴ","7150317479232","","","","","","","989-3204","宮城県仙台市青葉区南吉成六丁目1-14","","","","","","","","","","","","","","","1380001021626","","","",""
"株式会社ちいおりアライアンス","1278823002315","","","","","","","778-0206","徳島県三好市東祖谷釣井209","","","","","","","","","","","","","","","6480001009490","","","",""
"株式会社チェリオ","8846326027704","","","","","","","314-0031","茨城県鹿嶋市大字宮中290-1","","","","","","","","","","","","","","","7050001020300","","","",""
"株式会社ＣＨＡＮＧＥ","3174333089891","","","","","","","015-0852","秋田県由利本荘市一番堰160-1","","","","","","","","","","","","","","","3410001005367","","","",""
"有限会社チケットセンター","1282543366174","","","","","","","450-0002","愛知県名古屋市中村区名駅五丁目3-13","","","","","","","","","","","","","","","2180002028680","","","",""
"有限会社チバ","8642311774908","","","","","","","113-0022","東京都文京区千駄木二丁目2-12","","","","","","","","","","","","","","","8011802028856","","","",""
"株式会社千葉セルコ","4795135487321","","","","","","","260-0023","千葉県千葉市中央区出洲港14-38","","","","","","","","","","","","","","","9040001004764","","","",""
"千葉水谷自転車販売有限会社","1098512997863","","","","","","","261-0011","千葉県千葉市美浜区真砂一丁目4-25","","","","","","","","","","","","","","","2040002007665","","","",""
"有限会社千葉雄商事","8392562097110","","","","","","","981-0301","宮城県東松島市牛網駅前一丁目13-3","","","","","","","","","","","","","","","7370302001611","","","",""
"株式会社チャンス","5873186626790","","","","","","","300-1234","茨城県牛久市中央四丁目10-12","","","","","","","","","","","","","","","4050002037387","","","",""
"株式会社チャンスクリエイター","6457565762370","","","","","","","104-0061","東京都中央区銀座七丁目3-5 ヒューリック銀座7丁目ビル7・8階","","","","","","","","","","","","","","","2010001166928","","","",""
"有限会社中央市場","1896119405085","","","","","","","012-0845","秋田県湯沢市材木町二丁目1-18","","","","","","","","","","","","","","","8410002007754","","","",""
"株式会社中央ギフト商事","6784713136980","","","","","","","357-0063","埼玉県飯能市大字飯能569-7","","","","","","","","","","","","","","","2030001089904","","","",""
"中央酒販株式会社","5331761109770","","","","","","","802-0064","福岡県北九州市小倉北区片野一丁目16-26","","","","","","","","","","","","","","","3290801002428","","","",""
"有限会社中央ストアー黒木","7241450791335","","","","","","","889-2402","宮崎県日南市北郷町郷之原乙4893-1","","","","","","","","","","","","","","","8350002017000","","","",""
"株式会社中央スーパー","6014861373816","","","","","","","077-0044","北海道留萌市錦町三丁目1-33","","","","","","","","","","","","","","","2450001008945","","","",""
"株式会社中禅寺観光センター","4713925373431","","","","","","","321-1661","栃木県日光市中宮祠2478","","","","","","","","","","","","","","","5060001021497","","","",""
"株式会社ちょいと","1517887845958","","","","","","","144-0051","東京都大田区西蒲田六丁目17-7-1","","","","","","","","","","","","","","","7010801022169","","","",""
"株式会社千代鶴本店","5023607502390","","","","","","","183-0023","東京都府中市宮町一丁目4-3","","","","","","","","","","","","","","","2012401001045","","","",""
"有限会社ツカサ工業","9326059173284","","","","","","","340-0814","埼玉県八潮市大字南川崎796","","","","","","","","","","","","","","","9030002047441","","","",""
"司商事株式会社","7075057368075","","","","","","","168-0063","東京都杉並区和泉一丁目45-7","","","","","","","","","","","","","","","5010801007345","","","",""
"司商事株式会社","7746706508907","","","","","","","541-0056","大阪府大阪市中央区久太郎町三丁目5-5","","","","","","","","","","","","","","","8140001020819","","","",""
"有限会社塚田商店","2871194059202","","","","","","","308-0102","茨城県筑西市黒子201","","","","","","","","","","","","","","","2050002043767","","","",""
"株式会社津喜地屋","6426253874438","","","","","","","455-0021","愛知県名古屋市港区木場町9-15","","","","","","","","","","","","","","","8180001006863","","","",""
"有限会社月の花オーガニクス","2036952283199","","","","","","","811-1355","福岡県福岡市南区桧原二丁目10-23","","","","","","","","","","","","","","","5290002029442","","","",""
"有限会社月見山","9340579648989","","","","","","","654-0051","兵庫県神戸市須磨区月見山本町二丁目1-15","","","","","","","","","","","","","","","3140002007563","","","",""
"月見山公設市場協同組合","4564143774122","","","","","","","654-0051","兵庫県神戸市須磨区月見山本町二丁目1-15","","","","","","","","","","","","","","","4140005003352","","","",""
"有限会社つきやま","4744075756719","","","","","","","729-0417","広島県三原市本郷南六丁目21-23","","","","","","","","","","","","","","","9240002053955","","","",""
"つくばの良い品株式会社","3555318369722","","","","","","","300-2617","茨城県つくば市吉沼4895","","","","","","","","","","","","","","","1050001017814","","","",""
"有限会社辻ストアー","4150964718594","","","","","","","514-1102","三重県津市久居藤ヶ丘町2656-145","","","","","","","","","","","","","","","1190002001919","","","",""
"株式会社辻スーパー","8634350280134","","","","","","","900-0037","沖縄県那覇市辻二丁目6-12","","","","","","","","","","","","","","","6360003000848","","","",""
"有限会社辻玉","4159113064635","","","","","","","472-0026","愛知県知立市上重原町寺内93-3","","","","","","","","","","","","","","","7180302019524","","","",""
"辻漬物株式会社","5430532111097","","","","","","","597-0071","大阪府貝塚市加神二丁目5-33","","","","","","","","","","","","","","","6120101038277","","","",""
"株式会社ツジヤ","5958025264219","","","","","","","520-3433","滋賀県甲賀市甲賀町大原市場9-1","","","","","","","","","","","","","","","1160001005386","","","",""
"株式会社蔦の家","6475585492339","","","","","","","160-0004","東京都新宿区四谷四丁目3-2 中川ビル1F","","","","","","","","","","","","","","","4011101065670","","","",""
"有限会社ツチダ","4162321632544","","","","","","","050-0085","北海道室蘭市輪西町一丁目37-4","","","","","","","","","","","","","","","9430002064504","","","",""
"土橋エンタープライズ株式会社","3883738144672","","","","","","","446-0019","愛知県安城市新明町4-14","","","","","","","","","","","","","","","5180301025475","","","",""
"株式会社土谷","9876349262461","","","","","","","154-0011","東京都世田谷区上馬二丁目36-4","","","","","","","","","","","","","","","6010901018266","","","",""
"合名会社堤田本店","1292401789900","","","","","","","866-0313","熊本県天草市御所浦町御所浦3850","","","","","","","","","","","","","","","3330003004045","","","",""
"有限会社つづみ","3973908131758","","","","","","","740-0044","山口県岩国市通津2649","","","","","","","","","","","","","","","1250002018279","","","",""
"ツナシマオートサプライ株式会社","6412555808186","","","","","","","222-0002","神奈川県横浜市港北区師岡町461-1","","","","","","","","","","","","","","","6020001020956","","","",""
"株式会社綱島質店","5089384930858","","","","","","","223-0053","神奈川県横浜市港北区綱島西一丁目8-12","","","","","","","","","","","","","","","3020001036600","","","",""
"株式会社津名ショッピングセンター","4029522783390","","","","","","","656-2131","兵庫県淡路市志筑1381-3","","","","","","","","","","","","","","","9140001085118","","","",""
"常木教材株式会社","7697716645606","","","","","","","284-0008","千葉県四街道市鹿放ケ丘81-10","","","","","","","","","","","","","","","2040001047357","","","",""
"株式会社常義","7320492225106","","","","","","","101-0051","東京都千代田区神田神保町一丁目5","","","","","","","","","","","","","","","4010001105405","","","",""
"株式会社つのくま","8026664979685","","","","","","","605-0981","京都府京都市東山区本町十一丁目205","","","","","","","","","","","","","","","9130001009465","","","",""
"株式会社椿商店","2340910988140","","","","","","","260-0012","千葉県千葉市中央区本町三丁目4-3","","","","","","","","","","","","","","","3040001004992","","","",""
"株式会社椿食品","3423592197288","","","","","","","791-1114","愛媛県松山市井門町1020","","","","","","","","","","","","","","","3500001002735","","","",""
"株式会社つばき屋","9971736216385","","","","","","","853-0000","長崎県五島市三井楽町濱ノ畔1218-1","","","","","","","","","","","","","","","3310002020664","","","",""
"有限会社つばめや","7429134722623","","","","","","","332-0023","埼玉県川口市飯塚三丁目13-29","","","","","","","","","","","","","","","2030002105016","","","",""
"有限会社ツーフィスト","3959191549889","","","","","","","545-0052","大阪府大阪市阿倍野区阿倍野筋四丁目22-3","","","","","","","","","","","","","","","2120002065052","","","",""
"株式会社津松菱","5541626233494","","","","","","","514-0028","三重県津市東丸之内4-10","","","","","","","","","","","","","","","1190001000698","","","",""
"株式会社ツムキコーポレーション","2720470651652","","","","","","","519-2424","三重県多気郡大台町栃原1132-1","","","","","","","","","","","","","","","8190001011532","","","",""
"津山製パン有限会社","2906498657007","","","","","","","708-0036","岡山県津山市南新座34","","","","","","","","","","","","","","","1260002028847","","","",""
"有限会社つり具藤岡","8264740907663","","","","","","","260-0834","千葉県千葉市中央区今井三丁目22-14","","","","","","","","","","","","","","","4040002007804","","","",""
"ツリーナッツ株式会社","5455776950997","","","","","","","274-0805","千葉県船橋市二和東四丁目14-69","","","","","","","","","","","","","","","2010601047585","","","",""
"株式会社鶴岡","9954972121466","","","","","","","262-0023","千葉県千葉市花見川区検見川町三丁目301-4","","","","","","","","","","","","","","","5040001009123","","","",""
"鶴町公設市場協同組合","6808835255383","","","","","","","551-0023","大阪府大阪市大正区鶴町二丁目9-17 鶴町公設市場内","","","","","","","","","","","","","","","8120005006064","","","",""
"株式会社ツルヤ","5312801878485","","","","","","","384-0005","長野県小諸市御幸町二丁目1-20","","","","","","","","","","","","","","","3100001008319","","","",""
"鶴屋商事株式会社","9301741442632","","","","","","","860-0801","熊本県熊本市中央区安政町3-35","","","","","","","","","","","","","","","5330001003047","","","",""
"株式会社鶴屋百貨店","2498392565636","","","","","","","860-0808","熊本県熊本市中央区手取本町6-1","","","","","","","","","","","","","","","9330001003051","","","",""
"有限会社ティー・アイ・イー","7033080556227","","","","","","","720-0825","広島県福山市沖野上町五丁目18-21 501","","","","","","","","","","","","","","","4240002041857","","","",""
"株式会社ＴＲ９３０","6298492803327","","","","","","","279-0011","千葉県浦安市美浜四丁目30-8","","","","","","","","","","","","","","","8011501020957","","","",""
"株式会社ティーアンドエム","4927072539865","","","","","","","779-3205","徳島県名西郡石井町高原東高原200-5","","","","","","","","","","","","","","","8480001004688","","","",""
"合同会社ＴＳＮ","8789440398582","","","","","","","320-0821","栃木県宇都宮市一条二丁目9-15","","","","","","","","","","","","","","","1060003001435","","","",""
"有限会社ティー・エス・ティー・プランニング","4428615634701","","","","","","","243-0014","神奈川県厚木市旭町五丁目38-30","","","","","","","","","","","","","","","3021002032472","","","",""
"株式会社ティ・エス・ネット","9231222660880","","","","","","","983-0852","宮城県仙台市宮城野区榴岡四丁目6-23","","","","","","","","","","","","","","","2370601002380","","","",""
"有限会社ティーエス不動産企画","3593429055432","","","","","","","859-1103","長崎県雲仙市吾妻町平江名117-1","","","","","","","","","","","","","","","6310002015777","","","",""
"ティーエム情報サービス株式会社","6185382078538","","","","","","","540-0011","大阪府大阪市中央区農人橋二丁目1-31 第6松屋ビル270号","","","","","","","","","","","","","","","9120001103574","","","",""
"株式会社ティーエムスペース","7474239413583","","","","","","","343-0854","埼玉県越谷市大字北後谷54-2","","","","","","","","","","","","","","","3030001065251","","","",""
"株式会社ティエラ","5247332435788","","","","","","","362-0014","埼玉県上尾市本町一丁目4-30 203","","","","","","","","","","","","","","","9010401045320","","","",""
"株式会社ティオコーポレーション","1089858501300","","","","","","","543-0001","大阪府大阪市天王寺区上本町三丁目5-16 青山ビル別館1F","","","","","","","","","","","","","","","1120001170738","","","",""
"株式会社ティー・オー・ピー","8636853563350","","","","","","","101-0064","東京都千代田区神田猿楽町二丁目5-2 クエストスクエアタテノ1F","","","","","","","","","","","","","","","7010001184041","","","",""
"テイク株式会社","1284571888574","","","","","","","965-0876","福島県会津若松市山鹿町3-27","","","","","","","","","","","","","","","4380001017621","","","",""
"株式会社ティケーエス","7576394695730","","","","","","","919-1122","福井県三方郡美浜町松原36-1-1","","","","","","","","","","","","","","","8210001011042","","","",""
"株式会社ＴＫＳ","6758709828222","","","","","","","527-0136","滋賀県東近江市南菩提寺町558-7","","","","","","","","","","","","","","","4160001010508","","","",""
"株式会社丁字屋","2330750697767","","","","","","","193-0801","東京都八王子市川口町1471","","","","","","","","","","","","","","","3010101002494","","","",""
"有限会社ティー・スクエア","5058588795149","","","","","","","767-0031","香川県三豊市三野町大見甲5720-1","","","","","","","","","","","","","","","6260002011658","","","",""
"有限会社Ｔ２Ｙ","8210418190245","","","","","","","339-0057","埼玉県さいたま市岩槻区本町三丁目19-22-1","","","","","","","","","","","","","","","8030002089187","","","",""
"株式会社ティーバーズ","9956379484978","","","","","","","851-3423","長崎県西海市西彼町八木原郷1457-1","","","","","","","","","","","","","","","1310001013910","","","",""
"株式会社ＴＹＲ","6253211307044","","","","","","","963-4321","福島県田村市船引町笹山岩ノ作741-3","","","","","","","","","","","","","","","4380001028098","","","",""
"株式会社テーオーデパート","9912097694830","","","","","","","040-0015","北海道函館市梁川町10-14","","","","","","","","","","","","","","","7440001007976","","","",""
"株式会社ＴＥＣＴ","9354350335672","","","","","","","937-0852","富山県魚津市慶野141-2","","","","","","","","","","","","","","","1230001015287","","","",""
"有限会社テクノサーチ","8302415235222","","","","","","","800-0227","福岡県北九州市小倉南区津田新町一丁目12-13","","","","","","","","","","","","","","","4290802004224","","","",""
"株式会社てっぺん","2957271798842","","","","","","","097-0013","北海道稚内市若葉台二丁目1-4","","","","","","","","","","","","","","","9450001008781","","","",""
"有限会社てつや","3541337422564","","","","","","","872-1401","大分県国東市国見町伊美2445-1","","","","","","","","","","","","","","","2320002016233","","","",""
"有限会社てづか","3368807100264","","","","","","","214-0014","神奈川県川崎市多摩区登戸3056","","","","","","","","","","","","","","","6020002092623","","","",""
"株式会社手塚企画","6613241222980","","","","","","","252-0243","神奈川県相模原市中央区上溝四丁目20-2 インセル相模原上溝B号室","","","","","","","","","","","","","","","4021001057247","","","",""
"株式会社テラタ","7689891591739","","","","","","","016-0852","秋田県能代市出戸本町19-10","","","","","","","","","","","","","","","7410001007161","","","",""
"合資会社寺田商店","1425409434845","","","","","","","457-0047","愛知県名古屋市南区城下町三丁目9-3","","","","","","","","","","","","","","","1180003001976","","","",""
"有限会社寺泊トータルサービス","3250193458896","","","","","","","959-0156","新潟県長岡市寺泊木島651-1","","","","","","","","","","","","","","","8110002030984","","","",""
"株式会社寺本商事","4867185254223","","","","","","","649-0311","和歌山県有田市辻堂744","","","","","","","","","","","","","","","8170001007367","","","",""
"有限会社寺本商店","3752686631735","","","","","","","406-0031","山梨県笛吹市石和町市部1118","","","","","","","","","","","","","","","4090002008467","","","",""
"株式会社天恵グループ","3626640605150","","","","","","","731-5114","広島県広島市佐伯区美鈴が丘西一丁目3-2","","","","","","","","","","","","","","","4240001007181","","","",""
"有限会社天満屋","3817556897056","","","","","","","885-0052","宮崎県都城市東町13-20","","","","","","","","","","","","","","","4350002014505","","","",""
"株式会社天満屋","3279482760805","","","","","","","700-0822","岡山県岡山市北区表町二丁目1-1","","","","","","","","","","","","","","","9260001004552","","","",""
"株式会社天満屋ストア","7512264053809","","","","","","","700-0867","岡山県岡山市北区岡町13-16","","","","","","","","","","","","","","","5260001004556","","","",""
"株式会社天満屋トラベル","3504767067030","","","","","","","700-0822","岡山県岡山市北区表町二丁目2-76 表町商店街・天満屋前","","","","","","","","","","","","","","","2260001004559","","","",""
"株式会社天満屋レンタカー","5265595701429","","","","","","","700-0821","岡山県岡山市北区中山下二丁目3-30","","","","","","","","","","","","","","","8260001001690","","","",""
"有限会社テンミニッツ","7693807873593","","","","","","","300-1245","茨城県つくば市高崎125","","","","","","","","","","","","","","","3050002023108","","","",""
"有限会社天領まちの駅","9980259797416","","","","","","","877-0005","大分県日田市豆田町8-33","","","","","","","","","","","","","","","5320002019687","","","",""
"株式会社ディー・アンド・シー","5693661019092","","","","","","","920-0981","石川県金沢市片町二丁目2-5","","","","","","","","","","","","","","","4220001009642","","","",""
"有限会社ディ・エスかたやま","8016662134911","","","","","","","711-0913","岡山県倉敷市児島味野一丁目12-30","","","","","","","","","","","","","","","6260002019734","","","",""
"株式会社ディグニスジャパン","5394748063564","","","","","","","104-0033","東京都中央区新川二丁目10-1 1407号","","","","","","","","","","","","","","","4010001188292","","","",""
"有限会社ディスカ","3854973357972","","","","","","","785-0202","高知県高岡郡津野町姫野々501-1","","","","","","","","","","","","","","","9490002010774","","","",""
"有限会社ディスカウントショップ大黒屋","5977969079114","","","","","","","357-0025","埼玉県飯能市栄町19-8","","","","","","","","","","","","","","","7030002119639","","","",""
"株式会社ＤＴＭ","8482594041786","","","","","","","350-1317","埼玉県狭山市大字水野1296-4","","","","","","","","","","","","","","","4020001042639","","","",""
"株式会社ＤＤＤｉｅｃａｓｔ","4476963094534","","","","","","","540-0012","大阪府大阪市中央区谷町二丁目7-4","","","","","","","","","","","","","","","4120001172772","","","",""
"有限会社ディードライブ","8546957744450","","","","","","","395-0151","長野県飯田市北方2537","","","","","","","","","","","","","","","3011002030031","","","",""
"ディーニーズ株式会社","1504382428255","","","","","","","144-0051","東京都大田区西蒲田七丁目25-7","","","","","","","","","","","","","","","3010801007669","","","",""
"有限会社ディライト","7021437316118","","","","","","","513-0826","三重県鈴鹿市住吉三丁目30-20","","","","","","","","","","","","","","","2190002006743","","","",""
"株式会社デイリーマート","2097110594211","","","","","","","779-3602","徳島県美馬市脇町大字猪尻若宮南100-1","","","","","","","","","","","","","","","7480001007345","","","",""
"株式会社デイ・リンク","7330486676004","","","","","","","730-0823","広島県広島市中区吉島西一丁目14-6","","","","","","","","","","","","","","","8240001007178","","","",""
"株式会社デザインワークス","3730070611988","","","","","","","700-0815","岡山県岡山市北区野田屋町一丁目11-20","","","","","","","","","","","","","","","2260001011563","","","",""
"デージープラニング株式会社","2588174422118","","","","","","","802-0006","福岡県北九州市小倉北区魚町三丁目3-20","","","","","","","","","","","","","","","7290801021218","","","",""
"株式会社出原","3894358438922","","","","","","","536-0004","大阪府大阪市城東区今福西一丁目8-14","","","","","","","","","","","","","","","2120001014290","","","",""
"株式会社出前館コミュニケーションズ","3224975271103","","","","","","","890-0045","鹿児島県鹿児島市武一丁目2-10 JR鹿児島中央ビル6階","","","","","","","","","","","","","","","5340001005793","","","",""
"株式会社デミライン","4581646181920","","","","","","","105-0022","東京都港区海岸一丁目2-3 汐留芝離宮ビルディング21F","","","","","","","","","","","","","","","8010401082785","","","",""
"株式会社デュエット","7439540269762","","","","","","","491-0862","愛知県一宮市緑二丁目12-13","","","","","","","","","","","","","","","4180001086447","","","",""
"株式会社でりかエッセン","1062107370338","","","","","","","702-8051","岡山県岡山市南区築港元町13-21","","","","","","","","","","","","","","","9260001004577","","","",""
"有限会社デリカキッチン","6844969928016","","","","","","","460-0003","愛知県名古屋市中区錦一丁目5-1","","","","","","","","","","","","","","","7180002051331","","","",""
"株式会社デリシア","1862512912983","","","","","","","390-1131","長野県松本市大字今井7155-28","","","","","","","","","","","","","","","3100001014168","","","",""
"電気硝子ビジネスサポート株式会社","6843561734296","","","","","","","520-0834","滋賀県大津市御殿浜12-17","","","","","","","","","","","","","","","7160001001322","","","",""
"株式会社でんきハウスコスモス","8769848126955","","","","","","","990-0021","山形県山形市小白川町五丁目11-24","","","","","","","","","","","","","","","2390001001254","","","",""
"有限会社ＤｅｎＣｕｂｉｃ","4812153272111","","","","","","","791-8018","愛媛県松山市問屋町1-17","","","","","","","","","","","","","","","9500002010491","","","",""
"株式会社伝工房","8220454840233","","","","","","","203-0012","東京都東久留米市浅間町三丁目17-26","","","","","","","","","","","","","","","4010001160821","","","",""
"電材ストア合同会社","1709405059600","","","","","","","950-3334","新潟県新潟市北区大月1712","","","","","","","","","","","","","","","9110003000911","","","",""
"株式会社デンマート","5398033173652","","","","","","","101-0021","東京都千代田区外神田四丁目7 76F","","","","","","","","","","","","","","","4010501022728","","","",""
"有限会社トーイチコーポレーション","3222089210416","","","","","","","355-0063","埼玉県東松山市元宿一丁目11-3","","","","","","","","","","","","","","","4030002096113","","","",""
"株式会社ト一屋","8302507419998","","","","","","","998-0875","山形県酒田市東町二丁目2-1","","","","","","","","","","","","","","","2390001006443","","","",""
"株式会社藤栄","7015377751107","","","","","","","222-0023","神奈川県横浜市港北区仲手原二丁目45-17 ヒルズ妙蓮寺302","","","","","","","","","","","","","","","1020001021050","","","",""
"東栄フーズ株式会社","5950759143078","","","","","","","262-0003","千葉県千葉市花見川区宇那谷町1504-7","","","","","","","","","","","","","","","3010701026273","","","",""
"有限会社東海ライフ","1610988503216","","","","","","","419-0202","静岡県富士市久沢86-18","","","","","","","","","","","","","","","7080102015618","","","",""
"株式会社東急ストア","7767009423903","","","","","","","153-0051","東京都目黒区上目黒一丁目21-12","","","","","","","","","","","","","","","8013201004026","","","",""
"東京ウインナー株式会社","1315997071277","","","","","","","333-0834","埼玉県川口市大字安行領根岸2889","","","","","","","","","","","","","","","6030001076163","","","",""
"株式会社東京乳母車","5638239712372","","","","","","","300-1544","茨城県取手市山王202","","","","","","","","","","","","","","","7012401008267","","","",""
"株式会社東京エージェンシー","5576977136002","","","","","","","169-0072","東京都新宿区大久保二丁目2-20 903号","","","","","","","","","","","","","","","1011101035429","","","",""
"株式会社東京さえき","6828302836570","","","","","","","186-0003","東京都国立市富士見台四丁目7-11","","","","","","","","","","","","","","","1012401003711","","","",""
"東京事務器株式会社","9833825593038","","","","","","","158-0097","東京都世田谷区用賀四丁目3-7","","","","","","","","","","","","","","","8010901007993","","","",""
"東京農大発株式会社メルカード","6426583528995","","","","","","","156-0054","東京都世田谷区桜丘一丁目1-1","","","","","","","","","","","","","","","2010901015960","","","",""
"東京メトロ都市開発株式会社","9349323601213","","","","","","","160-0023","東京都新宿区西新宿一丁目6-1 新宿エルタワー19階","","","","","","","","","","","","","","","4011101043222","","","",""
"ＴＯＫＯサービス株式会社","5426481002767","","","","","","","860-0811","熊本県熊本市中央区本荘五丁目14-22","","","","","","","","","","","","","","","6330001003145","","","",""
"東興産業株式会社","3377099587000","","","","","","","176-0002","東京都練馬区桜台三丁目7-2 101号","","","","","","","","","","","","","","","6013301008416","","","",""
"株式会社東光ストア","7270412443328","","","","","","","062-0931","北海道札幌市豊平区平岸一条一丁目9-6","","","","","","","","","","","","","","","4430001007930","","","",""
"株式会社東港ポートサービス","9228398268465","","","","","","","950-3101","新潟県新潟市北区太郎代546-1","","","","","","","","","","","","","","","7110001003447","","","",""
"株式会社東郷スーパーマーケット","5606240193492","","","","","","","895-1106","鹿児島県薩摩川内市東郷町斧渕88","","","","","","","","","","","","","","","4340001008616","","","",""
"株式会社柊樟","4778164402941","","","","","","","491-0828","愛知県一宮市伝法寺四丁目4-5","","","","","","","","","","","","","","","1180001125257","","","",""
"東晨洋酒株式会社","7940462598346","","","","","","","405-0024","山梨県山梨市歌田66","","","","","","","","","","","","","","","9090001008934","","","",""
"株式会社トウズ","2323352694040","","","","","","","285-0005","千葉県佐倉市宮前三丁目6-11","","","","","","","","","","","","","","","9040001047895","","","",""
"株式会社東清実業","1501871407602","","","","","","","143-0001","東京都大田区東海三丁目7-1 GTOビル401","","","","","","","","","","","","","","","4010801021000","","","",""
"東電生活協同組合","3647466884703","","","","","","","105-0013","東京都港区浜松町一丁目21-2 東電労組礎会館3F","","","","","","","","","","","","","","","4010405001935","","","",""
"株式会社東美","7341369181322","","","","","","","850-0875","長崎県長崎市栄町5-5","","","","","","","","","","","","","","","2310001001220","","","",""
"株式会社トゥビィリンクス","4795838078176","","","","","","","169-0072","東京都新宿区大久保二丁目25-8","","","","","","","","","","","","","","","4010901018061","","","",""
"株式会社東武","8853234959833","","","","","","","086-1146","北海道標津郡中標津町南町3-10","","","","","","","","","","","","","","","4462501000156","","","",""
"株式会社東武宇都宮百貨店","8122926694046","","","","","","","320-0808","栃木県宇都宮市宮園町5-4","","","","","","","","","","","","","","","5060001003116","","","",""
"株式会社東部商事","8809978554164","","","","","","","004-0841","北海道札幌市清田区清田一条二丁目2-37","","","","","","","","","","","","","","","1430001011621","","","",""
"有限会社東部住設","8786255008636","","","","","","","419-0201","静岡県富士市厚原330 サニーハウス南A-203号","","","","","","","","","","","","","","","3080102016215","","","",""
"株式会社東武ストア","8579282755932","","","","","","","174-0076","東京都板橋区上板橋三丁目1-1","","","","","","","","","","","","","","","4011401004551","","","",""
"株式会社東武百貨店","5703227165904","","","","","","","171-0021","東京都豊島区西池袋一丁目1-25","","","","","","","","","","","","","","","5013301008549","","","",""
"東宝企業株式会社","1956980351550","","","","","","","682-0886","鳥取県倉吉市大正町二丁目90","","","","","","","","","","","","","","","8270001005071","","","",""
"株式会社東北ネット商事","4652995398104","","","","","","","987-0611","宮城県登米市中田町浅水窪田50-3","","","","","","","","","","","","","","","1370401000775","","","",""
"有限会社東蒲ストアー","8241736618621","","","","","","","144-0031","東京都大田区東蒲田二丁目10-7","","","","","","","","","","","","","","","5010802010083","","","",""
"株式会社東洋","7691666369367","","","","","","","363-0017","埼玉県桶川市西二丁目9-36 マメトラショッピングパーク2F","","","","","","","","","","","","","","","5030001062065","","","",""
"東洋羽毛首都圏販売株式会社","1583941226775","","","","","","","168-0063","東京都杉並区和泉一丁目22-19 朝日生命代田橋ビル12階","","","","","","","","","","","","","","","4010401020286","","","",""
"東陽国際株式会社","3052312706824","","","","","","","452-0907","愛知県清須市鍋片二丁目254-6","","","","","","","","","","","","","","","4180001121278","","","",""
"株式会社東洋コンセプト","4926459053115","","","","","","","319-0205","茨城県笠間市押辺2690-2","","","","","","","","","","","","","","","6050001008362","","","",""
"東和株式会社","5762303038076","","","","","","","132-0024","東京都江戸川区一之江六丁目9-37 1102","","","","","","","","","","","","","","","2010601041308","","","",""
"株式会社藤和コーポレーション","5174556553293","","","","","","","340-0021","埼玉県草加市手代二丁目8-7","","","","","","","","","","","","","","","3030001035353","","","",""
"株式会社トーエイ","5212688011952","","","","","","","729-5121","広島県庄原市東城町川東1172","","","","","","","","","","","","","","","6240001025074","","","",""
"株式会社トーカ堂","8127908494498","","","","","","","811-2412","福岡県糟屋郡篠栗町大字乙犬888","","","","","","","","","","","","","","","6290001038419","","","",""
"有限会社トガワストア","7049831071781","","","","","","","703-8243","岡山県岡山市中区清水一丁目8-1","","","","","","","","","","","","","","","6260002006963","","","",""
"株式会社登喜","2345502311646","","","","","","","360-0803","埼玉県熊谷市柿沼730-12","","","","","","","","","","","","","","","7013301036639","","","",""
"株式会社時之栖","2918667258063","","","","","","","412-0033","静岡県御殿場市神山719","","","","","","","","","","","","","","","9080101004198","","","",""
"株式会社トキハインダストリー","4400303079115","","","","","","","870-0161","大分県大分市明野東一丁目1-1","","","","","","","","","","","","","","","8320001001949","","","",""
"株式会社トキハ","7178830466028","","","","","","","870-0021","大分県大分市府内町二丁目1-4","","","","","","","","","","","","","","","1320001001947","","","",""
"有限会社トキワマート","1261901019223","","","","","","","247-0056","神奈川県鎌倉市大船一丁目19-15","","","","","","","","","","","","","","","7021002015218","","","",""
"株式会社ときわや","7803498066860","","","","","","","294-0006","千葉県館山市薗277","","","","","","","","","","","","","","","1040001074591","","","",""
"株式会社富来ストア","5835378332804","","","","","","","925-0446","石川県羽咋郡志賀町富来地頭町八168","","","","","","","","","","","","","","","1220001015734","","","",""
"株式会社徳島県物産館","3185405701435","","","","","","","771-0212","徳島県板野郡松茂町中喜来前原東四番越14-1","","","","","","","","","","","","","","","2480001005626","","","",""
"株式会社徳島中央木材市場","5323126554767","","","","","","","770-8001","徳島県徳島市津田海岸町4-27","","","","","","","","","","","","","","","3480001001467","","","",""
"合資会社徳明商会","1580683218580","","","","","","","130-0021","東京都墨田区緑一丁目22-2","","","","","","","","","","","","","","","6010603002394","","","",""
"徳山株式会社","7678530917269","","","","","","","570-0081","大阪府守口市日吉町二丁目12-10","","","","","","","","","","","","","","","7120001156293","","","",""
"有限会社とくやま","7959278944482","","","","","","","891-7426","鹿児島県大島郡徳之島町母間8922","","","","","","","","","","","","","","","4340002020090","","","",""
"株式会社トクラ","1860140561581","","","","","","","601-8213","京都府京都市南区久世中久世町一丁目90","","","","","","","","","","","","","","","4130001011269","","","",""
"有限会社トコちゃんドットコム","5791779628006","","","","","","","578-0984","大阪府東大阪市菱江四丁目6-1","","","","","","","","","","","","","","","4122002010655","","","",""
"株式会社土佐山田ショッピングセンター","6296330080959","","","","","","","782-0032","高知県香美市土佐山田町西本町四丁目1-24","","","","","","","","","","","","","","","3490001006093","","","",""
"株式会社豊島屋","5323282084164","","","","","","","557-0001","大阪府大阪市西成区山王二丁目14-8","","","","","","","","","","","","","","","4120001003878","","","",""
"有限会社トータス","9139275868394","","","","","","","861-4124","熊本県熊本市南区海路口町4121-1","","","","","","","","","","","","","","","7330002007193","","","",""
"株式会社トータルギフト横商","9967492605432","","","","","","","891-1305","鹿児島県鹿児島市宮之浦町648","","","","","","","","","","","","","","","5340001005653","","","",""
"株式会社トータルワーカーズ","5368515123012","","","","","","","543-0033","大阪府大阪市天王寺区堂ケ芝二丁目18-10","","","","","","","","","","","","","","","4120001110609","","","",""
"有限会社戸田商店","6214198937062","","","","","","","192-0024","東京都八王子市宇津木町598","","","","","","","","","","","","","","","5010102004827","","","",""
"栃城木藝株式会社","7292570445650","","","","","","","340-0002","埼玉県草加市青柳三丁目6-2","","","","","","","","","","","","","","","4030001035360","","","",""
"ＴＯＰＰＡＮクーハン株式会社","9408224268982","","","","","","","101-0024","東京都千代田区神田和泉町1","","","","","","","","","","","","","","","4010501049440","","","",""
"株式会社トップ","8832445428084","","","","","","","156-0043","東京都世田谷区松原五丁目8-16","","","","","","","","","","","","","","","2010901005986","","","",""
"トップ産業株式会社","3453125847402","","","","","","","544-0011","大阪府大阪市生野区田島四丁目11-16","","","","","","","","","","","","","","","8120001010499","","","",""
"株式会社トップフーズ","8601122559116","","","","","","","866-0893","熊本県八代市海士江町2720-1","","","","","","","","","","","","","","","2330001017017","","","",""
"株式会社トップマート","4788917868839","","","","","","","260-0801","千葉県千葉市中央区仁戸名町560","","","","","","","","","","","","","","","5040001005485","","","",""
"株式会社トップワン","5368501742841","","","","","","","483-8064","愛知県江南市高屋町十六田157-1","","","","","","","","","","","","","","","9180001087556","","","",""
"株式会社トノハタ","5669085386301","","","","","","","645-0014","和歌山県日高郡みなべ町西岩代195-1","","","","","","","","","","","","","","","4170001009193","","","",""
"株式会社とぴあサービス","8796623578170","","","","","","","431-3122","静岡県浜松市中央区有玉南町1975","","","","","","","","","","","","","","","5080401003589","","","",""
"とぴあ浜松農業協同組合","2483149735331","","","","","","","431-3122","静岡県浜松市中央区有玉南町1975","","","","","","","","","","","","","","","4080405000377","","","",""
"株式会社富江商店","2829513331814","","","","","","","116-0012","東京都荒川区東尾久四丁目30-9","","","","","","","","","","","","","","","4011501007925","","","",""
"株式会社とみおか","4861355789471","","","","","","","374-0024","群馬県館林市本町二丁目17-36","","","","","","","","","","","","","","","2070001021904","","","",""
"株式会社トミダ","7220296246390","","","","","","","462-0829","愛知県名古屋市北区杉栄町二丁目45","","","","","","","","","","","","","","","5180001012930","","","",""
"株式会社とみつね","5409193592907","","","","","","","370-3504","群馬県北群馬郡榛東村大字広馬場1341-1","","","","","","","","","","","","","","","8070001018151","","","",""
"株式会社富分","7814248324884","","","","","","","299-1162","千葉県君津市南子安五丁目28-14","","","","","","","","","","","","","","","6040001051280","","","",""
"株式会社とみや","8714700985857","","","","","","","756-0817","山口県山陽小野田市大字小野田弐ノ介永550-36","","","","","","","","","","","","","","","5250001003864","","","",""
"株式会社トミヤ","8495181169125","","","","","","","230-0061","神奈川県横浜市鶴見区佃野町25-5","","","","","","","","","","","","","","","4020001018300","","","",""
"富屋インターナショナル株式会社","4788646321453","","","","","","","799-2654","愛媛県松山市内宮町510-1","","","","","","","","","","","","","","","9500001021589","","","",""
"株式会社富屋酒販","3108605113867","","","","","","","381-0052","長野県長野市檀田二丁目31-6","","","","","","","","","","","","","","","4100001002196","","","",""
"株式会社富山商店","2032487960890","","","","","","","099-1417","北海道常呂郡訓子府町末広町13","","","","","","","","","","","","","","","1460301000692","","","",""
"株式会社トムキャット","4569405147715","","","","","","","440-0862","愛知県豊橋市向山大池町3-3","","","","","","","","","","","","","","","1180301006421","","","",""
"有限会社十夢ファクトリー","3038170909680","","","","","","","921-8844","石川県野々市市堀内三丁目10","","","","","","","","","","","","","","","3220002008132","","","",""
"有限会社トモコエンタープライズ","8863374089145","","","","","","","248-0017","神奈川県鎌倉市佐助一丁目11-19","","","","","","","","","","","","","","","2021002012599","","","",""
"株式会社ともざわ","2558746652202","","","","","","","791-8036","愛媛県松山市高岡町262","","","","","","","","","","","","","","","8500001002929","","","",""
"株式会社Ｔｏｍｏｔａｓｕ","4077214624466","","","","","","","737-0831","広島県呉市光町15-2","","","","","","","","","","","","","","","9240001051910","","","",""
"株式会社友美","4713776709970","","","","","","","140-0014","東京都品川区大井一丁目49-10","","","","","","","","","","","","","","","5010701017147","","","",""
"富山ファースト・リース株式会社","6069048081455","","","","","","","933-0874","富山県高岡市京田621","","","","","","","","","","","","","","","3230001002168","","","",""
"富山リース株式会社","7401152664503","","","","","","","930-0042","富山県富山市泉町一丁目1-7","","","","","","","","","","","","","","","9230001002220","","","",""
"農事組合法人豊浦ニューカントリー","3738942214060","","","","","","","959-2335","新潟県新発田市本田538","","","","","","","","","","","","","","","6110005004657","","","",""
"豊国ヌードル株式会社","2131103357100","","","","","","","639-1031","奈良県大和郡山市今国府町129-3","","","","","","","","","","","","","","","4120001004265","","","",""
"株式会社東横部品製作所","3265759902634","","","","","","","152-0003","東京都目黒区碑文谷二丁目14-1","","","","","","","","","","","","","","","8013201004141","","","",""
"とよす株式会社","4561975906502","","","","","","","563-0033","大阪府池田市住吉一丁目3-11","","","","","","","","","","","","","","","5120901019824","","","",""
"有限会社トヨタ","7228977147344","","","","","","","716-1403","岡山県真庭市宮地1243","","","","","","","","","","","","","","","1260002034201","","","",""
"トヨタ生活協同組合","8075279047681","0","1","2026/01/13","0","","","470-1201","愛知県豊田市豊栄町二丁目111","0565-28-5011","代表取締役","山本　哲夫","卸売、小売","総合小売","宿泊、飲食サービス","飲食店","1,000 ～ 3,000","100,000 ～ 1,000,000","30,000 ～ 50,000","2025/03","1945/12","1949/07","非公開","8180305005438","デイサービスセンター,介護サービス,教育活動,調剤薬局,協同互助,経済的生活向上,サービスステーション,物品供給事業,メグリア","2026新卒募集企業,2027新卒インターン募集企業,2027新卒募集企業,2028新卒インターン募集企業,中途採用企業,営業職募集企業,売上300億円以上,売上50億円以上,従業員500人以上,新規事業開発企業,省エネ法対象業者","",""
"株式会社トライアルカンパニー","2498146462395","","","","","","","813-0034","福岡県福岡市東区多の津一丁目12-2","","","","","","","","","","","","","","","1290001009110","","","",""
"株式会社トライアルストアーズ","5326246619140","","","","","","","813-0034","福岡県福岡市東区多の津一丁目12-2","","","","","","","","","","","","","","","9290001072902","","","",""
"株式会社トライ産業","3366358992176","","","","","","","884-0002","宮崎県児湯郡高鍋町大字北高鍋1058","","","","","","","","","","","","","","","4350001015000","","","",""
"株式会社トライブ","1556810565128","","","","","","","252-0202","神奈川県相模原市中央区淵野辺本町一丁目2-1 ウェルズ21相模原","","","","","","","","","","","","","","","5021001047395","","","",""
"株式会社虎ノ門堂","5702829998769","","","","","","","107-0052","東京都港区赤坂一丁目12-32 アーク森ビルWEST37階","","","","","","","","","","","","","","","5011401005862","","","",""
"株式会社とら屋大竹商店","6504779495379","","","","","","","064-0912","北海道札幌市中央区南十二条西十五丁目2-1","","","","","","","","","","","","","","","7430001011995","","","",""
"株式会社トランス・パシフィック・ネットワーク","5901193422204","","","","","","","652-0873","兵庫県神戸市兵庫区金平町一丁目17-15","","","","","","","","","","","","","","","6140001013741","","","",""
"株式会社トランスペクト","7187778756629","","","","","","","101-0038","東京都千代田区神田美倉町10 4階","","","","","","","","","","","","","","","2010001153075","","","",""
"トランスマシン株式会社","2610964028748","","","","","","","144-0052","東京都大田区蒲田三丁目23-7","","","","","","","","","","","","","","","2010801014369","","","",""
"株式会社トリアス","5609989637747","","","","","","","100-0014","東京都千代田区永田町二丁目12-4","","","","","","","","","","","","","","","6290001015038","","","",""
"有限会社とりい","4644364416535","","","","","","","028-5402","岩手県岩手郡葛巻町葛巻第十三地割4-17","","","","","","","","","","","","","","","7400002007789","","","",""
"株式会社とりせん","8056595213784","","","","","","","374-0071","群馬県館林市下早川田町700","","","","","","","","","","","","","","","5070001021901","","","",""
"有限会社トリニティー企画","8082347500386","","","","","","","730-0832","広島県広島市中区江波東一丁目12-27","","","","","","","","","","","","","","","6240002024273","","","",""
"株式会社トロイカ・メディカル・サポート","9705573665822","","","","","","","901-0225","沖縄県豊見城市字豊崎3-59 206号","","","","","","","","","","","","","","","8360002001589","","","",""
"株式会社ドイ","3274047503263","","","","","","","739-1733","広島県広島市安佐北区口田南八丁目20-17","","","","","","","","","","","","","","","7240001019190","","","",""
"株式会社Ｄｏ","4904805985487","","","","","","","036-8003","青森県弘前市大字駅前町12-1","","","","","","","","","","","","","","","4420001010472","","","",""
"株式会社ドゥイング","3049159677685","","","","","","","857-4404","長崎県南松浦郡新上五島町青方郷2282","","","","","","","","","","","","","","","6310001006901","","","",""
"株式会社道具屋","2654600567446","","","","","","","333-0811","埼玉県川口市戸塚一丁目5-7","","","","","","","","","","","","","","","8030001076228","","","",""
"株式会社同志社","2744399666162","","","","","","","113-0034","東京都文京区湯島二丁目16-16","","","","","","","","","","","","","","","4010001005472","","","",""
"合資会社ドゥソフト","9009134072462","","","","","","","271-0087","千葉県松戸市三矢小台二丁目11-25","","","","","","","","","","","","","","","2040003001782","","","",""
"株式会社道東アークス","5004667938897","","","","","","","090-0056","北海道北見市卸町三丁目7-2","","","","","","","","","","","","","","","6460301000738","","","",""
"株式会社道南ラルズ","8717274735677","","","","","","","049-0101","北海道北斗市追分三丁目4-11","","","","","","","","","","","","","","","5440001004422","","","",""
"株式会社道北アークス","9980948679163","","","","","","","079-8441","北海道旭川市流通団地一条一丁目33-1","","","","","","","","","","","","","","","2450001002584","","","",""
"株式会社ドーエイ","7278112461548","","","","","","","806-0004","福岡県北九州市八幡西区黒崎城石2-1","","","","","","","","","","","","","","","1290801010341","","","",""
"株式会社Ｄｒ．ウィラード・ウォーター","3998166056666","","","","","","","106-0032","東京都港区六本木三丁目6-9","","","","","","","","","","","","","","","2010401019883","","","",""
"ドクタープロダクツ株式会社","8096924645917","","","","","","","107-0062","東京都港区南青山三丁目18-16","","","","","","","","","","","","","","","5010401043773","","","",""
"株式会社ドジャース商事","6869234421785","","","","","","","010-0956","秋田県秋田市山王臨海町4-37","","","","","","","","","","","","","","","8410002002763","","","",""
"株式会社ドミー","3783777795029","","","","","","","444-0007","愛知県岡崎市大平町八ツ幡1-1","","","","","","","","","","","","","","","5180301002689","","","",""
"有限会社ドレミ","4221118612672","","","","","","","206-0001","東京都多摩市和田三丁目2-6","","","","","","","","","","","","","","","2013402004706","","","",""
"株式会社ドン","6196916391153","","","","","","","573-1106","大阪府枚方市町楠葉二丁目2-26","","","","","","","","","","","","","","","7120001150172","","","",""
"株式会社ドン・キホーテ","3403179443061","","","","","","","153-0042","東京都目黒区青葉台二丁目19-10","","","","","","","","","","","","","","","3011001096370","","","",""
"株式会社どんたく","9261140221151","","","","","","","926-0042","石川県七尾市作事町80","","","","","","","","","","","","","","","3220001015550","","","",""
"株式会社ナイス","2778310520380","","","","","","","010-1415","秋田県秋田市御所野湯本六丁目2-40","","","","","","","","","","","","","","","8410001001956","","","",""
"株式会社ナイン","3148494815472","","","","","","","851-2102","長崎県西彼杵郡時津町浜田郷823-2","","","","","","","","","","","","","","","5310001013907","","","",""
"株式会社ＮＩＮＥ　ＳＥＮＳＥ","1851445524247","","","","","","","171-0021","東京都豊島区西池袋五丁目5-212703","","","","","","","","","","","","","","","2013301036981","","","",""
"ＮＡＯ－ＡＲＴ株式会社","3943915827334","","","","","","","101-0063","東京都千代田区神田淡路町二丁目23 菅山ビル5階","","","","","","","","","","","","","","","7012402021995","","","",""
"有限会社中井","5913279761235","","","","","","","250-0862","神奈川県小田原市成田394-2","","","","","","","","","","","","","","","8021002052631","","","",""
"有限会社中井衣料百貨店","3399853308624","","","","","","","822-1406","福岡県田川郡香春町大字香春284-1","","","","","","","","","","","","","","","3290802024909","","","",""
"中井金物株式会社","6134225792215","","","","","","","046-0003","北海道余市郡余市町黒川町十一丁目3","","","","","","","","","","","","","","","6430001051043","","","",""
"有限会社中尾","9777759778153","","","","","","","923-1100","石川県能美市大成町イ35","","","","","","","","","","","","","","","1220002011633","","","",""
"株式会社なか川","1653474899707","","","","","","","761-4411","香川県小豆郡小豆島町安田甲144-91","","","","","","","","","","","","","","","8470001012485","","","",""
"株式会社中川商店","9342794923329","","","","","","","410-0801","静岡県沼津市大手町三丁目5-22","","","","","","","","","","","","","","","3080101001341","","","",""
"有限会社中川設備機器","1478565531976","","","","","","","762-0057","香川県坂出市宮下町1-9","","","","","","","","","","","","","","","4470002015177","","","",""
"株式会社中吉商店","2981143622073","","","","","","","911-0806","福井県勝山市本町一丁目3-30","","","","","","","","","","","","","","","4210001010080","","","",""
"株式会社ナカケー","3611799514813","","","","","","","669-6702","兵庫県美方郡新温泉町浜坂738","","","","","","","","","","","","","","","7140001056731","","","",""
"株式会社中合","2801219449366","","","","","","","960-8031","福島県福島市栄町5-1","","","","","","","","","","","","","","","1380001001074","","","",""
"株式会社ナカザワ","7784865655297","","","","","","","308-0021","茨城県筑西市甲281","","","","","","","","","","","","","","","7050001031561","","","",""
"株式会社中沢商事","8993146829834","","","","","","","738-0301","広島県廿日市市吉和1880-2","","","","","","","","","","","","","","","4240001028186","","","",""
"有限会社中島商店","9610291514926","","","","","","","080-1408","北海道河東郡上士幌町字上士幌東二線234","","","","","","","","","","","","","","","4460102005649","","","",""
"株式会社中田商事","2008927548331","","","","","","","029-2205","岩手県陸前高田市高田町山苗代48-1","","","","","","","","","","","","","","","5402701000431","","","",""
"有限会社中田商店","5731071985745","","","","","","","321-1449","栃木県日光市丹勢593-66","","","","","","","","","","","","","","","7060002015785","","","",""
"有限会社ナカダ建材金物","6998044900317","","","","","","","408-0114","山梨県北杜市須玉町藤田457-1","","","","","","","","","","","","","","","9090002013768","","","",""
"株式会社中野古銭","3299465482902","","","","","","","176-0001","東京都練馬区練馬三丁目23-5 第一ヤスノビル","","","","","","","","","","","","","","","2011601014096","","","",""
"株式会社ナカノフーズ","1252440056871","","","","","","","003-0814","北海道札幌市白石区菊水上町四条四丁目95-6","","","","","","","","","","","","","","","4430001034545","","","",""
"株式会社ナカハラ","9514278335066","","","","","","","861-8072","熊本県熊本市北区室園町10-30","","","","","","","","","","","","","","","4330001005903","","","",""
"有限会社中政商店","3845058223740","","","","","","","922-0129","石川県加賀市山中温泉南町ロ76-3","","","","","","","","","","","","","","","7220002013153","","","",""
"有限会社なかみせ","4772808627787","","","","","","","252-0174","神奈川県相模原市緑区千木良798","","","","","","","","","","","","","","","1021002029339","","","",""
"株式会社ナカムラ","1173302166580","","","","","","","492-8082","愛知県稲沢市下津下町西一丁目40","","","","","","","","","","","","","","","8180001048385","","","",""
"株式会社なかむら","5739835059747","","","","","","","606-8226","京都府京都市左京区田中飛鳥井町41-1","","","","","","","","","","","","","","","7130001006976","","","",""
"株式会社ナカムラ","9490505607739","","","","","","","190-1201","東京都西多摩郡瑞穂町大字二本木668-2","","","","","","","","","","","","","","","2013101001475","","","",""
"有限会社ナカムライトセヤ","1433796954403","","","","","","","192-0084","東京都八王子市三崎町9-12","","","","","","","","","","","","","","","2010102005035","","","",""
"株式会社中村商店","4406604847577","","","","","","","098-5711","北海道枝幸郡浜頓別町北一条一丁目1","","","","","","","","","","","","","","","2450001007757","","","",""
"株式会社中村ストアー","4808399433998","","","","","","","355-0118","埼玉県比企郡吉見町大字下細谷688-4","","","","","","","","","","","","","","","4030001071166","","","",""
"株式会社ナカムラフードサプライ","1973798821697","","","","","","","670-0057","兵庫県姫路市北今宿二丁目6-55","","","","","","","","","","","","","","","6140001116008","","","",""
"有限会社中村屋","6610016764886","","","","","","","889-0301","宮崎県延岡市北浦町古江2463-1","","","","","","","","","","","","","","","9350002013007","","","",""
"株式会社中村屋","7761995048746","","","","","","","250-0011","神奈川県小田原市栄町一丁目5-22","","","","","","","","","","","","","","","5021001033032","","","",""
"株式会社中村屋神宮司商店","5344473421298","","","","","","","132-0031","東京都江戸川区松島三丁目14-5","","","","","","","","","","","","","","","4011701003781","","","",""
"有限会社仲屋","8665609311550","","","","","","","337-0041","埼玉県さいたま市見沼区大字南中丸498-1","","","","","","","","","","","","","","","6030002020310","","","",""
"株式会社仲屋商事","4680631109406","","","","","","","243-0422","神奈川県海老名市中新田三丁目8-9","","","","","","","","","","","","","","","7021001027040","","","",""
"有限会社中屋商店","5669485291693","","","","","","","750-1114","山口県下関市王喜本町六丁目5-5","","","","","","","","","","","","","","","6250002010264","","","",""
"中谷食品株式会社","8949726134658","","","","","","","037-0202","青森県五所川原市金木町芦野216-9","","","","","","","","","","","","","","","8420001008265","","","",""
"有限会社中山商店","5366762042899","","","","","","","213-0013","神奈川県川崎市高津区末長一丁目2-1","","","","","","","","","","","","","","","4020002090018","","","",""
"株式会社中山スリツパ","5390477100445","","","","","","","232-0072","神奈川県横浜市南区永田東二丁目34-3","","","","","","","","","","","","","","","7020001013439","","","",""
"中脇株式会社","4876144450664","","","","","","","690-0876","島根県松江市黒田町433","","","","","","","","","","","","","","","6280001000528","","","",""
"有限会社ナガイストアー","6445323451728","","","","","","","412-0044","静岡県御殿場市杉名沢367-1","","","","","","","","","","","","","","","4080102007262","","","",""
"有限会社長江ストア","3754235669796","","","","","","","779-3741","徳島県美馬市脇町曽江名429-1","","","","","","","","","","","","","","","1480002014908","","","",""
"有限会社ながおか","8535646037272","","","","","","","698-0024","島根県益田市駅前町30-18","","","","","","","","","","","","","","","4280002010172","","","",""
"有限会社長岡西開発","8557986378279","","","","","","","940-2121","新潟県長岡市喜多町1385","","","","","","","","","","","","","","","4110002028537","","","",""
"株式会社長尾商店","3604212136567","","","","","","","254-0087","神奈川県平塚市豊田本郷1813","","","","","","","","","","","","","","","1021001037169","","","",""
"株式会社長崎屋","5134508343942","","","","","","","153-0042","東京都目黒区青葉台二丁目19-10","","","","","","","","","","","","","","","9013201016185","","","",""
"株式会社ながすぎ","3994476014610","","","","","","","916-0028","福井県鯖江市小黒町一丁目15-23","","","","","","","","","","","","","","","4210001013117","","","",""
"株式会社ナガタ","2462323999645","","","","","","","683-0064","鳥取県米子市道笑町二丁目3","","","","","","","","","","","","","","","8270001003463","","","",""
"有限会社永田瓦斯住設","8472426855898","","","","","","","891-1206","鹿児島県鹿児島市皆与志町1823-4","","","","","","","","","","","","","","","8340002006879","","","",""
"株式会社ナガネスーパー","5125920140666","","","","","","","989-6435","宮城県大崎市岩出山浦小路48-1","","","","","","","","","","","","","","","2370201002087","","","",""
"株式会社永野","5530165452639","","","","","","","880-0211","宮崎県宮崎市佐土原町下田島7737","","","","","","","","","","","","","","","2350001004054","","","",""
"株式会社長野県Ａ・コープ","4556653162636","","","","","","","381-2202","長野県長野市市場2-1","","","","","","","","","","","","","","","8100001027883","","","",""
"株式会社ながの東急百貨店","1369822372547","","","","","","","380-0823","長野県長野市南千歳一丁目1-1","","","","","","","","","","","","","","","3100001002412","","","",""
"長野原商業開発株式会社","4247156144275","","","","","","","377-1308","群馬県吾妻郡長野原町大字大津231-1","","","","","","","","","","","","","","","5070001023914","","","",""
"有限会社永浜ストアー","3638105071152","","","","","","","891-3604","鹿児島県熊毛郡中種子町野間5178-13","","","","","","","","","","","","","","","3340002019415","","","",""
"有限会社ながふじ","6999942602640","","","","","","","196-0034","東京都昭島市玉川町一丁目7-2","","","","","","","","","","","","","","","8012802007429","","","",""
"ナガヤ株式会社","3819567197339","","","","","","","414-0027","静岡県伊東市竹の内二丁目7-35","","","","","","","","","","","","","","","5080101013434","","","",""
"有限会社ナガヤス呉服店","1258268462505","","","","","","","792-0826","愛媛県新居浜市喜光地町二丁目8-1","","","","","","","","","","","","","","","6500002016855","","","",""
"株式会社ながやま","2762883464912","","","","","","","885-0112","宮崎県都城市乙房町1715-4","","","","","","","","","","","","","","","2350001008591","","","",""
"株式会社名古屋三越","9869572394935","","","","","","","460-0008","愛知県名古屋市中区栄三丁目5-1","","","","","","","","","","","","","","","7180001072089","","","",""
"ナシヨナル物産株式会社","8971481057874","","","","","","","106-0044","東京都港区東麻布三丁目3-1","","","","","","","","","","","","","","","3010401021343","","","",""
"灘中央市場協同組合","7669322066581","","","","","","","657-0831","兵庫県神戸市灘区水道筋三丁目6","","","","","","","","","","","","","","","8140005002961","","","",""
"株式会社ナナーズ","8345948456765","","","","","","","384-1405","長野県南佐久郡川上村大字大深山1186","","","","","","","","","","","","","","","7100001008249","","","",""
"株式会社ｎａｎａｆａｃｔｏｒｙ","7921179383678","","","","","","","151-0051","東京都渋谷区千駄ケ谷三丁目14-3 ワイズテラス原宿1F","","","","","","","","","","","","","","","8011001068241","","","",""
"株式会社ナニワヤ","7495765521514","","","","","","","106-0045","東京都港区麻布十番三丁目9-5","","","","","","","","","","","","","","","3010402009701","","","",""
"有限会社ナビー","4817872120506","","","","","","","904-0404","沖縄県国頭郡恩納村字瀬良垣2136","","","","","","","","","","","","","","","9360002020142","","","",""
"有限会社ナベシマエステート","3097633637171","","","","","","","683-0035","鳥取県米子市目久美町29-3","","","","","","","","","","","","","","","8270002009170","","","",""
"株式会社滑石ショッピングセンター","1766915069382","","","","","","","852-8061","長崎県長崎市滑石五丁目1-22","","","","","","","","","","","","","","","7310001001595","","","",""
"有限会社なりざわ","4727959359831","","","","","","","891-0113","鹿児島県鹿児島市東谷山七丁目30-12","","","","","","","","","","","","","","","3340002013343","","","",""
"ナリス東京販売株式会社","2015033953691","","","","","","","553-0001","大阪府大阪市福島区海老江一丁目11-17","","","","","","","","","","","","","","","2040001049221","","","",""
"株式会社ナリタヤ","1598026367516","","","","","","","270-1516","千葉県印旛郡栄町安食2170-1","","","","","","","","","","","","","","","4040001043552","","","",""
"有限会社成田屋酒店","4921274780516","","","","","","","183-0027","東京都府中市本町二丁目6","","","","","","","","","","","","","","","3012402002017","","","",""
"株式会社ナルス","6488038165039","","","","","","","943-0817","新潟県上越市大字藤巻6-50","","","","","","","","","","","","","","","7110001019286","","","",""
"株式会社ナルックス","8643199338086","","","","","","","924-0057","石川県白山市松本町2512","","","","","","","","","","","","","","","7220001004871","","","",""
"有限会社ナルワ","2460447083123","","","","","","","930-0412","富山県中新川郡上市町広野223-1","","","","","","","","","","","","","","","4230002005879","","","",""
"株式会社楠公シヤル","6949115975913","","","","","","","575-0023","大阪府四條畷市楠公一丁目12-19","","","","","","","","","","","","","","","9122001016302","","","",""
"株式会社ナンコクスーパー","4304919977160","","","","","","","783-0002","高知県南国市駅前町一丁目4-34","","","","","","","","","","","","","","","3490001006267","","","",""
"株式会社ナンバ","5631541230639","","","","","","","708-0031","岡山県津山市材木町1328-25","","","","","","","","","","","","","","","5260001020082","","","",""
"有限会社Ｎｏ２","1135491632635","","","","","","","814-0133","福岡県福岡市城南区七隈一丁目14-27","","","","","","","","","","","","","","","1290002028836","","","",""
"株式会社ナンバホームセンター","6767321349325","","","","","","","708-0031","岡山県津山市材木町1328-25","","","","","","","","","","","","","","","3260001031866","","","",""
"株式会社新潟三越伊勢丹","3790978044746","","","","","","","950-0909","新潟県新潟市中央区八千代一丁目6-1","","","","","","","","","","","","","","","2110001003674","","","",""
"合資会社新園ストアー","1940827175731","","","","","","","899-6202","鹿児島県姶良郡湧水町北方1818-3","","","","","","","","","","","","","","","1340003000615","","","",""
"株式会社にいつフード","3592587973468","","","","","","","965-0871","福島県会津若松市栄町2-14 リオン・ドールガーデン6階","","","","","","","","","","","","","","","3110001007113","","","",""
"株式会社新見ランドリー","7590338090403","","","","","","","718-0011","岡山県新見市新見819","","","","","","","","","","","","","","","2260001019210","","","",""
"有限会社にくよし","7805191576573","","","","","","","945-1352","新潟県柏崎市大字安田1484-2","","","","","","","","","","","","","","","1110002020835","","","",""
"有限会社二軒屋商店","5052708961056","","","","","","","713-8126","岡山県倉敷市玉島黒崎3295-5","","","","","","","","","","","","","","","7260002022340","","","",""
"株式会社ニコー","2599942014843","","","","","","","849-0918","佐賀県佐賀市兵庫南四丁目332","","","","","","","","","","","","","","","8300001003732","","","",""
"株式会社二光百貨店","4052701907923","","","","","","","289-0313","千葉県香取市小見川257","","","","","","","","","","","","","","","5040001063847","","","",""
"株式会社ニコラス・ジャパン","4004619890035","","","","","","","212-0058","神奈川県川崎市幸区鹿島田一丁目1-5 712","","","","","","","","","","","","","","","5020001036482","","","",""
"西尾ニュータウン開発株式会社","9553851881020","","","","","","","445-0891","愛知県西尾市下町神明下78","","","","","","","","","","","","","","","3180301022697","","","",""
"有限会社西川商店","9975752197260","","","","","","","252-0246","神奈川県相模原市中央区水郷田名二丁目18-5","","","","","","","","","","","","","","","8021002023087","","","",""
"株式会社にしがき","8910508048327","","","","","","","629-2501","京都府京丹後市大宮町口大野88","","","","","","","","","","","","","","","4130001042792","","","",""
"株式会社西源","5309216663093","","","","","","","399-0038","長野県松本市小屋南二丁目9-25","","","","","","","","","","","","","","","1100001013816","","","",""
"株式会社ニシザワ","9856799719568","","","","","","","396-0009","長野県伊那市日影435-1","","","","","","","","","","","","","","","8100001021003","","","",""
"株式会社西沢本店","3010471182567","","","","","","","857-0871","長崎県佐世保市本島町4-7","","","","","","","","","","","","","","","8310001005851","","","",""
"有限会社西辰商店","1454383620653","","","","","","","940-0218","新潟県長岡市栃尾表町3-4","","","","","","","","","","","","","","","1110002031254","","","",""
"有限会社にしだ","8080172549724","","","","","","","866-0014","熊本県八代市高島町4128-1","","","","","","","","","","","","","","","3330002026164","","","",""
"有限会社西田酒店","6735593965109","","","","","","","182-0007","東京都調布市菊野台一丁目22-1","","","","","","","","","","","","","","","2012402012058","","","",""
"株式会社西田書店","6123873171765","","","","","","","101-0051","東京都千代田区神田神保町二丁目10-31 IWビル4階","","","","","","","","","","","","","","","8010001025772","","","",""
"株式会社西田海苔店","8625614808211","","","","","","","424-0844","静岡県静岡市清水区西高町15-9","","","","","","","","","","","","","","","2080001008909","","","",""
"株式会社西鉄ストア","6572437882897","","","","","","","818-0083","福岡県筑紫野市針摺中央二丁目16-14 2F","","","","","","","","","","","","","","","3290001009521","","","",""
"株式会社仁科百貨店","2252279645050","","","","","","","712-8011","岡山県倉敷市連島町連島1990","","","","","","","","","","","","","","","3260001014350","","","",""
"株式会社西日本興産","9693546403306","","","","","","","600-8311","京都府京都市下京区毘沙門町33-1","","","","","","","","","","","","","","","7130001001548","","","",""
"株式会社西日本ダイコク","8623464443359","","","","","","","542-0071","大阪府大阪市中央区道頓堀二丁目2-1","","","","","","","","","","","","","","","3120001130748","","","",""
"有限会社西野山","2318901294928","","","","","","","607-8301","京都府京都市山科区西野山百々町209","","","","","","","","","","","","","","","3130002020971","","","",""
"有限会社にしはま","1066852029040","","","","","","","730-0822","広島県広島市中区吉島東一丁目19-21","","","","","","","","","","","","","","","5240002012163","","","",""
"有限会社西原商店","9414009428209","","","","","","","390-0305","長野県松本市大字惣社448-1","","","","","","","","","","","","","","","5100002021054","","","",""
"株式会社に志まき呉服店","7526026188281","","","","","","","792-0012","愛媛県新居浜市中須賀町一丁目7-22","","","","","","","","","","","","","","","2500001010210","","","",""
"株式会社ニシムタ","3730836056629","","","","","","","890-0062","鹿児島県鹿児島市与次郎一丁目10-1","","","","","","","","","","","","","","","2340001003271","","","",""
"株式会社ニシムラ百貨店","3265563092233","","","","","","","669-6801","兵庫県美方郡新温泉町井土16-1","","","","","","","","","","","","","","","6140001056575","","","",""
"西山寛商事株式会社","3190742409227","","","","","","","620-0045","京都府福知山市駅前町41-2","","","","","","","","","","","","","","","2130001041202","","","",""
"有限会社西山産業","8592891232876","","","","","","","645-0006","和歌山県日高郡みなべ町北道317-2","","","","","","","","","","","","","","","9170002009477","","","",""
"有限会社西山ストア","1189552160212","","","","","","","916-0026","福井県鯖江市本町四丁目3-19","","","","","","","","","","","","","","","6210002013246","","","",""
"株式会社西山総業","8209574294753","","","","","","","064-0918","北海道札幌市中央区南十八条西十丁目1-21 西山ビル","","","","","","","","","","","","","","","1430001016851","","","",""
"西淀川公設市場事業協同組合","1541622426737","","","","","","","555-0012","大阪府大阪市西淀川区御幣島二丁目9-9 西淀川公設市場内","","","","","","","","","","","","","","","7120005006189","","","",""
"廿一駅南開発商業協同組合","7947485648006","","","","","","","523-0891","滋賀県近江八幡市鷹飼町179","","","","","","","","","","","","","","","8160005006861","","","",""
"有限会社にたおショッピングセンター","5929486422257","","","","","","","899-2701","鹿児島県鹿児島市石谷町2413-4","","","","","","","","","","","","","","","6340002000388","","","",""
"株式会社ニチエー","7555426925854","","","","","","","729-0114","広島県福山市柳津町二丁目2-27","","","","","","","","","","","","","","","4240001055742","","","",""
"日琉株式会社","4343921825116","","","","","","","901-0503","沖縄県島尻郡八重瀬町字新城1880","","","","","","","","","","","","","","","5360001001733","","","",""
"ニッケ・タウンパートナーズ株式会社","6795366223461","","","","","","","272-0015","千葉県市川市鬼高一丁目1-1","","","","","","","","","","","","","","","2040001092659","","","",""
"株式会社ニッコー","4264678047856","","","","","","","573-1114","大阪府枚方市東山二丁目13","","","","","","","","","","","","","","","1140001084837","","","",""
"株式会社日興電機製作所","5270353452685","","","","","","","363-0002","埼玉県桶川市赤堀一丁目7","","","","","","","","","","","","","","","7030001042189","","","",""
"有限会社ニッコー商会","3593571165161","","","","","","","989-4204","宮城県遠田郡美里町大柳砂押38-16","","","","","","","","","","","","","","","6370202003592","","","",""
"ニッサンマート株式会社","9041133499671","","","","","","","790-0047","愛媛県松山市余戸南三丁目1-15","","","","","","","","","","","","","","","7500001003218","","","",""
"株式会社日敷","9280605478705","","","","","","","012-0813","秋田県湯沢市前森一丁目2-6","","","","","","","","","","","","","","","5410001005539","","","",""
"株式会社日東物産","7834509488299","","","","","","","790-0822","愛媛県松山市高砂町三丁目7-2","","","","","","","","","","","","","","","3500001016842","","","",""
"株式会社日邦物産","1045894099095","","","","","","","061-3261","北海道石狩市花川東一条三丁目96","","","","","","","","","","","","","","","5430001012888","","","",""
"株式会社日ポリメンテナンス","1411895785949","","","","","","","599-8272","大阪府堺市中区深井中町1168-41","","","","","","","","","","","","","","","7120101005425","","","",""
"日本製紙八代サポート株式会社","6744160431419","","","","","","","866-0822","熊本県八代市福正元町8-17","","","","","","","","","","","","","","","3330001013782","","","",""
"株式会社日本複合材","7597190852437","","","","","","","661-0984","兵庫県尼崎市御園一丁目21-26","","","","","","","","","","","","","","","4140001110441","","","",""
"株式会社ニッポン放送プロジェクト","4048041918446","","","","","","","102-0094","東京都千代田区紀尾井町3-6 紀尾井町パークビル1F","","","","","","","","","","","","","","","8010001025979","","","",""
"株式会社日本黎明社","6733298689118","","","","","","","160-0023","東京都新宿区西新宿五丁目10-10","","","","","","","","","","","","","","","4011101035145","","","",""
"日本ＩＣＯコンサルタント株式会社","4512218360811","","","","","","","105-0013","東京都港区浜松町二丁目2-15","","","","","","","","","","","","","","","2010401075407","","","",""
"株式会社日本医食研究所","3735743413472","","","","","","","220-0012","神奈川県横浜市西区みなとみらい三丁目7-1 オーシャンゲートみなとみらい8階","","","","","","","","","","","","","","","6122001008632","","","",""
"株式会社日本イズム","1161843241183","","","","","","","274-0823","千葉県船橋市二宮一丁目34-13","","","","","","","","","","","","","","","9020001095608","","","",""
"株式会社日本エスシーマネジメント","9024533392906","","","","","","","861-1114","熊本県合志市竹迫2292","","","","","","","","","","","","","","","1011801022924","","","",""
"日本環境パック株式会社","8680621440445","","","","","","","007-0864","北海道札幌市東区伏古四条二丁目4-30","","","","","","","","","","","","","","","8430001069430","","","",""
"株式会社日本学習センター","1358773944666","","","","","","","337-0051","埼玉県さいたま市見沼区東大宮四丁目20-4","","","","","","","","","","","","","","","6030001006500","","","",""
"日本化粧品株式会社","4659230962583","","","","","","","101-0021","東京都千代田区外神田二丁目3-6","","","","","","","","","","","","","","","6010001033083","","","",""
"株式会社日本総合企画","3861768013162","","","","","","","162-0801","東京都新宿区山吹町337 江戸川橋東誠ビル6F","","","","","","","","","","","","","","","5011101076130","","","",""
"日本第一製薬株式会社","1587639210276","","","","","","","812-0016","福岡県福岡市博多区博多駅南三丁目2-3 IBBフェリクス博多8F","","","","","","","","","","","","","","","4290001029675","","","",""
"日本通信販売株式会社","6479204549071","","","","","","","101-0024","東京都千代田区神田和泉町1-2-4 秋山ビル2F","","","","","","","","","","","","","","","4010601041280","","","",""
"日本テレフォンショッピング株式会社","9324198491953","","","","","","","160-0022","東京都新宿区新宿一丁目27-2 ルミエール御苑3F","","","","","","","","","","","","","","","4011101016640","","","",""
"日本ブレーンキャピタル株式会社","2520406106866","","","","","","","150-0002","東京都渋谷区渋谷一丁目7-5 青山セブンハイツ701","","","","","","","","","","","","","","","8011001032016","","","",""
"株式会社日本文化センター","1186536767633","","","","","","","169-0075","東京都新宿区高田馬場一丁目4-15 8F","","","","","","","","","","","","","","","8011101016694","","","",""
"株式会社日本文化センター友の会","6526202901953","","","","","","","169-0075","東京都新宿区高田馬場一丁目4-15","","","","","","","","","","","","","","","5011101023322","","","",""
"株式会社日本薬品","5830691994941","","","","","","","812-0011","福岡県福岡市博多区博多駅前四丁目6-15","","","","","","","","","","","","","","","4290001024346","","","",""
"日本ユニプロ株式会社","2190117304916","","","","","","","799-3105","愛媛県伊予市下三谷2185-1","","","","","","","","","","","","","","","7500001019817","","","",""
"株式会社日本ライフサポート","5997933158488","","","","","","","276-0046","千葉県八千代市大和田新田948-6","","","","","","","","","","","","","","","7040001021340","","","",""
"有限会社ニムバス","4507530670434","","","","","","","400-0064","山梨県甲府市下飯田二丁目4-20","","","","","","","","","","","","","","","2090002006902","","","",""
"合資会社ニムラ屋","1796148746454","","","","","","","462-0831","愛知県名古屋市北区城東町四丁目88-3","","","","","","","","","","","","","","","2180003001422","","","",""
"株式会社ニューエッジ","2151365236195","","","","","","","530-0027","大阪府大阪市北区堂山町4-4","","","","","","","","","","","","","","","4120001167434","","","",""
"株式会社ニュー三久","7927969328158","","","","","","","920-0966","石川県金沢市城南二丁目36-1","","","","","","","","","","","","","","","4220001023536","","","",""
"株式会社ニューマルシェ","2932740672047","","","","","","","535-0012","大阪府大阪市旭区千林二丁目12-7 千林くらしエール館1F","","","","","","","","","","","","","","","6120001000931","","","",""
"株式会社ニューライフ・サンワ","9545707178267","","","","","","","990-2492","山形県山形市鉄砲町二丁目21-44","","","","","","","","","","","","","","","4390001001483","","","",""
"株式会社ニューライフフジ","3181996533797","","","","","","","440-0033","愛知県豊橋市東岩田三丁目10-5","","","","","","","","","","","","","","","6180301006747","","","",""
"株式会社庭","8604007122911","","","","","","","110-0005","東京都台東区上野六丁目10-2","","","","","","","","","","","","","","","3010501019428","","","",""
"株式会社ニワ商店","8250708223356","","","","","","","448-0841","愛知県刈谷市南桜町二丁目39","","","","","","","","","","","","","","","1180301014366","","","",""
"株式会社奴利屋","8717967373500","","","","","","","221-0811","神奈川県横浜市神奈川区斎藤分町35-7","","","","","","","","","","","","","","","9020001028261","","","",""
"株式会社ネイチャー生活倶楽部","4883122567506","","","","","","","862-0954","熊本県熊本市中央区神水二丁目7-10","","","","","","","","","","","","","","","3330001009673","","","",""
"ネオ・クリエート株式会社","3956179637420","","","","","","","913-0024","福井県坂井市三国町池見101-2","","","","","","","","","","","","","","","8210001010399","","","",""
"株式会社ネオナチュラル","7846879095245","","","","","","","464-0075","愛知県名古屋市千種区内山三丁目8-10 明治安田生命今池内山ビル8F","","","","","","","","","","","","","","","5180001008697","","","",""
"有限会社ネオ・ニッセイ","2292557009872","","","","","","","675-0021","兵庫県加古川市尾上町安田284-15","","","","","","","","","","","","","","","4140002035209","","","",""
"株式会社Ｎｅｏ　Ｗｏｒｌｄ","5776287493793","","","","","","","675-1375","兵庫県小野市西本町574-58","","","","","","","","","","","","","","","2140001077237","","","",""
"株式会社根岸商店","1898498243684","","","","","","","270-1432","千葉県白井市冨士49-2","","","","","","","","","","","","","","","2040001043926","","","",""
"株式会社ネギドラム","8887594843112","","","","","","","431-1303","静岡県浜松市浜名区細江町三和510-1","","","","","","","","","","","","","","","9080401003957","","","",""
"ネクストスタンダード株式会社","8982536597928","","","","","","","110-0012","東京都台東区竜泉三丁目21-4","","","","","","","","","","","","","","","8010501028201","","","",""
"株式会社ネクストモーニング","2582120692562","","","","","","","079-8431","北海道旭川市永山町二丁目120-31","","","","","","","","","","","","","","","4450001006204","","","",""
"有限会社ネクスト・ワン","7996491936819","","","","","","","177-0052","東京都練馬区関町東二丁目15-10 AVILAUSE武蔵関1F","","","","","","","","","","","","","","","2011102019917","","","",""
"有限会社ネットウィング","6044179914333","","","","","","","325-0001","栃木県那須郡那須町大字高久甲5980-1","","","","","","","","","","","","","","","4060002023568","","","",""
"ネットライフオートノミー株式会社","1902282524778","","","","","","","410-1125","静岡県裾野市富沢82-18","","","","","","","","","","","","","","","9080101018215","","","",""
"ネットワン有限会社","4767017774782","","","","","","","110-0016","東京都台東区台東一丁目19-5","","","","","","","","","","","","","","","5010502020192","","","",""
"有限会社ネップインターナショナル","5613030568568","","","","","","","630-0122","奈良県生駒市真弓四丁目9-9","","","","","","","","","","","","","","","3150002004270","","","",""
"株式会社ネモト","7956516389589","","","","","","","979-0604","福島県双葉郡楢葉町大字北田鐘突堂4-74","","","","","","","","","","","","","","","5380001016647","","","",""
"株式会社ノア","4504800976638","","","","","","","166-0016","東京都杉並区成田西一丁目2-14","","","","","","","","","","","","","","","8012301001998","","","",""
"有限会社ノイエス","2711925981698","","","","","","","160-0007","東京都新宿区荒木町3","","","","","","","","","","","","","","","6011102023766","","","",""
"株式会社苗加製作所","6328275657597","","","","","","","932-0231","富山県南砺市山見1978","","","","","","","","","","","","","","","6230001008600","","","",""
"株式会社野川食肉食品センター","3472579874971","","","","","","","994-0001","山形県天童市万代1-2","","","","","","","","","","","","","","","1390001004539","","","",""
"株式会社のくび","4317393319548","","","","","","","891-4311","鹿児島県熊毛郡屋久島町安房650-113","","","","","","","","","","","","","","","3340001009895","","","",""
"株式会社のぐち","4185787005538","","","","","","","949-6101","新潟県南魚沼郡湯沢町大字湯沢2875-7","","","","","","","","","","","","","","","9110001026470","","","",""
"株式会社のざき","8602796970439","","","","","","","212-0002","神奈川県川崎市幸区小向仲野町6-8","","","","","","","","","","","","","","","7020001071379","","","",""
"ノースアップ有限会社","3371705858169","","","","","","","002-8011","北海道札幌市北区太平十一条三丁目1-12","","","","","","","","","","","","","","","9430002039976","","","",""
"有限会社能勢","9577209954324","","","","","","","260-0032","千葉県千葉市中央区登戸二丁目7-3","","","","","","","","","","","","","","","2040002009091","","","",""
"株式会社ノセボックス","3481348936477","","","","","","","563-0351","大阪府豊能郡能勢町栗栖60-1","","","","","","","","","","","","","","","9120901021396","","","",""
"株式会社野嵩商会","6256329893376","","","","","","","901-2203","沖縄県宜野湾市野嵩一丁目12-13","","","","","","","","","","","","","","","3360001009464","","","",""
"野田食品有限会社","4710817468116","","","","","","","039-2525","青森県上北郡七戸町字七戸246","","","","","","","","","","","","","","","4420002018341","","","",""
"有限会社野田屋","1458715835489","","","","","","","846-0012","佐賀県多久市東多久町大字別府3125","","","","","","","","","","","","","","","6300002005077","","","",""
"能登農業協同組合","8775311888684","","","","","","","927-0053","石川県鳳珠郡穴水町字此木3-33-2","","","","","","","","","","","","","","","5220005006032","","","",""
"株式会社のなか","5509272129834","","","","","","","110-0001","東京都台東区谷中三丁目9-16","","","","","","","","","","","","","","","8010501010860","","","",""
"株式会社のなかストアー","6299817719284","","","","","","","110-0001","東京都台東区谷中三丁目13-1","","","","","","","","","","","","","","","1010501010859","","","",""
"株式会社野々口商店","7174452688538","","","","","","","669-2441","兵庫県丹波篠山市日置398","","","","","","","","","","","","","","","2140001041812","","","",""
"延本石油株式会社","7994359918604","","","","","","","959-2632","新潟県胎内市新栄町1-8","","","","","","","","","","","","","","","8110001013288","","","",""
"有限会社ノーブル","4935610336248","","","","","","","234-0052","神奈川県横浜市港南区笹下二丁目2-3","","","","","","","","","","","","","","","7020002019518","","","",""
"有限会社野村商店","4555533804615","","","","","","","145-0072","東京都大田区田園調布本町33-12","","","","","","","","","","","","","","","3010802011315","","","",""
"株式会社ノムラストアー","9696801041658","","","","","","","731-0222","広島県広島市安佐北区可部東二丁目6-14","","","","","","","","","","","","","","","3240001008742","","","",""
"有限会社野村ストアー","5363980370464","","","","","","","899-5302","鹿児島県姶良市蒲生町上久德2446","","","","","","","","","","","","","","","1340002016042","","","",""
"有限会社のんびり屋","6903027185475","","","","","","","184-0003","東京都小金井市緑町四丁目6-30","","","","","","","","","","","","","","","1012402021563","","","",""
"株式会社ハイショップふじた","8794777902634","","","","","","","501-1131","岐阜県岐阜市黒野277","","","","","","","","","","","","","","","4200001004158","","","",""
"有限会社ハイパーテキストシティ研究所","8172490862973","","","","","","","810-0034","福岡県福岡市中央区笹丘一丁目25-17 701号","","","","","","","","","","","","","","","1290002028101","","","",""
"株式会社ＨｉＰＡ　Ｐｈｏｔｏｎｉｃｓ　Ｊａｐａｎ","9349527565706","","","","","","","223-0058","神奈川県横浜市港北区新吉田東三丁目16-13","","","","","","","","","","","","","","","6020001134418","","","",""
"株式会社ハイブリッジ","2442873644742","","","","","","","545-0043","大阪府大阪市阿倍野区松虫通一丁目9-10","","","","","","","","","","","","","","","9120001212838","","","",""
"株式会社ハウジングランド丸永","8125614979543","","","","","","","692-0023","島根県安来市黒井田町327-5","","","","","","","","","","","","","","","7280001002440","","","",""
"株式会社ハウディ","2188292299985","","","","","","","603-8152","京都府京都市北区小山町226 烏丸百貨店内","","","","","","","","","","","","","","","2130001005289","","","",""
"博多ステイションフード株式会社","1556957977625","","","","","","","812-0012","福岡県福岡市博多区博多駅中央街5-14","","","","","","","","","","","","","","","5290001015658","","","",""
"株式会社博多大丸","8904895857946","","","","","","","810-0001","福岡県福岡市中央区天神一丁目4-1","","","","","","","","","","","","","","","5290001009619","","","",""
"博多大丸友の会株式会社","7338683483160","","","","","","","810-0001","福岡県福岡市中央区天神一丁目4-1","","","","","","","","","","","","","","","7290001009617","","","",""
"株式会社ハカマタ","1880758116242","","","","","","","016-0852","秋田県能代市出戸本町12-42","","","","","","","","","","","","","","","4410001007214","","","",""
"有限会社芳賀青果","5858621895666","","","","","","","211-0025","神奈川県川崎市中原区木月三丁目13-29","","","","","","","","","","","","","","","1020002084699","","","",""
"株式会社萩見綜合食品センター","8189820547967","","","","","","","097-0012","北海道稚内市富岡二丁目1-21","","","","","","","","","","","","","","","3450001008250","","","",""
"有限会社白銀屋商店","2067895289257","","","","","","","699-0110","島根県松江市東出雲町錦新町八丁目1-3","","","","","","","","","","","","","","","4280002002855","","","",""
"有限会社白山屋","3473004452037","","","","","","","104-0061","東京都中央区銀座一丁目27-8 1001号","","","","","","","","","","","","","","","4010002053066","","","",""
"株式会社はくすけ","6389032394220","","","","","","","177-0042","東京都練馬区下石神井四丁目3-1 405号","","","","","","","","","","","","","","","7011601017359","","","",""
"有限会社百留屋サービスストアー","9080887552608","","","","","","","099-1585","北海道北見市上ところ151","","","","","","","","","","","","","","","2460302001219","","","",""
"株式会社ハグ・ベア","2283961958933","","","","","","","232-0000","神奈川県横浜市南区弘明寺町268","","","","","","","","","","","","","","","8020001105086","","","",""
"函館自由市場協同組合","5457304358515","","","","","","","040-0032","北海道函館市新川町1-2","","","","","","","","","","","","","","","2440005000081","","","",""
"株式会社函館丸井今井","3303729359711","","","","","","","040-0011","北海道函館市本町32-15","","","","","","","","","","","","","","","8440001005590","","","",""
"有限会社波佐間食料品店","4068226657320","","","","","","","810-0074","福岡県福岡市中央区大手門三丁目11-31","","","","","","","","","","","","","","","6290002012430","","","",""
"株式会社はすぬま","1572806312432","","","","","","","969-3431","福島県会津若松市河東町東長原東高野157","","","","","","","","","","","","","","","6380001017727","","","",""
"有限会社羽角商会","2783849280081","","","","","","","990-2321","山形県山形市桜田西二丁目6-14","","","","","","","","","","","","","","","1390002002145","","","",""
"株式会社長谷川","1250653213608","","","","","","","464-0071","愛知県名古屋市千種区若水三丁目29-9","","","","","","","","","","","","","","","8180001064267","","","",""
"有限会社長谷川商店","9796419887426","","","","","","","274-0073","千葉県船橋市田喜野井六丁目30-16","","","","","","","","","","","","","","","2040002024487","","","",""
"有限会社ハセガワ住器","7603829781593","","","","","","","327-0833","栃木県佐野市若宮上町10-3","","","","","","","","","","","","","","","4060002039382","","","",""
"株式会社ハセガワストア","9654451946337","","","","","","","041-0853","北海道函館市中道二丁目14-16","","","","","","","","","","","","","","","4440001004638","","","",""
"株式会社ハタノ","2988845782347","","","","","","","191-0043","東京都日野市平山五丁目21-1","","","","","","","","","","","","","","","2013401000598","","","",""
"八丈万有株式会社","9202129630840","","","","","","","104-0045","東京都中央区築地四丁目14-1","","","","","","","","","","","","","","","8010001131307","","","",""
"八戸農業協同組合","4160445811757","","","","","","","039-1101","青森県八戸市大字尻内町内矢沢2-5","","","","","","","","","","","","","","","9420005003443","","","",""
"有限会社八戸みちのくジャパン","4580153487116","","","","","","","039-1101","青森県八戸市大字尻内町鴨ケ池96","","","","","","","","","","","","","","","2420002010218","","","",""
"協同組合八竜ショッピングセンター","2054860221621","","","","","","","018-2407","秋田県山本郡三種町浜田東浜田324","","","","","","","","","","","","","","","3410005003680","","","",""
"有限会社八兆屋","2369080829765","","","","","","","029-2311","岩手県気仙郡住田町世田米川向33-4","","","","","","","","","","","","","","","7402702000651","","","",""
"株式会社ハツトリー","2574595724395","","","","","","","880-0032","宮崎県宮崎市霧島三丁目57-2","","","","","","","","","","","","","","","5350001001387","","","",""
"有限会社ハッピー川西","6606465596619","","","","","","","666-0013","兵庫県川西市美園町11-2","","","","","","","","","","","","","","","8140002064732","","","",""
"株式会社ハッピーカンパニー","3772891255200","","","","","","","594-0053","大阪府和泉市芦部町101-22","","","","","","","","","","","","","","","5120101023544","","","",""
"株式会社ハッピーステーション","5985768835180","","","","","","","952-1324","新潟県佐渡市中原315-3","","","","","","","","","","","","","","","8110001027668","","","",""
"有限会社ハツピーストアー","4295484224270","","","","","","","194-0211","東京都町田市相原町1734","","","","","","","","","","","","","","","3012302003726","","","",""
"ハッピーバレー株式会社","3061055723223","","","","","","","182-0023","東京都調布市染地二丁目30-3","","","","","","","","","","","","","","","2012401014864","","","",""
"株式会社ハッピープラス","6534338940082","","","","","","","460-0012","愛知県名古屋市中区千代田三丁目32-8 アーバンラフレ鶴舞公園1-1302","","","","","","","","","","","","","","","5180001118604","","","",""
"株式会社ハッピーラボラトリー","9723826819806","","","","","","","114-0011","東京都北区昭和町三丁目1-2","","","","","","","","","","","","","","","6011501016759","","","",""
"株式会社ハーティ静岡","7686601422955","","","","","","","437-0053","静岡県袋井市延久433-5","","","","","","","","","","","","","","","8080401017818","","","",""
"有限会社ハート","2797920020517","","","","","","","610-0343","京都府京田辺市大住丸山33-3","","","","","","","","","","","","","","","8130002031238","","","",""
"有限会社ハートエイム","3420794985773","","","","","","","069-1482","北海道夕張郡長沼町西十二線南6","","","","","","","","","","","","","","","3430002051342","","","",""
"株式会社ハートピアコーポレーション","6362106529518","","","","","","","690-0860","島根県松江市西法吉町36-28","","","","","","","","","","","","","","","1280001002628","","","",""
"株式会社ハートフレンド","6521729667472","","","","","","","600-8311","京都府京都市下京区毘沙門町33-1","","","","","","","","","","","","","","","6130001022108","","","",""
"有限会社ハートワン","7345064597436","","","","","","","155-0032","東京都世田谷区代沢二丁目48-26","","","","","","","","","","","","","","","9010902024236","","","",""
"株式会社ＨＡＮＡ","9116729191163","","","","","","","311-4151","茨城県水戸市姫子一丁目800-13","","","","","","","","","","","","","","","9050001042268","","","",""
"株式会社花川ショッピング","9761556210134","","","","","","","061-3283","北海道石狩市花畔三条一丁目263-2","","","","","","","","","","","","","","","7430001033032","","","",""
"株式会社華輝","7474456264778","","","","","","","732-0063","広島県広島市東区牛田東三丁目7-3","","","","","","","","","","","","","","","1240001046744","","","",""
"株式会社花咲","3230174646457","","","","","","","762-0045","香川県坂出市元町一丁目3-4","","","","","","","","","","","","","","","2470001009636","","","",""
"有限会社花園スーパー","2915807937955","","","","","","","410-0312","静岡県沼津市原1418-35","","","","","","","","","","","","","","","9080102002911","","","",""
"有限会社花のあずまや","7353093614807","","","","","","","050-0074","北海道室蘭市中島町一丁目21-4","","","","","","","","","","","","","","","9430002064693","","","",""
"有限会社花文","9281758284265","","","","","","","132-0035","東京都江戸川区平井六丁目54-1","","","","","","","","","","","","","","","5011702016559","","","",""
"株式会社花正","5258779721643","","","","","","","108-0023","東京都港区芝浦三丁目15-9","","","","","","","","","","","","","","","7010401074305","","","",""
"株式会社はなまる","5940270638232","","","","","","","343-0845","埼玉県越谷市南越谷三丁目19-21","","","","","","","","","","","","","","","5030001064631","","","",""
"株式会社はなまる市場","6107591762468","","","","","","","792-0013","愛媛県新居浜市泉池町4-4","","","","","","","","","","","","","","","4500001010761","","","",""
"有限会社花屋","7989826482867","","","","","","","107-0062","東京都港区南青山一丁目19-7","","","","","","","","","","","","","","","4010402019229","","","",""
"有限会社はなわ","3532010710603","","","","","","","728-0013","広島県三次市十日市東四丁目9-5","","","","","","","","","","","","","","","5240002030280","","","",""
"有限会社花輪食品","3825070564667","","","","","","","071-0205","北海道上川郡美瑛町栄町一丁目6-18","","","","","","","","","","","","","","","9450002009069","","","",""
"株式会社ＨＡＮＩＦ　ＴＲＡＤＩＮＧ","2913556898833","","","","","","","306-0632","茨城県坂東市辺田311-3 B-3","","","","","","","","","","","","","","","3030001107185","","","",""
"株式会社ハニープラザ","3096619281229","","","","","","","144-0033","東京都大田区東糀谷三丁目4-1","","","","","","","","","","","","","","","2010801009765","","","",""
"ハーバーエンタープライズ株式会社","6313962309081","","","","","","","796-0088","愛媛県八幡浜市海老崎216-4","","","","","","","","","","","","","","","9500001008388","","","",""
"株式会社ハピー","9825315766885","","","","","","","941-0068","新潟県糸魚川市本町7-1","","","","","","","","","","","","","","","1110001021743","","","",""
"株式会社ハブアウトドアーズ","4419049384141","","","","","","","633-2116","奈良県宇陀市大宇陀区岩室757","","","","","","","","","","","","","","","4150001010244","","","",""
"ハープ株式会社","4357677706489","","","","","","","531-0076","大阪府大阪市北区大淀中一丁目12-10","","","","","","","","","","","","","","","6120001036100","","","",""
"有限会社浜勝ストア","4179029000411","","","","","","","859-1503","長崎県南島原市深江町丙83","","","","","","","","","","","","","","","2310002018214","","","",""
"有限会社浜上ストアー","5837802392589","","","","","","","891-3104","鹿児島県西之表市住吉1072","","","","","","","","","","","","","","","3340002019299","","","",""
"株式会社浜喜屋","1660107008602","","","","","","","851-0113","長崎県長崎市戸石町1674","","","","","","","","","","","","","","","7310001001769","","","",""
"合名会社浜食品","2592020664047","","","","","","","869-1233","熊本県菊池郡大津町大字大津1234","","","","","","","","","","","","","","","7330003001947","","","",""
"有限会社はまだや商店","5558804557296","","","","","","","327-0847","栃木県佐野市天神町745","","","","","","","","","","","","","","","1060002039360","","","",""
"有限会社ハマノ靴店","4095597002773","","","","","","","760-0029","香川県高松市丸亀町4-4","","","","","","","","","","","","","","","5470002005524","","","",""
"株式会社ハマヤ","2859063145897","","","","","","","786-0013","高知県高岡郡四万十町琴平町476-1","","","","","","","","","","","","","","","7490001005810","","","",""
"有限会社はまや高木食品店","8654899233396","","","","","","","235-0015","神奈川県横浜市磯子区久木町20-5","","","","","","","","","","","","","","","9020002010474","","","",""
"株式会社浜屋百貨店","1438614499761","","","","","","","850-0853","長崎県長崎市浜町7-11","","","","","","","","","","","","","","","5310001002439","","","",""
"早尾商事株式会社","9152603857435","","","","","","","965-0804","福島県会津若松市花春町6-6","","","","","","","","","","","","","","","1380001017277","","","",""
"株式会社はやさか","3506832122166","","","","","","","338-0824","埼玉県さいたま市桜区大字上大久保613-1","","","","","","","","","","","","","","","5030001006856","","","",""
"有限会社林商事","8874630333687","","","","","","","554-0012","大阪府大阪市此花区西九条一丁目32-17","","","","","","","","","","","","","","","3120002065365","","","",""
"株式会社ハヤシ住宅機器","3484784196377","","","","","","","350-1147","埼玉県川越市諏訪町8-5","","","","","","","","","","","","","","","9030001055412","","","",""
"有限会社はやしストアー","1776733767183","","","","","","","713-8123","岡山県倉敷市玉島柏島1531-4","","","","","","","","","","","","","","","7260002020567","","","",""
"株式会社はやしの","1276933513730","","","","","","","671-0232","兵庫県姫路市御国野町御着315-1","","","","","","","","","","","","","","","4140001059448","","","",""
"有限会社原商店","5493611307272","","","","","","","059-2245","北海道沙流郡日高町字清畠87-7","","","","","","","","","","","","","","","7430002062848","","","",""
"株式会社原信","4856043177870","","","","","","","954-0124","新潟県長岡市中之島1993-17","","","","","","","","","","","","","","","4110001024561","","","",""
"株式会社はらだ","9551358876413","","","","","","","793-0030","愛媛県西条市大町191-6","","","","","","","","","","","","","","","2500001009087","","","",""
"有限会社原田工業所","2199466980828","","","","","","","340-0813","埼玉県八潮市大字木曽根1244-3","","","","","","","","","","","","","","","2030002047670","","","",""
"有限会社原田食品","5522882017161","","","","","","","778-0005","徳島県三好市池田町シマ763","","","","","","","","","","","","","","","5480002015745","","","",""
"株式会社原田百貨店","5479318060126","","","","","","","824-0003","福岡県行橋市大橋三丁目18-8","","","","","","","","","","","","","","","7290801015302","","","",""
"有限会社原田フードセンター","6716749406998","","","","","","","689-0405","鳥取県鳥取市鹿野町鹿野1184-8","","","","","","","","","","","","","","","5270002004125","","","",""
"株式会社ハリカ岩井店","9149969445648","","","","","","","306-0632","茨城県坂東市辺田1148-35","","","","","","","","","","","","","","","3050001014487","","","",""
"株式会社ハリカ滝川店","8509367135199","","","","","","","073-0024","北海道滝川市東町一丁目5-30","","","","","","","","","","","","","","","4430001048594","","","",""
"株式会社ハリカ六日町","6583304377593","","","","","","","949-6405","新潟県南魚沼市竹俣63-1","","","","","","","","","","","","","","","5110001026490","","","",""
"株式会社ハリガエ","1458335250046","","","","","","","300-0834","茨城県土浦市小岩田東一丁目2-36","","","","","","","","","","","","","","","4050001010378","","","",""
"株式会社ハリマヤ","8347774629805","","","","","","","511-0819","三重県桑名市大字北別所1580","","","","","","","","","","","","","","","8190001012497","","","",""
"株式会社はりまや","1549318244064","","","","","","","949-6408","新潟県南魚沼市塩沢86-2","","","","","","","","","","","","","","","7110001026489","","","",""
"協同組合春江ショッピングセンター","5371173304223","","","","","","","919-0413","福井県坂井市春江町随応寺16-11","","","","","","","","","","","","","","","1210005000493","","","",""
"有限会社ハル・システム","4842614957043","","","","","","","919-0816","福井県あわら市山十楽8-7","","","","","","","","","","","","","","","6210002007371","","","",""
"株式会社ハルタ","1271499146492","","","","","","","892-0825","鹿児島県鹿児島市大黒町1-1","","","","","","","","","","","","","","","1340001003561","","","",""
"株式会社榛名厚生会","4677843016157","","","","","","","370-3342","群馬県高崎市下室田町869-1","","","","","","","","","","","","","","","6070001010465","","","",""
"株式会社晴海プラザ","8391272184130","","","","","","","739-0622","広島県大竹市晴海一丁目6-10","","","","","","","","","","","","","","","7240001028497","","","",""
"株式会社ハルメク・アルファ","5403448461467","","","","","","","530-0002","大阪府大阪市北区曾根崎新地二丁目2-16 関電不動産西梅田ビル","","","","","","","","","","","","","","","9010403010173","","","",""
"株式会社ハルモニア","7902693056166","","","","","","","392-0013","長野県諏訪市沖田町二丁目52-1 平成沖田ビル2F-1","","","","","","","","","","","","","","","3100001018796","","","",""
"株式会社ハローズ","1194948402024","","","","","","","721-0973","広島県福山市南蔵王町六丁目26-7","","","","","","","","","","","","","","","7240001031724","","","",""
"株式会社ハローツゥ","9792570898972","","","","","","","943-0805","新潟県上越市木田一丁目13-17","","","","","","","","","","","","","","","6110001028098","","","",""
"株式会社ハローデイ","5761035328899","","","","","","","802-0974","福岡県北九州市小倉南区徳力三丁目6-16","","","","","","","","","","","","","","","4290801003094","","","",""
"株式会社繁栄市場","9754824503252","","","","","","","552-0011","大阪府大阪市港区南市岡三丁目10-21","","","","","","","","","","","","","","","8120001029639","","","",""
"株式会社阪急阪神百貨店","8666723126145","6","15","2025/07/11","0","","https://www.hankyu-hanshin-dept.co.jp/index.html","530-0017","大阪府大阪市北区角田町8-7","06-6361-1381","代表取締役社長","山口　俊比古","卸売、小売","総合小売","卸売、小売","生活関連品小売","3,000 ～ 5,000","100,000 ～ 1,000,000","100,000 ～ 300,000","2025/03","","2007/10","非公開","6120001126727","小売事業,ターミナルデパート,情報リテイラーとしての百貨店,阪急の野菜,劇場型百貨店,地域住民への生活モデルの提供を通して、地域社会になくてはならない存在であり続けること,エイチ・ツー・オー リテイリング,阪急百貨店,阪急阪神百貨店,H2O,阪神百貨店,HANKYU,Webサイト,百貨店,HANSHIN,楽しさNo.1百貨店","2026新卒募集企業,2027新卒インターン募集企業,2027新卒募集企業,2028新卒インターン募集企業,WEB分析ツール利用,中途採用企業,全省庁統一資格保有企業,合併企業,営業職募集企業,売上1000億以上,売上300億円以上,売上50億円以上,展示会全体,展示会機械電子環境,従業員500人以上,特許出願企業,省エネ法対象業者,表彰企業","CookiePro,Display & Video 360,Google Fonts,Google アナリティクス,Google アナリティクス 4 プロパティ,Google アナリティクス(gtag),Googleタグマネージャ,Google広告,OneTrust",""
"株式会社阪急阪神百貨店友の会","2214247749808","","","","","","","530-0017","大阪府大阪市北区角田町8-7","","","","","","","","","","","","","","","3120001069210","","","",""
"阪神ソース株式会社","9523959517940","","","","","","","658-0015","兵庫県神戸市東灘区本山南町一丁目1-1","","","","","","","","","","","","","","","6140001002265","","","",""
"有限会社繁盛工房","5748970173234","","","","","","","542-0081","大阪府大阪市中央区南船場一丁目16-4 三洋ビル3F","","","","","","","","","","","","","","","5120002055562","","","",""
"株式会社ハンズ","3467289348221","","","","","","","160-0022","東京都新宿区新宿六丁目27-30","","","","","","","","","","","","","","","5011001016616","","","",""
"株式会社ハンズ・オン","4939068313105","","","","","","","812-0039","福岡県福岡市博多区冷泉町5-15 イツキビル1F","","","","","","","","","","","","","","","8290001066871","","","",""
"株式会社ハンズワークス","9681110162247","","","","","","","064-0809","北海道札幌市中央区南九条西三丁目2-1 502号","","","","","","","","","","","","","","","8430001038542","","","",""
"株式会社Ｈｕｎｄｒｅｄ　Ｉｎｎｏｖａｔｉｏｎ","3435087323249","","","","","","","343-0828","埼玉県越谷市レイクタウン二丁目19-3","","","","","","","","","","","","","","","6011201019797","","","",""
"株式会社はんなん","8049779971909","","","","","","","590-0525","大阪府泉南市馬場一丁目4-8","","","","","","","","","","","","","","","2120101044353","","","",""
"有限会社はんの店こばやし","2186021259511","","","","","","","131-0032","東京都墨田区東向島二丁目31-20","","","","","","","","","","","","","","","8010602021113","","","",""
"株式会社判例時報社","9390034672296","","","","","","","112-0015","東京都文京区目白台一丁目7-12","","","","","","","","","","","","","","","3010001006513","","","",""
"株式会社バイオ製薬","6596513337136","","","","","","","105-0003","東京都港区西新橋三丁目19-14 東京建硝ビル2F","","","","","","","","","","","","","","","1011101075929","","","",""
"株式会社バザール","9740909200825","","","","","","","013-0061","秋田県横手市横手町四ノ口18-1","","","","","","","","","","","","","","","7410001005545","","","",""
"株式会社ＢＩＲＴＨ　ＯＲＧＡＮＩＣＳ","3192639814127","","","","","","","904-0325","沖縄県中頭郡読谷村字瀬名波224-17","","","","","","","","","","","","","","","9360001016298","","","",""
"有限会社バラエテイストアーカマニ","5127764998381","","","","","","","342-0056","埼玉県吉川市平沼一丁目13-15","","","","","","","","","","","","","","","2030002090472","","","",""
"有限会社バランス","6840241252265","","","","","","","600-0000","京都府京都市下京区東塩小路町933","","","","","","","","","","","","","","","9130002020966","","","",""
"有限会社バリューアップコンサルティング","2883577367124","","","","","","","104-0061","東京都中央区銀座七丁目14-6","","","","","","","","","","","","","","","7011002030309","","","",""
"バリューダイニングクリエイト株式会社","9565199819508","","","","","","","573-0027","大阪府枚方市大垣内町二丁目16-12","","","","","","","","","","","","","","","7120001219661","","","",""
"株式会社バリュー通販","2724408461413","","","","","","","333-0842","埼玉県川口市前川四丁目2-3","","","","","","","","","","","","","","","2030001104737","","","",""
"株式会社バリュープロダクト","4149648317775","","","","","","","813-0034","福岡県福岡市東区多の津一丁目7-1","","","","","","","","","","","","","","","7290001003834","","","",""
"株式会社バロー","7292255543681","","","","","","","507-0062","岐阜県多治見市大針町661-1","","","","","","","","","","","","","","","8200001031520","","","",""
"バンドー石油株式会社","8428635472321","","","","","","","544-0011","大阪府大阪市生野区田島五丁目6-17","","","","","","","","","","","","","","","9120001018541","","","",""
"有限会社バンビ","8566540608794","","","","","","","444-0044","愛知県岡崎市康生通南二丁目32","","","","","","","","","","","","","","","4180302002524","","","",""
"株式会社パークマート","9739605556735","","","","","","","277-0053","千葉県柏市酒井根648-4","","","","","","","","","","","","","","","7040001035794","","","",""
"パーシモンスタイル株式会社","7425005374871","","","","","","","369-0203","埼玉県深谷市普済寺1462-1","","","","","","","","","","","","","","","3030001106600","","","",""
"パタゴニア・インターナショナル・インク","9330495494454","","","","","","","244-0805","神奈川県横浜市戸塚区川上町91-1 BELISTAタワー東戸塚5F","","","","","","","","","","","","","","","3700150014024","","","",""
"株式会社パティオ","6163384993385","","","","","","","921-8051","石川県金沢市黒田二丁目307-1","","","","","","","","","","","","","","","7220001009961","","","",""
"株式会社パーフィットプロダクション","3846556242751","","","","","","","106-0044","東京都港区東麻布一丁目29-9","","","","","","","","","","","","","","","2010401023910","","","",""
"パープルタウン株式会社","7270679301466","","","","","","","682-0023","鳥取県倉吉市山根557-1","","","","","","","","","","","","","","","2270001005291","","","",""
"株式会社パームタウン大高","3877032524338","","","","","","","459-8002","愛知県名古屋市緑区森の里一丁目93","","","","","","","","","","","","","","","4180001100612","","","",""
"株式会社パラシューネット","8194656843088","","","","","","","174-0064","東京都板橋区中台二丁目7-5","","","","","","","","","","","","","","","7011401016461","","","",""
"株式会社パリヤ","8456596939641","","","","","","","522-0052","滋賀県彦根市長曽根南町472-2","","","","","","","","","","","","","","","8160001019867","","","",""
"有限会社パル","7994563105031","","","","","","","310-0036","茨城県水戸市新荘一丁目4-12 1401号","","","","","","","","","","","","","","","2050002002632","","","",""
"株式会社ぱるじゃサービス","4474581071711","","","","","","","039-1109","青森県八戸市大字豊崎町中村17-1","","","","","","","","","","","","","","","9420001007885","","","",""
"パルテノンプロダクション有限会社","7879834308775","","","","","","","208-0034","東京都武蔵村山市残堀五丁目20-1","","","","","","","","","","","","","","","7012802004897","","","",""
"株式会社パル・ヤマト","7692145528476","","","","","","","658-0014","兵庫県神戸市東灘区北青木二丁目9-5","","","","","","","","","","","","","","","7140001002322","","","",""
"株式会社パールラボラトリー","4248835988922","","","","","","","104-0061","東京都中央区銀座六丁目13-4","","","","","","","","","","","","","","","3010001078692","","","",""
"パレッテ株式会社","2718313117103","","","","","","","261-0023","千葉県千葉市美浜区中瀬一丁目5-1","","","","","","","","","","","","","","","4040001113826","","","",""
"株式会社ＰＡＮＤＡ","8357271532358","","","","","","","810-0005","福岡県福岡市中央区清川二丁目5-11 405号","","","","","","","","","","","","","","","3290001071876","","","",""
"有限会社日置酒店","4908343693106","","","","","","","889-1401","宮崎県児湯郡新富町大字日置652-2","","","","","","","","","","","","","","","6350002010171","","","",""
"有限会社光通運","6553329804840","","","","","","","230-0051","神奈川県横浜市鶴見区鶴見中央二丁目2-4","","","","","","","","","","","","","","","5020002069705","","","",""
"有限会社東岡山グランドマート","1456193294518","","","","","","","703-8221","岡山県岡山市中区長岡101-1","","","","","","","","","","","","","","","2260002008096","","","",""
"東中国イシコ建機株式会社","8022512812511","","","","","","","701-0205","岡山県岡山市南区妹尾992-2","","","","","","","","","","","","","","","8260001005519","","","",""
"東日本通信販売株式会社","7618657047113","","","","","","","290-0081","千葉県市原市五井中央西二丁目8-31 時田ビル3F","","","","","","","","","","","","","","","7040001088009","","","",""
"株式会社ヒグチ","1449471546784","","","","","","","990-1442","山形県西村山郡朝日町大字宮宿1114-8","","","","","","","","","","","","","","","7390001012189","","","",""
"株式会社彦市","5450101834032","","","","","","","787-1601","高知県四万十市西土佐江川﨑2589-1","","","","","","","","","","","","","","","3490001005178","","","",""
"有限会社ヒサゴ","9352098203796","","","","","","","471-0015","愛知県豊田市上野町六丁目105-3","","","","","","","","","","","","","","","3180302024791","","","",""
"日田一品街株式会社","4359288056314","","","","","","","877-0005","大分県日田市豆田町8-33 天領まちの駅2F","","","","","","","","","","","","","","","5320001010151","","","",""
"株式会社ヒダカヤ","4560092385383","","","","","","","640-8341","和歌山県和歌山市黒田127-5","","","","","","","","","","","","","","","4170001002776","","","",""
"株式会社ヒットライン","1741965374722","","","","","","","450-0003","愛知県名古屋市中村区名駅南三丁目6-6 名駅ユタカビル3F","","","","","","","","","","","","","","","6180001057495","","","",""
"有限会社ヒデコーポレーション","9285517785223","","","","","","","158-0087","東京都世田谷区玉堤一丁目27-15","","","","","","","","","","","","","","","4010902024331","","","",""
"株式会社一ツ橋企画","4548682184555","","","","","","","101-0051","東京都千代田区神田神保町二丁目17-10 集英社共同ビル3F","","","","","","","","","","","","","","","7010001027588","","","",""
"株式会社日野商店","8915857628527","","","","","","","986-0003","宮城県石巻市井内井内24-2","","","","","","","","","","","","","","","2370301001039","","","",""
"有限会社ひので","3107712512183","","","","","","","601-8475","京都府京都市南区八条内田町68","","","","","","","","","","","","","","","6130002011381","","","",""
"日の出市場協同組合","9136479154840","","","","","","","601-8475","京都府京都市南区八条内田町68","","","","","","","","","","","","","","","8130005003267","","","",""
"日の出絹織株式会社","9431625977323","","","","","","","553-0003","大阪府大阪市福島区福島七丁目6-23","","","","","","","","","","","","","","","1120001036204","","","",""
"株式会社日の出屋","6042865779180","","","","","","","466-0051","愛知県名古屋市昭和区御器所三丁目27-10","","","","","","","","","","","","","","","7180001009198","","","",""
"有限会社日の出屋","7557704760329","","","","","","","381-0101","長野県長野市若穂綿内8644","","","","","","","","","","","","","","","2100002004235","","","",""
"株式会社日之出屋岩橋","4361049893327","1","3","2025/11/14","0","","https://e-hinodeya.com/","590-0967","大阪府堺市堺区南半町西一丁1-12","072-232-5125","代表取締役","岩橋　栄太郎","卸売、小売","総合小売","","","30 ～ 50","10,000 ～ 50,000","1,000 ～ 3,000","2025/03","1986/09","1986/09","非公開","8120101006026","日用品販売,喫茶店運営,100円ショップ日之出屋,日之出屋,CAFE HINODEYA PLUS+,御陵前,hinodeya,堺駅,スーパーマーケット,日之出屋岩橋,マルシェ,雑貨,スーパー,カフェ,CAFE,日之出,hinodeya+,堺市,堺駅南口,食料品,あっちゅうま","中途採用企業","CPI,Facebookログイン,Google Fonts,Meta for Developers,jQuery",""
"有限会社ひのみやマーケット","3919185425143","","","","","","","321-0502","栃木県那須烏山市熊田461-1","","","","","","","","","","","","","","","7060002014176","","","",""
"株式会社日の基","3799620003192","","","","","","","100-0006","東京都千代田区有楽町二丁目4-4","","","","","","","","","","","","","","","5010001027086","","","",""
"合同会社ひばりのドラッグス","1080730217340","","","","","","","039-1524","青森県三戸郡五戸町大字豊間内地蔵平1-659","","","","","","","","","","","","","","","6420003001360","","","",""
"株式会社ひばりビル","7932997140721","","","","","","","179-0084","東京都練馬区氷川台四丁目8-13","","","","","","","","","","","","","","","3011601005813","","","",""
"株式会社ヒバリヤ","7686851543654","","","","","","","424-0008","静岡県静岡市清水区押切1941","","","","","","","","","","","","","","","8080001008985","","","",""
"株式会社ひまわり市場","6207239999829","","","","","","","408-0000","山梨県北杜市泉町2008","","","","","","","","","","","","","","","2090001011779","","","",""
"株式会社百貨さかい","4617549109450","","","","","","","951-8063","新潟県新潟市中央区古町通三番町560-2","","","","","","","","","","","","","","","7110001009114","","","",""
"株式会社日向","9786527798854","","","","","","","963-1165","福島県郡山市田村町徳定才竹16","","","","","","","","","","","","","","","3380001006311","","","",""
"有限会社ヒューマンデータ","6888113574095","","","","","","","567-0034","大阪府茨木市中穂積一丁目2-10 茨木ビル","","","","","","","","","","","","","","","7120902001341","","","",""
"株式会社ヒューマン・ネットワーク","3070714353761","","","","","","","981-3133","宮城県仙台市泉区泉中央一丁目7-1 地下鉄泉中央駅ビル本社","","","","","","","","","","","","","","","9370001014747","","","",""
"ヒューマンライブ株式会社","7592946150213","","","","","","","288-0048","千葉県銚子市双葉町3-27","","","","","","","","","","","","","","","2040001063057","","","",""
"株式会社ひょうたんや","2133505895421","","","","","","","619-0241","京都府相楽郡精華町大字祝園幸田4-3","","","","","","","","","","","","","","","2130001036862","","","",""
"平岡陶器・酒株式会社","4206898019029","","","","","","","769-2101","香川県さぬき市志度347","","","","","","","","","","","","","","","5470001011127","","","",""
"株式会社平岡やまと","9774456442843","","","","","","","675-0111","兵庫県加古川市平岡町二俣1005","","","","","","","","","","","","","","","5140001043475","","","",""
"有限会社ひらかわ","6969867221794","","","","","","","719-2551","岡山県新見市井倉735-2","","","","","","","","","","","","","","","8260002027314","","","",""
"ヒラキ株式会社","7217920356113","","","","","","","651-2405","兵庫県神戸市西区岩岡町野中福吉556","","","","","","","","","","","","","","","9140001017855","","","",""
"株式会社ヒラキストア","6413832895155","","","","","","","933-0918","富山県高岡市大坪町三丁目7-31","","","","","","","","","","","","","","","1230001012821","","","",""
"合資会社平常商店","1698819231159","","","","","","","859-2503","長崎県南島原市口之津町丁4159","","","","","","","","","","","","","","","5310003002107","","","",""
"株式会社ひらど新鮮市場","1224915629444","","","","","","","859-5121","長崎県平戸市岩の上町227","","","","","","","","","","","","","","","7310005006252","","","",""
"株式会社ヒラノ","7512823823760","","","","","","","812-0894","福岡県福岡市博多区諸岡一丁目16-26","","","","","","","","","","","","","","","3290001088961","","","",""
"有限会社平野酒店","1469701892291","","","","","","","892-0838","鹿児島県鹿児島市新屋敷町30-18","","","","","","","","","","","","","","","5340002008060","","","",""
"有限会社平野商店","5568242063348","","","","","","","112-0005","東京都文京区水道一丁目6-7","","","","","","","","","","","","","","","8010002005055","","","",""
"有限会社平野商店","1012793666328","","","","","","","530-0035","大阪府大阪市北区同心二丁目15-27","","","","","","","","","","","","","","","5120002056619","","","",""
"有限会社平野タイヤ商会","2538061294292","","","","","","","123-0871","東京都足立区椿二丁目2-23","","","","","","","","","","","","","","","7011802017711","","","",""
"蒜山ソイル工業有限会社","9102324152188","","","","","","","719-3105","岡山県真庭市西原2-11","","","","","","","","","","","","","","","9260002033889","","","",""
"株式会社ヒロ","5300567041024","","","","","","","630-8226","奈良県奈良市小西町9","","","","","","","","","","","","","","","5122001006174","","","",""
"広尾エンタープライズ株式会社","7837916348927","","","","","","","150-0012","東京都渋谷区広尾五丁目25-6 広尾セントラルハイツ2階","","","","","","","","","","","","","","","9011001019714","","","",""
"生活協同組合ひろしま","3722200349890","","","","","","","733-0832","広島県広島市西区草津港二丁目8-42","","","","","","","","","","","","","","","4240005002006","","","",""
"株式会社広島三越","9536002404103","","","","","","","730-0021","広島県広島市中区胡町5-1","","","","","","","","","","","","","","","4240001021711","","","",""
"有限会社ヒロセ","3478777484380","","","","","","","968-0322","福島県大沼郡金山町大字横田浜子1386","","","","","","","","","","","","","","","3380002034484","","","",""
"株式会社廣瀬味噌醸造所","4164895474848","","","","","","","156-0041","東京都世田谷区大原一丁目16-17","","","","","","","","","","","","","","","1010901010211","","","",""
"株式会社ヒロ電子","1506375671921","","","","","","","364-0001","埼玉県北本市深井一丁目26","","","","","","","","","","","","","","","7030001062088","","","",""
"株式会社美庵","5719407506867","","","","","","","544-0013","大阪府大阪市生野区巽中一丁目8-20","","","","","","","","","","","","","","","4120001165859","","","",""
"株式会社ビーウェル","3659812179840","","","","","","","556-0005","大阪府大阪市浪速区日本橋三丁目1-20","","","","","","","","","","","","","","","9120001100290","","","",""
"株式会社美栄堂百貨店","9693800890466","","","","","","","251-0055","神奈川県藤沢市南藤沢2-1-1","","","","","","","","","","","","","","","5021001001798","","","",""
"ビー・エヌ・ティー株式会社","8125177930291","","","","","","","651-2113","兵庫県神戸市西区伊川谷町有瀬320-1 203号","","","","","","","","","","","","","","","7140001033342","","","",""
"有限会社ＢＮＢ","6050368949776","","","","","","","543-0033","大阪府大阪市天王寺区堂ケ芝二丁目18-11 2F","","","","","","","","","","","","","","","1120002032755","","","",""
"株式会社ビーエムエー","5303289866110","","","","","","","193-0941","東京都八王子市狭間町1994-617","","","","","","","","","","","","","","","8090002010023","","","",""
"ビオセボン・ジャポン株式会社","8124789552020","","","","","","","103-0001","東京都中央区日本橋小伝馬町10-11 日本橋府川ビル3階","","","","","","","","","","","","","","","5040001095717","","","",""
"株式会社ビクトリアス・ジャパン","1861496623769","","","","","","","136-0071","東京都江東区亀戸三丁目60-15 302","","","","","","","","","","","","","","","5010401086129","","","",""
"美健堂株式会社","2946542317346","","","","","","","062-0933","北海道札幌市豊平区平岸三条七丁目1-27","","","","","","","","","","","","","","","7430001033890","","","",""
"株式会社Ｂ．ＣＯＣＯＲＯ","5638560560454","","","","","","","810-0073","福岡県福岡市中央区舞鶴一丁目3-14 小榎ビル5F","","","","","","","","","","","","","","","4290001031689","","","",""
"株式会社美彩","4794139127178","","","","","","","160-0023","東京都新宿区西新宿三丁目3-13 西新宿水間ビル2F","","","","","","","","","","","","","","","8011101053259","","","",""
"株式会社ビジネスサポート","7936331451462","","","","","","","422-8044","静岡県静岡市駿河区西脇1317-3","","","","","","","","","","","","","","","8080001006007","","","",""
"有限会社ビスポーク","9106187564925","","","","","","","343-0042","埼玉県越谷市千間台東一丁目17-25","","","","","","","","","","","","","","","4030002088952","","","",""
"ビーズ株式会社","5784189060588","","","","","","","577-0063","大阪府東大阪市川俣一丁目14-33","","","","","","","","","","","","","","","6122001008822","","","",""
"ビズ・エキスパート株式会社","2354292317936","","","","","","","253-0025","神奈川県茅ヶ崎市松が丘一丁目8-21 405号室","","","","","","","","","","","","","","","4021001008472","","","",""
"有限会社ビータス","6927089215843","","","","","","","299-4502","千葉県いすみ市岬町中原1231","","","","","","","","","","","","","","","9040002015744","","","",""
"株式会社ビックメイツ","8843200823744","","","","","","","963-0201","福島県郡山市大槻町久助林13-2","","","","","","","","","","","","","","","4380001022522","","","",""
"株式会社ビック・ライズ","4557485047401","","","","","","","223-0059","神奈川県横浜市港北区北新横浜一丁目7-1","","","","","","","","","","","","","","","4020001011949","","","",""
"株式会社ビックロジャーズ","7102725856847","","","","","","","980-0021","宮城県仙台市青葉区中央三丁目8-5 新仙台駅前ビル2F","","","","","","","","","","","","","","","2370001009893","","","",""
"有限会社ビッグイナフ","1961209816035","","","","","","","556-0022","大阪府大阪市浪速区桜川四丁目9-28 薮田ビル1F","","","","","","","","","","","","","","","6120002044894","","","",""
"株式会社ビッグ・エー","9592599766951","","","","","","","174-0046","東京都板橋区蓮根三丁目22-25 SOSILA板橋","","","","","","","","","","","","","","","2011401010881","","","",""
"有限会社ビック・サークル","1400754836721","","","","","","","238-0312","神奈川県横須賀市山科台52-18","","","","","","","","","","","","","","","1021002069806","","","",""
"有限会社ビッグサン","7256040061755","","","","","","","576-0051","大阪府交野市倉治八丁目11-7","","","","","","","","","","","","","","","3120002071743","","","",""
"株式会社ビッグストーンケーケー","4466010570271","","","","","","","699-0701","島根県出雲市大社町杵築東463-1","","","","","","","","","","","","","","","5280001007169","","","",""
"株式会社ビッグツー","2545519087165","","","","","","","891-0122","鹿児島県鹿児島市南栄一丁目3","","","","","","","","","","","","","","","4340001003609","","","",""
"株式会社ビッグ．ナラ","9564564856595","","","","","","","630-8327","奈良県奈良市東木辻町45-2","","","","","","","","","","","","","","","4150001001978","","","",""
"有限会社ビッグバザール","8631974618932","","","","","","","340-0015","埼玉県草加市高砂一丁目6-28 802号","","","","","","","","","","","","","","","3030002045467","","","",""
"株式会社ビッグ富士","3648370036469","","","","","","","435-0052","静岡県浜松市中央区天王町611-2","","","","","","","","","","","","","","","9080401004526","","","",""
"株式会社ビッグベルトレーディング","9757149771188","","","","","","","362-0035","埼玉県上尾市仲町一丁目7-28","","","","","","","","","","","","","","","9030001109110","","","",""
"株式会社ビッグミカエル","7344358647114","","","","","","","861-1307","熊本県菊池市片角290","","","","","","","","","","","","","","","4330001009961","","","",""
"株式会社ビッグヨーサン","4246146525503","","","","","","","194-0011","東京都町田市成瀬が丘二丁目25-5","","","","","","","","","","","","","","","5012301002090","","","",""
"合資会社ビッグワンさかもと","7753976152802","","","","","","","869-4602","熊本県八代郡氷川町宮原556-1","","","","","","","","","","","","","","","4330003003467","","","",""
"備中開発株式会社","1791676817300","","","","","","","716-0061","岡山県高梁市落合町阿部1700","","","","","","","","","","","","","","","6260001018927","","","",""
"有限会社ビート","8720918243652","","","","","","","999-2211","山形県南陽市赤湯837-9","","","","","","","","","","","","","","","3390002014469","","","",""
"ビニックス株式会社","9867919643345","","","","","","","289-1104","千葉県八街市文違301-1811","","","","","","","","","","","","","","","4040001047743","","","",""
"びはん株式会社","2557348712404","","","","","","","028-1332","岩手県下閉伊郡山田町中央町5-6","","","","","","","","","","","","","","","1400001008505","","","",""
"株式会社びはんコーポレーション","6313051744544","","","","","","","028-1332","岩手県下閉伊郡山田町中央町5-6","","","","","","","","","","","","","","","8400001007054","","","",""
"株式会社ＶＩＶＡエンタープライズ","3973103675076","","","","","","","755-0151","山口県宇部市大字西岐波3495-1","","","","","","","","","","","","","","","2250001004477","","","",""
"ビバ甲子園協同組合","9926068043613","","","","","","","663-8156","兵庫県西宮市甲子園網引町6-16","","","","","","","","","","","","","","","5140005015917","","","",""
"株式会社ＢＢ’ｔ","3488645076915","","","","","","","301-0841","茨城県龍ケ崎市白羽一丁目12-10 ファミール101号","","","","","","","","","","","","","","","8050001040545","","","",""
"ビープラス・グループ株式会社","4116681010107","","","","","","","870-0021","大分県大分市府内町三丁目4-20","","","","","","","","","","","","","","","5320001002314","","","",""
"株式会社ビープラント","7602721149770","","","","","","","130-0013","東京都墨田区錦糸二丁目4-6 ALビル4階412","","","","","","","","","","","","","","","9010601048676","","","",""
"有限会社びまぼぶち","2534993775145","","","","","","","182-0035","東京都調布市上石原二丁目4-4","","","","","","","","","","","","","","","6012402015809","","","",""
"株式会社ビューフォート","6356303728945","","","","","","","653-0014","兵庫県神戸市長田区御蔵通七丁目43","","","","","","","","","","","","","","","7140001022980","","","",""
"ビルディ株式会社","5187397074893","","","","","","","892-0834","鹿児島県鹿児島市南林寺町6-17","","","","","","","","","","","","","","","2340001007000","","","",""
"有限会社ビーワン","8408621891200","","","","","","","887-0031","宮崎県日南市戸高四丁目7-2","","","","","","","","","","","","","","","8350002017132","","","",""
"株式会社ＰＩＡ","5863904803596","","","","","","","160-0023","東京都新宿区西新宿四丁目3-13 西新宿三関ビル4F","","","","","","","","","","","","","","","2011101062983","","","",""
"株式会社ピアット・フォルテ","1560881938192","","","","","","","555-0022","大阪府大阪市西淀川区柏里二丁目1-16","","","","","","","","","","","","","","","6120001121323","","","",""
"有限会社ピー・エックス","9821262355621","","","","","","","252-0804","神奈川県藤沢市湘南台二丁目1-1 第53田中ビル109","","","","","","","","","","","","","","","5021002004049","","","",""
"株式会社ピカイチ","3372869303253","","","","","","","950-0087","新潟県新潟市中央区東大通一丁目7-10 新潟セントラルビル8階旧所在地","","","","","","","","","","","","","","","8110001010302","","","",""
"株式会社ピーシーあきんど","5062197813248","","","","","","","110-0005","東京都台東区上野三丁目8-2 ピースコートビル1F","","","","","","","","","","","","","","","3010501020996","","","",""
"株式会社ｐｅａｃｅａｂｌｅ","3343227253727","","","","","","","901-2222","沖縄県宜野湾市喜友名二丁目26-27","","","","","","","","","","","","","","","3360001011387","","","",""
"株式会社ピッキオ","5102711435390","","","","","","","389-0111","長野県北佐久郡軽井沢町大字長倉2148","","","","","","","","","","","","","","","7100001008918","","","",""
"株式会社ピック","1481833906545","","","","","","","173-0014","東京都板橋区大山東町24-15 101号","","","","","","","","","","","","","","","1011401014826","","","",""
"合同会社ピュア１３","4437077218351","","","","","","","532-0028","大阪府大阪市淀川区十三元今里二丁目2-49","","","","","","","","","","","","","","","2120003006294","","","",""
"Ｐ．Ｕ．Ｒ．株式会社","1752057689151","","","","","","","542-0082","大阪府大阪市中央区島之内一丁目14-31 スナダビル地下1F","","","","","","","","","","","","","","","6120001209770","","","",""
"ＰｕＲＥＣ株式会社","1364836988033","","","","","","","693-0021","島根県出雲市塩冶町89-1 島根大学医学部内","","","","","","","","","","","","","","","2280001007130","","","",""
"株式会社ファイナルセレクト","3304108350325","","","","","","","661-0953","兵庫県尼崎市東園田町四丁目95-14 共栄ビル2階A号","","","","","","","","","","","","","","","7140001054413","","","",""
"株式会社ファイブテイスト","6950268627930","","","","","","","391-0013","長野県茅野市宮川6040-10 2F","","","","","","","","","","","","","","","8100001020376","","","",""
"株式会社ファイン","7399050979980","","","","","","","719-0304","岡山県浅口郡里庄町大字新庄グリーンクレスト1-1","","","","","","","","","","","","","","","4260001018722","","","",""
"株式会社Ｆａｃｉｏ","1317549872697","","","","","","","520-2276","滋賀県大津市里六丁目20-1","","","","","","","","","","","","","","","9160001004281","","","",""
"ファーストアドバンテージ有限会社","7947254813073","","","","","","","949-0303","新潟県糸魚川市大字田海2886-1","","","","","","","","","","","","","","","7110002026521","","","",""
"ファースト商事ホールディングス株式会社","8085935968675","","","","","","","104-0033","東京都中央区新川一丁目6-12 M","","","","","","","","","","","","","","","7011201010821","","","",""
"ファースト製菓株式会社","7672030519631","","","","","","","191-0065","東京都日野市旭が丘二丁目36-4","","","","","","","","","","","","","","","2013401000664","","","",""
"株式会社ファーストトラックス","7526471248942","","","","","","","649-6203","和歌山県岩出市桜台622","","","","","","","","","","","","","","","2120001196336","","","",""
"株式会社ファーストライズ","4137394343428","","","","","","","160-0022","東京都新宿区新宿五丁目18-14","","","","","","","","","","","","","","","4011101043354","","","",""
"株式会社ファニチャーアコール","4713676969112","","","","","","","071-1424","北海道上川郡東川町南町二丁目12-3","","","","","","","","","","","","","","","7450001005599","","","",""
"有限会社ファブラック","4206456635529","","","","","","","111-0055","東京都台東区三筋一丁目8-10","","","","","","","","","","","","","","","6010502019944","","","",""
"ファミリーサービス株式会社","5340649632984","","","","","","","121-0831","東京都足立区舎人一丁目18-27","","","","","","","","","","","","","","","6011801020972","","","",""
"有限会社ファミリーショップいりえ","3401151789876","","","","","","","866-0031","熊本県八代市新浜町1-1 中九州青果内","","","","","","","","","","","","","","","8330002026275","","","",""
"有限会社ファミリーショップ美園","2080119605524","","","","","","","079-1144","北海道赤平市美園町五丁目1-5","","","","","","","","","","","","","","","6430002052916","","","",""
"有限会社ファミリーショップやまぐち","3557679102436","","","","","","","847-1441","佐賀県東松浦郡玄海町大字今村5418-1","","","","","","","","","","","","","","","2300002010997","","","",""
"有限会社ファミリーストアーいけだ","3917625895839","","","","","","","717-0602","岡山県真庭市蒜山上福田833-8","","","","","","","","","","","","","","","8260002034062","","","",""
"有限会社ファミリーストアーいわした","4468928583966","","","","","","","895-1202","鹿児島県薩摩川内市樋脇町塔之原1186","","","","","","","","","","","","","","","3340002017311","","","",""
"有限会社ファミリーストアおおはし","9812771961129","","","","","","","976-0016","福島県相馬市沖ノ内一丁目12-3","","","","","","","","","","","","","","","2380002028842","","","",""
"有限会社ファミリーストアーオカベ","6764606045029","","","","","","","252-0226","神奈川県相模原市中央区陽光台二丁目21-15","","","","","","","","","","","","","","","6021002023717","","","",""
"有限会社ファミリーセンター川上","7701991037049","","","","","","","769-1611","香川県観音寺市大野原町大野原6918","","","","","","","","","","","","","","","6470002016388","","","",""
"株式会社ファミリーセンターダイヤ","3348179445247","","","","","","","151-0071","東京都渋谷区本町二丁目33-2","","","","","","","","","","","","","","","1011001020209","","","",""
"株式会社フアミリープラザあらい","4931211985153","","","","","","","431-0302","静岡県湖西市新居町新居745-1","","","","","","","","","","","","","","","2080401006173","","","",""
"株式会社ファミリーマート","2438771947850","","","","","","","108-0023","東京都港区芝浦三丁目1-21","","","","","","","","","","","","","","","2013301010706","","","",""
"株式会社ファミリー・ライフ","3348702154506","","","","","","","170-0013","東京都豊島区東池袋三丁目1-1 サンシャイン60-40階","","","","","","","","","","","","","","","2013301016760","","","",""
"株式会社ファームトップ","7751026818383","","","","","","","501-1147","岐阜県岐阜市尻毛二丁目51-11","","","","","","","","","","","","","","","3200001032515","","","",""
"ふぁん・じゃぱん株式会社","7618944389246","","","","","","","102-0073","東京都千代田区九段北一丁目4-1 ブルックスビル1F","","","","","","","","","","","","","","","1011001101066","","","",""
"株式会社ファンタジー","1740591426509","","","","","","","666-0033","兵庫県川西市栄町25-1 108号","","","","","","","","","","","","","","","5140001080444","","","",""
"株式会社ＦｕｎＴａｂｌｅ　Ｋｉｔｃｈｅｎ","7063872870429","","","","","","","794-0042","愛媛県今治市旭町三丁目2-3","","","","","","","","","","","","","","","4500001012155","","","",""
"株式会社フィスランド","4458875170051","","","","","","","431-0203","静岡県浜松市中央区馬郡町3762-22","","","","","","","","","","","","","","","1080401012247","","","",""
"有限会社フィリア","5912102693034","","","","","","","116-0001","東京都荒川区町屋一丁目2-14 401","","","","","","","","","","","","","","","4011402007660","","","",""
"株式会社フィーリングマン","7819490157872","","","","","","","154-0002","東京都世田谷区下馬一丁目43-7","","","","","","","","","","","","","","","9010901037742","","","",""
"株式会社フィールコーポレーション","8441074762934","","","","","","","466-0064","愛知県名古屋市昭和区鶴舞二丁目21-6","","","","","","","","","","","","","","","2180001109424","","","",""
"有限会社フィールド・アップ","2057245124026","","","","","","","422-8017","静岡県静岡市駿河区大谷3800-297","","","","","","","","","","","","","","","6080002011833","","","",""
"有限会社フィールドアドベンチャー","8951777406971","","","","","","","532-0011","大阪府大阪市淀川区西中島六丁目5-3 309号","","","","","","","","","","","","","","","8120002056624","","","",""
"株式会社凮月フーズシステムＦＦＳ","8406896878529","","","","","","","243-0431","神奈川県海老名市上今泉五丁目27-37","","","","","","","","","","","","","","","4021001029048","","","",""
"株式会社フェイバリット","5258843929137","","","","","","","151-0062","東京都渋谷区元代々木町4-5 クレアトゥール6F","","","","","","","","","","","","","","","7010901025633","","","",""
"株式会社ＦＯＲＱＬ","7614234914738","","","","","","","508-0006","岐阜県中津川市落合2248-4","","","","","","","","","","","","","","","6200001024369","","","",""
"有限会社４３０","5882021081317","","","","","","","150-0001","東京都渋谷区神宮前五丁目29-12 武居ビル5F","","","","","","","","","","","","","","","8011002028153","","","",""
"ＦＯＲＴＵＮＥ株式会社","1265714017495","","","","","","","814-0101","福岡県福岡市城南区荒江一丁目21-18 3F","","","","","","","","","","","","","","","5290001072377","","","",""
"フォトワンダー株式会社","3399566716325","","","","","","","162-0843","東京都新宿区市谷田町二丁目6-4 エアマンズビル市ヶ谷6階","","","","","","","","","","","","","","","8010701017037","","","",""
"フォレコ株式会社","4224241028942","","","","","","","223-0057","神奈川県横浜市港北区新羽町639","","","","","","","","","","","","","","","3020001062885","","","",""
"フォーレスト株式会社","6851743996639","","","","","","","330-0844","埼玉県さいたま市大宮区下町二丁目1-1 JPR大宮ビル3階","","","","","","","","","","","","","","","9030001010870","","","",""
"株式会社ｆｕｋａｙａ","5041357930075","","","","","","","476-0003","愛知県東海市荒尾町中屋敷8-1","","","","","","","","","","","","","","","2180003013260","","","",""
"株式会社深谷上柴ショッピングセンター","4641093333850","","","","","","","366-0052","埼玉県深谷市上柴町西四丁目2-14","","","","","","","","","","","","","","","2030001086562","","","",""
"合資会社冨佳屋商店","1630564444424","","","","","","","220-0035","神奈川県横浜市西区霞ケ丘104","","","","","","","","","","","","","","","9020003001349","","","",""
"有限会社ふくい","3709820499130","","","","","","","518-0621","三重県名張市桔梗が丘一番町四街区93","","","","","","","","","","","","","","","8190002013131","","","",""
"協同組合福井県ハイウェイサービスセンター","8080466716935","","","","","","","910-0804","福井県福井市高木中央三丁目406 TSU21ビル2F","","","","","","","","","","","","","","","8210005000917","","","",""
"福井県民生活協同組合","9362206582366","","","","","","","910-0842","福井県福井市開発五丁目1603","","","","","","","","","","","","","","","1210005000221","","","",""
"福井スーパーマート株式会社","4177488550613","","","","","","","780-0965","高知県高知市福井町1198-1","","","","","","","","","","","","","","","8490001001981","","","",""
"福王商事株式会社","1751870750878","","","","","","","547-0033","大阪府大阪市平野区平野西一丁目7-15","","","","","","","","","","","","","","","4120001021509","","","",""
"株式会社福岡大学サービス","4689602963123","","","","","","","814-0144","福岡県福岡市城南区梅林二丁目1-68-1","","","","","","","","","","","","","","","2290001026294","","","",""
"株式会社フクキストアー","1283290022617","","","","","","","891-1304","鹿児島県鹿児島市本名町1057-3","","","","","","","","","","","","","","","2340001000046","","","",""
"株式会社ふくしごと","2595452613972","","","","","","","812-0044","福岡県福岡市博多区千代一丁目20-14","","","","","","","","","","","","","","","7290001069124","","","",""
"株式会社ふくしま","3968000479141","","","","","","","690-0826","島根県松江市学園南一丁目20-32","","","","","","","","","","","","","","","1280001000615","","","",""
"有限会社福島商店","2400387242842","","","","","","","208-0034","東京都武蔵村山市残堀五丁目7-3","","","","","","","","","","","","","","","3012802004934","","","",""
"株式会社福島屋","3952865816745","","","","","","","205-0011","東京都羽村市五ノ神三丁目15-1","","","","","","","","","","","","","","","4013101000756","","","",""
"株式会社福助","6552105084581","","","","","","","130-0011","東京都墨田区石原三丁目21-6","","","","","","","","","","","","","","","7010601014399","","","",""
"株式会社福創","4455578380043","","","","","","","721-0973","広島県福山市南蔵王町三丁目9-32","","","","","","","","","","","","","","","5240001031866","","","",""
"有限会社福田商店","5846720820489","","","","","","","604-8402","京都府京都市中京区聚楽廻西町188-49","","","","","","","","","","","","","","","8130002017245","","","",""
"福田屋開発株式会社","6881513742081","","","","","","","320-0031","栃木県宇都宮市戸祭元町2-8","","","","","","","","","","","","","","","7060001003907","","","",""
"株式会社福田屋百貨店","5036643536237","","","","","","","320-0031","栃木県宇都宮市戸祭元町2-8","","","","","","","","","","","","","","","3060001003910","","","",""
"有限会社フクニシ","1542995940216","","","","","","","709-2331","岡山県加賀郡吉備中央町下加茂13-2","","","","","","","","","","","","","","","5260002011931","","","",""
"株式会社福原","1486206095007","","","","","","","080-2462","北海道帯広市西二十二条北一丁目13","","","","","","","","","","","","","","","6460101001481","","","",""
"有限会社ふくはら酒店","5616945954571","","","","","","","110-0016","東京都台東区台東三丁目6-8","","","","","","","","","","","","","","","2010502020749","","","",""
"有限会社富久松","2319486769844","","","","","","","721-0913","広島県福山市幕山台三丁目23-10","","","","","","","","","","","","","","","3240002042674","","","",""
"有限会社福松商店","1305244200988","","","","","","","471-0037","愛知県豊田市三軒町八丁目3","","","","","","","","","","","","","","","9180302023276","","","",""
"株式会社フクヤ","4015714729625","","","","","","","924-0057","石川県白山市松本町2512","","","","","","","","","","","","","","","7130001040579","","","",""
"株式会社福屋","8549167644035","","","","","","","730-0021","広島県広島市中区胡町6-26","","","","","","","","","","","","","","","3240001010310","","","",""
"福屋エージェンシー株式会社","6022876845739","","","","","","","730-0021","広島県広島市中区胡町6-26","","","","","","","","","","","","","","","1240001010312","","","",""
"福屋食品株式会社","4294881044095","","","","","","","791-3102","愛媛県伊予郡松前町大字北黒田680","","","","","","","","","","","","","","","6500001004927","","","",""
"株式会社フーコット","6719007631225","","","","","","","355-0321","埼玉県比企郡小川町大字小川460-1","","","","","","","","","","","","","","","4030001140524","","","",""
"株式会社伏木商店","7678749656504","","","","","","","644-0002","和歌山県御坊市薗520","","","","","","","","","","","","","","","5170001010159","","","",""
"株式会社フジ","7510635929349","","","","","","","732-0814","広島県広島市南区段原南一丁目3-52","","","","","","","","","","","","","","","9500001003505","","","",""
"株式会社藤井大丸","8559497706005","","","","","","","600-0000","京都府京都市下京区貞安前之町605","","","","","","","","","","","","","","","9130001018631","","","",""
"株式会社ふじうら","4652730430852","","","","","","","733-0011","広島県広島市西区横川町一丁目6-17","","","","","","","","","","","","","","","5260001010034","","","",""
"フジオカ株式会社","7987329991584","","","","","","","443-0057","愛知県蒲郡市中央本町29-21","","","","","","","","","","","","","","","8180301011274","","","",""
"株式会社藤越","4328529373375","","","","","","","980-0811","宮城県仙台市青葉区一番町二丁目4-18","","","","","","","","","","","","","","","6370001010039","","","",""
"株式会社藤小西","5183041929689","","","","","","","164-0011","東京都中野区中央二丁目2-9","","","","","","","","","","","","","","","2011201010487","","","",""
"富士コマース有限会社","6245494151444","","","","","","","414-0051","静岡県伊東市吉田320","","","","","","","","","","","","","","","4080102020356","","","",""
"株式会社藤崎","6937205404621","","","","","","","980-0811","宮城県仙台市青葉区一番町三丁目2-17","","","","","","","","","","","","","","","9370001010036","","","",""
"株式会社ふじさきファーマーズＬＡＢＯ","9129759830507","","","","","","","038-1216","青森県南津軽郡藤崎町大字榊和田65-8","","","","","","","","","","","","","","","5420001016023","","","",""
"有限会社藤崎冷蔵商会","5938901206443","","","","","","","038-3802","青森県南津軽郡藤崎町大字藤崎西村井94-8","","","","","","","","","","","","","","","8420002014683","","","",""
"株式会社フジサワ名店ビル","1894703056664","","","","","","","251-0055","神奈川県藤沢市南藤沢2-1-1","","","","","","","","","","","","","","","1021001002024","","","",""
"株式会社藤三","9394010615446","","","","","","","737-0125","広島県呉市広本町三丁目15-5","","","","","","","","","","","","","","","9240001026516","","","",""
"有限会社フジシヨウ正月屋商店","6694868255074","","","","","","","424-0806","静岡県静岡市清水区辻二丁目4-29","","","","","","","","","","","","","","","6080002011024","","","",""
"不二商事株式会社","2231893847331","2","3","2025/11/14","0","","https://topworld.jp/","572-0084","大阪府寝屋川市香里南之町27-8","072-831-7755","代表取締役","葉山　岳泰","卸売、小売","総合小売","","","200 ～ 300","10,000 ～ 50,000","10,000 ～ 30,000","2025/02","1958/01","1965/07","非公開","5120001148623","ショッピングセンター運営,スーパートップ,トップワールド,トップセンター,スーパーマーケット,大阪","キャッシュレス決済導入企業,キャンペーン実施企業,売上50億円以上,従業員500人以上,省エネ法対象業者","CPI,Google Cloud CDN,Google Fonts,Google アナリティクス,Google マップ,reCAPTCHA",""
"有限会社冨士食品","5499256837134","","","","","","","879-5102","大分県由布市湯布院町川上1527-1","","","","","","","","","","","","","","","4320002010184","","","",""
"有限会社藤白台プラザ","1606038107539","","","","","","","565-0873","大阪府吹田市藤白台二丁目9-1 B102号","","","","","","","","","","","","","","","6120902007604","","","",""
"有限会社藤仙","2089246364722","","","","","","","988-0271","宮城県気仙沼市本吉町野々下44-7","","","","","","","","","","","","","","","7370502000792","","","",""
"有限会社藤千商店","7307017320391","","","","","","","390-0875","長野県松本市城西二丁目1-27","","","","","","","","","","","","","","","6100002021318","","","",""
"藤田株式会社","3032534571453","","","","","","","601-8044","京都府京都市南区東九条明田町16","","","","","","","","","","","","","","","4130001011590","","","",""
"株式会社藤忠","8632367196379","","","","","","","240-0062","神奈川県横浜市保土ケ谷区岡沢町2-2","","","","","","","","","","","","","","","8020001010501","","","",""
"有限会社ふじとよ","8849963541768","","","","","","","676-0827","兵庫県高砂市阿弥陀町阿弥陀2021","","","","","","","","","","","","","","","5140002037311","","","",""
"株式会社フジ・トラベル・サービス","6116910695563","","","","","","","790-0065","愛媛県松山市宮西一丁目5-10 フジグラン松山別棟2F","","","","","","","","","","","","","","","5500001003541","","","",""
"有限会社藤牧商店","1562050370753","","","","","","","133-0052","東京都江戸川区東小岩一丁目5-3","","","","","","","","","","","","","","","1011702009806","","","",""
"株式会社藤巻商店","9601186355503","","","","","","","100-1511","東京都八丈町三根150","","","","","","","","","","","","","","","7010001131357","","","",""
"有限会社藤増ストアー","1633159275937","","","","","","","693-0033","島根県出雲市知井宮町973","","","","","","","","","","","","","","","2280002006775","","","",""
"株式会社フジマックス","5471569026044","","","","","","","238-0315","神奈川県横須賀市林一丁目1-1","","","","","","","","","","","","","","","8021001041032","","","",""
"株式会社富士マート","4981137266999","","","","","","","135-0014","東京都江東区石島13-11","","","","","","","","","","","","","","","2010601005956","","","",""
"株式会社フジマート","6952587172543","","","","","","","738-0053","広島県廿日市市阿品台三丁目2-1","","","","","","","","","","","","","","","4240001043458","","","",""
"株式会社フジマート四国","1653458718040","","","","","","","791-1104","愛媛県松山市北土居三丁目8-11","","","","","","","","","","","","","","","4500001018490","","","",""
"藤丸株式会社","4188934515371","","","","","","","080-0012","北海道帯広市西二条南八丁目14-3","","","","","","","","","","","","","","","8460101007304","","","",""
"有限会社ふじみや","1152396939051","","","","","","","754-1277","山口県山口市阿知須3321","","","","","","","","","","","","","","","7250002002681","","","",""
"株式会社ふじや","4954049936258","","","","","","","930-0031","富山県富山市住吉町一丁目2-14","","","","","","","","","","","","","","","5230001005945","","","",""
"株式会社富士屋","8619987632603","","","","","","","425-0091","静岡県焼津市八楠四丁目9-8","","","","","","","","","","","","","","","2080001015145","","","",""
"株式会社不二屋","3829702362493","","","","","","","486-0842","愛知県春日井市六軒屋町五丁目29 ナフコ春日井店2F","","","","","","","","","","","","","","","4180001018144","","","",""
"株式会社フージャースアセットファンディング","2068086085725","","","","","","","165-0024","東京都中野区松が丘一丁目33-15 アリススポーツクラブ4F","","","","","","","","","","","","","","","6010001174852","","","",""
"株式会社Ｆｕｊｉｙａ－Ｃｈａｈｏ","9078356306132","","","","","","","605-0862","京都府京都市東山区清水二丁目211","","","","","","","","","","","","","","","2130001024999","","","",""
"有限会社ふじやま","4835929822233","","","","","","","922-0242","石川県加賀市山代温泉19-96-1","","","","","","","","","","","","","","","5220002012768","","","",""
"有限会社フジワラ","9258176241735","","","","","","","790-0813","愛媛県松山市萱町二丁目6-6","","","","","","","","","","","","","","","5500002005818","","","",""
"有限会社フーズタツミ","9013539418718","","","","","","","673-0886","兵庫県明石市東仲ノ町1-3","","","","","","","","","","","","","","","7140002029562","","","",""
"株式会社フーズマーケットホック","9839017312879","","","","","","","692-0001","島根県安来市赤江町1448-1","","","","","","","","","","","","","","","4280001002451","","","",""
"株式会社フーズランド","7032273122854","","","","","","","761-8075","香川県高松市多肥下町1541-17","","","","","","","","","","","","","","","4470001003629","","","",""
"布施公設市場事業協同組合","2659538517225","","","","","","","577-0841","大阪府東大阪市足代一丁目15-13","","","","","","","","","","","","","","","6122005000486","","","",""
"双葉商事株式会社","4914028376457","","","","","","","237-0064","神奈川県横須賀市追浜町三丁目9","","","","","","","","","","","","","","","2021001042341","","","",""
"有限会社二葉商店","5297291429605","","","","","","","021-0021","岩手県一関市中央町一丁目2-10","","","","","","","","","","","","","","","7400502000599","","","",""
"株式会社フタバヤ","8856494339154","","","","","","","521-0072","滋賀県米原市顔戸1063-1","","","","","","","","","","","","","","","7160001007014","","","",""
"株式会社フードウェイ","2390638381187","","","","","","","814-0011","福岡県福岡市早良区高取一丁目2-22","","","","","","","","","","","","","","","8290001022338","","","",""
"有限会社フードサービスひがの","8705109567862","","","","","","","328-0053","栃木県栃木市片柳町二丁目4-35","","","","","","","","","","","","","","","2060002032579","","","",""
"有限会社フードショップいちはら","3996054002064","","","","","","","289-1726","千葉県山武郡横芝光町木戸1337-2","","","","","","","","","","","","","","","1040002083377","","","",""
"有限会社フードショップカトー","7581428895124","","","","","","","441-3605","愛知県田原市江比間町西砂畑6-1","","","","","","","","","","","","","","","8180302011034","","","",""
"有限会社フードショップ小木屋","6040958038697","","","","","","","519-0503","三重県伊勢市小俣町元町546","","","","","","","","","","","","","","","2190002009614","","","",""
"有限会社フードシヨツプコロナ","9184284465026","","","","","","","441-0204","愛知県豊川市赤坂台480-3","","","","","","","","","","","","","","","3180302013951","","","",""
"有限会社フードショップヒラヤマ","5156050609614","","","","","","","836-0096","福岡県大牟田市萩尾町一丁目305-2","","","","","","","","","","","","","","","8290002055691","","","",""
"有限会社フードセンターあおき","4274233139475","","","","","","","772-0014","徳島県鳴門市撫養町弁財天派名34-6","","","","","","","","","","","","","","","7480002010728","","","",""
"株式会社フードセンターいたくら","2537416973944","","","","","","","473-0902","愛知県豊田市大林町十二丁目6-18","","","","","","","","","","","","","","","5180301019106","","","",""
"有限会社フードセンター二幸","7513092514151","","","","","","","779-1101","徳島県阿南市羽ノ浦町中庄上ナカレ26-13","","","","","","","","","","","","","","","4480002013568","","","",""
"株式会社フードセンターはらだ","7391235625137","","","","","","","747-1111","山口県防府市大字富海2595","","","","","","","","","","","","","","","6250001002196","","","",""
"有限会社フードセンターワコー","4907083197279","","","","","","","981-3122","宮城県仙台市泉区加茂二丁目12-4","","","","","","","","","","","","","","","2370002001593","","","",""
"有限会社フードセンターわたなべ","8498640928901","","","","","","","277-0084","千葉県柏市新柏四丁目13-8","","","","","","","","","","","","","","","1040002091347","","","",""
"フードディスカバリー株式会社","7180736593235","","","","","","","104-0051","東京都中央区佃一丁目11-8 ピアウエストスクエア1F","","","","","","","","","","","","","","","7011001037115","","","",""
"フードネットリテール株式会社","1102710907785","","","","","","","564-0082","大阪府吹田市片山町三丁目32-3","","","","","","","","","","","","","","","2120001069153","","","",""
"フードライフデザイン株式会社","8908784738987","","","","","","","261-0023","千葉県千葉市美浜区中瀬一丁目3 幕張テクノガーデンB棟10階","","","","","","","","","","","","","","","2010001145527","","","",""
"株式会社フューチャージャパン","9643973317090","","","","","","","460-0008","愛知県名古屋市中区栄一丁目7-25","","","","","","","","","","","","","","","4180001057778","","","",""
"株式会社フライフィッシュ","2330895313015","","","","","","","557-0044","大阪府大阪市西成区玉出中一丁目11-17 アイセ玉出ビル","","","","","","","","","","","","","","","8120001212954","","","",""
"株式会社フライングドッグ","4313316336085","","","","","","","150-0001","東京都渋谷区神宮前二丁目21-1","","","","","","","","","","","","","","","7011001059365","","","",""
"Ｆｌａｇｓｈｉｐ　Ａ株式会社","8388061523179","","","","","","","980-0023","宮城県仙台市青葉区北目町2-3 306","","","","","","","","","","","","","","","6370001025557","","","",""
"合同会社フラット","9905671613385","","","","","","","243-0303","神奈川県愛甲郡愛川町中津5615-5","","","","","","","","","","","","","","","6021003004996","","","",""
"株式会社フラワーランド","1118738265154","","","","","","","259-1111","神奈川県伊勢原市西富岡774-1","","","","","","","","","","","","","","","8021001021380","","","",""
"フリジャパン株式会社","9445734996598","","","","","","","571-0011","大阪府門真市脇田町28-6","","","","","","","","","","","","","","","7120001195374","","","",""
"株式会社フリーダム","9581606561899","","","","","","","150-0001","東京都渋谷区神宮前六丁目23-4 桑野ビル2階","","","","","","","","","","","","","","","9011001048151","","","",""
"合資会社古内商店","4071891636527","","","","","","","979-2123","福島県南相馬市小高区大町一丁目34","","","","","","","","","","","","","","","9380003001560","","","",""
"株式会社ふるさと往来センター","3074410962350","","","","","","","101-0054","東京都千代田区神田錦町一丁目14-4","","","","","","","","","","","","","","","3010001028714","","","",""
"株式会社フルフィルメントＣＶＳ","4713231794081","","","","","","","106-0045","東京都港区麻布十番二丁目2-4","","","","","","","","","","","","","","","6010402033293","","","",""
"フルマインド株式会社","8217201212480","","","","","","","669-2728","兵庫県丹波篠山市西阪本576","","","","","","","","","","","","","","","3140001041836","","","",""
"株式会社フレイン","4090415318725","","","","","","","878-0025","大分県竹田市大字拝田原201-2","","","","","","","","","","","","","","","1320001009676","","","",""
"フレスコ株式会社","9575717936178","","","","","","","976-0042","福島県相馬市中村宇多川町17","","","","","","","","","","","","","","","6380001015813","","","",""
"株式会社フレスタ","1427592734566","","","","","","","733-0011","広島県広島市西区横川町三丁目2-36","","","","","","","","","","","","","","","3240001010566","","","",""
"有限会社フレック・フーズ","8943167915094","","","","","","","550-0027","大阪府大阪市西区九条二丁目26-6","","","","","","","","","","","","","","","7120002049455","","","",""
"有限会社フレツシユ","6219666673916","","","","","","","456-0036","愛知県名古屋市熱田区熱田西町1-17","","","","","","","","","","","","","","","7180002019262","","","",""
"株式会社フレッシュイイダ","2154445979308","","","","","","","289-2521","千葉県旭市ハ36-2","","","","","","","","","","","","","","","4040001061793","","","",""
"有限会社フレッシュ池田","9640141920097","","","","","","","386-1431","長野県上田市別所温泉68-4","","","","","","","","","","","","","","","5100002014685","","","",""
"株式会社フレッシュかどや","7196906957085","","","","","","","944-0037","新潟県妙高市学校町19-9","","","","","","","","","","","","","","","6110001020278","","","",""
"有限会社フレッシュきたの","2583938162535","","","","","","","656-0521","兵庫県南あわじ市潮美台一丁目11-9","","","","","","","","","","","","","","","1140002069894","","","",""
"株式会社フレッシュクロダ","5596738289693","","","","","","","981-8004","宮城県仙台市泉区旭丘堤一丁目24-11","","","","","","","","","","","","","","","6370001001112","","","",""
"有限会社フレッシュコア","8374533969803","","","","","","","661-0976","兵庫県尼崎市潮江一丁目20-21","","","","","","","","","","","","","","","5140002043739","","","",""
"フレッシュ新株式会社","6979829548309","","","","","","","769-1101","香川県三豊市詫間町詫間1373-2","","","","","","","","","","","","","","","3470001013298","","","",""
"株式会社フレッシュ・ジャパン","8888882787472","","","","","","","925-0447","石川県羽咋郡志賀町富来領家町イ23","","","","","","","","","","","","","","","1220001015742","","","",""
"株式会社フレッシュつちやま","9976451821413","","","","","","","799-3741","愛媛県宇和島市吉田町白浦210","","","","","","","","","","","","","","","3500001016999","","","",""
"有限会社フレッシュファクトリートミナガ","3448556566845","","","","","","","791-4501","愛媛県松山市中島大浦3061-2","","","","","","","","","","","","","","","4500002000043","","","",""
"株式会社フレッシュ・フィールド","8961883909792","","","","","","","657-0831","兵庫県神戸市灘区水道筋三丁目3-3","","","","","","","","","","","","","","","1140001028117","","","",""
"合資会社フレッシュふじや","7670623080586","","","","","","","389-0515","長野県東御市常田681","","","","","","","","","","","","","","","8100003001309","","","",""
"フレッシュフーズストアーキタカワ有限会社","2687849786816","","","","","","","927-0027","石川県鳳珠郡穴水町字川島ヨ2-6","","","","","","","","","","","","","","","4220002016027","","","",""
"協同組合フレッシュプラザナルハマ","1842428699297","","","","","","","457-0806","愛知県名古屋市南区鳴浜町五丁目6","","","","","","","","","","","","","","","1180005004226","","","",""
"有限会社フレッシュポイント","4323069091883","","","","","","","357-0014","埼玉県飯能市大字平松株木72-2","","","","","","","","","","","","","","","7030002119795","","","",""
"株式会社フレッシュ・マツヤ","5612651224078","","","","","","","952-0318","新潟県佐渡市真野新町469","","","","","","","","","","","","","","","2110001027681","","","",""
"有限会社フレッシュマートまつだ","6025688878018","","","","","","","311-3423","茨城県小美玉市小川38-6","","","","","","","","","","","","","","","9050002015883","","","",""
"有限会社フレッシュマートマルエー","4912023857310","","","","","","","086-1121","北海道標津郡中標津町西一条北二丁目1","","","","","","","","","","","","","","","1462502000637","","","",""
"株式会社フレッシュまるゆ","4055321477055","","","","","","","967-0004","福島県南会津郡南会津町田島東町甲2863-1","","","","","","","","","","","","","","","1380001019208","","","",""
"有限会社フレッシュミート","3161176809318","","","","","","","894-0031","鹿児島県奄美市名瀬金久町12-9","","","","","","","","","","","","","","","8340002021275","","","",""
"有限会社フレッシュミネサキ","3562713284650","","","","","","","893-0022","鹿児島県鹿屋市旭原町3591-6","","","","","","","","","","","","","","","4340002026344","","","",""
"株式会社フレッシュ・ワン","4925364636151","","","","","","","942-0072","新潟県上越市栄町二丁目2-21","","","","","","","","","","","","","","","9110001019375","","","",""
"有限会社フレッシュワンタクボ","4004622736876","","","","","","","275-0017","千葉県習志野市藤崎二丁目9-20","","","","","","","","","","","","","","","1040002018944","","","",""
"株式会社フレッセイ","8738133569346","","","","","","","379-2134","群馬県前橋市力丸町491-1","","","","","","","","","","","","","","","4070001002844","","","",""
"株式会社フレンド","8822586555182","","","","","","","233-0013","神奈川県横浜市港南区丸山台四丁目8-19","","","","","","","","","","","","","","","8020001004420","","","",""
"株式会社フレンドエイ","5788994406792","","","","","","","437-1122","静岡県袋井市浅岡425","","","","","","","","","","","","","","","4080401017409","","","",""
"フレンド・フーズ有限会社","5903303900555","","","","","","","606-0831","京都府京都市左京区下鴨北園町10-6","","","","","","","","","","","","","","","7130002006075","","","",""
"株式会社フレンドリー","3770259590771","","","","","","","253-0083","神奈川県茅ヶ崎市西久保673-16 ウエストヴィラA102号室","","","","","","","","","","","","","","","5021001056768","","","",""
"フロックス株式会社","7833072603125","","","","","","","063-0039","北海道札幌市西区西野九条六丁目1-20","","","","","","","","","","","","","","","3430001065839","","","",""
"フロレゾン株式会社","6756844451667","","","","","","","264-0021","千葉県千葉市若葉区若松町447-18","","","","","","","","","","","","","","","6040001093059","","","",""
"株式会社フロンティアロード","1801075819335","","","","","","","121-0836","東京都足立区入谷七丁目1-15","","","","","","","","","","","","","","","9011801011721","","","",""
"株式会社ＶＯＬ","8418524091409","","","","","","","438-0804","静岡県磐田市加茂899-9","","","","","","","","","","","","","","","5080401022985","","","",""
"有限会社ブイマート","2844394489364","","","","","","","842-0007","佐賀県神埼市神埼町鶴1997-6","","","","","","","","","","","","","","","6300002004145","","","",""
"株式会社ブイワン","1133583351723","","","","","","","963-8803","福島県郡山市横塚二丁目22-29","","","","","","","","","","","","","","","7380001006340","","","",""
"株式会社ブシュロン","6436036082985","","","","","","","677-0063","兵庫県西脇市平野町302","","","","","","","","","","","","","","","6140001082373","","","",""
"株式会社ブシュロン東日本","4466966819260","","","","","","","677-0063","兵庫県西脇市平野町302","","","","","","","","","","","","","","","3030001018630","","","",""
"株式会社ブックモールジャパン","3660156741763","","","","","","","335-0022","埼玉県戸田市上戸田四丁目2-33 日教販戸田センター内","","","","","","","","","","","","","","","7010001074647","","","",""
"株式会社ブラット","8869592352351","","","","","","","960-8253","福島県福島市泉清水内1","","","","","","","","","","","","","","","1380001004300","","","",""
"有限会社ブランドシップ","8885934808563","","","","","","","279-0014","千葉県浦安市明海五丁目7 A-410号パークシティ東京ベイ新浦安Sol","","","","","","","","","","","","","","","5040002042486","","","",""
"株式会社Ｂｌｕｅｐｒｉｎｔ","4216641608080","","","","","","","560-0021","大阪府豊中市本町四丁目1-24 イズミ豊中本町ビル1F","","","","","","","","","","","","","","","3120901027589","","","",""
"株式会社ブルーミング","8294013413210","","","","","","","443-0105","愛知県蒲郡市西浦町上堂前6-3","","","","","","","","","","","","","","","4180301028611","","","",""
"株式会社ブルーム","4654820849509","","","","","","","150-0013","東京都渋谷区恵比寿一丁目8-11 スカイエビスビル3F","","","","","","","","","","","","","","","3011001043141","","","",""
"株式会社ブルームテック","5512326940587","","","","","","","002-0856","北海道札幌市北区屯田六条一丁目9-35 502号","","","","","","","","","","","","","","","5430001033918","","","",""
"有限会社ブルーモータース","4667511491516","","","","","","","144-0034","東京都大田区西糀谷三丁目20-4","","","","","","","","","","","","","","","4010802017807","","","",""
"有限会社文化","7395542248828","","","","","","","353-0001","埼玉県志木市上宗岡一丁目3-7","","","","","","","","","","","","","","","6030002060265","","","",""
"有限会社文化商店","5235902001766","","","","","","","381-0401","長野県下高井郡山ノ内町大字平穏2946","","","","","","","","","","","","","","","8100002018675","","","",""
"株式会社文化堂","9171851223507","","","","","","","142-0043","東京都品川区二葉四丁目2-14","","","","","","","","","","","","","","","3010701008610","","","",""
"株式会社ブンテン","2360197461489","","","","","","","043-0104","北海道爾志郡乙部町字館浦490-1","","","","","","","","","","","","","","","8440001006507","","","",""
"合名会社文友堂","4405668840489","","","","","","","860-0845","熊本県熊本市中央区上通町7-9","","","","","","","","","","","","","","","9330003001160","","","",""
"有限会社プラザタケイ","3601865686474","","","","","","","321-0915","栃木県宇都宮市東刑部町1592-2","","","","","","","","","","","","","","","7060002007980","","","",""
"株式会社プラザ・ダイヤス","4666192314002","","","","","","","929-2121","石川県七尾市田鶴浜町ぬ部22","","","","","","","","","","","","","","","3220001015617","","","",""
"株式会社プラザトキワ","3731512523135","","","","","","","176-0001","東京都練馬区練馬一丁目1-10","","","","","","","","","","","","","","","8011601006121","","","",""
"株式会社プラザハウス","5761381868182","","","","","","","904-0023","沖縄県沖縄市久保田三丁目1-12","","","","","","","","","","","","","","","6360001007382","","","",""
"株式会社プラスアクト","6232471659235","","","","","","","164-0001","東京都中野区中野三丁目31-8 Nスクエアビル3階","","","","","","","","","","","","","","","1011401018918","","","",""
"有限会社プラスアルファ","8607112007474","","","","","","","703-8275","岡山県岡山市中区門田屋敷四丁目1-15","","","","","","","","","","","","","","","6260002013662","","","",""
"Ｐｌｕｓインターナショナル株式会社","6571696589740","","","","","","","761-8004","香川県高松市中山町261-1","","","","","","","","","","","","","","","8470001016040","","","",""
"プラススタディラボ株式会社","6386519439767","","","","","","","169-0073","東京都新宿区百人町二丁目24-12","","","","","","","","","","","","","","","1011101060988","","","",""
"株式会社プラスの木","7464165279849","","","","","","","456-0033","愛知県名古屋市熱田区花表町三丁目28","","","","","","","","","","","","","","","5180001068675","","","",""
"ＰｌｕｓＢｏｎＢｕｏｎｏ株式会社","8866618169346","","","","","","","104-0061","東京都中央区銀座七丁目13-6 サガミビル2階","","","","","","","","","","","","","","","4080101018599","","","",""
"株式会社プラスロボ","7453956369746","","","","","","","106-0031","東京都港区西麻布四丁目11-2 406","","","","","","","","","","","","","","","7011403002039","","","",""
"プラスロン化粧品株式会社","5743430717605","","","","","","","104-0061","東京都中央区銀座一丁目19-3 銀座ウイステーリアビル4F","","","","","","","","","","","","","","","3010001112303","","","",""
"株式会社プラスワン","3466071667531","","","","","","","400-0601","山梨県南巨摩郡富士川町鰍沢1818","","","","","","","","","","","","","","","1090001012381","","","",""
"プラスワンケアサポート株式会社","7892302141584","","","","","","","666-0033","兵庫県川西市栄町25-1 アステ川西5階","","","","","","","","","","","","","","","7140001079633","","","",""
"株式会社プラスワンショップ","6785513636440","","","","","","","300-0038","茨城県土浦市大町5-19","","","","","","","","","","","","","","","1011501008595","","","",""
"株式会社プラデス・マルトミ","1362437024680","","","","","","","583-0861","大阪府羽曳野市西浦三丁目920-1","","","","","","","","","","","","","","","8120101033342","","","",""
"プラト株式会社","4990840799731","","","","","","","150-0043","東京都渋谷区道玄坂一丁目10-8 渋谷道玄坂東急ビル2F-C","","","","","","","","","","","","","","","5011001066396","","","",""
"株式会社プラモール精工大阪","7089752772834","","","","","","","560-0085","大阪府豊中市上新田一丁目1-1 402号","","","","","","","","","","","","","","","5120901032281","","","",""
"株式会社プランテタカギ","3070117303603","","","","","","","133-0056","東京都江戸川区南小岩四丁目9-7","","","","","","","","","","","","","","","7011701015444","","","",""
"株式会社ＰＬＡＮＴ","1829482415590","","","","","","","919-0521","福井県坂井市坂井町下新庄15-8-1","","","","","","","","","","","","","","","5210001007068","","","",""
"有限会社プリーズ","6468830187619","","","","","","","583-0886","大阪府羽曳野市恵我之荘五丁目2-11","","","","","","","","","","","","","","","3120102018322","","","",""
"株式会社プリズム","3139121406840","","","","","","","460-0021","愛知県名古屋市中区平和二丁目16-22","","","","","","","","","","","","","","","2180001071566","","","",""
"株式会社プリムール","9233911052261","","","","","","","793-0023","愛媛県西条市明屋敷106","","","","","","","","","","","","","","","2500001013634","","","",""
"有限会社プリメーラ","6334792935524","","","","","","","360-0835","埼玉県熊谷市大麻生490","","","","","","","","","","","","","","","5030002114138","","","",""
"株式会社プリモジャパン","8532072637768","","","","","","","272-0021","千葉県市川市八幡一丁目11-13","","","","","","","","","","","","","","","5011801021294","","","",""
"株式会社プレイグラフ社","6417895840737","","","","","","","110-0015","東京都台東区東上野二丁目11-1","","","","","","","","","","","","","","","9010501031105","","","",""
"株式会社プレソナ","7307597887393","","","","","","","102-0072","東京都千代田区飯田橋三丁目6-6","","","","","","","","","","","","","","","6010001084894","","","",""
"株式会社プログレス","7633727842840","","","","","","","231-0048","神奈川県横浜市中区蓬萊町一丁目1-8 806","","","","","","","","","","","","","","","7020001049037","","","",""
"株式会社プロシードワン","6048011861713","","","","","","","168-0082","東京都杉並区久我山五丁目31-19","","","","","","","","","","","","","","","6011301015192","","","",""
"プロモットコーポレーション株式会社","4167830305589","","","","","","","700-0926","岡山県岡山市北区西古松西町5-6 岡山新都市ビル3階","","","","","","","","","","","","","","","5120001164298","","","",""
"株式会社平安堂","5076411580633","","","","","","","102-0074","東京都千代田区九段南二丁目3-25","","","","","","","","","","","","","","","8010001028734","","","",""
"株式会社へいあんファミリー","7935363406550","","","","","","","740-0018","山口県岩国市麻里布町四丁目8-8","","","","","","","","","","","","","","","1250001011433","","","",""
"平成商事株式会社","8915669490402","","","","","","","813-0023","福岡県福岡市東区蒲田二丁目28-3","","","","","","","","","","","","","","","4290001004034","","","",""
"平和エンジニアリング株式会社","6841013125599","","","","","","","388-8020","長野県長野市神明12-1","","","","","","","","","","","","","","","5100001003086","","","",""
"株式会社平和堂","3662493974022","","","","","","","522-0054","滋賀県彦根市西今町1","","","","","","","","","","","","","","","3160001008726","","","",""
"株式会社ヘルシーメイト","1737922369046","","","","","","","444-0833","愛知県岡崎市柱曙一丁目10-11","","","","","","","","","","","","","","","5180301002854","","","",""
"株式会社ヘルプ","9597515361069","","","","","","","606-8185","京都府京都市左京区一乗寺高槻町10-1","","","","","","","","","","","","","","","9130001007254","","","",""
"株式会社ベァーズアリタ","8926218477553","","","","","","","123-0841","東京都足立区西新井七丁目13-11","","","","","","","","","","","","","","","2011801011752","","","",""
"株式会社Ｂｅａｔｏ－ｇｂ","8715843604061","","","","","","","732-0822","広島県広島市南区松原町3-2 4108号","","","","","","","","","","","","","","","8240001027036","","","",""
"株式会社Ｂａｅ＆Ｃｏｍｐａｎｙ","3835376628264","","","","","","","183-0014","東京都府中市是政三丁目35-106","","","","","","","","","","","","","","","2010401134914","","","",""
"株式会社ベイシア","8841555091961","","","","","","","379-2147","群馬県前橋市亀里町900","","","","","","","","","","","","","","","3070001004866","","","",""
"株式会社ベイブリッジ横浜コーポレーション","3578657625121","","","","","","","232-0066","神奈川県横浜市南区六ツ川二丁目79-17","","","","","","","","","","","","","","","8020001010534","","","",""
"有限会社ベイロードヨコハマ","5405471444544","","","","","","","226-0015","神奈川県横浜市緑区三保町2662-32","","","","","","","","","","","","","","","9020002050768","","","",""
"株式会社ベーシックリビング","8583896458241","","","","","","","816-0954","福岡県大野城市紫台16-6 パセオ南ヶ丘1F1001","","","","","","","","","","","","","","","9290001071037","","","",""
"株式会社ベジブル","1257615910734","","","","","","","485-0082","愛知県小牧市大字村中1265","","","","","","","","","","","","","","","4180001149435","","","",""
"株式会社ベース","1993650778834","","","","","","","173-0005","東京都板橋区仲宿62-2 コンフォリア板橋仲宿507号室","","","","","","","","","","","","","","","2011801031288","","","",""
"株式会社ベスト","6399392851775","","","","","","","029-0803","岩手県一関市千厩町千厩古ケ口88","","","","","","","","","","","","","","","5400501000544","","","",""
"ベストプロフォース株式会社","8687992349947","","","","","","","160-0023","東京都新宿区西新宿一丁目18-2 晴花ビル6F","","","","","","","","","","","","","","","4011101085685","","","",""
"株式会社ベストマーケティング","7175486945276","","","","","","","437-0045","静岡県袋井市彦島6-2","","","","","","","","","","","","","","","2080401022096","","","",""
"有限会社ベストワン","5438457794297","","","","","","","123-0862","東京都足立区皿沼一丁目10-6","","","","","","","","","","","","","","","9011802018253","","","",""
"有限会社ベースネット","9644085800127","","","","","","","963-8033","福島県郡山市亀田一丁目49-21","","","","","","","","","","","","","","","5380002014212","","","",""
"株式会社ベターフーズ","4854147286134","","","","","","","551-0012","大阪府大阪市大正区平尾四丁目13-19","","","","","","","","","","","","","","","8150001010918","","","",""
"株式会社ベッセル","4215975807919","","","","","","","537-0001","大阪府大阪市東成区深江北二丁目17-25","","","","","","","","","","","","","","","7120001016167","","","",""
"有限会社別大設備","1294192085703","","","","","","","874-0000","大分県別府市大字鉄輪730-3","","","","","","","","","","","","","","","5320002012386","","","",""
"株式会社ベニイ","3313429342329","","","","","","","935-0015","富山県氷見市伊勢大町一丁目8-8","","","","","","","","","","","","","","","3080401015099","","","",""
"有限会社紅屋","2793166390919","","","","","","","100-0101","東京都大島町元町一丁目13-8","","","","","","","","","","","","","","","9010002052492","","","",""
"紅屋商事株式会社","6078446378952","","","","","","","038-0003","青森県青森市大字石江三好130-1 カブセンター西青森店2階","","","","","","","","","","","","","","","7420001001915","","","",""
"株式会社ベネフィット・ワン","3285183894893","","","","","","","160-0023","東京都新宿区西新宿三丁目7-1 新宿パークタワー37階","","","","","","","","","","","","","","","8011001045281","","","",""
"ベネレイト株式会社","7398154243317","","","","","","","154-0004","東京都世田谷区太子堂五丁目35-7","","","","","","","","","","","","","","","8010901029609","","","",""
"株式会社ベル","2310405800540","","","","","","","699-0406","島根県松江市宍道町佐々布208-35","","","","","","","","","","","","","","","3280001002353","","","",""
"有限会社ベルウッド・ミユキ","1739559674588","","","","","","","177-0032","東京都練馬区谷原六丁目5-1","","","","","","","","","","","","","","","2011602020762","","","",""
"株式会社ベルク","4631344735493","","","","","","","350-2213","埼玉県鶴ヶ島市大字脚折1646","","","","","","","","","","","","","","","8030001085963","","","",""
"有限会社ベル工房アルファ","7356313564755","","","","","","","179-0073","東京都練馬区田柄一丁目8-31","","","","","","","","","","","","","","","3011602020522","","","",""
"株式会社ベルジョイス","3298034360709","","","","","","","020-0824","岩手県盛岡市東安庭二丁目1-30","","","","","","","","","","","","","","","1400001000791","","","",""
"株式会社ベルテック","7492242956513","","","","","","","531-0072","大阪府大阪市北区豊崎三丁目19-3 ピアスタワー4階","","","","","","","","","","","","","","","4120001104395","","","",""
"株式会社ベルーナ","4606827713093","","","","","","","362-0036","埼玉県上尾市宮本町4-2","","","","","","","","","","","","","","","5030001041663","","","",""
"株式会社ベルナ","8281675424293","","","","","","","304-0063","茨城県下妻市小野子町二丁目71","","","","","","","","","","","","","","","2050001013325","","","",""
"株式会社ベルネージュダイレクト","7903496099640","","","","","","","102-0076","東京都千代田区五番町10-2","","","","","","","","","","","","","","","6010001063832","","","",""
"株式会社ベルファ","3834890275977","","","","","","","530-0002","大阪府大阪市北区曾根崎新地二丁目5-3","","","","","","","","","","","","","","","2120001105486","","","",""
"株式会社ベルマートいいだ","4180074003124","","","","","","","625-0021","京都府舞鶴市字安岡小字中山1003","","","","","","","","","","","","","","","6130001043632","","","",""
"株式会社ベルワイズ","7039495177340","","","","","","","210-0015","神奈川県川崎市川崎区南町18-3 KJビル5階A号室","","","","","","","","","","","","","","","2020001084179","","","",""
"株式会社ベレッシュ","5786614348538","","","","","","","963-8053","福島県郡山市八山田西一丁目155","","","","","","","","","","","","","","","8380001020274","","","",""
"ベンリーナ有限会社","9602867510179","","","","","","","214-0038","神奈川県川崎市多摩区生田一丁目7-12","","","","","","","","","","","","","","","5020002105996","","","",""
"ペアシティ三原共有床運営株式会社","5782903786655","","","","","","","723-0014","広島県三原市城町一丁目2-1","","","","","","","","","","","","","","","1240001040012","","","",""
"株式会社ペー・ジェー・セー・デー・ジャパン","1199655686201","","","","","","","107-0062","東京都港区南青山七丁目4-2","","","","","","","","","","","","","","","7010401099310","","","",""
"株式会社ＰＥＴＮＥＸＴ","4243092570871","","","","","","","104-0033","東京都中央区新川二丁目20-5 NEOビル4F","","","","","","","","","","","","","","","2010001093040","","","",""
"有限会社ペルシャン・セレクト","1083175159728","","","","","","","114-0012","東京都北区田端新町一丁目30-4 グランドオーク1F","","","","","","","","","","","","","","","9011502005337","","","",""
"株式会社宝永堂友の会","3716177760715","","","","","","","194-0013","東京都町田市原町田六丁目1-17","","","","","","","","","","","","","","","8012301002344","","","",""
"株式会社豊月","8945040668539","","","","","","","053-0815","北海道苫小牧市永福町一丁目1-17","","","","","","","","","","","","","","","7430001048641","","","",""
"有限会社邦幸","8624381169622","","","","","","","196-0033","東京都昭島市東町一丁目14-8","","","","","","","","","","","","","","","3012802007425","","","",""
"株式会社保谷丸正食品","1625027208143","","","","","","","202-0004","東京都西東京市下保谷四丁目13-9","","","","","","","","","","","","","","","3011601013709","","","",""
"有限会社宝立スーパー","8653690686349","","","","","","","927-1222","石川県珠洲市宝立町鵜飼卯字64-1","","","","","","","","","","","","","","","6220002016181","","","",""
"豊栄薬品商事有限会社","5561899730292","","","","","","","440-0066","愛知県豊橋市東田町10-4","","","","","","","","","","","","","","","7180302009616","","","",""
"北辰商事株式会社","8382040578856","","","","","","","338-0821","埼玉県さいたま市桜区山久保一丁目11-1","","","","","","","","","","","","","","","9012401011830","","","",""
"有限会社ホクセイギフトセンター","4803468202963","","","","","","","511-0944","三重県桑名市大字芳ケ崎1289","","","","","","","","","","","","","","","5190002017804","","","",""
"株式会社ホクノー","3610437853267","","","","","","","004-0014","北海道札幌市厚別区もみじ台北七丁目1-2","","","","","","","","","","","","","","","3430001015059","","","",""
"株式会社北雄プランニング","6876213748921","","","","","","","079-8442","北海道旭川市流通団地二条三丁目43","","","","","","","","","","","","","","","7450001002761","","","",""
"北雄ラッキー株式会社","4629378296895","","","","","","","006-0851","北海道札幌市手稲区星置一条二丁目1-1","","","","","","","","","","","","","","","4430001015181","","","",""
"株式会社ホクレン商事","5744714925123","","","","","","","060-0807","北海道札幌市北区北七条西一丁目2-6","","","","","","","","","","","","","","","1430001015597","","","",""
"星川林材工業株式会社","7175431103399","","","","","","","799-0101","愛媛県四国中央市川之江町1921-4","","","","","","","","","","","","","","","4500001014770","","","",""
"有限会社星久喜中央ストアー","2999853530610","","","","","","","260-0808","千葉県千葉市中央区星久喜町577-1","","","","","","","","","","","","","","","5040002010534","","","",""
"有限会社星野商店","7117998388294","","","","","","","210-0023","神奈川県川崎市川崎区小川町18-17","","","","","","","","","","","","","","","5020002099066","","","",""
"有限会社星野水産","1160722127981","","","","","","","078-3701","北海道苫前郡苫前町字苫前48-4","","","","","","","","","","","","","","","9450002012287","","","",""
"有限会社ほそおか食品","6190931480388","","","","","","","670-0009","兵庫県姫路市鍵町34","","","","","","","","","","","","","","","1140002050805","","","",""
"細田商事株式会社","5204665469030","","","","","","","920-0997","石川県金沢市竪町24","","","","","","","","","","","","","","","8220001006124","","","",""
"株式会社北海道ダイコク","5998127673698","","","","","","","542-0071","大阪府大阪市中央区道頓堀二丁目2-1","","","","","","","","","","","","","","","3120001183399","","","",""
"株式会社北海道大地","7330593995457","","","","","","","105-0021","東京都港区東新橋二丁目10-10 東新橋ビル406","","","","","","","","","","","","","","","5010401154323","","","",""
"株式会社ホビーリンク・ジャパン","4891126922767","","","","","","","327-0813","栃木県佐野市黒袴町162-1","","","","","","","","","","","","","","","9060001021304","","","",""
"Ｈｏｍｅ＆Ｋｉｔｃｈｅｎ株式会社","4493434285604","","","","","","","156-0056","東京都世田谷区八幡山一丁目2-15 702号","","","","","","","","","","","","","","","6010901040443","","","",""
"株式会社ホームショッピング","6838982973517","","","","","","","007-0847","北海道札幌市東区北四十七条東七丁目1-53","","","","","","","","","","","","","","","2430001014532","","","",""
"有限会社ホームズ建工","6268441307607","","","","","","","480-0135","愛知県丹羽郡大口町御供所二丁目178","","","","","","","","","","","","","","","6180002075190","","","",""
"株式会社ホームセンターアグロ","2014565677525","","","","","","","671-1500","兵庫県揖保郡太子町老原市川原39","","","","","","","","","","","","","","","7140001039166","","","",""
"有限会社ホームセンターエース","1326781088735","","","","","","","771-1402","徳島県阿波市吉野町西条東大竹84-1","","","","","","","","","","","","","","","6480002009589","","","",""
"株式会社ホームセンター・セブン","4697502183872","","","","","","","879-0471","大分県宇佐市大字四日市1127-1","","","","","","","","","","","","","","","8320001007715","","","",""
"有限会社ホームセンター都留","8547036361578","","","","","","","803-0186","福岡県北九州市小倉南区大字新道寺742-3","","","","","","","","","","","","","","","7290802005830","","","",""
"株式会社ホームセンターテヅカ","6731392978304","","","","","","","850-0874","長崎県長崎市魚の町7-20","","","","","","","","","","","","","","","6310001013765","","","",""
"有限会社ホリコシコーポレーション","1221712453721","","","","","","","166-0004","東京都杉並区阿佐谷南一丁目13-17","","","","","","","","","","","","","","","9011302011130","","","",""
"有限会社ホリタ","7226750800041","","","","","","","819-0167","福岡県福岡市西区今宿二丁目6-22 102号","","","","","","","","","","","","","","","3290002023579","","","",""
"株式会社堀文","3112031783641","","","","","","","114-0002","東京都北区王子二丁目13-9","","","","","","","","","","","","","","","7011501004309","","","",""
"株式会社ホロンシステム","9927029525297","","","","","","","102-0075","東京都千代田区三番町8-1 三番町東急ビル2階","","","","","","","","","","","","","","","5010001101502","","","",""
"株式会社ホワイト舎","4354564538146","","","","","","","731-0521","広島県安芸高田市吉田町常友364","","","","","","","","","","","","","","","3240001024822","","","",""
"株式会社本荘消費","1146151543634","","","","","","","015-0809","秋田県由利本荘市本荘27","","","","","","","","","","","","","","","6410001004911","","","",""
"有限会社本田ストアー","2398740440563","","","","","","","923-0841","石川県小松市本江町ホ1","","","","","","","","","","","","","","","3220002011144","","","",""
"株式会社ほんの木","6146805806671","","","","","","","101-0054","東京都千代田区神田錦町二丁目9-1 斉藤ビル3階","","","","","","","","","","","","","","","1010001029284","","","",""
"有限会社本野ショッピングセンター","2860460736941","","","","","","","442-0062","愛知県豊川市本野町東浦26","","","","","","","","","","","","","","","5180302014007","","","",""
"株式会社ほんの情報社","4516109982743","","","","","","","182-0023","東京都調布市染地三丁目1","","","","","","","","","","","","","","","8012401005239","","","",""
"株式会社本間商事","8663238820625","","","","","","","950-1123","新潟県新潟市西区黒鳥2106","","","","","","","","","","","","","","","8110001010533","","","",""
"本間物産株式会社","4521290105111","","","","","","","999-8438","山形県飽海郡遊佐町比子白木23-362","","","","","","","","","","","","","","","1390001006551","","","",""
"株式会社本峰商店","9302554284806","","","","","","","531-0072","大阪府大阪市北区豊崎一丁目7-19","","","","","","","","","","","","","","","3120001070424","","","",""
"株式会社本目浅吉商店","1806850040785","","","","","","","420-0011","静岡県静岡市葵区安西三丁目65","","","","","","","","","","","","","","","8080001004753","","","",""
"有限会社防犯機器サービス","8150509493186","","","","","","","105-0001","東京都港区虎ノ門三丁目16-9","","","","","","","","","","","","","","","3010402024510","","","",""
"株式会社牧歌コーポレーション","2539724303089","","","","","","","501-5302","岐阜県郡上市高鷲町鷲見2756-2","","","","","","","","","","","","","","","8200001030002","","","",""
"有限会社ボーマルネット","3327882649496","","","","","","","049-2301","北海道茅部郡森町字尾白内町109-5","","","","","","","","","","","","","","","4440002009470","","","",""
"株式会社ボンマルシェ","5922730282313","","","","","","","167-0023","東京都杉並区上井草一丁目24-17","","","","","","","","","","","","","","","2011301006542","","","",""
"合同会社ポケット","3075336915460","","","","","","","599-0212","大阪府阪南市自然田466-24","","","","","","","","","","","","","","","7120003007164","","","",""
"有限会社ポップ・ワン","3113914866643","","","","","","","896-1201","鹿児島県薩摩川内市上甑町中甑300","","","","","","","","","","","","","","","3340002017658","","","",""
"株式会社ポートサイドリカー","7767706008158","","","","","","","221-0035","神奈川県横浜市神奈川区星野町8-3","","","","","","","","","","","","","","","4020001030619","","","",""
"ぽぴあ仕事カンパニー株式会社","9728741318278","","","","","","","299-0243","千葉県袖ケ浦市蔵波2674-2","","","","","","","","","","","","","","","8040001053176","","","",""
"株式会社ポプラ","7421078779390","","","","","","","731-3362","広島県広島市安佐北区安佐町大字久地665-1","","","","","","","","","","","","","","","9240001010841","","","",""
"有限会社ＰＯＬＡＲＩＳ","8457433025852","","","","","","","216-0033","神奈川県川崎市宮前区宮崎二丁目3-11","","","","","","","","","","","","","","","8020002103948","","","",""
"ポリッシュアート株式会社","3230700683696","","","","","","","246-0014","神奈川県横浜市瀬谷区中央1-11 ガーデンスクエアカマタ201","","","","","","","","","","","","","","","5020001044650","","","",""
"株式会社ポンドアップ","6253808057917","","","","","","","169-0073","東京都新宿区百人町一丁目20-26","","","","","","","","","","","","","","","8011101084114","","","",""
"株式会社ぽんぽこらんど","4788733013212","","","","","","","794-2410","愛媛県越智郡上島町岩城1412","","","","","","","","","","","","","","","3500001016388","","","",""
"マイオーガニック株式会社","4741205121813","","","","","","","337-0024","埼玉県さいたま市見沼区大字片柳864-1","","","","","","","","","","","","","","","1030001034555","","","",""
"有限会社マイショップすぎた","2649907663858","","","","","","","355-0002","埼玉県東松山市大字東平1891-3","","","","","","","","","","","","","","","4030002096344","","","",""
"マイセル株式会社","5975451487415","","","","","","","566-0001","大阪府摂津市千里丘一丁目12-27","","","","","","","","","","","","","","","8120901010029","","","",""
"株式会社まいづる百貨店","1922734338845","","","","","","","847-0034","佐賀県唐津市中原2905-5","","","","","","","","","","","","","","","4300001007340","","","",""
"マイド商会株式会社","8220590060243","","","","","","","437-0065","静岡県袋井市堀越三丁目13-1","","","","","","","","","","","","","","","2080401017550","","","",""
"まいど屋株式会社","1006516799762","","","","","","","332-0031","埼玉県川口市青木二丁目12-26","","","","","","","","","","","","","","","3030001079771","","","",""
"有限会社マイハンズアオキ","5727271993546","","","","","","","257-0003","神奈川県秦野市南矢名433-1","","","","","","","","","","","","","","","4021002038659","","","",""
"まいばすけっと株式会社","3925132319146","","","","","","","261-0023","千葉県千葉市美浜区中瀬一丁目5-1","","","","","","","","","","","","","","","1040001064592","","","",""
"有限会社マイビジョン","9970764577115","","","","","","","484-0073","愛知県犬山市天神町一丁目1","","","","","","","","","","","","","","","8180002074546","","","",""
"株式会社マイ・マート","5964250693549","","","","","","","656-0101","兵庫県洲本市納85-1","","","","","","","","","","","","","","","3140001084587","","","",""
"有限会社マイ・マート","2535379334732","","","","","","","868-0025","熊本県人吉市瓦屋町1711-1","","","","","","","","","","","","","","","1330002030523","","","",""
"株式会社マイヤ","1268558711009","","","","","","","022-0003","岩手県大船渡市盛町木町14-5","","","","","","","","","","","","","","","2402701000203","","","",""
"株式会社マイライス","3426682408767","","","","","","","606-8102","京都府京都市左京区高野清水町129-3","","","","","","","","","","","","","","","2130001007302","","","",""
"有限会社マイライフ","4502316734385","","","","","","","682-0036","鳥取県倉吉市虹ケ丘町47","","","","","","","","","","","","","","","2270002010836","","","",""
"有限会社前商店","2596492235289","","","","","","","259-1306","神奈川県秦野市戸川169","","","","","","","","","","","","","","","3021002038701","","","",""
"株式会社マエダ","8744293384207","","","","","","","030-0113","青森県青森市第二問屋町四丁目3-5","","","","","","","","","","","","","","","8420001012481","","","",""
"有限会社前田商店","1882413531983","","","","","","","719-1112","岡山県総社市窪木889-3","","","","","","","","","","","","","","","1260002024012","","","",""
"有限会社マエダシヨウテン","2350007051701","","","","","","","413-0303","静岡県賀茂郡東伊豆町片瀬557-8","","","","","","","","","","","","","","","6080102021402","","","",""
"株式会社まえだストアー","6734405741751","","","","","","","880-0862","宮崎県宮崎市潮見町190-1","","","","","","","","","","","","","","","1350001001614","","","",""
"マエダフード株式会社","1498756709184","","","","","","","771-5406","徳島県那賀郡那賀町延野王子58-2","","","","","","","","","","","","","","","3480001009114","","","",""
"株式会社前畠商店","2862071920446","","","","","","","886-0004","宮崎県小林市細野7","","","","","","","","","","","","","","","2350001009895","","","",""
"株式会社前原","5772125579476","","","","","","","620-0842","京都府福知山市字長田大野下2873-2","","","","","","","","","","","","","","","8130001041519","","","",""
"有限会社まがみ","3532731140446","","","","","","","781-5103","高知県高知市大津乙916-4","","","","","","","","","","","","","","","4490002006125","","","",""
"有限会社マキイ","3688786561273","","","","","","","810-0014","福岡県福岡市中央区平尾五丁目19-1","","","","","","","","","","","","","","","4290002013190","","","",""
"株式会社マキオ","6558235292159","","","","","","","899-1611","鹿児島県阿久根市赤瀬川2210","","","","","","","","","","","","","","","4340001011842","","","",""
"株式会社マキオマート","3695586273273","","","","","","","867-0001","熊本県水俣市小津奈木440","","","","","","","","","","","","","","","6330001014407","","","",""
"マキノチェーン株式会社","7477834862233","","","","","","","453-0833","愛知県名古屋市中村区押木田町二丁目24","","","","","","","","","","","","","","","3180001040850","","","",""
"有限会社マーキーマート","8930896429052","","","","","","","863-2803","熊本県天草市天草町下田北1307-2","","","","","","","","","","","","","","","5330002029413","","","",""
"株式会社マキヤ","8783151324856","","","","","","","417-0801","静岡県富士市大淵2373","","","","","","","","","","","","","","","3080101001770","","","",""
"株式会社ＭＡＱＵｉｉ","9841836713461","","","","","","","108-0074","東京都港区高輪四丁目13-3 301号","","","","","","","","","","","","","","","7010401150279","","","",""
"株式会社マークゴルフ","7061889015698","","","","","","","251-0047","神奈川県藤沢市辻堂一丁目3-13 江戸惣ビル3階","","","","","","","","","","","","","","","2011101019851","","","",""
"マークリンク株式会社","6640956585067","","","","","","","101-0021","東京都千代田区外神田六丁目10-12","","","","","","","","","","","","","","","2010001029779","","","",""
"株式会社マグフーズ","2518083877446","","","","","","","444-0226","愛知県岡崎市中島町馬取池13","","","","","","","","","","","","","","","8180301001952","","","",""
"株式会社誠","9088033548268","","","","","","","553-0001","大阪府大阪市福島区海老江八丁目11-26","","","","","","","","","","","","","","","7120001146600","","","",""
"株式会社誠","7818555753106","","","","","","","401-0502","山梨県南都留郡山中湖村平野506-296-68","","","","","","","","","","","","","","","9120001196998","","","",""
"有限会社誠晋グループ","8628434588809","","","","","","","860-0074","熊本県熊本市西区出町1-9","","","","","","","","","","","","","","","3330002005762","","","",""
"有限会社まご店ストアー","3377920459222","","","","","","","720-0403","広島県福山市沼隈町大字下山南1994-4","","","","","","","","","","","","","","","5240002038489","","","",""
"有限会社ＭＡＳＡ","2988387513848","","","","","","","134-0083","東京都江戸川区中葛西五丁目8-15","","","","","","","","","","","","","","","1011702016950","","","",""
"雅彦化成株式会社","6197404881835","","","","","","","679-4116","兵庫県たつの市神岡町沢田1308","","","","","","","","","","","","","","","5140001107247","","","",""
"有限会社正宮","3404572064323","","","","","","","183-0026","東京都府中市南町二丁目15-9","","","","","","","","","","","","","","","4012402000127","","","",""
"マサヤハーティーサービス株式会社","7743369733454","","","","","","","459-8001","愛知県名古屋市緑区大高町殿山23-8","","","","","","","","","","","","","","","5180001095934","","","",""
"有限会社マザー・リーフ","1696476818021","","","","","","","710-0834","岡山県倉敷市笹沖311-9","","","","","","","","","","","","","","","7260002020501","","","",""
"有限会社増栄丸辻商店","8626674163194","","","","","","","858-0922","長崎県佐世保市鹿子前町942-3","","","","","","","","","","","","","","","7310002011593","","","",""
"株式会社マスダ","7864133355759","","","","","","","303-0023","茨城県常総市水海道宝町2771","","","","","","","","","","","","","","","7050001029523","","","",""
"有限会社益々屋","1014131183416","","","","","","","859-1311","長崎県雲仙市国見町土黒甲516-7","","","","","","","","","","","","","","","1310002016813","","","",""
"合資会社マスヤ商店","8180254252938","","","","","","","384-1402","長野県南佐久郡川上村大字梓山115","","","","","","","","","","","","","","","4100003000867","","","",""
"株式会社桝屋商店","8211233657435","","","","","","","464-0821","愛知県名古屋市千種区末盛通三丁目28","","","","","","","","","","","","","","","8180003000468","","","",""
"町田仲見世商店会協同組合","1026729368390","","","","","","","194-0013","東京都町田市原町田四丁目5-19","","","","","","","","","","","","","","","2012305000333","","","",""
"株式会社まちづくりオーガ","4466127101402","","","","","","","989-1201","宮城県柴田郡大河原町大谷町向126-4","","","","","","","","","","","","","","","2370101000265","","","",""
"株式会社まちづくり長野","9458641517408","","","","","","","380-0904","長野県長野市大字鶴賀七瀬中町276 長野商工会議所3階","","","","","","","","","","","","","","","9100001004709","","","",""
"有限会社松井商店","6647591561036","","","","","","","441-1331","愛知県新城市庭野香ケ崎7-2","","","","","","","","","","","","","","","2180302027795","","","",""
"有限会社松井商店","8993421414841","","","","","","","135-0001","東京都江東区毛利一丁目6-10","","","","","","","","","","","","","","","1010602006954","","","",""
"株式会社松浦建材","5394171717539","","","","","","","925-0046","石川県羽咋市兵庫町ヨ17","","","","","","","","","","","","","","","7220001016140","","","",""
"株式会社マツオカ","3267823693263","","","","","","","509-1616","岐阜県下呂市金山町下原町協和549-1","","","","","","","","","","","","","","","2200001026022","","","",""
"有限会社マツオカ","5533494414187","","","","","","","509-1616","岐阜県下呂市金山町下原町549-1","","","","","","","","","","","","","","","4200002027372","","","",""
"株式会社松岡屋フードセンター","2306733770773","","","","","","","503-0974","岐阜県大垣市久瀬川町二丁目40","","","","","","","","","","","","","","","5200001014263","","","",""
"株式会社松生商店","5375951491318","","","","","","","928-0001","石川県輪島市河井町2 部70番地の2","","","","","","","","","","","","","","","9220001016576","","","",""
"有限会社マツオスーパー","9263120559176","","","","","","","030-1303","青森県東津軽郡外ヶ浜町字蟹田146-2","","","","","","","","","","","","","","","9420002003248","","","",""
"有限会社まつかわ","2889426571021","","","","","","","733-0031","広島県広島市西区観音町12-2","","","","","","","","","","","","","","","6240002015586","","","",""
"株式会社松形屋","4015565624116","","","","","","","857-2302","長崎県西海市大瀬戸町瀬戸樫浦郷2278-5","","","","","","","","","","","","","","","8310002014199","","","",""
"株式会社松喜屋","7335517743872","","","","","","","870-1155","大分県大分市大字玉沢七力681","","","","","","","","","","","","","","","8320001002567","","","",""
"株式会社マックス・インテンション・アーツ","4575549514153","","","","","","","230-0051","神奈川県横浜市鶴見区鶴見中央三丁目12-11","","","","","","","","","","","","","","","6020001112134","","","",""
"株式会社マックス・グロー","6574305477183","","","","","","","812-0011","福岡県福岡市博多区博多駅前一丁目18-7 博多電気ビル3階","","","","","","","","","","","","","","","7290001030878","","","",""
"マックスバリュ関東株式会社","7871337450485","","","","","","","136-0071","東京都江東区亀戸五丁目30-3","","","","","","","","","","","","","","","3040001015833","","","",""
"マックスバリュ東海株式会社","8870155589099","","","","","","","435-0042","静岡県浜松市中央区篠ケ瀬町1295-1","","","","","","","","","","","","","","","1080101006499","","","",""
"マックスバリュ北陸株式会社","1531769803095","","","","","","","920-8203","石川県金沢市鞍月四丁目133 KCビル8F","","","","","","","","","","","","","","","9220001014415","","","",""
"株式会社松源","1776714214035","","","","","","","649-6337","和歌山県和歌山市田屋138","","","","","","","","","","","","","","","7170001003061","","","",""
"有限会社松幸農産","7463650815648","","","","","","","516-0052","三重県伊勢市川端町205-1","","","","","","","","","","","","","","","6190002009684","","","",""
"有限会社松坂屋","2531834599327","","","","","","","899-7300","鹿児島県曽於郡大崎町假宿1092-3","","","","","","","","","","","","","","","2340002028020","","","",""
"有限会社松坂屋商店","1195337861362","","","","","","","221-0021","神奈川県横浜市神奈川区子安通一丁目147","","","","","","","","","","","","","","","6020002052841","","","",""
"株式会社松崎商店","2927409806411","","","","","","","971-8183","福島県いわき市泉町下川田宿38","","","","","","","","","","","","","","","5380001013850","","","",""
"松沢通商株式会社","5542539930575","","","","","","","550-0005","大阪府大阪市西区西本町一丁目13-37","","","","","","","","","","","","","","","2140001089521","","","",""
"松下石油株式会社","6754520812468","","","","","","","434-0038","静岡県浜松市浜名区貴布祢127","","","","","","","","","","","","","","","8080401010450","","","",""
"有限会社松商","1211257462017","","","","","","","803-0856","福岡県北九州市小倉北区弁天町5-2 804号","","","","","","","","","","","","","","","4290802006146","","","",""
"合資会社松ちゃんストアー","9717477091014","","","","","","","878-0201","大分県竹田市久住町大字久住6248","","","","","","","","","","","","","","","3320003001092","","","",""
"有限会社松戸商店","1213030476710","","","","","","","289-1304","千葉県山武市井之内2835","","","","","","","","","","","","","","","7040002079849","","","",""
"株式会社松西","5410703851877","","","","","","","753-0211","山口県山口市大内長野215-5","","","","","","","","","","","","","","","1250001000725","","","",""
"有限会社まつのや","1066458438691","","","","","","","684-0302","島根県隠岐郡西ノ島町大字別府54","","","","","","","","","","","","","","","7280002011151","","","",""
"有限会社松葉商店","9381076832531","","","","","","","252-0185","神奈川県相模原市緑区日連738-3","","","","","","","","","","","","","","","9021002029950","","","",""
"株式会社松葉屋","4864983977715","","","","","","","859-6325","長崎県佐世保市吉井町大渡30-1","","","","","","","","","","","","","","","5310001006480","","","",""
"株式会社マツバラ","7615193650304","","","","","","","911-0023","福井県勝山市村岡町寺尾36-3","","","","","","","","","","","","","","","2210001010090","","","",""
"合資会社松原嶋屋商店","7991519288492","","","","","","","384-1103","長野県南佐久郡小海町大字豊里4324","","","","","","","","","","","","","","","3100003000868","","","",""
"株式会社マツムラ","6328904668474","","","","","","","627-0006","京都府京丹後市峰山町赤坂555","","","","","","","","","","","","","","","6130001042725","","","",""
"有限会社松村興産","2613830003062","","","","","","","861-8038","熊本県熊本市東区長嶺東四丁目15-1","","","","","","","","","","","","","","","7330002009891","","","",""
"松村商事株式会社","4241715189280","","","","","","","569-1124","大阪府高槻市南芥川町14-12","","","","","","","","","","","","","","","1120901012031","","","",""
"有限会社松村農園","2351851072888","","","","","","","861-5524","熊本県熊本市北区硯川町1393","","","","","","","","","","","","","","","2330002009913","","","",""
"株式会社マツモト","5079507438519","","","","","","","621-0817","京都府亀岡市西竪町61-1","","","","","","","","","","","","","","","3130001035814","","","",""
"株式会社まつもと","5582448223579","","","","","","","838-0215","福岡県朝倉郡筑前町篠隈338-1","","","","","","","","","","","","","","","4290001044195","","","",""
"株式会社マツモト","1298244079625","","","","","","","851-0101","長崎県長崎市古賀町878","","","","","","","","","","","","","","","6310001009441","","","",""
"松本工業株式会社","7632678005709","","","","","","","802-0065","福岡県北九州市小倉北区三萩野一丁目2-5","","","","","","","","","","","","","","","6290801003506","","","",""
"有限会社松本商店","3874458133510","","","","","","","412-0043","静岡県御殿場市新橋766-5","","","","","","","","","","","","","","","5080102007492","","","",""
"株式会社松本醤油商店","8903537701999","","","","","","","350-0065","埼玉県川越市仲町10-13","","","","","","","","","","","","","","","6030001057898","","","",""
"有限会社松本住宅設備機器","6357065539175","","","","","","","584-0068","大阪府富田林市錦織中二丁目1-16","","","","","","","","","","","","","","","5120102017529","","","",""
"株式会社松や","9584018295320","","","","","","","980-0021","宮城県仙台市青葉区中央四丁目3-1","","","","","","","","","","","","","","","2370001010323","","","",""
"株式会社松屋","4843879018355","","","","","","","104-0061","東京都中央区銀座三丁目6-1","","","","","","","","","","","","","","","1010001034945","","","",""
"有限会社松屋酒店","6170810433184","","","","","","","731-0143","広島県広島市安佐南区長楽寺一丁目8-17","","","","","","","","","","","","","","","5240002015711","","","",""
"合資会社松屋商店","5775230023210","","","","","","","289-1603","千葉県山武郡芝山町大里1387","","","","","","","","","","","","","","","3040003003332","","","",""
"有限会社松屋商店","8771103354354","","","","","","","027-0501","岩手県下閉伊郡岩泉町岩泉中家30","","","","","","","","","","","","","","","4400002011166","","","",""
"株式会社マツヤスーパー","1809992423804","","","","","","","607-8088","京都府京都市山科区竹鼻地蔵寺南町9-1","","","","","","","","","","","","","","","1130001013359","","","",""
"株式会社松屋友の会","9039129043341","","","","","","","104-0061","東京都中央区銀座三丁目6-1","","","","","","","","","","","","","","","8010001057543","","","",""
"株式会社松山","3134137221016","","","","","","","500-8104","岐阜県岐阜市美園町一丁目19","","","","","","","","","","","","","","","4200001004868","","","",""
"株式会社松山生協","9478346776506","","","","","","","790-0003","愛媛県松山市三番町八丁目325-1 松山市農協ビル6階","","","","","","","","","","","","","","","8500001003745","","","",""
"株式会社松山三越","2322198348196","","","","","","","790-0001","愛媛県松山市一番町三丁目1-1","","","","","","","","","","","","","","","1500001008833","","","",""
"有限会社マテック","3798762918931","","","","","","","186-0004","東京都国立市中一丁目11-25","","","","","","","","","","","","","","","7012402006625","","","",""
"株式会社マトイ","6247349723457","","","","","","","160-0015","東京都新宿区大京町2-4","","","","","","","","","","","","","","","6010001174927","","","",""
"マートキクカワ有限会社","8194329946059","","","","","","","656-0533","兵庫県南あわじ市北阿万新田中43-1","","","","","","","","","","","","","","","6140002070030","","","",""
"株式会社マート桜台","4560619977355","","","","","","","020-0002","岩手県盛岡市桜台二丁目3-7","","","","","","","","","","","","","","","6400001008632","","","",""
"株式会社マハロカンパニー","1647832870990","","","","","","","028-1117","岩手県上閉伊郡大槌町末広町12-16","","","","","","","","","","","","","","","6400001013450","","","",""
"有限会社ママさんストアー","1317359844328","","","","","","","857-0851","長崎県佐世保市稲荷町17-14","","","","","","","","","","","","","","","9310002011666","","","",""
"株式会社ママーストアー","7136833264875","","","","","","","917-0073","福井県小浜市四谷町7-30","","","","","","","","","","","","","","","7210001014038","","","",""
"有限会社間々田電機商会","3064373514843","","","","","","","373-0861","群馬県太田市南矢島町601-3","","","","","","","","","","","","","","","2070002031027","","","",""
"有限会社ママチエーンうえむら","6163112482470","","","","","","","733-0007","広島県広島市西区大宮一丁目24-16","","","","","","","","","","","","","","","5240002015736","","","",""
"株式会社ママの店","9711739408101","","","","","","","771-1251","徳島県板野郡藍住町矢上西10-1","","","","","","","","","","","","","","","7480001010349","","","",""
"有限会社マミー","3459846162848","","","","","","","640-8323","和歌山県和歌山市太田95-9","","","","","","","","","","","","","","","8170002001914","","","",""
"有限会社マミーストアー","8956149185424","","","","","","","028-8201","岩手県九戸郡野田村大字野田第二十六地割19-5","","","","","","","","","","","","","","","9400002013117","","","",""
"株式会社マミーマートホールディングス","4780197798939","","","","","","","331-0812","埼玉県さいたま市北区宮原町二丁目44-1","","","","","","","","","","","","","","","5030001071058","","","",""
"有限会社間宮商店","6366278583809","","","","","","","254-0052","神奈川県平塚市平塚二丁目48-6","","","","","","","","","","","","","","","3021002059714","","","",""
"株式会社豆伝ショップ","8165323664014","","","","","","","523-0063","滋賀県近江八幡市十王町350","","","","","","","","","","","","","","","7160001010991","","","",""
"株式会社まゆずみ商事","1917635147101","","","","","","","330-0854","埼玉県さいたま市大宮区桜木町二丁目2-6","","","","","","","","","","","","","","","7030001007976","","","",""
"有限会社マリアージュ","6467801354375","","","","","","","116-0014","東京都荒川区東日暮里一丁目5-6","","","","","","","","","","","","","","","2011502013858","","","",""
"株式会社マリアンナ・ワールド・サービス","4197540670257","","","","","","","216-0015","神奈川県川崎市宮前区菅生二丁目16-1 聖マリアンナ医科大学内グリーン棟3階","","","","","","","","","","","","","","","8020001077292","","","",""
"株式会社マリンピア","3491734810832","","","","","","","261-0004","千葉県千葉市美浜区高洲三丁目13-1","","","","","","","","","","","","","","","3040001007194","","","",""
"株式会社マリンブルー","7060322169734","","","","","","","422-8044","静岡県静岡市駿河区西脇1052-2","","","","","","","","","","","","","","","3080001020549","","","",""
"株式会社マル","2580452614795","","","","","","","424-0038","静岡県静岡市清水区西久保441-7","","","","","","","","","","","","","","","1080001009206","","","",""
"株式会社マルアイ","7058073200248","2","5","2026/01/13","0","","https://www.maruai-super.co.jp/","675-0003","兵庫県加古川市神野町神野225-1","079-430-5181","代表取締役会長","藤田佳男","卸売、小売","総合小売","","","1,000 ～ 3,000","50,000 ～ 100,000","10,000 ～ 30,000","2025/03","1953/06","1970/03","非公開","4140001043617","日用品販売,堀商店,お客様への利益還元,長田,スーパーマーケット,解体","2026新卒募集企業,2027新卒インターン募集企業,2027新卒募集企業,CSRに力を入れている企業,SNSツール利用,キャンペーン実施企業,中途採用企業,売上300億円以上,売上50億円以上,従業員500人以上,決算官報公告企業,省エネ法対象業者,自己資本比率60%以上,自己資本比率連続2期以上上昇,補助金受領企業","Amazon SES,BootstrapCDN,Google Developers,OneOffice,WordPress.com",""
"株式会社丸愛","1840033613597","","","","","","","475-0857","愛知県半田市広小路町151-4","","","","","","","","","","","","","","","8180001092037","","","",""
"株式会社丸愛百貨店","3336311729279","","","","","","","135-0048","東京都江東区門前仲町一丁目6-12","","","","","","","","","","","","","","","4010601006688","","","",""
"株式会社マルイ","2033460142904","","","","","","","990-0401","山形県東村山郡中山町大字長崎353","","","","","","","","","","","","","","","7390001002495","","","",""
"株式会社マルイ","6491528497488","","","","","","","708-0016","岡山県津山市戸島893-15","","","","","","","","","","","","","","","4260001020240","","","",""
"有限会社マルイシ百貨センター","3161479538764","","","","","","","272-0033","千葉県市川市市川南一丁目2-22","","","","","","","","","","","","","","","4040002036695","","","",""
"有限会社マルイストアー","3402111566038","","","","","","","895-1401","鹿児島県薩摩川内市入来町副田5750","","","","","","","","","","","","","","","5340002017391","","","",""
"有限会社マルイチ","5281617752317","","","","","","","441-1363","愛知県新城市字東沖野20-1","","","","","","","","","","","","","","","1180302027805","","","",""
"株式会社マルイチ","3314078202036","","","","","","","020-0044","岩手県盛岡市城西町13-1","","","","","","","","","","","","","","","7400001000836","","","",""
"丸市商事株式会社","3995899797007","","","","","","","900-0014","沖縄県那覇市松尾二丁目8-28","","","","","","","","","","","","","","","9360001001936","","","",""
"有限会社丸一商店","3626407009248","","","","","","","210-0834","神奈川県川崎市川崎区大島三丁目15-15","","","","","","","","","","","","","","","8020002099245","","","",""
"丸市食品市場有限会社","6362413794988","","","","","","","176-0021","東京都練馬区貫井三丁目2-7","","","","","","","","","","","","","","","8011602009560","","","",""
"株式会社まるいちフードセンター","3502192596768","","","","","","","969-1404","福島県二本松市油井荒井樋口24-3","","","","","","","","","","","","","","","1380001009497","","","",""
"有限会社丸井百貨店","3543630953340","","","","","","","653-0036","兵庫県神戸市長田区腕塚町五丁目5-1","","","","","","","","","","","","","","","7140002009267","","","",""
"株式会社丸江","3835936124062","","","","","","","021-0902","岩手県一関市萩荘金ケ崎22-1","","","","","","","","","","","","","","","2400501000398","","","",""
"株式会社マルエー","5253491654620","","","","","","","920-2121","石川県白山市鶴来本町一丁目ワ111","","","","","","","","","","","","","","","4220001000188","","","",""
"有限会社丸栄","8734646729016","","","","","","","631-0014","奈良県奈良市朝日町一丁目14-7","","","","","","","","","","","","","","","3120102012606","","","",""
"株式会社マルエイ","1067215851024","","","","","","","865-0052","熊本県玉名市松木11-3","","","","","","","","","","","","","","","6330001011775","","","",""
"株式会社丸栄商事","4640018336799","","","","","","","859-2112","長崎県南島原市布津町乙1995","","","","","","","","","","","","","","","3310001009758","","","",""
"株式会社マルエーうちや","3916684244954","","","","","","","010-0916","秋田県秋田市泉北二丁目4-23","","","","","","","","","","","","","","","1410001004370","","","",""
"株式会社マルエス","4709106621301","","","","","","","520-3252","滋賀県湖南市岩根866-1","","","","","","","","","","","","","","","5160001004962","","","",""
"マルエス商事株式会社","2937094956053","","","","","","","987-2216","宮城県栗原市築館伊豆一丁目7-15","","","","","","","","","","","","","","","6370201002975","","","",""
"株式会社マルエツ","2617972355478","","","","","","","170-0013","東京都豊島区東池袋五丁目51-12","","","","","","","","","","","","","","","8013301012770","","","",""
"株式会社丸圓商店","9511101186469","","","","","","","939-1371","富山県砺波市栄町3-4","","","","","","","","","","","","","","","3230001008413","","","",""
"株式会社マルエンワールド","2664237184248","","","","","","","754-1277","山口県山口市阿知須4837-1","","","","","","","","","","","","","","","2250001001499","","","",""
"株式会社まるおか","9793435142177","","","","","","","370-3521","群馬県高崎市棟高町1174-1","","","","","","","","","","","","","","","2070001009619","","","",""
"合資会社丸果","6061018008503","","","","","","","989-6811","宮城県大崎市鳴子温泉鷲ノ巣54-4","","","","","","","","","","","","","","","4370203000211","","","",""
"有限会社マルカうめの","9591645624701","","","","","","","046-0121","北海道古平郡古平町大字浜町71","","","","","","","","","","","","","","","6430002056594","","","",""
"有限会社マルカツ商事","5658938565104","","","","","","","238-0022","神奈川県横須賀市公郷町二丁目2","","","","","","","","","","","","","","","7021002066970","","","",""
"株式会社マルカン百貨店","8036568758287","","","","","","","025-0087","岩手県花巻市上町6-2","","","","","","","","","","","","","","","7400001005496","","","",""
"丸亀駅前再開発ビル株式会社","2935294741306","","","","","","","763-0022","香川県丸亀市浜町10-1","","","","","","","","","","","","","","","6470001009426","","","",""
"株式会社マルキ","7857894221042","","","","","","","501-2257","岐阜県山県市富永690-2","","","","","","","","","","","","","","","9200001027261","","","",""
"有限会社マルキ","4536559101872","","","","","","","350-0152","埼玉県比企郡川島町大字上伊草1612","","","","","","","","","","","","","","","2030002077684","","","",""
"株式会社丸喜","2156757863271","","","","","","","756-0057","山口県山陽小野田市大字西高泊680-7","","","","","","","","","","","","","","","8250001003903","","","",""
"株式会社マルキフードセンター","5050061333653","","","","","","","424-0853","静岡県静岡市清水区月見町2-8","","","","","","","","","","","","","","","5080001009193","","","",""
"株式会社丸久","3659542797461","","","","","","","747-0014","山口県防府市大字江泊1936","","","","","","","","","","","","","","","4250001015183","","","",""
"株式会社マルキョウ","9536436172408","","","","","","","816-0922","福岡県大野城市山田五丁目3-1","","","","","","","","","","","","","","","6290001041190","","","",""
"株式会社丸共掛川製茶","8934241869916","","","","","","","436-0005","静岡県掛川市伊達方20-1","","","","","","","","","","","","","","","4080401014496","","","",""
"株式会社丸喧産業","9475371869702","","","","","","","611-0021","京都府宇治市宇治弐番78","","","","","","","","","","","","","","","2130001033109","","","",""
"株式会社マルゲン","2765572844530","","","","","","","299-0117","千葉県市原市青葉台二丁目1-5","","","","","","","","","","","","","","","4040001054574","","","",""
"株式会社マルコー","1637026097700","","","","","","","819-1107","福岡県糸島市波多江駅北四丁目4-1","","","","","","","","","","","","","","","1290001033127","","","",""
"有限会社丸弘","9412980152624","","","","","","","870-0035","大分県大分市中央町二丁目7-26","","","","","","","","","","","","","","","8320002006518","","","",""
"有限会社マルコシ","6232537426307","","","","","","","704-8193","岡山県岡山市東区金岡西町639-8","","","","","","","","","","","","","","","1260002009483","","","",""
"有限会社丸越ストアー","6117287595602","","","","","","","178-0065","東京都練馬区西大泉五丁目21-37","","","","","","","","","","","","","","","5011602010348","","","",""
"有限会社まるころキララ","1640265388231","","","","","","","186-0002","東京都国立市東三丁目7-17","","","","","","","","","","","","","","","4012402015819","","","",""
"株式会社丸合","2647062326053","","","","","","","683-0802","鳥取県米子市東福原二丁目19-48","","","","","","","","","","","","","","","4270001005538","","","",""
"有限会社マルゴストアー","9312368940133","","","","","","","311-3512","茨城県行方市玉造甲6845","","","","","","","","","","","","","","","5050002029136","","","",""
"有限会社まるさ","9947125364380","","","","","","","889-0603","宮崎県東臼杵郡門川町加草四丁目35","","","","","","","","","","","","","","","9350002011233","","","",""
"まるさ商店株式会社","2215226173146","","","","","","","010-0201","秋田県潟上市天王北野302-9","","","","","","","","","","","","","","","7410001004423","","","",""
"有限会社マルサストア","4953275665411","","","","","","","273-0048","千葉県船橋市丸山三丁目7-15","","","","","","","","","","","","","","","5040002025490","","","",""
"マルサム株式会社","6409984498986","","","","","","","934-0093","富山県高岡市姫野255","","","","","","","","","","","","","","","2230001010997","","","",""
"株式会社マルサン","3614754903786","","","","","","","343-0015","埼玉県越谷市花田三丁目7-1","","","","","","","","","","","","","","","4030001064814","","","",""
"有限会社丸三ストアー","9296772584863","","","","","","","145-0065","東京都大田区東雪谷三丁目31-6 501号","","","","","","","","","","","","","","","5010802013706","","","",""
"株式会社丸三ストアー","7417119181937","","","","","","","145-0065","東京都大田区東雪谷三丁目31-6","","","","","","","","","","","","","","","3010801011381","","","",""
"株式会社マルシェ","2305952268106","","","","","","","028-0304","岩手県遠野市宮守町下宮守三十地割37-5","","","","","","","","","","","","","","","1400001006698","","","",""
"株式会社マルシェフーズ","3226067085250","","","","","","","564-0062","大阪府吹田市垂水町三丁目28-10","","","","","","","","","","","","","","","8120001164196","","","",""
"有限会社まるしげ","2696895669604","","","","","","","615-0016","京都府京都市右京区西院西淳和院町24","","","","","","","","","","","","","","","2130002001584","","","",""
"有限会社マルシュウ","2041997089083","","","","","","","418-0114","静岡県富士宮市下条80-2","","","","","","","","","","","","","","","8080102017290","","","",""
"株式会社丸正","6177706332665","","","","","","","916-0025","福井県鯖江市旭町二丁目3-4","","","","","","","","","","","","","","","7210001013295","","","",""
"株式会社丸正酒店","6835982393168","","","","","","","476-0002","愛知県東海市名和町家下19-4","","","","","","","","","","","","","","","6180001094563","","","",""
"丸正食品株式会社","1168141350149","","","","","","","160-0004","東京都新宿区四谷三丁目12","","","","","","","","","","","","","","","9011101020316","","","",""
"有限会社丸正田中商店","6358002311876","","","","","","","259-1141","神奈川県伊勢原市上粕屋145","","","","","","","","","","","","","","","9021002035528","","","",""
"株式会社丸正武蔵屋会","9591214315225","","","","","","","160-0018","東京都新宿区須賀町4","","","","","","","","","","","","","","","7011101024483","","","",""
"株式会社まるしんシステム","8606912580878","","","","","","","982-0011","宮城県仙台市太白区長町五丁目2-1","","","","","","","","","","","","","","","7370001018923","","","",""
"有限会社マルシン商事","8804454789585","","","","","","","286-0221","千葉県富里市七栄723-2","","","","","","","","","","","","","","","7040002056542","","","",""
"株式会社マルス百貨店","9769943457515","","","","","","","356-0004","埼玉県ふじみ野市上福岡一丁目6-4","","","","","","","","","","","","","","","2030001056029","","","",""
"マルスフードシヨツプ株式会社","9125718643969","","","","","","","470-2103","愛知県知多郡東浦町大字石浜八ツ針1-26","","","","","","","","","","","","","","","8180001140522","","","",""
"株式会社丸勢","9857866717713","","","","","","","862-0910","熊本県熊本市東区健軍本町53-9","","","","","","","","","","","","","","","9330001007663","","","",""
"有限会社丸清","4829903227143","","","","","","","142-0062","東京都品川区小山三丁目22-13","","","","","","","","","","","","","","","6010702007690","","","",""
"株式会社マルセイ","7385840941834","","","","","","","124-0023","東京都葛飾区東新小岩七丁目30-16","","","","","","","","","","","","","","","6011801004595","","","",""
"有限会社マルセン","3658535144193","","","","","","","955-0046","新潟県三条市興野二丁目3-1","","","","","","","","","","","","","","","4110002017663","","","",""
"株式会社丸善三番舘","9792961772608","","","","","","","076-0031","北海道富良野市本町12-23","","","","","","","","","","","","","","","2450001003046","","","",""
"有限会社丸善ストアー","8431852258114","","","","","","","739-0321","広島県広島市安芸区中野二丁目15-21","","","","","","","","","","","","","","","6240002015842","","","",""
"株式会社マルゼンフードセンター","1459487579079","","","","","","","501-6111","岐阜県岐阜市柳津町宮東一丁目58-1","","","","","","","","","","","","","","","3200001008077","","","",""
"株式会社まるそう","8393947105230","","","","","","","722-1114","広島県世羅郡世羅町大字東神崎368-15","","","","","","","","","","","","","","","8240001039072","","","",""
"丸高商事株式会社","1439745153310","","","","","","","854-0022","長崎県諫早市幸町308-1","","","","","","","","","","","","","","","8310001008152","","","",""
"丸高食品株式会社","5659626618037","","","","","","","153-0051","東京都目黒区上目黒一丁目26-1 4402号","","","","","","","","","","","","","","","4030001045079","","","",""
"有限会社丸高百貨店","2776544099418","","","","","","","649-2211","和歌山県西牟婁郡白浜町1111-15","","","","","","","","","","","","","","","6170002009430","","","",""
"株式会社丸滝","7262474538355","","","","","","","759-5511","山口県下関市豊北町大字滝部3395-2","","","","","","","","","","","","","","","8250001006922","","","",""
"有限会社マルタケ","9607860961189","","","","","","","988-0453","宮城県本吉郡南三陸町歌津伊里前96-1","","","","","","","","","","","","","","","6370502001040","","","",""
"株式会社丸竹","8034732135213","","","","","","","645-0027","和歌山県日高郡みなべ町西本庄790","","","","","","","","","","","","","","","5170001009267","","","",""
"株式会社丸武","5812794838540","","","","","","","362-0058","埼玉県上尾市大字上野8-1","","","","","","","","","","","","","","","6030001071057","","","",""
"有限会社丸田商店","9908748139212","","","","","","","885-0006","宮崎県都城市吉尾町6220","","","","","","","","","","","","","","","3350002014935","","","",""
"株式会社丸玉屋商店","4610204245751","","","","","","","110-0012","東京都台東区竜泉三丁目24-5","","","","","","","","","","","","","","","4010501012992","","","",""
"有限会社マルタミ","5649027365855","","","","","","","474-0056","愛知県大府市明成町一丁目314","","","","","","","","","","","","","","","5180002085141","","","",""
"株式会社まるたや洋菓子店","3520122706238","","","","","","","432-8047","静岡県浜松市中央区神田町367","","","","","","","","","","","","","","","2080402007815","","","",""
"株式会社丸大","2037001254899","","","","","","","718-0003","岡山県新見市高尾2477-1","","","","","","","","","","","","","","","5260001019240","","","",""
"株式会社丸大","1813942752832","","","","","","","901-1104","沖縄県島尻郡南風原町字宮平251","","","","","","","","","","","","","","","3360001006494","","","",""
"株式会社マルダイ","3229344520250","","","","","","","010-0062","秋田県秋田市牛島東五丁目3-26","","","","","","","","","","","","","","","4410001002438","","","",""
"丸台商事株式会社","9611884813194","","","","","","","226-0014","神奈川県横浜市緑区台村町225","","","","","","","","","","","","","","","3020001002461","","","",""
"株式会社マルチュー","8658711945361","","","","","","","336-0032","埼玉県さいたま市南区四谷二丁目6-14","","","","","","","","","","","","","","","4030001007855","","","",""
"株式会社丸忠","8187794059826","","","","","","","738-0033","広島県廿日市市串戸六丁目11-19","","","","","","","","","","","","","","","4240001028343","","","",""
"丸忠商産株式会社","8975088365243","","","","","","","890-0073","鹿児島県鹿児島市宇宿三丁目4-2","","","","","","","","","","","","","","","2340001004030","","","",""
"有限会社マルツ","2995284559847","","","","","","","441-2301","愛知県北設楽郡設楽町田口玉ノ木3-1","","","","","","","","","","","","","","","9180302028003","","","",""
"株式会社丸伝","5211906684585","","","","","","","790-0941","愛媛県松山市和泉南四丁目16-7","","","","","","","","","","","","","","","4500001006553","","","",""
"株式会社マルト","6232321915203","","","","","","","979-0141","福島県いわき市勿来町窪田十条3-1","","","","","","","","","","","","","","","1380001013904","","","",""
"株式会社丸徳","6712034360495","","","","","","","660-0814","兵庫県尼崎市杭瀬本町一丁目18-5","","","","","","","","","","","","","","","8140001051401","","","",""
"株式会社まるとく","4031605220961","","","","","","","807-0022","福岡県遠賀郡水巻町頃末北一丁目7-7","","","","","","","","","","","","","","","9290801011316","","","",""
"有限会社マルトシ","9350232480570","","","","","","","359-0025","埼玉県所沢市大字上安松476-1","","","","","","","","","","","","","","","8030002031149","","","",""
"株式会社マルトシ","4225382462740","","","","","","","399-4112","長野県駒ヶ根市中央16-19","","","","","","","","","","","","","","","1100001021406","","","",""
"マルト東部青果株式会社","6655028086261","","","","","","","389-0515","長野県東御市常田136","","","","","","","","","","","","","","","3100001010877","","","",""
"丸富株式会社","7206048625222","","","","","","","190-0012","東京都立川市曙町二丁目14-32","","","","","","","","","","","","","","","1012801001562","","","",""
"株式会社マルトミフーズ","7774776797791","","","","","","","520-0024","滋賀県大津市松山町8-17","","","","","","","","","","","","","","","6120001189690","","","",""
"株式会社マルトモ","7871413540811","","","","","","","969-6549","福島県河沼郡会津坂下町字古町川尻386-1","","","","","","","","","","","","","","","6380001018403","","","",""
"マルトモビル株式会社","2804020727446","","","","","","","410-0801","静岡県沼津市大手町五丁目9-21","","","","","","","","","","","","","","","9080101001831","","","",""
"有限会社マルナカ","1261259958037","","","","","","","895-0012","鹿児島県薩摩川内市平佐町2880-1","","","","","","","","","","","","","","","7340002017092","","","",""
"マルナカストアー有限会社","6039781304653","","","","","","","507-0901","岐阜県多治見市笠原町2114-1","","","","","","","","","","","","","","","5200002022380","","","",""
"株式会社マルニ","5398411028879","","","","","","","988-0066","宮城県気仙沼市東新城三丁目5-2","","","","","","","","","","","","","","","4370501000433","","","",""
"有限会社マルニストアー","5360749200531","","","","","","","807-0074","福岡県北九州市八幡西区町上津役西三丁目2-7","","","","","","","","","","","","","","","2290802015421","","","",""
"株式会社マルニ茶業","2235595373890","","","","","","","410-0317","静岡県沼津市石川673-4","","","","","","","","","","","","","","","8080102003407","","","",""
"有限会社丸二松屋商店","3741560234896","","","","","","","060-0011","北海道札幌市中央区北十一条西十九丁目36","","","","","","","","","","","","","","","1430002025918","","","",""
"株式会社マルハチ","5176636960962","","","","","","","651-0064","兵庫県神戸市中央区大日通一丁目2-18","","","","","","","","","","","","","","","9140001004093","","","",""
"株式会社マルハン","6538245989040","","","","","","","602-0822","京都府京都市上京区青龍町231","","","","","","","","","","","","","","","3130001003894","","","",""
"マルヒ綜合食品株式会社","6092474869541","","","","","","","581-0831","大阪府八尾市山本町北二丁目5-5","","","","","","","","","","","","","","","5122001020101","","","",""
"有限会社マルヒラ","8471476862276","","","","","","","004-0861","北海道札幌市清田区北野一条一丁目9-34","","","","","","","","","","","","","","","9430002026058","","","",""
"株式会社丸広百貨店","7478699625621","","","","","","","350-0043","埼玉県川越市新富町二丁目6-1","","","","","","","","","","","","","","","7030001055629","","","",""
"有限会社丸福商事","9055538311001","","","","","","","338-0832","埼玉県さいたま市桜区西堀三丁目1-15","","","","","","","","","","","","","","","5030002012639","","","",""
"丸福醬油有限会社","7622040186858","","","","","","","769-1616","香川県観音寺市大野原町福田原97","","","","","","","","","","","","","","","8470002016394","","","",""
"有限会社丸福精肉本店","4531675728810","","","","","","","700-0026","岡山県岡山市北区奉還町四丁目12-12","","","","","","","","","","","","","","","1260002009541","","","",""
"有限会社マルフク百貨店","7999952893718","","","","","","","468-0012","愛知県名古屋市天白区向が丘三丁目303","","","","","","","","","","","","","","","7180002022258","","","",""
"株式会社マルフジ","3778681793261","","","","","","","197-0011","東京都福生市大字福生965","","","","","","","","","","","","","","","2013101001673","","","",""
"株式会社丸藤森トラスト","1069788496810","","","","","","","212-0014","神奈川県川崎市幸区大宮町14","","","","","","","","","","","","","","","7020001083011","","","",""
"マルヘイ株式会社","4830977843786","","","","","","","501-3601","岐阜県関市上之保15147","","","","","","","","","","","","","","","9200001019572","","","",""
"株式会社マルマサ","2394110081634","","","","","","","441-8088","愛知県豊橋市牟呂市場町12-6","","","","","","","","","","","","","","","6180301007258","","","",""
"有限会社丸松酒店","9087956012025","","","","","","","960-0612","福島県伊達市保原町宮下172-2","","","","","","","","","","","","","","","2380002006419","","","",""
"株式会社丸萬","9409926527810","","","","","","","023-1103","岩手県奥州市江刺西大通り7-2","","","","","","","","","","","","","","","4400603000071","","","",""
"有限会社マルマン","3435972766783","","","","","","","100-0402","東京都新島村本村五丁目5-10","","","","","","","","","","","","","","","4010002052720","","","",""
"株式会社マルマンストア","6794670773891","","","","","","","164-0001","東京都中野区中野一丁目60-11","","","","","","","","","","","","","","","5011201005220","","","",""
"有限会社丸味ストアー","1709781659061","","","","","","","785-0610","高知県高岡郡梼原町梼原1170","","","","","","","","","","","","","","","9490002011038","","","",""
"有限会社マルミストアー","1946779538553","","","","","","","599-0303","大阪府泉南郡岬町深日3494-23","","","","","","","","","","","","","","","7120102028227","","","",""
"有限会社まるみつ","5435033605169","","","","","","","963-0112","福島県郡山市安積町成田田中場23","","","","","","","","","","","","","","","8380002014218","","","",""
"有限会社マルミふじやデパート","7403380247115","","","","","","","043-1401","北海道奥尻郡奥尻町字奥尻745","","","","","","","","","","","","","","","5440002009957","","","",""
"株式会社マルミヤストア","1071693736043","","","","","","","876-0815","大分県佐伯市野岡町二丁目1-10","","","","","","","","","","","","","","","2320001009114","","","",""
"有限会社マルモスーパー","3202803408375","","","","","","","431-2214","静岡県浜松市浜名区引佐町横尾886-1","","","","","","","","","","","","","","","7080402016084","","","",""
"有限会社マルモ柳屋商店","7942872054965","","","","","","","399-4101","長野県駒ヶ根市下平3863-1","","","","","","","","","","","","","","","8100002034433","","","",""
"有限会社まるや","1769752827963","","","","","","","870-0115","大分県大分市大字関園775","","","","","","","","","","","","","","","5320002006529","","","",""
"株式会社丸屋","2626153043999","","","","","","","116-0002","東京都荒川区荒川六丁目40-5","","","","","","","","","","","","","","","7011501008862","","","",""
"株式会社マルヤス","8155670524946","","","","","","","569-1142","大阪府高槻市宮田町一丁目26-3","","","","","","","","","","","","","","","2120901038315","","","",""
"株式会社マルヤス","9967038156303","","","","","","","514-0028","三重県津市東丸之内20-10","","","","","","","","","","","","","","","9190001001029","","","",""
"株式会社丸安商店","6903494887099","","","","","","","501-0431","岐阜県本巣郡北方町北方1884-28","","","","","","","","","","","","","","","5200001010155","","","",""
"有限会社丸安ストアー","1591676076611","","","","","","","340-0002","埼玉県草加市青柳七丁目21-10","","","","","","","","","","","","","","","5030002045894","","","",""
"株式会社マルヤス・ストアー","6802811407629","","","","","","","183-0045","東京都府中市美好町二丁目29-7","","","","","","","","","","","","","","","5012401001629","","","",""
"マルヤス電気株式会社","9884255809018","","","","","","","392-0012","長野県諏訪市大字四賀2218-15","","","","","","","","","","","","","","","2100001018665","","","",""
"マルヤスホールディングス株式会社","8131212555823","","","","","","","514-0028","三重県津市東丸之内20-10","","","","","","","","","","","","","","","1190001004724","","","",""
"有限会社まるやま","6206613699074","","","","","","","142-0041","東京都品川区戸越六丁目18-9","","","","","","","","","","","","","","","1010702007893","","","",""
"株式会社丸由","3918246431847","","","","","","","680-0822","鳥取県鳥取市今町二丁目151","","","","","","","","","","","","","","","4270001007534","","","",""
"株式会社マルヨシ","4655228952455","","","","","","","569-0046","大阪府高槻市登町11-16","","","","","","","","","","","","","","","8120901012082","","","",""
"株式会社マルヨシ・エステート","1421037155085","","","","","","","600-8389","京都府京都市下京区四条大宮町19","","","","","","","","","","","","","","","8130001025042","","","",""
"株式会社マルヨシセンター","4642734763907","","","","","","","769-0102","香川県高松市国分寺町国分367-1","","","","","","","","","","","","","","","3470001003902","","","",""
"まるよしデパート株式会社","7774334572181","","","","","","","760-0054","香川県高松市常磐町一丁目6-4","","","","","","","","","","","","","","","2470001003903","","","",""
"有限会社まるよ食品","5400310189745","","","","","","","759-4106","山口県長門市仙崎1151","","","","","","","","","","","","","","","3250002013815","","","",""
"株式会社まるわ","3097847644745","","","","","","","452-0047","愛知県清須市西枇杷島町東笹子原55-2","","","","","","","","","","","","","","","1180001107684","","","",""
"有限会社丸和食品","9508606846720","","","","","","","370-0046","群馬県高崎市江木町985-2","","","","","","","","","","","","","","","7070002012195","","","",""
"マルワ縫製有限会社","2654558726437","","","","","","","438-0071","静岡県磐田市今之浦二丁目15-10","","","","","","","","","","","","","","","9080402019952","","","",""
"株式会社マロード","3814102375504","","","","","","","602-8341","京都府京都市上京区三軒町65-18","","","","","","","","","","","","","","","8130001003907","","","",""
"株式会社万惣","6787727949751","","","","","","","731-5107","広島県広島市佐伯区石内上一丁目8-1","","","","","","","","","","","","","","","1240001010923","","","",""
"株式会社万代","3496382180960","","","","","","","577-0836","大阪府東大阪市渋川町三丁目9-25","","","","","","","","","","","","","","","6120001018791","","","",""
"株式会社三浦かんさく市","4589657352642","","","","","","","856-0846","長崎県大村市日泊町1049-1","","","","","","","","","","","","","","","1310001011781","","","",""
"有限会社三浦青果","2861376092023","","","","","","","982-0805","宮城県仙台市太白区鈎取本町一丁目12-66","","","","","","","","","","","","","","","6370002003941","","","",""
"有限会社三重勤労者百貨店","9313150781047","","","","","","","515-0033","三重県松阪市垣鼻町1465-2","","","","","","","","","","","","","","","3190002014530","","","",""
"協同組合三方ショッピングセンター","7453998591272","","","","","","","919-1331","福井県三方上中郡若狭町鳥浜60-1","","","","","","","","","","","","","","","3210005006489","","","",""
"有限会社みかどや","2354893457241","","","","","","","963-0111","福島県郡山市安積町荒井柴宮山38-23","","","","","","","","","","","","","","","1380002011972","","","",""
"株式会社ＭＩＫＡＮＡパートナーズ","7540252299167","","","","","","","175-0092","東京都板橋区赤塚三丁目28-3","","","","","","","","","","","","","","","4011501000979","","","",""
"株式会社三河屋","2536341535254","","","","","","","485-0000","愛知県小牧市大字間々原新田下新池987","","","","","","","","","","","","","","","8180001076519","","","",""
"有限会社三河屋","7244912968535","","","","","","","324-0613","栃木県那須郡那珂川町馬頭398","","","","","","","","","","","","","","","4060002014261","","","",""
"有限会社みかわや","6857343330015","","","","","","","508-0201","岐阜県中津川市田瀬943-5","","","","","","","","","","","","","","","8200002024721","","","",""
"ミキ産業株式会社","6178203701676","","","","","","","534-0000","大阪府大阪市都島区中野町一丁目8-25","","","","","","","","","","","","","","","6120001040093","","","",""
"株式会社ミキハウストレード","2777712512146","","","","","","","581-0863","大阪府八尾市大字大窪936","","","","","","","","","","","","","","","2122001021580","","","",""
"有限会社三木屋","3629777883953","","","","","","","651-0096","兵庫県神戸市中央区雲井通二丁目4-11","","","","","","","","","","","","","","","2140002016086","","","",""
"三木屋産業株式会社","5116406931475","","","","","","","520-3003","滋賀県栗東市荒張1196-2","","","","","","","","","","","","","","","6160001013525","","","",""
"株式会社ミコー","6444623843594","","","","","","","745-0807","山口県周南市城ケ丘二丁目1-43","","","","","","","","","","","","","","","1250001009304","","","",""
"美郷振興株式会社","4308572239630","","","","","","","699-4621","島根県邑智郡美郷町粕渕92-13","","","","","","","","","","","","","","","9280001004880","","","",""
"有限会社ミサトフーズ","4044118165100","","","","","","","019-1404","秋田県仙北郡美郷町六郷安楽寺298-1","","","","","","","","","","","","","","","7410002012103","","","",""
"美島自動車株式会社","8238070501936","","","","","","","761-4122","香川県小豆郡土庄町上庄1638-1","","","","","","","","","","","","","","","1470001012228","","","",""
"株式会社みしまや","6065959524308","","","","","","","690-0056","島根県松江市雑賀町99","","","","","","","","","","","","","","","9280001002926","","","",""
"株式会社三杉屋","8114561615417","","","","","","","658-0023","兵庫県神戸市東灘区深江浜町164","","","","","","","","","","","","","","","3120901021369","","","",""
"株式会社美寿寿","7879216417613","","","","","","","799-0411","愛媛県四国中央市下柏町750-1","","","","","","","","","","","","","","","4500001014812","","","",""
"株式会社ミスターマックス","2344590327493","","","","","","","812-0064","福岡県福岡市東区松田一丁目5-7","","","","","","","","","","","","","","","7290001076913","","","",""
"三角商事株式会社","2623975212178","","","","","","","812-0011","福岡県福岡市博多区博多駅前二丁目19-27 九勧博多駅前ビル4F","","","","","","","","","","","","","","","6290801015583","","","",""
"有限会社水井商事","4554972654790","","","","","","","671-0207","兵庫県姫路市飾東町山崎459","","","","","","","","","","","","","","","5140002051072","","","",""
"有限会社水幸食品","7595304985075","","","","","","","478-0053","愛知県知多市清水が丘一丁目1805","","","","","","","","","","","","","","","1180002088437","","","",""
"株式会社ミズノ","2516207261338","","","","","","","314-0004","茨城県鹿嶋市大字下津273-50","","","","","","","","","","","","","","","9050001020380","","","",""
"合同会社ミズノ","2236265051360","","","","","","","802-0062","福岡県北九州市小倉北区片野新町三丁目2-8","","","","","","","","","","","","","","","6290803001953","","","",""
"株式会社水野屋商店","6325372434626","","","","","","","160-0021","東京都新宿区歌舞伎町一丁目16-1 今宮ビル","","","","","","","","","","","","","","","3011101020494","","","",""
"株式会社みずほ","6581183647869","","","","","","","036-8184","青森県弘前市大字松森町61-3","","","","","","","","","","","","","","","4420001009762","","","",""
"株式会社みずほ通信販売","7550884112101","","","","","","","190-1221","東京都西多摩郡瑞穂町大字箱根ケ崎93-12","","","","","","","","","","","","","","","3013101005244","","","",""
"有限会社みずもと","2724309453068","","","","","","","866-0081","熊本県八代市植柳上町911","","","","","","","","","","","","","","","3330002027170","","","",""
"株式会社ミゾグチ商事","1704312063752","","","","","","","885-0093","宮崎県都城市志比田町5139-30","","","","","","","","","","","","","","","3350001011900","","","",""
"みぞのくち新都市株式会社","4502187006689","","","","","","","213-0001","神奈川県川崎市高津区溝口一丁目3-1","","","","","","","","","","","","","","","2020001067118","","","",""
"三鷹センター街協同組合","7389255356866","","","","","","","181-0013","東京都三鷹市下連雀三丁目28-23 300号","","","","","","","","","","","","","","","5012405001435","","","",""
"ミタケ商事有限会社","1611923197739","","","","","","","174-0046","東京都板橋区蓮根三丁目13-19","","","","","","","","","","","","","","","3011402008585","","","",""
"有限会社三田商店","9283907425231","","","","","","","410-3514","静岡県賀茂郡西伊豆町仁科813-49","","","","","","","","","","","","","","","2080102021835","","","",""
"道の駅本庄企業組合","7082755208095","","","","","","","690-1114","島根県松江市野原町401-8","","","","","","","","","","","","","","","9280005002575","","","",""
"株式会社みちのくクックサービス","6232137779013","","","","","","","028-8802","岩手県九戸郡洋野町大野第八地割84-2","","","","","","","","","","","","","","","5400001009813","","","",""
"有限会社ミチル","7402605236208","","","","","","","188-0011","東京都西東京市田無町二丁目1-1","","","","","","","","","","","","","","","9012702005985","","","",""
"株式会社ミツイ","9967204739694","","","","","","","869-1602","熊本県阿蘇郡高森町大字高森1652-1","","","","","","","","","","","","","","","4330001022469","","","",""
"株式会社みつい","1423214206015","","","","","","","855-0823","長崎県島原市湊町75","","","","","","","","","","","","","","","9310001009711","","","",""
"株式会社三井庄八商店","7513328946857","","","","","","","111-0032","東京都台東区浅草五丁目64-4","","","","","","","","","","","","","","","3010501013513","","","",""
"三井住友ファイナンス＆リース株式会社","3649222481172","","","","","","","542-0081","大阪府大阪市中央区南船場三丁目10-19","","","","","","","","","","","","","","","5010401072079","","","",""
"株式会社ミッキー","3606536656953","","","","","","","508-0001","岐阜県中津川市中津川2994-7","","","","","","","","","","","","","","","9200001023574","","","",""
"株式会社ミック","8140513459123","","","","","","","453-0855","愛知県名古屋市中村区烏森町六丁目20-1","","","","","","","","","","","","","","","1180001032908","","","",""
"株式会社三越伊勢丹","7719758907286","","","","","","","160-0022","東京都新宿区新宿三丁目14-1","","","","","","","","","","","","","","","4011101059648","","","",""
"有限会社ミツシゲ","3410282676174","","","","","","","900-0025","沖縄県那覇市壺川三丁目5-6","","","","","","","","","","","","","","","9360002004244","","","",""
"三菱マテリアル直島生活協同組合","7883294209069","","","","","","","761-3110","香川県香川郡直島町2526-1","","","","","","","","","","","","","","","6470005001024","","","",""
"株式会社三ツ丸ストア","9038667553020","","","","","","","620-0055","京都府福知山市篠尾新町三丁目116-1","","","","","","","","","","","","","","","8130001041543","","","",""
"有限会社三津屋","8705872526047","","","","","","","214-0032","神奈川県川崎市多摩区枡形五丁目19-7","","","","","","","","","","","","","","","6020002093381","","","",""
"株式会社みつや","1332397833731","","","","","","","241-0014","神奈川県横浜市旭区市沢町300-2","","","","","","","","","","","","","","","1020001005648","","","",""
"有限会社みつる屋","9832267248965","","","","","","","253-0101","神奈川県高座郡寒川町倉見2119-2","","","","","","","","","","","","","","","3021002009909","","","",""
"株式会社三和興産","9772265727370","","","","","","","879-6441","大分県豊後大野市大野町田中241-3","","","","","","","","","","","","","","","3320001009666","","","",""
"みつわ台小売市場協同組合","7254055147928","","","","","","","264-0032","千葉県千葉市若葉区みつわ台三丁目8-1","","","","","","","","","","","","","","","6040005000481","","","",""
"有限会社ミートいしかわ","1150444891271","","","","","","","842-0056","佐賀県神埼市千代田町境原23-3","","","","","","","","","","","","","","","8300002004234","","","",""
"株式会社水戸京成百貨店","9652054840503","","","","","","","310-0026","茨城県水戸市泉町一丁目6-1","","","","","","","","","","","","","","","6050001002497","","","",""
"有限会社ミートセンターあおき","5212556873055","","","","","","","899-8608","鹿児島県曽於市末吉町南之郷4705-1","","","","","","","","","","","","","","","9340002028328","","","",""
"株式会社ミートピアホートク","4101321865328","","","","","","","412-0021","静岡県御殿場市二枚橋493-1","","","","","","","","","","","","","","","9080101004388","","","",""
"有限会社三富屋","5822104085097","","","","","","","238-0313","神奈川県横須賀市武四丁目9-7","","","","","","","","","","","","","","","2021002067131","","","",""
"株式会社みどり","6090083154396","","","","","","","344-0115","埼玉県春日部市米島1133-10","","","","","","","","","","","","","","","2030001051789","","","",""
"株式会社みどり電化チェーン本部","1042388661728","","","","","","","998-0842","山形県酒田市亀ケ崎五丁目3-34","","","","","","","","","","","","","","","8390001006611","","","",""
"株式会社みどりや","5756950557487","","","","","","","350-1215","埼玉県日高市高萩東二丁目24-1","","","","","","","","","","","","","","","4030001089844","","","",""
"株式会社ミドルノート","9521396345204","","","","","","","556-0016","大阪府大阪市浪速区元町一丁目9-12","","","","","","","","","","","","","","","3120001131705","","","",""
"株式会社ミナカワ","8223697366178","","","","","","","277-0051","千葉県柏市加賀一丁目5-5","","","","","","","","","","","","","","","4040001066537","","","",""
"協同組合湊川グルメ","5118530304016","","","","","","","652-0032","兵庫県神戸市兵庫区荒田町四丁目29-24 B105号","","","","","","","","","","","","","","","4140005003220","","","",""
"南魚沼プロダクツ有限会社","5863473156223","","","","","","","949-7302","新潟県南魚沼市浦佐912-2 レインボービル","","","","","","","","","","","","","","","3110002033546","","","",""
"南小樽市場協同組合","5652140435371","","","","","","","047-0004","北海道小樽市新富町12-1","","","","","","","","","","","","","","","2430005007978","","","",""
"株式会社南九州ファミリーマート","1680959036216","","","","","","","890-0067","鹿児島県鹿児島市真砂本町3-67","","","","","","","","","","","","","","","1340001004122","","","",""
"株式会社南塚口センターセブン","4626961522861","","","","","","","661-0012","兵庫県尼崎市南塚口町七丁目1-14","","","","","","","","","","","","","","","8140005011269","","","",""
"株式会社ミナミリアルティパートナーズ","3716936439728","","","","","","","101-0051","東京都千代田区神田神保町一丁目30","","","","","","","","","","","","","","","9010001030169","","","",""
"ミニストップ株式会社","4985992170956","","","","","","","261-0023","千葉県千葉市美浜区中瀬一丁目5-1","","","","","","","","","","","","","","","4010001030181","","","",""
"株式会社ミニボックス","9252135603854","","","","","","","370-0015","群馬県高崎市島野町988-1","","","","","","","","","","","","","","","5070001008510","","","",""
"箕島コーポレーション有限会社","4888719613338","","","","","","","689-3303","鳥取県西伯郡大山町所子261-8","","","","","","","","","","","","","","","5270002008514","","","",""
"有限会社三野商事","4540426734945","","","","","","","764-0016","香川県仲多度郡多度津町東浜7-2","","","","","","","","","","","","","","","7470002012758","","","",""
"有限会社三野スーパー","7245988738692","","","","","","","771-2304","徳島県三好市三野町芝生1217","","","","","","","","","","","","","","","2480002015888","","","",""
"株式会社三原国際ホテル","5201684253453","","","","","","","723-0014","広島県三原市城町一丁目2-1","","","","","","","","","","","","","","","6240001040164","","","",""
"有限会社三原屋商店","4410031522159","","","","","","","299-2843","千葉県鴨川市東江見357","","","","","","","","","","","","","","","5040002101077","","","",""
"有限会社三福屋","4404993760783","","","","","","","246-0013","神奈川県横浜市瀬谷区相沢七丁目48-6","","","","","","","","","","","","","","","3020002001297","","","",""
"株式会社三船商店","3645339856663","","","","","","","709-3602","岡山県久米郡久米南町里方825","","","","","","","","","","","","","","","5260001020272","","","",""
"ミホウジャパン株式会社","1594549202234","","","","","","","107-0052","東京都港区赤坂四丁目9-17","","","","","","","","","","","","","","","7010401087546","","","",""
"株式会社ミーム","8964046496278","","","","","","","150-0001","東京都渋谷区神宮前六丁目29-4 原宿komiyaビル6階","","","","","","","","","","","","","","","4011701016734","","","",""
"株式会社みむら","7310544835606","","","","","","","730-0832","広島県広島市中区江波東一丁目14-32","","","","","","","","","","","","","","","3240001011498","","","",""
"有限会社宮清酒店","3948777088297","","","","","","","192-0051","東京都八王子市元本郷町一丁目23-1 ミレニアムパレス1F","","","","","","","","","","","","","","","4010102006741","","","",""
"宮古空港ターミナル株式会社","9737945949253","","","","","","","906-0013","沖縄県宮古島市平良下里1657-128","","","","","","","","","","","","","","","3360001013805","","","",""
"株式会社都屋ストアー","1219964666843","","","","","","","335-0004","埼玉県蕨市中央三丁目2-4","","","","","","","","","","","","","","","1030001021231","","","",""
"宮崎商事株式会社","6711587262508","","","","","","","125-0052","東京都葛飾区柴又三丁目1-1","","","","","","","","","","","","","","","4011801004779","","","",""
"株式会社宮崎商店","2248858581711","","","","","","","943-0841","新潟県上越市南本町三丁目4-15","","","","","","","","","","","","","","","8110001019450","","","",""
"株式会社宮崎山形屋","3368440927727","","","","","","","880-0805","宮崎県宮崎市橘通東三丁目4-12","","","","","","","","","","","","","","","8350001001938","","","",""
"有限会社美屋ストアー","5180947832427","","","","","","","891-9213","鹿児島県大島郡知名町大字瀬利覚2198-3","","","","","","","","","","","","","","","8340002020418","","","",""
"有限会社宮田酒店","7377777621999","","","","","","","181-0012","東京都三鷹市上連雀一丁目18-3","","","","","","","","","","","","","","","2012402019821","","","",""
"有限会社宮戸屋商店","8697701771618","","","","","","","964-0856","福島県二本松市西町33","","","","","","","","","","","","","","","5380002016613","","","",""
"株式会社みやはら","9348210150037","","","","","","","869-2301","熊本県阿蘇市内牧966","","","","","","","","","","","","","","","7330002023050","","","",""
"宮原産業株式会社","7345842044317","","","","","","","178-0061","東京都練馬区大泉学園町七丁目19-21","","","","","","","","","","","","","","","4011801012443","","","",""
"株式会社宮文","4399264077415","","","","","","","060-0062","北海道札幌市中央区南二条西二丁目7","","","","","","","","","","","","","","","7430001016672","","","",""
"合資会社宮前屋本店","3523324694967","","","","","","","211-0012","神奈川県川崎市中原区中丸子530","","","","","","","","","","","","","","","9020003005639","","","",""
"有限会社みやむら","6845669180915","","","","","","","787-0451","高知県土佐清水市三崎浦四丁目1-5","","","","","","","","","","","","","","","6490002008813","","","",""
"有限会社ミヤモト","1795665803913","","","","","","","704-8117","岡山県岡山市東区西大寺南一丁目2-5","","","","","","","","","","","","","","","4260002009877","","","",""
"有限会社宮本酒店","4624867605482","","","","","","","310-0064","茨城県水戸市栄町一丁目1-22","","","","","","","","","","","","","","","2050002003119","","","",""
"有限会社幸","5264093154949","","","","","","","551-0031","大阪府大阪市大正区泉尾一丁目4-4","","","","","","","","","","","","","","","6120002014749","","","",""
"合同会社幸幸店","5317643054325","","","","","","","144-0055","東京都大田区仲六郷二丁目15-10 不二ビルA1F","","","","","","","","","","","","","","","8010803001137","","","",""
"株式会社みゆき堂本舗","4300626575642","","","","","","","950-3134","新潟県新潟市北区新崎一丁目13-33","","","","","","","","","","","","","","","8110001007876","","","",""
"株式会社ミュークリスタル","3691441999426","","","","","","","005-0014","北海道札幌市南区真駒内幸町二丁目1-12","","","","","","","","","","","","","","","1430001016587","","","",""
"株式会社ミュゲ","8112898631218","","","","","","","167-0043","東京都杉並区上荻四丁目1-8","","","","","","","","","","","","","","","7011001066832","","","",""
"ミュゼオインターナショナル株式会社","2873433779873","","","","","","","532-0011","大阪府大阪市淀川区西中島四丁目7-10 RC新大阪第一4F","","","","","","","","","","","","","","","7120001136254","","","",""
"有限会社美陽商亊","2658315032108","","","","","","","108-0071","東京都港区白金台五丁目18-8","","","","","","","","","","","","","","","8010402010729","","","",""
"三次フードセンター株式会社","1845329177123","","","","","","","728-0017","広島県三次市南畑敷町484","","","","","","","","","","","","","","","4240001024549","","","",""
"合資会社美吉屋酒店","8330398053205","","","","","","","166-0003","東京都杉並区高円寺南三丁目58-29","","","","","","","","","","","","","","","5011303000202","","","",""
"有限会社美頼商事","7062099197341","","","","","","","040-0057","北海道函館市入舟町14-1","","","","","","","","","","","","","","","7440002007265","","","",""
"株式会社ミラックマツヤ","6616847530461","","","","","","","985-0834","宮城県多賀城市丸山一丁目5-30","","","","","","","","","","","","","","","1370601000872","","","",""
"ミリオン株式会社","5886109648195","","","","","","","556-0011","大阪府大阪市浪速区難波中一丁目10-10 1F","","","","","","","","","","","","","","","5120001163663","","","",""
"株式会社ミリオンショップ江戸や","6261184617883","","","","","","","252-0334","神奈川県相模原市南区若松三丁目48-23","","","","","","","","","","","","","","","3021001014133","","","",""
"株式会社ミワ商店","8784963903720","","","","","","","769-1101","香川県三豊市詫間町詫間6784-49","","","","","","","","","","","","","","","9470001008458","","","",""
"有限会社武笠ストアー","7121144859460","","","","","","","330-0044","埼玉県さいたま市浦和区瀬ヶ崎三丁目5-15","","","","","","","","","","","","","","","5030002013389","","","",""
"株式会社無何有ショップ","4082766867860","","","","","","","922-0242","石川県加賀市山代温泉五五1-3","","","","","","","","","","","","","","","1220001020726","","","",""
"武蔵産業株式会社","2328372826067","","","","","","","343-0031","埼玉県越谷市大字大里624-1","","","","","","","","","","","","","","","3030001051524","","","",""
"株式会社武藤商店","1676952925185","","","","","","","451-0012","愛知県名古屋市西区稲生町杁先2200-142","","","","","","","","","","","","","","","8180001027331","","","",""
"有限会社ムナカタ","6382039013389","","","","","","","030-0142","青森県青森市大字野木野尻60-9","","","","","","","","","","","","","","","1420002002926","","","",""
"株式会社ムーミー","5629612044245","","","","","","","761-0443","香川県高松市川島東町520","","","","","","","","","","","","","","","6470001004006","","","",""
"株式会社村井商事","9697297711551","","","","","","","283-0101","千葉県山武郡九十九里町作田2258","","","","","","","","","","","","","","","5040001057469","","","",""
"株式会社ムラウチドットコム","3718184422735","","","","","","","192-0906","東京都八王子市北野町598-2","","","","","","","","","","","","","","","6010101006625","","","",""
"株式会社ムラカミ","1961320952056","","","","","","","722-0031","広島県尾道市三軒家町6-18","","","","","","","","","","","","","","","1240001038634","","","",""
"有限会社村上商事","6253618789895","","","","","","","329-1232","栃木県塩谷郡高根沢町光陽台一丁目9-3 JAしおのや2F","","","","","","","","","","","","","","","5060002012339","","","",""
"株式会社村上商店","9425460715845","","","","","","","735-0013","広島県安芸郡府中町浜田一丁目1-2","","","","","","","","","","","","","","","2240001036637","","","",""
"有限会社むらかみストアー","1686159792291","","","","","","","729-0141","広島県尾道市高須町938-5","","","","","","","","","","","","","","","8240002051588","","","",""
"株式会社村川プロパン","5281754755789","","","","","","","811-5511","長崎県壱岐市勝本町仲触468-14","","","","","","","","","","","","","","","8310001015628","","","",""
"株式会社ムラサキスポーツ","2281543977437","","","","","","","110-0005","東京都台東区上野七丁目14-5","","","","","","","","","","","","","","","1010501033760","","","",""
"株式会社室辰商店","3584434473513","","","","","","","672-8052","兵庫県姫路市飾磨区玉地13","","","","","","","","","","","","","","","3140001061891","","","",""
"株式会社室戸ショッピングセンター","4542630902486","","","","","","","781-7103","高知県室戸市浮津37-1","","","","","","","","","","","","","","","5490001006843","","","",""
"株式会社メイカ","3071326829994","","","","","","","590-0018","大阪府堺市堺区今池町四丁3-10","","","","","","","","","","","","","","","5120001164802","","","",""
"明治信和産業株式会社","3181879666644","","","","","","","088-0573","北海道白糠郡白糠町西庶路東一条北三丁目1-7","","","","","","","","","","","","","","","8460001001828","","","",""
"株式会社明治ナイスデイ","5453372545134","","","","","","","136-0075","東京都江東区新砂一丁目2-10","","","","","","","","","","","","","","","2010001138299","","","",""
"株式会社明治屋食品","4712536714886","","","","","","","818-0105","福岡県太宰府市都府楼南四丁目11-1","","","","","","","","","","","","","","","1290001041229","","","",""
"株式会社名鉄百貨店","8963581874014","","","","","","","450-0002","愛知県名古屋市中村区名駅一丁目2-1","","","","","","","","","","","","","","","4180001033069","","","",""
"株式会社名東水園","8109494257505","","","","","","","480-1144","愛知県長久手市熊田506","","","","","","","","","","","","","","","6180001003053","","","",""
"有限会社明熊商会","7826226366743","","","","","","","861-0564","熊本県山鹿市鹿央町広238-2","","","","","","","","","","","","","","","9330002019518","","","",""
"株式会社メガネの金安","3839518836876","","","","","","","085-0061","北海道釧路市芦野三丁目8-5","","","","","","","","","","","","","","","8460001001836","","","",""
"株式会社ＭＥＧＵコーポレーション","5954419278256","","","","","","","665-0827","兵庫県宝塚市小浜三丁目1-27","","","","","","","","","","","","","","","4140001083761","","","",""
"ＭＥＤ　Ｃｏｍｍｕｎｉｃａｔｉｏｎｓ株式会社","7777808854523","","","","","","","108-0075","東京都港区港南二丁目16-1 品川イーストワンタワー5階","","","","","","","","","","","","","","","9010401089706","","","",""
"株式会社メディアワークス・ブルーム","7981648711351","","","","","","","108-0014","東京都港区芝五丁目31-10 サンシャインビル4F","","","","","","","","","","","","","","","4010401056462","","","",""
"有限会社メネット","2018988101169","","","","","","","862-0941","熊本県熊本市中央区出水一丁目4-33 501号","","","","","","","","","","","","","","","7330002014223","","","",""
"メリーベ有限会社","4438640250003","","","","","","","810-0042","福岡県福岡市中央区赤坂二丁目5-45 601号","","","","","","","","","","","","","","","6290002028807","","","",""
"株式会社メルヴェーユ","3916849071920","","","","","","","810-0001","福岡県福岡市中央区天神一丁目13-28","","","","","","","","","","","","","","","2290001004184","","","",""
"株式会社メールオーダーハウス","7145097953861","","","","","","","555-0043","大阪府大阪市西淀川区大野一丁目11-23","","","","","","","","","","","","","","","5120001099288","","","",""
"株式会社メルヘン","2292695928147","","","","","","","531-0074","大阪府大阪市北区本庄東一丁目6-21","","","","","","","","","","","","","","","5120002033072","","","",""
"有限会社モア","4092404473165","","","","","","","918-8015","福井県福井市花堂南二丁目16-1","","","","","","","","","","","","","","","6210002003635","","","",""
"株式会社モエールオンライン","7515965045149","","","","","","","140-0004","東京都品川区南品川四丁目4-17 品川サウスタワー","","","","","","","","","","","","","","","3011101061786","","","",""
"株式会社最上鮮魚","7005342800171","","","","","","","802-0003","福岡県北九州市小倉北区米町二丁目1-2 小倉第一生命ビル5階","","","","","","","","","","","","","","","2290801020760","","","",""
"有限会社もくば工房","3418205116509","","","","","","","529-1642","滋賀県蒲生郡日野町大字上野田445","","","","","","","","","","","","","","","1160002010055","","","",""
"有限会社モクモク","8773573739791","","","","","","","919-0413","福井県坂井市春江町随応寺16-11","","","","","","","","","","","","","","","9210002003640","","","",""
"株式会社モーターマガジン社","1445336224150","","","","","","","105-0004","東京都港区新橋五丁目33-10","","","","","","","","","","","","","","","1010401029504","","","",""
"有限会社望月商事","5104783174261","","","","","","","330-0802","埼玉県さいたま市大宮区宮町一丁目38","","","","","","","","","","","","","","","4030002013704","","","",""
"合同会社望月商事","7698566865965","","","","","","","220-0003","神奈川県横浜市西区楠町11-5 ウィング横浜701号","","","","","","","","","","","","","","","9020003009623","","","",""
"株式会社もったいない村","1847785190721","","","","","","","949-5213","新潟県長岡市小国町法坂720-1","","","","","","","","","","","","","","","5110001025939","","","",""
"茂木機工株式会社","9568678197951","","","","","","","328-0014","栃木県栃木市泉町24-22","","","","","","","","","","","","","","","9060001016659","","","",""
"有限会社もとねや","6654743035787","","","","","","","384-0006","長野県小諸市与良町四丁目4-9","","","","","","","","","","","","","","","6100002012754","","","",""
"株式会社モノスミカ","5811127953915","","","","","","","090-0837","北海道北見市中央三輪一丁目421-58","","","","","","","","","","","","","","","9460301000826","","","",""
"株式会社モノハブ","9765767676419","","","","","","","150-0043","東京都渋谷区道玄坂一丁目10-8","","","","","","","","","","","","","","","3012401021777","","","",""
"株式会社モノポート","9905275216507","","","","","","","351-0036","埼玉県朝霞市北原二丁目5-5","","","","","","","","","","","","","","","5030001047958","","","",""
"株式会社Ｍｏｎｏ‐ｙａ","1228982805357","","","","","","","151-0053","東京都渋谷区代々木一丁目19-12 新代々木ビル303","","","","","","","","","","","","","","","6330001025164","","","",""
"株式会社モノラベル","7064907082980","","","","","","","530-0044","大阪府大阪市北区東天満一丁目3-3 ロイヤル東天満ビル5階","","","","","","","","","","","","","","","1120001185505","","","",""
"株式会社モバイルネクスト","1809923750130","","","","","","","261-0011","千葉県千葉市美浜区真砂三丁目18-2 棟608号","","","","","","","","","","","","","","","2040002015180","","","",""
"有限会社茂原マーケットプレイス","8376765747182","","","","","","","297-0026","千葉県茂原市茂原11-1","","","","","","","","","","","","","","","4040002081931","","","",""
"有限会社モモ助商店","1360456580590","","","","","","","193-0804","東京都八王子市清川町8-12","","","","","","","","","","","","","","","8010102010938","","","",""
"株式会社モーリ","8594261646541","","","","","","","658-0081","兵庫県神戸市東灘区田中町一丁目6-11","","","","","","","","","","","","","","","2140001002649","","","",""
"株式会社モリ","6865468809944","","","","","","","173-0004","東京都板橋区板橋一丁目35-10","","","","","","","","","","","","","","","7013301038305","","","",""
"協同組合盛岡南ショッピングセンター","5075034207526","","","","","","","028-3307","岩手県紫波郡紫波町桜町一丁目12-1","","","","","","","","","","","","","","","8400005002448","","","",""
"株式会社森開発不動産","8520031286060","","","","","","","420-0923","静岡県静岡市葵区川合三丁目11-22","","","","","","","","","","","","","","","7080001006305","","","",""
"有限会社森共同購買会","5375920839621","","","","","","","049-2326","北海道茅部郡森町字御幸町23-8","","","","","","","","","","","","","","","4440002009314","","","",""
"有限会社森倉商店","3738684439253","","","","","","","260-0801","千葉県千葉市中央区仁戸名町726","","","","","","","","","","","","","","","1040002011750","","","",""
"森澤商事株式会社","3893119299948","","","","","","","652-0811","兵庫県神戸市兵庫区新開地六丁目1-9","","","","","","","","","","","","","","","8140001014390","","","",""
"有限会社森沢商店","6649111468586","","","","","","","206-0003","東京都多摩市東寺方563","","","","","","","","","","","","","","","1013402003048","","","",""
"株式会社森食品","6843642108019","","","","","","","635-0092","奈良県大和高田市大中南町6-6","","","","","","","","","","","","","","","4150001013552","","","",""
"有限会社森田質店","5296592243516","","","","","","","420-0037","静岡県静岡市葵区人宿町一丁目4-4","","","","","","","","","","","","","","","9080002005964","","","",""
"森田酒造株式会社","3410845721455","","","","","","","710-0054","岡山県倉敷市本町8-8","","","","","","","","","","","","","","","5260001015025","","","",""
"株式会社森鳰酒店","4138485649636","","","","","","","722-0341","広島県尾道市御調町神98-1","","","","","","","","","","","","","","","9240001038874","","","",""
"合同会社森の風商事","2079230549859","","","","","","","976-0003","福島県相馬市塚部聖25","","","","","","","","","","","","","","","9380003002419","","","",""
"株式会社森秀","2653651373605","","","","","","","100-1511","東京都八丈町三根7005-1","","","","","","","","","","","","","","","6010001131333","","","",""
"森ビル流通システム株式会社","7689748972227","","","","","","","150-0001","東京都渋谷区神宮前一丁目9-13","","","","","","","","","","","","","","","1011001040264","","","",""
"有限会社森本店","2044979487893","","","","","","","370-0532","群馬県邑楽郡大泉町坂田四丁目7-17","","","","","","","","","","","","","","","5070002031296","","","",""
"株式会社モリモト","6368848702609","","","","","","","771-0143","徳島県徳島市川内町中島77-3","","","","","","","","","","","","","","","7480001002346","","","",""
"株式会社モリモトドラッグ","8133153341089","","","","","","","547-0044","大阪府大阪市平野区平野本町四丁目7-5","","","","","","","","","","","","","","","7120001021902","","","",""
"有限会社森安商店","1212260591606","","","","","","","709-3906","岡山県津山市加茂町小中原40-8 地","","","","","","","","","","","","","","","8260002029599","","","",""
"株式会社モリヤマ","8969439632666","","","","","","","720-0824","広島県福山市多治米町一丁目15-3","","","","","","","","","","","","","","","2240001032396","","","",""
"株式会社モリワキ","3633202946760","","","","","","","063-0062","北海道札幌市西区西町南七丁目4-15","","","","","","","","","","","","","","","9430001017116","","","",""
"有限会社モロホシ","3131755781456","","","","","","","418-0039","静岡県富士宮市野中858-10","","","","","","","","","","","","","","","5080102017376","","","",""
"有限会社モンエルユウ","5190044219119","","","","","","","168-0064","東京都杉並区永福四丁目1-5","","","","","","","","","","","","","","","2011302015385","","","",""
"株式会社モンド","9007108234154","","","","","","","509-5154","岐阜県土岐市泉西山町一丁目3","","","","","","","","","","","","","","","5200001022885","","","",""
"株式会社モンペリエちとせや","9035240635469","","","","","","","610-1127","京都府京都市西京区大原野上里鳥見町14-10","","","","","","","","","","","","","","","3130001008786","","","",""
"有限会社ヤオイ","3887034561902","","","","","","","490-1222","愛知県あま市木田池ノ島89","","","","","","","","","","","","","","","6180002092715","","","",""
"有限会社やおかね","4703683850362","","","","","","","305-0051","茨城県つくば市二の宮三丁目24-13","","","","","","","","","","","","","","","8050002022237","","","",""
"有限会社八百賢","5950476348795","","","","","","","130-0026","東京都墨田区両国三丁目20-5","","","","","","","","","","","","","","","7010602016130","","","",""
"有限会社八百源","6836080135153","","","","","","","513-1123","三重県鈴鹿市下大久保町766-1","","","","","","","","","","","","","","","9190002007248","","","",""
"株式会社ヤオコー","8468185205688","","","","","","","350-1124","埼玉県川越市新宿町一丁目10-1","","","","","","","","","","","","","","","4030001055722","","","",""
"有限会社八百清商店","8894513082664","","","","","","","412-0028","静岡県御殿場市御殿場178-3","","","","","","","","","","","","","","","9080102007563","","","",""
"株式会社ヤオトク","7002589120684","","","","","","","389-0104","長野県北佐久郡軽井沢町軽井沢東195","","","","","","","","","","","","","","","5100001008952","","","",""
"株式会社八百半フードセンター","7203484209918","","","","","","","322-0066","栃木県鹿沼市上田町2341","","","","","","","","","","","","","","","4060001010658","","","",""
"株式会社八百彦商店","2399588036846","","","","","","","636-0021","奈良県北葛城郡王寺町畠田四丁目419-3","","","","","","","","","","","","","","","3150001013611","","","",""
"株式会社矢尾百貨店","4958295249456","","","","","","","368-0035","埼玉県秩父市上町一丁目5-9","","","","","","","","","","","","","","","5030001090974","","","",""
"株式会社ヤオヒロ","7995725213332","","","","","","","362-0076","埼玉県上尾市弁財一丁目5-30","","","","","","","","","","","","","","","8030001043995","","","",""
"有限会社八百福","2372955258644","","","","","","","251-0032","神奈川県藤沢市片瀬五丁目6-7","","","","","","","","","","","","","","","3021002005049","","","",""
"ヤオマサ株式会社","7530680639883","","","","","","","256-0813","神奈川県小田原市前川183-13","","","","","","","","","","","","","","","2021001033233","","","",""
"有限会社ヤオミ","6758805834038","","","","","","","121-0822","東京都足立区西竹の塚一丁目14-6","","","","","","","","","","","","","","","8011802019632","","","",""
"やおよろず株式会社","2047819215776","","","","","","","520-0044","滋賀県大津市京町三丁目3-22","","","","","","","","","","","","","","","5160001019151","","","",""
"有限会社八木倉","4366775206341","","","","","","","422-0000","静岡県静岡市駿河区馬渕二丁目7-8","","","","","","","","","","","","","","","1080002005988","","","",""
"株式会社ヤギコーポレーション","4620487670502","","","","","","","920-0061","石川県金沢市問屋町二丁目80","","","","","","","","","","","","","","","2220001007128","","","",""
"株式会社八木橋","3656503163948","","","","","","","360-0047","埼玉県熊谷市仲町74","","","","","","","","","","","","","","","2030001085291","","","",""
"株式会社ヤギヤ","2163839884084","","","","","","","190-0012","東京都立川市曙町二丁目32-14","","","","","","","","","","","","","","","4012801001659","","","",""
"役に立つ株式会社","8233176512482","","","","","","","160-0023","東京都新宿区西新宿一丁目26-2 新宿野村ビル32階","","","","","","","","","","","","","","","9010001170568","","","",""
"有限会社薬理学ティーオー商事","9062857033932","","","","","","","177-0053","東京都練馬区関町南四丁目9-20 603号","","","","","","","","","","","","","","","1011602021167","","","",""
"株式会社やぐら","9891195994146","","","","","","","156-0041","東京都世田谷区大原二丁目17-12","","","","","","","","","","","","","","","6010901041350","","","",""
"有限会社矢倉商事","2390332708205","","","","","","","399-3303","長野県下伊那郡松川町元大島1259","","","","","","","","","","","","","","","3100002038463","","","",""
"和の屋株式会社","1652625874135","","","","","","","444-0301","愛知県西尾市田貫町西之川92","","","","","","","","","","","","","","","1180301028069","","","",""
"有限会社やさいハウス","3270263285254","","","","","","","259-1127","神奈川県伊勢原市上谷759","","","","","","","","","","","","","","","2021002035641","","","",""
"株式会社やさいひろば","9351636873200","","","","","","","807-0133","福岡県遠賀郡芦屋町大字芦屋13-4","","","","","","","","","","","","","","","8290801024921","","","",""
"有限会社ヤザワストア","4880933424362","","","","","","","866-0877","熊本県八代市田中北町11-3-2","","","","","","","","","","","","","","","5330002026906","","","",""
"株式会社やしろ","1637444561118","","","","","","","248-0005","神奈川県鎌倉市雪ノ下一丁目8-31","","","","","","","","","","","","","","","2021001053553","","","",""
"株式会社ヤスサキ","7467197237581","","","","","","","910-0838","福井県福井市新保北一丁目303","","","","","","","","","","","","","","","4210001004215","","","",""
"株式会社ヤス商会","1023483178239","","","","","","","854-0022","長崎県諫早市幸町56-22","","","","","","","","","","","","","","","1290001030470","","","",""
"有限会社やすだ","5838783439513","","","","","","","368-0046","埼玉県秩父市宮側町14-15","","","","","","","","","","","","","","","6030002121827","","","",""
"株式会社ヤスダ","6336701046101","","","","","","","010-0821","秋田県秋田市濁川後田65-30","","","","","","","","","","","","","","","7410001002550","","","",""
"株式会社やすや","6962610847639","","","","","","","812-0062","福岡県福岡市東区松島一丁目15-26","","","","","","","","","","","","","","","3290001028315","","","",""
"有限会社八瀬尾酒店","7522603480857","","","","","","","890-0054","鹿児島県鹿児島市荒田一丁目9-2","","","","","","","","","","","","","","","6340002009850","","","",""
"有限会社矢田製茶","1264845155532","","","","","","","512-1105","三重県四日市市水沢町4071-1","","","","","","","","","","","","","","","1190002022452","","","",""
"有限会社谷津製作所","4377922304836","","","","","","","340-0031","埼玉県草加市新里町73-25","","","","","","","","","","","","","","","5030002046083","","","",""
"株式会社八藤丸","7289772119745","","","","","","","532-0025","大阪府大阪市淀川区新北野三丁目2-2 308号","","","","","","","","","","","","","","","6120001057749","","","",""
"株式会社ヤナギ","7968010987709","","","","","","","479-0837","愛知県常滑市新開町三丁目60","","","","","","","","","","","","","","","7180001093085","","","",""
"株式会社柳田","2472249372803","","","","","","","123-0864","東京都足立区鹿浜二丁目26-1","","","","","","","","","","","","","","","6011801013968","","","",""
"株式会社柳屋","8743407749335","","","","","","","134-0013","東京都江戸川区江戸川六丁目27","","","","","","","","","","","","","","","9011701007943","","","",""
"有限会社ヤネヤ","4830690608500","","","","","","","279-0041","千葉県浦安市堀江三丁目20-4","","","","","","","","","","","","","","","8040002041857","","","",""
"株式会社矢野","5269350821061","","","","","","","762-0011","香川県坂出市江尻町1065-2 202号","","","","","","","","","","","","","","","5480001008915","","","",""
"ヤノ株式会社","6959100923548","","","","","","","629-2251","京都府宮津市字須津413-48","","","","","","","","","","","","","","","6130001040605","","","",""
"藪野産業有限会社","3390142923151","","","","","","","559-0014","大阪府大阪市住之江区北島三丁目13-10","","","","","","","","","","","","","","","2120002017029","","","",""
"有限会社山石屋","5138010102545","","","","","","","350-1101","埼玉県川越市大字的場944-2","","","","","","","","","","","","","","","5030002075405","","","",""
"株式会社山一","8765062353010","","","","","","","332-0017","埼玉県川口市栄町三丁目12-1","","","","","","","","","","","","","","","8030001077606","","","",""
"株式会社ヤマイチ","8116767910852","","","","","","","132-0024","東京都江戸川区一之江四丁目14-14","","","","","","","","","","","","","","","1011701007959","","","",""
"山一畠山株式会社","5850695517329","","","","","","","030-0903","青森県青森市栄町一丁目12-3","","","","","","","","","","","","","","","4420001001736","","","",""
"山内興産株式会社","2143144378779","","","","","","","870-0847","大分県大分市広瀬町二丁目2-41","","","","","","","","","","","","","","","5320001002751","","","",""
"有限会社山英小新商店","6068405583234","","","","","","","097-0002","北海道稚内市潮見二丁目8-20","","","","","","","","","","","","","","","2450002011205","","","",""
"有限会社ヤマオー事務機","9490063262930","","","","","","","164-0014","東京都中野区南台二丁目49-8","","","","","","","","","","","","","","","8011202006140","","","",""
"株式会社やまか","7019602174103","","","","","","","251-0862","神奈川県藤沢市稲荷520","","","","","","","","","","","","","","","3021001002286","","","",""
"株式会社山形屋","1286554046827","","","","","","","892-0828","鹿児島県鹿児島市金生町3-1","","","","","","","","","","","","","","","7340001004414","","","",""
"株式会社山形屋ストア","3689291157700","","","","","","","892-0827","鹿児島県鹿児島市中町10-15","","","","","","","","","","","","","","","2340001004419","","","",""
"山形多田青果株式会社","8844635624857","","","","","","","990-0034","山形県山形市東原町三丁目1-2","","","","","","","","","","","","","","","2390001002120","","","",""
"有限会社やまがた特産屋","3552343011063","","","","","","","997-0161","山形県鶴岡市羽黒町押口川端13-28","","","","","","","","","","","","","","","2390002010460","","","",""
"株式会社ヤマキ","9427749328560","","","","","","","492-8162","愛知県稲沢市井之口小番戸町46","","","","","","","","","","","","","","","1180001086219","","","",""
"株式会社ヤマキ鈴木商店","2298095447472","","","","","","","061-1113","北海道北広島市共栄町一丁目1-14","","","","","","","","","","","","","","","6430001033628","","","",""
"ヤマキストアー有限会社","6513180943583","","","","","","","794-0002","愛媛県今治市大浜町二丁目2-23","","","","","","","","","","","","","","","5500002019322","","","",""
"株式会社やまき三春屋","2854250681543","","","","","","","031-0042","青森県八戸市大字十三日町13","","","","","","","","","","","","","","","9420001016770","","","",""
"株式会社山久","6439446671168","","","","","","","293-0006","千葉県富津市下飯野1097","","","","","","","","","","","","","","","6040001052048","","","",""
"株式会社ヤマグチ","2806986475609","","","","","","","811-5131","長崎県壱岐市郷ノ浦町永田触268","","","","","","","","","","","","","","","1310001010156","","","",""
"株式会社山口井筒屋","1406930476266","","","","","","","802-0007","福岡県北九州市小倉北区船場町1-1","","","","","","","","","","","","","","","8250001001816","","","",""
"有限会社山口青果","7512920762363","","","","","","","893-0014","鹿児島県鹿屋市寿七丁目5-28","","","","","","","","","","","","","","","2340002026651","","","",""
"有限会社山口屋商店","9042011410678","","","","","","","270-1421","千葉県白井市白井435-2","","","","","","","","","","","","","","","6040002057970","","","",""
"株式会社山憲商店","8843717000647","","","","","","","501-2516","岐阜県岐阜市北野南108","","","","","","","","","","","","","","","3200001005586","","","",""
"株式会社ヤマケンファースト","6600380430421","","","","","","","135-0061","東京都江東区豊洲一丁目2-33","","","","","","","","","","","","","","","5010601051650","","","",""
"株式会社山越","3703112945441","","","","","","","920-0000","石川県金沢市千木町ル70-1","","","","","","","","","","","","","","","2220001003168","","","",""
"株式会社やまさ","1694827182617","","","","","","","614-8327","京都府八幡市橋本栗ケ谷44-62","","","","","","","","","","","","","","","7130001038243","","","",""
"株式会社ヤマサキ","9228790641648","","","","","","","849-2303","佐賀県武雄市山内町大字三間坂甲15899","","","","","","","","","","","","","","","8300001005357","","","",""
"有限会社やまさきショップ","9246580605960","","","","","","","729-0105","広島県福山市南松永町一丁目19-32","","","","","","","","","","","","","","","2240002043533","","","",""
"有限会社ヤマサ商事","9440534733964","","","","","","","297-0029","千葉県茂原市高師845","","","","","","","","","","","","","","","2040002081792","","","",""
"有限会社ヤマサン","3677612188817","","","","","","","981-2102","宮城県伊具郡丸森町舘矢間舘山直洲205-1","","","","","","","","","","","","","","","2370102001758","","","",""
"株式会社ヤマザワ","1161685339494","","","","","","","990-0025","山形県山形市あこや町三丁目8-9","","","","","","","","","","","","","","","9390001002171","","","",""
"株式会社山下材木店","7273519790951","","","","","","","243-0801","神奈川県厚木市上依知1363-4","","","","","","","","","","","","","","","8021002033532","","","",""
"有限会社山下食料品店","9614526592566","","","","","","","439-0006","静岡県菊川市堀之内1429","","","","","","","","","","","","","","","2080402018795","","","",""
"有限会社ヤマショー","1337987502744","","","","","","","519-3405","三重県北牟婁郡紀北町船津1079","","","","","","","","","","","","","","","5190002005627","","","",""
"有限会社やましょう","8904688711266","","","","","","","998-0024","山形県酒田市御成町4-16","","","","","","","","","","","","","","","2390002008083","","","",""
"株式会社山高","5053869036571","","","","","","","252-0805","神奈川県藤沢市円行二丁目28-5","","","","","","","","","","","","","","","6021001002300","","","",""
"有限会社山田商店","3004153363717","","","","","","","610-0111","京都府城陽市富野西垣内11","","","","","","","","","","","","","","","1130002030881","","","",""
"ヤマダストアー株式会社","5372246762047","","","","","","","671-1561","兵庫県揖保郡太子町鵤495-1","","","","","","","","","","","","","","","9140001038736","","","",""
"有限会社山田文華堂","9090296782203","","","","","","","939-1576","富山県南砺市やかた310","","","","","","","","","","","","","","","9230002009578","","","",""
"山田紡績株式会社","9192639675225","","","","","","","475-0058","愛知県半田市乙川吉野町9","","","","","","","","","","","","","","","3180001092140","","","",""
"株式会社ヤマダヤ","6733010744816","","","","","","","685-0025","島根県隠岐郡隠岐の島町平431-1","","","","","","","","","","","","","","","9280001005433","","","",""
"有限会社山田屋","8746879383965","","","","","","","240-0045","神奈川県横浜市保土ケ谷区川島町1498","","","","","","","","","","","","","","","4020002025097","","","",""
"有限会社山田屋","3584597816378","","","","","","","355-0072","埼玉県東松山市大字石橋282","","","","","","","","","","","","","","","3030002096411","","","",""
"株式会社山田屋","5750706541568","","","","","","","967-0603","福島県南会津郡南会津町大新田松原上1062-1","","","","","","","","","","","","","","","8380001019234","","","",""
"有限会社山鉄総本店","6424126969179","","","","","","","254-0802","神奈川県平塚市札場町14-16","","","","","","","","","","","","","","","5021002060050","","","",""
"株式会社倭","8227343930348","","","","","","","519-2412","三重県多気郡大台町菅合666-1","","","","","","","","","","","","","","","5190001023035","","","",""
"株式会社大和","1216632528961","","","","","","","399-8204","長野県安曇野市豊科高家1178-11","","","","","","","","","","","","","","","4010001170085","","","",""
"株式会社ヤマトク","1734175138912","","","","","","","981-0104","宮城県宮城郡利府町中央三丁目4-1","","","","","","","","","","","","","","","9370601000907","","","",""
"有限会社ヤマトストアー","8221812524593","","","","","","","442-0062","愛知県豊川市本野町東浦9","","","","","","","","","","","","","","","1180302014150","","","",""
"ヤマトストアー株式会社","9564561988261","","","","","","","870-1132","大分県大分市大字光吉1124-6","","","","","","","","","","","","","","","6320201000166","","","",""
"株式会社大和ネットサービス","1039360520418","","","","","","","547-0004","大阪府大阪市平野区加美鞍作三丁目9-1","","","","","","","","","","","","","","","7120001106967","","","",""
"有限会社ヤマトヤ","3070286626606","","","","","","","300-4245","茨城県つくば市水守1264-2","","","","","","","","","","","","","","","5050002022223","","","",""
"株式会社大和屋","2961187735399","","","","","","","646-0011","和歌山県田辺市新庄町407","","","","","","","","","","","","","","","1170001008966","","","",""
"有限会社大和屋商店","5645684906908","","","","","","","949-7137","新潟県南魚沼市上原161-3","","","","","","","","","","","","","","","9110002033375","","","",""
"有限会社大和屋商店","3361331042764","","","","","","","330-0061","埼玉県さいたま市浦和区常盤五丁目17-12","","","","","","","","","","","","","","","9030002008154","","","",""
"株式会社ヤマナカ","5319865793948","","","","","","","453-0862","愛知県名古屋市中村区岩塚町西枝1-1","","","","","","","","","","","","","","","8180001018537","","","",""
"山梨交通株式会社","5810351765668","","","","","","","400-0035","山梨県甲府市飯田三丁目2-34","","","","","","","","","","","","","","","3090001002199","","","",""
"株式会社山梨さえき","3999609073417","","","","","","","403-0009","山梨県富士吉田市富士見六丁目11-23","","","","","","","","","","","","","","","1090001009766","","","",""
"株式会社ヤマノ","1354032251335","","","","","","","803-0843","福岡県北九州市小倉北区金鶏町13-24","","","","","","","","","","","","","","","2290801007527","","","",""
"有限会社山之口ストア","2479186941033","","","","","","","895-2103","鹿児島県薩摩郡さつま町紫尾5517-2","","","","","","","","","","","","","","","3340002018441","","","",""
"有限会社山のデパートホソカワ","2783548445945","","","","","","","377-1412","群馬県吾妻郡長野原町大字北軽井沢1924","","","","","","","","","","","","","","","5070002036948","","","",""
"株式会社山信商店","1494178948484","","","","","","","470-0341","愛知県豊田市上原町一丁田30-1 ドラッグスギヤマ2階","","","","","","","","","","","","","","","7180301019500","","","",""
"有限会社やまはる","7710886048811","","","","","","","031-0824","青森県八戸市旭ケ丘一丁目1-20","","","","","","","","","","","","","","","7420002009156","","","",""
"株式会社山彦","6439831797844","","","","","","","492-8219","愛知県稲沢市稲葉二丁目6-15","","","","","","","","","","","","","","","5180001086149","","","",""
"有限会社山不二ストアー","7407102153175","","","","","","","252-1132","神奈川県綾瀬市寺尾中三丁目12-26","","","","","","","","","","","","","","","5021002048112","","","",""
"株式会社やまぶき","9953985073481","","","","","","","430-0933","静岡県浜松市中央区鍛冶町140","","","","","","","","","","","","","","","2080401011082","","","",""
"株式会社ヤマヘイ","3806269132228","","","","","","","965-0827","福島県会津若松市門田町大字堤沢下村11","","","","","","","","","","","","","","","2380001017937","","","",""
"有限会社山万茶業","7590166025481","","","","","","","421-0422","静岡県牧之原市静波2597","","","","","","","","","","","","","","","6080002015297","","","",""
"有限会社山道商店","6533457657249","","","","","","","431-4101","静岡県浜松市天竜区水窪町奥領家3366-2","","","","","","","","","","","","","","","6080402016655","","","",""
"株式会社山室食料品店","9049955151793","","","","","","","506-0021","岐阜県高山市名田町三丁目98","","","","","","","","","","","","","","","3200001025254","","","",""
"有限会社山本建設","5254683280676","","","","","","","071-8121","北海道旭川市末広東一条九丁目2-2","","","","","","","","","","","","","","","2450002005925","","","",""
"有限会社ヤマヨ商店","9594666213273","","","","","","","299-0116","千葉県市原市迎田日渡630-4","","","","","","","","","","","","","","","1040002075548","","","",""
"有限会社ヤマヨストアー","8045516767732","","","","","","","601-0754","京都府南丹市美山町和泉蛭子44-1","","","","","","","","","","","","","","","9130002028530","","","",""
"株式会社ヤマヨ十和田店","7866174887804","","","","","","","034-0017","青森県十和田市東二番町8-5","","","","","","","","","","","","","","","9420001012051","","","",""
"株式会社ヤマワ","3477339865840","","","","","","","509-0141","岐阜県各務原市鵜沼各務原町五丁目290","","","","","","","","","","","","","","","3200001007599","","","",""
"ヤムナジャパン株式会社","4192722446668","","","","","","","151-0063","東京都渋谷区富ケ谷一丁目3-16 クレッシェンド代々木公園ビル4F","","","","","","","","","","","","","","","2011001097997","","","",""
"株式会社ヤングライオン","3446717272516","","","","","","","790-0911","愛媛県松山市桑原七丁目3-23","","","","","","","","","","","","","","","5500001019975","","","",""
"株式会社ユーアイストア","7779060420469","","","","","","","426-0023","静岡県藤枝市茶町四丁目11-6","","","","","","","","","","","","","","","1080001016879","","","",""
"ユーアイストア株式会社","2212075613261","","","","","","","424-0038","静岡県静岡市清水区西久保441-7","","","","","","","","","","","","","","","8080001009372","","","",""
"株式会社ユアエルム京成","4732649950136","","","","","","","276-0032","千葉県八千代市八千代台東一丁目1-10","","","","","","","","","","","","","","","1010601012152","","","",""
"有限会社ユアショップまつい","1698722153050","","","","","","","085-1206","北海道阿寒郡鶴居村鶴居東二丁目13","","","","","","","","","","","","","","","4460002003331","","","",""
"株式会社ユアーズ","8979966863800","","","","","","","732-0057","広島県広島市東区二葉の里三丁目3-1","","","","","","","","","","","","","","","5240001036659","","","",""
"株式会社ユアーズ・バリュー","9162708767655","","","","","","","747-0064","山口県防府市大字高井568-1","","","","","","","","","","","","","","","3250001002331","","","",""
"株式会社ユアファミリ","6535025052606","","","","","","","558-0046","大阪府大阪市住吉区上住吉一丁目3-16","","","","","","","","","","","","","","","8120001162605","","","",""
"株式会社ユアペティア","1590059990595","","","","","","","185-0012","東京都国分寺市本町四丁目12-1","","","","","","","","","","","","","","","1012801016230","","","",""
"株式会社Ｕ＆Ｓ","4973549675007","","","","","","","564-0027","大阪府吹田市朝日町14-19","","","","","","","","","","","","","","","1120901013120","","","",""
"株式会社ゆいあん","1486074672510","","","","","","","238-0006","神奈川県横須賀市日の出町二丁目7-7 LM横須賀マリンステージ1402","","","","","","","","","","","","","","","9021001041254","","","",""
"株式会社ゆう","3232397006338","","","","","","","064-0804","北海道札幌市中央区南四条西二十丁目1-13","","","","","","","","","","","","","","","3430001049511","","","",""
"株式会社ユウキ","1937365684410","","","","","","","571-0043","大阪府門真市桑才新町19-2","","","","","","","","","","","","","","","9120001158346","","","",""
"株式会社結城ショッピングセンター","4390780746911","","","","","","","307-0001","茨城県結城市大字結城550","","","","","","","","","","","","","","","8050001032848","","","",""
"有限会社友廣サービス","1811012143756","","","","","","","365-0024","埼玉県鴻巣市常光1398-20","","","","","","","","","","","","","","","1030002084178","","","",""
"株式会社遊舎工房","1007793940315","","","","","","","110-0005","東京都台東区上野三丁目3-8 ワイゼムビル3階","","","","","","","","","","","","","","","3010501043411","","","",""
"株式会社有秋プラーザ","1418213626143","","","","","","","299-0124","千葉県市原市有秋台東二丁目3","","","","","","","","","","","","","","","8040001054678","","","",""
"有限会社ゆうしん","8362257675764","","","","","","","871-0161","大分県中津市大字上池永1283-9","","","","","","","","","","","","","","","4320002021248","","","",""
"株式会社湧泉","1350824765667","","","","","","","894-0062","鹿児島県奄美市名瀬有屋町17-9","","","","","","","","","","","","","","","6340001013408","","","",""
"祐徳自動車株式会社","5457127956021","","","","","","","849-1311","佐賀県鹿島市大字高津原","","","","","","","","","","","","","","","6300001004996","","","",""
"有限会社有宝堂","9475485364238","","","","","","","181-0012","東京都三鷹市上連雀五丁目25-9","","","","","","","","","","","","","","","1012402019938","","","",""
"株式会社ユーエスアイ","1993660841419","","","","","","","400-0215","山梨県南アルプス市上八田140-1","","","","","","","","","","","","","","","1090001013891","","","",""
"株式会社湯川百貨店・設備工業","5151658348448","","","","","","","882-0124","宮崎県延岡市北方町曽木子2324","","","","","","","","","","","","","","","6350003001260","","","",""
"有限会社ユキストアー","9301877695827","","","","","","","244-0003","神奈川県横浜市戸塚区戸塚町1403-11","","","","","","","","","","","","","","","6020002013125","","","",""
"株式会社湯沢","3265973583993","","","","","","","321-1274","栃木県日光市土沢557","","","","","","","","","","","","","","","9060001008549","","","",""
"株式会社ＵＣＰ","1013746099430","","","","","","","130-0012","東京都墨田区太平三丁目20-7","","","","","","","","","","","","","","","1010601032175","","","",""
"ユージーエム株式会社","7531827558612","","","","","","","486-0853","愛知県春日井市穴橋町二丁目1-8","","","","","","","","","","","","","","","4180001075144","","","",""
"合名会社由地百貨店","3747675298927","","","","","","","889-2402","宮崎県日南市北郷町郷之原乙4873-1","","","","","","","","","","","","","","","7350003001680","","","",""
"株式会社ユースフルパースン","4828136415578","","","","","","","503-0803","岐阜県大垣市小野四丁目35-8 株式会社サイエンスネット本社ビル1F","","","","","","","","","","","","","","","8200001009401","","","",""
"株式会社ゆたかストアー","3110512138757","","","","","","","260-0834","千葉県千葉市中央区今井一丁目19-14","","","","","","","","","","","","","","","6040001007761","","","",""
"株式会社ＵＤＪ","2665119144390","","","","","","","860-0081","熊本県熊本市西区京町本丁4-48","","","","","","","","","","","","","","","8330001004777","","","",""
"ＵＤリテール株式会社","8784994499625","","","","","","","153-0042","東京都目黒区青葉台二丁目19-10","","","","","","","","","","","","","","","3013301041403","","","",""
"株式会社ユナイテッドスターツ","9480555711780","","","","","","","320-0065","栃木県宇都宮市駒生町832-29","","","","","","","","","","","","","","","6060001007157","","","",""
"ユナイテッドトラベルジャパン株式会社","7226304103249","","","","","","","812-0023","福岡県福岡市博多区奈良屋町7-20 L-Biz呉服町6階","","","","","","","","","","","","","","","2290001073304","","","",""
"ユニー株式会社","1243667721790","","","","","","","492-8275","愛知県稲沢市天池五反田町1","","","","","","","","","","","","","","","4180001104506","","","",""
"株式会社ユニオスロジクル","7506971347819","","","","","","","144-0051","東京都大田区西蒲田五丁目3-22","","","","","","","","","","","","","","","7010801018101","","","",""
"株式会社ユニオン","5546135726250","","","","","","","703-8256","岡山県岡山市中区浜一丁目15-68 112","","","","","","","","","","","","","","","8260001006839","","","",""
"株式会社ユニオンインターナショナル","2354997794810","","","","","","","367-0061","埼玉県本庄市小島四丁目6-1","","","","","","","","","","","","","","","9030001060445","","","",""
"有限会社ユニオンセンター","4756342457102","","","","","","","212-0005","神奈川県川崎市幸区戸手二丁目4-12","","","","","","","","","","","","","","","8020002082060","","","",""
"ユニシティ・ジャパン株式会社","8450476362350","","","","","","","104-0061","東京都中央区銀座一丁目15-4","","","","","","","","","","","","","","","1010001132179","","","",""
"株式会社ユニスター","6744929441310","","","","","","","170-0005","東京都豊島区南大塚三丁目39-3 第5栄ビル3階","","","","","","","","","","","","","","","4013301015447","","","",""
"ユニック株式会社","5353311008596","","","","","","","604-0924","京都府京都市中京区一之船入町537-20 FIS御池ビル2F","","","","","","","","","","","","","","","8130001045338","","","",""
"株式会社ユニツク","6888940123716","","","","","","","590-0027","大阪府堺市堺区榎元町一丁8-16","","","","","","","","","","","","","","","5120101007563","","","",""
"株式会社ユニティー","9159216617961","","","","","","","321-0962","栃木県宇都宮市今泉町121-4","","","","","","","","","","","","","","","9060001025965","","","",""
"株式会社ユニバース","3849209479163","","","","","","","039-1103","青森県八戸市大字長苗代前田83-1","","","","","","","","","","","","","","","2420001006729","","","",""
"有限会社ゆはらストアー","4118594014431","","","","","","","300-0331","茨城県稲敷郡阿見町大字阿見3962-12","","","","","","","","","","","","","","","1050002012871","","","",""
"株式会社ユー・ビー・サイド","3110981652039","","","","","","","103-0016","東京都中央区日本橋小網町8-2 BIZMARKS日本橋茅場町603号","","","","","","","","","","","","","","","8010001193586","","","",""
"株式会社ユーブリッジ","9886850626099","","","","","","","134-0087","東京都江戸川区清新町一丁目4-12 307号","","","","","","","","","","","","","","","1010001086177","","","",""
"株式会社ユープラン","1144238487919","","","","","","","811-1355","福岡県福岡市南区桧原七丁目39-6","","","","","","","","","","","","","","","1290001066184","","","",""
"株式会社ユーマート","2552483856914","","","","","","","424-0873","静岡県静岡市清水区有東坂二丁目514-1","","","","","","","","","","","","","","","1080001009379","","","",""
"株式会社ユーマートトクナガ","7738424605349","","","","","","","869-0123","熊本県玉名郡長洲町大字長洲2720","","","","","","","","","","","","","","","3330001011737","","","",""
"株式会社ユミバ鳳凰堂","2205894933137","","","","","","","639-1136","奈良県大和郡山市本庄町24","","","","","","","","","","","","","","","2150001006153","","","",""
"株式会社ゆめマート北九州","8727779328142","","","","","","","807-0823","福岡県北九州市八幡西区中須一丁目1-7","","","","","","","","","","","","","","","8290801010120","","","",""
"株式会社ゆめマート熊本","3271128217254","","","","","","","861-8010","熊本県熊本市東区上南部二丁目2-2","","","","","","","","","","","","","","","9330001006112","","","",""
"有限会社夢屋","7386488956541","","","","","","","720-1812","広島県神石郡神石高原町油木乙2017-3","","","","","","","","","","","","","","","8240002046159","","","",""
"百合ヶ丘産業株式会社","1072254463290","","","","","","","225-0014","神奈川県横浜市青葉区荏田西二丁目3-2","","","","","","","","","","","","","","","7020001065678","","","",""
"有限会社由利百貨店","1301022233937","","","","","","","015-0202","秋田県由利本荘市東由利蔵蔵95","","","","","","","","","","","","","","","9410002007167","","","",""
"八日市ショッピングセンター協同組合","3846135701066","","","","","","","527-0023","滋賀県東近江市八日市緑町9-27","","","","","","","","","","","","","","","2160005006396","","","",""
"有限会社ヨガワークス","9521179749383","","","","","","","150-0043","東京都渋谷区道玄坂一丁目21-1 SHIBUYASOLASTA3F","","","","","","","","","","","","","","","9010002039837","","","",""
"有限会社与儀酒店","8112516805365","","","","","","","905-0013","沖縄県名護市城一丁目9-9","","","","","","","","","","","","","","","4360002020832","","","",""
"株式会社ヨークベニマル","8555149427046","","","","","","","963-8802","福島県郡山市谷島町5-42","","","","","","","","","","","","","","","7380001006893","","","",""
"有限会社横川商店","5587192263746","","","","","","","079-2200","北海道勇払郡占冠村字シムカプ原野46-41","","","","","","","","","","","","","","","2450002009587","","","",""
"株式会社ヨコタ","5245290187770","","","","","","","357-0044","埼玉県飯能市大字川寺246-12","","","","","","","","","","","","","","","7030001089635","","","",""
"有限会社横田商店","3340284545677","","","","","","","293-0021","千葉県富津市富津1751","","","","","","","","","","","","","","","3040002071677","","","",""
"株式会社横浜岡田屋","8185660893805","","","","","","","220-0005","神奈川県横浜市西区南幸一丁目3-1","","","","","","","","","","","","","","","6020001016236","","","",""
"横浜水産株式会社","4554521101606","","","","","","","240-0002","神奈川県横浜市保土ケ谷区宮田町一丁目6-11","","","","","","","","","","","","","","","7020001031572","","","",""
"横浜中央地下街株式会社","5010949567937","","","","","","","231-0015","神奈川県横浜市中区尾上町三丁目35 LISTEASTBLD. 4階","","","","","","","","","","","","","","","9020001029508","","","",""
"株式会社横浜物産","6604937663868","","","","","","","231-0023","神奈川県横浜市中区山下町92-3","","","","","","","","","","","","","","","3020001112038","","","",""
"株式会社横濱屋","5716945645170","","","","","","","232-0016","神奈川県横浜市南区宮元町四丁目93","","","","","","","","","","","","","","","2020001014020","","","",""
"株式会社よこまち","5051679486823","","","","","","","039-1101","青森県八戸市大字尻内町八百刈39-3","","","","","","","","","","","","","","","7420001006740","","","",""
"有限会社横山","7506938524111","","","","","","","719-3201","岡山県真庭市久世3295-1","","","","","","","","","","","","","","","9260002033749","","","",""
"横山食品株式会社","3110811273066","","","","","","","645-0027","和歌山県日高郡みなべ町西本庄1293","","","","","","","","","","","","","","","1170001009270","","","",""
"株式会社横山製材所","5532594474169","","","","","","","410-0801","静岡県沼津市大手町二丁目2-10","","","","","","","","","","","","","","","5080101001983","","","",""
"株式会社吉池","3562492788964","","","","","","","110-0005","東京都台東区上野三丁目27-12","","","","","","","","","","","","","","","9010501014357","","","",""
"株式会社吉川弘文館","8902673117687","","","","","","","113-0033","東京都文京区本郷七丁目2-8","","","","","","","","","","","","","","","5010001008193","","","",""
"株式会社吉高屋","2623709880358","","","","","","","651-1401","兵庫県神戸市北区有馬町259","","","","","","","","","","","","","","","3140001015534","","","",""
"有限会社ヨシダ","4592083251333","","","","","","","410-2123","静岡県伊豆の国市四日町630-1","","","","","","","","","","","","","","","3080102009185","","","",""
"株式会社吉田園","7647156839163","","","","","","","834-1213","福岡県八女市黒木町本分1159-5","","","","","","","","","","","","","","","1290001047556","","","",""
"吉田蚊帳株式会社","3943488747213","","","","","","","630-8384","奈良県奈良市芝新屋町1","","","","","","","","","","","","","","","7150001002577","","","",""
"有限会社吉田商店","6724923768503","","","","","","","299-0236","千葉県袖ケ浦市横田2632","","","","","","","","","","","","","","","2040002068856","","","",""
"株式会社吉田商店","4510822087017","","","","","","","933-0016","富山県高岡市大野236","","","","","","","","","","","","","","","9230001012574","","","",""
"有限会社吉田フードセンター","5904852509619","","","","","","","811-0321","福岡県福岡市東区西戸崎三丁目4-77","","","","","","","","","","","","","","","1290002006263","","","",""
"有限会社吉田屋商店","8817727964184","","","","","","","135-0051","東京都江東区枝川二丁目3-9","","","","","","","","","","","","","","","4010602006200","","","",""
"株式会社義津屋","4545780508025","","","","","","","496-0071","愛知県津島市新開町一丁目6","","","","","","","","","","","","","","","1180001096688","","","",""
"株式会社ヨシノ","4466250281313","","","","","","","559-0013","大阪府大阪市住之江区御崎二丁目11-29","","","","","","","","","","","","","","","4120001031887","","","",""
"有限会社よしの","3097438965737","","","","","","","815-0041","福岡県福岡市南区野間四丁目7-8","","","","","","","","","","","","","","","4290002025574","","","",""
"吉野ストア株式会社","8055744960523","","","","","","","638-0821","奈良県吉野郡大淀町大字下渕360","","","","","","","","","","","","","","","3150001015946","","","",""
"有限会社吉野屋","9392310549883","","","","","","","613-0905","京都府京都市伏見区淀下津町56-1","","","","","","","","","","","","","","","3130002015261","","","",""
"有限会社吉野屋商店","1785638014059","","","","","","","233-0012","神奈川県横浜市港南区上永谷一丁目3-2","","","","","","","","","","","","","","","9020002020250","","","",""
"有限会社よしはらストアー","8419565773264","","","","","","","722-0044","広島県尾道市西久保町3-3","","","","","","","","","","","","","","","8240002051745","","","",""
"株式会社吉村質店","7178708851689","","","","","","","813-0013","福岡県福岡市東区香椎駅前二丁目3-24","","","","","","","","","","","","","","","8290001026917","","","",""
"株式会社義村商店","1693663245925","","","","","","","891-7101","鹿児島県大島郡徳之島町亀津7365","","","","","","","","","","","","","","","8340002020335","","","",""
"株式会社よしや","5490323341162","","","","","","","173-0016","東京都板橋区中板橋16-10","","","","","","","","","","","","","","","8011401006692","","","",""
"有限会社四つ角や","9378453608336","","","","","","","403-0003","山梨県富士吉田市大明見五丁目15-1","","","","","","","","","","","","","","","6090002012830","","","",""
"株式会社米子しんまち天満屋","1345264947615","","","","","","","683-0805","鳥取県米子市西福原二丁目1-10","","","","","","","","","","","","","","","2270001003709","","","",""
"株式会社米子高島屋","8742662139385","","","","","","","683-0812","鳥取県米子市角盤町一丁目30","","","","","","","","","","","","","","","1270001004096","","","",""
"有限会社米盛商店","6956688308604","","","","","","","891-6152","鹿児島県大島郡喜界町大字早町8-1","","","","","","","","","","","","","","","9340002021968","","","",""
"株式会社米屋材木店","2593170090144","","","","","","","232-0011","神奈川県横浜市南区日枝町四丁目120","","","","","","","","","","","","","","","2020001013955","","","",""
"株式会社与野フードセンター","4027552550456","","","","","","","338-0011","埼玉県さいたま市中央区新中里四丁目13-13","","","","","","","","","","","","","","","9030001008790","","","",""
"株式会社読売ＰＲ","1852508304791","","","","","","","171-0031","東京都豊島区目白三丁目1-38","","","","","","","","","","","","","","","4013301013137","","","",""
"ヨメザジャパン株式会社","5028426136147","","","","","","","174-0041","東京都板橋区舟渡三丁目5-8 板橋区立ものづくり研究開発連携センター第一ビル401","","","","","","","","","","","","","","","6011101075180","","","",""
"有限会社よろず屋","1838530071673","","","","","","","114-0034","東京都北区上十条二丁目16-12","","","","","","","","","","","","","","","8011502006344","","","",""
"株式会社よろず屋","9138074914664","","","","","","","602-0902","京都府京都市上京区梅屋町475","","","","","","","","","","","","","","","8130001004095","","","",""
"有限会社よろづや","3482554924713","","","","","","","369-1412","埼玉県秩父郡皆野町大字皆野2335-1","","","","","","","","","","","","","","","2030002122291","","","",""
"株式会社よろづや食品","4914789279000","","","","","","","192-0053","東京都八王子市八幡町7-11","","","","","","","","","","","","","","","4010101004093","","","",""
"株式会社ヨンキー","4269104483799","","","","","","","540-0012","大阪府大阪市中央区谷町一丁目5-11","","","","","","","","","","","","","","","3120001185676","","","",""
"株式会社ライクワンセルフ","3898396269206","","","","","","","274-0822","千葉県船橋市飯山満町二丁目521-86","","","","","","","","","","","","","","","4011501012025","","","",""
"ライジングサポート株式会社","6713761404596","0","3","2026/01/13","0","","https://www.senyu.co.jp/index.php/","102-0074","東京都千代田区九段南三丁目9-15 銀泉九段南ビル3階","06-6110-7000","代表取締役社長","池田　敏男","卸売、小売","総合小売","卸売、小売","その他の小売","50 ～ 100","50,000 ～ 100,000","","","","1963/12","非公開","9120001044703","会員制情報提供サービス運営,ライジング","","Amazon Route 53,Cuenote,Google Workspace,IIJセキュアMXサービス,Microsoft365",""
"株式会社ライズ","2003442121131","","","","","","","060-0807","北海道札幌市北区北七条西一丁目2-6","","","","","","","","","","","","","","","5430001049286","","","",""
"株式会社ｒｉｓｅ","1877827320815","","","","","","","586-0011","大阪府河内長野市汐の宮町6-3","","","","","","","","","","","","","","","6120101055677","","","",""
"来生株式会社","6713195185054","","","","","","","546-0023","大阪府大阪市東住吉区矢田一丁目3-16","","","","","","","","","","","","","","","3120901018976","","","",""
"株式会社ライトベア","8275194200250","","","","","","","124-0012","東京都葛飾区立石四丁目30-6","","","","","","","","","","","","","","","2011801031412","","","",""
"株式会社ライフインターナショナル","1805927127986","","","","","","","177-0051","東京都練馬区関町北一丁目6-18 202号","","","","","","","","","","","","","","","4011601007271","","","",""
"株式会社ライフケアー","2163278019299","","","","","","","472-0026","愛知県知立市上重原町村上2-15","","","","","","","","","","","","","","","1180301014597","","","",""
"株式会社ライフコーポレーション","4952718314438","3","6","2025/07/11","0","","http://www.lifecorp.jp/","532-0004","大阪府大阪市淀川区西宮原二丁目2-22","03-5807-5111","代表取締役社長執行役員","岩崎高治","卸売、小売","総合小売","","","10,000 ～ ","10,000,000 ～ 100,000,000","500,000 ～ 1,000,000","2025/02","1910/01","1941/02","公開","9010001060208","スーパーマーケットチェーン,惣菜販売,パン屋運営,惣菜製造,小麦の郷,ライフ,スーパーマーケット,らいふ,首都圏,おせち,チラシ,ギフト,market,クリスマス,super,スーパー,life,お歳暮,近畿圏,LIFE,お中元,ライフコーポレーション","2026新卒募集企業,2027新卒インターン募集企業,2027新卒募集企業,2028新卒インターン募集企業,CSRに力を入れている企業,DX認定事業者,ISMS認定取得企業,ISO認定取得企業,SDGs・ESG推進企業,キャッシュレス決済導入企業,キャンペーン実施企業,プライバシーマーク取得企業,中途採用企業,会社説明会実施企業,働き方改革・ﾀﾞｲﾊﾞｰｼﾃｨｰ推進企業,合併企業,地域貢献活動を推進している企業,売上1000億以上,売上300億円以上,売上5000億以上,売上50億円以上,展示会ニュース発表企業,従業員500人以上,新商品リリース企業,新規拠点・店舗立ち上げ企業,表彰企業","Display & Video 360,Facebookログイン,Google Cloud CDN,Google Fonts,Google アナリティクス,Googleタグマネージャ,Meta for Developers,PUSH ONE,YouTube",""
"ライフコーポレーション企業年金基金","7207783902207","","","","","","","532-0004","大阪府大阪市淀川区西宮原二丁目2-22","","","","","","","","","","","","","","","1700150066851","","","",""
"株式会社ライフプロポーションセンター","9972690340725","","","","","","","575-0014","大阪府四條畷市大字上田原526-1","","","","","","","","","","","","","","","5122001016784","","","",""
"ライフリテール株式会社","1414672571488","","","","","","","518-0745","三重県名張市梅が丘南五番町174","","","","","","","","","","","","","","","3190001026064","","","",""
"有限会社ライブモリモト","6003421301986","","","","","","","633-2115","奈良県宇陀市大宇陀西山401","","","","","","","","","","","","","","","8150002007161","","","",""
"ライラック株式会社","2265117981406","","","","","","","028-5134","岩手県二戸郡一戸町奥中山西田子75-17","","","","","","","","","","","","","","","3400001007810","","","",""
"株式会社ラインズ","1754855619959","","","","","","","101-0051","東京都千代田区神田神保町一丁目41","","","","","","","","","","","","","","","9010001148317","","","",""
"株式会社ＬＩＮＥｓ","6924988427832","","","","","","","955-0065","新潟県三条市旭町一丁目2-32","","","","","","","","","","","","","","","8110001016712","","","",""
"Ｒａｕｓｅ株式会社","2290873276851","","","","","","","252-0318","神奈川県相模原市南区上鶴間本町六丁目17-9","","","","","","","","","","","","","","","7012301008458","","","",""
"ラウンデル有限会社","8564777782213","","","","","","","154-0005","東京都世田谷区三宿一丁目15-4","","","","","","","","","","","","","","","3013202011488","","","",""
"株式会社ラ・カーヴコーポレーション","7165881532189","","","","","","","572-0822","大阪府寝屋川市木田元宮一丁目28-10","","","","","","","","","","","","","","","2120001148857","","","",""
"株式会社樂","4718234737753","","","","","","","990-0041","山形県山形市緑町二丁目7-4","","","","","","","","","","","","","","","7011001039152","","","",""
"株式会社ラクショー","1149538842696","","","","","","","538-0041","大阪府大阪市鶴見区今津北四丁目10-11","","","","","","","","","","","","","","","2120001164053","","","",""
"株式会社洛斗","9137055713409","","","","","","","601-8185","京都府京都市南区上鳥羽戒光町18-2","","","","","","","","","","","","","","","9130001058157","","","",""
"株式会社ラクヨー","6122471141059","","","","","","","602-8382","京都府京都市上京区末之口町1000-11","","","","","","","","","","","","","","","9130001009779","","","",""
"ラケットクリエイティブ株式会社","6369080355278","","","","","","","611-0041","京都府宇治市槇島町十一96-35","","","","","","","","","","","","","","","8012401010065","","","",""
"有限会社ラコス","8925455976483","","","","","","","997-1301","山形県東田川郡三川町大字横山堤191-5","","","","","","","","","","","","","","","5390002010301","","","",""
"株式会社ラッカム","6578540609479","","","","","","","543-0001","大阪府大阪市天王寺区上本町一丁目2-17","","","","","","","","","","","","","","","7010401129736","","","",""
"株式会社ラッキー・フード","5644556446580","","","","","","","332-0012","埼玉県川口市本町四丁目15-4","","","","","","","","","","","","","","","7030001077821","","","",""
"株式会社ラ・ナチュレタマデ","9159837187888","","","","","","","557-0053","大阪府大阪市西成区千本北二丁目22-7","","","","","","","","","","","","","","","8120001103088","","","",""
"株式会社Ｌａｈａｉａ","3122503084860","","","","","","","982-0023","宮城県仙台市太白区鹿野一丁目7-19","","","","","","","","","","","","","","","2370001038892","","","",""
"株式会社ラハイナコミュニケーションズ","6384940504269","","","","","","","460-0002","愛知県名古屋市中区丸の内三丁目19-12 久屋パークサイドビル2F","","","","","","","","","","","","","","","4180001070673","","","",""
"株式会社ラ・フェスタ","7191714685856","","","","","","","530-0001","大阪府大阪市北区梅田一丁目2-2 大阪駅前第2ビル2F","","","","","","","","","","","","","","","7120001071971","","","",""
"株式会社ラボラトリーズ","7911551109535","","","","","","","151-0063","東京都渋谷区富ケ谷一丁目46-4","","","","","","","","","","","","","","","4011001095958","","","",""
"株式会社ラポール","4711046667973","","","","","","","840-2214","佐賀県佐賀市川副町大字小々森1250-4","","","","","","","","","","","","","","","9300001001223","","","",""
"株式会社ラルズ","8307562006429","","","","","","","064-0913","北海道札幌市中央区南十三条西十一丁目2-32","","","","","","","","","","","","","","","2430001028268","","","",""
"株式会社ランコントル","2711223648974","","","","","","","890-0023","鹿児島県鹿児島市永吉一丁目23-12","","","","","","","","","","","","","","","6340001012483","","","",""
"株式会社ランディーズ","3902714768029","","","","","","","708-0016","岡山県津山市戸島893-15","","","","","","","","","","","","","","","3260001019754","","","",""
"株式会社リアライズ","2709671239532","","","","","","","103-0001","東京都中央区日本橋小伝馬町10-11 日本橋府川ビル6F","","","","","","","","","","","","","","","8010001060423","","","",""
"有限会社リアル","7436988548891","","","","","","","574-0027","大阪府大東市三住町1-25","","","","","","","","","","","","","","","8120002077810","","","",""
"株式会社リアン新","7734007525981","","","","","","","874-0034","大分県別府市上人仲町2-34","","","","","","","","","","","","","","","5320001008815","","","",""
"株式会社リウボウインダストリー","5566879013918","","","","","","","900-0015","沖縄県那覇市久茂地一丁目1-1","","","","","","","","","","","","","","","1360001014499","","","",""
"株式会社リウボウ商事","1518775348946","","","","","","","900-0014","沖縄県那覇市松尾一丁目9-49 3階","","","","","","","","","","","","","","","4360001000587","","","",""
"株式会社リウボウストア","2340895885973","","","","","","","900-0014","沖縄県那覇市松尾一丁目9-49","","","","","","","","","","","","","","","7360001002176","","","",""
"株式会社リオ","7126696310519","","","","","","","220-0005","神奈川県横浜市西区南幸一丁目5","","","","","","","","","","","","","","","5020001016443","","","",""
"株式会社リオン・ドールコーポレーション","8799284890810","","","","","","","965-0871","福島県会津若松市栄町2-14","","","","","","","","","","","","","","","5380001017959","","","",""
"株式会社リカイ","2918462519236","","","","","","","116-0011","東京都荒川区西尾久六丁目30-3","","","","","","","","","","","","","","","5010001174201","","","",""
"有限会社リカーヴィラ・アイザワ","8025483635059","","","","","","","193-0816","東京都八王子市大楽寺町570-9","","","","","","","","","","","","","","","4010102007525","","","",""
"有限会社リカーショップメグミ","7217705663140","","","","","","","894-0031","鹿児島県奄美市名瀬金久町15-4","","","","","","","","","","","","","","","5340002021229","","","",""
"株式会社リサイクル王","7922396253057","","","","","","","189-0022","東京都東村山市野口町二丁目33-8","","","","","","","","","","","","","","","4012701011023","","","",""
"株式会社ＲＥＡＳＯＮ","4197350673476","","","","","","","272-0833","千葉県市川市東国分二丁目2-3","","","","","","","","","","","","","","","7011701016211","","","",""
"株式会社ＲＥＴＯＷＮ","9838164477003","","","","","","","544-0034","大阪府大阪市生野区桃谷五丁目5-37 いくのパーク講堂棟3F","","","","","","","","","","","","","","","4120001113280","","","",""
"リーチフェイス株式会社","8619841809347","","","","","","","530-0043","大阪府大阪市北区天満二丁目1-31 KC-DODOビル8階","","","","","","","","","","","","","","","1120001042235","","","",""
"株式会社リッチ","6498031444626","","","","","","","799-3741","愛媛県宇和島市吉田町白浦1877-6","","","","","","","","","","","","","","","1500001015565","","","",""
"有限会社ＲｉｃｈＷｅｌｌ","1780359048497","","","","","","","553-0001","大阪府大阪市福島区海老江五丁目2-2 大拓ビル5703号","","","","","","","","","","","","","","","4120002064036","","","",""
"立命館生活協同組合","9975608546852","","","","","","","603-8346","京都府京都市北区等持院北町56-1 立命館大学内","","","","","","","","","","","","","","","8130005004620","","","",""
"リテイルエムエス株式会社","2205569301707","","","","","","","520-0025","滋賀県大津市皇子が丘二丁目10-25 1904号","","","","","","","","","","","","","","","1160001004231","","","",""
"リノンバンブー株式会社","8083334848899","","","","","","","811-2113","福岡県糟屋郡須恵町大字須恵346-26","","","","","","","","","","","","","","","8290001070246","","","",""
"株式会社Ｒｅｖｉｖｅ","6255683036554","","","","","","","338-0011","埼玉県さいたま市中央区新中里三丁目7-10","","","","","","","","","","","","","","","5030001111714","","","",""
"株式会社リバティ長岡","1654816711576","","","","","","","617-0823","京都府長岡京市長岡二丁目1-23","","","","","","","","","","","","","","","9130001030636","","","",""
"株式会社リバーランズ","2901048090290","","","","","","","251-0037","神奈川県藤沢市鵠沼海岸六丁目13-9","","","","","","","","","","","","","","","1021001002800","","","",""
"有限会社リビング・ウィズ・ドッグズ","3665347358186","","","","","","","108-0073","東京都港区三田二丁目21-11 104号","","","","","","","","","","","","","","","2010402027200","","","",""
"株式会社リビングリレーションズ","1518924851469","","","","","","","640-8224","和歌山県和歌山市小野町一丁目18 サンケイ丸の内ビル5F","","","","","","","","","","","","","","","7170001003796","","","",""
"株式会社ＹＲｅ－ｆａｃｔ","3434564844560","","","","","","","541-0058","大阪府大阪市中央区南久宝寺町二丁目4-10","","","","","","","","","","","","","","","6270001006823","","","",""
"株式会社リフレックス","2926636767363","","","","","","","113-0021","東京都文京区本駒込五丁目25-6","","","","","","","","","","","","","","","7010001008464","","","",""
"有限会社ＲＩＢＯＮ","3355152055004","","","","","","","675-2303","兵庫県加西市北条町古坂五丁目61","","","","","","","","","","","","","","","6140002062606","","","",""
"株式会社リメディ","8038057535587","","","","","","","343-0041","埼玉県越谷市千間台西一丁目67 トスカ403","","","","","","","","","","","","","","","3030001064988","","","",""
"株式会社龍亀","3871739443251","","","","","","","800-0244","福岡県北九州市小倉南区上貫一丁目5-19","","","","","","","","","","","","","","","8290801008701","","","",""
"有限会社琉球住宅設備","1486873823078","","","","","","","902-0078","沖縄県那覇市識名三丁目20-1","","","","","","","","","","","","","","","5360002004710","","","",""
"琉球ワークス株式会社","5801525912289","","","","","","","905-0016","沖縄県名護市大東一丁目1-7 2F","","","","","","","","","","","","","","","6360001019246","","","",""
"龍氣養命堂株式会社","2585448010753","","","","","","","949-6636","新潟県南魚沼市小栗山2310","","","","","","","","","","","","","","","9110001026652","","","",""
"株式会社リュウシン","6837943452638","","","","","","","532-0011","大阪府大阪市淀川区西中島二丁目15-14 東行ビル2階","","","","","","","","","","","","","","","4120001146561","","","",""
"株式会社流星","5878296320620","","","","","","","674-0082","兵庫県明石市魚住町中尾79","","","","","","","","","","","","","","","5140001037196","","","",""
"株式会社流通技研","9845843341034","","","","","","","020-0005","岩手県盛岡市紅葉が丘37-23","","","","","","","","","","","","","","","5400001001753","","","",""
"有限会社菱光商事","6447212912840","","","","","","","085-0033","北海道釧路市若松町1-23","","","","","","","","","","","","","","","4460002003406","","","",""
"株式会社良知経営","8103599894888","","","","","","","216-0033","神奈川県川崎市宮前区宮崎二丁目6-10","","","","","","","","","","","","","","","4020001137967","","","",""
"両備ホールディングス株式会社","4854749867600","","","","","","","700-0907","岡山県岡山市北区下石井二丁目10-12 杜の街グレースオフィススクエア5階","","","","","","","","","","","","","","","7260001007086","","","",""
"株式会社旅館満潮","8355268063327","","","","","","","517-0502","三重県志摩市阿児町神明754-9","","","","","","","","","","","","","","","8190001008116","","","",""
"合資会社緑源","7119688404277","","","","","","","135-0063","東京都江東区有明一丁目2-11","","","","","","","","","","","","","","","3011703000480","","","",""
"Ｒｅｌａ株式会社","1173189166301","","","","","","","453-0069","愛知県名古屋市中村区橋下町3-16","","","","","","","","","","","","","","","2180001120439","","","",""
"有限会社リンク","1270795820679","","","","","","","827-0004","福岡県田川郡川崎町大字田原1110-1","","","","","","","","","","","","","","","2290802025379","","","",""
"リンクアップ株式会社","2536610176169","","","","","","","601-8036","京都府京都市南区東九条松田町75","","","","","","","","","","","","","","","1130002011717","","","",""
"有限会社リンクスネットワーク","5898014393990","","","","","","","910-0017","福井県福井市文京四丁目17-13","","","","","","","","","","","","","","","6210002004781","","","",""
"株式会社ＬｉｎＫａｇｅ","4033827072290","","","","","","","450-0002","愛知県名古屋市中村区名駅四丁目17-3 メイヨンビル2F","","","","","","","","","","","","","","","6180001125161","","","",""
"株式会社リンベル中日本","6074744734616","","","","","","","500-8833","岐阜県岐阜市神田町二丁目9","","","","","","","","","","","","","","","3200001005834","","","",""
"リンベル・リンク株式会社","9723544023239","","","","","","","422-8034","静岡県静岡市駿河区高松二丁目25-17","","","","","","","","","","","","","","","1080001009668","","","",""
"株式会社ル・キューブ金沢","6644378308124","","","","","","","920-0909","石川県金沢市袋町1-1","","","","","","","","","","","","","","","7220001018830","","","",""
"株式会社ルーツ","5242819942261","","","","","","","531-0071","大阪府大阪市北区中津一丁目2-21","","","","","","","","","","","","","","","1120001180646","","","",""
"ルナ・ルーチェ株式会社","6873306036270","","","","","","","493-0001","愛知県一宮市木曽川町黒田寺東1-2","","","","","","","","","","","","","","","2180001072804","","","",""
"ルブリコン販売株式会社","8943565811972","","","","","","","842-0006","佐賀県神埼市神埼町枝ヶ里54-1","","","","","","","","","","","","","","","8300001010555","","","",""
"株式会社ＲＡＶＥＮ　ＳＴＵＤＩＯＳ","6073715684311","","","","","","","167-0032","東京都杉並区天沼三丁目29-10","","","","","","","","","","","","","","","7011301021842","","","",""
"株式会社ＲＡＹＳ","6251590463101","","","","","","","271-0087","千葉県松戸市三矢小台五丁目20-45","","","","","","","","","","","","","","","4040001106722","","","",""
"有限会社麗宝","4599201613612","","","","","","","649-6428","和歌山県紀の川市東国分407-13","","","","","","","","","","","","","","","5170002008078","","","",""
"株式会社レオ・コーポレーション","6325375904536","","","","","","","719-1176","岡山県総社市清音柿木285","","","","","","","","","","","","","","","4260001016668","","","",""
"株式会社レジェンド愛媛","5347555961214","","","","","","","796-0202","愛媛県八幡浜市保内町宮内4-117-3","","","","","","","","","","","","","","","6500001013671","","","",""
"株式会社レッドトータスカンパニー","6579607325267","","","","","","","270-2261","千葉県松戸市常盤平五丁目19-1","","","","","","","","","","","","","","","5040003002019","","","",""
"有限会社レーベンショップタニダ","6044174760200","","","","","","","779-3401","徳島県吉野川市山川町川東55-4","","","","","","","","","","","","","","","6480002009507","","","",""
"有限会社レーベンス・マツヤ","2399240702987","","","","","","","690-0843","島根県松江市末次本町13","","","","","","","","","","","","","","","9280002002553","","","",""
"株式会社ロアコスモ","1589156232317","","","","","","","545-0014","大阪府大阪市阿倍野区西田辺町一丁目6-19","","","","","","","","","","","","","","","4120001072188","","","",""
"ロイヤルセキュリティ株式会社","5898303271536","","","","","","","536-0005","大阪府大阪市城東区中央二丁目14","","","","","","","","","","","","","","","9120001106585","","","",""
"ロイヤルホームセンター株式会社","2946179819860","","","","","","","550-0011","大阪府大阪市西区阿波座一丁目5-16 大和ビル5階","","","","","","","","","","","","","","","2120001072223","","","",""
"有限会社ロクハラ","4184381241607","","","","","","","605-0000","京都府京都市東山区轆轤町110","","","","","","","","","","","","","","","1130002010355","","","",""
"株式会社ローソン","7018429467678","","","","","","","141-0032","東京都品川区大崎一丁目11-2","","","","","","","","","","","","","","","2010701019195","","","",""
"株式会社ローソンアーバンワークス","9623999921007","","","","","","","103-0004","東京都中央区東日本橋二丁目28-5 協和ビル3F","","","","","","","","","","","","","","","1010701035020","","","",""
"株式会社ローソン沖縄","9051452159064","","","","","","","901-2221","沖縄県宜野湾市伊佐三丁目4-1","","","","","","","","","","","","","","","3360001011379","","","",""
"株式会社ローソン高知","6292979606790","","","","","","","781-0083","高知県高知市北御座9-11","","","","","","","","","","","","","","","7490001007971","","","",""
"株式会社ローソンストア１００","6353640886112","","","","","","","212-0014","神奈川県川崎市幸区大宮町1310 ミューザ川崎セントラルタワー7F","","","","","","","","","","","","","","","1010701028684","","","",""
"ロータス・アールヴイ販売株式会社","8771063914248","","","","","","","179-0081","東京都練馬区北町三丁目18-6","","","","","","","","","","","","","","","1011601007415","","","",""
"株式会社ロッキー","3816511358450","","","","","","","861-2235","熊本県上益城郡益城町大字福富1107","","","","","","","","","","","","","","","2330001010517","","","",""
"有限会社ロードイン朴木","9361741078296","","","","","","","933-0225","富山県射水市草岡町二丁目3-3","","","","","","","","","","","","","","","5230002013864","","","",""
"株式会社ロピア","3911681561891","","","","","","","212-0016","神奈川県川崎市幸区南幸町二丁目9","","","","","","","","","","","","","","","1021001004499","","","",""
"有限会社ロフテック","1285673923273","","","","","","","370-3517","群馬県高崎市引間町114-7","","","","","","","","","","","","","","","4070002014046","","","",""
"ロワ・ジャパン有限会社","3663885142518","","","","","","","599-8266","大阪府堺市中区毛穴町73-1","","","","","","","","","","","","","","","9120102011791","","","",""
"有限会社Ｙ＆Ｓ・ＦＭ","4397230817489","","","","","","","135-0041","東京都江東区冬木6-23","","","","","","","","","","","","","","","8010602032580","","","",""
"株式会社Ｙ．Ｈ　ＴＲＵＳＴＹ","9014585831424","","","","","","","045-0122","北海道岩内郡共和町発足1945","","","","","","","","","","","","","","","4430002056927","","","",""
"有限会社ワイ・エス","7796292518453","","","","","","","411-0044","静岡県三島市徳倉734-47","","","","","","","","","","","","","","","4080102012064","","","",""
"株式会社ＹＳＣ","9389626917566","","","","","","","123-0872","東京都足立区江北二丁目35-7","","","","","","","","","","","","","","","9010001176169","","","",""
"ＹＭＳネット株式会社","8220884177204","","","","","","","642-0012","和歌山県海南市岡田290-1","","","","","","","","","","","","","","","2170001006481","","","",""
"ワイケイフーズ株式会社","8554998482972","","","","","","","273-0001","千葉県船橋市市場二丁目1-25","","","","","","","","","","","","","","","4040001018389","","","",""
"ＹＫ　Ｅｎｔｅｒｐｒｉｓｅ株式会社","6948668930377","","","","","","","110-0015","東京都台東区東上野六丁目7-5","","","","","","","","","","","","","","","4013301036435","","","",""
"有限会社ワイショップクラタ","3075452067479","","","","","","","383-0003","長野県中野市大字柳沢540-2","","","","","","","","","","","","","","","7100002018412","","","",""
"ＹＺマート株式会社","2679410487573","","","","","","","958-0851","新潟県村上市羽黒町8-21","","","","","","","","","","","","","","","4110001018423","","","",""
"有限会社ワイズオフィス","6643411770313","","","","","","","731-0141","広島県広島市安佐南区相田二丁目4-38","","","","","","","","","","","","","","","3240002049348","","","",""
"有限会社ワイズプランニング","9043136029354","","","","","","","010-0001","秋田県秋田市中通三丁目2-1 810","","","","","","","","","","","","","","","7410002003894","","","",""
"株式会社ワイズマート","9983518099953","","","","","","","279-0001","千葉県浦安市当代島一丁目2-25","","","","","","","","","","","","","","","9040001030133","","","",""
"株式会社ワイドシステム","2172559834104","","","","","","","755-0086","山口県宇部市大字中宇部229-4","","","","","","","","","","","","","","","8250001004050","","","",""
"わかやま市民生活協同組合","9146350851408","","","","","","","640-8323","和歌山県和歌山市太田三丁目10-10","","","","","","","","","","","","","","","9170005001266","","","",""
"株式会社和久","8292797710442","","","","","","","976-0036","福島県相馬市馬場野雨田51","","","","","","","","","","","","","","","2380001016162","","","",""
"株式会社ワークス","8073476579728","","","","","","","188-0004","東京都西東京市西原町一丁目6-17 シティイン田無II1階","","","","","","","","","","","","","","","6010101010726","","","",""
"有限会社和倉ショッピングセンター","9724883319995","","","","","","","926-0175","石川県七尾市和倉町ヨ部21-1","","","","","","","","","","","","","","","9220002014190","","","",""
"株式会社和興","8664354300573","","","","","","","984-0816","宮城県仙台市若林区河原町一丁目2-51","","","","","","","","","","","","","","","5370801000297","","","",""
"株式会社和紙来歩","3778664062331","","","","","","","601-8104","京都府京都市南区上鳥羽角田町52 加徳ビル2F","","","","","","","","","","","","","","","8130001031032","","","",""
"株式会社ワタナベ","8090306444155","","","","","","","491-0012","愛知県一宮市小赤見秋吉15-1","","","","","","","","","","","","","","","5180001087188","","","",""
"有限会社ワタナベ","7293122980526","","","","","","","334-0014","埼玉県川口市大字前田1251","","","","","","","","","","","","","","","5030002099602","","","",""
"有限会社わたなべ","4666931817259","","","","","","","962-0001","福島県須賀川市森宿ヒジリ田13","","","","","","","","","","","","","","","3380002020377","","","",""
"合資会社渡辺工業所","8458169604149","","","","","","","970-8026","福島県いわき市平正月町19-3","","","","","","","","","","","","","","","8380003001297","","","",""
"渡辺商事株式会社","1572869941655","","","","","","","231-0836","神奈川県横浜市中区根岸町三丁目176","","","","","","","","","","","","","","","5020001029701","","","",""
"有限会社ワタナベストアー","7047347811283","","","","","","","274-0077","千葉県船橋市薬円台五丁目32-8","","","","","","","","","","","","","","","2040002026467","","","",""
"株式会社わたなべ生鮮館","4002881970134","","","","","","","700-0944","岡山県岡山市南区泉田三丁目3-11","","","","","","","","","","","","","","","2260001007545","","","",""
"有限会社渡辺鮮魚店","4987198285192","","","","","","","028-7111","岩手県八幡平市大更第二十四地割79","","","","","","","","","","","","","","","2400002007612","","","",""
"株式会社渡辺鮮魚店","2820830982098","","","","","","","702-8057","岡山県岡山市南区あけぼの町4-10","","","","","","","","","","","","","","","3260001007008","","","",""
"有限会社綿文ストアー","3914793337338","","","","","","","260-0822","千葉県千葉市中央区蘇我三丁目1-5","","","","","","","","","","","","","","","3040002012838","","","",""
"株式会社わたらい","3486108540165","","","","","","","063-0061","北海道札幌市西区西町北二十丁目5-7","","","","","","","","","","","","","","","8430001069447","","","",""
"協同組合和田山ショッピングセンター","3068244546449","","","","","","","669-5215","兵庫県朝来市和田山町枚田岡774","","","","","","","","","","","","","","","5140005010463","","","",""
"株式会社ワッツ東日本販売","3686260685479","","","","","","","115-0045","東京都北区赤羽二丁目51-3","","","","","","","","","","","","","","","2120001131722","","","",""
"輪西中核施設協同組合","3451791765030","","","","","","","050-0085","北海道室蘭市輪西町二丁目5-1","","","","","","","","","","","","","","","7430005010127","","","",""
"株式会社わらべ村","9102434078838","","","","","","","505-0051","岐阜県美濃加茂市加茂野町鷹之巣343","","","","","","","","","","","","","","","7200001017339","","","",""
"株式会社ワールドネット","9307143050517","","","","","","","150-0031","東京都渋谷区桜丘町23-17","","","","","","","","","","","","","","","8011601018785","","","",""
"ワールドネットワーク株式会社","9767999326855","","","","","","","348-0064","埼玉県羽生市大字藤井上組1313-1","","","","","","","","","","","","","","","2013301020242","","","",""
"株式会社ワールドフォトサービス","9313360152744","","","","","","","259-0201","神奈川県足柄下郡真鶴町真鶴1516","","","","","","","","","","","","","","","5011001024486","","","",""
"有限会社ワールドプランナー","8919502119560","","","","","","","543-0028","大阪府大阪市天王寺区小橋町3-6","","","","","","","","","","","","","","","7120002048597","","","",""
"ワールドホーム株式会社","7110537638029","","","","","","","080-0802","北海道帯広市東二条南六丁目20","","","","","","","","","","","","","","","8460101001975","","","",""
"Ｗｏｒｌｄ　Ｕｔｉｌｉｔｙ株式会社","4144917322766","","","","","","","690-0011","島根県松江市東津田町1041-1 WUSQUARE1F","","","","","","","","","","","","","","","3280001007022","","","",""
"ワールドワン株式会社","4497039489910","","","","","","","556-0005","大阪府大阪市浪速区日本橋四丁目9-9","","","","","","","","","","","","","","","9120001192015","","","",""
"株式会社ワン企画","3294575177350","","","","","","","951-8068","新潟県新潟市中央区上大川前通七番町1237-4","","","","","","","","","","","","","","","1110001001365","","","",""
"有限会社ワンダ","8091148746544","","","","","","","654-0026","兵庫県神戸市須磨区大池町一丁目1-11","","","","","","","","","","","","","","","5140002022676","","","",""
"株式会社ワンネス","7004555585351","","","","","","","814-0001","福岡県福岡市早良区百道浜一丁目7-5 M-TOWER11F","","","","","","","","","","","","","","","8290001025431","","","",""
"有限会社７３５","8069997449216","","","","","","","400-0812","山梨県甲府市和戸町1013","","","","","","","","","","","","","","","3090002001704","","","",""
"有限会社天満天神ＭＡＩＤＯ屋","1509733953103","","","","","","","530-0041","大阪府大阪市北区天神橋二丁目北1-14 サンプラザ南森町ビル601号","","","","","","","","","","","","","","","5120002064126","","","",""
