"会社名","SOC","あなたの名刺所有枚数","全体の名刺所有枚数","最終名刺交換日","コンタクト登録数","最終コンタクト日","URL","郵便番号","住所","電話番号","代表者の役職名","代表者の氏名","主業：大分類","主業：中分類","従業：大分類","従業：中分類","従業員数","資本金（千円）","売上高（百万円）","決算年月","創業年月","設立年月","株式公開区分","法人番号","会社キーワード","企業動向","導入ITサービス","会社メモ"
"株式会社アイオイ商事","2078222256093","","","","","","","770-0842","徳島県徳島市通町二丁目25 801号室","","","","","","","","","","","","","","","1480001009306","","","",""
"秋穂石材株式会社","5069050993366","","","","","","","754-1101","山口県山口市秋穂東764-1","","","","","","","","","","","","","","","7250001000026","","","",""
"有限会社愛河興業","7941345337788","","","","","","","484-0814","愛知県犬山市字高根洞6-1","","","","","","","","","","","","","","","6180002074226","","","",""
"有限会社アイケー商事","5702928429127","","","","","","","329-2337","栃木県塩谷郡塩谷町大字泉392-2","","","","","","","","","","","","","","","3060002016515","","","",""
"株式会社愛晃","2846657448916","","","","","","","507-0048","岐阜県多治見市池田町六丁目14","","","","","","","","","","","","","","","4200001022151","","","",""
"愛三工業有限会社","9505600653513","","","","","","","512-1304","三重県四日市市中野町乳母ケ懐627-75","","","","","","","","","","","","","","","8190002018956","","","",""
"アイ・サンド鉱業株式会社","8774099100994","","","","","","","901-0314","沖縄県糸満市字座波865-1","","","","","","","","","","","","","","","6360001012250","","","",""
"株式会社アイシー化工","5667676387964","","","","","","","509-6101","岐阜県瑞浪市土岐町3287-1","","","","","","","","","","","","","","","3200001022821","","","",""
"株式会社アイシンク","2438477470000","","","","","","","130-0002","東京都墨田区業平一丁目13-5","","","","","","","","","","","","","","","6010601029002","","","",""
"株式会社アイダ工業","1147874413814","","","","","","","080-1408","北海道河東郡上士幌町字上士幌東二線290","","","","","","","","","","","","","","","8460101003625","","","",""
"愛知県陶磁器工業協同組合","5413990079557","","","","","","","489-0805","愛知県瀬戸市陶原町一丁目8","","","","","","","","","","","","","","","4180005008827","","","",""
"有限会社相原建材","5582388999270","","","","","","","016-0179","秋田県能代市浅内上西山80","","","","","","","","","","","","","","","5410002010083","","","",""
"葵商事株式会社","8149779098665","","","","","","","850-0077","長崎県長崎市小瀬戸町1035","","","","","","","","","","","","","","","5310001000005","","","",""
"葵新建設株式会社","4974018935361","","","","","","","852-8117","長崎県長崎市平野町1-35","","","","","","","","","","","","","","","7310001000003","","","",""
"有限会社青木一雄石材商店","8375931626291","","","","","","","259-0202","神奈川県足柄下郡真鶴町岩171-1","","","","","","","","","","","","","","","1021002049733","","","",""
"有限会社青木建材","6530956479106","","","","","","","216-0024","神奈川県川崎市宮前区南平台8-29","","","","","","","","","","","","","","","7020002085675","","","",""
"青木建材工業株式会社","5101923798992","","","","","","","343-0045","埼玉県越谷市大字下間久里710-1","","","","","","","","","","","","","","","7030001063458","","","",""
"株式会社Ａｏｂａ　Ｌｏｇｉｓｔｉｃｓ","7539584285996","","","","","","","028-0502","岩手県遠野市青笹町中沢二地割52","","","","","","","","","","","","","","","3400001006639","","","",""
"有限会社赤沢建材","1932040009025","","","","","","","308-0853","茨城県筑西市伊讃美1962-1","","","","","","","","","","","","","","","6050002041759","","","",""
"明科建材株式会社","1996030670619","","","","","","","399-7102","長野県安曇野市明科中川手2058","","","","","","","","","","","","","","","7100001015385","","","",""
"有限会社赤須建材店","4394499842038","","","","","","","313-0049","茨城県常陸太田市天神林町2206-1","","","","","","","","","","","","","","","4050002035390","","","",""
"有限会社暁建材","1433264210056","","","","","","","253-0114","神奈川県高座郡寒川町田端1482","","","","","","","","","","","","","","","1021002009266","","","",""
"赤堀建材有限会社","7661640184794","","","","","","","399-5504","長野県木曽郡大桑村大字野尻2554-2","","","","","","","","","","","","","","","9100002027246","","","",""
"有限会社アカマツ","9892826799699","","","","","","","781-0112","高知県高知市仁井田68-3","","","","","","","","","","","","","","","4490002000210","","","",""
"有限会社赤松鉱山","9387834803075","","","","","","","869-5173","熊本県八代市二見赤松町1579-1","","","","","","","","","","","","","","","1330002025473","","","",""
"赤山興業有限会社","9655523979206","","","","","","","151-0065","東京都渋谷区大山町8-5","","","","","","","","","","","","","","","9011002000755","","","",""
"株式会社阿寒シェル鉱業","7638180920182","","","","","","","085-0241","北海道釧路市阿寒町中阿寒十八線38-1","","","","","","","","","","","","","","","2460001001718","","","",""
"吾倉石産株式会社","1747156182355","","","","","","","377-0931","群馬県吾妻郡東吾妻町大字大戸939","","","","","","","","","","","","","","","8070001023639","","","",""
"阿賀建材株式会社","4740891243740","","","","","","","959-1643","新潟県五泉市土堀56-2","","","","","","","","","","","","","","","9110001011547","","","",""
"株式会社吾石","8110285808955","","","","","","","377-1701","群馬県吾妻郡中之条町大字入山3174","","","","","","","","","","","","","","","1070001023637","","","",""
"阿賀野石産株式会社","2623773388835","","","","","","","959-4408","新潟県東蒲原郡阿賀町赤岩3343","","","","","","","","","","","","","","","8110001011234","","","",""
"株式会社安芸砂利","4927350531425","","","","","","","514-2322","三重県津市安濃町戸島2510","","","","","","","","","","","","","","","8190001001558","","","",""
"株式会社秋田サンド","8798485921946","","","","","","","014-0072","秋田県大仙市大曲西根瀬下28","","","","","","","","","","","","","","","7410001008713","","","",""
"秋葉建設興業株式会社","4519908312813","","","","","","","956-0035","新潟県新潟市秋葉区程島1962-3","","","","","","","","","","","","","","","9110001007058","","","",""
"有限会社秋山建設運輸","2089925019465","","","","","","","400-0073","山梨県甲府市湯村一丁目9-37","","","","","","","","","","","","","","","7090002007937","","","",""
"有限会社浅井建材","4037464448737","","","","","","","959-1821","新潟県五泉市赤海3040","","","","","","","","","","","","","","","4110002013530","","","",""
"株式会社浅井建材","9288736527675","","","","","","","089-0541","北海道中川郡幕別町札内青葉町310-6","","","","","","","","","","","","","","","4460102000096","","","",""
"有限会社朝角屋砂利","4779774469984","","","","","","","327-0514","栃木県佐野市仙波町285","","","","","","","","","","","","","","","9060002040006","","","",""
"有限会社朝倉石材","5372375242169","","","","","","","259-0202","神奈川県足柄下郡真鶴町岩52-2","","","","","","","","","","","","","","","9021002049742","","","",""
"朝明鉱業株式会社","7665365630229","","","","","","","510-1325","三重県三重郡菰野町大字榊930","","","","","","","","","","","","","","","3190001017336","","","",""
"浅田建設株式会社","5191636946917","","","","","","","920-0211","石川県金沢市湊二丁目30-2","","","","","","","","","","","","","","","3220001000726","","","",""
"朝妻建材興業有限会社","9387142607537","","","","","","","328-0074","栃木県栃木市薗部町二丁目4-22","","","","","","","","","","","","","","","3060002033725","","","",""
"浅野化学商事株式会社","2985489263606","","","","","","","939-0301","富山県射水市稲積223","","","","","","","","","","","","","","","2230001012597","","","",""
"旭開発工業株式会社","2445292467024","","","","","","","328-0203","栃木県栃木市尻内町602","","","","","","","","","","","","","","","2060001016194","","","",""
"旭川砕石株式会社","8796835280084","","","","","","","078-0310","北海道上川郡比布町基線15","","","","","","","","","","","","","","","9450001000202","","","",""
"朝日珪砂鉱業株式会社","3781672798384","","","","","","","489-0008","愛知県瀬戸市曽野町889","","","","","","","","","","","","","","","3180001078619","","","",""
"株式会社旭興業","6643361741510","","","","","","","511-0124","三重県桑名市多度町猪飼1251-11","","","","","","","","","","","","","","","1190001012867","","","",""
"旭興業株式会社","1850406409313","","","","","","","981-4309","宮城県加美郡加美町字蓬田48","","","","","","","","","","","","","","","4370201002275","","","",""
"アサヒ鉱業株式会社","8956174380352","","","","","","","313-0004","茨城県常陸太田市馬場町475","","","","","","","","","","","","","","","4050001026481","","","",""
"株式会社あさひ興産","7263179665631","","","","","","","901-2215","沖縄県宜野湾市真栄原二丁目4-15 サンハイムあさひ202","","","","","","","","","","","","","","","2360001009903","","","",""
"旭鉱石運輸株式会社","5400415264241","","","","","","","771-4265","徳島県徳島市飯谷町枇杷ノ久保13-4","","","","","","","","","","","","","","","7480001000028","","","",""
"旭砿末資料合資会社","8555272623013","","","","","","","110-0002","東京都台東区上野桜木一丁目13-2","","","","","","","","","","","","","","","5010503000739","","","",""
"有限会社朝日砕石","4383841947861","","","","","","","685-0006","島根県隠岐郡隠岐の島町有木権現原6-1","","","","","","","","","","","","","","","4280002010841","","","",""
"旭砕石株式会社","7301609279935","","","","","","","859-3605","長崎県東彼杵郡川棚町百津郷296-13","","","","","","","","","","","","","","","5310001005490","","","",""
"アサヒ産業株式会社","8286121337118","","","","","","","071-8152","北海道旭川市東鷹栖二線十一号","","","","","","","","","","","","","","","1450001000085","","","",""
"朝日砂利工業株式会社","3253309362390","","","","","","","069-1321","北海道夕張郡長沼町字馬追2238-5","","","","","","","","","","","","","","","7430001047461","","","",""
"旭石産株式会社","3678104367160","","","","","","","950-0813","新潟県新潟市東区大形本町五丁目18-22","","","","","","","","","","","","","","","7110001001079","","","",""
"旭石材工業株式会社","8974277880034","","","","","","","377-0311","群馬県渋川市村上3632","","","","","","","","","","","","","","","1070001017440","","","",""
"有限会社浅間商事","7764072851475","","","","","","","377-1412","群馬県吾妻郡長野原町大字北軽井沢1353-146","","","","","","","","","","","","","","","4070002036148","","","",""
"あさみ工業株式会社","6666086706208","","","","","","","731-1222","広島県山県郡北広島町阿坂10590-1","","","","","","","","","","","","","","","5240001024003","","","",""
"足柄工業株式会社","7955369221946","","","","","","","409-2521","山梨県南巨摩郡身延町粟倉815","","","","","","","","","","","","","","","3090001012231","","","",""
"足柄採石株式会社","9688195386561","","","","","","","259-0147","神奈川県足柄上郡中井町鴨沢717-6","","","","","","","","","","","","","","","3021001034404","","","",""
"芦別鉱業株式会社","5184574851336","","","","","","","075-0006","北海道芦別市北六条西三丁目15-2","","","","","","","","","","","","","","","4430001048108","","","",""
"株式会社アジア開発産業","3299400793573","","","","","","","960-8107","福島県福島市浜田町8-8 ネオハイツ浜田町1107","","","","","","","","","","","","","","","1380001009605","","","",""
"味岡建設株式会社","6940332846587","","","","","","","868-0501","熊本県球磨郡多良木町大字多良木144-1","","","","","","","","","","","","","","","1330001016085","","","",""
"味岡三和砕石株式会社","7538255846425","","","","","","","868-0415","熊本県球磨郡あさぎり町免田西3278","","","","","","","","","","","","","","","5330002030189","","","",""
"安心院パーライト工業株式会社","7606316538375","","","","","","","879-1313","大分県杵築市山香町大字久木野尾上ノ原2000-3","","","","","","","","","","","","","","","8320001005347","","","",""
"株式会社明日一産業","1971414411585","","","","","","","323-0017","栃木県小山市大字飯塚1803-1","","","","","","","","","","","","","","","2060001014826","","","",""
"株式会社アース・クラフト","3749858140459","","","","","","","055-0106","北海道苫小牧市新開町二丁目2-10","","","","","","","","","","","","","","","6430001055746","","","",""
"有限会社アズマ企業","2334414155887","","","","","","","340-0002","埼玉県草加市青柳七丁目37-4","","","","","","","","","","","","","","","1030002043134","","","",""
"吾妻産業株式会社","3432341609436","","","","","","","681-0065","鳥取県岩美郡岩美町大字新井555-1","","","","","","","","","","","","","","","5270001005628","","","",""
"安曇石産株式会社","1910045144675","","","","","","","390-1520","長野県松本市安曇4460-16","","","","","","","","","","","","","","","2100002022484","","","",""
"株式会社麻生マイニング","1019096944725","","","","","","","820-0018","福岡県飯塚市芳雄町7-18","","","","","","","","","","","","","","","2290001083609","","","",""
"有限会社阿蘇品組","3976291815600","","","","","","","861-0531","熊本県山鹿市中483","","","","","","","","","","","","","","","6330002018308","","","",""
"株式会社あづみ野石産","2036150321914","","","","","","","398-0004","長野県大町市常盤上橋6898-14","","","","","","","","","","","","","","","7100001028247","","","",""
"アテラ建材株式会社","3001047973711","","","","","","","399-5504","長野県木曽郡大桑村大字野尻2876","","","","","","","","","","","","","","","5100001017706","","","",""
"有限会社亞東武","5292975007130","","","","","","","711-0903","岡山県倉敷市児島田の口五丁目1-2","","","","","","","","","","","","","","","7260002016301","","","",""
"阿南建材株式会社","4569184565443","","","","","","","399-1502","長野県下伊那郡阿南町東條1058-1","","","","","","","","","","","","","","","3100001026304","","","",""
"株式会社アーバンオーア","5564896038163","","","","","","","565-0875","大阪府吹田市青山台二丁目9-10","","","","","","","","","","","","","","","2120901013219","","","",""
"株式会社アビーロード","8021171925273","","","","","","","059-0642","北海道白老郡白老町字竹浦538","","","","","","","","","","","","","","","7430001053039","","","",""
"有限会社阿武隈サンド","2557835266920","","","","","","","989-2301","宮城県亘理郡亘理町逢隈中泉中3-1","","","","","","","","","","","","","","","9370802001183","","","",""
"安倍川開発株式会社","6342836181340","","","","","","","421-0112","静岡県静岡市駿河区東新田四丁目9-37","","","","","","","","","","","","","","","8080001000249","","","",""
"株式会社安部組","7846564696438","","","","","","","993-0053","山形県長井市中道二丁目2-39-1","","","","","","","","","","","","","","","9390001010991","","","",""
"株式会社阿部組","7699404399185","","","","","","","794-0033","愛媛県今治市東門町三丁目1-15","","","","","","","","","","","","","","","3500001011083","","","",""
"有限会社阿部建材","7254250250543","","","","","","","959-2664","新潟県胎内市柴橋780-1","","","","","","","","","","","","","","","1110002016073","","","",""
"安部建設株式会社","3708099194080","","","","","","","992-0472","山形県南陽市宮内599-2","","","","","","","","","","","","","","","4390001010542","","","",""
"株式会社阿部工業","9042325358590","","","","","","","969-0202","福島県西白河郡矢吹町新町88","","","","","","","","","","","","","","","1380001010091","","","",""
"株式会社安部産業","7054869367721","","","","","","","098-5808","北海道枝幸郡枝幸町新港町909-3","","","","","","","","","","","","","","","8450001007693","","","",""
"有限会社阿部産業","3146748086711","","","","","","","028-0531","岩手県遠野市綾織町新里十八地割69-3","","","","","","","","","","","","","","","1400002010179","","","",""
"阿部善産業株式会社","1701252753773","","","","","","","982-0805","宮城県仙台市太白区鈎取本町一丁目1-6","","","","","","","","","","","","","","","4370001000454","","","",""
"天草開発株式会社","2387146033948","","","","","","","861-0522","熊本県山鹿市久原岩野河内113-6","","","","","","","","","","","","","","","7330001010207","","","",""
"奄美産業開発有限会社","5061949914746","","","","","","","894-0036","鹿児島県奄美市名瀬長浜町4-3","","","","","","","","","","","","","","","2340002020539","","","",""
"雨宮石材興業株式会社","8311617414245","","","","","","","404-0041","山梨県甲州市塩山千野278-4","","","","","","","","","","","","","","","4090001009045","","","",""
"株式会社荒井建材","1221449250800","","","","","","","400-0206","山梨県南アルプス市六科1107-2","","","","","","","","","","","","","","","7090001004745","","","",""
"新井総合施設株式会社","6934700990068","","","","","","","292-0431","千葉県君津市怒田花立643-1","","","","","","","","","","","","","","","7040001052947","","","",""
"有限会社荒雄砂利店","7780032764044","","","","","","","989-6175","宮城県大崎市古川諏訪三丁目7-18","","","","","","","","","","","","","","","7370202000011","","","",""
"荒川水系砂利採取協同組合","1170945263895","","","","","","","959-3121","新潟県村上市佐々木大坪1083-4","","","","","","","","","","","","","","","7110005008005","","","",""
"株式会社アラキ","9520774723593","","","","","","","699-0624","島根県出雲市斐川町上直江2721","","","","","","","","","","","","","","","8280002006217","","","",""
"荒木建材工業有限会社","2796221720651","","","","","","","374-0016","群馬県館林市松原三丁目18-3","","","","","","","","","","","","","","","9070002032992","","","",""
"有限会社荒木商店","7251870307904","","","","","","","534-0015","大阪府大阪市都島区善源寺町一丁目1-2","","","","","","","","","","","","","","","2120002057529","","","",""
"荒木石材株式会社","5961823634514","","","","","","","816-0964","福岡県大野城市南ケ丘一丁目1-25","","","","","","","","","","","","","","","8290001043202","","","",""
"荒建材建設株式会社","4043040817502","","","","","","","039-1107","青森県八戸市大字櫛引直渡13","","","","","","","","","","","","","","","2420001005540","","","",""
"株式会社有明商事","6558241613676","","","","","","","859-0165","長崎県諫早市小長井町小川原浦498","","","","","","","","","","","","","","","2310001008257","","","",""
"有限会社有明石材","5499612690218","","","","","","","849-1603","佐賀県藤津郡太良町大字糸岐3763","","","","","","","","","","","","","","","5300002007041","","","",""
"有田陶料株式会社","7605903714074","","","","","","","844-0026","佐賀県西松浦郡有田町外尾町丙1445 第1","","","","","","","","","","","","","","","9300001007922","","","",""
"有本産業株式会社","7373694597690","","","","","","","822-0032","福岡県直方市大字下新入593","","","","","","","","","","","","","","","9290801014038","","","",""
"株式会社アルバ建設","9071025529734","","","","","","","950-0821","新潟県新潟市東区岡山1279","","","","","","","","","","","","","","","7110001027438","","","",""
"有限会社アルベ・タカ","9793189850445","","","","","","","292-0823","千葉県木更津市桜井新町二丁目18-4","","","","","","","","","","","","","","","7040002069338","","","",""
"淡路砂利株式会社","8222026745364","","","","","","","656-0501","兵庫県南あわじ市福良甲135-10","","","","","","","","","","","","","","","6140001085500","","","",""
"アワノ砕石株式会社","8537253077043","","","","","","","321-1111","栃木県鹿沼市板荷337-1","","","","","","","","","","","","","","","4060001010864","","","",""
"株式会社芦原地所","3276690528405","","","","","","","910-4123","福井県あわら市番田32-16","","","","","","","","","","","","","","","1210001007204","","","",""
"安喰砂利工業株式会社","6003894661753","","","","","","","071-0751","北海道空知郡中富良野町北町2-42","","","","","","","","","","","","","","","4450001006336","","","",""
"株式会社アンドー","9780238423243","","","","","","","019-0205","秋田県湯沢市小野西十日町83","","","","","","","","","","","","","","","7410001005677","","","",""
"株式会社安藤組","7015505897219","","","","","","","999-7706","山形県東田川郡庄内町提興屋中島80","","","","","","","","","","","","","","","6390001006803","","","",""
"有限会社安藤石材","4051743959813","","","","","","","759-2211","山口県美祢市大嶺町北分2708-1","","","","","","","","","","","","","","","7250002007334","","","",""
"ＡＮＤ工業株式会社","9955915028525","","","","","","","546-0012","大阪府大阪市東住吉区中野四丁目10-31","","","","","","","","","","","","","","","2120001121228","","","",""
"飯高砂利株式会社","9992120292477","","","","","","","515-1615","三重県松阪市飯高町森121","","","","","","","","","","","","","","","5190001010090","","","",""
"飯田建材工業株式会社","2059343894056","","","","","","","327-0321","栃木県佐野市閑馬町278-1","","","","","","","","","","","","","","","8060001021404","","","",""
"一般財団法人飯田市天竜川環境整備公社","3263234149883","","","","","","","399-2431","長野県飯田市川路7674","","","","","","","","","","","","","","","3100005009461","","","",""
"有限会社飯田商事","6998703906320","","","","","","","697-0011","島根県浜田市後野町2246","","","","","","","","","","","","","","","9280002008096","","","",""
"飯塚石材工業株式会社","4082610500049","","","","","","","085-0042","北海道釧路市若草町9-2","","","","","","","","","","","","","","","7460001000087","","","",""
"飯利建材株式会社","2224437593432","","","","","","","940-2033","新潟県長岡市上除町甲2085-2","","","","","","","","","","","","","","","6110001022084","","","",""
"有限会社塩井建材","4479969549791","","","","","","","292-0812","千葉県木更津市矢那4450-31","","","","","","","","","","","","","","","6040002066872","","","",""
"五十嵐川砂利工業株式会社","2044214337050","","","","","","","955-0151","新潟県三条市荻堀1365-34","","","","","","","","","","","","","","","9110001014847","","","",""
"壱岐開発株式会社","6537110282198","","","","","","","811-5462","長崎県壱岐市芦辺町箱崎大左右触508-6","","","","","","","","","","","","","","","9310002018901","","","",""
"有限会社壱岐砕石","1812349214277","","","","","","","811-5734","長崎県壱岐市芦辺町国分本村触319 第2","","","","","","","","","","","","","","","2310002018908","","","",""
"井倉化学工業株式会社","1711502684802","","","","","","","719-2551","岡山県新見市井倉32","","","","","","","","","","","","","","","6260001019116","","","",""
"株式会社井口建材","2364768504497","","","","","","","399-6101","長野県木曽郡木曽町日義2999-3","","","","","","","","","","","","","","","7100001017712","","","",""
"有限会社池上開発事業","3316312643865","","","","","","","438-0805","静岡県磐田市池田538-2","","","","","","","","","","","","","","","9080402020068","","","",""
"株式会社池上産業","9645237124504","","","","","","","431-3103","静岡県浜松市中央区常光町866","","","","","","","","","","","","","","","2080401000399","","","",""
"池田興産株式会社","7532761374455","","","","","","","944-0043","新潟県妙高市朝日町一丁目7-21","","","","","","","","","","","","","","","4110001020214","","","",""
"株式会社池永生コン","2472764524521","","","","","","","935-0031","富山県氷見市柳田2028-3","","","","","","","","","","","","","","","1230001011501","","","",""
"株式会社生駒","7677557420008","","","","","","","247-0071","神奈川県鎌倉市玉縄一丁目14-4","","","","","","","","","","","","","","","8020001042296","","","",""
"株式会社イサミ","8391142494201","","","","","","","078-8203","北海道旭川市東旭川町日ノ出273-6","","","","","","","","","","","","","","","1450001000432","","","",""
"有限会社石井建材","5618573538156","","","","","","","310-0853","茨城県水戸市平須町1814-31","","","","","","","","","","","","","","","9050002004291","","","",""
"有限会社石川","4539647713156","","","","","","","516-1423","三重県度会郡南伊勢町村山968","","","","","","","","","","","","","","","1190002010878","","","",""
"石川インペラ工業株式会社","3316094588077","","","","","","","923-1206","石川県能美市灯台笹町431","","","","","","","","","","","","","","","2220001012854","","","",""
"有限会社石川組","8875176436903","","","","","","","014-1413","秋田県大仙市角間川町西本町24","","","","","","","","","","","","","","","2410002011241","","","",""
"石川組建材有限会社","4554595694564","","","","","","","321-2603","栃木県日光市西川279-1","","","","","","","","","","","","","","","4060002015986","","","",""
"有限会社石川工務店","9060058027691","","","","","","","355-0327","埼玉県比企郡小川町大字腰越341","","","","","","","","","","","","","","","9030002097263","","","",""
"有限会社石川砂利店","8147050200771","","","","","","","983-0003","宮城県仙台市宮城野区岡田八間谷地6-3","","","","","","","","","","","","","","","3370002009603","","","",""
"石川ライト工業株式会社","2258919656357","","","","","","","920-0000","石川県金沢市釣部町ヤ6-3","","","","","","","","","","","","","","","3220001001022","","","",""
"有限会社石上砂利","9112536198368","","","","","","","428-0014","静岡県島田市金谷泉町1803-1","","","","","","","","","","","","","","","4080002014020","","","",""
"株式会社石源石材工業","7472973328729","","","","","","","465-0077","愛知県名古屋市名東区植園町一丁目4","","","","","","","","","","","","","","","7180001001601","","","",""
"株式会社石崎商事","3039134239023","","","","","","","313-0131","茨城県常陸太田市花房町2366-1","","","","","","","","","","","","","","","2050001026599","","","",""
"有限会社石竹木材","7599764022332","","","","","","","747-0037","山口県防府市八王子一丁目6-18","","","","","","","","","","","","","","","8250002002838","","","",""
"石田採石株式会社","2372591635725","","","","","","","759-2213","山口県美祢市大嶺町西分140-1","","","","","","","","","","","","","","","8250001004273","","","",""
"石塚産業株式会社","7699454034793","","","","","","","304-0814","茨城県下妻市宗道86-3","","","","","","","","","","","","","","","7050001013568","","","",""
"株式会社石塚","2685083340406","","","","","","","516-0016","三重県伊勢市神田久志本町1717-2","","","","","","","","","","","","","","","7190001006418","","","",""
"石塚工業株式会社","1084233312475","","","","","","","987-0601","宮城県登米市中田町石森蓬田438","","","","","","","","","","","","","","","8370401000422","","","",""
"石津産業株式会社","5933457107506","","","","","","","314-0018","茨城県鹿嶋市平井東二丁目5-1","","","","","","","","","","","","","","","9050001020075","","","",""
"株式会社石鎚開発","7015257212364","","","","","","","793-0066","愛媛県西条市野々市21-1","","","","","","","","","","","","","","","8500001008892","","","",""
"石鳥谷産業株式会社","1965208943189","","","","","","","028-3152","岩手県花巻市石鳥谷町南寺林第五地割143-3","","","","","","","","","","","","","","","1400003000617","","","",""
"株式会社石名坂","3145300750520","","","","","","","020-0832","岩手県盛岡市東見前四地割35","","","","","","","","","","","","","","","8400001001998","","","",""
"石巻砕石合同会社","2271700426226","","","","","","","986-0102","宮城県石巻市成田大久保31-1","","","","","","","","","","","","","","","2370003003795","","","",""
"石原鉱産株式会社","9002087079019","","","","","","","550-0002","大阪府大阪市西区江戸堀一丁目3-15","","","","","","","","","","","","","","","3120001041276","","","",""
"有限会社石橋産業","2492800246890","","","","","","","877-0003","大分県日田市上城内町401-1","","","","","","","","","","","","","","","3320002018724","","","",""
"有限会社石丸建設","7758065764087","","","","","","","932-0812","富山県小矢部市金屋本江339-1","","","","","","","","","","","","","","","8230002009950","","","",""
"石丸工業株式会社","3083968350126","","","","","","","036-8065","青森県弘前市大字西城北一丁目6-14","","","","","","","","","","","","","","","2420001009236","","","",""
"石森工業株式会社","6684396857884","","","","","","","250-0045","神奈川県小田原市城山一丁目4-1 1610号レーベン小田原THE・TOWER","","","","","","","","","","","","","","","4021001034155","","","",""
"石森工業株式会社","8404383084294","","","","","","","258-0113","神奈川県足柄上郡山北町山北3090-4","","","","","","","","","","","","","","","5021001068796","","","",""
"有限会社嚴原砂利","3322578142991","","","","","","","740-0302","山口県岩国市下391","","","","","","","","","","","","","","","9250002017694","","","",""
"和泉鉱業株式会社","6308776519115","","","","","","","509-5122","岐阜県土岐市土岐津町土岐口1372-168","","","","","","","","","","","","","","","9200001021198","","","",""
"和泉産業株式会社","3946926509702","","","","","","","745-0036","山口県周南市本町二丁目25","","","","","","","","","","","","","","","3250001008683","","","",""
"株式会社出水サンド","5326051615334","","","","","","","899-0217","鹿児島県出水市平和町487","","","","","","","","","","","","","","","3340001011703","","","",""
"泉山興業株式会社","7029715088672","","","","","","","039-3211","青森県上北郡六ヶ所村大字出戸棚沢山1","","","","","","","","","","","","","","","8420001012192","","","",""
"有限会社泉山石材店","4700872091057","","","","","","","028-0041","岩手県久慈市長内町第三十二地割1-9","","","","","","","","","","","","","","","6400002013441","","","",""
"イズム鉱業株式会社","6329931719501","","","","","","","373-0851","群馬県太田市飯田町1547 OTAスクエアビル7F","","","","","","","","","","","","","","","2070001021078","","","",""
"有限会社イソダ器物","4402608478079","","","","","","","959-1284","新潟県燕市杣木3116-8","","","","","","","","","","","","","","","2110002018911","","","",""
"有限会社板和組","4269890607561","","","","","","","010-0431","秋田県男鹿市払戸横長根115-3","","","","","","","","","","","","","","","8410002006335","","","",""
"板谷建設株式会社","5516342422921","","","","","","","023-0825","岩手県奥州市水沢台町3-35","","","","","","","","","","","","","","","1400601000019","","","",""
"伊田エステート株式会社","8583320216242","","","","","","","330-0803","埼玉県さいたま市大宮区高鼻町一丁目31-1 TOPS大宮ビル2階B号室","","","","","","","","","","","","","","","3030001060863","","","",""
"株式会社イチキコーポレーション","1427867165538","","","","","","","573-1115","大阪府枚方市東船橋一丁目44-6","","","","","","","","","","","","","","","8120001152135","","","",""
"株式会社イチサイ","5860204935541","","","","","","","021-0027","岩手県一関市竹山町4-45","","","","","","","","","","","","","","","2400501000027","","","",""
"株式会社一志組","5284709449426","","","","","","","516-0066","三重県伊勢市辻久留三丁目13-15","","","","","","","","","","","","","","","9190002008221","","","",""
"株式会社市橋商店","2588319054121","","","","","","","531-0062","大阪府大阪市北区長柄中二丁目5-24","","","","","","","","","","","","","","","6120001060728","","","",""
"株式会社市原商事","5205074455867","","","","","","","870-0125","大分県大分市大字松岡6650-1","","","","","","","","","","","","","","","1320001000528","","","",""
"一山土木工業株式会社","1440849821912","","","","","","","389-2255","長野県飯山市大字静間2095-1","","","","","","","","","","","","","","","5100001011799","","","",""
"伊藤建設株式会社","8183720804179","","","","","","","991-0002","山形県寒河江市字下河原1","","","","","","","","","","","","","","","6390001011704","","","",""
"株式会社伊藤礦業所","8990427862197","","","","","","","027-0044","岩手県宮古市上鼻二丁目6-75","","","","","","","","","","","","","","","7400001006825","","","",""
"有限会社伊藤鉱山","2093126579008","","","","","","","470-0356","愛知県豊田市八草町三本木890","","","","","","","","","","","","","","","4180302021367","","","",""
"伊藤砂利株式会社","9085993606648","","","","","","","073-1103","北海道樺戸郡新十津川町字中央134","","","","","","","","","","","","","","","3430001048125","","","",""
"伊藤砂利有限会社","5036488813846","","","","","","","519-2424","三重県多気郡大台町栃原940-6","","","","","","","","","","","","","","","6190002015690","","","",""
"株式会社伊藤重機建設","9007714341330","","","","","","","428-0037","静岡県島田市菊川120-1","","","","","","","","","","","","","","","9080001013357","","","",""
"伊藤忠鉱物資源開発株式会社","7706044983456","","","","","","","107-0061","東京都港区北青山二丁目5-1 伊藤忠商事ビル14F","","","","","","","","","","","","","","","5010401093554","","","",""
"株式会社伊藤土建","8877060470645","","","","","","","999-6212","山形県最上郡最上町大字志茂1384","","","","","","","","","","","","","","","6390001008808","","","",""
"株式会社イナサス","1433126327175","","","","","","","431-2223","静岡県浜松市浜名区引佐町栃窪168","","","","","","","","","","","","","","","9080401010103","","","",""
"稲田石材株式会社","5457933818659","","","","","","","309-1635","茨城県笠間市稲田4328-7","","","","","","","","","","","","","","","8050001007890","","","",""
"株式会社稲荷場","9840492617006","","","","","","","489-0875","愛知県瀬戸市緑町一丁目60","","","","","","","","","","","","","","","8180001078663","","","",""
"有限会社乾建材工業","3794029058353","","","","","","","370-3343","群馬県高崎市下里見町40-4","","","","","","","","","","","","","","","6070002008806","","","",""
"有限会社乾長石鉱業所","7869479079255","","","","","","","529-1812","滋賀県甲賀市信楽町神山261","","","","","","","","","","","","","","","6160002005620","","","",""
"犬飼建設株式会社","1384138988798","","","","","","","455-0806","愛知県名古屋市港区明正二丁目215","","","","","","","","","","","","","","","1180001006077","","","",""
"犬飼砕石有限会社","8611313210097","","","","","","","879-7302","大分県豊後大野市犬飼町久原1845","","","","","","","","","","","","","","","8320002018224","","","",""
"株式会社井上組","6364923059816","","","","","","","368-0051","埼玉県秩父市中村町四丁目2-11","","","","","","","","","","","","","","","5030001090652","","","",""
"有限会社井上建材","5566790369393","","","","","","","314-0133","茨城県神栖市息栖1863-1","","","","","","","","","","","","","","","9050002026930","","","",""
"井上工業株式会社","9556206285111","","","","","","","078-0324","北海道上川郡比布町北四線4","","","","","","","","","","","","","","","2450001004911","","","",""
"井上産業株式会社","7894693238545","","","","","","","520-0862","滋賀県大津市平津二丁目10-15","","","","","","","","","","","","","","","5160001000136","","","",""
"株式会社井上産業","3167895040676","","","","","","","381-0022","長野県長野市大字大豆島5307-2","","","","","","","","","","","","","","","4100002000505","","","",""
"井上産業株式会社","9818383926485","","","","","","","949-6611","新潟県南魚沼市坂戸485","","","","","","","","","","","","","","","6110001026143","","","",""
"有限会社猪瀬肥料店","8681050460073","","","","","","","320-0027","栃木県宇都宮市塙田四丁目9-4","","","","","","","","","","","","","","","6060002001373","","","",""
"有限会社イハラ建材","2152619234181","","","","","","","422-8006","静岡県静岡市駿河区曲金五丁目4-27 401号","","","","","","","","","","","","","","","3080002000640","","","",""
"伊原建設株式会社","9452098214719","","","","","","","914-0141","福井県敦賀市莇生野88-2","","","","","","","","","","","","","","","9210001010456","","","",""
"株式会社茨城の石本舗","4572083890949","","","","","","","309-1453","茨城県桜川市友部488-1","","","","","","","","","","","","","","","4050001038989","","","",""
"井原砕石株式会社","4966481063090","","","","","","","715-0006","岡山県井原市西江原町1931-7","","","","","","","","","","","","","","","1260001018155","","","",""
"揖斐川工業株式会社","4492866984634","","","","","","","503-0812","岐阜県大垣市万石二丁目31","","","","","","","","","","","","","","","5200001013224","","","",""
"株式会社揖斐川砂利採集場","1315674567844","","","","","","","501-0324","岐阜県瑞穂市呂久911","","","","","","","","","","","","","","","8200001009780","","","",""
"株式会社今井","9702676094683","","","","","","","371-0023","群馬県前橋市本町一丁目14-6","","","","","","","","","","","","","","","7070002000687","","","",""
"株式会社今井建材","9723102049069","","","","","","","509-1622","岐阜県下呂市金山町金山2314-2","","","","","","","","","","","","","","","4200001025988","","","",""
"今井工業株式会社","6793818957168","","","","","","","622-0012","京都府南丹市園部町内林町上ヲサ6-2","","","","","","","","","","","","","","","2130001034858","","","",""
"有限会社今井産業","9331002357563","","","","","","","509-2612","岐阜県下呂市馬瀬名丸1533-1","","","","","","","","","","","","","","","1200002027152","","","",""
"株式会社今井石産","3157796201176","","","","","","","950-0948","新潟県新潟市中央区女池南一丁目1-16 FKビル","","","","","","","","","","","","","","","8110001001334","","","",""
"有限会社今田建材","3390813597599","","","","","","","910-4272","福井県あわら市北潟239-6","","","","","","","","","","","","","","","9210002009159","","","",""
"今村建設株式会社","4695369164471","","","","","","","505-0046","岐阜県美濃加茂市西町五丁目342","","","","","","","","","","","","","","","1200001018474","","","",""
"射水建材株式会社","5445263900604","","","","","","","935-0035","富山県氷見市上田子笹谷内91-2","","","","","","","","","","","","","","","4230001011498","","","",""
"有限会社伊予鉱業所","9084840815488","","","","","","","791-2202","愛媛県伊予郡砥部町玉谷1685","","","","","","","","","","","","","","","3500002010745","","","",""
"有限会社伊良部砕石","9475875946709","","","","","","","907-0004","沖縄県石垣市字登野城551","","","","","","","","","","","","","","","2360002020990","","","",""
"入来カオリン有限会社","2063842992945","","","","","","","890-0015","鹿児島県鹿児島市草牟田町5-11","","","","","","","","","","","","","","","2340002013344","","","",""
"有限会社入船産業","9139291980498","","","","","","","880-0926","宮崎県宮崎市月見ケ丘五丁目1-15","","","","","","","","","","","","","","","6350002000486","","","",""
"有限会社イールド","8178350817327","","","","","","","314-0021","茨城県鹿嶋市大字粟生1910-4","","","","","","","","","","","","","","","6050002029226","","","",""
"磐城砕石株式会社","4558500112001","","","","","","","970-1146","福島県いわき市好間町榊小屋中根168","","","","","","","","","","","","","","","2380001012293","","","",""
"株式会社岩国砕石","9494796577687","","","","","","","741-0083","山口県岩国市御庄一丁目110-3","","","","","","","","","","","","","","","7250001011171","","","",""
"岩崎工業株式会社","7797930834743","","","","","","","869-0301","熊本県玉名郡玉東町大字稲佐301","","","","","","","","","","","","","","","1330001011532","","","",""
"岩崎礦業株式会社","1053296068155","","","","","","","879-2458","大分県津久見市入船西町24-16","","","","","","","","","","","","","","","8320201000239","","","",""
"岩崎資源開発株式会社","6541683287389","","","","","","","939-1305","富山県砺波市千保170-1","","","","","","","","","","","","","","","9230001008192","","","",""
"イワサ骨材販売株式会社","2107496295180","","","","","","","910-2163","福井県福井市栃泉町11-10","","","","","","","","","","","","","","","7210001000244","","","",""
"株式会社いわざくら","8905028720570","","","","","","","368-0072","埼玉県秩父郡横瀬町大字横瀬3996","","","","","","","","","","","","","","","3030001119742","","","",""
"有限会社岩筋砂工業所","8276665386679","","","","","","","059-1742","北海道勇払郡厚真町字浜厚真150","","","","","","","","","","","","","","","7430002058078","","","",""
"有限会社岩瀨建材","3145944336699","","","","","","","298-0028","千葉県いすみ市細尾78-1","","","","","","","","","","","","","","","5040002102884","","","",""
"有限会社岩田屋","4960570394993","","","","","","","399-0214","長野県諏訪郡富士見町落合上蔦木2427","","","","","","","","","","","","","","","4100002029445","","","",""
"有限会社岩手運送","1495881968587","","","","","","","020-0204","岩手県盛岡市上田糠森43-1","","","","","","","","","","","","","","","6400002004234","","","",""
"岩手県中央砕石業協同組合","8661107630267","","","","","","","020-0044","岩手県盛岡市城西町13-77","","","","","","","","","","","","","","","1400005000318","","","",""
"岩原土石運輸有限会社","6506556942994","","","","","","","939-1323","富山県砺波市上中野261","","","","","","","","","","","","","","","7230002009200","","","",""
"株式会社岩間興業","7542197926655","","","","","","","068-0003","北海道岩見沢市三条東十二丁目1-3","","","","","","","","","","","","","","","8430001078415","","","",""
"岩本工業株式会社","1425503991079","","","","","","","819-0015","福岡県福岡市西区愛宕二丁目19-37","","","","","","","","","","","","","","","7290001000105","","","",""
"岩本砂利有限会社","6238700472538","","","","","","","743-0011","山口県光市大字光井 字光井港","","","","","","","","","","","","","","","7250002016888","","","",""
"イワヤ土地工業株式会社","7017371847370","","","","","","","926-0822","石川県七尾市細口町マイダリ山200-1","","","","","","","","","","","","","","","2220001015262","","","",""
"植田興業株式会社","6164962688088","","","","","","","787-0050","高知県四万十市渡川一丁目10-25","","","","","","","","","","","","","","","1490001004891","","","",""
"上田工業株式会社","1137508767458","","","","","","","939-1318","富山県砺波市祖泉216","","","","","","","","","","","","","","","6230001008195","","","",""
"上田産業株式会社","1440986673107","","","","","","","386-0401","長野県上田市塩川66","","","","","","","","","","","","","","","2100001010985","","","",""
"植田産業有限会社","8999181257317","","","","","","","761-1612","香川県高松市塩江町安原上東1382-3","","","","","","","","","","","","","","","9470002009174","","","",""
"上田石灰製造株式会社","6299243589256","","","","","","","503-2211","岐阜県大垣市南市橋町1346","","","","","","","","","","","","","","","5200001013257","","","",""
"有限会社上田伯事務所","5813382204822","","","","","","","231-0823","神奈川県横浜市中区本牧大里町10-24","","","","","","","","","","","","","","","3020002071448","","","",""
"有限会社上田屋商会","8967717385204","","","","","","","401-0301","山梨県南都留郡富士河口湖町船津4273","","","","","","","","","","","","","","","9090002011664","","","",""
"株式会社上野建材","7186865727610","","","","","","","321-4404","栃木県真岡市田島904-1","","","","","","","","","","","","","","","6060001009260","","","",""
"上野商事株式会社","7726932786961","","","","","","","626-0027","京都府宮津市字京街道210-1","","","","","","","","","","","","","","","8130001040479","","","",""
"有限会社上村商事","3382252398530","","","","","","","861-5272","熊本県熊本市西区中島町2723-1","","","","","","","","","","","","","","","2330002001119","","","",""
"宇佐開発株式会社","1814165824180","","","","","","","879-0467","大分県宇佐市大字山本1990","","","","","","","","","","","","","","","8320001007590","","","",""
"合資会社牛澤商会","2905740519730","","","","","","","381-2405","長野県長野市信州新町新町180-2","","","","","","","","","","","","","","","6100003000329","","","",""
"株式会社氏田組","7553594225218","","","","","","","959-0132","新潟県燕市分水あけぼの一丁目1-72","","","","","","","","","","","","","","","3110001016295","","","",""
"株式会社氏田興業","4790683676448","","","","","","","959-1602","新潟県五泉市高山2499-1","","","","","","","","","","","","","","","3110001031699","","","",""
"内海産業株式会社","8129838662024","","","","","","","292-0033","千葉県木更津市犬成965","","","","","","","","","","","","","","","5040001050382","","","",""
"有限会社内田建設","1143002565253","","","","","","","035-0078","青森県むつ市松森町16-1","","","","","","","","","","","","","","","2420002019515","","","",""
"株式会社内田商店","6752958565714","","","","","","","432-8056","静岡県浜松市中央区米津町524","","","","","","","","","","","","","","","5080401000652","","","",""
"内堀鉱業株式会社","3995602541803","","","","","","","521-0242","滋賀県米原市長岡1116","","","","","","","","","","","","","","","1160001006459","","","",""
"有限会社有働開発","5684686167885","","","","","","","861-0424","熊本県山鹿市菊鹿町松尾1795","","","","","","","","","","","","","","","5330002018894","","","",""
"卯根倉鉱業株式会社","4508399607219","","","","","","","017-0005","秋田県大館市花岡町堤沢42","","","","","","","","","","","","","","","7410001005925","","","",""
"宇部協立産業株式会社","2474150616450","","","","","","","755-0084","山口県宇部市大字川上石仏555","","","","","","","","","","","","","","","6250001002989","","","",""
"宇部採石工業株式会社","7020984347691","","","","","","","621-0115","京都府亀岡市東別院町栢原タカラ山33-28","","","","","","","","","","","","","","","4130001035937","","","",""
"馬越海運有限会社","8170881395901","","","","","","","794-2102","愛媛県今治市吉海町泊1400","","","","","","","","","","","","","","","2500002020266","","","",""
"有限会社梅木土砂","4015156329523","","","","","","","877-0000","大分県日田市大字求来里846","","","","","","","","","","","","","","","2320002018881","","","",""
"梅﨑礦業株式会社","6418863906550","","","","","","","800-0114","福岡県北九州市門司区吉志一丁目12-20","","","","","","","","","","","","","","","5290801008290","","","",""
"ウメザキマテリアル株式会社","2929784927784","","","","","","","800-0114","福岡県北九州市門司区吉志一丁目12-20","","","","","","","","","","","","","","","1290801006983","","","",""
"株式会社梅島","9248493457645","","","","","","","223-0053","神奈川県横浜市港北区綱島西二丁目5-13","","","","","","","","","","","","","","","2020001019548","","","",""
"有限会社梅林運送","5886217656318","","","","","","","822-1406","福岡県田川郡香春町大字香春741-1","","","","","","","","","","","","","","","4290802024858","","","",""
"浦田機械土木株式会社","4816553609169","","","","","","","243-0016","神奈川県厚木市田村町5-34","","","","","","","","","","","","","","","6021001019419","","","",""
"浦谷建設株式会社","9158991375279","","","","","","","926-0816","石川県七尾市藤橋町未部10-1","","","","","","","","","","","","","","","5220001015276","","","",""
"浦野石材株式会社","3773795297058","","","","","","","410-0822","静岡県沼津市下香貫2299","","","","","","","","","","","","","","","9080101013364","","","",""
"株式会社栄重興業","1271380564416","","","","","","","516-2111","三重県度会郡度会町下久具1317","","","","","","","","","","","","","","","2190001007486","","","",""
"永順産業株式会社","6771006273919","","","","","","","811-4205","福岡県遠賀郡岡垣町大字三吉1229","","","","","","","","","","","","","","","9290801018369","","","",""
"株式会社ＨＹ企画","8128140065537","","","","","","","737-0914","広島県呉市押込西平町20-1","","","","","","","","","","","","","","","1240001040771","","","",""
"栄和海運株式会社","3297603618639","","","","","","","812-0028","福岡県福岡市博多区須崎町13-10","","","","","","","","","","","","","","","7290001011804","","","",""
"株式会社栄和興産","7529674372387","","","","","","","963-8304","福島県石川郡古殿町大字松川新桑原92-2","","","","","","","","","","","","","","","6380001011911","","","",""
"株式会社エイワン商事","8123084296369","","","","","","","689-2201","鳥取県東伯郡北栄町西園341-1","","","","","","","","","","","","","","","8270001004924","","","",""
"江川実業株式会社","5497394148855","","","","","","","101-0061","東京都千代田区神田三崎町二丁目10-6","","","","","","","","","","","","","","","9010001011581","","","",""
"株式会社江口興産","7455079631663","","","","","","","869-5432","熊本県葦北郡芦北町大字宮浦339","","","","","","","","","","","","","","","2330001014179","","","",""
"エコサンド株式会社","9104327741200","","","","","","","925-0157","石川県羽咋郡志賀町堀松五33-1","","","","","","","","","","","","","","","7220001020464","","","",""
"株式会社エコス","7066247949072","","","","","","","322-0026","栃木県鹿沼市茂呂2003-3","","","","","","","","","","","","","","","7060002020091","","","",""
"エコマネジメント株式会社","3986951852422","","","","","","","100-0005","東京都千代田区丸の内三丁目2-3","","","","","","","","","","","","","","","8450001007396","","","",""
"江差採石工業株式会社","7456221643101","","","","","","","043-0036","北海道檜山郡江差町字東山625","","","","","","","","","","","","","","","6440001006401","","","",""
"ＡＧＣミネラル株式会社","8031930488115","","","","","","","105-0014","東京都港区芝三丁目1-15 芝ボートビル6F","","","","","","","","","","","","","","","9010401020091","","","",""
"有限会社エスケージー","5917142470120","","","","","","","503-2314","岐阜県安八郡神戸町大字落合20-2","","","","","","","","","","","","","","","8200002013476","","","",""
"ＳＫマテリアル株式会社","6790114292625","","","","","","","350-1305","埼玉県狭山市入間川三丁目1-4 狭山フロントさくら坂ビル3階","","","","","","","","","","","","","","","4013301006248","","","",""
"株式会社エスティアイ","9509719228817","","","","","","","990-2363","山形県山形市大字長谷堂2775-1","","","","","","","","","","","","","","","4390001005872","","","",""
"愛知川砂利採取業協同組合","1083362304856","","","","","","","521-1213","滋賀県東近江市神郷町372","","","","","","","","","","","","","","","9160005006407","","","",""
"愛知川砂利販売株式会社","4594776214776","","","","","","","521-1213","滋賀県東近江市神郷町372","","","","","","","","","","","","","","","8160001009777","","","",""
"株式会社越後商事","2088591123234","","","","","","","949-3113","新潟県上越市大潟区下小船津浜633-1","","","","","","","","","","","","","","","8110001019624","","","",""
"株式会社エトーインダストリー","3167852472570","","","","","","","703-8222","岡山県岡山市中区下80-3","","","","","","","","","","","","","","","7260001000818","","","",""
"有限会社エトウ","1036107148588","","","","","","","893-1601","鹿児島県鹿屋市串良町細山田5530-3","","","","","","","","","","","","","","","9340002024979","","","",""
"株式会社恵那興業","4847404917857","","","","","","","395-0302","長野県下伊那郡阿智村伍和3954","","","","","","","","","","","","","","","4100001022277","","","",""
"有限会社江成建材","8554868342602","","","","","","","252-0246","神奈川県相模原市中央区水郷田名二丁目13-29","","","","","","","","","","","","","","","4021002018462","","","",""
"株式会社エヌジーエス・ワン","1536211834978","","","","","","","490-1105","愛知県あま市新居屋大日57","","","","","","","","","","","","","","","4180001120866","","","",""
"江ノ浦石産株式会社","2945455341114","","","","","","","250-0025","神奈川県小田原市江之浦赤沢419-1","","","","","","","","","","","","","","","9021001032377","","","",""
"有限会社榎本商店","1061278413849","","","","","","","243-0307","神奈川県愛甲郡愛川町半原2386","","","","","","","","","","","","","","","4021002033882","","","",""
"蛭子産業株式会社","6242670672185","","","","","","","893-1203","鹿児島県肝属郡肝付町後田3934-1","","","","","","","","","","","","","","","7340001014413","","","",""
"エマックス高柳株式会社","6612990996314","","","","","","","930-0896","富山県富山市畑中62","","","","","","","","","","","","","","","3230001003637","","","",""
"有限会社エム・エフ工業","3534814230458","","","","","","","045-0031","北海道岩内郡共和町梨野舞納333-1","","","","","","","","","","","","","","","8430002057450","","","",""
"株式会社Ｍ・Ｋ・Ｓ鉱業","8615668837980","","","","","","","501-0627","岐阜県揖斐郡揖斐川町市場1540-1","","","","","","","","","","","","","","","5200001028924","","","",""
"有限会社ｍ　Ｊａｐａｎ","8225529751059","","","","","","","487-0031","愛知県春日井市廻間町1102-17","","","","","","","","","","","","","","","7180002067484","","","",""
"ＡＵソリューションズ株式会社","4098414627440","","","","","","","100-0013","東京都千代田区霞が関三丁目6-14","","","","","","","","","","","","","","","3010401095874","","","",""
"江良産業株式会社","6460335947875","","","","","","","037-0096","青森県五所川原市大字毘沙門下熊石13-6","","","","","","","","","","","","","","","7420001007953","","","",""
"株式会社エルム商事","7629769422093","","","","","","","069-0813","北海道江別市野幌町69-10","","","","","","","","","","","","","","","9430001042378","","","",""
"遠砕工業株式会社","1602531452502","","","","","","","098-3541","北海道天塩郡遠別町字北浜79","","","","","","","","","","","","","","","9450001008550","","","",""
"有限会社遠州工業所","9152843635415","","","","","","","431-0102","静岡県浜松市中央区雄踏町宇布見7873-4","","","","","","","","","","","","","","","5080402009775","","","",""
"遠州砕石株式会社","6279050011926","","","","","","","431-2225","静岡県浜松市浜名区引佐町狩宿872-22","","","","","","","","","","","","","","","6080401010056","","","",""
"株式会社遠忠","5484083028193","","","","","","","028-7111","岩手県八幡平市大更第二十四地割8-1-5","","","","","","","","","","","","","","","2400001004098","","","",""
"エントロン株式会社","9874079791538","","","","","","","144-0034","東京都大田区西糀谷一丁目24-18","","","","","","","","","","","","","","","6010801025148","","","",""
"遠藤建材株式会社","1675849237346","","","","","","","123-0841","東京都足立区西新井七丁目1-11","","","","","","","","","","","","","","","5011801006386","","","",""
"遠藤商事株式会社","1038014567871","","","","","","","989-0851","宮城県刈田郡蔵王町大字曲竹明神河原16-91","","","","","","","","","","","","","","","4370101001212","","","",""
"有限会社エンドー勝土耕産","3189082472772","","","","","","","999-6212","山形県最上郡最上町大字志茂454","","","","","","","","","","","","","","","9390002011312","","","",""
"株式会社エンドー勝土耕産","9454562118901","","","","","","","981-3604","宮城県黒川郡大衡村駒場上原川57-45","","","","","","","","","","","","","","","7370002020688","","","",""
"有限会社オウケン","7033478581650","","","","","","","397-0201","長野県木曽郡王滝村1600-3","","","","","","","","","","","","","","","7100002027611","","","",""
"近江鉱業株式会社","8622350484363","","","","","","","521-0242","滋賀県米原市長岡1780","","","","","","","","","","","","","","","1160001006500","","","",""
"近海産業有限会社","3283603910150","","","","","","","850-0033","長崎県長崎市万才町3-9 501","","","","","","","","","","","","","","","7310002001347","","","",""
"有限会社近江産業","5641320263843","","","","","","","719-1126","岡山県総社市総社1627-2","","","","","","","","","","","","","","","7260002023529","","","",""
"株式会社近江砂利","1259371094781","","","","","","","520-2323","滋賀県野洲市三上2244","","","","","","","","","","","","","","","4160001015564","","","",""
"大井川興業株式会社","4475837651112","","","","","","","427-0032","静岡県島田市神座2585-4","","","","","","","","","","","","","","","3080001012959","","","",""
"株式会社大泉組","2839900018535","","","","","","","006-0860","北海道札幌市手稲区手稲山口850-1","","","","","","","","","","","","","","","7430001002854","","","",""
"株式会社大分組","5829439680211","","","","","","","879-2461","大分県津久見市大字上青江2306-2","","","","","","","","","","","","","","","9320201000188","","","",""
"大分県砕石協同組合","9218035881443","","","","","","","870-1133","大分県大分市大字宮崎 字スカワ416番地","","","","","","","","","","","","","","","2320005001281","","","",""
"大分鉱業株式会社","5722029715060","","","","","","","879-2461","大分県津久見市大字上青江5045","","","","","","","","","","","","","","","8320201000189","","","",""
"大分太平洋鉱業株式会社","4890490079058","","","","","","","879-2446","大分県津久見市大字下青江3700","","","","","","","","","","","","","","","2320201000442","","","",""
"大内産業株式会社","3124935453423","","","","","","","470-0441","愛知県豊田市深見町広表575","","","","","","","","","","","","","","","2180301019843","","","",""
"大河原事業株式会社","2834865716085","","","","","","","427-0045","静岡県島田市向島町4532","","","","","","","","","","","","","","","1080001012960","","","",""
"株式会社オオガノ","3284962699824","","","","","","","327-0507","栃木県佐野市葛生西一丁目3-34","","","","","","","","","","","","","","","5060001020978","","","",""
"有限会社大木","3434449149611","","","","","","","338-0001","埼玉県さいたま市中央区上落合九丁目1-1","","","","","","","","","","","","","","","6030002002878","","","",""
"株式会社大木工務店","9997819643144","","","","","","","289-1732","千葉県山武郡横芝光町横芝1581-15","","","","","","","","","","","","","","","4040001062635","","","",""
"大久保建材有限会社","7858453070276","","","","","","","408-0026","山梨県北杜市長坂町日野3257-3","","","","","","","","","","","","","","","5090002014497","","","",""
"株式会社大久保工業","6190401666493","","","","","","","084-0904","北海道釧路市新富士町五丁目3-13","","","","","","","","","","","","","","","7460001000995","","","",""
"大蔵山スタジオ株式会社","1458024917847","","","","","","","981-2301","宮城県伊具郡丸森町大張大蔵小倉10-1","","","","","","","","","","","","","","","6370101001086","","","",""
"有限会社大口砂利","6996887983704","","","","","","","080-0821","北海道帯広市東一条北一丁目4","","","","","","","","","","","","","","","1460102001980","","","",""
"株式会社大阪砕石工業所","3889028990762","","","","","","","530-0003","大阪府大阪市北区堂島一丁目5-17 堂島グランドビル6階","","","","","","","","","","","","","","","7120001072516","","","",""
"大阪府淀川土砂採取協同組合","3922183753761","","","","","","","531-0063","大阪府大阪市北区長柄東二丁目9-80 先","","","","","","","","","","","","","","","8120005006898","","","",""
"大沢ホールディングス株式会社","4545895534474","","","","","","","521-0322","滋賀県米原市杉澤314-2","","","","","","","","","","","","","","","2160001006516","","","",""
"大鹿砕石株式会社","8157751578465","","","","","","","399-3502","長野県下伊那郡大鹿村大字大河原5465","","","","","","","","","","","","","","","5100001023019","","","",""
"大島石材有限会社","3659877962409","","","","","","","761-0130","香川県高松市庵治町156-116","","","","","","","","","","","","","","","1470002000099","","","",""
"株式会社大島石材開発","5930270129245","","","","","","","794-2202","愛媛県今治市宮窪町余所国1124","","","","","","","","","","","","","","","7500001012838","","","",""
"有限会社大島窯業原料","7212626283688","","","","","","","489-0946","愛知県瀬戸市幡中町71","","","","","","","","","","","","","","","9180002071575","","","",""
"株式会社大城組","4254613651979","","","","","","","918-8112","福井県福井市下馬三丁目2214","","","","","","","","","","","","","","","1210001000613","","","",""
"有限会社大城土木","9474377346859","","","","","","","907-0004","沖縄県石垣市字登野城573","","","","","","","","","","","","","","","4360002021095","","","",""
"大城川開発株式会社","9002923284400","","","","","","","409-2538","山梨県南巨摩郡身延町門野202","","","","","","","","","","","","","","","3090001012446","","","",""
"株式会社大隅黒土販売","1938800200245","","","","","","","899-7305","鹿児島県曽於郡大崎町假宿1070","","","","","","","","","","","","","","","7340001016673","","","",""
"有限会社大高総建","4005255546332","","","","","","","955-0148","新潟県三条市花渕1091-1","","","","","","","","","","","","","","","8110002017817","","","",""
"株式会社大滝","2115898876974","","","","","","","015-0031","秋田県由利本荘市浜三川湯ノ台24","","","","","","","","","","","","","","","4410001004748","","","",""
"株式会社大滝商事","5357909784208","","","","","","","942-0261","新潟県上越市三和区末野新田1665","","","","","","","","","","","","","","","5110001019560","","","",""
"大滝根石材有限会社","8281829480614","","","","","","","963-4111","福島県田村市大越町上大越大日前2-2","","","","","","","","","","","","","","","5380002015342","","","",""
"有限会社太田金属","1295525669739","","","","","","","490-1444","愛知県海部郡飛島村木場二丁目136-6","","","","","","","","","","","","","","","1180002056930","","","",""
"株式会社大武金属","7193760116095","","","","","","","329-0431","栃木県下野市薬師寺3311-73","","","","","","","","","","","","","","","2060001015551","","","",""
"大竹砕石株式会社","6916483790974","","","","","","","739-0631","広島県大竹市防鹿4571","","","","","","","","","","","","","","","5240001028417","","","",""
"有限会社太田建材店","8936258205328","","","","","","","981-1523","宮城県角田市梶賀高畑北401","","","","","","","","","","","","","","","6370102001812","","","",""
"有限会社大谷建材","8404330820271","","","","","","","999-7543","山形県鶴岡市大広戊116","","","","","","","","","","","","","","","1390002009157","","","",""
"大谷石材株式会社","2260475523808","","","","","","","761-0130","香川県高松市庵治町3758-2","","","","","","","","","","","","","","","4470001000031","","","",""
"大塚商事株式会社","5500442392679","","","","","","","421-0302","静岡県榛原郡吉田町川尻3138-69","","","","","","","","","","","","","","","1080001013926","","","",""
"有限会社大束石材工業所","5500169775127","","","","","","","824-0242","福岡県京都郡みやこ町犀川犬丸1072-2","","","","","","","","","","","","","","","1290802023136","","","",""
"大野砕石有限会社","8750538560714","","","","","","","879-6433","大分県豊後大野市大野町大原1147","","","","","","","","","","","","","","","8320002018538","","","",""
"大野砂利採取販売協同組合","1339608466037","","","","","","","912-0152","福井県大野市下打波44-2-3","","","","","","","","","","","","","","","8210005005593","","","",""
"大野生コンクリート株式会社","3540829611283","","","","","","","912-0423","福井県大野市下若生子21 字奈良原1番地7","","","","","","","","","","","","","","","2210001009744","","","",""
"大畑開発株式会社","8946990187634","","","","","","","489-0926","愛知県瀬戸市川西町二丁目52","","","","","","","","","","","","","","","4180001078691","","","",""
"株式会社大場商事","2107252513428","","","","","","","849-3218","佐賀県唐津市相知町中山4542-1","","","","","","","","","","","","","","","2300001008217","","","",""
"株式会社大林建材","5501387528316","","","","","","","399-3803","長野県上伊那郡中川村葛島1456","","","","","","","","","","","","","","","6100001021161","","","",""
"株式会社大藤産業","6961475569385","","","","","","","882-0017","宮崎県延岡市川島町903","","","","","","","","","","","","","","","6350001006674","","","",""
"有限会社大渕開発","8381092256501","","","","","","","437-1302","静岡県掛川市大渕807-2","","","","","","","","","","","","","","","3080402018043","","","",""
"株式会社大渕企画","5484857187300","","","","","","","437-1302","静岡県掛川市大渕820-2","","","","","","","","","","","","","","","2080401020810","","","",""
"大町石産株式会社","3983333470199","","","","","","","398-0003","長野県大町市社4682","","","","","","","","","","","","","","","3100001017195","","","",""
"株式会社オオミ建設","8556628300339","","","","","","","522-0221","滋賀県彦根市野口町283-2","","","","","","","","","","","","","","","3160001008131","","","",""
"大湊建設株式会社","2703505229495","","","","","","","783-0004","高知県南国市大埇甲1410-1","","","","","","","","","","","","","","","7490001006156","","","",""
"大武川産業株式会社","5004109240427","","","","","","","408-0303","山梨県北杜市武川町宮脇1488","","","","","","","","","","","","","","","8090001011030","","","",""
"大森工業株式会社","9509188156142","","","","","","","709-2107","岡山県岡山市北区御津矢原1188-1","","","","","","","","","","","","","","","1260001007447","","","",""
"大森砂利採取株式会社","3536654961171","","","","","","","959-0113","新潟県燕市笈ケ島4738-3","","","","","","","","","","","","","","","7110001016309","","","",""
"株式会社大森土木","2437512390225","","","","","","","017-0005","秋田県大館市花岡町泉田47","","","","","","","","","","","","","","","9410001005972","","","",""
"株式会社大森土木工業","2108033167801","","","","","","","519-2504","三重県多気郡大台町小切畑638","","","","","","","","","","","","","","","5190001011196","","","",""
"大矢開発株式会社","7633427405817","","","","","","","470-0232","愛知県みよし市黒笹いずみ一丁目4-2","","","","","","","","","","","","","","","5180301018000","","","",""
"株式会社大山組","7550923673457","","","","","","","963-0201","福島県郡山市大槻町太田82-2","","","","","","","","","","","","","","","8380001004764","","","",""
"有限会社大山産業","4363877542617","","","","","","","838-1512","福岡県朝倉市杷木寒水622","","","","","","","","","","","","","","","1290002043447","","","",""
"岡垣砕石工業株式会社","9297903588156","","","","","","","811-4234","福岡県遠賀郡岡垣町大字高倉鍋倉2166-3","","","","","","","","","","","","","","","5290801011113","","","",""
"有限会社岡組","4355389365128","","","","","","","778-0020","徳島県三好市池田町州津藤ノ井377-1","","","","","","","","","","","","","","","9480002015403","","","",""
"株式会社岡興産","3056064460202","","","","","","","511-0513","三重県いなべ市藤原町下野尻86","","","","","","","","","","","","","","","7190001013100","","","",""
"岡島海運株式会社","7073763096304","","","","","","","787-0155","高知県四万十市下田4320-5","","","","","","","","","","","","","","","4490001004897","","","",""
"株式会社岡谷石材","7716343260288","","","","","","","761-0130","香川県高松市庵治町2384","","","","","","","","","","","","","","","1470001000034","","","",""
"有限会社岡田砂利店","6375239033234","","","","","","","989-2435","宮城県岩沼市阿武隈一丁目7-52","","","","","","","","","","","","","","","3370802000819","","","",""
"岡田石材株式会社","9532057398386","","","","","","","721-0955","広島県福山市新涯町四丁目10-11","","","","","","","","","","","","","","","9240001030154","","","",""
"岡村建設有限会社","2556651588721","","","","","","","987-0121","宮城県遠田郡涌谷町涌谷追波北68-53","","","","","","","","","","","","","","","9370202003334","","","",""
"株式会社岡本商会","2616032272468","","","","","","","895-0076","鹿児島県薩摩川内市大小路町49-5","","","","","","","","","","","","","","","7340002017142","","","",""
"岡本土石工業株式会社","3099795864446","","","","","","","519-5714","三重県南牟婁郡紀宝町鮒田501","","","","","","","","","","","","","","","6190001004281","","","",""
"株式会社岡安建材","7094779929351","","","","","","","329-4314","栃木県栃木市岩舟町小野寺3859","","","","","","","","","","","","","","","6060001016257","","","",""
"株式会社小笠原商事","5580855725093","","","","","","","038-3163","青森県つがる市木造中館久方10-1","","","","","","","","","","","","","","","4420001008392","","","",""
"有限会社小川建材","9287218150485","","","","","","","501-3714","岐阜県美濃市曽代350","","","","","","","","","","","","","","","1200002018515","","","",""
"株式会社小川砂利","7539815662386","","","","","","","645-0302","和歌山県田辺市龍神村甲斐ノ川1120","","","","","","","","","","","","","","","5170001009275","","","",""
"株式会社小川石材店","3128708474970","","","","","","","399-1801","長野県下伊那郡泰阜村4329","","","","","","","","","","","","","","","2100001023426","","","",""
"小川物産株式会社","6890909129021","","","","","","","328-0003","栃木県栃木市大光寺町1395","","","","","","","","","","","","","","","2060001016269","","","",""
"置名土木有限会社","6710094179939","","","","","","","699-4621","島根県邑智郡美郷町粕渕343","","","","","","","","","","","","","","","4280002009520","","","",""
"沖縄県鉱山事業協同組合","7627161548457","","","","","","","901-0306","沖縄県糸満市西崎町三丁目121","","","","","","","","","","","","","","","7360005001521","","","",""
"沖縄砂利採取事業協同組合","5222838720566","","","","","","","901-2227","沖縄県宜野湾市字宇地泊668","","","","","","","","","","","","","","","6360005002792","","","",""
"沖縄土石工業株式会社","7648671055039","","","","","","","901-2223","沖縄県宜野湾市大山七丁目11-34 902号グランドニューガイア宜野湾","","","","","","","","","","","","","","","6360001010394","","","",""
"株式会社オーク建設","8744615178114","","","","","","","135-0044","東京都江東区越中島一丁目2-7 アスミビル4階","","","","","","","","","","","","","","","7010601029843","","","",""
"奥尻鉱業株式会社","4040008552628","","","","","","","049-0141","北海道北斗市谷好一丁目151","","","","","","","","","","","","","","","2440001004425","","","",""
"奥谷建材株式会社","7302188295667","","","","","","","039-0612","青森県三戸郡南部町大字剣吉伊勢沢52-1","","","","","","","","","","","","","","","1420001006837","","","",""
"奥多摩工業株式会社","5085951146342","","","","","","","190-0012","東京都立川市曙町一丁目18-2","","","","","","","","","","","","","","","1012801006520","","","",""
"有限会社奥田製作所","2610506411188","","","","","","","727-0022","広島県庄原市上原町1313-1","","","","","","","","","","","","","","","1240002031860","","","",""
"有限会社奥飛驒建材","7103485664165","","","","","","","506-1302","岐阜県高山市上宝町長倉390","","","","","","","","","","","","","","","6200002026488","","","",""
"株式会社オクムラセラム","7699808042944","","","","","","","509-5122","岐阜県土岐市土岐津町土岐口630","","","","","","","","","","","","","","","3200001021229","","","",""
"株式会社奥山産業","5051641608896","","","","","","","892-0845","鹿児島県鹿児島市樋之口町5-40","","","","","","","","","","","","","","","2340001000748","","","",""
"株式会社小倉建材","3914170061009","","","","","","","519-3658","三重県尾鷲市倉ノ谷町26-21","","","","","","","","","","","","","","","6190002005386","","","",""
"オグラ建材運輸株式会社","7040290652440","","","","","","","689-2101","鳥取県東伯郡北栄町江北38","","","","","","","","","","","","","","","3270001005200","","","",""
"有限会社小栗産業","5378902072688","","","","","","","788-0273","高知県宿毛市小筑紫町福良16-9","","","","","","","","","","","","","","","7490002009083","","","",""
"株式会社オーストララジアンミネラルズジャパン","3528933398083","","","","","","","541-0048","大阪府大阪市中央区瓦町三丁目4-8 アサヒビル7F","","","","","","","","","","","","","","","7120001107726","","","",""
"有限会社小関興業","6056534231783","","","","","","","300-1424","茨城県稲敷市下太田673","","","","","","","","","","","","","","","8050002034083","","","",""
"尾田部砕石有限会社","4727034408998","","","","","","","729-3423","広島県府中市上下町矢野234-4","","","","","","","","","","","","","","","7240002047257","","","",""
"有限会社小田覺藏商店","6970414088655","","","","","","","511-1122","三重県桑名市長島町松ケ島250","","","","","","","","","","","","","","","3190002017500","","","",""
"有限会社小田石材","2490794243268","","","","","","","794-0052","愛媛県今治市宮下町一丁目5-22","","","","","","","","","","","","","","","4500002017979","","","",""
"小田石材商事有限会社","5111969952501","","","","","","","794-2202","愛媛県今治市宮窪町余所国549-10","","","","","","","","","","","","","","","1500002020325","","","",""
"越知谷運輸建設株式会社","2936970286404","","","","","","","679-2404","兵庫県神崎郡神河町越知193-1","","","","","","","","","","","","","","","3140001063368","","","",""
"音更運輸工業株式会社","2989564657309","","","","","","","080-0301","北海道河東郡音更町木野大通西五丁目2-3","","","","","","","","","","","","","","","2460101000355","","","",""
"音羽開発株式会社","9497152435112","","","","","","","441-0201","愛知県豊川市萩町後田奥30","","","","","","","","","","","","","","","2180301010042","","","",""
"小名浜船舶運輸株式会社","4291486258012","","","","","","","971-8101","福島県いわき市小名浜隼人4-6","","","","","","","","","","","","","","","9380001012519","","","",""
"有限会社小沼建材","6237981018938","","","","","","","314-0114","茨城県神栖市日川3673","","","","","","","","","","","","","","","8050002026997","","","",""
"有限会社小野口産業","8889296286054","","","","","","","329-4314","栃木県栃木市岩舟町小野寺3859","","","","","","","","","","","","","","","6060002031726","","","",""
"小野石材工業株式会社","1953426062948","","","","","","","714-1201","岡山県小田郡矢掛町矢掛1814-5","","","","","","","","","","","","","","","5260001018069","","","",""
"有限会社小野瀬砂利店","4224418225589","","","","","","","311-4164","茨城県水戸市谷津町高取1170","","","","","","","","","","","","","","","6050002000723","","","",""
"株式会社小野田愛知鉱業所","7397120155450","","","","","","","488-0054","愛知県尾張旭市稲葉町五丁目54-2","","","","","","","","","","","","","","","7180001079480","","","",""
"株式会社小野寺建材","7039878388073","","","","","","","029-3521","岩手県一関市藤沢町保呂羽栗沢73","","","","","","","","","","","","","","","2400502001164","","","",""
"小俣産業有限会社","2458438832258","","","","","","","516-2101","三重県度会郡度会町葛原115","","","","","","","","","","","","","","","7190002008495","","","",""
"小畑砂利株式会社","2764786577119","","","","","","","503-1243","岐阜県養老郡養老町五日市566","","","","","","","","","","","","","","","5200001014957","","","",""
"小山産業株式会社","5340734848770","","","","","","","329-0201","栃木県小山市大字粟宮2541","","","","","","","","","","","","","","","7060001014094","","","",""
"株式会社オリシック","1235158976038","","","","","","","520-3252","滋賀県湖南市岩根4589","","","","","","","","","","","","","","","8160001013309","","","",""
"有限会社織昌石材","4349125673494","","","","","","","794-2203","愛媛県今治市宮窪町宮窪4775-2","","","","","","","","","","","","","","","6500002020329","","","",""
"株式会社織戸組","7407853823508","","","","","","","211-0014","神奈川県川崎市中原区田尻町61","","","","","","","","","","","","","","","4020001068997","","","",""
"有限会社折戸砕石","6095458178750","","","","","","","321-0953","栃木県宇都宮市東宿郷六丁目9-11 レーベンリヴァーレ宇都宮クイントタワー701号","","","","","","","","","","","","","","","2060002002573","","","",""
"有限会社折原建設","2194902652369","","","","","","","012-0183","秋田県湯沢市皆瀬仏師ケ沢68","","","","","","","","","","","","","","","9410002008058","","","",""
"株式会社オリモト","7204027594311","","","","","","","300-0213","茨城県かすみがうら市牛渡6573-2","","","","","","","","","","","","","","","7050001012586","","","",""
"遠賀川川砂採取協同組合","4133703796643","","","","","","","822-0032","福岡県直方市大字下新入593","","","","","","","","","","","","","","","1290805005511","","","",""
"海生建設株式会社","5582837966534","","","","","","","737-0004","広島県呉市阿賀南三丁目5-22","","","","","","","","","","","","","","","5240001026354","","","",""
"海外鉱物資源開発株式会社","7130294751793","","","","","","","103-0012","東京都中央区日本橋堀留町二丁目3-5","","","","","","","","","","","","","","","3010001083809","","","",""
"有限会社開基産業","7963736563116","","","","","","","891-2104","鹿児島県垂水市田神3529-5","","","","","","","","","","","","","","","7340002025194","","","",""
"甲斐駒開発株式会社","4263077944772","","","","","","","408-0313","山梨県北杜市白州町横手2338-3","","","","","","","","","","","","","","","7090001011056","","","",""
"有限会社海田物流","7605582142709","","","","","","","736-0054","広島県安芸郡海田町西明神町7","","","","","","","","","","","","","","","5240002049230","","","",""
"有限会社貝津建材","8404249579713","","","","","","","959-1634","新潟県五泉市不動堂204","","","","","","","","","","","","","","","3110002013614","","","",""
"海洋産業株式会社","2208944040057","","","","","","","901-1405","沖縄県南城市佐敷仲伊保165-1","","","","","","","","","","","","","","","2360001007700","","","",""
"有限会社カオル産業","8549799193668","","","","","","","901-0331","沖縄県糸満市字真栄平199-1","","","","","","","","","","","","","","","8360002009005","","","",""
"カガライト工業株式会社","9063569231541","","","","","","","920-0000","石川県金沢市釣部町ヤ14-1","","","","","","","","","","","","","","","3220001001765","","","",""
"株式会社鍵主工業","6803153212031","","","","","","","927-1204","石川県珠洲市蛸島町1 部2番地146の1","","","","","","","","","","","","","","","8220001016890","","","",""
"有限会社角井土建興業","5701739930914","","","","","","","938-0801","富山県黒部市荻生1028","","","","","","","","","","","","","","","4230002007999","","","",""
"株式会社カクタ","9662114418684","","","","","","","998-0112","山形県酒田市大字浜中乙103","","","","","","","","","","","","","","","5390001006127","","","",""
"株式会社角丸産興","3015415172795","","","","","","","418-0103","静岡県富士宮市上井出2743-9","","","","","","","","","","","","","","","9080101011343","","","",""
"鹿児島コーアツセキサン株式会社","7501965775405","","","","","","","899-6301","鹿児島県霧島市横川町上ノ1800","","","","","","","","","","","","","","","2340001008023","","","",""
"株式会社葛西商事","5668239847189","","","","","","","038-3112","青森県つがる市木造川除栄盛142-1","","","","","","","","","","","","","","","9420001008396","","","",""
"株式会社加西粘土","9724147844515","","","","","","","679-0103","兵庫県加西市別府町甲2326-11","","","","","","","","","","","","","","","9140001076166","","","",""
"有限会社笠掛建材","8965046708262","","","","","","","314-0031","茨城県鹿嶋市大字宮中2074-4","","","","","","","","","","","","","","","2050002028017","","","",""
"カサネン工業株式会社","9934634577166","","","","","","","714-0081","岡山県笠岡市笠岡5643","","","","","","","","","","","","","","","9260001018189","","","",""
"有限会社風建","8409374114263","","","","","","","286-0116","千葉県成田市三里塚御料1-1016","","","","","","","","","","","","","","","5040002058920","","","",""
"鹿島興商株式会社","3279180623679","","","","","","","314-0021","茨城県鹿嶋市大字粟生1910-4","","","","","","","","","","","","","","","8050001020175","","","",""
"鹿島石産株式会社","9849801121695","","","","","","","929-1811","石川県鹿島郡中能登町二宮ナ10","","","","","","","","","","","","","","","4220001015657","","","",""
"株式会社鹿島トラステック","6899804420426","","","","","","","314-0146","茨城県神栖市平泉644-188","","","","","","","","","","","","","","","2050001036994","","","",""
"加州石産株式会社","9830360596361","","","","","","","923-1101","石川県能美市粟生町ロ81","","","","","","","","","","","","","","","8220001012634","","","",""
"有限会社柏木産業","9803004073111","","","","","","","899-0402","鹿児島県出水市高尾野町柴引337-1","","","","","","","","","","","","","","","4340002022302","","","",""
"柏興業株式会社","1558984248684","","","","","","","940-1133","新潟県長岡市六日市町150","","","","","","","","","","","","","","","3110001022302","","","",""
"春日建設株式会社","8102556564791","","","","","","","910-0049","福井県福井市深谷町41-2-10","","","","","","","","","","","","","","","4210001000726","","","",""
"春日鉱山株式会社","2710644402131","","","","","","","898-0044","鹿児島県枕崎市春日町365","","","","","","","","","","","","","","","1340001012579","","","",""
"鹿角開発工業株式会社","6024697351793","","","","","","","018-5334","秋田県鹿角市十和田毛馬内冷水22-1","","","","","","","","","","","","","","","1410002009674","","","",""
"有限会社カズマサ","9253270485272","","","","","","","918-8238","福井県福井市和田一丁目5-25","","","","","","","","","","","","","","","4210002000881","","","",""
"株式会社加仙鉱山","3876125042967","","","","","","","489-0078","愛知県瀬戸市湯之根町47","","","","","","","","","","","","","","","8180001078721","","","",""
"有限会社片岡産業","3616233930189","","","","","","","781-1511","高知県吾川郡仁淀川町寺村3680-1","","","","","","","","","","","","","","","1490002010088","","","",""
"片品興産株式会社","7789516095121","","","","","","","378-0401","群馬県利根郡片品村大字須賀川7-1","","","","","","","","","","","","","","","7070001023375","","","",""
"株式会社賀田石産","7185033906721","","","","","","","519-3924","三重県尾鷲市曽根町840-10","","","","","","","","","","","","","","","6190001023686","","","",""
"勝野建材株式会社","6944350058702","","","","","","","399-7104","長野県安曇野市明科七貴5484","","","","","","","","","","","","","","","4100001015396","","","",""
"加藤鉱業株式会社","9683986596766","","","","","","","706-0014","岡山県玉野市玉原三丁目14-1","","","","","","","","","","","","","","","9260001027074","","","",""
"加藤産業株式会社","1021711211605","","","","","","","852-8014","長崎県長崎市竹の久保町20-9","","","","","","","","","","","","","","","7310001000358","","","",""
"株式会社加藤製瓦","1215971138941","","","","","","","444-1322","愛知県高浜市二池町二丁目2-8","","","","","","","","","","","","","","","1180301015694","","","",""
"有限会社加藤谷川砂利店","2135881714063","","","","","","","967-0001","福島県南会津郡南会津町長野下川原下2236","","","","","","","","","","","","","","","3380002035425","","","",""
"加藤非金属鑛業株式会社","1395471950237","","","","","","","706-0011","岡山県玉野市宇野一丁目6-1","","","","","","","","","","","","","","","8260001022183","","","",""
"株式会社加藤物産","3816739814358","","","","","","","501-0112","岐阜県岐阜市鏡島精華一丁目3-17","","","","","","","","","","","","","","","4200001000999","","","",""
"有限会社神奈川建材","9330356136071","","","","","","","242-0003","神奈川県大和市林間一丁目15-31 サンマンションアトレ南林間303号","","","","","","","","","","","","","","","8021002048415","","","",""
"株式会社カナザワ興業","4778773076726","","","","","","","055-0001","北海道沙流郡日高町富川北五丁目81-1","","","","","","","","","","","","","","","7430001055910","","","",""
"株式会社金橋商会","7803362670791","","","","","","","866-0852","熊本県八代市大手町二丁目5-13","","","","","","","","","","","","","","","7330001013523","","","",""
"カナヤ興産有限会社","4455687964933","","","","","","","709-0221","岡山県備前市吉永町金谷310","","","","","","","","","","","","","","","3260002031007","","","",""
"金山礦産株式会社","2727127022389","","","","","","","079-2411","北海道空知郡南富良野町字東鹿越","","","","","","","","","","","","","","","6450001006367","","","",""
"有限会社金山商店","3987368785662","","","","","","","811-2202","福岡県糟屋郡志免町大字志免874-8","","","","","","","","","","","","","","","2290002037786","","","",""
"株式会社カナン","8361214634348","","","","","","","998-0111","山形県酒田市黒森谷地中64-3","","","","","","","","","","","","","","","1390001006130","","","",""
"株式会社鹿沼興産","3689008017198","","","","","","","322-0531","栃木県鹿沼市南上野町506-12","","","","","","","","","","","","","","","4060001010773","","","",""
"金加砕石興業株式会社","7024503058973","","","","","","","039-0201","青森県三戸郡田子町大字田子七日市28","","","","","","","","","","","","","","","5420001006858","","","",""
"カネキ工業株式会社","1537202773256","","","","","","","509-7605","岐阜県恵那市山岡町原1532-80","","","","","","","","","","","","","","","3200001023976","","","",""
"株式会社カネコ","6019643867946","","","","","","","378-0053","群馬県沼田市東原新町1911-3","","","","","","","","","","","","","","","4070001022867","","","",""
"金子工業株式会社","2951912660957","","","","","","","969-3111","福島県耶麻郡猪苗代町字五百苅132-3","","","","","","","","","","","","","","","8380001017353","","","",""
"有限会社金田建材運送","4560976080518","","","","","","","039-4401","青森県むつ市大畑町添木10-4","","","","","","","","","","","","","","","8420002019344","","","",""
"有限会社金原重機建設","4158814310251","","","","","","","889-4153","宮崎県えびの市大字浦1042-4","","","","","","","","","","","","","","","7350002018593","","","",""
"兼松採石株式会社","2754841148063","","","","","","","441-2301","愛知県北設楽郡設楽町田口町浦10","","","","","","","","","","","","","","","3180301024165","","","",""
"株式会社鹿野興産","3762211860941","","","","","","","745-0402","山口県周南市大字金峰4300","","","","","","","","","","","","","","","1250001009717","","","",""
"鹿屋砕石株式会社","3500748769124","","","","","","","893-0065","鹿児島県鹿屋市郷之原町14986","","","","","","","","","","","","","","","9340001013859","","","",""
"カブト石材工業株式会社","8697508497798","","","","","","","045-0011","北海道岩内郡岩内町字栄14-3","","","","","","","","","","","","","","","1430001051989","","","",""
"河北物産株式会社","1601747924071","","","","","","","920-0000","石川県金沢市舘町ヌ6","","","","","","","","","","","","","","","1220001017409","","","",""
"釜石鉱山株式会社","5823394381580","","","","","","","026-0055","岩手県釜石市甲子町第三地割238","","","","","","","","","","","","","","","8400001007319","","","",""
"株式会社釜石砂利建設","8121877251812","","","","","","","026-0034","岩手県釜石市中妻町二丁目2-11","","","","","","","","","","","","","","","5400001007321","","","",""
"有限会社鎌田建材","6154915069820","","","","","","","959-2064","新潟県阿賀野市福田村北111-1","","","","","","","","","","","","","","","8110002013130","","","",""
"鎌滝建材株式会社","6815679980004","","","","","","","299-1104","千葉県君津市糠田99-1","","","","","","","","","","","","","","","3040001051647","","","",""
"有限会社釜無建材","8539340876616","","","","","","","399-0214","長野県諏訪郡富士見町落合8007","","","","","","","","","","","","","","","9100002032337","","","",""
"釜無山採石事業協同組合","2092819498507","","","","","","","399-0214","長野県諏訪郡富士見町落合西比良8260-186","","","","","","","","","","","","","","","3100005008034","","","",""
"上市建材株式会社","4895156192717","","","","","","","930-0005","富山県富山市新桜町2-10","","","","","","","","","","","","","","","8230001000621","","","",""
"有限会社上浦産業","8791164951433","","","","","","","891-3703","鹿児島県熊毛郡南種子町茎永5741-28","","","","","","","","","","","","","","","4340002019455","","","",""
"神岡鉱業株式会社","4142380540136","","","","","","","506-1114","岐阜県飛驒市神岡町鹿間1-1","","","","","","","","","","","","","","","7200001025515","","","",""
"株式会社上久屋砿業","7411272012582","","","","","","","378-0003","群馬県沼田市上久屋町2338-1","","","","","","","","","","","","","","","4070001023485","","","",""
"有限会社可美興業","8149182100660","","","","","","","434-0015","静岡県浜松市浜北区於呂2832-30","","","","","","","","","","","","","","","4080402013522","","","",""
"株式会社カミサイ","4533711694148","","","","","","","506-1131","岐阜県飛驒市神岡町麻生野514-22","","","","","","","","","","","","","","","9200001025521","","","",""
"上善株式会社","2901306245357","","","","","","","657-0035","兵庫県神戸市灘区友田町三丁目6-15 KHK灘ビル","","","","","","","","","","","","","","","8140001019118","","","",""
"紙谷砕石株式会社","3871273353791","","","","","","","928-0322","石川県鳳珠郡能登町字寺分チ18-1","","","","","","","","","","","","","","","9220001016700","","","",""
"株式会社上幌延牧野山林","9209846025260","","","","","","","098-3225","北海道天塩郡幌延町字上幌延136-9","","","","","","","","","","","","","","","9450001008526","","","",""
"上村海運建設株式会社","1925153790533","","","","","","","890-0054","鹿児島県鹿児島市荒田一丁目21-21","","","","","","","","","","","","","","","1340001001210","","","",""
"有限会社亀川石材店","9524997213666","","","","","","","259-0202","神奈川県足柄下郡真鶴町岩126-1","","","","","","","","","","","","","","","2021002049773","","","",""
"有限会社加由建設","3329296740603","","","","","","","010-0401","秋田県男鹿市野石玉ノ池1-357","","","","","","","","","","","","","","","2410002006340","","","",""
"唐津湾海区砂採取協同組合","6438526577207","","","","","","","847-0871","佐賀県唐津市東大島町2","","","","","","","","","","","","","","","7300005005305","","","",""
"刈田砕石有限会社","6448466599360","","","","","","","028-2102","岩手県宮古市蟇目第八地割91-2","","","","","","","","","","","","","","","5400002011231","","","",""
"狩野運送株式会社","9466806517598","","","","","","","690-0021","島根県松江市矢田町319-4","","","","","","","","","","","","","","","3280001000159","","","",""
"株式会社カルファイン","7861110299799","","","","","","","716-0036","岡山県高梁市松原通2111-3","","","","","","","","","","","","","","","2260001018906","","","",""
"河合鉱山株式会社","4375728360571","","","","","","","924-0000","石川県白山市河合町ニ15","","","","","","","","","","","","","","","2220001000041","","","",""
"有限会社川井採石","4984894005811","","","","","","","027-0052","岩手県宮古市宮町三丁目10-13","","","","","","","","","","","","","","","2400002010566","","","",""
"有限会社河合勝砂利","9440569509930","","","","","","","434-0037","静岡県浜松市浜名区沼354-14","","","","","","","","","","","","","","","5080402014866","","","",""
"株式会社川岡商会","6578410597142","","","","","","","819-0165","福岡県福岡市西区今津1453","","","","","","","","","","","","","","","6290001000147","","","",""
"株式会社河上","2683758795587","","","","","","","519-4324","三重県熊野市井戸町1020-7","","","","","","","","","","","","","","","5190001004183","","","",""
"株式会社川口砂利","9737419041604","","","","","","","989-2435","宮城県岩沼市阿武隈一丁目4-5","","","","","","","","","","","","","","","7370801000353","","","",""
"川越工業株式会社","2614826152805","","","","","","","018-0143","秋田県にかほ市象潟町小砂川タカコヤ6-35","","","","","","","","","","","","","","","1410001005096","","","",""
"川崎鉱業株式会社","6381030958853","","","","","","","989-1502","宮城県柴田郡川崎町大字今宿上ノ台6-1","","","","","","","","","","","","","","","6370101001012","","","",""
"株式会社河崎砂利","6671314697291","","","","","","","647-1222","和歌山県新宮市熊野川町東敷屋368-3","","","","","","","","","","","","","","","6170001012369","","","",""
"株式会社川島工業","5196834570562","","","","","","","611-0021","京都府宇治市宇治弐番16","","","","","","","","","","","","","","","2130001032481","","","",""
"川島砕石株式会社","9350858786556","","","","","","","501-6027","岐阜県各務原市川島緑町二丁目61","","","","","","","","","","","","","","","5200001007696","","","",""
"有限会社川辺シラス採取販売","6275277984623","","","","","","","891-0703","鹿児島県南九州市頴娃町御領3664","","","","","","","","","","","","","","","3340002024571","","","",""
"株式会社川並","1435549083516","","","","","","","022-0005","岩手県大船渡市日頃市町鬼丸57-2","","","","","","","","","","","","","","","5402701000068","","","",""
"河西工業有限会社","6366795713931","","","","","","","409-2522","山梨県南巨摩郡身延町下山231-61","","","","","","","","","","","","","","","4090002015307","","","",""
"有限会社川西砕石","7034971708767","","","","","","","316-0001","茨城県日立市諏訪町1071","","","","","","","","","","","","","","","3050002030376","","","",""
"有限会社河野産業","8632696660927","","","","","","","889-1201","宮崎県児湯郡都農町大字川北4872","","","","","","","","","","","","","","","5350002009735","","","",""
"有限会社河畑工業","4387568044573","","","","","","","428-0314","静岡県榛原郡川根本町下長尾453-1","","","","","","","","","","","","","","","1080002014262","","","",""
"株式会社川畑組","3474764501594","","","","","","","253-0054","神奈川県茅ヶ崎市東海岸南六丁目6-74 308号ガーデンハウス","","","","","","","","","","","","","","","8021001000525","","","",""
"有限会社川畑興業","7133180737649","","","","","","","899-7102","鹿児島県志布志市志布志町帖4799-2","","","","","","","","","","","","","","","7340002027661","","","",""
"川端重機株式会社","1706797064243","","","","","","","053-0007","北海道苫小牧市船見町二丁目1-7","","","","","","","","","","","","","","","6430001052801","","","",""
"有限会社川俣石材工業","3693265084242","","","","","","","309-1453","茨城県桜川市友部1751","","","","","","","","","","","","","","","4050002043996","","","",""
"株式会社カワムラ","8974871904758","","","","","","","421-2107","静岡県静岡市葵区門屋1182-15","","","","","","","","","","","","","","","6080001001141","","","",""
"河村砕石株式会社","3319812708406","","","","","","","990-0073","山形県山形市大野目二丁目1-11","","","","","","","","","","","","","","","7390001000400","","","",""
"香春鉱業株式会社","6182151346576","","","","","","","822-1406","福岡県田川郡香春町大字香春812","","","","","","","","","","","","","","","1290801016719","","","",""
"香春石灰化学工業株式会社","6624957828160","","","","","","","822-1401","福岡県田川郡香春町大字採銅所1524","","","","","","","","","","","","","","","4290801016583","","","",""
"関西砕石株式会社","4397605239602","","","","","","","781-0304","高知県高知市春野町西分1362","","","","","","","","","","","","","","","5490001004500","","","",""
"関西太平洋鉱産株式会社","9643882128739","","","","","","","541-0051","大阪府大阪市中央区備後町四丁目1-3","","","","","","","","","","","","","","","8120001129926","","","",""
"関西マテック株式会社","7544911749780","","","","","","","541-0054","大阪府大阪市中央区南本町二丁目3-8 KDX南本町ビル11階","","","","","","","","","","","","","","","7120001062649","","","",""
"株式会社カンチ","1556200865764","","","","","","","500-8373","岐阜県岐阜市大池町61 カンチ第5ビル","","","","","","","","","","","","","","","9200001000375","","","",""
"関東粉化工業有限会社","8589607031359","","","","","","","369-1412","埼玉県秩父郡皆野町大字皆野3053-3","","","","","","","","","","","","","","","4030002122166","","","",""
"関東山砂興業株式会社","3740401775960","","","","","","","125-0054","東京都葛飾区高砂三丁目13-10","","","","","","","","","","","","","","","2011801018987","","","",""
"関東ロジスティクス株式会社","5353414696916","","","","","","","293-0006","千葉県富津市下飯野1298","","","","","","","","","","","","","","","9011001098675","","","",""
"管徹株式会社","4222257526305","","","","","","","164-0002","東京都中野区上高田三丁目15-20","","","","","","","","","","","","","","","1011201011503","","","",""
"株式会社菅野金太郎砂利店","8013554274535","","","","","","","960-0101","福島県福島市瀬上町町裏11-1","","","","","","","","","","","","","","","8380001000342","","","",""
"株式会社寒風","4121329361101","","","","","","","010-0342","秋田県男鹿市脇本脇本前野1-1","","","","","","","","","","","","","","","6410001004052","","","",""
"関ベン鉱業株式会社","3836471068397","","","","","","","959-4622","新潟県東蒲原郡阿賀町白崎1573","","","","","","","","","","","","","","","7110001011284","","","",""
"蒲田建設株式会社","1042516912395","","","","","","","506-1432","岐阜県高山市奥飛驒温泉郷一重ヶ根365-1","","","","","","","","","","","","","","","1200001025405","","","",""
"岩鉄組株式会社","8095765702074","","","","","","","412-0006","静岡県御殿場市中畑649-2","","","","","","","","","","","","","","","2080101004007","","","",""
"有限会社木内石材商会","2606795552597","","","","","","","761-0104","香川県高松市高松町2374-10","","","","","","","","","","","","","","","7470002002197","","","",""
"菊川建材株式会社","5757712307568","","","","","","","656-0332","兵庫県南あわじ市湊1334","","","","","","","","","","","","","","","6140001117600","","","",""
"有限会社菊水物産","2143735060894","","","","","","","779-0302","徳島県鳴門市大麻町大谷さぶ風谷14","","","","","","","","","","","","","","","2480002010410","","","",""
"株式会社菊田建材","2431757403510","","","","","","","988-0182","宮城県気仙沼市赤岩石兜97-6","","","","","","","","","","","","","","","2370501001111","","","",""
"菊地砕石工業株式会社","3279559516573","","","","","","","044-0101","北海道虻田郡京極町字京極399","","","","","","","","","","","","","","","1430001051709","","","",""
"株式会社喜久屋商会","6346411831843","","","","","","","381-4301","長野県長野市鬼無里10367","","","","","","","","","","","","","","","3100001003947","","","",""
"有限会社岸田商店","1189981320645","","","","","","","311-2112","茨城県鉾田市飯島903","","","","","","","","","","","","","","","9050002029933","","","",""
"絆商建設株式会社","3128979362560","","","","","","","289-1101","千葉県八街市朝日118-22","","","","","","","","","","","","","","","6040001092630","","","",""
"株式会社木曽石材","6596732543306","","","","","","","509-0124","岐阜県各務原市鵜沼山崎町一丁目62","","","","","","","","","","","","","","","9200001007016","","","",""
"喜多方貨物砕石工業株式会社","8028831432373","","","","","","","966-0914","福島県喜多方市豊川町米室二本杉5587-1","","","","","","","","","","","","","","","3380001018612","","","",""
"北川物産株式会社","3410349042228","","","","","","","921-8046","石川県金沢市大桑町チ155","","","","","","","","","","","","","","","7220001002306","","","",""
"北九州開発株式会社","6937454146710","","","","","","","807-0824","福岡県北九州市八幡西区光明二丁目6-19 105号","","","","","","","","","","","","","","","1290801009813","","","",""
"北九州砂採取販売協同組合","4639646257289","","","","","","","804-0075","福岡県北九州市戸畑区北鳥旗町2-15","","","","","","","","","","","","","","","5290805000995","","","",""
"有限会社喜田商店","3379560956945","","","","","","","369-1412","埼玉県秩父郡皆野町大字皆野988-2","","","","","","","","","","","","","","","5030002122173","","","",""
"有限会社北戸室石下石材店","1423885861023","","","","","","","321-0345","栃木県宇都宮市大谷町1466","","","","","","","","","","","","","","","3060002003133","","","",""
"北日本採石興業株式会社","6590086056088","","","","","","","020-0402","岩手県盛岡市黒川四地割55-10","","","","","","","","","","","","","","","9400001003762","","","",""
"北野海運有限会社","6891180315231","","","","","","","292-0067","千葉県木更津市中央二丁目3-23","","","","","","","","","","","","","","","9240002025434","","","",""
"北桧山運輸総業株式会社","3752150269623","","","","","","","049-4501","北海道久遠郡せたな町北檜山区北檜山94-5","","","","","","","","","","","","","","","7440001006078","","","",""
"紀南砂利生産協同組合","9674928547814","","","","","","","647-1222","和歌山県新宮市熊野川町東敷屋368-3","","","","","","","","","","","","","","","9170005005300","","","",""
"有限会社きのえ","9574604418794","","","","","","","689-3106","鳥取県西伯郡大山町羽田井646-1","","","","","","","","","","","","","","","6270002008257","","","",""
"木下産業株式会社","2861409127028","","","","","","","952-0504","新潟県佐渡市羽茂本郷498","","","","","","","","","","","","","","","1110001027575","","","",""
"木村汽船株式会社","8662121414623","","","","","","","799-2101","愛媛県今治市波方町波方甲2266-8","","","","","","","","","","","","","","","9500001011458","","","",""
"株式会社木村建材","3815960839636","","","","","","","959-1848","新潟県五泉市橋田1425-2","","","","","","","","","","","","","","","3110001012328","","","",""
"木村建材株式会社","7908408668632","","","","","","","509-6112","岐阜県瑞浪市小田町2199-1","","","","","","","","","","","","","","","8200001021752","","","",""
"有限会社木村建材","2036365383158","","","","","","","776-0036","徳島県吉野川市鴨島町山路1238-1","","","","","","","","","","","","","","","2480002009072","","","",""
"キムラ建設株式会社","2711456954242","","","","","","","312-0033","茨城県ひたちなか市大字市毛858-50","","","","","","","","","","","","","","","3050001007326","","","",""
"木村土木株式会社","7784648836230","","","","","","","410-2113","静岡県伊豆の国市中1398-2","","","","","","","","","","","","","","","1080101005039","","","",""
"有限会社木山陶石鉱業所","7122334369500","","","","","","","863-2611","熊本県天草郡苓北町都呂々1989","","","","","","","","","","","","","","","2330002028442","","","",""
"株式会社ＣａｒｅｅｒＬｉｎｋ","9555203820518","","","","","","","421-3203","静岡県静岡市清水区蒲原5269-8","","","","","","","","","","","","","","","9080001010214","","","",""
"九建工業株式会社","6923212392869","","","","","","","812-0043","福岡県福岡市博多区堅粕四丁目1-6","","","","","","","","","","","","","","","6290001012720","","","",""
"有限会社九州グリーン運輸","2011160933362","","","","","","","800-0063","福岡県北九州市門司区大里本町二丁目4-9","","","","","","","","","","","","","","","2290802009084","","","",""
"株式会社九州サンド工業","6342521566455","","","","","","","868-0081","熊本県人吉市上林町1540","","","","","","","","","","","","","","","5330001015884","","","",""
"株式会社久和建創","3011938641231","","","","","","","904-2307","沖縄県うるま市与那城饒辺338-1","","","","","","","","","","","","","","","6360001007580","","","",""
"共栄運輸株式会社","8515614820277","","","","","","","292-0838","千葉県木更津市潮浜二丁目1-23","","","","","","","","","","","","","","","4040001050524","","","",""
"共栄海運株式会社","7271883060232","","","","","","","799-2102","愛媛県今治市波方町樋口甲2038-4","","","","","","","","","","","","","","","4500001011462","","","",""
"株式会社共栄建材","8845141792061","","","","","","","959-0222","新潟県燕市下粟生津2735-1","","","","","","","","","","","","","","","9110001015795","","","",""
"共栄興業株式会社","1555082239886","","","","","","","171-0031","東京都豊島区目白二丁目23-8","","","","","","","","","","","","","","","7011001006499","","","",""
"有限会社協栄産業","9347773896516","","","","","","","812-0032","福岡県福岡市博多区石城町20-7 101号","","","","","","","","","","","","","","","4290002014965","","","",""
"有限会社共栄産業","7291940568671","","","","","","","901-1403","沖縄県南城市佐敷佐敷仲上原1506-1","","","","","","","","","","","","","","","5360002011070","","","",""
"株式会社協信工業","2888632046560","","","","","","","861-3518","熊本県上益城郡山都町浜町165","","","","","","","","","","","","","","","5330001010943","","","",""
"共成建設株式会社","6890122847360","","","","","","","573-0144","大阪府枚方市野村中町15-1","","","","","","","","","","","","","","","4120001149390","","","",""
"京築砂利採取販売株式会社","9307749653179","","","","","","","800-0323","福岡県京都郡苅田町大字与原2047-7","","","","","","","","","","","","","","","5290805006968","","","",""
"株式会社京星","4783592284663","","","","","","","573-0112","大阪府枚方市大字尊延寺965","","","","","","","","","","","","","","","1120001225979","","","",""
"協立海運有限会社","9331033158948","","","","","","","781-0270","高知県高知市長浜4350","","","","","","","","","","","","","","","5490002000713","","","",""
"共立建設株式会社","8403693541808","","","","","","","390-0831","長野県松本市井川城一丁目4-4","","","","","","","","","","","","","","","6100001013010","","","",""
"共立工業株式会社","2332007424222","","","","","","","755-0041","山口県宇部市朝日町2-12","","","","","","","","","","","","","","","1250001003141","","","",""
"株式会社共立砕石所","4955129403512","","","","","","","823-0011","福岡県宮若市宮田唐人町1496","","","","","","","","","","","","","","","9290801014483","","","",""
"協立産業株式会社","9646181906959","","","","","","","848-0031","佐賀県伊万里市二里町八谷搦1049","","","","","","","","","","","","","","","2300001005486","","","",""
"共立マテリアル株式会社","2143291660242","","","","","","","455-0044","愛知県名古屋市港区築三町二丁目41","","","","","","","","","","","","","","","9180001006326","","","",""
"共和興業株式会社","6072728459576","","","","","","","399-8305","長野県安曇野市穂高牧766-1","","","","","","","","","","","","","","","1100001015119","","","",""
"有限会社協和興産","3919859455215","","","","","","","049-5416","北海道虻田郡豊浦町字船見町67-9","","","","","","","","","","","","","","","4430002063626","","","",""
"協和商事株式会社","7527176285365","","","","","","","861-4305","熊本県宇城市豊野町山崎2188-13","","","","","","","","","","","","","","","3330001012784","","","",""
"旭当砕石有限会社","5983107701843","","","","","","","078-1300","北海道上川郡当麻町7118-1","","","","","","","","","","","","","","","7450002008213","","","",""
"有限会社清津工業","1071846891488","","","","","","","949-8201","新潟県中魚沼郡津南町大字下船渡乙479-1","","","","","","","","","","","","","","","4110002025492","","","",""
"鋸南開発株式会社","5471868616706","","","","","","","299-2115","千葉県安房郡鋸南町下佐久間830","","","","","","","","","","","","","","","1040001074014","","","",""
"有限会社清野開発","8541261807902","","","","","","","765-0012","香川県善通寺市上吉田町521","","","","","","","","","","","","","","","7470002012857","","","",""
"株式会社キヨリックス三重","3649918785292","","","","","","","455-0044","愛知県名古屋市港区築三町二丁目41","","","","","","","","","","","","","","","5180001006338","","","",""
"株式会社キョーワ","4480286165700","","","","","","","738-0034","広島県廿日市市宮内725-1","","","","","","","","","","","","","","","8240001027936","","","",""
"株式会社キララ","7849798174721","","","","","","","440-0837","愛知県豊橋市三ノ輪町本興寺3-74","","","","","","","","","","","","","","","7180301005491","","","",""
"霧島砕石有限会社","7893070093772","","","","","","","899-6603","鹿児島県霧島市牧園町高千穂3864-56","","","","","","","","","","","","","","","6340002015056","","","",""
"近畿砕石株式会社","4146979298137","","","","","","","601-1122","京都府京都市左京区静市野中町395-1","","","","","","","","","","","","","","","4130001006285","","","",""
"近畿資材企業組合","7962624003950","","","","","","","569-0093","大阪府高槻市萩之庄二丁目6-12","","","","","","","","","","","","","","","2120905001921","","","",""
"キンケン石産株式会社","9543617628127","","","","","","","376-0111","群馬県みどり市大間々町小平甲193","","","","","","","","","","","","","","","1070001015849","","","",""
"株式会社技建工務所","6263882516673","","","","","","","800-0355","福岡県京都郡苅田町大字南原1693-1","","","","","","","","","","","","","","","7290801015392","","","",""
"岐阜興業株式会社","2887073968474","","","","","","","503-2328","岐阜県安八郡神戸町大字南方489-1","","","","","","","","","","","","","","","6200001014576","","","",""
"株式会社暁山会","9399303253878","","","","","","","519-0212","三重県亀山市能褒野町440-2","","","","","","","","","","","","","","","4190001003384","","","",""
"行田建材工業株式会社","8647484671947","","","","","","","361-0035","埼玉県行田市大字堤根651-1","","","","","","","","","","","","","","","1030001087990","","","",""
"草木開発興業有限会社","2576463556383","","","","","","","376-0302","群馬県みどり市東町草木371","","","","","","","","","","","","","","","4070002023253","","","",""
"株式会社草野産業","6321826354689","","","","","","","979-0605","福島県双葉郡楢葉町大字大谷仲平57-1","","","","","","","","","","","","","","","6380002029969","","","",""
"葛生石灰砕石株式会社","8371950745468","","","","","","","327-0514","栃木県佐野市仙波町1599","","","","","","","","","","","","","","","5060001021423","","","",""
"九頭龍砕石株式会社","8341604212183","","","","","","","911-0832","福井県勝山市遅羽町蓬生32 字榎木嶋94-2","","","","","","","","","","","","","","","1210001010018","","","",""
"九頭龍砂利工業株式会社","1491321231254","","","","","","","910-0811","福井県福井市中藤新保町1 字青島1番地","","","","","","","","","","","","","","","8210001001068","","","",""
"株式会社工藤商会","3711442715507","","","","","","","621-0842","京都府亀岡市西つつじケ丘雲仙台二丁目2-10","","","","","","","","","","","","","","","9130001035577","","","",""
"有限会社国弘砂利","3939957129129","","","","","","","747-0043","山口県防府市平和町7-6","","","","","","","","","","","","","","","3250002002999","","","",""
"クニマイン株式会社","5847728319014","","","","","","","990-1271","山形県西村山郡大江町大字月布722-9","","","","","","","","","","","","","","","1390001012145","","","",""
"国見興業株式会社","3607562521614","","","","","","","883-1601","宮崎県東臼杵郡椎葉村大字下福良509","","","","","","","","","","","","","","","4350001006247","","","",""
"クニミネ工業株式会社","3069883563702","","","","","","","101-0032","東京都千代田区岩本町一丁目10-5","","","","","","","","","","","","","","","6010001015098","","","",""
"国見山資源株式会社","6942106819591","","","","","","","516-1423","三重県度会郡南伊勢町村山1910","","","","","","","","","","","","","","","6190001010040","","","",""
"国見山石灰鉱業株式会社","5072869808165","","","","","","","553-0005","大阪府大阪市福島区野田三丁目13-28","","","","","","","","","","","","","","","9120001034811","","","",""
"久野砕石工業株式会社","5644981509593","","","","","","","250-0861","神奈川県小田原市桑原392","","","","","","","","","","","","","","","1021001032599","","","",""
"有限会社久保木建材","7672391271714","","","","","","","314-0128","茨城県神栖市大野原中央五丁目1-43","","","","","","","","","","","","","","","1040002087675","","","",""
"有限会社久保建材","8462486814159","","","","","","","621-0111","京都府亀岡市東別院町南掛藤ケ瀬3-2","","","","","","","","","","","","","","","6130002028888","","","",""
"久保砕石工業株式会社","7626075250733","","","","","","","044-0101","北海道虻田郡京極町字京極552","","","","","","","","","","","","","","","5430001051713","","","",""
"久保田砂利株式会社","8769859170474","","","","","","","420-0886","静岡県静岡市葵区大岩四丁目1-32","","","","","","","","","","","","","","","3080001001276","","","",""
"株式会社熊谷組","8683041969310","","","","","","","529-0533","滋賀県長浜市余呉町柳ケ瀬170","","","","","","","","","","","","","","","3160001007232","","","",""
"有限会社熊谷建材","6978092095444","","","","","","","019-2631","秋田県秋田市河辺神内太田面42","","","","","","","","","","","","","","","4410002001348","","","",""
"株式会社熊谷砂利店","5756773671325","","","","","","","020-0053","岩手県盛岡市上太田上川原153","","","","","","","","","","","","","","","4400001000608","","","",""
"球磨川商事株式会社","9641613422628","","","","","","","489-0931","愛知県瀬戸市高根町一丁目158-3","","","","","","","","","","","","","","","2180001078792","","","",""
"有限会社球磨川商事","7507850315370","","","","","","","869-6401","熊本県球磨郡球磨村大字渡乙3031","","","","","","","","","","","","","","","3330002030109","","","",""
"有限会社クマノ","3758557990674","","","","","","","672-0102","兵庫県姫路市家島町宮2165-1","","","","","","","","","","","","","","","9140002051820","","","",""
"株式会社熊本硅砂鉱業","2892179347195","","","","","","","861-0821","熊本県玉名郡南関町大字下坂下4777","","","","","","","","","","","","","","","5290001047214","","","",""
"熊本礦業株式会社","7136853433790","","","","","","","869-0302","熊本県玉名郡玉東町大字山口148-1","","","","","","","","","","","","","","","3330001011539","","","",""
"熊本砕石共販協同組合","1245660697901","","","","","","","862-0954","熊本県熊本市中央区神水一丁目5-3","","","","","","","","","","","","","","","9330005001002","","","",""
"久米田砕石株式会社","5747121684463","","","","","","","910-0845","福井県福井市志比口三丁目2-14 はさきビル2階","","","","","","","","","","","","","","","6210001001086","","","",""
"倉口産業株式会社","9961795483759","","","","","","","515-0063","三重県松阪市大黒田町300","","","","","","","","","","","","","","","6190001010206","","","",""
"有限会社倉島商店","3015622049891","","","","","","","950-3365","新潟県新潟市北区太子堂115-8","","","","","","","","","","","","","","","7110002010616","","","",""
"倉新工業株式会社","1319547214096","","","","","","","710-0803","岡山県倉敷市中島2141-1","","","","","","","","","","","","","","","1260001013222","","","",""
"株式会社クラモチ","8454712535067","","","","","","","300-0421","茨城県稲敷郡美浦村大字木原353","","","","","","","","","","","","","","","9050001010951","","","",""
"株式会社倉持建材","4574062711002","","","","","","","306-0635","茨城県坂東市小泉898-2","","","","","","","","","","","","","","","2050001033942","","","",""
"株式会社クリエイティブ小松解体土木","4814816389941","","","","","","","441-1954","愛知県新城市只持小松ノ28-2","","","","","","","","","","","","","","","1180301021882","","","",""
"くりから開発株式会社","5539272898594","","","","","","","921-8027","石川県金沢市神田一丁目13-26","","","","","","","","","","","","","","","6220001002538","","","",""
"株式会社クリスタル・ワールド","7358770832756","","","","","","","604-8036","京都府京都市中京区石橋町14-7","","","","","","","","","","","","","","","8130001024242","","","",""
"有限会社栗田建材","4234902976126","","","","","","","959-2618","新潟県胎内市高野茨島249-410","","","","","","","","","","","","","","","7110002016522","","","",""
"株式会社くりはら","1672264963361","","","","","","","311-3802","茨城県行方市於下1112-1","","","","","","","","","","","","","","","4050001021441","","","",""
"株式会社栗山ケイセキ","8693268067750","","","","","","","017-0200","秋田県鹿角郡小坂町渋沢出口1番地","","","","","","","","","","","","","","","4410001006496","","","",""
"呉石材株式会社","8348604299565","","","","","","","737-1377","広島県呉市倉橋町9484","","","","","","","","","","","","","","","5240003001446","","","",""
"黒髪石材株式会社","2791116216147","","","","","","","745-0025","山口県周南市築港町7-14","","","","","","","","","","","","","","","1250001008784","","","",""
"株式会社黒川商会","1782110427889","","","","","","","848-0031","佐賀県伊万里市二里町八谷搦627-6","","","","","","","","","","","","","","","1300001005487","","","",""
"有限会社黒川石材","7358327766004","","","","","","","761-0130","香川県高松市庵治町2267-1","","","","","","","","","","","","","","","7470002000119","","","",""
"黒潮建設株式会社","6669258462434","","","","","","","880-1113","宮崎県東諸県郡国富町大字木脇3952-8","","","","","","","","","","","","","","","8350001005988","","","",""
"有限会社黒田建材","8110049894776","","","","","","","300-0641","茨城県稲敷市浮島5097-1","","","","","","","","","","","","","","","5050002034268","","","",""
"有限会社黒田興業","2568321356731","","","","","","","300-0606","茨城県稲敷市脇川758","","","","","","","","","","","","","","","1050002034189","","","",""
"有限会社クローバー","9118327417225","","","","","","","470-0161","愛知県愛知郡東郷町春木台五丁目14-16","","","","","","","","","","","","","","","4180002061845","","","",""
"株式会社黒部川興材工業","8357492466964","","","","","","","939-0653","富山県下新川郡入善町上飯野3545-2","","","","","","","","","","","","","","","5230001007487","","","",""
"黒部川水系土石業協同組合","3246048169367","","","","","","","939-0653","富山県下新川郡入善町上飯野956","","","","","","","","","","","","","","","9230005003909","","","",""
"黒部建材株式会社","5394132788523","","","","","","","938-0013","富山県黒部市沓掛3591","","","","","","","","","","","","","","","5230001007314","","","",""
"黒山石産株式会社","7680724332831","","","","","","","198-0171","東京都青梅市二俣尾四丁目956","","","","","","","","","","","","","","","4013101003577","","","",""
"有限会社桑原商店","4085162281342","","","","","","","856-0820","長崎県大村市協和町1698","","","","","","","","","","","","","","","4310002017180","","","",""
"株式会社クワバラテック","6421573618488","","","","","","","959-2221","新潟県阿賀野市保田375-7","","","","","","","","","","","","","","","6110001012341","","","",""
"株式会社グラベル","1913653612022","","","","","","","320-0017","栃木県宇都宮市戸祭台36-8","","","","","","","","","","","","","","","7060001005738","","","",""
"グラベルジャパン株式会社","8442043035118","","","","","","","056-0026","北海道日高郡新ひだか町静内末広町三丁目4-22","","","","","","","","","","","","","","","1430001055321","","","",""
"グラベルライン株式会社","3078434901538","","","","","","","929-1213","石川県かほく市長柄町ソ55-107","","","","","","","","","","","","","","","6220001022065","","","",""
"有限会社グリーンアート","2796691823274","","","","","","","289-2247","千葉県香取郡多古町水戸702","","","","","","","","","","","","","","","1040002083708","","","",""
"株式会社グリーン・ウエダ","3320594749806","","","","","","","930-1365","富山県中新川郡立山町東中野新278","","","","","","","","","","","","","","","2230001006459","","","",""
"株式会社グリーンズメンテル","1063170195368","","","","","","","501-3924","岐阜県関市迫間三ツ飛3721-1","","","","","","","","","","","","","","","2180001089220","","","",""
"有限会社グローバル那須","8284633086497","","","","","","","325-0001","栃木県那須郡那須町大字高久甲122-6","","","","","","","","","","","","","","","6060002023021","","","",""
"合名会社群馬長石","2491431449091","","","","","","","378-0406","群馬県利根郡片品村大字摺渕540","","","","","","","","","","","","","","","9070003001435","","","",""
"株式会社ＧＵＮＭＡ　ＴＲＵＳＴ","1226880654257","","","","","","","370-0058","群馬県高崎市九蔵町25-1","","","","","","","","","","","","","","","9070001010289","","","",""
"慶伊物産株式会社","7751037883495","","","","","","","920-2326","石川県白山市木滑ロ78-1","","","","","","","","","","","","","","","3220001000057","","","",""
"有限会社ケイ・エヌ・ケイ","2830109111347","","","","","","","839-0225","福岡県みやま市高田町上楠田3103","","","","","","","","","","","","","","","2290002054807","","","",""
"有限会社桂鉱社","4311705415828","","","","","","","501-3511","岐阜県関市中之保2406-1","","","","","","","","","","","","","","","8200002018566","","","",""
"有限会社惠盛開発","4336587263144","","","","","","","861-3206","熊本県上益城郡御船町大字辺田見1856","","","","","","","","","","","","","","","8330002019667","","","",""
"ケイ素材料開発株式会社","9861315600699","","","","","","","183-0035","東京都府中市四谷四丁目52-53","","","","","","","","","","","","","","","7010001156486","","","",""
"株式会社ケイナン","7201206003543","","","","","","","699-1832","島根県仁多郡奥出雲町横田1536","","","","","","","","","","","","","","","4280001005644","","","",""
"株式会社恵南コーポレーション","7049726678527","","","","","","","509-7606","岐阜県恵那市山岡町田代1-1","","","","","","","","","","","","","","","9200001023979","","","",""
"京阪砕石株式会社","5142254900931","","","","","","","556-0011","大阪府大阪市浪速区難波中一丁目14-4","","","","","","","","","","","","","","","4120001038049","","","",""
"京浜ソイル株式会社","5960827768817","","","","","","","232-0023","神奈川県横浜市南区白妙町五丁目69","","","","","","","","","","","","","","","8020001012852","","","",""
"恵北建設工業株式会社","6641776816653","","","","","","","508-0011","岐阜県中津川市駒場1666-718","","","","","","","","","","","","","","","7200001023337","","","",""
"有限会社京北資材","9539300090542","","","","","","","287-0022","千葉県香取市九美上26-5","","","","","","","","","","","","","","","5040002086806","","","",""
"有限会社恵北物産","9137703548883","","","","","","","508-0351","岐阜県中津川市付知町3098-2","","","","","","","","","","","","","","","3200002024148","","","",""
"株式会社ケーエストレーディング","1285039165758","","","","","","","542-0012","大阪府大阪市中央区谷町六丁目6-7 第5松屋ビ8F","","","","","","","","","","","","","","","6120001133871","","","",""
"ＫＣ東海株式会社","3449271893262","","","","","","","502-0003","岐阜県岐阜市三田洞東三丁目17-1","","","","","","","","","","","","","","","2200001024554","","","",""
"有限会社ケージー産業","2623970757868","","","","","","","774-0023","徳島県阿南市橘町西浜68-5","","","","","","","","","","","","","","","8480002012962","","","",""
"毛谷村興業株式会社","3781956576384","","","","","","","555-0025","大阪府大阪市西淀川区姫里二丁目9-18","","","","","","","","","","","","","","","3120001049534","","","",""
"建業資材有限会社","3079387048722","","","","","","","088-0567","北海道白糠郡白糠町庶路39-5","","","","","","","","","","","","","","","5460002000963","","","",""
"県西地区骨材事業協同組合","2437691254612","","","","","","","321-0401","栃木県宇都宮市上小倉町2590-1","","","","","","","","","","","","","","","6060005000356","","","",""
"株式会社県南開発","2023694391861","","","","","","","989-2423","宮城県岩沼市押分西土手65-1","","","","","","","","","","","","","","","9370801000789","","","",""
"県南産業株式会社","4162084356874","","","","","","","963-8822","福島県郡山市昭和一丁目9-21","","","","","","","","","","","","","","","7380001010169","","","",""
"釼持工業株式会社","1999727001632","","","","","","","299-1124","千葉県君津市作木237-1","","","","","","","","","","","","","","","4040001051794","","","",""
"株式会社ＧＥＮＸリサイクル","5715016908101","","","","","","","979-1506","福島県双葉郡浪江町大字室原榑木74","","","","","","","","","","","","","","","9380002030296","","","",""
"株式会社小石興業","9132144808510","","","","","","","390-1401","長野県松本市波田10068-3","","","","","","","","","","","","","","","9100001014518","","","",""
"小泉産業有限会社","8960320635585","","","","","","","039-1161","青森県八戸市大字河原木久保16-4","","","","","","","","","","","","","","","5420002006873","","","",""
"小出郷砂利採取販売協同組合","7713114322200","","","","","","","946-0043","新潟県魚沼市青島1180","","","","","","","","","","","","","","","7110005013574","","","",""
"株式会社高栄","9248248310839","","","","","","","489-0938","愛知県瀬戸市幡西町158-1","","","","","","","","","","","","","","","9180001079999","","","",""
"有限会社広栄","8255698996101","","","","","","","879-4802","大分県玖珠郡九重町大字野上548-3","","","","","","","","","","","","","","","6320002019967","","","",""
"有限会社コウエイ環境","1168276847032","","","","","","","899-5652","鹿児島県姶良市平松3323-2","","","","","","","","","","","","","","","1340002015779","","","",""
"幸栄建材株式会社","9095578713414","","","","","","","660-0862","兵庫県尼崎市開明町二丁目11","","","","","","","","","","","","","","","1140001048643","","","",""
"株式会社広栄興業","6335154532834","","","","","","","952-0021","新潟県佐渡市秋津101-1","","","","","","","","","","","","","","","2110002034454","","","",""
"晃永工業株式会社","4349095948809","","","","","","","507-0045","岐阜県多治見市三の倉町大美山26","","","","","","","","","","","","","","","4200001023125","","","",""
"光黄運輸有限会社","4451880018155","","","","","","","347-0047","埼玉県加須市阿良川494","","","","","","","","","","","","","","","4030002041102","","","",""
"株式会社高坂商会","8436915384674","","","","","","","396-0023","長野県伊那市山寺1589","","","","","","","","","","","","","","","1100001020705","","","",""
"光伸株式会社","4081924142504","","","","","","","370-1212","群馬県高崎市木部町419-1","","","","","","","","","","","","","","","4070001030143","","","",""
"有限会社幸新取材","1316085800762","","","","","","","300-0622","茨城県稲敷市神宮寺長作2490","","","","","","","","","","","","","","","2050002034270","","","",""
"有限会社広成産業","1212024608042","","","","","","","879-4414","大分県玖珠郡玖珠町大字大隈1006-2","","","","","","","","","","","","","","","3320002019879","","","",""
"浩成石材工業有限会社","2987627627512","","","","","","","794-2104","愛媛県今治市吉海町仁江565","","","","","","","","","","","","","","","8500002020277","","","",""
"株式会社煌石","6115872144953","","","","","","","669-5132","兵庫県朝来市山東町溝黒521-6","","","","","","","","","","","","","","","6140001089897","","","",""
"株式会社高知骨材センター","2001760678814","","","","","","","780-8038","高知県高知市石立町197-1","","","","","","","","","","","","","","","1490001000973","","","",""
"高知石灰石鉱業株式会社","8163167622781","","","","","","","783-0084","高知県南国市稲生760","","","","","","","","","","","","","","","8490001006171","","","",""
"光兆産業株式会社","5699114615570","","","","","","","350-0809","埼玉県川越市大字鯨井新田6-1 第3今泉ビル3F","","","","","","","","","","","","","","","2030001054684","","","",""
"有限会社幸友建材","8008062307390","","","","","","","314-0341","茨城県神栖市矢田部7659-26","","","","","","","","","","","","","","","7050002027708","","","",""
"株式会社甲南","4194498233639","","","","","","","021-0036","岩手県一関市山目十二神77-1","","","","","","","","","","","","","","","8400501000120","","","",""
"河野採石工業株式会社","2051166025273","","","","","","","085-0814","北海道釧路市緑ケ岡一丁目19-4","","","","","","","","","","","","","","","3460001000289","","","",""
"有限会社河野商店","1116998372211","","","","","","","811-3501","福岡県宗像市神湊147-2","","","","","","","","","","","","","","","7290002035075","","","",""
"有限会社河野石産","8998042330112","","","","","","","920-2375","石川県白山市上野町タ158","","","","","","","","","","","","","","","5220002000054","","","",""
"神戸砕石株式会社","7423348344240","","","","","","","651-1312","兵庫県神戸市北区有野町有野百間樋823-1","","","","","","","","","","","","","","","2140001015601","","","",""
"株式会社光明石製造所","2746210010487","","","","","","","120-0044","東京都足立区千住緑町三丁目8-8 横井ビル1F","","","","","","","","","","","","","","","6011801014859","","","",""
"光和金属工業株式会社","6236741056258","","","","","","","739-2626","広島県東広島市黒瀬町市飯田158-3","","","","","","","","","","","","","","","7240001022517","","","",""
"古賀産業有限会社","1822752636033","","","","","","","812-0032","福岡県福岡市博多区石城町1-9 1002号","","","","","","","","","","","","","","","3290002000421","","","",""
"株式会社古賀物産","3835909254949","","","","","","","849-4271","佐賀県伊万里市東山代町長浜2150-1","","","","","","","","","","","","","","","5300001005533","","","",""
"一般財団法人国際資源開発研修センター","8686210830995","","","","","","","101-0054","東京都千代田区神田錦町三丁目11-5 精興竹橋共同ビル4階","","","","","","","","","","","","","","","1010405000205","","","",""
"国土工業株式会社","4916724825288","","","","","","","939-0271","富山県射水市大島北野275","","","","","","","","","","","","","","","5230001012677","","","",""
"株式会社國分","4969185709034","","","","","","","370-0132","群馬県伊勢崎市境平塚3","","","","","","","","","","","","","","","3070001013322","","","",""
"小倉鉱業株式会社","2967287391046","","","","","","","803-0183","福岡県北九州市小倉南区大字市丸1050","","","","","","","","","","","","","","","3290801001454","","","",""
"小坂製錬株式会社","4903847905640","","","","","","","017-0202","秋田県鹿角郡小坂町小坂鉱山尾樽部60-1","","","","","","","","","","","","","","","8410001006930","","","",""
"株式会社輿石運送土木","6415962495748","","","","","","","407-0022","山梨県韮崎市水神二丁目7-21","","","","","","","","","","","","","","","1090001011417","","","",""
"越友産業株式会社","3118954025242","","","","","","","039-3352","青森県東津軽郡平内町大字内童子角頭","","","","","","","","","","","","","","","4420001000845","","","",""
"越野組有限会社","4885393958116","","","","","","","699-0101","島根県松江市東出雲町揖屋15-3","","","","","","","","","","","","","","","7280002002828","","","",""
"小渋開発株式会社","9656923965587","","","","","","","399-3502","長野県下伊那郡大鹿村大字大河原4761","","","","","","","","","","","","","","","2100001023038","","","",""
"株式会社小嶋建材","3366998563495","","","","","","","959-1375","新潟県加茂市小橋一丁目4-27","","","","","","","","","","","","","","","5110001015205","","","",""
"小島正一石材工業有限会社","7987345274720","","","","","","","329-4301","栃木県栃木市岩舟町鷲巣122","","","","","","","","","","","","","","","7060002033218","","","",""
"株式会社小菅練壁工場","2918011578559","","","","","","","514-0114","三重県津市一身田町96","","","","","","","","","","","","","","","1190001000319","","","",""
"湖西建設骨材協同組合","8651418633850","","","","","","","520-1214","滋賀県高島市安曇川町末広三丁目37","","","","","","","","","","","","","","","1160005007486","","","",""
"小立砕石株式会社","6213527419283","","","","","","","441-1945","愛知県新城市玖老勢小立1-5","","","","","","","","","","","","","","","9180301024127","","","",""
"株式会社骨材興社","2503381431712","","","","","","","882-0024","宮崎県延岡市大武町779-12","","","","","","","","","","","","","","","4350001006759","","","",""
"湖東建材株式会社","1175532862165","","","","","","","431-1115","静岡県浜松市中央区和地町6321","","","","","","","","","","","","","","","7080401001748","","","",""
"琴澤採石株式会社","8736413868919","","","","","","","941-0074","新潟県糸魚川市大字大谷内534-1","","","","","","","","","","","","","","","9110001021587","","","",""
"壽鑛業株式会社","1700135908479","","","","","","","441-3431","愛知県田原市白谷町東山103","","","","","","","","","","","","","","","6180301007695","","","",""
"寿石材株式会社","2043518179970","","","","","","","413-0234","静岡県伊東市池844-1","","","","","","","","","","","","","","","6080101013458","","","",""
"株式会社小西","5169234530459","","","","","","","768-0064","香川県観音寺市琴浪町一丁目16-20","","","","","","","","","","","","","","","3470001009908","","","",""
"小西海運有限会社","2596681910712","","","","","","","804-0075","福岡県北九州市戸畑区北鳥旗町4-3","","","","","","","","","","","","","","","4290802002541","","","",""
"小西砕石株式会社","7572243864098","","","","","","","811-4232","福岡県遠賀郡岡垣町大字上畑長谷257","","","","","","","","","","","","","","","1290801011125","","","",""
"小西商事株式会社","7031666939506","","","","","","","583-0001","大阪府藤井寺市川北一丁目27-3","","","","","","","","","","","","","","","5120101032776","","","",""
"此之花砂利有限会社","1648070758325","","","","","","","554-0051","大阪府大阪市此花区酉島二丁目2-6","","","","","","","","","","","","","","","1120002014134","","","",""
"有限会社小橋運送","3160477667568","","","","","","","861-6103","熊本県上天草市松島町今泉6438-339","","","","","","","","","","","","","","","4330002028523","","","",""
"有限会社小橋商会","7233082715699","","","","","","","861-6103","熊本県上天草市松島町今泉6438-190","","","","","","","","","","","","","","","3330002028524","","","",""
"小橋北豊株式会社","3336392632273","","","","","","","005-0818","北海道札幌市南区川沿十八条一丁目3","","","","","","","","","","","","","","","6430001006294","","","",""
"株式会社小林組","3263622380283","","","","","","","503-2428","岐阜県揖斐郡池田町片山1144-1","","","","","","","","","","","","","","","7200001016019","","","",""
"有限会社小林建材","9753590388493","","","","","","","300-1412","茨城県稲敷市柴崎8262-9","","","","","","","","","","","","","","","3050002034096","","","",""
"株式会社小林建材社","9133941574726","","","","","","","250-0863","神奈川県小田原市飯泉1035","","","","","","","","","","","","","","","1021001032574","","","",""
"株式会社小林砂利","6068641350235","","","","","","","061-1435","北海道恵庭市中島町一丁目12-11","","","","","","","","","","","","","","","1430001070758","","","",""
"有限会社小針石材店","6855192926656","","","","","","","961-8031","福島県西白河郡西郷村大字米向山50","","","","","","","","","","","","","","","5380002017768","","","",""
"株式会社コービック","6723082748892","","","","","","","905-1414","沖縄県国頭郡国頭村字半地573","","","","","","","","","","","","","","","7360001000865","","","",""
"駒形石灰工業株式会社","3868709339229","","","","","","","327-0525","栃木県佐野市あくと町4201","","","","","","","","","","","","","","","8060001020876","","","",""
"株式会社小政","8461786691255","","","","","","","034-0052","青森県十和田市大字藤島蛇林12-1","","","","","","","","","","","","","","","6420001011023","","","",""
"株式会社小松組","5016375531118","","","","","","","998-0878","山形県酒田市こあら三丁目6-1","","","","","","","","","","","","","","","9390001006189","","","",""
"小麦川砕石株式会社","3743165053634","","","","","","","895-0056","鹿児島県薩摩川内市宮里町2955","","","","","","","","","","","","","","","7340002016623","","","",""
"株式会社小山セメント工業所","7422632609681","","","","","","","956-0001","新潟県新潟市秋葉区覚路津下等別当2481-2","","","","","","","","","","","","","","","6110001002053","","","",""
"有限会社小山土石","7797131545223","","","","","","","939-0142","富山県高岡市福岡町土屋1","","","","","","","","","","","","","","","7230002012385","","","",""
"強梨砕石株式会社","5997391291095","","","","","","","963-0107","福島県郡山市安積一丁目76","","","","","","","","","","","","","","","7380001007033","","","",""
"有限会社近藤商店","5744820653777","","","","","","","350-0244","埼玉県坂戸市大字森戸619-1","","","","","","","","","","","","","","","3030002092360","","","",""
"今野建設株式会社","8285677584611","","","","","","","079-1102","北海道赤平市幌岡町202","","","","","","","","","","","","","","","8430001048285","","","",""
"江川砂利協同組合","5877705748956","","","","","","","695-0011","島根県江津市江津町1346-17","","","","","","","","","","","","","","","1280005004455","","","",""
"合同砕石株式会社","4690250638133","","","","","","","620-0351","京都府福知山市大江町千原小字江口1131-1","","","","","","","","","","","","","","","6130001041421","","","",""
"有限会社郷美興業","1139144570887","","","","","","","399-8205","長野県安曇野市豊科1432","","","","","","","","","","","","","","","5100002023570","","","",""
"有限会社郷分藤井砕石","3699703670841","","","","","","","720-0093","広島県福山市郷分町507","","","","","","","","","","","","","","","7240002040492","","","",""
"合資会社五島商店","4814141238501","","","","","","","807-0046","福岡県遠賀郡水巻町吉田西二丁目10-20","","","","","","","","","","","","","","","2290803001180","","","",""
"株式会社五印阿部砂利","9218623130032","","","","","","","077-0047","北海道留萌市瀬越町68","","","","","","","","","","","","","","","3450001008886","","","",""
"呉西工業株式会社","3270189009050","","","","","","","932-0823","富山県小矢部市福上483","","","","","","","","","","","","","","","4230001008973","","","",""
"五大工業有限会社","3388076337765","","","","","","","763-0052","香川県丸亀市津森町278-1","","","","","","","","","","","","","","","9470002011634","","","",""
"後藤工事株式会社","5185249212992","","","","","","","509-0106","岐阜県各務原市各務西町六丁目317","","","","","","","","","","","","","","","9200001007081","","","",""
"株式会社後藤採鉱所","9632385329292","","","","","","","028-1131","岩手県上閉伊郡大槌町大槌第十二地割161-2","","","","","","","","","","","","","","","6400002011957","","","",""
"後藤砕石販売株式会社","3380524003580","","","","","","","419-0311","静岡県富士宮市上稲子101","","","","","","","","","","","","","","","6080101011486","","","",""
"株式会社後藤石材工業","8829180757751","","","","","","","991-0003","山形県寒河江市大字西根外川原88-1","","","","","","","","","","","","","","","9390001013160","","","",""
"株式会社五味興産","5175605760580","","","","","","","768-0061","香川県観音寺市八幡町三丁目13-24","","","","","","","","","","","","","","","7470001009904","","","",""
"五葉建材株式会社","7514339698103","","","","","","","336-0034","埼玉県さいたま市南区内谷七丁目10-9","","","","","","","","","","","","","","","3030001002766","","","",""
"ゴールデンドラゴンマテリアル株式会社","2966317001949","","","","","","","470-0371","愛知県豊田市御船町大久手31-1","","","","","","","","","","","","","","","8180301018410","","","",""
"西海砕石株式会社","8488635796133","","","","","","","851-1133","長崎県長崎市小江町1706-1","","","","","","","","","","","","","","","8310001000621","","","",""
"埼新産業株式会社","4416578547930","","","","","","","368-0101","埼玉県秩父郡小鹿野町下小鹿野1032-1","","","","","","","","","","","","","","","8030001091549","","","",""
"西城運輸砕石株式会社","6809301955301","","","","","","","729-5742","広島県庄原市西城町中野551-1","","","","","","","","","","","","","","","9240001024949","","","",""
"才田砕石工業株式会社","8141314203685","","","","","","","838-0016","福岡県朝倉市下渕472","","","","","","","","","","","","","","","8290001044365","","","",""
"埼玉産業開発株式会社","5420017044680","","","","","","","102-0072","東京都千代田区飯田橋四丁目1-10","","","","","","","","","","","","","","","8010001017497","","","",""
"有限会社斎藤建材","2920195149338","","","","","","","957-0011","新潟県新発田市島潟1081","","","","","","","","","","","","","","","4110002015048","","","",""
"有限会社斉藤建材産業","9707703331557","","","","","","","981-0121","宮城県宮城郡利府町神谷沢長田35-15","","","","","","","","","","","","","","","2370602000697","","","",""
"有限会社斉藤商店","4676035880989","","","","","","","377-0204","群馬県渋川市白井2466","","","","","","","","","","","","","","","1070002026267","","","",""
"有限会社斎藤砂利","4411132332491","","","","","","","959-1811","新潟県五泉市三本木二丁目1-20","","","","","","","","","","","","","","","2110002013680","","","",""
"株式会社斉藤砂利工業","9669682633770","","","","","","","089-0624","北海道中川郡幕別町字軍岡12","","","","","","","","","","","","","","","5460102001275","","","",""
"斉藤石材砿業有限会社","6290340728943","","","","","","","763-0104","香川県丸亀市広島町甲路1722-1","","","","","","","","","","","","","","","5470002011662","","","",""
"最北砕石株式会社","6619976826805","","","","","","","999-6101","山形県最上郡最上町大字向町2135-56","","","","","","","","","","","","","","","9390001013020","","","",""
"崔本砕石有限会社","3325348574045","","","","","","","877-0114","大分県日田市天瀬町出口2426","","","","","","","","","","","","","","","5320002019588","","","",""
"坂井運送株式会社","7479771695444","","","","","","","839-1216","福岡県久留米市田主丸町中尾965-1","","","","","","","","","","","","","","","1290001050683","","","",""
"有限会社榊枝建材","9616880534517","","","","","","","963-8207","福島県石川郡平田村大字下蓬田空釜149","","","","","","","","","","","","","","","3380002021359","","","",""
"株式会社サカキ建設工業","1279142713972","","","","","","","089-0116","北海道上川郡清水町南八条七丁目4","","","","","","","","","","","","","","","5460101003082","","","",""
"有限会社榊砕石","5733814909758","","","","","","","861-3544","熊本県上益城郡山都町杉木465-1","","","","","","","","","","","","","","","2330002020267","","","",""
"株式会社榊原建材","2594335692784","","","","","","","370-3601","群馬県北群馬郡吉岡町大字漆原2032-1","","","","","","","","","","","","","","","6070001025827","","","",""
"酒田砂丘開発株式会社","9907447195365","","","","","","","998-0021","山形県酒田市旭新町23-10","","","","","","","","","","","","","","","7390001006224","","","",""
"株式会社坂詰組","1031926480577","","","","","","","959-2221","新潟県阿賀野市保田4177-1","","","","","","","","","","","","","","","7110001011425","","","",""
"株式会社坂本砿業所","4451193315156","","","","","","","879-5424","大分県由布市庄内町直野内山338","","","","","","","","","","","","","","","1320003000311","","","",""
"有限会社坂本産業","4064889133919","","","","","","","822-0031","福岡県直方市大字植木701-1","","","","","","","","","","","","","","","7290002034333","","","",""
"有限会社坂本商店","9443996515525","","","","","","","322-0018","栃木県鹿沼市池ノ森144-2","","","","","","","","","","","","","","","1060002020147","","","",""
"阪本生コンクリート有限会社","8183418806781","","","","","","","515-3532","三重県津市美杉町川上1120","","","","","","","","","","","","","","","5190002003102","","","",""
"有限会社佐我建材","3257445842490","","","","","","","989-0701","宮城県刈田郡蔵王町宮井戸井前61-1","","","","","","","","","","","","","","","9370102002139","","","",""
"有限会社佐川建材","3857896385861","","","","","","","969-0102","福島県西白河郡泉崎村大字関和久瀬知房後33","","","","","","","","","","","","","","","7380002017849","","","",""
"佐久間砂利株式会社","4730214396699","","","","","","","431-3907","静岡県浜松市天竜区佐久間町川合618-8","","","","","","","","","","","","","","","7080401010831","","","",""
"有限会社櫻井","3127478189344","","","","","","","376-0011","群馬県桐生市相生町四丁目14-1","","","","","","","","","","","","","","","6070002023557","","","",""
"有限会社桜井建材","5449455464839","","","","","","","311-4344","茨城県東茨城郡城里町大字阿波山773-3","","","","","","","","","","","","","","","2050002004620","","","",""
"株式会社桜井石材","7070261203128","","","","","","","946-0057","新潟県魚沼市中島1434","","","","","","","","","","","","","","","6110001026721","","","",""
"株式会社迫広砕石","9894874714725","","","","","","","739-1103","広島県安芸高田市甲田町下小原3027-2","","","","","","","","","","","","","","","2240001024666","","","",""
"有限会社佐々木建設","1328127238566","","","","","","","989-0701","宮城県刈田郡蔵王町宮井戸井前40-1","","","","","","","","","","","","","","","7370102002140","","","",""
"笹田建設株式会社","5435983800546","","","","","","","779-3223","徳島県名西郡石井町高川原高川原273-1","","","","","","","","","","","","","","","5480001002604","","","",""
"笹花石産株式会社","1605356423783","","","","","","","949-5402","新潟県長岡市篠花292","","","","","","","","","","","","","","","2110001023755","","","",""
"薩南地区砂販売協同組合","5346431674707","","","","","","","891-0516","鹿児島県指宿市山川成川1040-7","","","","","","","","","","","","","","","3340005004100","","","",""
"札幌石狩砂利協同組合","8416888080776","","","","","","","061-3220","北海道石狩市志美293-2","","","","","","","","","","","","","","","2430005002285","","","",""
"株式会社佐藤組","2360294248401","","","","","","","693-0021","島根県出雲市塩冶町1282-36","","","","","","","","","","","","","","","9280001003156","","","",""
"佐藤建材工業株式会社","2685651835933","","","","","","","960-0501","福島県伊達市伏黒西本場27-3","","","","","","","","","","","","","","","4380001002508","","","",""
"佐藤建材工業株式会社","2148154174253","","","","","","","325-0103","栃木県那須塩原市青木610","","","","","","","","","","","","","","","5060001011374","","","",""
"株式会社佐藤工業","6506472900586","","","","","","","882-0401","宮崎県西臼杵郡日之影町大字七折9774-5","","","","","","","","","","","","","","","1350001007289","","","",""
"株式会社佐藤興業","6877370502492","","","","","","","400-0222","山梨県南アルプス市飯野590-1","","","","","","","","","","","","","","","4090001005837","","","",""
"有限会社佐藤鉄工所","9026745101598","","","","","","","732-0802","広島県広島市南区大州三丁目9-22","","","","","","","","","","","","","","","6240002026716","","","",""
"佐藤吉株式会社","6103483527948","","","","","","","017-0878","秋田県大館市川口大人沢2","","","","","","","","","","","","","","","8410001006014","","","",""
"有限会社里口工業","7684754171044","","","","","","","049-2313","北海道茅部郡森町字森川町315-9","","","","","","","","","","","","","","","3440002009208","","","",""
"佐渡砕石協同組合","2486473952103","","","","","","","952-0011","新潟県佐渡市両津夷269-3","","","","","","","","","","","","","","","9110005013993","","","",""
"佐山砕石総合プラント株式会社","6791317957369","","","","","","","089-0612","北海道中川郡幕別町字明野214-1","","","","","","","","","","","","","","","3460102001418","","","",""
"沙流砂利工業有限会社","2344491952574","","","","","","","055-2304","北海道沙流郡日高町栄町西二丁目343-2","","","","","","","","","","","","","","","5430002063055","","","",""
"佐呂間砕石工業株式会社","9971702058327","","","","","","","093-0501","北海道常呂郡佐呂間町字宮前町74","","","","","","","","","","","","","","","8460301002402","","","",""
"株式会社澤井商事","1638849144888","","","","","","","943-0224","新潟県上越市三和区川浦1258","","","","","","","","","","","","","","","9110001019029","","","",""
"有限会社佐波川砂利","5734317526112","","","","","","","698-0041","島根県益田市高津三丁目7-5","","","","","","","","","","","","","","","9280002009953","","","",""
"有限会社沢口砂利店","7794910532103","","","","","","","020-0044","岩手県盛岡市城西町7-3","","","","","","","","","","","","","","","6400002001495","","","",""
"株式会社サンエイ","4795613030047","","","","","","","991-0042","山形県寒河江市大字高屋西浦94-1","","","","","","","","","","","","","","","2390001012334","","","",""
"三栄海運建設株式会社","1266186156974","","","","","","","672-0101","兵庫県姫路市家島町真浦1134","","","","","","","","","","","","","","","1140001062495","","","",""
"三栄化工有限会社","3516540657270","","","","","","","509-5115","岐阜県土岐市肥田町肥田720","","","","","","","","","","","","","","","3200002021228","","","",""
"株式会社山栄建材","7091838548836","","","","","","","377-0008","群馬県渋川市渋川1108","","","","","","","","","","","","","","","1070001018109","","","",""
"サンエイ工業株式会社","5154851161468","","","","","","","835-0101","福岡県みやま市山川町立山1009","","","","","","","","","","","","","","","4290001054442","","","",""
"三栄工業株式会社","5819864259204","","","","","","","518-1314","三重県伊賀市円徳院1","","","","","","","","","","","","","","","1190001008980","","","",""
"三永興産株式会社","3787038457420","","","","","","","534-0027","大阪府大阪市都島区中野町五丁目12-5","","","","","","","","","","","","","","","1120001007584","","","",""
"株式会社三栄シリカ","1016929448660","","","","","","","444-3512","愛知県岡崎市鉢地町三山13","","","","","","","","","","","","","","","3180301000777","","","",""
"有限会社三栄重機建設","7199103193747","","","","","","","048-0401","北海道寿都郡寿都町字新栄町17","","","","","","","","","","","","","","","8440002010029","","","",""
"有限会社三起運輸","3971629338242","","","","","","","847-0002","佐賀県唐津市山本489-3","","","","","","","","","","","","","","","5300002010342","","","",""
"株式会社山貴総合","9200764594412","","","","","","","801-0841","福岡県北九州市門司区西海岸一丁目2-18","","","","","","","","","","","","","","","6290801005080","","","",""
"株式会社三共","3813920412683","","","","","","","059-1364","北海道苫小牧市字沼ノ端602-3","","","","","","","","","","","","","","","1430001053011","","","",""
"三京株式会社","4908552466869","","","","","","","719-2122","岡山県高梁市高倉町田井1376-1","","","","","","","","","","","","","","","3260001018871","","","",""
"有限会社三共企業体","7008633804847","","","","","","","778-0020","徳島県三好市池田町州津藤ノ井377-1","","","","","","","","","","","","","","","8480002015536","","","",""
"三協砂利工業株式会社","3468871561288","","","","","","","094-0013","北海道紋別市南が丘町五丁目3-2","","","","","","","","","","","","","","","5450001009412","","","",""
"三共土石運輸有限会社","3808737244667","","","","","","","939-0251","富山県射水市土合1260-1","","","","","","","","","","","","","","","7230002014002","","","",""
"三恵産業株式会社","2581553579420","","","","","","","901-2123","沖縄県浦添市西洲二丁目11-8","","","","","","","","","","","","","","","5360001008811","","","",""
"株式会社三興","6648612892183","","","","","","","797-0045","愛媛県西予市宇和町坂戸640","","","","","","","","","","","","","","","7500001007912","","","",""
"三幸開発株式会社","8236684224680","","","","","","","675-1335","兵庫県小野市片山町1076-1","","","","","","","","","","","","","","","8140001076704","","","",""
"三光建材工業有限会社","7417304868685","","","","","","","124-0025","東京都葛飾区西新小岩四丁目8-32","","","","","","","","","","","","","","","6011802003118","","","",""
"三光砿業有限会社","7577166723399","","","","","","","861-4301","熊本県宇城市豊野町糸石2745","","","","","","","","","","","","","","","3330002024218","","","",""
"三光砿業有限会社","5992964561980","","","","","","","519-1711","三重県伊賀市島ヶ原11708-1","","","","","","","","","","","","","","","1190002012164","","","",""
"有限会社三興砕石工業","9551210293962","","","","","","","041-0801","北海道函館市桔梗町559-3","","","","","","","","","","","","","","","6440002001756","","","",""
"三光産業株式会社","9865505336356","","","","","","","891-0131","鹿児島県鹿児島市谷山港二丁目22","","","","","","","","","","","","","","","2340001001787","","","",""
"有限会社三晄産業","5412188752722","","","","","","","840-0512","佐賀県佐賀市富士町大字上熊川180-1","","","","","","","","","","","","","","","8300002005430","","","",""
"有限会社三幸商会","1587900019296","","","","","","","014-0363","秋田県仙北市角館町下川原469","","","","","","","","","","","","","","","8410002012639","","","",""
"有限会社珊瑚建材","5937916496631","","","","","","","901-0361","沖縄県糸満市字糸満1961-19 コーポ上原301号","","","","","","","","","","","","","","","6360002009097","","","",""
"有限会社山栄興業","6239684223267","","","","","","","018-1213","秋田県由利本荘市岩城泉田小森62","","","","","","","","","","","","","","","4410002007048","","","",""
"三四興業株式会社","7818894658741","","","","","","","510-0875","三重県四日市市大治田三丁目6-27","","","","","","","","","","","","","","","9190001014971","","","",""
"有限会社サンシラトリ","6766292931916","","","","","","","421-2301","静岡県静岡市葵区梅ヶ島5341-1","","","","","","","","","","","","","","","2080002002299","","","",""
"三信建設株式会社","6487195741714","","","","","","","102-0071","東京都千代田区富士見二丁目7-18","","","","","","","","","","","","","","","2010001016950","","","",""
"三信鉱工株式会社","4280865890521","","","","","","","449-0213","愛知県北設楽郡東栄町大字振草上粟代宮平3","","","","","","","","","","","","","","","1180301024183","","","",""
"三信採石株式会社","1478857509765","","","","","","","328-0202","栃木県栃木市大久保町737","","","","","","","","","","","","","","","6060001016380","","","",""
"三神砕石販売株式会社","9257622866819","","","","","","","651-1312","兵庫県神戸市北区有野町有野百間樋840-1","","","","","","","","","","","","","","","2140001015023","","","",""
"有限会社三進商事","6035350118587","","","","","","","518-0031","三重県伊賀市長田132","","","","","","","","","","","","","","","1190002012172","","","",""
"有限会社三信実業","7751515686755","","","","","","","301-0847","茨城県龍ケ崎市城ノ内二丁目4-14","","","","","","","","","","","","","","","2050002034493","","","",""
"有限会社ＳＡＮＳＴＯＮＥ","8985104356591","","","","","","","969-1204","福島県本宮市糠沢日向111","","","","","","","","","","","","","","","1380002017037","","","",""
"三成工業株式会社","8443072945326","","","","","","","420-0937","静岡県静岡市葵区唐瀬一丁目2-7","","","","","","","","","","","","","","","9080001001700","","","",""
"株式会社サンセイ砿業","8733848537470","","","","","","","987-0903","宮城県登米市東和町錦織小童子78-5","","","","","","","","","","","","","","","7370401000919","","","",""
"山静工業株式会社","6622105255409","","","","","","","419-0317","静岡県富士宮市内房822-1","","","","","","","","","","","","","","","8080101011451","","","",""
"株式会社三正商事","5810428206123","","","","","","","270-1354","千葉県印西市武西896","","","","","","","","","","","","","","","5040001043650","","","",""
"株式会社サン・ゼオライト","1896089132449","","","","","","","103-0022","東京都中央区日本橋室町四丁目2-12","","","","","","","","","","","","","","","1010001017702","","","",""
"サン・ゼオライト工業株式会社","9523439503703","","","","","","","018-3126","秋田県能代市二ツ井町狐台25","","","","","","","","","","","","","","","2410001007430","","","",""
"三大砕砂株式会社","8649623146856","","","","","","","327-0514","栃木県佐野市仙波町1714","","","","","","","","","","","","","","","5060001020879","","","",""
"株式会社サンテクノ","8478932429670","","","","","","","520-3114","滋賀県湖南市石部口二丁目7-34","","","","","","","","","","","","","","","3160001005756","","","",""
"株式会社サンテック","9677615019498","","","","","","","699-1622","島根県仁多郡奥出雲町下阿井1766-1","","","","","","","","","","","","","","","4280001005628","","","",""
"山電石材株式会社","3619408626519","","","","","","","750-0046","山口県下関市羽山町1-12","","","","","","","","","","","","","","","2250001005491","","","",""
"三東興業株式会社","4378929317211","","","","","","","370-1301","群馬県高崎市新町2764","","","","","","","","","","","","","","","9070001010297","","","",""
"三徳産業有限会社","1967794602234","","","","","","","781-0270","高知県高知市長浜4150-1","","","","","","","","","","","","","","","4490002002272","","","",""
"サンドグラベル株式会社","5243323755703","","","","","","","035-0001","青森県下北郡東通村大字大利浜ノ平1-13","","","","","","","","","","","","","","","6420001012616","","","",""
"サンド工業株式会社","2119654085544","","","","","","","811-5463","長崎県壱岐市芦辺町箱崎中山触2604-62","","","","","","","","","","","","","","","5310001010177","","","",""
"サンド商事株式会社","7007516094735","","","","","","","830-1104","福岡県久留米市北野町大城1118-8","","","","","","","","","","","","","","","5290001048897","","","",""
"三野工業株式会社","8531265656428","","","","","","","503-0893","岐阜県大垣市藤江町二丁目175","","","","","","","","","","","","","","","4200001013654","","","",""
"株式会社三峰産業","9874780163929","","","","","","","847-0861","佐賀県唐津市二タ子三丁目12-99","","","","","","","","","","","","","","","4300001007274","","","",""
"三明建設株式会社","8288282479394","","","","","","","680-1153","鳥取県鳥取市長谷825","","","","","","","","","","","","","","","5270001001131","","","",""
"有限会社サンユウ開発","8040084181682","","","","","","","089-1247","北海道帯広市昭和町基線131-3","","","","","","","","","","","","","","","4460102001417","","","",""
"有限会社山陽運輸","6456313798275","","","","","","","896-0065","鹿児島県いちき串木野市荒川600-1","","","","","","","","","","","","","","","7340002017844","","","",""
"三洋開発商事株式会社","4903986107810","","","","","","","883-0062","宮崎県日向市大字日知屋5552-537","","","","","","","","","","","","","","","9350001006011","","","",""
"三洋建材株式会社","2456565026284","","","","","","","702-8051","岡山県岡山市南区築港元町8-50","","","","","","","","","","","","","","","5260001009638","","","",""
"三陽興業株式会社","9213839767651","","","","","","","610-0113","京都府城陽市中芦原68","","","","","","","","","","","","","","","1130001038397","","","",""
"山陽採石株式会社","4322023740515","","","","","","","679-3112","兵庫県神崎郡神河町鍛治173-4","","","","","","","","","","","","","","","1140001101567","","","",""
"山陽太平洋ライム株式会社","8298169649116","","","","","","","756-0817","山口県山陽小野田市大字小野田二ノ割沖6324-6","","","","","","","","","","","","","","","8250001004587","","","",""
"讃予建材土木株式会社","3783101923268","","","","","","","768-0063","香川県観音寺市三本松町四丁目2-78","","","","","","","","","","","","","","","6470002015522","","","",""
"株式会社サンロック荒川","1943965215598","","","","","","","959-3121","新潟県村上市佐々木大坪1083-4","","","","","","","","","","","","","","","2110001018540","","","",""
"三和建材有限会社","3954013175361","","","","","","","314-0341","茨城県神栖市矢田部493","","","","","","","","","","","","","","","9050002027714","","","",""
"株式会社三和建設","9975969301557","","","","","","","098-1601","北海道紋別郡興部町字興部655","","","","","","","","","","","","","","","5450001009668","","","",""
"有限会社三和砕石","9812953450600","","","","","","","509-4245","岐阜県飛驒市古川町幸栄町1-3","","","","","","","","","","","","","","","2200002026855","","","",""
"株式会社三和住宅","3233603897342","","","","","","","470-0371","愛知県豊田市御船町奥山畑11-7","","","","","","","","","","","","","","","2180301018358","","","",""
"有限会社椎木商事","9590727273847","","","","","","","311-2433","茨城県潮来市堀之内2953-3","","","","","","","","","","","","","","","9050002028497","","","",""
"有限会社ＣＳ","5192791585930","","","","","","","022-0005","岩手県大船渡市日頃市町中宿7","","","","","","","","","","","","","","","7402702000817","","","",""
"有限会社シーエス","8960346217627","","","","","","","501-0561","岐阜県揖斐郡大野町大字牛洞440-1","","","","","","","","","","","","","","","8200002015514","","","",""
"株式会社ＳＨＩＯＳＡＷＡ","9967140147583","","","","","","","389-0514","長野県東御市加沢430-2","","","","","","","","","","","","","","","9100001007406","","","",""
"有限会社塩沢産業","5737327449809","","","","","","","326-0141","栃木県足利市小俣町462-1","","","","","","","","","","","","","","","4060002036355","","","",""
"滋賀鉱産株式会社","8876025160637","","","","","","","521-0314","滋賀県米原市春照200","","","","","","","","","","","","","","","5160001007395","","","",""
"有限会社信楽長石鉱業所","8895173824855","","","","","","","529-1811","滋賀県甲賀市信楽町江田948-6","","","","","","","","","","","","","","","2160002005657","","","",""
"重丸海運有限会社","7202073250147","","","","","","","642-0002","和歌山県海南市日方1294","","","","","","","","","","","","","","","6170002006312","","","",""
"重本建材有限会社","6607791032889","","","","","","","737-0115","広島県呉市広町大広東4025","","","","","","","","","","","","","","","2240002032998","","","",""
"四国鉱発株式会社","4150779238074","","","","","","","781-0112","高知県高知市仁井田4563-1","","","","","","","","","","","","","","","8490001000785","","","",""
"四国砕石株式会社","1310398737015","","","","","","","783-0056","高知県南国市領石235","","","","","","","","","","","","","","","3490001006192","","","",""
"四国資源開発株式会社","7918211636393","","","","","","","760-0065","香川県高松市朝日町五丁目4-102","","","","","","","","","","","","","","","5470001001862","","","",""
"株式会社静岡砕石センター","3602336586343","","","","","","","425-0011","静岡県焼津市小浜193-5","","","","","","","","","","","","","","","8080001015783","","","",""
"雫石砂利工業株式会社","2701853724696","","","","","","","020-0534","岩手県岩手郡雫石町川原22-1","","","","","","","","","","","","","","","5400001003618","","","",""
"静内地区砂利採取協同組合","4054274263397","","","","","","","056-0003","北海道日高郡新ひだか町静内旭町一丁目14-12","","","","","","","","","","","","","","","9430005009266","","","",""
"株式会社志鷹土石","6508378644971","","","","","","","930-1406","富山県中新川郡立山町芦峅寺49","","","","","","","","","","","","","","","3230001006474","","","",""
"志田建設株式会社","7169601104020","","","","","","","999-6848","山形県酒田市竹田猿田21-1","","","","","","","","","","","","","","","1390001006782","","","",""
"有限会社志太興産","5749833158891","","","","","","","421-0215","静岡県焼津市西島345-118","","","","","","","","","","","","","","","3080002016546","","","",""
"信濃建材株式会社","7394214760346","","","","","","","399-3502","長野県下伊那郡大鹿村大字大河原201-1","","","","","","","","","","","","","","","7100001022506","","","",""
"しなの産業株式会社","2857415706420","","","","","","","940-0071","新潟県長岡市表町一丁目3-4","","","","","","","","","","","","","","","3110001022599","","","",""
"信濃石産興業株式会社","9559438978444","","","","","","","385-0006","長野県佐久市志賀2202-1","","","","","","","","","","","","","","","1100001007396","","","",""
"品野陶土株式会社","5822193438167","","","","","","","480-1207","愛知県瀬戸市品野町一丁目126-2","","","","","","","","","","","","","","","7180001078870","","","",""
"芝川石産株式会社","7516302130743","","","","","","","419-0311","静岡県富士宮市上稲子101","","","","","","","","","","","","","","","5080101011512","","","",""
"新発田運輸株式会社","8392667813865","","","","","","","957-0082","新潟県新発田市佐々木1787-4","","","","","","","","","","","","","","","6110001012622","","","",""
"柴田建設株式会社","9544259003487","","","","","","","444-0006","愛知県岡崎市丸山町奥ノ畑41","","","","","","","","","","","","","","","6180301001070","","","",""
"柴田興業株式会社","9218269731774","","","","","","","444-0802","愛知県岡崎市美合町五本松2-1","","","","","","","","","","","","","","","9180301001068","","","",""
"柴田砕石工業株式会社","1180669337942","","","","","","","802-0032","福岡県北九州市小倉北区赤坂三丁目10-27","","","","","","","","","","","","","","","9290801001746","","","",""
"有限会社渋木砂利店","3658010254509","","","","","","","961-0801","福島県白河市豊年68","","","","","","","","","","","","","","","8380002017889","","","",""
"士別砕石工業株式会社","7207216483308","","","","","","","095-0003","北海道士別市東三条北五丁目","","","","","","","","","","","","","","","1450001007601","","","",""
"株式会社島原建設","5422010014484","","","","","","","121-0813","東京都足立区竹の塚一丁目27-4","","","","","","","","","","","","","","","4011801008615","","","",""
"島原南高砂販売業協同組合","1293377776877","","","","","","","859-2412","長崎県南島原市南有馬町乙110-1","","","","","","","","","","","","","","","3310005005282","","","",""
"有限会社島峯砂利店","7953333996245","","","","","","","940-0085","新潟県長岡市草生津一丁目8-23","","","","","","","","","","","","","","","7110002027932","","","",""
"株式会社清水","5138272697049","","","","","","","054-0000","北海道勇払郡むかわ町文京町3-8","","","","","","","","","","","","","","","9430001053078","","","",""
"有限会社清水建設工業","4317155219591","","","","","","","529-0722","滋賀県長浜市西浅井町庄979-1","","","","","","","","","","","","","","","6160002007278","","","",""
"清水石灰工業株式会社","7372814316916","","","","","","","327-0505","栃木県佐野市山菅町3637","","","","","","","","","","","","","","","1060001020882","","","",""
"有限会社清水土木","7023147074793","","","","","","","299-4215","千葉県長生郡白子町中里4413","","","","","","","","","","","","","","","4040002080396","","","",""
"有限会社下舘建材","2493407313882","","","","","","","028-0012","岩手県久慈市新井田第三地割133-3","","","","","","","","","","","","","","","8400002012887","","","",""
"有限会社下閉伊採石","7624564968528","","","","","","","028-8401","岩手県下閉伊郡田野畑村日蔭57-4","","","","","","","","","","","","","","","6400002011189","","","",""
"株式会社下村砂利","5945388595976","","","","","","","099-5171","北海道紋別市渚滑町八丁目19-3","","","","","","","","","","","","","","","1450001009424","","","",""
"株式会社シモヤマ","2270364003764","","","","","","","176-0001","東京都練馬区練馬一丁目25-5 エヌ・ワイコート練馬202号室","","","","","","","","","","","","","","","8010001046892","","","",""
"有限会社下山組","4256571879868","","","","","","","999-6214","山形県最上郡最上町大字若宮893-21","","","","","","","","","","","","","","","5390002011340","","","",""
"砂源開発株式会社","6529485036368","","","","","","","085-0835","北海道釧路市浦見六丁目3-8","","","","","","","","","","","","","","","1460001000844","","","",""
"斜里地区砂利協業組合","2474596456508","","","","","","","099-4118","北海道斜里郡斜里町新光町59-1","","","","","","","","","","","","","","","7460305001533","","","",""
"株式会社秀栄","6545741058186","","","","","","","287-0211","千葉県成田市所1245-3","","","","","","","","","","","","","","","7040001044886","","","",""
"秋東建材株式会社","4093848555942","","","","","","","014-1201","秋田県仙北市田沢湖生保内下堂田164","","","","","","","","","","","","","","","9410001008645","","","",""
"秋芳鉱業株式会社","3268323701879","","","","","","","754-0603","山口県美祢市秋芳町別府10624-1","","","","","","","","","","","","","","","1250001004676","","","",""
"有限会社秋北興業","5100219602129","","","","","","","013-0055","秋田県横手市朝日が丘二丁目16-9","","","","","","","","","","","","","","","1410002013081","","","",""
"株式会社正栄建設","7375428253826","","","","","","","355-0321","埼玉県比企郡小川町大字小川846","","","","","","","","","","","","","","","4030001071975","","","",""
"株式会社ショウエイサンド","6351340523003","","","","","","","812-0024","福岡県福岡市博多区綱場町3-16","","","","","","","","","","","","","","","5290001023941","","","",""
"株式会社庄川砂利","1882416994136","","","","","","","501-5304","岐阜県郡上市高鷲町鮎立2101-1-1","","","","","","","","","","","","","","","7200001026406","","","",""
"庄川水系土石採取事業協同組合","4764782135090","","","","","","","939-1272","富山県高岡市下麻生1437","","","","","","","","","","","","","","","6230005006014","","","",""
"庄川土石工業株式会社","6320867777693","","","","","","","939-1401","富山県砺波市本小林36","","","","","","","","","","","","","","","5230001008262","","","",""
"株式会社勝建","4094274442294","","","","","","","005-0841","北海道札幌市南区石山一条二丁目8-17","","","","","","","","","","","","","","","6430001003762","","","",""
"株式会社勝光山鉱業所","9858979212418","","","","","","","104-0031","東京都中央区京橋三丁目12-7","","","","","","","","","","","","","","","6010001047307","","","",""
"株式会社昭石エンジニアリング","4748092888073","","","","","","","309-1454","茨城県桜川市上城328","","","","","","","","","","","","","","","4050001032281","","","",""
"有限会社翔南産業","2508133928531","","","","","","","054-0052","北海道勇払郡むかわ町大成一丁目37-2","","","","","","","","","","","","","","","7430002058697","","","",""
"生山礦業株式会社","1091917262993","","","","","","","689-5213","鳥取県日野郡日南町丸山340-1","","","","","","","","","","","","","","","6270001003977","","","",""
"昭和建材工業株式会社","6258371900179","","","","","","","061-0216","北海道石狩郡当別町栄町819-5","","","","","","","","","","","","","","","5430001042737","","","",""
"株式会社祥和コーポレーション","4667971877330","","","","","","","327-0813","栃木県佐野市黒袴町1111-1","","","","","","","","","","","","","","","4060001020426","","","",""
"昭和採石工業株式会社","7531050593492","","","","","","","005-0817","北海道札幌市南区川沿十七条二丁目4-66","","","","","","","","","","","","","","","6430001007986","","","",""
"有限会社昭和砂利","1286178473460","","","","","","","434-0015","静岡県浜松市浜名区於呂425-2","","","","","","","","","","","","","","","8080402015028","","","",""
"有限会社昭和石材興業","4209068697637","","","","","","","036-8265","青森県弘前市大字下湯口青柳185-1","","","","","","","","","","","","","","","5420002013399","","","",""
"株式会社白井石材","5291118788100","","","","","","","329-3441","栃木県那須郡那須町大字寄居406","","","","","","","","","","","","","","","4060001011631","","","",""
"白老協和産業株式会社","8656569575740","","","","","","","059-0913","北海道白老郡白老町緑町1041-6","","","","","","","","","","","","","","","4430001053108","","","",""
"株式会社白川マイニング","6339688196343","","","","","","","718-0013","岡山県新見市正田564","","","","","","","","","","","","","","","4260001019167","","","",""
"株式会社城山開発","9597133715988","","","","","","","745-0851","山口県周南市大字徳山一の井手1575","","","","","","","","","","","","","","","1250001008891","","","",""
"有限会社城山土木","6991702317514","","","","","","","905-0503","沖縄県国頭郡伊江村字川平183","","","","","","","","","","","","","","","9360002020035","","","",""
"株式会社新愛興産業","2157917195835","","","","","","","794-2201","愛媛県今治市宮窪町早川1077","","","","","","","","","","","","","","","5500001017153","","","",""
"新岩手砕石株式会社","9724757144188","","","","","","","023-1761","岩手県奥州市江刺伊手口沢1-2","","","","","","","","","","","","","","","9400601001133","","","",""
"有限会社信栄","8195170082568","","","","","","","489-0037","愛知県瀬戸市東古瀬戸町1-9","","","","","","","","","","","","","","","4180002074054","","","",""
"株式会社神栄興業","4395425698167","","","","","","","375-0015","群馬県藤岡市中栗須257-2","","","","","","","","","","","","","","","6070001012445","","","",""
"信栄砕石株式会社","5795653602068","","","","","","","811-0204","福岡県福岡市東区奈多一丁目7-3","","","","","","","","","","","","","","","7290001003231","","","",""
"信栄砕石販売株式会社","1956446760405","","","","","","","811-3125","福岡県古賀市谷山204","","","","","","","","","","","","","","","9290001036345","","","",""
"新越化成株式会社","9403941827694","","","","","","","555-0001","大阪府大阪市西淀川区佃三丁目20-21","","","","","","","","","","","","","","","8120001049802","","","",""
"株式会社信越建商","3086526820773","","","","","","","382-0000","長野県須坂市大字小山2552-3","","","","","","","","","","","","","","","6100001005560","","","",""
"信越建設工業株式会社","1523387280720","","","","","","","959-2624","新潟県胎内市羽黒1323","","","","","","","","","","","","","","","9110001013238","","","",""
"信越興業株式会社","9898201982169","","","","","","","954-0156","新潟県長岡市長呂97-1","","","","","","","","","","","","","","","5110001022564","","","",""
"深海資源開発株式会社","3977728594812","","","","","","","103-0012","東京都中央区日本橋堀留町二丁目3-5","","","","","","","","","","","","","","","4010001083840","","","",""
"有限会社新九州","1713806501571","","","","","","","879-2461","大分県津久見市大字上青江3375-10","","","","","","","","","","","","","","","9320202000617","","","",""
"新共栄鉱業株式会社","8373844207742","","","","","","","112-0002","東京都文京区小石川一丁目1-1","","","","","","","","","","","","","","","2010401082997","","","",""
"株式会社新憲産業","2588476600582","","","","","","","669-3611","兵庫県丹波市氷上町柿柴252-1","","","","","","","","","","","","","","","1140001041111","","","",""
"シンコ株式会社","9388879887659","","","","","","","910-1211","福井県吉田郡永平寺町法寺岡8-14-1","","","","","","","","","","","","","","","7210001001498","","","",""
"株式会社信江","8449848689343","","","","","","","940-0091","新潟県長岡市松葉一丁目1-20","","","","","","","","","","","","","","","6110001022654","","","",""
"新鉱工業株式会社","3440033400958","","","","","","","169-0074","東京都新宿区北新宿三丁目31-14","","","","","","","","","","","","","","","3011101046853","","","",""
"株式会社真興産業","5485122096347","","","","","","","850-0055","長崎県長崎市中町4-28 EBINSNAKAMACHI1F","","","","","","","","","","","","","","","1310001000743","","","",""
"新興砂利株式会社","1533674479039","","","","","","","027-0083","岩手県宮古市大通三丁目4-19","","","","","","","","","","","","","","","3400001006894","","","",""
"株式会社シンシア","7188843628785","","","","","","","333-0801","埼玉県川口市東川口一丁目5-44","","","","","","","","","","","","","","","8030001050554","","","",""
"信州鉄平石株式会社","2811059416795","","","","","","","384-2204","長野県佐久市協和3450-7","","","","","","","","","","","","","","","4100001007402","","","",""
"信州ユニメント株式会社","6758886148918","","","","","","","399-6101","長野県木曽郡木曽町日義2999-3","","","","","","","","","","","","","","","7100001031135","","","",""
"新進開発株式会社","6155864811316","","","","","","","944-0113","新潟県上越市板倉区別所865","","","","","","","","","","","","","","","8110001019979","","","",""
"新宿産業株式会社","5608950573166","","","","","","","311-4407","茨城県東茨城郡城里町大字徳蔵261","","","","","","","","","","","","","","","3011101009827","","","",""
"株式会社新庄砕石工業所","8614545928187","","","","","","","996-0091","山形県新庄市十日町1574-3","","","","","","","","","","","","","","","4390001008883","","","",""
"新成建材株式会社","8411396258073","","","","","","","719-1144","岡山県総社市富原1299-1","","","","","","","","","","","","","","","6260001015924","","","",""
"新生工業株式会社","3493069127133","","","","","","","409-2102","山梨県南巨摩郡南部町福士24650","","","","","","","","","","","","","","","6090001012261","","","",""
"新生興産株式会社","5484165694534","","","","","","","963-8861","福島県郡山市鶴見坦一丁目5-1","","","","","","","","","","","","","","","7380001015283","","","",""
"新地鉱産株式会社","2080436595746","","","","","","","979-2611","福島県相馬郡新地町駒ケ嶺大沢北1","","","","","","","","","","","","","","","4380001016086","","","",""
"株式会社新出組","1674915125952","","","","","","","928-0001","石川県輪島市河井町21 部64番地2","","","","","","","","","","","","","","","4220001016523","","","",""
"新東北化学工業株式会社","4159627432717","","","","","","","980-0011","宮城県仙台市青葉区上杉一丁目4-10 庄建上杉ビル6F","","","","","","","","","","","","","","","1370001008401","","","",""
"進藤建材株式会社","3827543661596","","","","","","","675-1367","兵庫県小野市敷地町830-2","","","","","","","","","","","","","","","5140001100937","","","",""
"宍南商事有限会社","3293203039208","","","","","","","699-0406","島根県松江市宍道町佐々布868-50","","","","","","","","","","","","","","","5280002003126","","","",""
"新日本シラス有限会社","1261200169774","","","","","","","891-2114","鹿児島県垂水市新城5483","","","","","","","","","","","","","","","5340002025642","","","",""
"進路砕石工業株式会社","6812871398610","","","","","","","671-2132","兵庫県姫路市夢前町古瀬畑東山336","","","","","","","","","","","","","","","4140001062393","","","",""
"親和株式会社","6680330835162","","","","","","","507-0035","岐阜県多治見市栄町一丁目6-1","","","","","","","","","","","","","","","5200001020690","","","",""
"シンワ開発株式会社","8527790448011","","","","","","","292-0207","千葉県木更津市田川1226","","","","","","","","","","","","","","","7040001052435","","","",""
"新和産業有限会社","5572976281735","","","","","","","787-0559","高知県土佐清水市下川口959-1","","","","","","","","","","","","","","","2490002009237","","","",""
"ＪＸ金属株式会社","2172846277314","","","","","","","105-0001","東京都港区虎ノ門二丁目10-4","","","","","","","","","","","","","","","2010001133878","","","",""
"ＪＦＥミネラル株式会社","6672457400167","","","","","","","105-0014","東京都港区芝三丁目8-2 住友不動産芝公園ファーストビル","","","","","","","","","","","","","","","3010401063179","","","",""
"有限会社ジオ・サイクル","1587988181464","","","","","","","968-0433","福島県南会津郡只見町大字福井下ノ原267","","","","","","","","","","","","","","","1380002035740","","","",""
"ジークライト株式会社","5063057418406","","","","","","","992-1331","山形県米沢市大字板谷315","","","","","","","","","","","","","","","3390001009899","","","",""
"株式会社ジスキー","6836945829736","","","","","","","084-0907","北海道釧路市鳥取北四丁目3-9","","","","","","","","","","","","","","","2460001004464","","","",""
"有限会社ジャパン・アーク","5022265356019","","","","","","","900-0006","沖縄県那覇市おもろまち四丁目6-17 おもろパークテラス4B","","","","","","","","","","","","","","","2360002002056","","","",""
"株式会社ジャパンイノベーションズ","7013187908007","","","","","","","106-0045","東京都港区麻布十番一丁目5-4","","","","","","","","","","","","","","","4010401097192","","","",""
"ジャパン・ゼネラル株式会社","7893185354135","","","","","","","100-0006","東京都千代田区有楽町二丁目7-1","","","","","","","","","","","","","","","9010001124929","","","",""
"株式会社砂利工業","4385487801625","","","","","","","088-2304","北海道川上郡標茶町平和七丁目8","","","","","","","","","","","","","","","4460001003191","","","",""
"株式会社砂利プラント","4137297811771","","","","","","","923-1276","石川県能美郡川北町字橘ケ8","","","","","","","","","","","","","","","1220001011527","","","",""
"株式会社上越商会","4013313260430","","","","","","","943-0821","新潟県上越市大字土橋1012","","","","","","","","","","","","","","","6110001019072","","","",""
"常越土建株式会社","6002766879248","","","","","","","939-8032","富山県富山市流杉58","","","","","","","","","","","","","","","9230001001255","","","",""
"常願寺川土石販売協同組合","1990239381727","","","","","","","939-3543","富山県富山市水橋常願寺452 先","","","","","","","","","","","","","","","9230005000600","","","",""
"常願寺川南部土石販売協同組合","2159631042300","","","","","","","930-1312","富山県富山市上滝10","","","","","","","","","","","","","","","9230005002555","","","",""
"有限会社城倉建材","2000879257628","","","","","","","399-4301","長野県上伊那郡宮田村3068","","","","","","","","","","","","","","","6100002034121","","","",""
"有限会社常商","3767897862618","","","","","","","311-2113","茨城県鉾田市上幡木1307-1","","","","","","","","","","","","","","","9050002029487","","","",""
"上信工業有限会社","2587599884750","","","","","","","377-1524","群馬県吾妻郡嬬恋村大字鎌原697","","","","","","","","","","","","","","","5070002036510","","","",""
"城東産業株式会社","4145488780379","","","","","","","125-0032","東京都葛飾区水元三丁目1-10","","","","","","","","","","","","","","","3011801002206","","","",""
"株式会社城南工建","3682290303953","","","","","","","610-0113","京都府城陽市中芦原27-1","","","","","","","","","","","","","","","7130001038433","","","",""
"株式会社上武","2406973611952","","","","","","","369-1601","埼玉県秩父郡皆野町大字金沢3085-1","","","","","","","","","","","","","","","8030001091177","","","",""
"城陽石産株式会社","9606235147502","","","","","","","610-0121","京都府城陽市寺田大谷141-1","","","","","","","","","","","","","","","5130001038435","","","",""
"株式会社ＪＩＮＫＡＮＥ","2064129805075","","","","","","","981-0123","宮城県宮城郡利府町沢乙大沢東53-2","","","","","","","","","","","","","","","2370601002959","","","",""
"神石砕石株式会社","3651907251827","","","","","","","720-1812","広島県神石郡神石高原町油木乙2020","","","","","","","","","","","","","","","9240001033966","","","",""
"有限会社末沢石材店","7870939932820","","","","","","","762-0012","香川県坂出市林田町滝新開4265-21","","","","","","","","","","","","","","","7470002015018","","","",""
"有限会社末永石材工業","5530472503249","","","","","","","979-1751","福島県双葉郡浪江町大字赤宇木手七郎127-4","","","","","","","","","","","","","","","6380002030118","","","",""
"スエヒロ物産株式会社","4008864619864","","","","","","","700-0952","岡山県岡山市北区平田102-108","","","","","","","","","","","","","","","7260001003515","","","",""
"株式会社末松商店","7996357567107","","","","","","","806-0003","福岡県北九州市八幡西区田町二丁目5-33","","","","","","","","","","","","","","","6290801010122","","","",""
"有限会社菅井産興","1910457450735","","","","","","","950-3313","新潟県新潟市北区太田甲5834-1","","","","","","","","","","","","","","","6110002010699","","","",""
"有限会社菅井砂利店","5098555285479","","","","","","","982-0816","宮城県仙台市太白区山田本町1-20","","","","","","","","","","","","","","","4370002003167","","","",""
"有限会社菅沼興業","3770880401291","","","","","","","623-0351","京都府綾部市篠田町八反堂22","","","","","","","","","","","","","","","5130002033385","","","",""
"株式会社スガワラ産業","5817402090157","","","","","","","055-0004","北海道沙流郡日高町富川東五丁目19-10","","","","","","","","","","","","","","","9430001055693","","","",""
"菅原商事有限会社","6751271746043","","","","","","","244-0804","神奈川県横浜市戸塚区前田町35","","","","","","","","","","","","","","","4020002012079","","","",""
"有限会社菅原石材興業","1861349356585","","","","","","","794-2201","愛媛県今治市宮窪町早川487","","","","","","","","","","","","","","","5500002020346","","","",""
"杉﨑建材有限会社","2595431138362","","","","","","","250-0001","神奈川県小田原市扇町一丁目22-5","","","","","","","","","","","","","","","9021002052143","","","",""
"有限会社スギタ","7348963323190","","","","","","","438-0808","静岡県磐田市豊田845-4","","","","","","","","","","","","","","","1080402020174","","","",""
"杉田珪石株式会社","7497830998150","","","","","","","444-3334","愛知県岡崎市生平町上屋敷48","","","","","","","","","","","","","","","1180301001133","","","",""
"株式会社杉原建材","7605392548923","","","","","","","729-0105","広島県福山市南松永町二丁目12-35","","","","","","","","","","","","","","","7240001031022","","","",""
"有限会社杉町産業","6653554797782","","","","","","","851-3101","長崎県長崎市西海町1733-23","","","","","","","","","","","","","","","6310002008401","","","",""
"有限会社スクリーン開発","2637002147142","","","","","","","285-0922","千葉県印旛郡酒々井町中央台一丁目25-3","","","","","","","","","","","","","","","2040002065192","","","",""
"須崎鉱発株式会社","8711146260763","","","","","","","785-0052","高知県須崎市押岡123","","","","","","","","","","","","","","","7490001005785","","","",""
"株式会社須崎砂利","4800853530439","","","","","","","785-0002","高知県須崎市港町2-12","","","","","","","","","","","","","","","9490001005775","","","",""
"須坂商事有限会社","2043136873830","","","","","","","381-0211","長野県上高井郡小布施町大字雁田1293","","","","","","","","","","","","","","","7100002008958","","","",""
"株式会社鈴江組","8436985909760","","","","","","","770-0944","徳島県徳島市南昭和町一丁目46-1","","","","","","","","","","","","","","","8480001001207","","","",""
"株式会社鈴桜","3018242609574","","","","","","","321-1271","栃木県日光市並木町6-6","","","","","","","","","","","","","","","8060001022212","","","",""
"鈴木貴金属化工株式会社","7696709201014","","","","","","","332-0001","埼玉県川口市朝日四丁目21-52","","","","","","","","","","","","","","","5030001075562","","","",""
"鈴木建材有限会社","7847259839940","","","","","","","515-0204","三重県松阪市櫛田町771","","","","","","","","","","","","","","","6190002013975","","","",""
"鈴木建材株式会社","7079446910258","","","","","","","300-4417","茨城県桜川市真壁町飯塚24","","","","","","","","","","","","","","","5050001031753","","","",""
"有限会社鈴木建材","8708930239376","","","","","","","329-1575","栃木県矢板市大槻264-11","","","","","","","","","","","","","","","5060002027056","","","",""
"株式会社スズキケンセツ","1808806189944","","","","","","","573-0112","大阪府枚方市大字尊延寺4580-7","","","","","","","","","","","","","","","7120001149850","","","",""
"有限会社鈴木興業","7390393747799","","","","","","","994-0074","山形県天童市大字藤内新田63","","","","","","","","","","","","","","","2390002005519","","","",""
"株式会社鈴木砂利","7480562478057","","","","","","","961-0943","福島県白河市金屋町63","","","","","","","","","","","","","","","3380001010271","","","",""
"株式会社鈴木石材","1501890657774","","","","","","","144-0044","東京都大田区本羽田三丁目6-11","","","","","","","","","","","","","","","8180301020440","","","",""
"有限会社鈴木石材工業","4002071882458","","","","","","","320-0065","栃木県宇都宮市駒生町1296-17","","","","","","","","","","","","","","","8060002004952","","","",""
"有限会社鈴木石材店","4623193898243","","","","","","","329-3212","栃木県那須郡那須町大字富岡西大久保1085-317","","","","","","","","","","","","","","","3060002023081","","","",""
"株式会社鈴幸商店","5340921243964","","","","","","","983-0005","宮城県仙台市宮城野区福室一丁目4-46","","","","","","","","","","","","","","","1370001005340","","","",""
"株式会社寿都砕石","1478727038184","","","","","","","048-0402","北海道寿都郡寿都町字矢追町595-2","","","","","","","","","","","","","","","2440002010034","","","",""
"須藤建材株式会社","8979059822955","","","","","","","327-0103","栃木県佐野市石塚町2609","","","","","","","","","","","","","","","6060001021364","","","",""
"有限会社砂永建材","9488658801667","","","","","","","355-0008","埼玉県東松山市大字大谷4460-1","","","","","","","","","","","","","","","4030002095965","","","",""
"株式会社砂川組","5508828762385","","","","","","","737-1377","広島県呉市倉橋町1806-4","","","","","","","","","","","","","","","9240001026838","","","",""
"炭平興産株式会社","5238285176983","","","","","","","381-0025","長野県長野市大字北長池1667","","","","","","","","","","","","","","","5100001005165","","","",""
"住若海運株式会社","6380643414509","","","","","","","771-0219","徳島県板野郡松茂町笹木野八山開拓36-10","","","","","","","","","","","","","","","4480001005681","","","",""
"スリーアールサープラス株式会社","7515348719494","","","","","","","444-0075","愛知県岡崎市伊賀町三丁目23-4","","","","","","","","","","","","","","","8180002063111","","","",""
"株式会社スリーナイン","9459428966351","","","","","","","408-0318","山梨県北杜市白州町上教来石1161","","","","","","","","","","","","","","","9090001011120","","","",""
"駿河開発株式会社","7817239832116","","","","","","","419-0103","静岡県田方郡函南町軽井沢213","","","","","","","","","","","","","","","4080101006967","","","",""
"駿遠開発事業株式会社","9336160832914","","","","","","","421-0215","静岡県焼津市西島345-118","","","","","","","","","","","","","","","2080001015517","","","",""
"世紀興業株式会社","7359803109266","","","","","","","552-0013","大阪府大阪市港区福崎一丁目3-65","","","","","","","","","","","","","","","1120001029182","","","",""
"成研株式会社","8785728016520","","","","","","","507-0058","岐阜県多治見市平井町二丁目116-9","","","","","","","","","","","","","","","8200001022123","","","",""
"成建運輸株式会社","6392555232173","","","","","","","939-1341","富山県砺波市高波1511-1","","","","","","","","","","","","","","","5230001008287","","","",""
"株式会社正光","8611144640945","","","","","","","639-2251","奈良県御所市大字戸毛1001","","","","","","","","","","","","","","","3150001013900","","","",""
"静甲工業株式会社","7949116209265","","","","","","","419-0315","静岡県富士宮市長貫699-1","","","","","","","","","","","","","","","3080101011547","","","",""
"株式会社西湘鉱産","4582449528667","","","","","","","259-0141","神奈川県足柄上郡中井町遠藤453","","","","","","","","","","","","","","","3021001034445","","","",""
"株式会社精土","8755141429509","","","","","","","529-1811","滋賀県甲賀市信楽町江田947-1","","","","","","","","","","","","","","","9160001005577","","","",""
"西南運送合資会社","1230394660625","","","","","","","787-0330","高知県土佐清水市清水ヶ丘27-8","","","","","","","","","","","","","","","9490003000444","","","",""
"西南システム株式会社","4707642218022","","","","","","","111-0053","東京都台東区浅草橋二丁目7-1","","","","","","","","","","","","","","","2010501025765","","","",""
"株式会社セイナン・ワークス","8210026828272","","","","","","","557-0021","大阪府大阪市西成区北開二丁目2-22","","","","","","","","","","","","","","","1120001194407","","","",""
"清野砂利採取株式会社","6775895096322","","","","","","","959-2225","新潟県阿賀野市嶋瀬636","","","","","","","","","","","","","","","3110001011437","","","",""
"西部開発株式会社","9732427205890","","","","","","","620-0004","京都府福知山市字川北8-1","","","","","","","","","","","","","","","6130001041116","","","",""
"西部興運株式会社","4744136661677","","","","","","","431-3104","静岡県浜松市中央区貴平町沖ノ宮465-1","","","","","","","","","","","","","","","6080401002680","","","",""
"有限会社西鵡産業","1620134543985","","","","","","","059-1742","北海道勇払郡厚真町字浜厚真182","","","","","","","","","","","","","","","2430002059007","","","",""
"株式会社西部砂利","8133199509568","","","","","","","736-0084","広島県広島市安芸区矢野新町二丁目19","","","","","","","","","","","","","","","4240001005400","","","",""
"清和興業株式会社","3555032346065","","","","","","","323-0105","栃木県下野市本吉田238","","","","","","","","","","","","","","","9060001016114","","","",""
"有限会社石材商太元屋","3075027876807","","","","","","","761-0121","香川県高松市牟礼町牟礼3720-360","","","","","","","","","","","","","","","4470002000344","","","",""
"有限会社石東開発工事","3423830566304","","","","","","","694-0052","島根県大田市久手町刺鹿514-4","","","","","","","","","","","","","","","6280002007662","","","",""
"株式会社関根商店","8544865012533","","","","","","","338-0011","埼玉県さいたま市中央区新中里二丁目17-1","","","","","","","","","","","","","","","5030001004629","","","",""
"有限会社関根孝次商店","6475579393511","","","","","","","338-0011","埼玉県さいたま市中央区新中里三丁目6-1","","","","","","","","","","","","","","","7030002007736","","","",""
"関の山鉱山株式会社","7459383313761","","","","","","","825-0000","福岡県田川市大字3826","","","","","","","","","","","","","","","8290801016720","","","",""
"石鈴産業株式会社","2209037394181","","","","","","","513-0021","三重県鈴鹿市甲斐町81-1","","","","","","","","","","","","","","","2190001005135","","","",""
"勢田土石株式会社","4085319279352","","","","","","","932-0121","富山県小矢部市矢水町337","","","","","","","","","","","","","","","5230001009095","","","",""
"有限会社瀬戸内工芸","2176384943467","","","","","","","761-0121","香川県高松市牟礼町牟礼2899-7","","","","","","","","","","","","","","","2470002000461","","","",""
"有限会社セブン工業","1954316482257","","","","","","","932-0062","富山県小矢部市安楽寺670-2","","","","","","","","","","","","","","","5230002009994","","","",""
"世羅生コン販賣株式会社","8236548820748","","","","","","","722-1115","広島県世羅郡世羅町大字西神崎866","","","","","","","","","","","","","","","2240001039029","","","",""
"セリタ建設株式会社","6286637537173","","","","","","","838-0024","福岡県朝倉市牛鶴534","","","","","","","","","","","","","","","6290001044094","","","",""
"仙建砕石株式会社","6236487749192","","","","","","","989-2431","宮城県岩沼市相の原一丁目4-21","","","","","","","","","","","","","","","3370801000398","","","",""
"有限会社千秋恒産","4526203271609","","","","","","","014-0301","秋田県仙北市角館町広久内前川原70-1","","","","","","","","","","","","","","","2410002012611","","","",""
"株式会社センショウ","8252018098149","","","","","","","893-1614","鹿児島県肝属郡東串良町新川西4965","","","","","","","","","","","","","","","7340002025748","","","",""
"千珠興業株式会社","6211915482280","","","","","","","503-0025","岐阜県大垣市見取町三丁目9","","","","","","","","","","","","","","","4200001013786","","","",""
"釧石運輸株式会社","6098618082553","","","","","","","084-0910","北海道釧路市昭和中央一丁目36-30","","","","","","","","","","","","","","","6460001000889","","","",""
"川内川砂利生産協業組合","1416988805576","","","","","","","899-1924","鹿児島県薩摩川内市港町360-38","","","","","","","","","","","","","","","8340005003436","","","",""
"セントラル興産株式会社","6016944825351","","","","","","","489-0922","愛知県瀬戸市市場町40","","","","","","","","","","","","","","","4180001078931","","","",""
"有限会社仙北砕石","4364479236014","","","","","","","019-1611","秋田県大仙市太田町斉内高田23","","","","","","","","","","","","","","","9410002011565","","","",""
"仙和興産有限会社","4929421962432","","","","","","","879-2683","大分県津久見市大字四浦1539","","","","","","","","","","","","","","","5320202000637","","","",""
"相互砕石株式会社","2589396795232","","","","","","","992-0011","山形県米沢市中田町1001-6","","","","","","","","","","","","","","","4390001009948","","","",""
"有限会社相互商事","2617428018155","","","","","","","680-0941","鳥取県鳥取市湖山町北三丁目468","","","","","","","","","","","","","","","3270002001207","","","",""
"株式会社想石","3130982485736","","","","","","","309-1635","茨城県笠間市稲田4260-1","","","","","","","","","","","","","","","2050001015230","","","",""
"五月女鉱業株式会社","9305017021151","","","","","","","309-1347","茨城県桜川市富谷2216","","","","","","","","","","","","","","","1050002044097","","","",""
"総武石材鉱業株式会社","5496217203509","","","","","","","311-4314","茨城県東茨城郡城里町大字下古内1292","","","","","","","","","","","","","","","2050001003029","","","",""
"相馬鉱業株式会社","5422333726041","","","","","","","292-0822","千葉県木更津市桜井560-71","","","","","","","","","","","","","","","9040001050684","","","",""
"株式会社創和開発","8018971299705","","","","","","","939-1357","富山県砺波市小杉58","","","","","","","","","","","","","","","7230001008236","","","",""
"ソウワ工産株式会社","9064485539687","","","","","","","870-0943","大分県大分市大字片島2256-1","","","","","","","","","","","","","","","9320001001535","","","",""
"相和物産株式会社","6021570720396","","","","","","","039-3215","青森県上北郡六ヶ所村大字倉内笹崎1050-1","","","","","","","","","","","","","","","4420001011776","","","",""
"有限会社曽田商店","2275430751003","","","","","","","819-0041","福岡県福岡市西区拾六町三丁目19-20","","","","","","","","","","","","","","","6290002000600","","","",""
"株式会社曽根組","1979102624884","","","","","","","455-0821","愛知県名古屋市港区高木町四丁目2-2","","","","","","","","","","","","","","","6180001006667","","","",""
"空久保石材有限会社","8068889426038","","","","","","","737-2312","広島県江田島市沖美町畑1248-2","","","","","","","","","","","","","","","9240002035838","","","",""
"大樹建設工業株式会社","8384211210791","","","","","","","089-2146","北海道広尾郡大樹町寿通二丁目18","","","","","","","","","","","","","","","6460101003404","","","",""
"タイキ工業株式会社","9613596206149","","","","","","","080-0011","北海道帯広市西一条南二十九丁目17-1 レオパレスTAIKI-I-111号","","","","","","","","","","","","","","","5460101001425","","","",""
"タイキ興産株式会社","8171688993227","","","","","","","080-0011","北海道帯広市西一条南二十九丁目17-1 レオパレスTAIKI-I-111号","","","","","","","","","","","","","","","4460101001426","","","",""
"株式会社大鉱","9363214971571","","","","","","","901-0352","沖縄県糸満市字山城611","","","","","","","","","","","","","","","6360002018718","","","",""
"有限会社大進鉱業","3184988014947","","","","","","","901-3806","沖縄県島尻郡南大東村字池之沢269","","","","","","","","","","","","","","","3360002002591","","","",""
"合資会社大誠組","5137365263793","","","","","","","509-0144","岐阜県各務原市鵜沼大伊木町六丁目269","","","","","","","","","","","","","","","2200003001072","","","",""
"大清工業株式会社","9586289793995","","","","","","","437-1604","静岡県御前崎市佐倉4065","","","","","","","","","","","","","","","3080401015041","","","",""
"大成鉱山工業株式会社","4969443025118","","","","","","","320-0035","栃木県宇都宮市伝馬町3-9","","","","","","","","","","","","","","","5060001002571","","","",""
"大成産業株式会社","1271799017482","","","","","","","882-0852","宮崎県延岡市東浜砂町39","","","","","","","","","","","","","","","3350001006859","","","",""
"大成ライン株式会社","4791529934625","","","","","","","559-0011","大阪府大阪市住之江区北加賀屋二丁目7-16","","","","","","","","","","","","","","","9120001172223","","","",""
"タイセイ緑地株式会社","5982672842893","","","","","","","879-7501","大分県大分市大字竹中6-2","","","","","","","","","","","","","","","4320001011621","","","",""
"太平海運株式会社","4282881320982","","","","","","","794-0035","愛媛県今治市枝堀町二丁目2-3","","","","","","","","","","","","","","","1500001011853","","","",""
"大平砂利株式会社","1439985873692","","","","","","","432-8011","静岡県浜松市中央区城北二丁目9-29","","","","","","","","","","","","","","","8080401010343","","","",""
"有限会社大北開発","7844656194377","","","","","","","398-0001","長野県大町市平8000-51","","","","","","","","","","","","","","","6100002027232","","","",""
"株式会社タイユ","2300772657310","","","","","","","974-8261","福島県いわき市植田町根小屋41-4","","","","","","","","","","","","","","","6380001013271","","","",""
"株式会社太陽","2083703491667","","","","","","","869-3205","熊本県宇城市三角町波多1500-2","","","","","","","","","","","","","","","4330001013253","","","",""
"株式会社太陽","5414880578845","","","","","","","986-0313","宮城県石巻市桃生町中津山下四軒51-1","","","","","","","","","","","","","","","4370301002869","","","",""
"株式会社太陽興産","1915546058868","","","","","","","883-0101","宮崎県日向市東郷町山陰乙28-1","","","","","","","","","","","","","","","6350002011277","","","",""
"太陽産業株式会社","1013596547507","","","","","","","756-0010","山口県山陽小野田市新有帆町19-1","","","","","","","","","","","","","","","5250001003848","","","",""
"大和砕石産業株式会社","3838381772178","","","","","","","322-0605","栃木県栃木市西方町真名子2589-1","","","","","","","","","","","","","","","9060001027508","","","",""
"高井生コン砂利株式会社","1092876089164","","","","","","","431-3105","静岡県浜松市中央区笠井新田町135","","","","","","","","","","","","","","","2080401002998","","","",""
"高岡石産株式会社","1286529946408","","","","","","","939-1113","富山県高岡市戸出石代80","","","","","","","","","","","","","","","2230001010428","","","",""
"株式会社高尾商事","2527792790527","","","","","","","125-0054","東京都葛飾区高砂三丁目13-10","","","","","","","","","","","","","","","2011801002784","","","",""
"高木興業株式会社","7645703887064","","","","","","","889-4602","宮崎県都城市山田町中霧島4534-1","","","","","","","","","","","","","","","8350001013751","","","",""
"株式会社高建","1826383423614","","","","","","","959-3405","新潟県村上市里本庄43-3","","","","","","","","","","","","","","","3110001018151","","","",""
"高﨑産業株式会社","5984174168331","","","","","","","197-0012","東京都福生市加美平三丁目21-1","","","","","","","","","","","","","","","3013101000220","","","",""
"株式会社高瀬建材","7553665747146","","","","","","","399-8501","長野県北安曇郡松川村中川原7627-1","","","","","","","","","","","","","","","1100001017296","","","",""
"高瀬石材株式会社","6943651692206","","","","","","","794-2203","愛媛県今治市宮窪町宮窪5228","","","","","","","","","","","","","","","8500002020351","","","",""
"株式会社タカダ","2845449274998","","","","","","","912-0016","福井県大野市友江12-23-3","","","","","","","","","","","","","","","2210001009827","","","",""
"高田土石工業株式会社","4178145190530","","","","","","","939-1274","富山県高岡市上麻生1202","","","","","","","","","","","","","","","3230001010352","","","",""
"高壇砕石工業株式会社","1275280886669","","","","","","","996-0212","山形県最上郡大蔵村大字清水5506-1","","","","","","","","","","","","","","","4390001008603","","","",""
"有限会社高塚建材","9040685017708","","","","","","","289-0103","千葉県成田市高648-1","","","","","","","","","","","","","","","2040002059806","","","",""
"株式会社高月組","7451687794738","","","","","","","726-0013","広島県府中市高木町1549-1","","","","","","","","","","","","","","","1240001034311","","","",""
"高梨重機工業株式会社","5082821605986","","","","","","","049-5603","北海道虻田郡洞爺湖町入江35-16","","","","","","","","","","","","","","","7430001056446","","","",""
"株式会社高野組","8169942203537","","","","","","","869-4202","熊本県八代市鏡町内田1501","","","","","","","","","","","","","","","2330001013866","","","",""
"高野商事株式会社","5801675901268","","","","","","","314-0254","茨城県神栖市太田宝山3485-1","","","","","","","","","","","","","","","5050001022562","","","",""
"有限会社たかのす鉱業","6703441838454","","","","","","","018-3333","秋田県北秋田市坊沢善千鳥坂86","","","","","","","","","","","","","","","5410002009431","","","",""
"有限会社鷹巣砂利採集所","7004214437557","","","","","","","018-3504","秋田県大館市長坂坂地家後74","","","","","","","","","","","","","","","8410002008918","","","",""
"有限会社高野土石","4764502538252","","","","","","","938-0013","富山県黒部市沓掛4356","","","","","","","","","","","","","","","1230002007671","","","",""
"有限会社高橋建材","9283704947058","","","","","","","028-1302","岩手県下閉伊郡山田町豊間根第二地割36-1","","","","","","","","","","","","","","","6400002010711","","","",""
"高橋建設株式会社","9430387249411","","","","","","","024-0093","岩手県北上市本石町二丁目4-20","","","","","","","","","","","","","","","4400001006142","","","",""
"高橋建設株式会社","3733958914880","","","","","","","028-7302","岩手県八幡平市松尾寄木第十五地割151","","","","","","","","","","","","","","","6400001004144","","","",""
"有限会社高橋佑知商店","3573254623752","","","","","","","321-0345","栃木県宇都宮市大谷町350","","","","","","","","","","","","","","","8060002005430","","","",""
"高見沢砕石株式会社","6364034716872","","","","","","","386-0603","長野県小県郡長和町古町4006-1","","","","","","","","","","","","","","","5100001011056","","","",""
"高山建設株式会社","8404086541674","","","","","","","085-0212","北海道釧路市阿寒町旭町一丁目6-10","","","","","","","","","","","","","","","4460001000957","","","",""
"宝産業株式会社","5468520198499","","","","","","","370-3607","群馬県北群馬郡吉岡町大字小倉827-119","","","","","","","","","","","","","","","8070001017772","","","",""
"宝砂利株式会社","6240312477259","","","","","","","947-0003","新潟県小千谷市大字薭生乙911","","","","","","","","","","","","","","","5110001025419","","","",""
"宝塚砕石株式会社","8080469744293","","","","","","","669-1141","兵庫県西宮市塩瀬町名塩4995","","","","","","","","","","","","","","","5140001071798","","","",""
"有限会社田上建設","2513086245388","","","","","","","779-1243","徳島県阿南市那賀川町上福井南川渕226-3","","","","","","","","","","","","","","","7480002013243","","","",""
"有限会社田川砕石","5709780678742","","","","","","","859-0115","長崎県諫早市高来町西尾8","","","","","","","","","","","","","","","9310002015865","","","",""
"有限会社田川商事","7416613574892","","","","","","","859-0115","長崎県諫早市高来町西尾8","","","","","","","","","","","","","","","9310002015873","","","",""
"田川砂利工業株式会社","1900906797105","","","","","","","997-0813","山形県鶴岡市千石町11-28","","","","","","","","","","","","","","","7390001007668","","","",""
"滝建材株式会社","3529017520518","","","","","","","676-0072","兵庫県高砂市伊保港町二丁目8-10","","","","","","","","","","","","","","","9140001044057","","","",""
"滝田建材株式会社","2793519831662","","","","","","","400-0073","山梨県甲府市湯村一丁目9-37","","","","","","","","","","","","","","","6090001001322","","","",""
"株式会社滝の丸鉱山","6675268354783","","","","","","","718-0301","岡山県新見市哲多町宮河内899-1","","","","","","","","","","","","","","","4260001019282","","","",""
"株式会社拓進リサイクル","6813179832179","","","","","","","417-0000","静岡県富士市大淵2358-2","","","","","","","","","","","","","","","4080101010663","","","",""
"詫磨商事有限会社","5285464169335","","","","","","","870-0022","大分県大分市大手町一丁目2-1","","","","","","","","","","","","","","","7320002004349","","","",""
"田口建材工業株式会社","1238601120749","","","","","","","399-5504","長野県木曽郡大桑村大字野尻1077","","","","","","","","","","","","","","","8100001017876","","","",""
"有限会社竹井産業","2457022231989","","","","","","","899-7104","鹿児島県志布志市志布志町安楽2611-2","","","","","","","","","","","","","","","3340002027855","","","",""
"株式会社岳石デライト","6337309430416","","","","","","","259-1306","神奈川県秦野市戸川32-1","","","","","","","","","","","","","","","2021001023052","","","",""
"株式会社たけうち","3480111514705","","","","","","","719-1142","岡山県総社市秦328","","","","","","","","","","","","","","","6260001015965","","","",""
"有限会社竹内建設","8642028533743","","","","","","","066-0026","北海道千歳市住吉四丁目8-19","","","","","","","","","","","","","","","2430002047820","","","",""
"株式会社竹﨑興業","3595240164920","","","","","","","781-6402","高知県安芸郡奈半利町乙415","","","","","","","","","","","","","","","1490001007028","","","",""
"有限会社竹下工材","1363625366044","","","","","","","699-2215","島根県大田市富山町才坂659","","","","","","","","","","","","","","","1280002007691","","","",""
"有限会社竹島産業","5764528697752","","","","","","","847-0821","佐賀県唐津市町田三丁目13-8","","","","","","","","","","","","","","","5300002010441","","","",""
"有限会社竹田産業","4928653557255","","","","","","","069-1216","北海道夕張郡由仁町古山328","","","","","","","","","","","","","","","6430002051447","","","",""
"有限会社竹田商店","4983573770589","","","","","","","590-0977","大阪府堺市堺区大浜西町1-8","","","","","","","","","","","","","","","8120102002874","","","",""
"武中鉱産株式会社","2861246001950","","","","","","","803-0182","福岡県北九州市小倉南区大字小森573","","","","","","","","","","","","","","","1290801002149","","","",""
"有限会社竹中石材","6442119040503","","","","","","","672-0101","兵庫県姫路市家島町真浦2530","","","","","","","","","","","","","","","7140002051863","","","",""
"有限会社竹花砂利興業所","7512765261205","","","","","","","061-3204","北海道石狩市花川南四条四丁目8","","","","","","","","","","","","","","","3430002043455","","","",""
"有限会社竹渕建材","2804050698399","","","","","","","377-0804","群馬県吾妻郡東吾妻町大字岩井495-5","","","","","","","","","","","","","","","9070002036580","","","",""
"有限会社竹本工業所","3395029607686","","","","","","","705-0133","岡山県備前市八木山553-2","","","","","","","","","","","","","","","3260002031832","","","",""
"田源石灰工業株式会社","8082768375145","","","","","","","328-0041","栃木県栃木市河合町2-3 エクセル・パルビル3F","","","","","","","","","","","","","","","5060001022611","","","",""
"田子之浦建材株式会社","4979452458375","","","","","","","416-0946","静岡県富士市五貫島1156","","","","","","","","","","","","","","","9080101008991","","","",""
"株式会社田島産業","9741821677835","","","","","","","870-0263","大分県大分市大字横田31","","","","","","","","","","","","","","","8320001001734","","","",""
"株式会社但馬産業","8041696905571","","","","","","","669-5132","兵庫県朝来市山東町溝黒14-1","","","","","","","","","","","","","","","4140001046842","","","",""
"多治見砕石株式会社","7772180011902","","","","","","","507-0075","岐阜県多治見市大沢町二丁目6","","","","","","","","","","","","","","","4200001020774","","","",""
"立岩石材興業株式会社","3000585376940","","","","","","","410-3216","静岡県伊豆市上船原810","","","","","","","","","","","","","","","3080101004815","","","",""
"たち建設株式会社","2675107093322","","","","","","","939-1357","富山県砺波市小杉58","","","","","","","","","","","","","","","2230001008298","","","",""
"株式会社立花山砕石","9238390959261","","","","","","","910-0063","福井県福井市灯明寺二丁目405-1","","","","","","","","","","","","","","","9210001015835","","","",""
"株式会社田近工務店","2757679209940","","","","","","","509-4215","岐阜県飛驒市古川町杉崎1235","","","","","","","","","","","","","","","8200001025555","","","",""
"たつみ産業株式会社","3175276203253","","","","","","","857-1166","長崎県佐世保市木風町1468-1","","","","","","","","","","","","","","","9310001005693","","","",""
"合資会社舘川工務店","1756059997547","","","","","","","024-0056","岩手県北上市鬼柳町反目154","","","","","","","","","","","","","","","8400003000651","","","",""
"多度開発株式会社","2831771756037","","","","","","","511-0122","三重県桑名市多度町古野木ノ元33-2","","","","","","","","","","","","","","","6190001012739","","","",""
"有限会社田所商会","2877517392530","","","","","","","869-4203","熊本県八代市鏡町鏡548-1","","","","","","","","","","","","","","","4330002030297","","","",""
"有限会社田仲組","2959592222677","","","","","","","699-0903","島根県出雲市多伎町小田223","","","","","","","","","","","","","","","3280002006717","","","",""
"田中鉱販株式会社","3215673726035","","","","","","","781-8125","高知県高知市五台山3983","","","","","","","","","","","","","","","7490001006222","","","",""
"有限会社田中産業","8483836033709","","","","","","","966-0102","福島県喜多方市熱塩加納町山田三百刈甲764","","","","","","","","","","","","","","","1380002034949","","","",""
"田中商事株式会社","3830194855212","","","","","","","943-0821","新潟県上越市大字土橋1928","","","","","","","","","","","","","","","5110001019759","","","",""
"有限会社田辺工業所","9838411802389","","","","","","","869-0304","熊本県玉名郡玉東町大字浦田124","","","","","","","","","","","","","","","9330002021366","","","",""
"谷江産業株式会社","4647620752723","","","","","","","069-0824","北海道江別市東野幌本町3-10","","","","","","","","","","","","","","","9430001042527","","","",""
"株式会社タニグチ","5858969814068","","","","","","","321-2117","栃木県宇都宮市岩原町702","","","","","","","","","","","","","","","1060001002732","","","",""
"株式会社谷口組","1382626868733","","","","","","","826-0041","福岡県田川市大字弓削田1395","","","","","","","","","","","","","","","2290801016379","","","",""
"谷口建材株式会社","3801112053684","","","","","","","916-0215","福井県丹生郡越前町織田161-43-1","","","","","","","","","","","","","","","8210001013699","","","",""
"有限会社谷口産業","2717289225154","","","","","","","929-2222","石川県七尾市中島町中島参部10","","","","","","","","","","","","","","","4220002014625","","","",""
"株式會社谷間商店","1321346343116","","","","","","","656-0501","兵庫県南あわじ市福良甲135-5","","","","","","","","","","","","","","","1140001085661","","","",""
"種子島・ティーエムイーエス株式会社","6138079701863","","","","","","","891-3603","鹿児島県熊毛郡中種子町増田2710-156","","","","","","","","","","","","","","","1340001009749","","","",""
"株式会社田端工業","3049293180472","","","","","","","601-8111","京都府京都市南区上鳥羽苗代町28","","","","","","","","","","","","","","","3130001011146","","","",""
"有限会社田端商事","3375826596727","","","","","","","861-8041","熊本県熊本市東区戸島五丁目18-147","","","","","","","","","","","","","","","9330002006722","","","",""
"田部井建設株式会社","2896072716720","","","","","","","360-0217","埼玉県熊谷市上根102","","","","","","","","","","","","","","","1030001085433","","","",""
"有限会社玉川興産","4616074449250","","","","","","","963-6311","福島県石川郡玉川村大字岩法寺高野6-2","","","","","","","","","","","","","","","3380002021152","","","",""
"玉川開発株式会社","2121689002908","","","","","","","999-1511","山形県西置賜郡小国町大字玉川364-2","","","","","","","","","","","","","","","1390001011345","","","",""
"多摩興産株式会社","4246888484421","","","","","","","168-0073","東京都杉並区下高井戸一丁目29-10","","","","","","","","","","","","","","","9011301004275","","","",""
"田政砿業株式会社","7032485546290","","","","","","","328-0042","栃木県栃木市沼和田町5-41","","","","","","","","","","","","","","","8060001016420","","","",""
"株式会社田村建設","3770462369648","","","","","","","950-2201","新潟県新潟市西区四ツ郷屋岩山3153-1","","","","","","","","","","","","","","","7110001008280","","","",""
"田村興業有限会社","4945738842686","","","","","","","132-0024","東京都江戸川区一之江七丁目67-12","","","","","","","","","","","","","","","9011702007430","","","",""
"田村石材株式会社","6075912338878","","","","","","","761-4403","香川県小豆郡小豆島町当浜乙525-27","","","","","","","","","","","","","","","2470001012318","","","",""
"有限会社多良見砕石","1678035769734","","","","","","","859-0406","長崎県諫早市多良見町木床546-1","","","","","","","","","","","","","","","6310002016065","","","",""
"株式会社樽前工業","4028143022375","","","","","","","061-1405","北海道恵庭市戸磯596-6","","","","","","","","","","","","","","","5430001043719","","","",""
"多和砕石工業株式会社","8312468494975","","","","","","","769-2306","香川県さぬき市多和助光西25","","","","","","","","","","","","","","","4470001010988","","","",""
"胆西運輸株式会社","7783553518281","","","","","","","052-0013","北海道伊達市弄月町67","","","","","","","","","","","","","","","6430001079794","","","",""
"丹豊建機興業有限会社","1540740766381","","","","","","","984-0826","宮城県仙台市若林区若林三丁目1-16","","","","","","","","","","","","","","","5370002005534","","","",""
"株式会社丹野建材","7509739191202","","","","","","","286-0033","千葉県成田市花崎町750-1","","","","","","","","","","","","","","","3040001093004","","","",""
"丹野工業株式会社","7719209005561","","","","","","","099-0404","北海道紋別郡遠軽町大通北一丁目2-41","","","","","","","","","","","","","","","2460301002300","","","",""
"第一工業株式会社","2509802386170","","","","","","","969-1101","福島県本宮市高木平内12-1","","","","","","","","","","","","","","","2380001009728","","","",""
"第一興産株式会社","2059891076960","","","","","","","205-0003","東京都羽村市緑ヶ丘三丁目4-1","","","","","","","","","","","","","","","5011101012671","","","",""
"大一産業株式会社","1276657842782","","","","","","","259-0141","神奈川県足柄上郡中井町遠藤138","","","","","","","","","","","","","","","1021001034447","","","",""
"大一産業株式会社","7359715089803","","","","","","","471-0075","愛知県豊田市日之出町二丁目16-5","","","","","","","","","","","","","","","6180301018544","","","",""
"有限会社大一商事","1550683537507","","","","","","","927-0433","石川県鳳珠郡能登町字宇出津井字105","","","","","","","","","","","","","","","1220002015915","","","",""
"有限会社第一砂利","2188811189875","","","","","","","710-0834","岡山県倉敷市笹沖374-1","","","","","","","","","","","","","","","4260002005793","","","",""
"第一石産運輸株式会社","7209714387336","","","","","","","102-0072","東京都千代田区飯田橋二丁目13-7 三喜ビルディング","","","","","","","","","","","","","","","1010001021431","","","",""
"株式会社大英興業","6766610959286","","","","","","","369-1225","埼玉県大里郡寄居町大字西ノ入1183","","","","","","","","","","","","","","","7030001085923","","","",""
"大栄産業株式会社","6984153615799","","","","","","","377-1526","群馬県吾妻郡嬬恋村大字三原875","","","","","","","","","","","","","","","9070001023844","","","",""
"有限会社大栄商会","6619885504949","","","","","","","942-0055","新潟県上越市大字小猿屋756-8","","","","","","","","","","","","","","","1110002023020","","","",""
"有限会社大栄石材","3621453152973","","","","","","","794-2203","愛媛県今治市宮窪町宮窪1665","","","","","","","","","","","","","","","2500002020349","","","",""
"大久産業株式会社","5111052088175","","","","","","","979-0338","福島県いわき市大久町大久岩下1","","","","","","","","","","","","","","","8380001012560","","","",""
"有限会社大功","3734688243077","","","","","","","915-0877","福井県越前市春日野町69-3-1","","","","","","","","","","","","","","","6210002011729","","","",""
"大黒産業株式会社","7282328065516","","","","","","","039-3212","青森県上北郡六ヶ所村大字尾駮三ツ森84-4","","","","","","","","","","","","","","","4420001011784","","","",""
"大三運送有限会社","1711492877703","","","","","","","710-1311","岡山県倉敷市真備町岡田132-3 102","","","","","","","","","","","","","","","6260002023819","","","",""
"有限会社大商環境開発","7337848246594","","","","","","","311-2212","茨城県鹿嶋市大字角折514","","","","","","","","","","","","","","","5050002026604","","","",""
"大伸工業有限会社","4561742862073","","","","","","","689-1402","鳥取県八頭郡智頭町大字智頭31","","","","","","","","","","","","","","","5270002004678","","","",""
"株式会社大伸興産","8243115604623","","","","","","","489-0879","愛知県瀬戸市瘤木町87-6","","","","","","","","","","","","","","","1180001079032","","","",""
"大進石材株式会社","8984307592322","","","","","","","761-0121","香川県高松市牟礼町牟礼2822-2","","","","","","","","","","","","","","","1470001000125","","","",""
"大樹開発有限会社","9958582972573","","","","","","","506-0055","岐阜県高山市上岡本町三丁目3","","","","","","","","","","","","","","","1200002025445","","","",""
"株式会社ダイセン","7929961615391","","","","","","","444-0531","愛知県西尾市吉良町岡山背撫山4-5","","","","","","","","","","","","","","","4180301022903","","","",""
"大宗建設株式会社","7136248148124","","","","","","","020-0133","岩手県盛岡市青山二丁目20-2","","","","","","","","","","","","","","","7400001000902","","","",""
"大東建設株式会社","9809167267076","","","","","","","409-2211","山梨県南巨摩郡南部町中野4625","","","","","","","","","","","","","","","2090001012265","","","",""
"大塔興業株式会社","8378845572068","","","","","","","759-0134","山口県宇部市大字善和下柿ノ木原789-6","","","","","","","","","","","","","","","6250001003376","","","",""
"大東興業株式会社","5219091455221","","","","","","","437-1612","静岡県御前崎市池新田2440-5","","","","","","","","","","","","","","","7012401008060","","","",""
"有限会社大東土木","5005599071927","","","","","","","292-0052","千葉県木更津市祇園三丁目27-19","","","","","","","","","","","","","","","8040002067084","","","",""
"株式会社大同砕石","5714115976926","","","","","","","506-1316","岐阜県高山市上宝町吉野1024","","","","","","","","","","","","","","","1200001025438","","","",""
"大同産業株式会社","2041939334085","","","","","","","762-0021","香川県坂出市西庄町732-1","","","","","","","","","","","","","","","4470001009072","","","",""
"大同産業開発株式会社","6040463958731","","","","","","","099-0111","北海道紋別郡遠軽町白滝149-1","","","","","","","","","","","","","","","3460301002373","","","",""
"大日興業株式会社","4467366124413","","","","","","","501-5303","岐阜県郡上市高鷲町大鷲1420-12","","","","","","","","","","","","","","","1200001026436","","","",""
"大日本ドロマイト鑛業株式会社","8075483729033","","","","","","","797-1715","愛媛県西予市城川町田穂1456-2","","","","","","","","","","","","","","","7500001007978","","","",""
"大伯砕石株式会社","4833255480690","","","","","","","794-1301","愛媛県今治市大三島町肥海1087","","","","","","","","","","","","","","","3500001012890","","","",""
"有限会社大福鉱山","4801977461078","","","","","","","529-1802","滋賀県甲賀市信楽町黄瀬655","","","","","","","","","","","","","","","4160002005671","","","",""
"有限会社大松商事","3539865405051","","","","","","","204-0023","東京都清瀬市竹丘三丁目25-1","","","","","","","","","","","","","","","1012702010200","","","",""
"大谷川砕石株式会社","1150307926415","","","","","","","321-1406","栃木県日光市松原町300","","","","","","","","","","","","","","","9060001008607","","","",""
"株式会社大和","6191258506305","","","","","","","969-3100","福島県耶麻郡猪苗代町字新狩野1676","","","","","","","","","","","","","","","7380001018930","","","",""
"株式会社大和興業","4219629324891","","","","","","","981-3302","宮城県富谷市三ノ関坂ノ下124-4","","","","","","","","","","","","","","","3370001041268","","","",""
"ダイワ砕石株式会社","4142961522639","","","","","","","649-6201","和歌山県岩出市押川横谷456","","","","","","","","","","","","","","","7170001007822","","","",""
"大和産業株式会社","3211081453414","","","","","","","520-3115","滋賀県湖南市石部緑台二丁目13-1","","","","","","","","","","","","","","","1160001001286","","","",""
"有限会社大和産業","1277511069692","","","","","","","856-0016","長崎県大村市原町7","","","","","","","","","","","","","","","3310002017347","","","",""
"嶽砕石株式会社","9317953436719","","","","","","","036-8357","青森県弘前市大字馬屋町3","","","","","","","","","","","","","","","6420001009208","","","",""
"伊達砕石株式会社","4447162490294","","","","","","","059-0155","北海道伊達市若生町66","","","","","","","","","","","","","","","1430001056278","","","",""
"段谷化学砿業原料株式会社","8505197116061","","","","","","","612-8401","京都府京都市伏見区深草下川原町8","","","","","","","","","","","","","","","8130001015043","","","",""
"力産業株式会社","6732658983868","","","","","","","961-0038","福島県白河市旗宿飛104","","","","","","","","","","","","","","","7380001010318","","","",""
"筑後川砂利砂協業組合","3318137205284","","","","","","","830-1104","福岡県久留米市北野町大城1118-8","","","","","","","","","","","","","","","7290005010406","","","",""
"千曲開発工業株式会社","3720596313174","","","","","","","380-0823","長野県長野市南千歳一丁目15-3","","","","","","","","","","","","","","","8100001001938","","","",""
"千曲筋砂利採取販売事業協同組合","6140352786069","","","","","","","389-0805","長野県千曲市大字上徳間837-3","","","","","","","","","","","","","","","9100005002758","","","",""
"知光建材有限会社","6246281621903","","","","","","","714-0062","岡山県笠岡市茂平苫無1372-9","","","","","","","","","","","","","","","6260002025220","","","",""
"有限会社地崎建材","4492906186032","","","","","","","519-2525","三重県多気郡大台町滝谷228","","","","","","","","","","","","","","","2190002015769","","","",""
"秩父鉱業株式会社","2123704603427","","","","","","","369-1872","埼玉県秩父市上影森662","","","","","","","","","","","","","","","3011001014068","","","",""
"有限会社ちとせ","3222251753835","","","","","","","879-7411","大分県豊後大野市千歳町柴山1746-22","","","","","","","","","","","","","","","7320002018349","","","",""
"千葉開発株式会社","1595952293689","","","","","","","299-1732","千葉県富津市宇藤原587","","","","","","","","","","","","","","","9040001050742","","","",""
"千葉砂礫興業株式会社","1204713469700","","","","","","","292-0414","千葉県君津市久留里大谷968-1","","","","","","","","","","","","","","","3040001052059","","","",""
"千葉産業株式会社","1311512677956","","","","","","","293-0054","千葉県富津市鶴岡457","","","","","","","","","","","","","","","2040001051870","","","",""
"千葉石産株式会社","3098146740269","","","","","","","292-0413","千葉県君津市吉野404","","","","","","","","","","","","","","","5040001052016","","","",""
"有限会社千葉石材店","2131338829591","","","","","","","963-0205","福島県郡山市堤三丁目70","","","","","","","","","","","","","","","8380002010621","","","",""
"株式会社知花砕石","3664167375728","","","","","","","904-2143","沖縄県沖縄市知花四丁目3-1","","","","","","","","","","","","","","","8360003002818","","","",""
"株式会社中越興業","7076343525907","","","","","","","940-2121","新潟県長岡市喜多町1078-1","","","","","","","","","","","","","","","2110001022963","","","",""
"中越砂利鉱業株式会社","6222340534307","","","","","","","939-1315","富山県砺波市太田5477","","","","","","","","","","","","","","","4230001008313","","","",""
"中央金属株式会社","1469300409220","","","","","","","394-0024","長野県岡谷市堀ノ内一丁目15-1","","","","","","","","","","","","","","","7100001019642","","","",""
"中央砕石株式会社","2765998916897","","","","","","","569-1051","大阪府高槻市大字原856-4","","","","","","","","","","","","","","","2120901011478","","","",""
"株式会社中央砕石工業","2680963035704","","","","","","","861-4412","熊本県下益城郡美里町佐俣985","","","","","","","","","","","","","","","2330001013296","","","",""
"中央産業株式会社","7826018806442","","","","","","","105-0012","東京都港区芝大門一丁目4-4","","","","","","","","","","","","","","","5010401017884","","","",""
"中央商事株式会社","9220199038054","","","","","","","636-0300","奈良県磯城郡田原本町706","","","","","","","","","","","","","","","7150001011223","","","",""
"中央シリカ株式会社","5220290442176","","","","","","","018-4302","秋田県北秋田市浦田寄延沢家ノ下44","","","","","","","","","","","","","","","1410001006359","","","",""
"中京実業株式会社","2424806696957","","","","","","","501-0406","岐阜県本巣市三橋392-1","","","","","","","","","","","","","","","5200001010048","","","",""
"中工建設株式会社","2217381825344","","","","","","","939-1341","富山県砺波市高波1823","","","","","","","","","","","","","","","5230001008312","","","",""
"中高砂利採取販売協同組合","6856225851994","","","","","","","389-2102","長野県中野市大字上今井190","","","","","","","","","","","","","","","4100005005245","","","",""
"中国開発株式会社","1642556538833","","","","","","","679-2317","兵庫県神崎郡市川町浅野503","","","","","","","","","","","","","","","7140001063505","","","",""
"中国地区砂利販売協同組合","6664260297951","","","","","","","736-0064","広島県安芸郡海田町昭和中町1-9","","","","","","","","","","","","","","","1240005002181","","","",""
"中四国商事株式会社","5747243000453","","","","","","","791-0244","愛媛県松山市水泥町573-1","","","","","","","","","","","","","","","8500001018537","","","",""
"株式会社中勢建材","5014577902874","","","","","","","513-0031","三重県鈴鹿市一ノ宮町690-1","","","","","","","","","","","","","","","5190001023043","","","",""
"中濃興業株式会社","1560261408486","","","","","","","505-0016","岐阜県美濃加茂市牧野2068","","","","","","","","","","","","","","","9200001017196","","","",""
"中部興業有限会社","4807900930391","","","","","","","387-0023","長野県千曲市大字八幡6243","","","","","","","","","","","","","","","5100002009462","","","",""
"中部鉱業株式会社","4630943812102","","","","","","","919-0212","福井県南条郡南越前町鯖波35-12-2","","","","","","","","","","","","","","","1210001012286","","","",""
"中部製砂株式会社","5822534931931","","","","","","","682-0317","鳥取県東伯郡三朝町大字福本463-3","","","","","","","","","","","","","","","8270001005162","","","",""
"中國ベントナイト鉱業株式会社","7811102046026","","","","","","","714-0081","岡山県笠岡市笠岡2369-31","","","","","","","","","","","","","","","5260001017806","","","",""
"鳥海採石工業株式会社","2605629330352","","","","","","","997-0815","山形県鶴岡市外内島信州川原28-5","","","","","","","","","","","","","","","9390001008202","","","",""
"有限会社長伸化学工業所","4212512901654","","","","","","","755-0031","山口県宇部市常盤町二丁目2-3","","","","","","","","","","","","","","","9250002005187","","","",""
"千代田砕石株式会社","3035762884546","","","","","","","893-0065","鹿児島県鹿屋市郷之原町15681","","","","","","","","","","","","","","","7340001014017","","","",""
"有限会社潰田商事","4322109820907","","","","","","","697-0002","島根県浜田市生湯町1320","","","","","","","","","","","","","","","1280002008384","","","",""
"司建材有限会社","4498680634943","","","","","","","770-8001","徳島県徳島市津田海岸町9-127","","","","","","","","","","","","","","","2480002007332","","","",""
"司建設工業株式会社","5208784728112","","","","","","","311-3504","茨城県行方市谷島976","","","","","","","","","","","","","","","8050001022758","","","",""
"司産業株式会社","8553200981469","","","","","","","358-0054","埼玉県入間市大字野田936","","","","","","","","","","","","","","","7030001027116","","","",""
"塚田陶管株式会社","6934543599043","","","","","","","300-4115","茨城県土浦市藤沢3578","","","","","","","","","","","","","","","8050001010077","","","",""
"塚原石産興業株式会社","3361030563140","","","","","","","394-0033","長野県岡谷市南宮一丁目7-50","","","","","","","","","","","","","","","3100001019646","","","",""
"有限会社塚本産業","7232851433292","","","","","","","073-0134","北海道砂川市東四条南十五丁目169-11","","","","","","","","","","","","","","","3430002052613","","","",""
"津久見共同採掘株式会社","3572133741482","","","","","","","879-2452","大分県津久見市中町5-36","","","","","","","","","","","","","","","1320201000229","","","",""
"津久見石灰石株式会社","3039430181797","","","","","","","879-2453","大分県津久見市小園町7-6","","","","","","","","","","","","","","","8320201000437","","","",""
"津久見ドロマイト工業株式会社","5237690500429","","","","","","","879-2471","大分県津久見市合ノ元町5-18","","","","","","","","","","","","","","","3320201000235","","","",""
"付知川砂利採取株式会社","5852574577953","","","","","","","508-0101","岐阜県中津川市苗木4827-374","","","","","","","","","","","","","","","3200001023423","","","",""
"有限会社辻内総建","3057058730506","","","","","","","097-0005","北海道稚内市大黒五丁目6-10","","","","","","","","","","","","","","","8450002011067","","","",""
"株式会社土井豆組","1199523999236","","","","","","","693-0511","島根県出雲市佐田町八幡原1225-4 地","","","","","","","","","","","","","","","7280001003521","","","",""
"株式会社土清商店","3742862305426","","","","","","","135-0032","東京都江東区福住一丁目16-5 土清ビル1F","","","","","","","","","","","","","","","7010601007568","","","",""
"土田中央鉱産株式会社","8037122941898","","","","","","","969-6503","福島県河沼郡会津坂下町大字宇内中子山4007","","","","","","","","","","","","","","","2380001023266","","","",""
"土橋鉱山株式会社","1977138692098","","","","","","","705-0132","岡山県備前市三石2602","","","","","","","","","","","","","","","9260001021614","","","",""
"株式会社つちやさん","1499710233167","","","","","","","018-5752","秋田県大館市本宮善知鳥坂9-1","","","","","","","","","","","","","","","3410001006828","","","",""
"株式会社土屋商店","3583198368925","","","","","","","377-1612","群馬県吾妻郡嬬恋村大字大前235","","","","","","","","","","","","","","","1070001023876","","","",""
"土屋石材有限会社","9564657570958","","","","","","","039-3372","青森県東津軽郡平内町大字土屋カヌカ沢17","","","","","","","","","","","","","","","9420002003339","","","",""
"堤工業株式会社","7210796214674","","","","","","","861-0602","熊本県山鹿市鹿北町芋生4278","","","","","","","","","","","","","","","4330001010382","","","",""
"株式会社つなぐ力","6377520453440","","","","","","","243-0422","神奈川県海老名市中新田1762","","","","","","","","","","","","","","","4021001026862","","","",""
"株式会社恒見硅石礦業所","4762277085770","","","","","","","800-0117","福岡県北九州市門司区大字恒見1256-1","","","","","","","","","","","","","","","9290801005508","","","",""
"角田建設工業株式会社","4689010608527","","","","","","","378-0401","群馬県利根郡片品村大字須賀川7-1","","","","","","","","","","","","","","","3070001023148","","","",""
"株式会社角土石","2387001448268","","","","","","","939-8244","富山県富山市吉倉601","","","","","","","","","","","","","","","7230001001752","","","",""
"津野山砕石工業株式会社","1615801520571","","","","","","","785-0502","高知県高岡郡津野町北川6143","","","","","","","","","","","","","","","7490001005901","","","",""
"有限会社椿コンクリート産業","9685966834127","","","","","","","519-5203","三重県南牟婁郡御浜町大字下市木3585-1","","","","","","","","","","","","","","","4190002005231","","","",""
"有限会社坪井石材","9864571916829","","","","","","","501-4201","岐阜県郡上市八幡町有穂1429","","","","","","","","","","","","","","","4200002027892","","","",""
"株式会社ツボリ","3707989379323","","","","","","","933-0902","富山県高岡市向野町三丁目62-1 アパガーデンハイツ高岡4705号","","","","","","","","","","","","","","","3230001010204","","","",""
"津村砂利工業有限会社","6993516234504","","","","","","","048-1562","北海道虻田郡ニセコ町字桂台196-3","","","","","","","","","","","","","","","8430002057079","","","",""
"株式会社ツヤマ殖産","8351747302624","","","","","","","717-0511","岡山県真庭市蒜山初和22-78","","","","","","","","","","","","","","","7260001022878","","","",""
"鶴岡砂利企業株式会社","8385638599880","","","","","","","997-0344","山形県鶴岡市東荒屋志田1-1","","","","","","","","","","","","","","","8390001007964","","","",""
"靏田運送株式会社","2695885926489","","","","","","","311-1306","茨城県東茨城郡大洗町五反田463","","","","","","","","","","","","","","","5050001000650","","","",""
"鶴田石材株式会社","5374580124641","","","","","","","714-0301","岡山県笠岡市北木島町8703","","","","","","","","","","","","","","","3260001017816","","","",""
"鶴田石材株式会社","5338841675685","","","","","","","456-0024","愛知県名古屋市熱田区森後町3-24","","","","","","","","","","","","","","","5180001022302","","","",""
"有限会社鶴谷建材","8157357181664","","","","","","","014-0034","秋田県大仙市大曲住吉町4-16","","","","","","","","","","","","","","","5410002011684","","","",""
"有限会社Ｔ．ＩＮＤＵＳＴＲＹ","2586762435003","","","","","","","473-0924","愛知県豊田市花園町桜97","","","","","","","","","","","","","","","9180302025883","","","",""
"ティ・エイチ・ティ株式会社","6844736073228","","","","","","","923-0000","石川県小松市符津町ソ62","","","","","","","","","","","","","","","8220001012031","","","",""
"帝國大理石株式会社","4513919635754","","","","","","","313-0022","茨城県常陸太田市真弓町2882","","","","","","","","","","","","","","","1050001026658","","","",""
"帝国白土株式会社","2299557041624","","","","","","","923-0303","石川県小松市島町ヨ19-10","","","","","","","","","","","","","","","1220001012194","","","",""
"株式会社テクニカ","4845609972917","","","","","","","651-2271","兵庫県神戸市西区高塚台三丁目2-9","","","","","","","","","","","","","","","1140001013201","","","",""
"株式会社テクノコンストラクション","8635133806708","","","","","","","097-0001","北海道稚内市末広五丁目1-22","","","","","","","","","","","","","","","2450001008615","","","",""
"株式会社テツ・コーポレーション","2125262053949","","","","","","","235-0011","神奈川県横浜市磯子区丸山二丁目18-17 玉喜園ビル3階","","","","","","","","","","","","","","","6020001058195","","","",""
"手取川砂利株式会社","3285235712963","","","","","","","923-1276","石川県能美郡川北町字橘子53","","","","","","","","","","","","","","","5220001008800","","","",""
"寺内建材有限会社","4949288634207","","","","","","","306-0224","茨城県古河市砂井新田87-1","","","","","","","","","","","","","","","7050002024119","","","",""
"有限会社寺門建材","6863226097041","","","","","","","319-2102","茨城県那珂市瓜連1128-1","","","","","","","","","","","","","","","8050002007816","","","",""
"寺川海運有限会社","3942947561582","","","","","","","914-0061","福井県敦賀市蓬萊町14-6","","","","","","","","","","","","","","","8210002010431","","","",""
"有限会社寺田砂利","6632970694484","","","","","","","785-0002","高知県須崎市港町2-12","","","","","","","","","","","","","","","4490002011174","","","",""
"寺元運送有限会社","5858844246712","","","","","","","785-0610","高知県高岡郡梼原町梼原1500-1","","","","","","","","","","","","","","","4490002011050","","","",""
"株式会社光岡砿業","2674810748344","","","","","","","877-0000","大分県日田市大字友田3725","","","","","","","","","","","","","","","2320001010237","","","",""
"株式会社天宝．","7404865956985","","","","","","","448-0006","愛知県刈谷市西境町嶋海道140-1","","","","","","","","","","","","","","","4180301028157","","","",""
"天竜川砂利プラント協同組合","1778927656107","","","","","","","431-3102","静岡県浜松市中央区豊西町414","","","","","","","","","","","","","","","9080405000463","","","",""
"天竜川陸選砂利協同組合","8578424040407","","","","","","","438-0807","静岡県磐田市富里750","","","","","","","","","","","","","","","3080405005220","","","",""
"ＤＣ千葉資源株式会社","7611938424907","","","","","","","292-0805","千葉県木更津市大和一丁目2-6 第2木更津駅前ビル4階","","","","","","","","","","","","","","","2040001051821","","","",""
"株式会社丸物出口興産","3600743704459","","","","","","","088-1485","北海道厚岸郡浜中町浜中桜北7","","","","","","","","","","","","","","","5460001003133","","","",""
"出口産業株式会社","6736882881363","","","","","","","752-0953","山口県下関市長府港町10-64","","","","","","","","","","","","","","","1250001005955","","","",""
"株式会社傳刀産業","2617499544762","","","","","","","398-0002","長野県大町市大町3812-1","","","","","","","","","","","","","","","4100001017649","","","",""
"株式会社問矢商店","9667237516592","","","","","","","534-0027","大阪府大阪市都島区中野町五丁目12-5","","","","","","","","","","","","","","","6120001192414","","","",""
"東亜建材工業株式会社","5191199440338","","","","","","","066-0077","北海道千歳市上長都1039-27","","","","","","","","","","","","","","","7430001043774","","","",""
"東亜興産株式会社","8341979899092","","","","","","","399-1401","長野県飯田市南信濃木沢692-12","","","","","","","","","","","","","","","3100001023160","","","",""
"株式会社東亜興山","1627999893054","","","","","","","672-0102","兵庫県姫路市家島町宮2165-4","","","","","","","","","","","","","","","2140001066116","","","",""
"有限会社東奥開発","9036952622272","","","","","","","036-8061","青森県弘前市大字神田五丁目5-7","","","","","","","","","","","","","","","6420002013828","","","",""
"東海アーバン開発株式会社","2485776708000","","","","","","","433-8102","静岡県浜松市中央区大原町445-1","","","","","","","","","","","","","","","5080401003382","","","",""
"東海機工株式会社","4431821628822","","","","","","","437-1604","静岡県御前崎市佐倉4744-1","","","","","","","","","","","","","","","7080401015054","","","",""
"東海協和コンクリート株式会社","6956325978731","","","","","","","441-1111","愛知県豊橋市嵩山町軍場8-1","","","","","","","","","","","","","","","4180301006468","","","",""
"東海砿業株式会社","3119333784579","","","","","","","421-1211","静岡県静岡市葵区慈悲尾410-1","","","","","","","","","","","","","","","2080001003447","","","",""
"株式会社東海産業","2047588084786","","","","","","","901-2401","沖縄県中頭郡中城村字久場1902","","","","","","","","","","","","","","","9360001009005","","","",""
"東海資材株式会社","1085686226018","","","","","","","710-0046","岡山県倉敷市中央二丁目12-27","","","","","","","","","","","","","","","3260001014128","","","",""
"東海砂利株式会社","2593002093584","","","","","","","435-0004","静岡県浜松市中央区中野町3255-1","","","","","","","","","","","","","","","1080401003428","","","",""
"東海窯業原料株式会社","6743917477555","","","","","","","470-0354","愛知県豊田市田籾町隠迫間613-1","","","","","","","","","","","","","","","1180001092241","","","",""
"東京石灰工業株式会社","6324094842122","","","","","","","103-0025","東京都中央区日本橋茅場町二丁目2-1 東石ビル9階","","","","","","","","","","","","","","","7010001061406","","","",""
"東建産業株式会社","4563352084108","","","","","","","519-3204","三重県北牟婁郡紀北町東長島1145-5","","","","","","","","","","","","","","","7190001004520","","","",""
"東港建材株式会社","9624428083234","","","","","","","971-8189","福島県いわき市泉滝尻二丁目18-16","","","","","","","","","","","","","","","8380001013427","","","",""
"有限会社東興産業","3669216778678","","","","","","","894-0106","鹿児島県大島郡龍郷町中勝石原勝1205","","","","","","","","","","","","","","","8340002021077","","","",""
"東興産業株式会社","2843241758579","","","","","","","848-0403","長崎県松浦市福島町塩浜免2958-1","","","","","","","","","","","","","","","3310001010591","","","",""
"株式会社東興商会","6683823233107","","","","","","","811-4211","福岡県遠賀郡岡垣町大字吉木2109-54","","","","","","","","","","","","","","","5290801011146","","","",""
"有限会社藤成興産","9606905117944","","","","","","","025-0016","岩手県花巻市高木第二十地割38-1","","","","","","","","","","","","","","","5400002008913","","","",""
"東石岩間砕石株式会社","2631418850635","","","","","","","319-0201","茨城県笠間市上郷3555","","","","","","","","","","","","","","","4050001036737","","","",""
"株式会社トウチュウ","3159454698811","","","","","","","470-3235","愛知県知多郡美浜町大字野間中新田5","","","","","","","","","","","","","","","1180001093058","","","",""
"東部開発株式会社","6748595253849","","","","","","","084-0925","北海道釧路市新野24-1","","","","","","","","","","","","","","","8460001001183","","","",""
"東部土石採取販売協同組合","7896192227523","","","","","","","930-0351","富山県中新川郡上市町北島47 先","","","","","","","","","","","","","","","7230005002235","","","",""
"当別採石工業株式会社","6350525113756","","","","","","","061-0208","北海道石狩郡当別町字弁華別285-3","","","","","","","","","","","","","","","4430001042762","","","",""
"東邦オリビン工業株式会社","5294259318696","","","","","","","104-0031","東京都中央区京橋二丁目12-4","","","","","","","","","","","","","","","1010001051809","","","",""
"東邦鉱業株式会社","1559026866564","","","","","","","891-0516","鹿児島県指宿市山川成川1040-7","","","","","","","","","","","","","","","1340001009419","","","",""
"有限会社東宝物産","5707906660848","","","","","","","872-1107","大分県豊後高田市臼野10190-78","","","","","","","","","","","","","","","6290802019229","","","",""
"東北硅砂株式会社","9109341344225","","","","","","","999-4131","山形県北村山郡大石田町大字大浦中ヶ袋26","","","","","","","","","","","","","","","5010701026115","","","",""
"東北サンド株式会社","2100932848335","","","","","","","981-3413","宮城県黒川郡大和町鶴巣幕柳石ノ沢四番1","","","","","","","","","","","","","","","4370001017589","","","",""
"東北石材石崎商会有限会社","3410907206801","","","","","","","962-0858","福島県須賀川市栄町304","","","","","","","","","","","","","","","1380002020049","","","",""
"東北石油株式会社","1414079906529","","","","","","","018-1414","秋田県潟上市昭和豊川槻木真形尻56-2","","","","","","","","","","","","","","","8410001003473","","","",""
"東北土木興業株式会社","2156785677184","","","","","","","099-0204","北海道紋別郡遠軽町丸瀬布西町125","","","","","","","","","","","","","","","4460301002356","","","",""
"東北物産株式会社","9916768884265","","","","","","","015-0873","秋田県由利本荘市鶴沼42-1","","","","","","","","","","","","","","","3410001004897","","","",""
"株式会社東名","2776085375990","","","","","","","509-8301","岐阜県中津川市蛭川5579-1","","","","","","","","","","","","","","","2180001002538","","","",""
"東裕鉱業株式会社","5497319260601","","","","","","","870-0033","大分県大分市千代町二丁目1-4","","","","","","","","","","","","","","","1320001001922","","","",""
"株式会社　東洋","8639438350601","","","","","","","981-2146","宮城県伊具郡丸森町字欠入菅42","","","","","","","","","","","","","","","7370801001384","","","",""
"東洋開発株式会社","2312399275134","","","","","","","059-1364","北海道苫小牧市字沼ノ端2-67","","","","","","","","","","","","","","","4430001055707","","","",""
"東洋興産株式会社","3006730094800","","","","","","","979-0337","福島県いわき市大久町小久山之神60-72","","","","","","","","","","","","","","","4380001013455","","","",""
"東洋砕石工業株式会社","8690552678634","","","","","","","700-0952","岡山県岡山市北区平田102-108","","","","","","","","","","","","","","","7260001004604","","","",""
"東洋砂利採取事業協同組合","9723865707290","","","","","","","901-2121","沖縄県浦添市内間一丁目10-2","","","","","","","","","","","","","","","9360005002658","","","",""
"東立鉱業株式会社","3620376125049","","","","","","","028-0041","岩手県久慈市長内町第四十二地割8-14","","","","","","","","","","","","","","","4400001007999","","","",""
"東和アークス北関東株式会社","6588066862203","","","","","","","321-2351","栃木県日光市塩野室町2081","","","","","","","","","","","","","","","4060001008529","","","",""
"東和開発株式会社","8180265693893","","","","","","","802-0044","福岡県北九州市小倉北区熊本一丁目13-32","","","","","","","","","","","","","","","9290801006860","","","",""
"東和工業株式会社","2219270592931","","","","","","","651-2231","兵庫県神戸市西区櫨谷町寺谷枦谷1242-55","","","","","","","","","","","","","","","5140001005120","","","",""
"東和砕石有限会社","5978311218727","","","","","","","987-0902","宮城県登米市東和町米谷吉田22","","","","","","","","","","","","","","","3370402000161","","","",""
"株式会社東和商会","7096240892594","","","","","","","381-0104","長野県長野市若穂牛島村北沖988-3","","","","","","","","","","","","","","","1100001002166","","","",""
"東和電気株式会社","1648784669012","","","","","","","105-0004","東京都港区新橋二丁目13-8 新橋東和ビル","","","","","","","","","","","","","","","9010401020240","","","",""
"株式会社十日町建材","9971236179675","","","","","","","949-8561","新潟県十日町市姿甲2129-4","","","","","","","","","","","","","","","7110001021143","","","",""
"十日町砂利株式会社","3173453638199","","","","","","","948-0103","新潟県十日町市小泉1481","","","","","","","","","","","","","","","8110001021150","","","",""
"十日町砂利採取販売協同組合","5117895106549","","","","","","","948-0056","新潟県十日町市高田町五丁目591-2","","","","","","","","","","","","","","","5110005010086","","","",""
"株式会社遠野開発公社","6337102338268","","","","","","","028-0771","岩手県遠野市上郷町佐比内十五地割10-1","","","","","","","","","","","","","","","5400001006661","","","",""
"遠野興産とちぎ株式会社","3397838459290","","","","","","","325-0036","栃木県那須塩原市鳥野目330-1","","","","","","","","","","","","","","","4060001011499","","","",""
"東野産業株式会社","9033564998715","","","","","","","328-0111","栃木県栃木市都賀町家中4837","","","","","","","","","","","","","","","5060001016860","","","",""
"東海ＣＳ株式会社","6084160849831","","","","","","","440-0086","愛知県豊橋市下地町門48","","","","","","","","","","","","","","","7180301006481","","","",""
"十勝川砂利工業株式会社","1888070067509","","","","","","","089-0105","北海道上川郡清水町南四条西四丁目11-1","","","","","","","","","","","","","","","7460101003106","","","",""
"利賀川砂利株式会社","6920567602581","","","","","","","932-0305","富山県砺波市庄川町金屋227","","","","","","","","","","","","","","","9230001008655","","","",""
"土岐砿業株式会社","5905924046538","","","","","","","509-5122","岐阜県土岐市土岐津町土岐口1634-5","","","","","","","","","","","","","","","1200001021453","","","",""
"株式会社常盤興業","7417172615013","","","","","","","064-0810","北海道札幌市中央区南十条西十丁目1-20","","","","","","","","","","","","","","","4430001060764","","","",""
"常盤砕石株式会社","5532589751647","","","","","","","799-1101","愛媛県西条市小松町新屋敷乙17-23","","","","","","","","","","","","","","","7500001009198","","","",""
"株式会社トクダ","9559567388874","","","","","","","891-7611","鹿児島県大島郡天城町大字天城2650-15","","","","","","","","","","","","","","","8340002020087","","","",""
"株式会社徳琉興産","3542317127621","","","","","","","900-0031","沖縄県那覇市若狭一丁目3-2 101","","","","","","","","","","","","","","","3360001018878","","","",""
"株式会社所建材","8814199901774","","","","","","","501-1524","岐阜県本巣市根尾板所溝田120-41","","","","","","","","","","","","","","","6200001010096","","","",""
"土佐海砂利協同組合","8665064236828","","","","","","","781-8006","高知県高知市萩町二丁目1-95","","","","","","","","","","","","","","","8490005000014","","","",""
"有限会社利建工業","4465070521618","","","","","","","981-2201","宮城県伊具郡丸森町筆甫古田52-18","","","","","","","","","","","","","","","3370102001765","","","",""
"有限会社寿哉産業","6494249710259","","","","","","","899-1924","鹿児島県薩摩川内市港町122-1","","","","","","","","","","","","","","","5340002016889","","","",""
"鳥栖砕石有限会社","9692689340929","","","","","","","841-0087","佐賀県鳥栖市河内町貝方2665","","","","","","","","","","","","","","","7300002009135","","","",""
"トータル興産有限会社","6721995201815","","","","","","","059-0002","北海道登別市幸町五丁目7-5","","","","","","","","","","","","","","","4430002065473","","","",""
"株式会社戸高鉱業社","1993598423399","","","","","","","879-2471","大分県津久見市合ノ元町5-18","","","","","","","","","","","","","","","4320201000242","","","",""
"戸高興産株式会社","1564061537593","","","","","","","879-2471","大分県津久見市合ノ元町5-18","","","","","","","","","","","","","","","3320201000243","","","",""
"株式会社戸田組","6966585143317","","","","","","","946-0081","新潟県魚沼市葎沢204-8","","","","","","","","","","","","","","","4110001026814","","","",""
"栃木鉱山環境開発株式会社","6047362908575","","","","","","","327-0102","栃木県佐野市出流原町133-1","","","","","","","","","","","","","","","8060001021131","","","",""
"栃木砂利工業有限会社","6035079493032","","","","","","","329-3152","栃木県那須塩原市島方379-6","","","","","","","","","","","","","","","7060002022451","","","",""
"有限会社鳥取中部砕石","5558108302212","","","","","","","682-0607","鳥取県倉吉市尾田244-1","","","","","","","","","","","","","","","9270002011068","","","",""
"有限会社轟商会","9861650817224","","","","","","","381-0026","長野県長野市松岡一丁目17-20","","","","","","","","","","","","","","","3100002003426","","","",""
"利根運河川砂採取協同組合","7185441038524","","","","","","","278-0022","千葉県野田市山崎1141-2","","","","","","","","","","","","","","","7040005014737","","","",""
"有限会社富岡建材","4209183498121","","","","","","","370-2131","群馬県高崎市吉井町岩崎2297","","","","","","","","","","","","","","","7070002011206","","","",""
"有限会社冨岡産業","4915366156693","","","","","","","741-0083","山口県岩国市御庄四丁目106-3","","","","","","","","","","","","","","","6250002018316","","","",""
"有限会社富沢建材","5039036989505","","","","","","","379-0111","群馬県安中市板鼻1341-1","","","","","","","","","","","","","","","4070002014962","","","",""
"有限会社富沢石材建設","9130220475949","","","","","","","989-1741","宮城県柴田郡柴田町大字富沢薬師98","","","","","","","","","","","","","","","7370102000458","","","",""
"有限会社冨田産業","9717488637072","","","","","","","861-2235","熊本県上益城郡益城町大字福富719","","","","","","","","","","","","","","","8330002020096","","","",""
"株式会社富永砂利店","5253864420489","","","","","","","981-3604","宮城県黒川郡大衡村駒場寺田4","","","","","","","","","","","","","","","2370001017855","","","",""
"戸室物産株式会社","1115042307487","","","","","","","920-0957","石川県金沢市舘町ヌ6","","","","","","","","","","","","","","","2220001004661","","","",""
"株式会社トモヱ","4342078049627","","","","","","","511-0068","三重県桑名市中央町一丁目24","","","","","","","","","","","","","","","4190001013193","","","",""
"巴産業株式会社","5551927950916","","","","","","","854-0201","長崎県諫早市森山町下井牟田2-5","","","","","","","","","","","","","","","1310001008290","","","",""
"株式会社富山県骨材会館","7592950600795","","","","","","","939-8177","富山県富山市安養寺1296-3","","","","","","","","","","","","","","","6230001001943","","","",""
"富山県土石業協同組合連合会","1748028199014","","","","","","","939-8177","富山県富山市安養寺1296-3","","","","","","","","","","","","","","","6230005000446","","","",""
"富山鉱山株式会社","9946786059652","","","","","","","933-0974","富山県高岡市岩坪17","","","","","","","","","","","","","","","6230001010556","","","",""
"豊岡採石株式会社","1624329825123","","","","","","","667-0113","兵庫県養父市薮崎150","","","","","","","","","","","","","","","7140001046567","","","",""
"株式会社トーヨー砕石","9310320875313","","","","","","","791-0527","愛媛県西条市丹原町関屋乙3-3","","","","","","","","","","","","","","","9500001009353","","","",""
"有限会社豊崎建材","2485454432238","","","","","","","277-0074","千葉県柏市今谷上町43-32","","","","","","","","","","","","","","","4040002051991","","","",""
"有限会社豊郷重機","7147096626676","","","","","","","509-9132","岐阜県中津川市茄子川1533-1","","","","","","","","","","","","","","","8200002023434","","","",""
"豊滝産業有限会社","1151200594557","","","","","","","061-2273","北海道札幌市南区豊滝一丁目18-1","","","","","","","","","","","","","","","2430002014119","","","",""
"有限会社豊田建商","9441309346123","","","","","","","300-2347","茨城県つくばみらい市豊体1171-14","","","","","","","","","","","","","","","2050002038156","","","",""
"有限会社登米砂利店","7258893460918","","","","","","","987-0702","宮城県登米市登米町寺池九日町20","","","","","","","","","","","","","","","1370402000155","","","",""
"有限会社寅川合砂利","4874143346121","","","","","","","431-3102","静岡県浜松市東区豊西町560","","","","","","","","","","","","","","","5080402005592","","","",""
"鳥越砕石工業株式会社","3289115731229","","","","","","","924-0821","石川県白山市木津町1570-1","","","","","","","","","","","","","","","6220001000046","","","",""
"鳥屋砂工業株式会社","6810895706503","","","","","","","929-1706","石川県鹿島郡中能登町瀬戸イ部25-1","","","","","","","","","","","","","","","3220001015633","","","",""
"株式会社鳥山","6164183923185","","","","","","","911-0826","福井県勝山市平泉寺町壁倉6-9-1","","","","","","","","","","","","","","","6210001010079","","","",""
"ＴＯＮＥニッテツ株式会社","5153766219575","","","","","","","270-0027","千葉県松戸市二ツ木106-4","","","","","","","","","","","","","","","2040001089325","","","",""
"有限会社土井鉱業","7674564216953","","","","","","","509-7725","岐阜県恵那市明智町阿妻447-2","","","","","","","","","","","","","","","6200002024401","","","",""
"株式会社道栄運輸","2581751740488","","","","","","","081-0213","北海道河東郡鹿追町西町三丁目3","","","","","","","","","","","","","","","1460101003177","","","",""
"道央資源開発株式会社","8351291302515","","","","","","","047-0153","北海道小樽市新光町490","","","","","","","","","","","","","","","4430001051499","","","",""
"株式会社道央道路工業","2275007534387","","","","","","","061-1448","北海道恵庭市相生町四丁目12-14","","","","","","","","","","","","","","","1430001043771","","","",""
"道勝運輸株式会社","2833136130645","","","","","","","080-0801","北海道帯広市東一条南二十三丁目8","","","","","","","","","","","","","","","5460101001061","","","",""
"道新興業株式会社","4586781254107","","","","","","","090-0826","北海道北見市末広町389-2","","","","","","","","","","","","","","","9460301000727","","","",""
"道東興業株式会社","3798815645694","","","","","","","080-0801","北海道帯広市東一条南二十三丁目8","","","","","","","","","","","","","","","7460101001209","","","",""
"株式会社同友企業","9568750920260","","","","","","","375-0024","群馬県藤岡市藤岡614","","","","","","","","","","","","","","","1070001012516","","","",""
"ＤＯＷＡメタルマイン株式会社","6401009794074","","","","","","","101-0021","東京都千代田区外神田四丁目14-1 秋葉原UDX22階","","","","","","","","","","","","","","","6010001099182","","","",""
"内房開発株式会社","9147612863236","","","","","","","292-0834","千葉県木更津市潮見四丁目18-8","","","","","","","","","","","","","","","4040001050383","","","",""
"有限会社直建","8739560588655","","","","","","","488-0821","愛知県尾張旭市長坂町南山2874-2","","","","","","","","","","","","","","","2180002072084","","","",""
"中井開発株式会社","3376808329948","","","","","","","259-0141","神奈川県足柄上郡中井町遠藤136","","","","","","","","","","","","","","","3021001034453","","","",""
"中居商店株式会社","3898093606986","","","","","","","522-0212","滋賀県彦根市葛籠町147","","","","","","","","","","","","","","","3160001008544","","","",""
"株式会社中井商店","4108548383081","","","","","","","963-7836","福島県石川郡石川町大字塩沢禿山19-1","","","","","","","","","","","","","","","6380001011688","","","",""
"株式会社中川建設","1715030665140","","","","","","","098-2805","北海道中川郡中川町字誉35","","","","","","","","","","","","","","","5450001007457","","","",""
"有限会社中川商事","8392863862791","","","","","","","619-0214","京都府木津川市木津川原田18-2","","","","","","","","","","","","","","","8130002029711","","","",""
"株式会社中崎砕石","4147813538641","","","","","","","898-0014","鹿児島県枕崎市東本町63","","","","","","","","","","","","","","","8340001012614","","","",""
"中里建材株式会社","7500852122523","","","","","","","308-0112","茨城県筑西市藤ケ谷2398-2","","","","","","","","","","","","","","","9050001032104","","","",""
"株式会社中里興業","2159192615177","","","","","","","350-1153","埼玉県川越市大字下松原56-5","","","","","","","","","","","","","","","6030001060027","","","",""
"中里ミネリオ株式会社","9388614109985","","","","","","","362-0052","埼玉県上尾市大字中新井194-2","","","","","","","","","","","","","","","1030001044109","","","",""
"有限会社中商","6351612772288","","","","","","","198-0003","東京都青梅市小曾木二丁目1347","","","","","","","","","","","","","","","1013102006499","","","",""
"中島建材株式会社","3622793429088","","","","","","","319-3111","茨城県常陸大宮市山方808-1","","","","","","","","","","","","","","","2050001026822","","","",""
"中島砂利株式会社","8293399686270","","","","","","","300-3253","茨城県つくば市大曽根180-1","","","","","","","","","","","","","","","3050001015997","","","",""
"中空知砂利協同組合","5297028735514","","","","","","","073-0101","北海道砂川市空知太東一条六丁目1-7","","","","","","","","","","","","","","","3430005007358","","","",""
"有限会社中田採石工業","5475119975139","","","","","","","088-1133","北海道厚岸郡厚岸町太田宏陽52","","","","","","","","","","","","","","","3460002004578","","","",""
"中田産業有限会社","7070424354050","","","","","","","421-0215","静岡県焼津市西島345-118","","","","","","","","","","","","","","","7080002015214","","","",""
"中竜鉱業株式会社","4963669437669","","","","","","","912-0216","福井県大野市上大納5-7-1","","","","","","","","","","","","","","","9210001010233","","","",""
"株式会社中谷工業","2466288442038","","","","","","","639-3701","奈良県吉野郡上北山村大字河合377-1","","","","","","","","","","","","","","","3150001016176","","","",""
"有限会社中谷石材商店","4561666728494","","","","","","","509-7209","岐阜県恵那市笠置町毛呂窪705-8","","","","","","","","","","","","","","","2200002023902","","","",""
"中舘建設株式会社","5739596582812","","","","","","","098-0503","北海道名寄市風連町大町54","","","","","","","","","","","","","","","2450001007369","","","",""
"中日本砂利株式会社","2639893776050","","","","","","","915-0085","福井県越前市八幡二丁目99-102","","","","","","","","","","","","","","","2210001011832","","","",""
"株式会社中根砂利店","8129206172301","","","","","","","974-8261","福島県いわき市植田町本町一丁目3-7","","","","","","","","","","","","","","","9380001013517","","","",""
"有限会社ナカネセラム","9453582347375","","","","","","","470-0401","愛知県豊田市大岩町槙ケ平11","","","","","","","","","","","","","","","6180302024392","","","",""
"株式会社中野グラニット","3367209126809","","","","","","","745-0057","山口県周南市大字大津島1565","","","","","","","","","","","","","","","8250001010544","","","",""
"中野産業株式会社","1666704890013","","","","","","","800-0323","福岡県京都郡苅田町大字与原330-1","","","","","","","","","","","","","","","2290801015447","","","",""
"株式会社中野砂利店","7773188798312","","","","","","","182-0022","東京都調布市国領町七丁目74-11","","","","","","","","","","","","","","","8012401008340","","","",""
"株式会社中原石材店","9386170347348","","","","","","","963-3401","福島県田村郡小野町大字小野新町中通129","","","","","","","","","","","","","","","4380001007911","","","",""
"中村海運有限会社","9020030922048","","","","","","","804-0075","福岡県北九州市戸畑区北鳥旗町8-7","","","","","","","","","","","","","","","1290802004680","","","",""
"有限会社中村建材","2123676608149","","","","","","","321-4366","栃木県真岡市勝瓜241","","","","","","","","","","","","","","","4060002017512","","","",""
"有限会社中村産業","1469315749952","","","","","","","891-3604","鹿児島県熊毛郡中種子町野間14417-2","","","","","","","","","","","","","","","4340002019406","","","",""
"株式会社中村商運","1575576908526","","","","","","","759-6301","山口県下関市豊浦町大字川棚1480-2","","","","","","","","","","","","","","","9250001006632","","","",""
"有限会社中村商会","7003764185240","","","","","","","804-0011","福岡県北九州市戸畑区中原西二丁目4-12","","","","","","","","","","","","","","","8290802004682","","","",""
"株式会社中村商店","3574831499266","","","","","","","154-0012","東京都世田谷区駒沢五丁目15-1","","","","","","","","","","","","","","","1010901008809","","","",""
"中村事業株式会社","5997309576699","","","","","","","437-1421","静岡県掛川市大坂9190","","","","","","","","","","","","","","","3080001013214","","","",""
"株式会社中村砂利工業","1828790012284","","","","","","","054-0211","北海道勇払郡むかわ町穂別10-1","","","","","","","","","","","","","","","9430001053516","","","",""
"有限会社中村砂利店","8206225024595","","","","","","","363-0027","埼玉県桶川市大字川田谷4680","","","","","","","","","","","","","","","9030002055972","","","",""
"有限会社中村節朗石材","6426570512584","","","","","","","761-0121","香川県高松市牟礼町牟礼3073","","","","","","","","","","","","","","","3470002000386","","","",""
"有限会社中村隆建設","2146761737317","","","","","","","891-1542","鹿児島県鹿児島市持木町614-1","","","","","","","","","","","","","","","9340002007026","","","",""
"株式会社七海盛","9248048790340","","","","","","","547-0045","大阪府大阪市平野区平野上町二丁目10-5","","","","","","","","","","","","","","","6120001190310","","","",""
"中山砂利株式会社","7559989246314","","","","","","","866-0833","熊本県八代市夕葉町3-7","","","","","","","","","","","","","","","5330002026154","","","",""
"ナカンヌ興業株式会社","7067894875267","","","","","","","904-1103","沖縄県うるま市石川赤崎一丁目4-8","","","","","","","","","","","","","","","2360001007709","","","",""
"長池工業株式会社","6665822128120","","","","","","","610-0111","京都府城陽市富野長谷山1-1","","","","","","","","","","","","","","","2130001038504","","","",""
"永井工業株式会社","4844852204190","","","","","","","089-1330","北海道河西郡中札内村大通南六丁目14","","","","","","","","","","","","","","","2460101003481","","","",""
"株式会社長井石販","2557846463624","","","","","","","679-2431","兵庫県神崎郡神河町猪篠139-1","","","","","","","","","","","","","","","8140001063529","","","",""
"有限会社長木商事","2318332153990","","","","","","","952-1302","新潟県佐渡市市野沢40-1","","","","","","","","","","","","","","","9110002034720","","","",""
"長崎県砂利採取販売業協同組合","2208685188417","","","","","","","850-0077","長崎県長崎市小瀬戸町1032","","","","","","","","","","","","","","","4310005000118","","","",""
"有限会社永里興産","9618578567629","","","","","","","891-0201","鹿児島県鹿児島市喜入瀬々串町4001","","","","","","","","","","","","","","","5340002012244","","","",""
"長沢陶土有限会社","5927686884304","","","","","","","754-0893","山口県山口市秋穂二島仁光寺7030","","","","","","","","","","","","","","","4250002001100","","","",""
"株式会社ナガシマ","7096384654338","","","","","","","511-1146","三重県桑名市長島町十日外面128-2","","","","","","","","","","","","","","","3190001012799","","","",""
"株式会社永島商店","7674235404829","","","","","","","221-0823","神奈川県横浜市神奈川区二ツ谷町6-3","","","","","","","","","","","","","","","4020001023985","","","",""
"株式会社長瀬土建","5392885759745","","","","","","","509-3205","岐阜県高山市久々野町久々野1559","","","","","","","","","","","","","","","6200001025029","","","",""
"有限会社永田商店","3066813899845","","","","","","","615-0052","京都府京都市右京区西院清水町60","","","","","","","","","","","","","","","4130002018742","","","",""
"有限会社永村建材店","1287869833772","","","","","","","330-0852","埼玉県さいたま市大宮区大成町三丁目361","","","","","","","","","","","","","","","1030002010167","","","",""
"有限会社長楽採礦所","1438601175630","","","","","","","441-1115","愛知県豊橋市石巻本町瀬戸26","","","","","","","","","","","","","","","2180302008473","","","",""
"株式会社名護鉱産","9400088350324","","","","","","","905-0003","沖縄県名護市字旭川594-1","","","","","","","","","","","","","","","4360001002484","","","",""
"有限会社名稚子産業","5424493176218","","","","","","","811-3305","福岡県福津市宮司五丁目26-1","","","","","","","","","","","","","","","7290002034507","","","",""
"株式会社夏目採石","8594790476461","","","","","","","441-2224","愛知県北設楽郡設楽町豊邦段戸山1-1","","","","","","","","","","","","","","","2180301024141","","","",""
"株式会社七飯砕石工業","6046326970069","","","","","","","041-1112","北海道亀田郡七飯町字鳴川町494","","","","","","","","","","","","","","","6440001004504","","","",""
"有限会社七山石材","1738783251753","","","","","","","847-1103","佐賀県唐津市七山池原甲1075","","","","","","","","","","","","","","","8300002010892","","","",""
"株式会社鍋忠建材","8773503202782","","","","","","","510-1226","三重県三重郡菰野町大字吉澤1439-1","","","","","","","","","","","","","","","4190001017459","","","",""
"波原産業株式会社","3806929819522","","","","","","","901-2123","沖縄県浦添市西洲二丁目2-2","","","","","","","","","","","","","","","7360001009023","","","",""
"有限会社奈良建材","6696601840789","","","","","","","779-3206","徳島県名西郡石井町高原池北284","","","","","","","","","","","","","","","7480002005637","","","",""
"成木開発株式会社","4336636615835","","","","","","","198-0001","東京都青梅市成木五丁目1390","","","","","","","","","","","","","","","4013101003882","","","",""
"成田砕石株式会社","3808188644354","","","","","","","986-0102","宮城県石巻市成田小姓前34-1","","","","","","","","","","","","","","","4370301000996","","","",""
"成田メタル株式会社","5401892632235","","","","","","","286-0822","千葉県成田市芝向原1826-23","","","","","","","","","","","","","","","6040001043138","","","",""
"有限会社成羽砂利","9554471506028","","","","","","","716-0002","岡山県高梁市津川町今津1958","","","","","","","","","","","","","","","5260002026970","","","",""
"成瀬砕石株式会社","3089647438487","","","","","","","019-0801","秋田県雄勝郡東成瀬村田子内滝ノ下76-1","","","","","","","","","","","","","","","9410001005725","","","",""
"南越建設工業株式会社","3742250710605","","","","","","","915-0856","福井県越前市中平吹町30-9-11","","","","","","","","","","","","","","","6210001011845","","","",""
"南宮砂利株式会社","3661917342842","","","","","","","399-1500","長野県下伊那郡阿南町東條1093","","","","","","","","","","","","","","","1100001023162","","","",""
"有限会社南月","1756741852820","","","","","","","734-0017","広島県広島市南区似島町家下625-2","","","","","","","","","","","","","","","2240002011705","","","",""
"有限会社南国鉱業","5150653119769","","","","","","","891-0516","鹿児島県指宿市山川成川2412","","","","","","","","","","","","","","","3340002018945","","","",""
"有限会社南国商事","1550577374817","","","","","","","854-1112","長崎県諫早市飯盛町開1657-2","","","","","","","","","","","","","","","9310002016178","","","",""
"有限会社南国砂利","6699809312195","","","","","","","890-0072","鹿児島県鹿児島市新栄町17-18","","","","","","","","","","","","","","","6340002007219","","","",""
"南薩砂利株式会社","7219799206366","","","","","","","896-0067","鹿児島県いちき串木野市平江16725-1","","","","","","","","","","","","","","","1340001009006","","","",""
"南山興業株式会社","4060769049301","","","","","","","399-2101","長野県下伊那郡下條村睦沢10170","","","","","","","","","","","","","","","4100001022632","","","",""
"南州砕石株式会社","2589666530736","","","","","","","899-3308","鹿児島県日置市吹上町田尻4415","","","","","","","","","","","","","","","5340001005505","","","",""
"有限会社南波重機","2983167977470","","","","","","","088-1485","北海道厚岸郡浜中町浜中桜南105","","","","","","","","","","","","","","","6460002004682","","","",""
"南豫砕石工業株式会社","7036204749433","","","","","","","797-0045","愛媛県西予市宇和町坂戸640","","","","","","","","","","","","","","","7500001008118","","","",""
"株式会社楠和土地建物","3544325889543","","","","","","","103-0022","東京都中央区日本橋室町四丁目2-16","","","","","","","","","","","","","","","6010003008967","","","",""
"新潟砂利建設工業株式会社","2973616015826","","","","","","","949-7101","新潟県南魚沼市五日町210-3","","","","","","","","","","","","","","","4110001026450","","","",""
"株式会社ニイガタ濾材","7177530094808","","","","","","","959-2602","新潟県胎内市乙大日裏1524-18","","","","","","","","","","","","","","","4110001013283","","","",""
"新島物産株式会社","4128444218700","","","","","","","100-0402","東京都新島村本村一丁目7-1","","","","","","","","","","","","","","","6010001131366","","","",""
"新中石灰工業株式会社","8931876282465","","","","","","","719-2641","岡山県新見市草間8935","","","","","","","","","","","","","","","9260001019220","","","",""
"有限会社二幸商事","1930554773336","","","","","","","382-0000","長野県須坂市大字須坂1255-2","","","","","","","","","","","","","","","1100002008682","","","",""
"有限会社西内石灰工業所","6729110438887","","","","","","","781-5201","高知県香南市野市町本村1498","","","","","","","","","","","","","","","9490002012259","","","",""
"ニシカタ産業株式会社","5908781706975","","","","","","","322-0604","栃木県栃木市西方町元1239-1","","","","","","","","","","","","","","","5060001016893","","","",""
"西川建材株式会社","4712924229522","","","","","","","670-0952","兵庫県姫路市南条三丁目110-1","","","","","","","","","","","","","","","6140001060701","","","",""
"西川興業株式会社","8321195375894","","","","","","","611-0013","京都府宇治市莵道坂川1","","","","","","","","","","","","","","","7130001034300","","","",""
"錦川産業株式会社","8408844874480","","","","","","","741-0092","山口県岩国市多田101-1","","","","","","","","","","","","","","","7250001011543","","","",""
"西頸城商事株式会社","4517980078576","","","","","","","941-0076","新潟県糸魚川市大字西中1115","","","","","","","","","","","","","","","2110001021651","","","",""
"株式会社西興","1039170544388","","","","","","","812-0023","福岡県福岡市博多区奈良屋町14-3 ルイマーブル奈良屋10F","","","","","","","","","","","","","","","7290001015524","","","",""
"西島採石株式会社","6543261897465","","","","","","","672-0101","兵庫県姫路市家島町真浦2519","","","","","","","","","","","","","","","8140001062522","","","",""
"錦多峰砂採取株式会社","2599069590802","","","","","","","059-1275","北海道苫小牧市字錦岡165-1","","","","","","","","","","","","","","","7430001053534","","","",""
"株式会社西田産業","2129889426490","","","","","","","759-2222","山口県美祢市伊佐町伊佐2858","","","","","","","","","","","","","","","5250001004334","","","",""
"株式会社西日本建設工業","4121339785190","","","","","","","832-0081","福岡県柳川市西浜武1156","","","","","","","","","","","","","","","3290001053107","","","",""
"株式会社西日本海興","7301327250071","","","","","","","811-5462","長崎県壱岐市芦辺町箱崎大左右触497","","","","","","","","","","","","","","","9310001010181","","","",""
"西日本鉱業株式会社","2447361829889","","","","","","","698-0033","島根県益田市元町17-4","","","","","","","","","","","","","","","3280001005083","","","",""
"西日本砕石株式会社","7720942847169","","","","","","","792-0897","愛媛県新居浜市阿島乙174","","","","","","","","","","","","","","","7500001010180","","","",""
"西日本砂・砂利採取販売協同組合","8571025598124","","","","","","","804-0075","福岡県北九州市戸畑区北鳥旗町2-15","","","","","","","","","","","","","","","6290805000994","","","",""
"株式会社西日本皮膜","7425400847177","","","","","","","811-2317","福岡県糟屋郡粕屋町長者原東二丁目8-6","","","","","","","","","","","","","","","7290001038475","","","",""
"有限会社西根企業","4950220452861","","","","","","","020-0601","岩手県滝沢市後524-3","","","","","","","","","","","","","","","6400002007567","","","",""
"有限会社西秀","2457010786535","","","","","","","580-0022","大阪府松原市河合四丁目381-1","","","","","","","","","","","","","","","1120102016162","","","",""
"有限会社西平興業","1150724707409","","","","","","","716-0061","岡山県高梁市落合町阿部2428","","","","","","","","","","","","","","","7260002026837","","","",""
"株式会社西広上土石","7177568231297","","","","","","","939-0257","富山県射水市西広上87-4","","","","","","","","","","","","","","","1230001012796","","","",""
"株式会社西村砂利工業","4994191454863","","","","","","","910-1216","福井県吉田郡永平寺町光明寺41-4","","","","","","","","","","","","","","","3210001002839","","","",""
"有限会社西森商店","7719584291585","","","","","","","781-0112","高知県高知市仁井田1947","","","","","","","","","","","","","","","9490002003968","","","",""
"株式会社西山産業","7950934034656","","","","","","","924-0000","石川県白山市白峰チ25","","","","","","","","","","","","","","","2220001000033","","","",""
"有限会社二反産業","4346156081564","","","","","","","895-1106","鹿児島県薩摩川内市東郷町斧渕6917","","","","","","","","","","","","","","","7340002016953","","","",""
"株式会社日榮","3334102255520","","","","","","","325-0027","栃木県那須塩原市共墾社一丁目2-21","","","","","","","","","","","","","","","3060001011500","","","",""
"日栄産業株式会社","8187202786073","","","","","","","409-2522","山梨県南巨摩郡身延町下山8070","","","","","","","","","","","","","","","4090001012288","","","",""
"日開企業株式会社","7116369768262","","","","","","","157-0071","東京都世田谷区千歳台二丁目23-24","","","","","","","","","","","","","","","1010901009212","","","",""
"株式会社日共砂利事業所","3682316823799","","","","","","","089-0624","北海道中川郡幕別町字軍岡12","","","","","","","","","","","","","","","4460102002514","","","",""
"日光産業株式会社","5808773228979","","","","","","","049-4816","北海道久遠郡せたな町瀬棚区本町312","","","","","","","","","","","","","","","6440001006112","","","",""
"日鉱第一砕石株式会社","6203195126429","","","","","","","319-3111","茨城県常陸大宮市山方645","","","","","","","","","","","","","","","1050001033968","","","",""
"日光陶料有限会社","1238336681827","","","","","","","320-0035","栃木県宇都宮市伝馬町3-9","","","","","","","","","","","","","","","1060002007004","","","",""
"株式会社ｎｉｓｓａ","1957916335352","","","","","","","812-0016","福岡県福岡市博多区博多駅南一丁目8-12","","","","","","","","","","","","","","","3290001027044","","","",""
"日産石材工業株式会社","7304154027604","","","","","","","031-0841","青森県八戸市大字鮫町下須田15-1","","","","","","","","","","","","","","","4420001006280","","","",""
"株式会社日章","8907291580042","","","","","","","501-0533","岐阜県揖斐郡大野町大字本庄1025-25","","","","","","","","","","","","","","","5200001016160","","","",""
"株式会社日新産業","5051052973651","","","","","","","090-0001","北海道北見市小泉426","","","","","","","","","","","","","","","1460301000783","","","",""
"ニッセイ株式会社","2992449185237","","","","","","","518-0842","三重県伊賀市上野桑町2237","","","","","","","","","","","","","","","9190001008602","","","",""
"ニッタイ株式会社","3286305129812","","","","","","","550-0001","大阪府大阪市西区土佐堀三丁目1-7","","","","","","","","","","","","","","","3120001086577","","","",""
"株式会社ニッチツ","3986949442959","","","","","","","107-0052","東京都港区赤坂一丁目11-30","","","","","","","","","","","","","","","4010401054508","","","",""
"日鉄鉱業株式会社","6754225147444","","","","","","","100-0005","東京都千代田区丸の内二丁目3-2","","","","","","","","","","","","","","","5010001008730","","","",""
"日陶顔料工業株式会社","5260578670287","","","","","","","510-0018","三重県四日市市白須賀二丁目1-9","","","","","","","","","","","","","","","4190001015850","","","",""
"日東興業株式会社","6360753317905","","","","","","","706-0022","岡山県玉野市向日比二丁目15-10","","","","","","","","","","","","","","","1260001022413","","","",""
"株式会社日東ＣＴセンター","2651566738468","","","","","","","987-0354","宮城県登米市豊里町下沼田468-1","","","","","","","","","","","","","","","6370401000762","","","",""
"日東砂利株式会社","3840993455463","","","","","","","470-2105","愛知県知多郡東浦町大字藤江南栄町1-86","","","","","","","","","","","","","","","8180001094124","","","",""
"日東砂利工業株式会社","4304425029335","","","","","","","071-1433","北海道上川郡東川町東三号北1","","","","","","","","","","","","","","","6450001002374","","","",""
"日瓢礦業株式会社","2520922637746","","","","","","","322-0305","栃木県鹿沼市口粟野3158","","","","","","","","","","","","","","","4060001010716","","","",""
"日本シリカ鉱業株式会社","4484875244215","","","","","","","489-0864","愛知県瀬戸市若宮町二丁目339","","","","","","","","","","","","","","","4180001079145","","","",""
"株式会社ニノ倉開発","5463347074735","","","","","","","258-0115","神奈川県足柄上郡山北町谷ケ1259","","","","","","","","","","","","","","","8021001034201","","","",""
"有限会社二宮産業","2019193966250","","","","","","","308-0852","茨城県筑西市大谷866","","","","","","","","","","","","","","","9050002042358","","","",""
"有限会社二瓶建材店","5650203324716","","","","","","","967-0004","福島県南会津郡南会津町田島東荒井甲2486-1","","","","","","","","","","","","","","","4380002035580","","","",""
"日本海鉱業株式会社","8423110068830","","","","","","","932-0041","富山県小矢部市東福町3-26","","","","","","","","","","","","","","","7230001009060","","","",""
"日本海石産工業株式会社","1041430609023","","","","","","","939-0654","富山県下新川郡入善町板屋171-2","","","","","","","","","","","","","","","4230001002290","","","",""
"日本開発興業株式会社","8817789191409","","","","","","","104-0061","東京都中央区銀座五丁目12-13","","","","","","","","","","","","","","","6010001061935","","","",""
"日本滑石製錬株式会社","3931842582247","","","","","","","667-0003","兵庫県養父市八鹿町宿南1238","","","","","","","","","","","","","","","8140001046681","","","",""
"日本硅砂鉱業株式会社","2440873462899","","","","","","","820-0303","福岡県嘉麻市中益6-5","","","","","","","","","","","","","","","7290001045240","","","",""
"日本興業株式会社","1228500955713","","","","","","","511-0821","三重県桑名市大字矢田390-1","","","","","","","","","","","","","","","3190001012477","","","",""
"日本砿研株式会社","9027414007900","","","","","","","036-0412","青森県黒石市大字袋兵岩澤9-2","","","","","","","","","","","","","","","3420001009994","","","",""
"日本鉱産株式会社","3528033494919","","","","","","","101-0054","東京都千代田区神田錦町三丁目17-14","","","","","","","","","","","","","","","7040001054423","","","",""
"日本耐火原料株式会社","8975970915293","","","","","","","679-2415","兵庫県神崎郡神河町福本1227","","","","","","","","","","","","","","","8140001063545","","","",""
"農業法人日本農林株式会社","1986248704910","","","","","","","049-2672","北海道二海郡八雲町野田生674-6","","","","","","","","","","","","","","","4440001006931","","","",""
"日本マテリアルゴールド株式会社","6501409966238","","","","","","","150-0043","東京都渋谷区道玄坂一丁目12-1 渋谷マークシティウエスト22F","","","","","","","","","","","","","","","8013201016814","","","",""
"日本有機粘土株式会社","8252158594718","","","","","","","515-0505","三重県伊勢市西豊浜町2770","","","","","","","","","","","","","","","2190001006892","","","",""
"株式会社日本陸砂","8705093189963","","","","","","","136-0074","東京都江東区東砂三丁目25-3","","","","","","","","","","","","","","","4010601025977","","","",""
"株式会社日本リモナイト","3047144437397","","","","","","","869-2235","熊本県阿蘇市狩尾289","","","","","","","","","","","","","","","5330001012411","","","",""
"株式会社ニューメモリアルパーク小倉霊園","4167623845262","","","","","","","802-0978","福岡県北九州市小倉南区大字蒲生1332-1","","","","","","","","","","","","","","","8290801016241","","","",""
"株式会社韮山工業","3232913769790","","","","","","","410-2113","静岡県伊豆の国市中111","","","","","","","","","","","","","","","4080101005085","","","",""
"株式会社丹羽組","6120985539736","","","","","","","504-0922","岐阜県各務原市前渡東町二丁目100","","","","","","","","","","","","","","","8200001007388","","","",""
"有限会社丹羽建材","4178224418741","","","","","","","501-3156","岐阜県岐阜市岩田西三丁目496","","","","","","","","","","","","","","","3200002003564","","","",""
"有限会社二和産業","1125233969486","","","","","","","610-0301","京都府綴喜郡井手町大字多賀上ノ浜20","","","","","","","","","","","","","","","8130002030181","","","",""
"沼田砂利砕石株式会社","8110114997022","","","","","","","079-8412","北海道旭川市永山二条二十一丁目3-18","","","","","","","","","","","","","","","4450001002310","","","",""
"株式会社ネオソイル","4268017727760","","","","","","","503-2216","岐阜県大垣市昼飯町1260","","","","","","","","","","","","","","","7200001013569","","","",""
"有限会社根津建材工業","5966952781020","","","","","","","949-8311","新潟県中魚沼郡津南町大字中深見乙1909","","","","","","","","","","","","","","","3110002025758","","","",""
"根室中部砂利販売協同組合","2310634823121","","","","","","","086-1054","北海道標津郡中標津町東十四条北一丁目1-1","","","","","","","","","","","","","","","4462505000045","","","",""
"根室浜中地区採石事業協同組合","8674212613150","","","","","","","087-0053","北海道根室市本町三丁目1","","","","","","","","","","","","","","","7460405000014","","","",""
"株式会社根本建材","8994801871386","","","","","","","970-1145","福島県いわき市好間町北好間作田3-1","","","","","","","","","","","","","","","8380001015068","","","",""
"有限会社野口建材","6929983138527","","","","","","","314-0125","茨城県神栖市高浜2537","","","","","","","","","","","","","","","3050002027389","","","",""
"野口商事株式会社","7335300831220","","","","","","","987-2211","宮城県栗原市築館源光12-30","","","","","","","","","","","","","","","7370201002966","","","",""
"有限会社野田頭重機","3557946626566","","","","","","","039-2612","青森県上北郡東北町字沼添左ノ平1-14","","","","","","","","","","","","","","","8420002018932","","","",""
"野田建設工業株式会社","2702930024445","","","","","","","071-8112","北海道旭川市東鷹栖東二条三丁目","","","","","","","","","","","","","","","8450001002331","","","",""
"野田工業株式会社","1258206344597","","","","","","","064-0945","北海道札幌市中央区盤渓365","","","","","","","","","","","","","","","8430001013149","","","",""
"有限会社野田砕石","9740113882319","","","","","","","708-1111","岡山県津山市楢218","","","","","","","","","","","","","","","4260002029132","","","",""
"株式会社野手組","8637486800433","","","","","","","932-0822","富山県小矢部市和沢484","","","","","","","","","","","","","","","8230001009068","","","",""
"能登砕石株式会社","9627821691265","","","","","","","927-0312","石川県鳳珠郡能登町字本木ト字8-1","","","","","","","","","","","","","","","8220001016767","","","",""
"能登燃焼器工業株式会社","6731354833043","","","","","","","927-1216","石川県珠洲市上戸町寺社26-2","","","","","","","","","","","","","","","6220001016942","","","",""
"野村鉱山株式会社","2448917003184","","","","","","","705-0132","岡山県備前市三石392-1","","","","","","","","","","","","","","","8260001021656","","","",""
"野村土石販売株式会社","8819140972639","","","","","","","930-0931","富山県富山市朝日107 先","","","","","","","","","","","","","","","4230001002423","","","",""
"博栄興産株式会社","7161018669474","","","","","","","737-2211","広島県江田島市大柿町柿浦672","","","","","","","","","","","","","","","4240001027213","","","",""
"白山工業株式会社","8983943859594","","","","","","","107-0052","東京都港区赤坂二丁目14-32 赤坂2・14プラザビル","","","","","","","","","","","","","","","4013201012429","","","",""
"白洋社産業株式会社","3182046645226","","","","","","","999-1351","山形県西置賜郡小国町大字小国町230-1","","","","","","","","","","","","","","","1390001011353","","","",""
"博陽砂利株式会社","4927445363866","","","","","","","811-0215","福岡県福岡市東区高美台一丁目12-8","","","","","","","","","","","","","","","1290001026262","","","",""
"羽黒石材工業株式会社","6879152601961","","","","","","","309-1453","茨城県桜川市友部958","","","","","","","","","","","","","","","5050001032314","","","",""
"迫砂利協業組合","8142961698023","","","","","","","987-0902","宮城県登米市東和町米谷根郭68","","","","","","","","","","","","","","","6370405000107","","","",""
"橋詰産業株式会社","2571314447260","","","","","","","098-1705","北海道紋別郡雄武町字南雄武265","","","","","","","","","","","","","","","1450001009639","","","",""
"橋本興業株式会社","6812160583689","","","","","","","596-0015","大阪府岸和田市地蔵浜町11","","","","","","","","","","","","","","","6120101050109","","","",""
"株式会社橋本商店","3498849371402","","","","","","","367-0051","埼玉県本庄市本庄一丁目1-2","","","","","","","","","","","","","","","2030001060360","","","",""
"株式会社長谷川組","4322317086305","","","","","","","923-1246","石川県能美市倉重町甲45","","","","","","","","","","","","","","","3220001012911","","","",""
"株式会社長谷川建材","4772034146825","","","","","","","969-4406","福島県耶麻郡西会津町野沢浦道添甲41-1","","","","","","","","","","","","","","","8380001018426","","","",""
"株式会社長谷川砂利","8652393895025","","","","","","","949-8603","新潟県十日町市下条一丁目60","","","","","","","","","","","","","","","5110001021211","","","",""
"有限会社畠山商会","1979504739941","","","","","","","010-0401","秋田県男鹿市野石山崎24-1","","","","","","","","","","","","","","","7410002006360","","","",""
"幡多砕石協同組合","1374280594650","","","","","","","787-1221","高知県四万十市三里垣ノ内1400","","","","","","","","","","","","","","","3490005002080","","","",""
"有限会社畑長石鉱業所","7131981481303","","","","","","","529-1812","滋賀県甲賀市信楽町神山541-7","","","","","","","","","","","","","","","8160002005692","","","",""
"八大総業株式会社","2284645275447","","","","","","","041-0812","北海道函館市昭和二丁目4-14","","","","","","","","","","","","","","","7440001001822","","","",""
"八戸鉱山株式会社","8075909930523","","","","","","","031-0815","青森県八戸市大字松館長坂9-1","","","","","","","","","","","","","","","7420001005494","","","",""
"株式会社八万物産","2334620218816","","","","","","","699-3676","島根県益田市遠田町356-3","","","","","","","","","","","","","","","2280001005092","","","",""
"株式会社博光産業","5502427569432","","","","","","","379-2122","群馬県前橋市駒形町100-3","","","","","","","","","","","","","","","2070001000016","","","",""
"白光物産株式会社","2506129087822","","","","","","","059-1941","北海道勇払郡安平町追分青葉二丁目117","","","","","","","","","","","","","","","7430001053600","","","",""
"ハットリ株式会社","9670533208509","","","","","","","920-0853","石川県金沢市本町二丁目14-10","","","","","","","","","","","","","","","8220001005349","","","",""
"株式会社葉月","3718166205347","","","","","","","504-0806","岐阜県各務原市蘇原外山町二丁目49-2","","","","","","","","","","","","","","","3200001009001","","","",""
"株式会社ハードマンジャパン","5084174842919","","","","","","","103-0001","東京都中央区日本橋小伝馬町14-9","","","","","","","","","","","","","","","7010001087211","","","",""
"花園建材興業株式会社","4746475405046","","","","","","","369-1243","埼玉県深谷市永田155","","","","","","","","","","","","","","","2030001086109","","","",""
"株式会社ハナワ","7332661628520","","","","","","","990-0067","山形県山形市花楯一丁目13-1","","","","","","","","","","","","","","","5390001005104","","","",""
"埴生開発株式会社","1495229006826","","","","","","","932-0836","富山県小矢部市埴生1840","","","","","","","","","","","","","","","3230001009106","","","",""
"有限会社浜工務店","1501964373549","","","","","","","696-0102","島根県邑智郡邑南町中野3582-6","","","","","","","","","","","","","","","1280002009614","","","",""
"有限会社浜田石材工業","7520745897467","","","","","","","960-1801","福島県相馬郡飯舘村草野大師堂55","","","","","","","","","","","","","","","5380002029648","","","",""
"浜頓別砂利工業株式会社","4720236330148","","","","","","","097-0013","北海道稚内市若葉台2188-6","","","","","","","","","","","","","","","7450001008759","","","",""
"浜西石材株式会社","9501611957590","","","","","","","763-0082","香川県丸亀市土器町東六丁目297","","","","","","","","","","","","","","","4470001007588","","","",""
"浜日商亊株式会社","9988110357966","","","","","","","431-3105","静岡県浜松市中央区笠井新田町135","","","","","","","","","","","","","","","4080401004423","","","",""
"有限会社浜野商店","2533829801174","","","","","","","804-0074","福岡県北九州市戸畑区南鳥旗町4-23","","","","","","","","","","","","","","","2290802005141","","","",""
"浜松地区建設事業協同組合","8672519361212","","","","","","","432-8022","静岡県浜松市中央区山手町15-19","","","","","","","","","","","","","","","2080405000536","","","",""
"早川開発株式会社","4283959526419","","","","","","","409-2705","山梨県南巨摩郡早川町早川1581","","","","","","","","","","","","","","","8090001012078","","","",""
"早川砂利協同組合","2551562756598","","","","","","","409-2725","山梨県南巨摩郡早川町小縄26","","","","","","","","","","","","","","","6090005005906","","","",""
"株式会社林建材","1858322819679","","","","","","","627-0121","京都府京丹後市弥栄町堤220","","","","","","","","","","","","","","","7130001042831","","","",""
"林興業株式会社","4879392000732","","","","","","","974-8261","福島県いわき市植田町根小屋65-1","","","","","","","","","","","","","","","2380001013655","","","",""
"ハヤシ産業株式会社","7121404152276","","","","","","","197-0814","東京都あきる野市二宮1082-236","","","","","","","","","","","","","","","9013101001139","","","",""
"有限会社林重機工業","9140719225119","","","","","","","088-2305","北海道川上郡標茶町麻生七丁目17","","","","","","","","","","","","","","","2460002004934","","","",""
"株式会社林総業","3338968483621","","","","","","","287-0105","千葉県香取市沢2610-6","","","","","","","","","","","","","","","6040001087639","","","",""
"株式会社早月川採取所","7958513062591","","","","","","","930-0434","富山県中新川郡上市町下田1","","","","","","","","","","","","","","","7230001004813","","","",""
"株式会社早出川建設","3182189838153","","","","","","","959-1604","新潟県五泉市論瀬8797-1","","","","","","","","","","","","","","","4110001011717","","","",""
"早出川骨材協同組合","5141495959439","","","","","","","959-1636","新潟県五泉市大蔵1715-1","","","","","","","","","","","","","","","2110005003984","","","",""
"羽山砕石株式会社","6625052927227","","","","","","","989-1103","宮城県白石市白川犬卒都婆羽山50","","","","","","","","","","","","","","","8370101001381","","","",""
"有限会社原口石材","3359815299186","","","","","","","835-0007","福岡県みやま市瀬高町長田2691-2","","","","","","","","","","","","","","","8290002053489","","","",""
"有限会社原建材","3548377684185","","","","","","","258-0112","神奈川県足柄上郡山北町岸382","","","","","","","","","","","","","","","7021002055825","","","",""
"有限会社原田建材","2872074654174","","","","","","","399-4432","長野県伊那市東春近686-3","","","","","","","","","","","","","","","8100002033146","","","",""
"ハラダ工業株式会社","3286178687489","","","","","","","077-0007","北海道留萌市栄町二丁目7-31","","","","","","","","","","","","","","","1450001008970","","","",""
"原陶土産業株式会社","4224448928417","","","","","","","509-7605","岐阜県恵那市山岡町原921-1","","","","","","","","","","","","","","","3200001023992","","","",""
"株式会社原山産業","5856622428219","","","","","","","323-1101","栃木県栃木市藤岡町大前748","","","","","","","","","","","","","","","5060001016951","","","",""
"株式会社張本創研","5689657083536","","","","","","","854-1123","長崎県諫早市飯盛町里1878-2","","","","","","","","","","","","","","","8310002015932","","","",""
"ハルナ軽石興業株式会社","9082227528199","","","","","","","370-0031","群馬県高崎市上大類町854-6","","","","","","","","","","","","","","","2070001008117","","","",""
"飯伊砂利採取販売協同組合","9193067800816","","","","","","","395-0003","長野県飯田市上郷別府3341-7","","","","","","","","","","","","","","","1100005009554","","","",""
"株式会社ハンエイ","9577704614339","","","","","","","010-1617","秋田県秋田市新屋松美ガ丘東町6-21","","","","","","","","","","","","","","","7410001002105","","","",""
"梅光産業株式会社","2299434269232","","","","","","","801-0812","福岡県北九州市門司区大字喜多久20","","","","","","","","","","","","","","","5290801005643","","","",""
"バクサイ工業株式会社","5620160291322","","","","","","","716-1403","岡山県真庭市宮地2252","","","","","","","","","","","","","","","6260001022945","","","",""
"有限会社抜海運送","6144380831582","","","","","","","097-0015","北海道稚内市朝日一丁目4-5","","","","","","","","","","","","","","","7450002011092","","","",""
"株式会社パワー・ウイング","1021094497387","","","","","","","895-0031","鹿児島県薩摩川内市勝目町6184-4","","","","","","","","","","","","","","","4340001013517","","","",""
"有限会社光建設","8489051083644","","","","","","","672-0101","兵庫県姫路市家島町真浦2516-1","","","","","","","","","","","","","","","3140002051883","","","",""
"光砕石有限会社","7863656917048","","","","","","","816-0904","福岡県大野城市大池二丁目8-9","","","","","","","","","","","","","","","3290002041382","","","",""
"光砂利株式会社","7817803123191","","","","","","","743-0022","山口県光市虹ケ浜三丁目8-31","","","","","","","","","","","","","","","8250001010305","","","",""
"有限会社比嘉砕石","1092057599329","","","","","","","904-0416","沖縄県国頭郡恩納村字山田2131","","","","","","","","","","","","","","","5360002020195","","","",""
"株式会社東谷山家","9142890776099","","","","","","","803-0182","福岡県北九州市小倉南区大字小森507-1","","","","","","","","","","","","","","","3290801003112","","","",""
"有限会社東津野砕石工業","8817632990719","","","","","","","785-0502","高知県高岡郡津野町北川3744","","","","","","","","","","","","","","","4490002011075","","","",""
"有限会社東通総合計画","8068168740203","","","","","","","035-0002","青森県下北郡東通村大字目名九根合5-2","","","","","","","","","","","","","","","1420002019961","","","",""
"東日本産業株式会社","3742070470618","","","","","","","049-2141","北海道茅部郡森町字駒ヶ岳230-13","","","","","","","","","","","","","","","6440001006186","","","",""
"有限会社東山石材工業","7274195587692","","","","","","","963-1244","福島県郡山市田村町栃本市穀78-2","","","","","","","","","","","","","","","7380002013740","","","",""
"日置川開発株式会社","6661366562522","","","","","","","649-2511","和歌山県西牟婁郡白浜町日置525","","","","","","","","","","","","","","","2170001009006","","","",""
"有限会社引間建材","9684548451569","","","","","","","949-8551","新潟県十日町市馬場甲664-2","","","","","","","","","","","","","","","8110002025786","","","",""
"有限会社樋口建材","4439276954890","","","","","","","386-1543","長野県上田市岡283-3","","","","","","","","","","","","","","","7100002015319","","","",""
"有限会社樋口建材","4945026762967","","","","","","","510-1251","三重県三重郡菰野町大字千草5095","","","","","","","","","","","","","","","3190002023886","","","",""
"株式会社瓢屋","6585384952721","","","","","","","456-0031","愛知県名古屋市熱田区神宮三丁目10-10","","","","","","","","","","","","","","","5180001022657","","","",""
"株式会社久田組","2385823889584","","","","","","","441-3427","愛知県田原市加治町諸田58-1","","","","","","","","","","","","","","","3180301007764","","","",""
"常陸砕石株式会社","1991450800618","","","","","","","313-0022","茨城県常陸太田市真弓町1854","","","","","","","","","","","","","","","3050001026565","","","",""
"日高中部砂利協同組合","5602816443784","","","","","","","056-0143","北海道日高郡新ひだか町静内豊畑1339-2","","","","","","","","","","","","","","","4430005009262","","","",""
"飛驒川砕石有限会社","4858627826427","","","","","","","509-0402","岐阜県加茂郡七宗町川並39-19","","","","","","","","","","","","","","","5200002016779","","","",""
"有限会社飛岳石材","6907396262459","","","","","","","869-3601","熊本県上天草市大矢野町登立534-7","","","","","","","","","","","","","","","5330002029743","","","",""
"飛騨建設ホールディングス株式会社","9003190672039","","","","","","","506-0008","岐阜県高山市初田町三丁目45-2","","","","","","","","","","","","","","","2200001025453","","","",""
"人の森株式会社","8245624822708","","","","","","","243-0422","神奈川県海老名市中新田1762","","","","","","","","","","","","","","","5021001026853","","","",""
"人吉球磨砂利協同組合","1304527456390","","","","","","","868-0023","熊本県人吉市北泉田町202-9","","","","","","","","","","","","","","","2330005007641","","","",""
"株式会社日の出","9769931191281","","","","","","","505-0016","岐阜県美濃加茂市牧野796","","","","","","","","","","","","","","","1200001018755","","","",""
"姫路砂利砕石事業協同組合","5282980532450","","","","","","","671-2136","兵庫県姫路市夢前町護持1340-1","","","","","","","","","","","","","","","7140005013563","","","",""
"有限会社桧山工業","1449464674383","","","","","","","049-0625","北海道檜山郡上ノ国町字豊田35-6","","","","","","","","","","","","","","","8440002009772","","","",""
"ひゅうが土販売株式会社","3462620841681","","","","","","","889-4504","宮崎県都城市高崎町東霧島920","","","","","","","","","","","","","","","7350001008538","","","",""
"有限会社飛裕建材興業","4510241336401","","","","","","","198-0052","東京都青梅市長淵四丁目481-5","","","","","","","","","","","","","","","5013102007378","","","",""
"日吉鉱業株式会社","9615375387497","","","","","","","503-2305","岐阜県安八郡神戸町大字神戸1605","","","","","","","","","","","","","","","6200001014634","","","",""
"有限会社平井石産","9817040827800","","","","","","","762-0017","香川県坂出市高屋町509-3","","","","","","","","","","","","","","","7470002015273","","","",""
"株式会社平岡砂利","3766230401441","","","","","","","399-1201","長野県下伊那郡天龍村平岡327","","","","","","","","","","","","","","","8100001023164","","","",""
"平岡向井石材有限会社","9055497586214","","","","","","","799-1511","愛媛県今治市上徳乙114-1","","","","","","","","","","","","","","","5500002020362","","","",""
"有限会社平鹿建材","6974868267484","","","","","","","039-2241","青森県八戸市大字市川町向谷地54-2","","","","","","","","","","","","","","","7420002008496","","","",""
"有限会社平賀建材","9929800529854","","","","","","","283-0823","千葉県東金市山田1296-2","","","","","","","","","","","","","","","5040002077672","","","",""
"有限会社平澤組","8819779603167","","","","","","","396-0012","長野県伊那市上新田2658","","","","","","","","","","","","","","","9100002033194","","","",""
"有限会社平沢工業","2805237426489","","","","","","","501-5303","岐阜県郡上市高鷲町大鷲3245","","","","","","","","","","","","","","","4200002027942","","","",""
"有限会社平沢工業","6510390966252","","","","","","","329-3445","栃木県那須郡那須町大字東岩崎368-1","","","","","","","","","","","","","","","4060002023246","","","",""
"平田海運株式会社","2322121569248","","","","","","","847-0861","佐賀県唐津市二タ子三丁目212","","","","","","","","","","","","","","","4300001007316","","","",""
"株式会社平田工業","9372306920163","","","","","","","462-0808","愛知県名古屋市北区上飯田通三丁目13","","","","","","","","","","","","","","","3180001052862","","","",""
"平野商事株式会社","3956990872983","","","","","","","518-0802","三重県伊賀市平野樋之口277-1","","","","","","","","","","","","","","","1190001025745","","","",""
"有限会社平間砕石","6443057315854","","","","","","","989-2471","宮城県岩沼市小川上河原68","","","","","","","","","","","","","","","1370802001050","","","",""
"株式会社平山","4418036878686","","","","","","","314-0033","茨城県鹿嶋市鉢形台三丁目1-2","","","","","","","","","","","","","","","9050001020348","","","",""
"有限会社ヒルタ製作所","7924771076924","","","","","","","974-8212","福島県いわき市東田町二丁目15-15","","","","","","","","","","","","","","","9380002025651","","","",""
"広井工業株式会社","7784224323999","","","","","","","368-0034","埼玉県秩父市日野田町一丁目3-9","","","","","","","","","","","","","","","2030001090911","","","",""
"株式会社廣浦","3507512102548","","","","","","","557-0063","大阪府大阪市西成区南津守六丁目1-103","","","","","","","","","","","","","","","5120001004173","","","",""
"広浦鉱業株式会社","5142194385570","","","","","","","142-0043","東京都品川区二葉一丁目6-2","","","","","","","","","","","","","","","1010701008372","","","",""
"株式会社博国砕石","2931727371610","","","","","","","507-0047","岐阜県多治見市富士見町三丁目8-2 代表者代表取締役社長藤田武","","","","","","","","","","","","","","","4200001020956","","","",""
"有限会社弘嶋建材","4805073263795","","","","","","","780-8065","高知県高知市朝倉戊1347","","","","","","","","","","","","","","","8490002004372","","","",""
"広島資材株式会社","8226677614849","","","","","","","738-0021","広島県廿日市市木材港北4-33","","","","","","","","","","","","","","","4240001028095","","","",""
"株式会社廣末工業","1501416843044","","","","","","","803-0184","福岡県北九州市小倉南区大字木下677-8","","","","","","","","","","","","","","","6320001009085","","","",""
"株式会社広瀬土建資材","8815983359592","","","","","","","692-0403","島根県安来市広瀬町富田1535-5","","","","","","","","","","","","","","","9280002004483","","","",""
"株式会社ｈｉｒｏｔａ","4619334962236","","","","","","","322-0007","栃木県鹿沼市武子1646","","","","","","","","","","","","","","","8060001026592","","","",""
"株式会社ヒロックス","6009736260971","","","","","","","771-5209","徳島県那賀郡那賀町小仁宇舟津の上10-1","","","","","","","","","","","","","","","2480001006822","","","",""
"日和崎運輸株式会社","3682905826213","","","","","","","780-0000","高知県高知市仁井田朝日ヶ丘4567","","","","","","","","","","","","","","","6490001000119","","","",""
"美瑛川砂利砕石販売協業組合","9102120427294","","","","","","","071-0226","北海道上川郡美瑛町字下宇莫別5","","","","","","","","","","","","","","","3450005002035","","","",""
"株式会社ビーケーマルチサービス","5451402912075","","","","","","","430-0927","静岡県浜松市中央区旭町6-1","","","","","","","","","","","","","","","3080401006172","","","",""
"美興砂利工業株式会社","6196047778828","","","","","","","098-2233","北海道中川郡美深町字東三条南一丁目8","","","","","","","","","","","","","","","7450001007430","","","",""
"株式会社備南","2519785745882","","","","","","","721-0956","広島県福山市箕沖町38-2","","","","","","","","","","","","","","","6240001031774","","","",""
"有限会社平取産業開発","1326745173738","","","","","","","055-0411","北海道沙流郡平取町振内町27-2","","","","","","","","","","","","","","","1430002063034","","","",""
"合同会社深田建材","4271564811500","","","","","","","873-0005","大分県杵築市大字猪尾1530-1","","","","","","","","","","","","","","","5320003002337","","","",""
"株式会社深田組","6216942739790","","","","","","","438-0111","静岡県磐田市上野部412-1","","","","","","","","","","","","","","","2080401016602","","","",""
"株式会社深田建材販売","9046453523296","","","","","","","410-3501","静岡県賀茂郡西伊豆町宇久須2122-1","","","","","","","","","","","","","","","3080101018963","","","",""
"深見工業有限会社","5805197797695","","","","","","","859-3241","長崎県佐世保市有福町536-101","","","","","","","","","","","","","","","5310002012791","","","",""
"吹上建材株式会社","5935679252539","","","","","","","920-2314","石川県白山市河内町吹上イ80","","","","","","","","","","","","","","","9220001000019","","","",""
"株式会社吹上工業","2164030850848","","","","","","","891-0131","鹿児島県鹿児島市谷山港二丁目21","","","","","","","","","","","","","","","2340001003668","","","",""
"株式会社福井工業","9374428633372","","","","","","","620-0000","京都府福知山市字岡ノ32","","","","","","","","","","","","","","","6130001041248","","","",""
"福井セキサン株式会社","1546080761493","","","","","","","910-4277","福井県あわら市波松56-1-1","","","","","","","","","","","","","","","2210001003029","","","",""
"株式会社福岡組","3939447311695","","","","","","","916-0034","福井県鯖江市下新庄町58-1-2","","","","","","","","","","","","","","","2210001013201","","","",""
"福岡建設資材採取販売協同組合","9804513334377","","","","","","","812-0055","福岡県福岡市東区東浜二丁目82-12","","","","","","","","","","","","","","","8290005002088","","","",""
"福岡砕石販売株式会社","1349004033725","","","","","","","811-4205","福岡県遠賀郡岡垣町大字三吉1229","","","","","","","","","","","","","","","2290801023466","","","",""
"福島瓦工業株式会社","4257066462336","","","","","","","963-0533","福島県郡山市日和田町八丁目鍛治ケ入102-5","","","","","","","","","","","","","","","8380001006471","","","",""
"福島県南砕石協同組合","4325111412423","","","","","","","961-0403","福島県白河市表郷番沢松上86-1","","","","","","","","","","","","","","","4380005004640","","","",""
"福島県北砕石販売協同組合","8586470878216","","","","","","","960-8252","福島県福島市御山検田91-1","","","","","","","","","","","","","","","5380005000358","","","",""
"株式会社福島砂利丸福生コン","3663218728642","","","","","","","949-8615","新潟県十日町市中条甲2144 甲","","","","","","","","","","","","","","","5110001021228","","","",""
"福島石灰株式会社","7790865945047","","","","","","","110-0002","東京都台東区上野桜木一丁目13-6","","","","","","","","","","","","","","","3010001006868","","","",""
"有限会社福翔","1621220603555","","","","","","","848-0035","佐賀県伊万里市二里町大里乙1700","","","","","","","","","","","","","","","4300002008073","","","",""
"福寿石材有限会社","1586133791507","","","","","","","794-2202","愛媛県今治市宮窪町余所国549-10","","","","","","","","","","","","","","","4500002020363","","","",""
"株式会社フクタ","9744737573634","","","","","","","028-6722","岩手県二戸市福田中屋敷3-1","","","","","","","","","","","","","","","5400001007783","","","",""
"有限会社福田産業","1010744420081","","","","","","","813-0035","福岡県福岡市東区松崎一丁目59-17","","","","","","","","","","","","","","","6290002024376","","","",""
"福田石材株式会社","3731948188942","","","","","","","951-8131","新潟県新潟市中央区白山浦一丁目614 白山ビル9F","","","","","","","","","","","","","","","8110001004881","","","",""
"福田土木株式会社","4540247222957","","","","","","","916-1105","福井県鯖江市吉谷町45-123","","","","","","","","","","","","","","","4210001016912","","","",""
"福博砂利販売協同組合","8298711948487","","","","","","","812-0055","福岡県福岡市東区東浜二丁目82-12","","","","","","","","","","","","","","","2290005002399","","","",""
"株式会社福原砕石","2981288849096","","","","","","","787-0033","高知県四万十市中村大橋通七丁目13-3","","","","","","","","","","","","","","","3490001004873","","","",""
"福村石材工業株式会社","7342863279653","","","","","","","891-1231","鹿児島県鹿児島市小山田町10472","","","","","","","","","","","","","","","9340001003703","","","",""
"株式会社普賢産業","9142693371328","","","","","","","892-0817","鹿児島県鹿児島市小川町27-2","","","","","","","","","","","","","","","5340001005661","","","",""
"株式会社富国建設工業社","7535165590220","","","","","","","744-0027","山口県下松市南花岡三丁目12-19","","","","","","","","","","","","","","","6250001009786","","","",""
"藤井＿業株式会社","9461687710492","","","","","","","489-0843","愛知県瀬戸市惣作町155","","","","","","","","","","","","","","","1180001079189","","","",""
"有限会社藤井石材工業","8046836443137","","","","","","","963-3524","福島県田村郡小野町大字浮金山口279","","","","","","","","","","","","","","","3380002015071","","","",""
"富士川興業株式会社","8107981624684","","","","","","","409-2103","山梨県南巨摩郡南部町万沢1505","","","","","","","","","","","","","","","8090001012292","","","",""
"富士建材株式会社","4547713392093","","","","","","","779-3302","徳島県吉野川市川島町山田大塚51-6","","","","","","","","","","","","","","","2480001004537","","","",""
"有限会社富士建材","1302805898270","","","","","","","959-2215","新潟県阿賀野市六野瀬2436-1","","","","","","","","","","","","","","","4110002013349","","","",""
"株式会社富士建設","3996021079200","","","","","","","672-0102","兵庫県姫路市家島町宮2165-3","","","","","","","","","","","","","","","9140001062538","","","",""
"富士工業有限会社","6013452361844","","","","","","","859-0165","長崎県諫早市小長井町小川原浦2067-1","","","","","","","","","","","","","","","3310002017826","","","",""
"株式会社藤坂","8813982273904","","","","","","","327-0504","栃木県佐野市中町1532","","","","","","","","","","","","","","","7060001020927","","","",""
"有限会社藤坂建材","8196262141658","","","","","","","440-0842","愛知県豊橋市岩屋町岩屋下88-2","","","","","","","","","","","","","","","9180302009465","","","",""
"株式会社藤崎建材","7139117423622","","","","","","","311-2434","茨城県潮来市島須2409","","","","","","","","","","","","","","","2050001021583","","","",""
"有限会社藤咲建材","1830079571497","","","","","","","913-0002","福井県坂井市三国町加戸96-20","","","","","","","","","","","","","","","2210002009198","","","",""
"藤澤建材株式会社","3420356833798","","","","","","","389-2414","長野県飯山市大字常盤6729-1","","","","","","","","","","","","","","","4100001012468","","","",""
"有限会社藤沢砕石","7255744764385","","","","","","","029-3405","岩手県一関市藤沢町藤沢平蕨1-4","","","","","","","","","","","","","","","5400502001401","","","",""
"藤忠砕石有限会社","2251522026822","","","","","","","028-7111","岩手県八幡平市大更第二十六地割18-2","","","","","","","","","","","","","","","2400002007587","","","",""
"株式会社フジタ農工","4158465361742","","","","","","","014-0072","秋田県大仙市大曲西根仁応治72-4","","","","","","","","","","","","","","","9410001008059","","","",""
"冨士断熱工業株式会社","4117692016210","","","","","","","926-0171","石川県七尾市石崎町マ部6","","","","","","","","","","","","","","","9220001015495","","","",""
"株式会社富士通商相馬","3941843899309","","","","","","","976-0042","福島県相馬市中村新町184","","","","","","","","","","","","","","","1380001024918","","","",""
"株式会社フジトウ総建","5702176210904","","","","","","","470-0462","愛知県豊田市上渡合町萩平308-19","","","","","","","","","","","","","","","1180301019877","","","",""
"冨士トンボ礦業株式会社","1776396880058","","","","","","","639-0252","奈良県香芝市穴虫1085","","","","","","","","","","","","","","","8150001013334","","","",""
"富士土石工業株式会社","8707764672046","","","","","","","933-0802","富山県高岡市蓮花寺377","","","","","","","","","","","","","","","7230001010794","","","",""
"藤野建設株式会社","3853255955979","","","","","","","431-1115","静岡県浜松市中央区和地町6320","","","","","","","","","","","","","","","7080401004701","","","",""
"冨士野石材有限会社","6603565861359","","","","","","","731-5145","広島県広島市佐伯区隅の浜三丁目3-37","","","","","","","","","","","","","","","1240002014510","","","",""
"藤村石材興業株式会社","7563588721314","","","","","","","794-2202","愛媛県今治市宮窪町余所国549-6","","","","","","","","","","","","","","","6500001012946","","","",""
"有限会社藤本産業","4584650140764","","","","","","","779-3601","徳島県美馬市脇町拝原40-114","","","","","","","","","","","","","","","5480002015019","","","",""
"藤森建設工業株式会社","9022306866182","","","","","","","380-0803","長野県長野市三輪六丁目7-6","","","","","","","","","","","","","","","7100001002994","","","",""
"藤森砕石株式会社","8156856566009","","","","","","","382-0800","長野県上高井郡高山村大字中山67-1","","","","","","","","","","","","","","","9100001029103","","","",""
"藤森鉄平石株式会社","4631203367135","","","","","","","392-0004","長野県諏訪市諏訪一丁目13-8","","","","","","","","","","","","","","","9011801004196","","","",""
"株式会社双葉","6172593109096","","","","","","","322-0344","栃木県鹿沼市西沢町1237","","","","","","","","","","","","","","","9060001010760","","","",""
"双葉海陸株式会社","8520851047144","","","","","","","865-0055","熊本県玉名市大浜町2173-1","","","","","","","","","","","","","","","4330002026353","","","",""
"株式会社双葉建設","4322751146734","","","","","","","037-0302","青森県北津軽郡中泊町大字薄市玉清水50-1","","","","","","","","","","","","","","","9420001013272","","","",""
"二葉建設株式会社","1752711490047","","","","","","","412-0043","静岡県御殿場市新橋1826-3","","","","","","","","","","","","","","","1080101004239","","","",""
"株式会社二葉商事","3727011557963","","","","","","","104-0053","東京都中央区晴海五丁目1-17 ザ・晴海レジデンス713号室","","","","","","","","","","","","","","","3370601003460","","","",""
"有限会社淵野陶土","3757309423012","","","","","","","849-1415","佐賀県嬉野市塩田町大字大草野丙1880","","","","","","","","","","","","","","","9300002007021","","","",""
"株式会社淵脇鉱業","5396070415830","","","","","","","896-0078","鹿児島県いちき串木野市生福8145","","","","","","","","","","","","","","","8340001009288","","","",""
"船尾鉱山株式会社","9996725036946","","","","","","","826-0041","福岡県田川市大字弓削田2803-1","","","","","","","","","","","","","","","6290801016466","","","",""
"株式会社舟場組","1248440715319","","","","","","","923-1276","石川県能美郡川北町字橘ケ12","","","","","","","","","","","","","","","6220001008816","","","",""
"株式会社船橋商事","6641561088517","","","","","","","029-4202","岩手県奥州市前沢白山船橋55","","","","","","","","","","","","","","","5400601000592","","","",""
"株式会社ＦｒｅｅＮＯＶＡ","6475530461313","","","","","","","322-0006","栃木県鹿沼市富岡163-2","","","","","","","","","","","","","","","2060002019964","","","",""
"株式会社古永建設","1789696477374","","","","","","","925-0076","石川県羽咋市鹿島路町1576","","","","","","","","","","","","","","","4220001016119","","","",""
"株式会社フルオカ","9228815264472","","","","","","","399-0038","長野県松本市小屋南二丁目19-1","","","","","","","","","","","","","","","3100001013987","","","",""
"古河機械金属株式会社","7923219464151","","","","","","","100-0004","東京都千代田区大手町二丁目6-4","","","","","","","","","","","","","","","7010001008803","","","",""
"古河ケミカルズ株式会社","3659587210840","","","","","","","555-0043","大阪府大阪市西淀川区大野三丁目7-196","","","","","","","","","","","","","","","1120001110207","","","",""
"古河メタルリソース株式会社","8481664318766","","","","","","","100-0004","東京都千代田区大手町二丁目6-4","","","","","","","","","","","","","","","2010001086738","","","",""
"株式会社ふるさと石産","5359050226243","","","","","","","389-2102","長野県中野市大字上今井190","","","","","","","","","","","","","","","8100001012340","","","",""
"株式会社古田産業","3628077946789","","","","","","","591-8022","大阪府堺市北区金岡町2011-4","","","","","","","","","","","","","","","6490001002040","","","",""
"有限会社古屋石材興業","5411394258670","","","","","","","404-0012","山梨県山梨市牧丘町室伏50","","","","","","","","","","","","","","","9090002010872","","","",""
"株式会社ＢＯＯ","8492536171914","","","","","","","370-1401","群馬県藤岡市鬼石184","","","","","","","","","","","","","","","4070001025416","","","",""
"武甲鉱業株式会社","5254971526355","","","","","","","350-1205","埼玉県日高市大字原宿721","","","","","","","","","","","","","","","6030001090197","","","",""
"豊前久保田海運株式会社","4355565092907","","","","","","","801-0853","福岡県北九州市門司区東港町4-2","","","","","","","","","","","","","","","1290801005696","","","",""
"分田砂利採取協同組合","8388509306119","","","","","","","959-2074","新潟県阿賀野市分田2602","","","","","","","","","","","","","","","1110005003655","","","",""
"株式会社プロス","7026246899986","","","","","","","153-0042","東京都目黒区青葉台二丁目21-13 803号室","","","","","","","","","","","","","","","5011001125061","","","",""
"プロパン荷役株式会社","8425793344957","","","","","","","064-0913","北海道札幌市中央区南十三条西九丁目2-11","","","","","","","","","","","","","","","4430001015438","","","",""
"有限会社プロミック","6171582393336","","","","","","","480-1207","愛知県瀬戸市品野町二丁目298-2","","","","","","","","","","","","","","","1180002074024","","","",""
"平和園コーラル有限会社","9767522531878","","","","","","","901-0333","沖縄県糸満市字摩文仁424-1","","","","","","","","","","","","","","","8360002009351","","","",""
"株式会社平和石販","3603857556436","","","","","","","761-0121","香川県高松市牟礼町牟礼3565","","","","","","","","","","","","","","","6470001015911","","","",""
"有限会社平和産業","4503785640753","","","","","","","866-0101","熊本県上天草市姫戸町姫浦909-58","","","","","","","","","","","","","","","5330002029025","","","",""
"ヘーブ屋サンド興業株式会社","7367169822833","","","","","","","891-9111","鹿児島県大島郡和泊町大字手々知名153","","","","","","","","","","","","","","","6340001010272","","","",""
"株式会社ベクトル","4749570030082","","","","","","","650-0023","兵庫県神戸市中央区栄町通六丁目1-18 202号","","","","","","","","","","","","","","","3140001033271","","","",""
"別海貨物株式会社","1054931487286","","","","","","","086-0651","北海道野付郡別海町中春別東町30","","","","","","","","","","","","","","","6462501000237","","","",""
"ベルミテック株式会社","7076015558068","","","","","","","370-1301","群馬県高崎市新町1445","","","","","","","","","","","","","","","9070001010322","","","",""
"ベントナイト産業株式会社","3352764235149","","","","","","","103-0004","東京都中央区東日本橋三丁目6-18","","","","","","","","","","","","","","","2010001056633","","","",""
"有限会社豊栄海運","5333914984638","","","","","","","771-0216","徳島県板野郡松茂町長原555","","","","","","","","","","","","","","","5480002011315","","","",""
"株式会社豊榮建設","9574553833941","","","","","","","522-0322","滋賀県犬上郡多賀町大字佐目東谷139-4","","","","","","","","","","","","","","","9160001008729","","","",""
"株式会社豊商","5756147846683","","","","","","","480-1102","愛知県長久手市前熊寺田154-1","","","","","","","","","","","","","","","5180001106880","","","",""
"豊德鑛山株式会社","7861475498564","","","","","","","470-0356","愛知県豊田市八草町向田1347-8","","","","","","","","","","","","","","","2180001079997","","","",""
"宝来建設工業有限会社","7701118281010","","","","","","","737-2313","広島県江田島市沖美町是長944-1","","","","","","","","","","","","","","","1240002035845","","","",""
"株式会社北‐栄","4319880323379","","","","","","","903-0811","沖縄県那覇市首里赤平町二丁目4 2階","","","","","","","","","","","","","","","6360001009420","","","",""
"株式会社北栄産業","4915123938222","","","","","","","959-2708","新潟県胎内市中村浜1162","","","","","","","","","","","","","","","8110001013503","","","",""
"有限会社北栄産業","5568320154477","","","","","","","057-0002","北海道浦河郡浦河町字西幌別35","","","","","","","","","","","","","","","6430002062378","","","",""
"北州産業株式会社","4702601005608","","","","","","","804-0062","福岡県北九州市戸畑区浅生二丁目11-3","","","","","","","","","","","","","","","3290801003434","","","",""
"有限会社北信開発","7660608643847","","","","","","","059-1361","北海道苫小牧市字美沢185-1","","","","","","","","","","","","","","","1430002059890","","","",""
"北辰鉱業株式会社","7755473530483","","","","","","","150-0031","東京都渋谷区桜丘町22-20","","","","","","","","","","","","","","","2011001021651","","","",""
"北振興業株式会社","6611855077672","","","","","","","031-0841","青森県八戸市大字鮫町下須田15-1","","","","","","","","","","","","","","","2420001006563","","","",""
"北新工業株式会社","7461183718470","","","","","","","018-3501","秋田県大館市岩瀬奥目名市38","","","","","","","","","","","","","","","3410001006877","","","",""
"北新砂利株式会社","4202955499372","","","","","","","090-0052","北海道北見市北進町七丁目5-20","","","","","","","","","","","","","","","9460301000958","","","",""
"有限会社北成興業","4652584920026","","","","","","","052-0035","北海道伊達市長和町370-1","","","","","","","","","","","","","","","2430002063446","","","",""
"北泉開発株式会社","5362590410295","","","","","","","085-0241","北海道釧路市阿寒町中阿寒十八線38-1","","","","","","","","","","","","","","","1460001001512","","","",""
"北拓砂利砕石株式会社","3796504250037","","","","","","","086-1600","北海道標津郡標津町字川北北七線西3","","","","","","","","","","","","","","","2462501000249","","","",""
"有限会社北斗開発","9562583380613","","","","","","","722-1121","広島県世羅郡世羅町大字西上原1541-3","","","","","","","","","","","","","","","7240002052785","","","",""
"北斗鉱産株式会社","1780653760721","","","","","","","049-0136","北海道北斗市峩朗54","","","","","","","","","","","","","","","9440001001085","","","",""
"有限会社ホクヒン開発","7766901323359","","","","","","","922-0552","石川県加賀市田尻町浜山3-16","","","","","","","","","","","","","","","2220002012845","","","",""
"北洋砂利株式会社","5312498973585","","","","","","","073-0101","北海道砂川市空知太東一条六丁目1-7","","","","","","","","","","","","","","","7430001048674","","","",""
"北洋砂利販売株式会社","4234508613747","","","","","","","098-5955","北海道枝幸郡枝幸町音標194-2","","","","","","","","","","","","","","","3450001007772","","","",""
"北陸サンドヒルズ株式会社","3307112354791","","","","","","","910-4277","福井県あわら市波松56 字下山1番地1","","","","","","","","","","","","","","","7210001009038","","","",""
"北陸砂利鉱業株式会社","6092354952782","","","","","","","939-2713","富山県富山市婦中町上轡田678-1","","","","","","","","","","","","","","","4230001003000","","","",""
"北陸石産株式会社","8643144305759","","","","","","","941-0071","新潟県糸魚川市大字大野1273","","","","","","","","","","","","","","","6110005010746","","","",""
"北林採石株式会社","7421638853561","","","","","","","093-0032","北海道網走市港町118-1","","","","","","","","","","","","","","","2460301003240","","","",""
"株式会社星商店","4127169209956","","","","","","","190-0021","東京都立川市羽衣町三丁目2-16","","","","","","","","","","","","","","","6012801001500","","","",""
"星田建設株式会社","5446625859633","","","","","","","956-0113","新潟県新潟市秋葉区矢代田705-5","","","","","","","","","","","","","","","2110001007279","","","",""
"株式会社ホージュン","3512233945402","","","","","","","379-0133","群馬県安中市原市1433-1","","","","","","","","","","","","","","","3070001010071","","","",""
"細倉金属鉱業株式会社","3572496928422","","","","","","","989-5402","宮城県栗原市鶯沢南郷荒町48","","","","","","","","","","","","","","","2370201003168","","","",""
"北海産商株式会社","6746412524358","","","","","","","059-1364","北海道苫小牧市字沼ノ端2-67","","","","","","","","","","","","","","","2430001053786","","","",""
"有限会社北海商事","5064944332490","","","","","","","330-0071","埼玉県さいたま市浦和区上木崎八丁目7-2","","","","","","","","","","","","","","","1290002045955","","","",""
"北海砂利工業有限会社","5703043287024","","","","","","","099-0878","北海道北見市東相内町628-3","","","","","","","","","","","","","","","9460302001328","","","",""
"北海道シエル工業株式会社","6781480909990","","","","","","","085-0000","北海道釧路市阿寒町西徹別北3-3","","","","","","","","","","","","","","","4460001001583","","","",""
"北海道砂利工業組合","9717101862547","","","","","","","060-0042","北海道札幌市中央区大通西八丁目2-38","","","","","","","","","","","","","","","1430005002897","","","",""
"北晃工業株式会社","8898339225641","","","","","","","055-0411","北海道沙流郡平取町振内町27-2","","","","","","","","","","","","","","","1430001055767","","","",""
"北砲興発株式会社","6856413028876","","","","","","","036-0514","青森県黒石市富田142","","","","","","","","","","","","","","","2420001010004","","","",""
"株式会社堀居組","1622315388800","","","","","","","914-0061","福井県敦賀市蓬萊町10-17","","","","","","","","","","","","","","","1210001010760","","","",""
"堀江化工株式会社","5978502104715","","","","","","","695-0002","島根県江津市浅利町150","","","","","","","","","","","","","","","9280001004617","","","",""
"有限会社堀苑運送","5330197727581","","","","","","","899-7402","鹿児島県志布志市有明町野井倉7725","","","","","","","","","","","","","","","6340002028355","","","",""
"ホリミネラロジー株式会社","1218399224328","","","","","","","176-0013","東京都練馬区豊玉中四丁目13-18","","","","","","","","","","","","","","","1011601002201","","","",""
"本郷砕石株式会社","3689452622736","","","","","","","910-0142","福井県福井市上森田五丁目601","","","","","","","","","","","","","","","7210001003395","","","",""
"有限会社本郷砂利店","3266777002299","","","","","","","981-3112","宮城県仙台市泉区八乙女一丁目4-1 207","","","","","","","","","","","","","","","7370002001688","","","",""
"本州採石有限会社","3227414892335","","","","","","","501-4610","岐阜県郡上市大和町島上洞7018-8","","","","","","","","","","","","","","","8200002027963","","","",""
"有限会社本荘浜砂利店","4377327670161","","","","","","","018-0601","秋田県由利本荘市西目町海士剝海士剝下61-4","","","","","","","","","","","","","","","1410002007001","","","",""
"本田建設株式会社","8487829324203","","","","","","","939-0665","富山県下新川郡入善町本村15","","","","","","","","","","","","","","","1230001007549","","","",""
"有限会社本田興業","3783902542334","","","","","","","865-0009","熊本県玉名市三ツ川管浦1467","","","","","","","","","","","","","","","8330002022316","","","",""
"有限会社本田産業","2243887683717","","","","","","","865-0009","熊本県玉名市三ツ川管浦1467","","","","","","","","","","","","","","","4330002021189","","","",""
"株式会社ほんだ石産","6059566754460","","","","","","","156-0044","東京都世田谷区赤堤四丁目46-3 ほんだビル6F","","","","","","","","","","","","","","","6013101004020","","","",""
"有限会社本多藤太郎商店","1228065599578","","","","","","","651-2401","兵庫県神戸市西区岩岡町岩岡616-35","","","","","","","","","","","","","","","8140002005208","","","",""
"有限会社本別砕石工業","7239493759771","","","","","","","089-3321","北海道中川郡本別町上本別18-2","","","","","","","","","","","","","","","8460102006321","","","",""
"有限会社本間砂利","8789405007755","","","","","","","434-0022","静岡県浜松市浜名区新堀281","","","","","","","","","","","","","","","9080402015506","","","",""
"ポゾラン興業株式会社","2520834486994","","","","","","","930-0952","富山県富山市町村85","","","","","","","","","","","","","","","9230001005347","","","",""
"ポラリス通信株式会社","7903350582789","","","","","","","557-0003","大阪府大阪市西成区天下茶屋北一丁目4-14","","","","","","","","","","","","","","","4120001121143","","","",""
"有限会社真家建材","5148177672403","","","","","","","311-3404","茨城県小美玉市飯前447-2","","","","","","","","","","","","","","","4050002015987","","","",""
"株式会社マイスエー","8541942591869","","","","","","","768-0101","香川県三豊市山本町辻3061-1","","","","","","","","","","","","","","","7470001015852","","","",""
"株式会社マエキ","9280043846263","","","","","","","371-0801","群馬県前橋市文京町一丁目32-21","","","","","","","","","","","","","","","3070001002952","","","",""
"前田採石株式会社","6766318466754","","","","","","","324-0615","栃木県那須郡那珂川町松野2000","","","","","","","","","","","","","","","6060001026768","","","",""
"前田海運株式会社","2275466702196","","","","","","","672-0103","兵庫県姫路市家島町坊勢114","","","","","","","","","","","","","","","5140001063085","","","",""
"有限会社前田鉱業","8189790656019","","","","","","","771-4302","徳島県勝浦郡勝浦町大字中角国清21-2","","","","","","","","","","","","","","","7480002008144","","","",""
"株式会社マエダマテリアル","6343268523289","","","","","","","509-5401","岐阜県土岐市駄知町2321-2","","","","","","","","","","","","","","","5200001022068","","","",""
"株式会社マエックス","1965329618145","","","","","","","517-0209","三重県志摩市磯部町恵利原959-4","","","","","","","","","","","","","","","8190001008090","","","",""
"有限会社マオイ資源","4581164923357","","","","","","","069-1464","北海道夕張郡長沼町字幌内1720","","","","","","","","","","","","","","","1430002051385","","","",""
"株式会社眞壁マテリアル","3934905204573","","","","","","","595-0075","大阪府泉大津市臨海町一丁目33","","","","","","","","","","","","","","","1120001021643","","","",""
"有限会社牧野工業所","8717519455125","","","","","","","485-0802","愛知県小牧市大字大草5809-8","","","","","","","","","","","","","","","7180002069943","","","",""
"有限会社牧野資材","1040799218317","","","","","","","489-0872","愛知県瀬戸市水無瀬町38","","","","","","","","","","","","","","","5180002073807","","","",""
"株式会社眞﨑商店","5286402223477","","","","","","","853-0031","長崎県五島市吉久木町949","","","","","","","","","","","","","","","2310001011021","","","",""
"増尾リサイクル株式会社","5762763395278","","","","","","","116-0013","東京都荒川区西日暮里二丁目18-1","","","","","","","","","","","","","","","9011501008753","","","",""
"有限会社増川建材","4896659101317","","","","","","","989-2202","宮城県亘理郡山元町髙瀬大久保27","","","","","","","","","","","","","","","2370802001553","","","",""
"株式会社増田滑石工業所","6489743216231","","","","","","","649-6222","和歌山県岩出市岡田661","","","","","","","","","","","","","","","7170001007913","","","",""
"株式会社増田産業","3831731417116","","","","","","","061-3441","北海道石狩市厚田区聚富48","","","","","","","","","","","","","","","8430001033163","","","",""
"有限会社増田商店","3251520183678","","","","","","","427-0039","静岡県島田市向谷四丁目1075-1","","","","","","","","","","","","","","","4080002013906","","","",""
"馬瀬建設株式会社","9362531839722","","","","","","","509-2612","岐阜県下呂市馬瀬名丸28-3","","","","","","","","","","","","","","","7200001025944","","","",""
"有限会社町田産業","6524990047122","","","","","","","381-0023","長野県長野市大字風間1100-506","","","","","","","","","","","","","","","3100002004762","","","",""
"株式会社松井建設","4928740767141","","","","","","","319-2102","茨城県那珂市瓜連13-1","","","","","","","","","","","","","","","3050001004703","","","",""
"松井土石興業有限会社","7305825598992","","","","","","","930-0916","富山県富山市向新庄町三丁目3-7","","","","","","","","","","","","","","","4230002003362","","","",""
"株式会社松浦組","4928631544528","","","","","","","910-0363","福井県坂井郡丸岡町下安田7字4","","","","","","","","","","","","","","","4210001007655","","","",""
"松浦興業有限会社","1227188787680","","","","","","","847-0824","佐賀県唐津市神田1720-1","","","","","","","","","","","","","","","3300002010682","","","",""
"松浦石材株式会社","6622356270580","","","","","","","794-2203","愛媛県今治市宮窪町宮窪4182","","","","","","","","","","","","","","","5500001012947","","","",""
"松栄興産有限会社","9692393159210","","","","","","","819-0382","福岡県福岡市西区大字桑原1395-1","","","","","","","","","","","","","","","1290002000522","","","",""
"松岡興業有限会社","2085358638399","","","","","","","820-0609","福岡県嘉穂郡桂川町大字吉隈51-3","","","","","","","","","","","","","","","2290002046143","","","",""
"松上鉱業株式会社","1167752939281","","","","","","","254-0806","神奈川県平塚市夕陽ケ丘61-7","","","","","","","","","","","","","","","9020001030572","","","",""
"松上産業株式会社","4883444519293","","","","","","","254-0806","神奈川県平塚市夕陽ケ丘61-7","","","","","","","","","","","","","","","7021001037361","","","",""
"有限会社松崎産業","2566207260233","","","","","","","322-0009","栃木県鹿沼市高谷1163","","","","","","","","","","","","","","","7060002020901","","","",""
"株式会社松崎土木","5618040430914","","","","","","","311-2446","茨城県潮来市須賀南117","","","","","","","","","","","","","","","7050001021595","","","",""
"有限会社松下組","3335688752403","","","","","","","370-3511","群馬県高崎市金古町1568-2","","","","","","","","","","","","","","","3070002014229","","","",""
"株式会社松島","8476787105170","","","","","","","670-0992","兵庫県姫路市福沢町13","","","","","","","","","","","","","","","5140001061642","","","",""
"松島砕石工業株式会社","7754289766565","","","","","","","672-0102","兵庫県姫路市家島町宮2165-7","","","","","","","","","","","","","","","6140001062549","","","",""
"株式会社松田建設","1697963692585","","","","","","","957-0231","新潟県新発田市藤塚浜4052-6","","","","","","","","","","","","","","","7110001012919","","","",""
"株式会社マツダコーポレーション","2320507622487","","","","","","","889-0511","宮崎県延岡市松原町四丁目8931-2","","","","","","","","","","","","","","","6350001007391","","","",""
"有限会社松田砕石","8384765097160","","","","","","","041-1112","北海道亀田郡七飯町字鳴川町369","","","","","","","","","","","","","","","5440002007779","","","",""
"有限会社松田砕石","6999679633631","","","","","","","957-0231","新潟県新発田市藤塚浜4052-6","","","","","","","","","","","","","","","9110002015547","","","",""
"有限会社松田産業","7539317635829","","","","","","","899-0501","鹿児島県出水市野田町上名4743","","","","","","","","","","","","","","","6340002022911","","","",""
"有限会社松永商店","7993046708670","","","","","","","835-0021","福岡県みやま市瀬高町本郷1410-1","","","","","","","","","","","","","","","1290002054312","","","",""
"株式会社松永石材","6967351882346","","","","","","","510-1324","三重県三重郡菰野町大字田光1161-20","","","","","","","","","","","","","","","9190001017495","","","",""
"松波土石販売株式会社","5329750861603","","","","","","","930-0436","富山県中新川郡上市町蓬沢1536-3","","","","","","","","","","","","","","","9230001004836","","","",""
"松平産業株式会社","8022825921379","","","","","","","695-0024","島根県江津市二宮町神主2186-4","","","","","","","","","","","","","","","3280001007113","","","",""
"松村建設株式会社","4046345096515","","","","","","","920-0966","石川県金沢市城南一丁目15-32","","","","","","","","","","","","","","","7220001008294","","","",""
"株式会社まつもと","1648540339102","","","","","","","761-4402","香川県小豆郡小豆島町福田甲216-1","","","","","","","","","","","","","","","9470001015033","","","",""
"有限会社松本建材","4572323216448","","","","","","","475-0842","愛知県半田市郷中町一丁目58","","","","","","","","","","","","","","","2180002083973","","","",""
"松本砕石株式会社","1269369963633","","","","","","","675-0303","兵庫県加古川市志方町細工所1130-24","","","","","","","","","","","","","","","2140001043593","","","",""
"松本マテリアル株式会社","3273854082255","","","","","","","390-0851","長野県松本市大字島内9830-4","","","","","","","","","","","","","","","7100001018090","","","",""
"株式会社松山建材","7473107629840","","","","","","","399-5301","長野県木曽郡南木曽町読書5062-1","","","","","","","","","","","","","","","4100001017855","","","",""
"有限会社松山石材","5263333006347","","","","","","","854-0081","長崎県諫早市栄田町23-57","","","","","","","","","","","","","","","9310002015576","","","",""
"マテリアルサービス有限会社","8682174488253","","","","","","","069-1141","北海道夕張郡由仁町川端292","","","","","","","","","","","","","","","7430002045167","","","",""
"株式会社マテリアル東北","8651850786123","","","","","","","029-0302","岩手県一関市東山町長坂羽根堀50","","","","","","","","","","","","","","","6400001013632","","","",""
"株式会社マテリアル白馬","1675945279289","","","","","","","399-9301","長野県北安曇郡白馬村大字北城13730-11","","","","","","","","","","","","","","","4100001017599","","","",""
"株式会社マナカ商事","8812543687277","","","","","","","980-0021","宮城県仙台市青葉区中央三丁目6-7","","","","","","","","","","","","","","","9370001025587","","","",""
"株式会社眞鍋組","3840475927063","","","","","","","096-0071","北海道名寄市字徳田100-8","","","","","","","","","","","","","","","4450001007334","","","",""
"マーブル砕石株式会社","1459321577390","","","","","","","719-2641","岡山県新見市草間8935","","","","","","","","","","","","","","","4260001019241","","","",""
"眞屋砂利工業有限会社","2179580061941","","","","","","","082-0013","北海道河西郡芽室町東三条六丁目2","","","","","","","","","","","","","","","1460102003358","","","",""
"丸阿産業株式会社","1830455035499","","","","","","","810-0062","福岡県福岡市中央区荒戸一丁目5-17","","","","","","","","","","","","","","","1290001010464","","","",""
"有限会社丸井建材","7823576836437","","","","","","","411-0903","静岡県駿東郡清水町堂庭265-8","","","","","","","","","","","","","","","7080102011633","","","",""
"有限会社マルイシ工業","1212150798848","","","","","","","020-0202","岩手県盛岡市玉山中里36","","","","","","","","","","","","","","","3400002004328","","","",""
"丸石砕石株式会社","6593672430176","","","","","","","970-8026","福島県いわき市平材木町25","","","","","","","","","","","","","","","2380001013878","","","",""
"丸石資材株式会社","7101440459467","","","","","","","927-1222","石川県珠洲市宝立町鵜飼2-67-2 地","","","","","","","","","","","","","","","8220001016965","","","",""
"株式会社丸一砿業所","2190341243846","","","","","","","970-0221","福島県いわき市平下高久八幡20","","","","","","","","","","","","","","","1380001013879","","","",""
"丸岩運輸建設株式会社","3983417475012","","","","","","","989-6436","宮城県大崎市岩出山二ノ構5-1","","","","","","","","","","","","","","","3370201002094","","","",""
"丸エ砂利販売株式会社","2958500633121","","","","","","","418-0036","静岡県富士宮市沼久保398","","","","","","","","","","","","","","","4080101011819","","","",""
"株式会社丸き木村組","1255788486027","","","","","","","005-0801","北海道札幌市南区川沿一条六丁目7-29","","","","","","","","","","","","","","","9430001022966","","","",""
"有限会社丸久","4709925177715","","","","","","","997-0023","山形県鶴岡市鳥居町10-6","","","","","","","","","","","","","","","9390002009777","","","",""
"株式会社丸協組","4277329558387","","","","","","","410-3501","静岡県賀茂郡西伊豆町宇久須2122-1","","","","","","","","","","","","","","","4080101014887","","","",""
"有限会社丸恭佐々木工業","8811311439890","","","","","","","073-0015","北海道滝川市朝日町東一丁目15-26","","","","","","","","","","","","","","","4430002053073","","","",""
"株式会社マルケイ","7081359758494","","","","","","","717-0023","岡山県真庭市江川846","","","","","","","","","","","","","","","9260001022703","","","",""
"株式会社丸圭商店","8763625560846","","","","","","","470-0463","愛知県豊田市石飛町日焼204-1","","","","","","","","","","","","","","","7180301019896","","","",""
"有限会社丸源工業","9284594069775","","","","","","","025-0132","岩手県花巻市北笹間三地割90","","","","","","","","","","","","","","","6400002008482","","","",""
"株式会社丸幸","2269837983665","","","","","","","998-0832","山形県酒田市両羽町5-5","","","","","","","","","","","","","","","4390001006045","","","",""
"丸興産業株式会社","1941139914124","","","","","","","986-1111","宮城県石巻市鹿又欠山51","","","","","","","","","","","","","","","9370301001214","","","",""
"株式会社丸光商事","6238128598951","","","","","","","865-0055","熊本県玉名市大浜町2173-1","","","","","","","","","","","","","","","9330001011500","","","",""
"丸越産業株式会社","3097368764778","","","","","","","088-2313","北海道川上郡標茶町常盤三丁目16","","","","","","","","","","","","","","","9460001003278","","","",""
"マルコ自動車株式会社","9925035003725","","","","","","","392-0012","長野県諏訪市大字四賀46","","","","","","","","","","","","","","","3100001018664","","","",""
"丸五三和工業株式会社","4354068606163","","","","","","","500-8864","岐阜県岐阜市真砂町五丁目3","","","","","","","","","","","","","","","7200001004956","","","",""
"丸五物産株式会社","7594660040431","","","","","","","948-0107","新潟県十日町市高島1586-1","","","","","","","","","","","","","","","9110001021265","","","",""
"有限会社マルサン","1980755888361","","","","","","","571-0035","大阪府門真市桑才町27-25","","","","","","","","","","","","","","","2160002002324","","","",""
"丸三建材有限会社","2815269552054","","","","","","","437-0046","静岡県袋井市木原75-10","","","","","","","","","","","","","","","3080402007715","","","",""
"株式会社丸三建設興業","3898444307035","","","","","","","982-0021","宮城県仙台市太白区緑ケ丘四丁目30-1","","","","","","","","","","","","","","","8370001002232","","","",""
"有限会社丸七運輸","1634165060316","","","","","","","041-1603","北海道函館市尾札部町344-1","","","","","","","","","","","","","","","3440002004472","","","",""
"株式会社丸正","9911384254222","","","","","","","444-1201","愛知県安城市石井町福原33","","","","","","","","","","","","","","","4180301016368","","","",""
"有限会社丸正建材","2433188247981","","","","","","","509-1106","岐阜県加茂郡白川町坂ノ東6521-1","","","","","","","","","","","","","","","6200002016431","","","",""
"有限会社丸昇建商","6049932812662","","","","","","","024-0021","岩手県北上市上野町一丁目13-14","","","","","","","","","","","","","","","1400002009725","","","",""
"株式会社丸昇石材","3575298516579","","","","","","","519-3658","三重県尾鷲市倉ノ谷町26-21","","","","","","","","","","","","","","","4190002005537","","","",""
"丸眞興業有限会社","8358789539374","","","","","","","399-0211","長野県諏訪郡富士見町富士見5229-1","","","","","","","","","","","","","","","8100002029598","","","",""
"株式会社丸信商会","4853677057581","","","","","","","800-0351","福岡県京都郡苅田町京町一丁目10-12","","","","","","","","","","","","","","","4290801015461","","","",""
"丸成産業株式会社","1253837543223","","","","","","","861-5281","熊本県熊本市西区松尾町近津767","","","","","","","","","","","","","","","8330001004447","","","",""
"丸仙砿業株式会社","9527479190094","","","","","","","130-0022","東京都墨田区江東橋四丁目5-14","","","","","","","","","","","","","","","1010601015329","","","",""
"株式会社丸善運輸","8328131935754","","","","","","","071-0212","北海道上川郡美瑛町旭町一丁目6-17","","","","","","","","","","","","","","","5450001006319","","","",""
"株式会社丸高商事","1356734805491","","","","","","","501-4601","岐阜県郡上市大和町大間見1029-3","","","","","","","","","","","","","","","1200001026790","","","",""
"有限会社丸貴北志工業","4288391039103","","","","","","","061-2263","北海道札幌市南区簾舞三条六丁目3-7","","","","","","","","","","","","","","","8430002037262","","","",""
"株式会社丸大産業","3378300549044","","","","","","","894-0106","鹿児島県大島郡龍郷町中勝1623","","","","","","","","","","","","","","","3340001010746","","","",""
"株式会社丸月組","7431118070058","","","","","","","954-0156","新潟県長岡市長呂90","","","","","","","","","","","","","","","2110001024266","","","",""
"株式会社マルツネ","2624406895931","","","","","","","959-1151","新潟県三条市猪子場新田282-1","","","","","","","","","","","","","","","5110001014999","","","",""
"有限会社丸哲鉱業所","4519590627414","","","","","","","509-6103","岐阜県瑞浪市稲津町小里1428","","","","","","","","","","","","","","","5200002022166","","","",""
"株式会社丸天建材","2765896179416","","","","","","","437-0625","静岡県浜松市天竜区春野町堀之内992-7","","","","","","","","","","","","","","","4080401010826","","","",""
"有限会社丸天商店","3875258111128","","","","","","","444-1162","愛知県安城市小川町御林115-4","","","","","","","","","","","","","","","6180302017223","","","",""
"有限会社マルトグリーン","1898192493721","","","","","","","321-0207","栃木県下都賀郡壬生町大字北小林491","","","","","","","","","","","","","","","4060002034598","","","",""
"マルト建設株式会社","6123257313483","","","","","","","969-6576","福島県河沼郡会津坂下町大字牛川砂田565","","","","","","","","","","","","","","","7380001018402","","","",""
"丸戸鉱山株式会社","2612095456015","","","","","","","509-7605","岐阜県恵那市山岡町原1055","","","","","","","","","","","","","","","6200001032405","","","",""
"マルト不動産株式会社","6575972158642","","","","","","","965-0817","福島県会津若松市千石町6-69","","","","","","","","","","","","","","","3380001017878","","","",""
"株式会社マルトミ工業","5868363706362","","","","","","","914-0000","福井県敦賀市津内114-4-1","","","","","","","","","","","","","","","3210001010775","","","",""
"株式会社マルトラ","1370793840310","","","","","","","059-0900","北海道白老郡白老町字白老786","","","","","","","","","","","","","","","7430001053897","","","",""
"丸中建材株式会社","2343722379149","","","","","","","512-1206","三重県四日市市江村町山神戸911-1","","","","","","","","","","","","","","","2190001016314","","","",""
"丸中白土株式会社","3531085084354","","","","","","","960-0261","福島県福島市飯坂町中野蛭田66","","","","","","","","","","","","","","","5380001001665","","","",""
"有限会社丸波鉱山","5307875880007","","","","","","","901-0343","沖縄県糸満市字南波平232","","","","","","","","","","","","","","","3360002009380","","","",""
"株式会社丸根","1887506878559","","","","","","","472-0015","愛知県知立市谷田町本林三丁目11-17","","","","","","","","","","","","","","","2180301027482","","","",""
"有限会社丸は産業","5951599161159","","","","","","","819-1102","福岡県糸島市高田五丁目27-26","","","","","","","","","","","","","","","1290002017599","","","",""
"有限会社丸八","4187799694346","","","","","","","010-1231","秋田県秋田市雄和相川井戸ノ下11-2","","","","","","","","","","","","","","","8410002003555","","","",""
"丸半粘土有限会社","3666400082726","","","","","","","447-0015","愛知県碧南市半崎町四丁目58","","","","","","","","","","","","","","","7180302020250","","","",""
"株式会社丸福","2208353827258","","","","","","","479-0002","愛知県常滑市久米御林31-118","","","","","","","","","","","","","","","8180001093308","","","",""
"合資会社丸藤鉱山","3370750784140","","","","","","","489-0919","愛知県瀬戸市川端町三丁目1","","","","","","","","","","","","","","","9180003011002","","","",""
"有限会社丸文興業","6863653564128","","","","","","","322-0528","栃木県鹿沼市奈佐原町538-3","","","","","","","","","","","","","","","7060002020959","","","",""
"丸文工業株式会社","9016136194203","","","","","","","503-0846","岐阜県大垣市深池町12","","","","","","","","","","","","","","","8200001014302","","","",""
"丸平窯業株式会社","6127221361770","","","","","","","470-0352","愛知県豊田市篠原町片坂39","","","","","","","","","","","","","","","4180301019346","","","",""
"丸又鉱業株式会社","3561403429703","","","","","","","517-0043","三重県鳥羽市白木町18-31","","","","","","","","","","","","","","","4190001007419","","","",""
"丸松土石有限会社","7374970404489","","","","","","","005-0801","北海道札幌市南区川沿一条三丁目1-2","","","","","","","","","","","","","","","5430002026136","","","",""
"株式会社マルミチ","5432808188770","","","","","","","999-7746","山形県東田川郡庄内町西袋駅前64-2","","","","","","","","","","","","","","","6390001006844","","","",""
"株式会社丸道興産","9394490625106","","","","","","","857-2302","長崎県西海市大瀬戸町瀬戸樫浦郷バイ潟162-37","","","","","","","","","","","","","","","7310001006867","","","",""
"有限会社丸巳屋商事","8447621159899","","","","","","","309-1611","茨城県笠間市笠間1967-2","","","","","","","","","","","","","","","9050002010422","","","",""
"有限会社マルモト産業","3633557934900","","","","","","","059-2402","北海道新冠郡新冠町字中央町5-54","","","","","","","","","","","","","","","1430002062003","","","",""
"有限会社丸安建業","5444755891651","","","","","","","964-0111","福島県二本松市太田仙道内12","","","","","","","","","","","","","","","4380002016606","","","",""
"有限会社丸山商事","2553142461235","","","","","","","323-0811","栃木県小山市大字犬塚50-313","","","","","","","","","","","","","","","1060002029205","","","",""
"有限会社丸山商店","6969087413929","","","","","","","781-0112","高知県高知市仁井田1957-1","","","","","","","","","","","","","","","1490002004131","","","",""
"有限会社丸山砂利","9460541899872","","","","","","","781-0112","高知県高知市仁井田1957-1","","","","","","","","","","","","","","","9490002004132","","","",""
"合資会社丸山製粉所","4258557635965","","","","","","","718-0301","岡山県新見市哲多町宮河内165","","","","","","","","","","","","","","","1260003000945","","","",""
"有限会社丸山陶土部","2180762256860","","","","","","","518-1151","三重県伊賀市白樫4716","","","","","","","","","","","","","","","2190002012353","","","",""
"丸山物産株式会社","6948646481760","","","","","","","319-3111","茨城県常陸大宮市山方807-2","","","","","","","","","","","","","","","1050001026856","","","",""
"有限会社丸吉建材","9119522629211","","","","","","","426-0037","静岡県藤枝市青木一丁目18-1","","","","","","","","","","","","","","","6080002018044","","","",""
"株式会社丸義商店","8112205818072","","","","","","","441-1311","愛知県新城市須長八幡1","","","","","","","","","","","","","","","8180301024318","","","",""
"有限会社丸和建材社","1509176529988","","","","","","","293-0054","千葉県富津市鶴岡1042-5","","","","","","","","","","","","","","","2040002071513","","","",""
"有限会社丸和工業","8528786813003","","","","","","","025-0002","岩手県花巻市西宮野目第九地割171-3","","","","","","","","","","","","","","","7400002008481","","","",""
"有限会社三浦建材工業","6666404338413","","","","","","","960-8153","福島県福島市黒岩沼ノ下15-20","","","","","","","","","","","","","","","3380002003571","","","",""
"有限会社三浦工業","7619996822661","","","","","","","049-2221","北海道茅部郡森町字砂原西一丁目233-6","","","","","","","","","","","","","","","5440002009478","","","",""
"株式会社三浦興業","2932838915318","","","","","","","290-0055","千葉県市原市五井東二丁目6-1","","","","","","","","","","","","","","","7040001055330","","","",""
"株式会社ミウラ産業","8861741740806","","","","","","","014-0001","秋田県大仙市花館間倉157-6","","","","","","","","","","","","","","","9410001008075","","","",""
"三重太平洋鉱業株式会社","5137238089883","","","","","","","511-0515","三重県いなべ市藤原町東禅寺130-1","","","","","","","","","","","","","","","8190001013099","","","",""
"三方建材株式会社","3822482917385","","","","","","","919-1324","福井県三方上中郡若狭町白屋62-1-3","","","","","","","","","","","","","","","4210001010782","","","",""
"株式会社三ケ森商店","6071746327069","","","","","","","560-0000","大阪府豊中市螢池中町二丁目1-2 丸岡ビル2階","","","","","","","","","","","","","","","6120901025805","","","",""
"三河珪石株式会社","4824975986276","","","","","","","444-0804","愛知県岡崎市美合町生田82","","","","","","","","","","","","","","","4180301001989","","","",""
"三河興業株式会社","4283156585935","","","","","","","257-0031","神奈川県秦野市曽屋5794","","","","","","","","","","","","","","","6021001022827","","","",""
"未貴インターナショナル株式会社","5926480040998","","","","","","","160-0023","東京都新宿区西新宿四丁目2-15 2902","","","","","","","","","","","","","","","5010901011593","","","",""
"有限会社美紀商","1449266357075","","","","","","","264-0004","千葉県千葉市若葉区千城台西一丁目39-5","","","","","","","","","","","","","","","3040002011162","","","",""
"三崎産業株式会社","3730162240853","","","","","","","093-0042","北海道網走市字潮見156-1","","","","","","","","","","","","","","","1460301003274","","","",""
"有限会社美嶋工建","2061123613019","","","","","","","807-0075","福岡県北九州市八幡西区下上津役一丁目12-12","","","","","","","","","","","","","","","5290802015435","","","",""
"株式会社三隅興産","7350922295281","","","","","","","699-3215","島根県浜田市三隅町下古和1371-2","","","","","","","","","","","","","","","3280001004498","","","",""
"水口建商株式会社","5494382177739","","","","","","","314-0113","茨城県神栖市横瀬958-9","","","","","","","","","","","","","","","5050001020814","","","",""
"水沢砂利砕石株式会社","4471083946512","","","","","","","023-0831","岩手県奥州市水沢姉体町大明神下2-2","","","","","","","","","","","","","","","7400601000343","","","",""
"株式会社ミズシマ","7774457074440","","","","","","","260-0031","千葉県千葉市中央区新千葉一丁目7-2","","","","","","","","","","","","","","","3040001007252","","","",""
"株式会社水忠","9941799079993","","","","","","","507-0901","岐阜県多治見市笠原町4424-1","","","","","","","","","","","","","","","4200001022044","","","",""
"瑞穂砕石株式会社","4456763336981","","","","","","","696-0406","島根県邑智郡邑南町高見1386-1","","","","","","","","","","","","","","","4280001004836","","","",""
"株式会社溝口興業","3404600640404","","","","","","","851-3212","長崎県長崎市長浦町2691-4","","","","","","","","","","","","","","","7310001002123","","","",""
"三嶽鉱山有限会社","4969758048680","","","","","","","443-0035","愛知県蒲郡市栄町18-2","","","","","","","","","","","","","","","3180302015964","","","",""
"有限会社三田産業","4714241241912","","","","","","","750-0324","山口県下関市菊川町大字久野10556-76","","","","","","","","","","","","","","","2250002012396","","","",""
"三田石材株式会社","3150473869577","","","","","","","444-0701","愛知県西尾市東幡豆町郷中18","","","","","","","","","","","","","","","7180301023155","","","",""
"株式会社見玉石材","1326235140537","","","","","","","949-8201","新潟県中魚沼郡津南町大字下船渡戊210-1","","","","","","","","","","","","","","","9110002025918","","","",""
"三井金属資源開発株式会社","4224399281130","","","","","","","141-0032","東京都品川区大崎一丁目11-1","","","","","","","","","","","","","","","5010701009474","","","",""
"三井金属パーライト株式会社","7072129288867","","","","","","","597-0095","大阪府貝塚市港14","","","","","","","","","","","","","","","9120101065351","","","",""
"三井串木野鉱山株式会社","8185441806445","","","","","","","896-0068","鹿児島県いちき串木野市三井12955","","","","","","","","","","","","","","","7340001009025","","","",""
"株式会社三石組","1923723538656","","","","","","","590-0987","大阪府堺市堺区築港南町1-1","","","","","","","","","","","","","","","1120101006957","","","",""
"三ヶ日採石株式会社","3471654373857","","","","","","","431-1411","静岡県浜松市浜名区三ヶ日町福長57","","","","","","","","","","","","","","","8080401010054","","","",""
"みつぎ産業株式会社","3182628738019","","","","","","","734-0004","広島県広島市南区宇品神田三丁目6-18","","","","","","","","","","","","","","","1240001011392","","","",""
"株式会社三橋工業","4233117240790","","","","","","","038-3282","青森県つがる市木造筒木坂鳥谷沢16-43","","","","","","","","","","","","","","","4420002012443","","","",""
"光帆産業株式会社","1973492397021","","","","","","","810-0021","福岡県福岡市中央区今泉二丁目2-10","","","","","","","","","","","","","","","9290001010647","","","",""
"三星砿業株式会社","2967537014744","","","","","","","503-2213","岐阜県大垣市赤坂町226","","","","","","","","","","","","","","","5200001016433","","","",""
"三矢砂利株式会社","3846702526769","","","","","","","949-7231","新潟県南魚沼市茗荷沢1060-1","","","","","","","","","","","","","","","9110001026545","","","",""
"三豊産業有限会社","2619497925913","","","","","","","769-1506","香川県三豊市豊中町本山甲1823-1","","","","","","","","","","","","","","","2470002016648","","","",""
"有限会社緑原砕石","8789748472210","","","","","","","894-1511","鹿児島県大島郡瀬戸内町大字阿木名500-2","","","","","","","","","","","","","","","9340002021638","","","",""
"皆川建設株式会社","3283039879735","","","","","","","309-1334","茨城県桜川市坂本478","","","","","","","","","","","","","","","9050001032335","","","",""
"湊石材株式会社","9193575919119","","","","","","","761-4402","香川県小豆郡小豆島町福田甲342-1","","","","","","","","","","","","","","","4470001012381","","","",""
"湊総業株式会社","6260332606071","","","","","","","384-0304","長野県佐久市北川504-22","","","","","","","","","","","","","","","5100001007756","","","",""
"南魚沼砂利協同組合","3683710932491","","","","","","","949-7145","新潟県南魚沼市四十日2384-1","","","","","","","","","","","","","","","3110005013157","","","",""
"株式会社南運輸","9352513550295","","","","","","","079-1582","北海道富良野市字山部東二十三線2566-4","","","","","","","","","","","","","","","7450001006556","","","",""
"株式会社南組","5372734577902","","","","","","","509-3324","岐阜県高山市朝日町上ケ見244","","","","","","","","","","","","","","","2200001025222","","","",""
"南砂利工業株式会社","7302383873851","","","","","","","079-1582","北海道富良野市字山部東二十三線2566-4","","","","","","","","","","","","","","","1450001006553","","","",""
"有限会社峰浜砕石","5385293108935","","","","","","","016-0014","秋田県能代市落合砂田123-1","","","","","","","","","","","","","","","7410002010560","","","",""
"株式会社箕面開発","2292348768617","","","","","","","824-0225","福岡県京都郡みやこ町犀川大坂1194-1","","","","","","","","","","","","","","","9290802023401","","","",""
"美濃砕石工業株式会社","4220482098469","","","","","","","500-8022","岐阜県岐阜市下茶屋町10","","","","","","","","","","","","","","","8200001005268","","","",""
"美濃白川麦飯石株式会社","2847721848130","","","","","","","509-1431","岐阜県加茂郡白川町黒川5608","","","","","","","","","","","","","","","4200001017390","","","",""
"美濃生コン株式会社","2730776336540","","","","","","","501-3701","岐阜県美濃市曽代350","","","","","","","","","","","","","","","6200001019674","","","",""
"美濃粘土株式会社","2610575128414","","","","","","","507-0023","岐阜県多治見市小田町一丁目5","","","","","","","","","","","","","","","4200001021070","","","",""
"株式会社みはま産業","4179614508264","","","","","","","929-0215","石川県白山市美川南町ヌ169","","","","","","","","","","","","","","","8220001008905","","","",""
"有限会社三原産業","9456023085851","","","","","","","791-8044","愛媛県松山市西垣生町559-3","","","","","","","","","","","","","","","3500002006660","","","",""
"有限会社三富士興業","8121536786786","","","","","","","847-0303","佐賀県唐津市呼子町呼子3996-4","","","","","","","","","","","","","","","3300002011053","","","",""
"有限会社宮丘商会","4646565187078","","","","","","","045-0002","北海道岩内郡岩内町字東山20-1","","","","","","","","","","","","","","","6430002057733","","","",""
"株式会社宮川商店","3947810466182","","","","","","","407-0041","山梨県韮崎市神山町武田950","","","","","","","","","","","","","","","9090001011203","","","",""
"宮城県開発株式会社","7768621929869","","","","","","","986-0842","宮城県石巻市潮見町13-1","","","","","","","","","","","","","","","2370301002152","","","",""
"宮城石灰粒化工業株式会社","3741936193499","","","","","","","987-0602","宮城県登米市中田町上沼北桜場86","","","","","","","","","","","","","","","2370401000510","","","",""
"有限会社ミヤケ","6245844736919","","","","","","","470-0308","愛知県豊田市枝下町坂上375","","","","","","","","","","","","","","","8180302025455","","","",""
"宮古地区砂利業協同組合","7328022869484","","","","","","","027-0083","岩手県宮古市大通三丁目4-19","","","","","","","","","","","","","","","9400005004096","","","",""
"有限会社都城ボラ土","8320508722924","","","","","","","889-4601","宮崎県都城市山田町山田3983-69","","","","","","","","","","","","","","","1350002015497","","","",""
"株式会社宮下","4534106043420","","","","","","","381-0024","長野県長野市大字南長池442","","","","","","","","","","","","","","","4100001003459","","","",""
"宮正石材工業株式会社","6940999054172","","","","","","","986-0401","宮城県登米市津山町柳津入土37","","","","","","","","","","","","","","","2370401000799","","","",""
"宮西建材株式会社","9166199891009","","","","","","","630-0101","奈良県生駒市高山町10676-2","","","","","","","","","","","","","","","4150001005079","","","",""
"宮野建材有限会社","2800030074122","","","","","","","287-0234","千葉県成田市松子440","","","","","","","","","","","","","","","6040002059736","","","",""
"深山総合開発株式会社","1073650418834","","","","","","","989-2204","宮城県亘理郡山元町鷲足中16","","","","","","","","","","","","","","","6370801001699","","","",""
"宮松城南株式会社","7499301428508","","","","","","","143-0002","東京都大田区城南島一丁目1-3","","","","","","","","","","","","","","","4010801011100","","","",""
"宮本組大喜土木建材株式会社","2338779632032","","","","","","","534-0027","大阪府大阪市都島区中野町五丁目12-5","","","","","","","","","","","","","","","9120001008765","","","",""
"合資会社宮本産業","3808164591942","","","","","","","861-8046","熊本県熊本市東区石原三丁目3-50","","","","","","","","","","","","","","","6330003000900","","","",""
"妙高温泉土地株式会社","7822832992558","","","","","","","949-2112","新潟県妙高市大字関川633","","","","","","","","","","","","","","","6110001020336","","","",""
"株式会社明神コンクリート","5056783123133","","","","","","","649-4226","和歌山県東牟婁郡古座川町明神78","","","","","","","","","","","","","","","1170001014691","","","",""
"三好砿業株式会社","9554258241787","","","","","","","327-0306","栃木県佐野市戸室町989","","","","","","","","","","","","","","","6060001020829","","","",""
"有限会社未来","4811658884752","","","","","","","677-0039","兵庫県西脇市上比延町1242-1","","","","","","","","","","","","","","","3140002061412","","","",""
"有限会社麦倉石材店","5903931638250","","","","","","","321-0345","栃木県宇都宮市大谷町1424-7","","","","","","","","","","","","","","","5060002008881","","","",""
"有限会社睦建材","5054116578348","","","","","","","196-0001","東京都昭島市美堀町五丁目20-7 1006号","","","","","","","","","","","","","","","9012802007543","","","",""
"有限会社武東砕石","1260473522413","","","","","","","891-9301","鹿児島県大島郡与論町大字茶花930-3","","","","","","","","","","","","","","","9340002022033","","","",""
"株式会社村尾組","9289344360405","","","","","","","197-0011","東京都福生市大字福生1213","","","","","","","","","","","","","","","6013101000399","","","",""
"株式会社村上砕石工業","3043696410842","","","","","","","377-0311","群馬県渋川市村上1368","","","","","","","","","","","","","","","8070001030180","","","",""
"株式会社村上産業","4861435834586","","","","","","","861-5343","熊本県熊本市西区河内町野出948-1","","","","","","","","","","","","","","","4330001019069","","","",""
"株式会社村上石材工業","6320552696509","","","","","","","088-1133","北海道厚岸郡厚岸町太田宏陽6","","","","","","","","","","","","","","","7460001003098","","","",""
"有限会社村川石材","5750593697687","","","","","","","849-5131","佐賀県唐津市浜玉町浜崎1146-15","","","","","","","","","","","","","","","4300002011300","","","",""
"有限会社村瀬三業","7273509898464","","","","","","","501-3933","岐阜県関市向山町三丁目2-2","","","","","","","","","","","","","","","9200002019217","","","",""
"村田建設株式会社","4655731085060","","","","","","","515-0044","三重県松阪市久保町ツツジ谷1925","","","","","","","","","","","","","","","2190001010655","","","",""
"株式会社邑本興産","5928313170679","","","","","","","801-0841","福岡県北九州市門司区西海岸一丁目4-20","","","","","","","","","","","","","","","4290801005743","","","",""
"有限会社牟礼石材工業","1656704815316","","","","","","","747-0004","山口県防府市大字牟礼瀬戸938","","","","","","","","","","","","","","","4250002003542","","","",""
"室木建材株式会社","1298640276515","","","","","","","761-8012","香川県高松市香西本町1-91","","","","","","","","","","","","","","","5470001009220","","","",""
"室野建設工業株式会社","3766112463510","","","","","","","048-1301","北海道磯谷郡蘭越町蘭越町514-2","","","","","","","","","","","","","","","5430001051861","","","",""
"明昭物産有限会社","1896647016548","","","","","","","262-0018","千葉県千葉市花見川区畑町539-44","","","","","","","","","","","","","","","3040002011617","","","",""
"めいじ産業株式会社","3564788448232","","","","","","","709-0303","岡山県備前市吉永町都留岐1496","","","","","","","","","","","","","","","9260001021325","","","",""
"明盛宏産株式会社","6895717924607","","","","","","","376-0013","群馬県桐生市広沢町五丁目4714","","","","","","","","","","","","","","","3070001016663","","","",""
"名峰鉱業株式会社","4218919402907","","","","","","","480-1207","愛知県瀬戸市品野町一丁目198","","","","","","","","","","","","","","","1180001079321","","","",""
"明和産業有限会社","9659536688868","","","","","","","891-6152","鹿児島県大島郡喜界町大字早町122","","","","","","","","","","","","","","","4340002021972","","","",""
"有限会社明和砕石","6109482415825","","","","","","","049-2312","北海道茅部郡森町字霞台116-1","","","","","","","","","","","","","","","7440002009468","","","",""
"有限会社女天砿業所","4543110544300","","","","","","","819-1304","福岡県糸島市志摩桜井2144","","","","","","","","","","","","","","","9290002033102","","","",""
"株式会社メタルソリューションプロバイダー","4331784008101","","","","","","","103-0007","東京都中央区日本橋浜町二丁目1-10 ACN日本橋浜町ビル2F","","","","","","","","","","","","","","","4010001109232","","","",""
"株式会社茂木建材","2414362599155","","","","","","","311-1712","茨城県行方市繁昌1785-56","","","","","","","","","","","","","","","5050002028864","","","",""
"株式会社Ｍｏｇｉ総業","1995559003982","","","","","","","986-0123","宮城県石巻市北境蒜沢9-2","","","","","","","","","","","","","","","5370301003569","","","",""
"株式会社望月建材","6442326772487","","","","","","","181-0012","東京都三鷹市上連雀七丁目3-5","","","","","","","","","","","","","","","1012401013124","","","",""
"株式会社桃生石産","9518186520148","","","","","","","986-0304","宮城県石巻市桃生町樫崎山田186-1","","","","","","","","","","","","","","","1370301001345","","","",""
"物部採石株式会社","4968574348769","","","","","","","321-4504","栃木県真岡市鹿404","","","","","","","","","","","","","","","7060001009557","","","",""
"株式会社森岡コーリー","6017866518438","","","","","","","904-0301","沖縄県中頭郡読谷村字座喜味3156","","","","","","","","","","","","","","","5360001010098","","","",""
"盛岡スポーツ施設株式会社","2667785318643","","","","","","","020-0121","岩手県盛岡市月が丘三丁目39-5","","","","","","","","","","","","","","","7400001001603","","","",""
"森川産業株式会社","6635824985452","","","","","","","803-0853","福岡県北九州市小倉北区高尾二丁目7-10","","","","","","","","","","","","","","","1290801003717","","","",""
"株式会社森興業","9318139813475","","","","","","","049-3521","北海道山越郡長万部町字長万部402","","","","","","","","","","","","","","","9440001006010","","","",""
"有限会社森興業","9430899534954","","","","","","","043-1237","北海道檜山郡厚沢部町鶉町31","","","","","","","","","","","","","","","2440002009836","","","",""
"有限会社森幸石材工業所","1098355045972","","","","","","","982-0251","宮城県仙台市太白区茂庭町田48","","","","","","","","","","","","","","","4370002004025","","","",""
"森崎開発株式会社","7506105305644","","","","","","","930-0286","富山県中新川郡舟橋村東芦原347","","","","","","","","","","","","","","","8230001004853","","","",""
"株式会社森砂利工業","9168158117085","","","","","","","089-1709","北海道中川郡幕別町忠類幸町380-14","","","","","","","","","","","","","","","8460101003419","","","",""
"株式会社森田建材","8787424933321","","","","","","","319-0313","茨城県水戸市筑地町501-1","","","","","","","","","","","","","","","4050001033387","","","",""
"有限会社守田興業","3876788179985","","","","","","","869-0522","熊本県宇城市松橋町内田416-1","","","","","","","","","","","","","","","3330002023979","","","",""
"森田産業株式会社","4343120590449","","","","","","","087-0032","北海道根室市花咲港330","","","","","","","","","","","","","","","5460401000309","","","",""
"有限会社森広採砂","2013840740699","","","","","","","693-0011","島根県出雲市大津町1703-2","","","","","","","","","","","","","","","9280002006075","","","",""
"有限会社森本砂利","1348273815104","","","","","","","781-2128","高知県吾川郡いの町波川1733-3","","","","","","","","","","","","","","","7490002009629","","","",""
"有限会社森屋産業","8872980022028","","","","","","","699-5522","島根県鹿足郡吉賀町七日市788-1","","","","","","","","","","","","","","","8280002010706","","","",""
"有限会社森山運送","7901510779522","","","","","","","885-0011","宮崎県都城市下川東三丁目11-11","","","","","","","","","","","","","","","1350002015118","","","",""
"株式会社森龍組","4463917837116","","","","","","","989-2425","宮城県岩沼市寺島浜里76-1","","","","","","","","","","","","","","","7370801000485","","","",""
"諸岡建設株式会社","9909965714374","","","","","","","510-1324","三重県三重郡菰野町大字田光241-3","","","","","","","","","","","","","","","7190001017448","","","",""
"株式会社諸橋砂利","6953623129342","","","","","","","940-0094","新潟県長岡市中島六丁目1-33","","","","","","","","","","","","","","","2110001023581","","","",""
"株式会社紋別砕石舗道","3964615361652","","","","","","","094-0022","北海道紋別市新生100-12","","","","","","","","","","","","","","","5450001009577","","","",""
"八重島窯業原料株式会社","4264291504750","","","","","","","817-0016","長崎県対馬市厳原町東里75","","","","","","","","","","","","","","","2310001010774","","","",""
"屋久島マテリアル有限会社","3499691818250","","","","","","","813-0042","福岡県福岡市東区舞松原一丁目18-26","","","","","","","","","","","","","","","1340002019813","","","",""
"八茎砕石株式会社","7506743093255","","","","","","","979-0216","福島県いわき市四倉町玉山元村14-1","","","","","","","","","","","","","","","2380001019504","","","",""
"八坂鉱山株式会社","8305612970486","","","","","","","480-1207","愛知県瀬戸市品野町一丁目107","","","","","","","","","","","","","","","6180001079333","","","",""
"株式会社矢島建材","9609199910552","","","","","","","399-0033","長野県松本市大字笹賀542-1","","","","","","","","","","","","","","","7100001014305","","","",""
"株式会社ＹＡＳＵ","1825499564141","","","","","","","314-0039","茨城県鹿嶋市緑ヶ丘四丁目3-2","","","","","","","","","","","","","","","6050001022371","","","",""
"有限会社安和建設","9655982653706","","","","","","","010-1651","秋田県秋田市豊岩石田坂上野176-1","","","","","","","","","","","","","","","8410002003737","","","",""
"有限会社安田工務店","4588635518161","","","","","","","989-2201","宮城県亘理郡山元町山寺西頭無43-46","","","","","","","","","","","","","","","4370802001576","","","",""
"有限会社安田産業","6974936472995","","","","","","","959-2217","新潟県阿賀野市新保696-6","","","","","","","","","","","","","","","7110002013370","","","",""
"安富砂利株式会社","9847859547993","","","","","","","438-0074","静岡県磐田市二之宮300","","","","","","","","","","","","","","","4080401016039","","","",""
"ヤスミ資材株式会社","5333365789801","","","","","","","292-0413","千葉県君津市吉野300","","","","","","","","","","","","","","","3040001050995","","","",""
"有限会社八代商事","8520946533453","","","","","","","866-0032","熊本県八代市新開町3-63","","","","","","","","","","","","","","","8330002026515","","","",""
"株式会社ヤナイ","4032848707322","","","","","","","801-0802","福岡県北九州市門司区大字白野江520","","","","","","","","","","","","","","","8290801005814","","","",""
"有限会社梁川砕石","1689917913127","","","","","","","960-0654","福島県伊達市保原町小幡町24-1","","","","","","","","","","","","","","","3380002006186","","","",""
"有限会社栁川商店","1117906750224","","","","","","","840-0203","佐賀県佐賀市大和町大字梅野1826-1","","","","","","","","","","","","","","","3300002005360","","","",""
"株式会社柳澤商店","9998131341238","","","","","","","130-0011","東京都墨田区石原一丁目13-1","","","","","","","","","","","","","","","5010601017148","","","",""
"有限会社柳沢トラック","5461985036776","","","","","","","400-0601","山梨県南巨摩郡富士川町鰍沢124","","","","","","","","","","","","","","","7090002015122","","","",""
"有限会社柳鉄工所","7675849300330","","","","","","","924-0000","石川県白山市鶴来新町ソ43","","","","","","","","","","","","","","","7220002000242","","","",""
"有限会社柳屋建材","8750517773152","","","","","","","949-8201","新潟県中魚沼郡津南町大字下船渡乙2281","","","","","","","","","","","","","","","7110002025960","","","",""
"有限会社柳瀬興業","2576821694540","","","","","","","292-1151","千葉県君津市大野台815-66","","","","","","","","","","","","","","","9040002070806","","","",""
"株式会社八幡工業","7602602912831","","","","","","","515-3132","三重県津市白山町北家城1000","","","","","","","","","","","","","","","3190001002189","","","",""
"谷花産業株式会社","1860380556401","","","","","","","959-4624","新潟県東蒲原郡阿賀町谷沢大松4693-3","","","","","","","","","","","","","","","4110001011295","","","",""
"薮内建材有限会社","7588370356223","","","","","","","779-0312","徳島県鳴門市大麻町東馬詰諏訪の元15-2","","","","","","","","","","","","","","","2480002010955","","","",""
"山一軽石有限会社","7795431370552","","","","","","","891-2321","鹿児島県鹿屋市古江町658-2","","","","","","","","","","","","","","","7340002026647","","","",""
"山一建材有限会社","3772374676851","","","","","","","397-0101","長野県木曽郡木曽町三岳6525-6","","","","","","","","","","","","","","","4100002027548","","","",""
"山一建設株式会社","8299653360486","","","","","","","518-0809","三重県伊賀市西明寺中川原485-2","","","","","","","","","","","","","","","6190001008745","","","",""
"株式会社山内産業","6123141203278","","","","","","","853-0312","長崎県五島市岐宿町中嶽1242-1","","","","","","","","","","","","","","","9310001011048","","","",""
"山栄建設株式会社","2415656751905","","","","","","","959-2625","新潟県胎内市半山谷内ノ入540-1","","","","","","","","","","","","","","","1110001013311","","","",""
"山江砕石鉱業株式会社","2272205677274","","","","","","","868-0092","熊本県球磨郡山江村大字山田戊283-2","","","","","","","","","","","","","","","6330001015925","","","",""
"有限会社ヤマカ建材","6562765057037","","","","","","","434-0015","静岡県浜松市浜名区於呂3087-5","","","","","","","","","","","","","","","9080402015712","","","",""
"有限会社山勝産業","8553914826626","","","","","","","306-0203","茨城県古河市柳橋407","","","","","","","","","","","","","","","3050002010460","","","",""
"有限会社山勝石材","5903762912794","","","","","","","036-0233","青森県平川市日沼高田13-1","","","","","","","","","","","","","","","5420002015973","","","",""
"山川産業株式会社","3953315410177","","","","","","","656-2401","兵庫県淡路市岩屋1320-4","","","","","","","","","","","","","","","8140001085374","","","",""
"山形砕石工業株式会社","7237617328845","","","","","","","999-3115","山形県上山市高野大林26-2","","","","","","","","","","","","","","","2390001004868","","","",""
"八巻重機工業有限会社","1536538290801","","","","","","","960-0241","福島県福島市笹谷町尻1-3","","","","","","","","","","","","","","","7380002000623","","","",""
"山久建設株式会社","9412283084549","","","","","","","946-0081","新潟県魚沼市葎沢898","","","","","","","","","","","","","","","3110001026823","","","",""
"有限会社山口海運","6519611152438","","","","","","","866-0101","熊本県上天草市姫戸町姫浦3950","","","","","","","","","","","","","","","8330002029229","","","",""
"有限会社山口建材","2383388064842","","","","","","","959-1151","新潟県三条市猪子場新田248","","","","","","","","","","","","","","","3110002017986","","","",""
"山口建設株式会社","8704062713009","","","","","","","252-0135","神奈川県相模原市緑区大島2369","","","","","","","","","","","","","","","3021001014224","","","",""
"株式会社山口産業","8168889703046","","","","","","","754-0893","山口県山口市秋穂二島4554","","","","","","","","","","","","","","","1250001000626","","","",""
"株式会社山工","6716323881835","","","","","","","290-0549","千葉県市原市万田野751","","","","","","","","","","","","","","","5040001053947","","","",""
"株式会社ヤマサキ","9161841527130","","","","","","","794-2203","愛媛県今治市宮窪町宮窪5748-1","","","","","","","","","","","","","","","1500001013123","","","",""
"ヤマサ石産販売株式会社","2742319912555","","","","","","","379-0305","群馬県安中市松井田町入山若宮193-3","","","","","","","","","","","","","","","4070001010120","","","",""
"山崎硅石株式会社","8531963861505","","","","","","","970-8045","福島県いわき市郷ケ丘二丁目34-5","","","","","","","","","","","","","","","6380001014039","","","",""
"有限会社山崎興業","2609023622028","","","","","","","049-4501","北海道久遠郡せたな町北檜山区北檜山211-37","","","","","","","","","","","","","","","8440002008898","","","",""
"山﨑石材株式会社","2006955309454","","","","","","","377-1522","群馬県吾妻郡嬬恋村大字袋倉158","","","","","","","","","","","","","","","9070001024000","","","",""
"ヤマシタ工業株式会社","5990415403291","","","","","","","085-0218","北海道釧路市阿寒町新町二丁目3-9","","","","","","","","","","","","","","","4460001001872","","","",""
"株式会社山下産業","1929196218950","","","","","","","056-0022","北海道日高郡新ひだか町静内高砂町一丁目6-7","","","","","","","","","","","","","","","4430001055392","","","",""
"山下産業株式会社","9772913622331","","","","","","","620-0913","京都府福知山市字牧231-1","","","","","","","","","","","","","","","9130001041369","","","",""
"山下晋興業株式会社","3315444592052","","","","","","","893-0046","鹿児島県鹿屋市横山町2099-1","","","","","","","","","","","","","","","8340001014429","","","",""
"株式会社山下砂利","7715890397892","","","","","","","889-4503","宮崎県都城市高崎町縄瀬3472-1","","","","","","","","","","","","","","","4350001008540","","","",""
"山下林業株式会社","1848237156779","","","","","","","946-0203","新潟県魚沼市渋川1530-1","","","","","","","","","","","","","","","1110001026882","","","",""
"有限会社山昭","8493484699962","","","","","","","959-1811","新潟県五泉市三本木二丁目5-29","","","","","","","","","","","","","","","3110002014678","","","",""
"山城恒産株式会社","5110811550779","","","","","","","900-0021","沖縄県那覇市泉崎二丁目104-3 1502","","","","","","","","","","","","","","","2360001015819","","","",""
"有限会社山城鉱山","3312683817429","","","","","","","901-0335","沖縄県糸満市字米須424-4","","","","","","","","","","","","","","","4360002009421","","","",""
"株式会社山城砕石鉱業","5158240574313","","","","","","","902-0064","沖縄県那覇市字寄宮173","","","","","","","","","","","","","","","1360003001388","","","",""
"有限会社山次小野建材","3721400612918","","","","","","","985-0085","宮城県塩竈市字庚塚194","","","","","","","","","","","","","","","6370602001956","","","",""
"山甚大学鉱山株式会社","5195035843534","","","","","","","489-0072","愛知県瀬戸市東印所町65","","","","","","","","","","","","","","","2180001079353","","","",""
"山仙石材株式会社","2863835478221","","","","","","","444-0009","愛知県岡崎市小呂町折バ8-1","","","","","","","","","","","","","","","5180301002061","","","",""
"有限会社山田建材興業","7339187400856","","","","","","","385-0016","長野県佐久市鳴瀬995-2","","","","","","","","","","","","","","","3100002011511","","","",""
"株式会社山田建材店","6367499225053","","","","","","","489-0971","愛知県瀬戸市西本地町一丁目32","","","","","","","","","","","","","","","6180001079366","","","",""
"有限会社山田工業所","9008430670916","","","","","","","689-0106","鳥取県鳥取市福部町海士495-2","","","","","","","","","","","","","","","9270002001952","","","",""
"有限会社山田砂利工業","4113326389188","","","","","","","098-5701","北海道枝幸郡浜頓別町字頓別","","","","","","","","","","","","","","","8450002010738","","","",""
"有限会社山貞窯原","1617736578864","","","","","","","470-0561","愛知県豊田市上仁木町白山1085-2","","","","","","","","","","","","","","","4180302024469","","","",""
"大和開発株式会社","8878428138260","","","","","","","894-3105","鹿児島県大島郡大和村大字大和浜163","","","","","","","","","","","","","","","2340001018880","","","",""
"山富採石株式会社","4127540702168","","","","","","","441-2601","愛知県北設楽郡設楽町津具足田古屋10","","","","","","","","","","","","","","","3180301024198","","","",""
"有限会社山中産業","1140166176755","","","","","","","781-0303","高知県高知市春野町弘岡下4765","","","","","","","","","","","","","","","6490002005934","","","",""
"合資会社山中製土","7304448355505","","","","","","","479-0801","愛知県常滑市樽水三反田5","","","","","","","","","","","","","","","1180003013146","","","",""
"株式会社山梨山本佐吉商店","2065241012965","","","","","","","409-2403","山梨県南巨摩郡身延町帯金2007","","","","","","","","","","","","","","","2090001012315","","","",""
"山西石材有限会社","1958968454937","","","","","","","794-2202","愛媛県今治市宮窪町余所国1354-10","","","","","","","","","","","","","","","9500002020334","","","",""
"株式会社山二商事","4136869234648","","","","","","","470-0424","愛知県豊田市御作町此平980-4","","","","","","","","","","","","","","","7180301019905","","","",""
"有限会社山之内建設工業","4461072718686","","","","","","","411-0917","静岡県駿東郡清水町徳倉1068-6","","","","","","","","","","","","","","","9080102011929","","","",""
"株式会社山野建材店","2007528245233","","","","","","","332-0017","埼玉県川口市栄町二丁目4-15","","","","","","","","","","","","","","","4030001077659","","","",""
"有限会社山弘興業","6167542013872","","","","","","","384-2308","長野県北佐久郡立科町大字牛鹿1365","","","","","","","","","","","","","","","3100002011503","","","",""
"山菱産業株式会社","8979807420447","","","","","","","190-0023","東京都立川市柴崎町二丁目10-5","","","","","","","","","","","","","","","1013101004099","","","",""
"有限会社山辺建設","5469848830235","","","","","","","925-0035","石川県羽咋市本町マ154","","","","","","","","","","","","","","","7220002015315","","","",""
"株式会社山本建材","1693335686474","","","","","","","421-2122","静岡県静岡市葵区松野1135-1","","","","","","","","","","","","","","","6080001005464","","","",""
"山本建設工業株式会社","7361118055463","","","","","","","420-0858","静岡県静岡市葵区伝馬町2-9","","","","","","","","","","","","","","","5080001005465","","","",""
"有限会社山本工業","6044671695077","","","","","","","781-1301","高知県高岡郡越知町越知甲2478","","","","","","","","","","","","","","","5490002010076","","","",""
"有限会社山本産業","1566902953461","","","","","","","529-1812","滋賀県甲賀市信楽町神山534-5","","","","","","","","","","","","","","","5160002005712","","","",""
"株式会社山本商店","5275627129324","","","","","","","939-2305","富山県富山市八尾町井田新1264","","","","","","","","","","","","","","","5230001006241","","","",""
"有限会社山本石材商店","5371328470568","","","","","","","259-0202","神奈川県足柄下郡真鶴町岩830-48","","","","","","","","","","","","","","","1021002049873","","","",""
"山喜興業株式会社","5541972274847","","","","","","","260-0832","千葉県千葉市中央区寒川町一丁目173-2","","","","","","","","","","","","","","","3040001002609","","","",""
"株式会社山萬","9266254645870","","","","","","","507-0901","岐阜県多治見市笠原町32","","","","","","","","","","","","","","","2200001022095","","","",""
"山和建設株式会社","1453599713465","","","","","","","999-1332","山形県西置賜郡小国町大字町原93-1","","","","","","","","","","","","","","","4390001011359","","","",""
"八溝マテリアル株式会社","3984222919142","","","","","","","963-6131","福島県東白川郡棚倉町大字棚倉町裏34-2","","","","","","","","","","","","","","","1380001010620","","","",""
"株式会社鑓水砂利","7108774598077","","","","","","","961-8091","福島県西白河郡西郷村大字熊倉麦田42","","","","","","","","","","","","","","","1380001010513","","","",""
"八幡開発有限会社","9724083158202","","","","","","","999-8233","山形県酒田市法連寺村ノ前24-1","","","","","","","","","","","","","","","1390002008340","","","",""
"有限会社八幡建設","3572707221192","","","","","","","959-2701","新潟県胎内市笹口浜944","","","","","","","","","","","","","","","2110002016312","","","",""
"湯浅工業株式会社","9223018412956","","","","","","","093-0241","北海道網走市字能取244","","","","","","","","","","","","","","","9460301003291","","","",""
"優建株式会社","3328565044908","","","","","","","369-1503","埼玉県秩父市下吉田1997","","","","","","","","","","","","","","","3030001090761","","","",""
"夕張川砂利協同組合","2638916618541","","","","","","","069-1141","北海道夕張郡由仁町川端290","","","","","","","","","","","","","","","7430005006942","","","",""
"有隣興業株式会社","5479595707010","","","","","","","368-0024","埼玉県秩父市上宮地町22-25","","","","","","","","","","","","","","","3030001090992","","","",""
"有和株式会社","2141430172862","","","","","","","153-0053","東京都目黒区五本木二丁目21-11","","","","","","","","","","","","","","","7013201014843","","","",""
"株式会社ユー・エス","6142514348256","","","","","","","021-0901","岩手県一関市真柴矢ノ目沢64-3","","","","","","","","","","","","","","","8400501000582","","","",""
"湯上建材株式会社","8444861972986","","","","","","","501-5122","岐阜県郡上市白鳥町為真575-11","","","","","","","","","","","","","","","2200001026591","","","",""
"有限会社ゆき建材","3855408605818","","","","","","","989-4546","宮城県栗原市瀬峰四ツ壇18","","","","","","","","","","","","","","","8370202005133","","","",""
"有限会社檮原砂利","5269562538477","","","","","","","785-0610","高知県高岡郡梼原町梼原1500","","","","","","","","","","","","","","","9490002011046","","","",""
"株式会社豊","2196242934886","","","","","","","444-0066","愛知県岡崎市広幡町7-5","","","","","","","","","","","","","","","6180301002218","","","",""
"豊開発株式会社","1532259303659","","","","","","","470-0431","愛知県豊田市西中山町十七屋110-2","","","","","","","","","","","","","","","9180301003774","","","",""
"有限会社豊産業","5541818279764","","","","","","","970-0311","福島県いわき市江名藪倉345","","","","","","","","","","","","","","","2380002026623","","","",""
"株式会社ユタカ商会","6724394819944","","","","","","","956-0862","新潟県新潟市秋葉区新町三丁目13-16","","","","","","","","","","","","","","","3110001007328","","","",""
"ユニ建材有限会社","1146016167828","","","","","","","069-1141","北海道夕張郡由仁町川端289","","","","","","","","","","","","","","","3430002051490","","","",""
"ユニバーサルクレー株式会社","7271807905284","","","","","","","507-0807","岐阜県多治見市生田町二丁目164","","","","","","","","","","","","","","","3200001021146","","","",""
"株式会社ユーメリアプレート","6062237982087","","","","","","","103-0023","東京都中央区日本橋本町三丁目4-6","","","","","","","","","","","","","","","1010001059884","","","",""
"有限会社湯本砂利店","1318871428776","","","","","","","307-0026","茨城県結城市大字芳賀崎382","","","","","","","","","","","","","","","5050002045067","","","",""
"有限会社由利工業","8065426378668","","","","","","","043-1117","北海道檜山郡厚沢部町字美和1085-1","","","","","","","","","","","","","","","5440002009858","","","",""
"有限会社余一砂利","6604951636092","","","","","","","325-0035","栃木県那須塩原市小結84","","","","","","","","","","","","","","","2060002022844","","","",""
"有限会社洋光物産","7802756274753","","","","","","","416-0903","静岡県富士市松本188-1 コーポ稲垣A-201","","","","","","","","","","","","","","","1080102015342","","","",""
"四浦珪石株式会社","6225482519241","","","","","","","879-2453","大分県津久見市小園町7-6","","","","","","","","","","","","","","","9320201000270","","","",""
"有限会社与勝鉱産","3764392353475","","","","","","","904-2312","沖縄県うるま市勝連平安名3290-2","","","","","","","","","","","","","","","1360002013062","","","",""
"横川砕石株式会社","1995829934651","","","","","","","750-0018","山口県下関市豊前田町一丁目1-8","","","","","","","","","","","","","","","7250001006551","","","",""
"有限会社横昭建材","4204124862852","","","","","","","311-1252","茨城県ひたちなか市部田野669","","","","","","","","","","","","","","","4050002009452","","","",""
"有限会社横田川建材","9444472211124","","","","","","","427-0032","静岡県島田市神座1249","","","","","","","","","","","","","","","6080002013994","","","",""
"横田建材有限会社","5373278622292","","","","","","","368-0056","埼玉県秩父市寺尾1543-7","","","","","","","","","","","","","","","1030002121872","","","",""
"有限会社横谷商会","3238834906119","","","","","","","382-0000","長野県須坂市大字野辺鶴ノ春546-7","","","","","","","","","","","","","","","7100002008801","","","",""
"横浜金属商事株式会社","9659666672040","","","","","","","252-0132","神奈川県相模原市緑区橋本台三丁目5-2 峡の原工業団地内","","","","","","","","","","","","","","","9021001016090","","","",""
"横山砕石有限会社","6185767026330","","","","","","","893-1206","鹿児島県肝属郡肝付町前田178-1","","","","","","","","","","","","","","","6340002026739","","","",""
"株式会社吉岡","8889102112148","","","","","","","079-2400","北海道空知郡南富良野町字幾寅 市街地","","","","","","","","","","","","","","","4450001006575","","","",""
"有限会社吉岡砕石","4190613503907","","","","","","","758-0611","山口県阿武郡阿武町大字福田下1376-1 地","","","","","","","","","","","","","","","4250002013616","","","",""
"吉岡産業株式会社","9111236940286","","","","","","","335-0022","埼玉県戸田市上戸田五丁目22-10","","","","","","","","","","","","","","","9030001020820","","","",""
"吉川機械産業株式会社","4407552500841","","","","","","","920-0022","石川県金沢市北安江三丁目1-33","","","","","","","","","","","","","","","8220001007394","","","",""
"有限会社吉川商店","3876284574138","","","","","","","566-0064","大阪府摂津市鳥飼中一丁目25-6","","","","","","","","","","","","","","","1120902009324","","","",""
"有限会社吉川砂利店","8737353655113","","","","","","","036-8112","青森県弘前市大字堀越柳田145-2","","","","","","","","","","","","","","","2420002014490","","","",""
"ヨシタ研磨材工業株式会社","9587476867087","","","","","","","639-0252","奈良県香芝市穴虫1416","","","","","","","","","","","","","","","5150001013675","","","",""
"株式会社吉田","3037062302720","","","","","","","299-0236","千葉県袖ケ浦市横田2585","","","","","","","","","","","","","","","2040001052472","","","",""
"有限会社吉田海事","2054581298279","","","","","","","695-0011","島根県江津市江津町1346-17","","","","","","","","","","","","","","","6280002009361","","","",""
"株式会社吉田建材店","5954890703068","","","","","","","981-1512","宮城県角田市横倉柿手52-26","","","","","","","","","","","","","","","4370102002052","","","",""
"株式会社吉田土建","5718492216295","","","","","","","939-8114","富山県富山市城村50","","","","","","","","","","","","","","","5230001003494","","","",""
"有限会社吉永資材","3592308023293","","","","","","","754-0893","山口県山口市秋穂二島550","","","","","","","","","","","","","","","9250002001756","","","",""
"有限会社吉成興業","8515414542678","","","","","","","088-2685","北海道標津郡中標津町字西竹949-4","","","","","","","","","","","","","","","5462502000988","","","",""
"有限会社吉野川バラス","9743478261209","","","","","","","777-0005","徳島県美馬市穴吹町穴吹明連9","","","","","","","","","","","","","","","4480002015135","","","",""
"有限会社吉野建材","3759854546078","","","","","","","506-1316","岐阜県高山市上宝町吉野891","","","","","","","","","","","","","","","1200002026591","","","",""
"吉野採石株式会社","5530774284720","","","","","","","292-0201","千葉県木更津市真里谷1827","","","","","","","","","","","","","","","5040001052214","","","",""
"株式会社吉政石材","2998347201081","","","","","","","010-0344","秋田県男鹿市脇本富永南前田102","","","","","","","","","","","","","","","4410001004137","","","",""
"吉松砕石株式会社","9971110275399","","","","","","","812-0862","福岡県福岡市博多区大字立花寺497-1","","","","","","","","","","","","","","","4290001017639","","","",""
"吉見石灰工業株式会社","4222680322734","","","","","","","774-0021","徳島県阿南市津乃峰町戎山9","","","","","","","","","","","","","","","7480001006875","","","",""
"吉光建材株式会社","3476234946228","","","","","","","923-1101","石川県能美市粟生町ホ16","","","","","","","","","","","","","","","8220001012733","","","",""
"ヨシムラ株式会社","7342077468388","","","","","","","899-6103","鹿児島県姶良郡湧水町川添185 イ","","","","","","","","","","","","","","","9340002014988","","","",""
"芳村石産株式会社","3771326462289","","","","","","","192-0152","東京都八王子市美山町388","","","","","","","","","","","","","","","1010101004088","","","",""
"余野部建材株式会社","8898815244430","","","","","","","518-0802","三重県伊賀市平野樋之口277-1","","","","","","","","","","","","","","","8190001008751","","","",""
"有限会社寄川工業","9843370599565","","","","","","","551-0002","大阪府大阪市大正区三軒家東三丁目11-44","","","","","","","","","","","","","","","1120002063775","","","",""
"ライツ株式会社","1958949861174","","","","","","","940-2402","新潟県長岡市与板町与板乙5624-1","","","","","","","","","","","","","","","2110001023796","","","",""
"株式会社ラビット","5218734259103","","","","","","","914-0000","福井県敦賀市三島38-2-8","","","","","","","","","","","","","","","9210001011099","","","",""
"株式会社Ｌｉｅｎ　ｄｕ　ｃｏｅｕｒ","5431116208816","","","","","","","504-0922","岐阜県各務原市前渡東町八丁目265","","","","","","","","","","","","","","","6200001027636","","","",""
"株式会社リソース","3797491031417","","","","","","","069-1141","北海道夕張郡由仁町川端1133","","","","","","","","","","","","","","","2430001047375","","","",""
"株式会社リノグレス","7252985883265","","","","","","","192-0034","東京都八王子市大谷町481","","","","","","","","","","","","","","","9010101001193","","","",""
"株式会社リバティ","7705984234990","","","","","","","847-0844","佐賀県唐津市菜畑4208-45","","","","","","","","","","","","","","","2300001007391","","","",""
"株式会社リフィックス","6507972737234","","","","","","","980-0014","宮城県仙台市青葉区本町一丁目10-18 1501号","","","","","","","","","","","","","","","3370201002961","","","",""
"株式会社リボーン","9330485550550","","","","","","","861-1102","熊本県合志市須屋1753-3","","","","","","","","","","","","","","","5330001018053","","","",""
"龍王産業株式会社","5215220737778","","","","","","","400-0118","山梨県甲斐市竜王2111","","","","","","","","","","","","","","","5090001002767","","","",""
"竜ヶ鼻建材株式会社","8124895117023","","","","","","","377-0423","群馬県吾妻郡中之条町大字伊勢町133","","","","","","","","","","","","","","","3070001024014","","","",""
"株式会社琉球鉱山開発","7492338116469","","","","","","","905-0225","沖縄県国頭郡本部町字崎本部3120","","","","","","","","","","","","","","","2360001019885","","","",""
"株式会社隆勢","1830016145052","","","","","","","860-0066","熊本県熊本市西区城山下代一丁目4-12","","","","","","","","","","","","","","","1330001015368","","","",""
"龍振鉱業株式会社","4418423401713","","","","","","","022-0005","岩手県大船渡市日頃市町石橋16-1","","","","","","","","","","","","","","","1402701000253","","","",""
"龍陽興産株式会社","9845930937627","","","","","","","759-2211","山口県美祢市大嶺町北分687-7","","","","","","","","","","","","","","","4250001004351","","","",""
"両神興業株式会社","4106671465926","","","","","","","368-0021","埼玉県秩父市下宮地町18-1","","","","","","","","","","","","","","","2030001091001","","","",""
"菱光石灰工業株式会社","1752091480671","","","","","","","101-0043","東京都千代田区神田富山町10-2 アセンド神田ビル2階","","","","","","","","","","","","","","","4010001089482","","","",""
"株式会社Ｒｙｏ　Ｔｒａｎｓｐｏｒｔ","9487097447476","","","","","","","069-1141","北海道夕張郡由仁町川端54-1","","","","","","","","","","","","","","","5430001063007","","","",""
"株式会社緑樹興業","5135825681241","","","","","","","049-1107","北海道上磯郡知内町字上雷3-2","","","","","","","","","","","","","","","7440001002614","","","",""
"林永興業株式会社","9705373986927","","","","","","","486-0844","愛知県春日井市鳥居松町六丁目192-7","","","","","","","","","","","","","","","1180001075196","","","",""
"株式会社ルナサンド","2652601860446","","","","","","","100-0014","東京都千代田区永田町二丁目14-2 山王グランドビル405","","","","","","","","","","","","","","","8010401056525","","","",""
"嶺南建設株式会社","6378419583707","","","","","","","914-0802","福井県敦賀市呉竹町二丁目12-24","","","","","","","","","","","","","","","2210001010826","","","",""
"株式会社令和エキスプレス","4547606360267","","","","","","","879-0104","大分県中津市大字野依385-1","","","","","","","","","","","","","","","8320001010966","","","",""
"株式会社レプコ","6790280443104","","","","","","","102-0071","東京都千代田区富士見一丁目3-11","","","","","","","","","","","","","","","6260001021988","","","",""
"有限会社連枝砂利","8568393416878","","","","","","","999-7723","山形県東田川郡庄内町連枝沼端137-1","","","","","","","","","","","","","","","1390002008563","","","",""
"株式会社ワイエスシー","7077921424490","","","","","","","879-2471","大分県津久見市合ノ元町5-18","","","","","","","","","","","","","","","5320001015687","","","",""
"若松貨物自動車株式会社","4478203972697","","","","","","","969-6184","福島県会津若松市北会津町三本松下大川向3117","","","","","","","","","","","","","","","1380001017979","","","",""
"若宮海運建設株式会社","7772537050292","","","","","","","672-0101","兵庫県姫路市家島町真浦575-1","","","","","","","","","","","","","","","1140001062561","","","",""
"株式会社若宮産業","6020365371955","","","","","","","379-0216","群馬県安中市松井田町新井1397","","","","","","","","","","","","","","","3070001010138","","","",""
"有限会社和賀","6902335906227","","","","","","","019-0509","秋田県横手市十文字町梨木羽場下10-69","","","","","","","","","","","","","","","3410002013872","","","",""
"宮城石灰鉱山株式会社","2626151510552","","","","","","","987-0602","宮城県登米市中田町上沼北桜場86","","","","","","","","","","","","","","","5370401000607","","","",""
"有限会社脇産業","8858910230940","","","","","","","720-0002","広島県福山市御幸町大字下岩成883-6","","","","","","","","","","","","","","","5240002043836","","","",""
"脇田礦業株式会社","5520526327320","","","","","","","550-0015","大阪府大阪市西区南堀江三丁目2-15","","","","","","","","","","","","","","","9120001048563","","","",""
"和工建設株式会社","7831250060979","","","","","","","049-4308","北海道瀬棚郡今金町字今金359-91","","","","","","","","","","","","","","","1440001006059","","","",""
"有限会社和伸石材","1041901968595","","","","","","","761-0121","香川県高松市牟礼町牟礼3720-51","","","","","","","","","","","","","","","1470002000479","","","",""
"有限会社渡喜","8864777727706","","","","","","","029-3206","岩手県一関市花泉町永井大沢田189","","","","","","","","","","","","","","","4400502000916","","","",""
"株式会社渡辺組","4115210316840","","","","","","","963-8011","福島県郡山市若葉町20-7","","","","","","","","","","","","","","","7380001006968","","","",""
"株式会社渡辺建材","6668563139355","","","","","","","959-1306","新潟県加茂市大字鵜森甲113 子","","","","","","","","","","","","","","","6110001015369","","","",""
"株式会社渡邊建材","2428766392597","","","","","","","989-6241","宮城県大崎市古川清水沢向原1-5","","","","","","","","","","","","","","","7370201003527","","","",""
"株式会社渡辺建材","9751080142852","","","","","","","981-1103","宮城県仙台市太白区中田町境3","","","","","","","","","","","","","","","7370001002365","","","",""
"株式会社渡辺産業","2711757275982","","","","","","","880-0837","宮崎県宮崎市村角町原口2580","","","","","","","","","","","","","","","1350001002208","","","",""
"渡辺産業株式会社","5267142864206","","","","","","","327-0507","栃木県佐野市葛生西二丁目8-21","","","","","","","","","","","","","","","3060001020947","","","",""
"渡部産業株式会社","9661833996756","","","","","","","969-3101","福島県耶麻郡猪苗代町字芹沢4040","","","","","","","","","","","","","","","3380001018001","","","",""
"渡辺産業株式会社","7063312536767","","","","","","","321-2403","栃木県日光市町谷1802","","","","","","","","","","","","","","","1060001008556","","","",""
"有限会社渡辺商事","5174290311984","","","","","","","987-0703","宮城県登米市登米町大字日根牛小池69","","","","","","","","","","","","","","","4370402000251","","","",""
"有限会社渡辺商店","9196613206294","","","","","","","861-0543","熊本県山鹿市小原560","","","","","","","","","","","","","","","5330002021287","","","",""
"有限会社渡辺石材店","3835734086549","","","","","","","963-4544","福島県田村市船引町南移町尻127","","","","","","","","","","","","","","","5380002015631","","","",""
"有限会社渡部産業","9271311665925","","","","","","","999-3134","山形県上山市矢来四丁目4-22","","","","","","","","","","","","","","","8390002006412","","","",""
"有限会社渡利商店","8471950946662","","","","","","","244-0004","神奈川県横浜市戸塚区小雀町2532-3","","","","","","","","","","","","","","","3020002003665","","","",""
"株式会社和田建設","1593818314888","","","","","","","520-1101","滋賀県高島市武曽横山629-2","","","","","","","","","","","","","","","3160001012109","","","",""
"有限会社和田興業","6168227379955","","","","","","","899-7102","鹿児島県志布志市志布志町帖3685-2","","","","","","","","","","","","","","","5340002028109","","","",""
"有限会社ワダ工業","2302783686125","","","","","","","733-0002","広島県広島市西区楠木町二丁目6-10","","","","","","","","","","","","","","","9240002018082","","","",""
"稚内砕石工業株式会社","5025938637854","","","","","","","098-6571","北海道稚内市大字声問村曲渕 外地","","","","","","","","","","","","","","","5450001008397","","","",""
"有限会社和束砕石","2441754096730","","","","","","","619-1224","京都府相楽郡和束町大字木屋宮ノ谷1","","","","","","","","","","","","","","","9130002029818","","","",""
"株式会社ＷＯＲＬＤ・ＬＩＮＥ","8549389792446","","","","","","","530-0001","大阪府大阪市北区梅田一丁目11-4 大阪駅前第4ビル9階923, 1558号","","","","","","","","","","","","","","","1120001189324","","","",""
