"会社名","SOC","あなたの名刺所有枚数","全体の名刺所有枚数","最終名刺交換日","コンタクト登録数","最終コンタクト日","URL","郵便番号","住所","電話番号","代表者の役職名","代表者の氏名","主業：大分類","主業：中分類","従業：大分類","従業：中分類","従業員数","資本金（千円）","売上高（百万円）","決算年月","創業年月","設立年月","株式公開区分","法人番号","会社キーワード","企業動向","導入ITサービス","会社メモ"
"株式会社愛岐酸素","7042098091675","","","","","","","509-6103","岐阜県瑞浪市稲津町小里1732-1","","","","","","","","","","","","","","","9200001028326","","","",""
"姶建産業株式会社","1792720907656","","","","","","","899-6404","鹿児島県霧島市溝辺町麓2437","","","","","","","","","","","","","","","3340001007750","","","",""
"有限会社アイシー産業","5074462853704","","","","","","","969-1204","福島県本宮市糠沢東禅寺20","","","","","","","","","","","","","","","4380002016820","","","",""
"愛知ラインリック株式会社","5104208342585","","","","","","","441-3115","愛知県豊橋市豊清町茶屋ノ下119","","","","","","","","","","","","","","","8180301005020","","","",""
"アイティーエヌ株式会社","8002782131938","","","","","","","981-3304","宮城県富谷市ひより台一丁目44-6 セブンコート201号","","","","","","","","","","","","","","","8370001017858","","","",""
"あい・ぷろ合同会社","6968013323303","","","","","","","904-2171","沖縄県沖縄市高原一丁目10-1","","","","","","","","","","","","","","","3360003007771","","","",""
"アイワ株式会社","1358383633952","","","","","","","770-0938","徳島県徳島市明神町四丁目5","","","","","","","","","","","","","","","9480001000100","","","",""
"ＡＥＲＡ　ＥＮＥＲＧＹ株式会社","2035371158410","","","","","","","822-0001","福岡県直方市大字感田2894-5","","","","","","","","","","","","","","","5290801020576","","","",""
"アオイ化学工業株式会社","2372682784285","","","","","","","731-0141","広島県広島市安佐南区相田一丁目1-26","","","","","","","","","","","","","","","9240001000090","","","",""
"株式会社青木科学研究所","2341417168214","","","","","","","106-0032","東京都港区六本木六丁目10-1 六本木ヒルズ森タワー34階","","","","","","","","","","","","","","","2010401000414","","","",""
"青木建設株式会社","9402949217259","","","","","","","082-0021","北海道河西郡芽室町東十一条十丁目1","","","","","","","","","","","","","","","9460101000010","","","",""
"青山工業有限会社","5922089403054","","","","","","","307-0001","茨城県結城市大字結城12234-5","","","","","","","","","","","","","","","2050002044294","","","",""
"赤崎電子有限会社","2845825945908","","","","","","","965-0845","福島県会津若松市門田町工業団地33-1","","","","","","","","","","","","","","","9380002030998","","","",""
"秋田振興建設株式会社","6183566511503","","","","","","","014-0072","秋田県大仙市大曲西根嶋村60","","","","","","","","","","","","","","","9410001007837","","","",""
"有限会社秋芳コスモ","6862297466452","","","","","","","754-0603","山口県美祢市秋芳町別府2721-8","","","","","","","","","","","","","","","2250002007768","","","",""
"有限会社曙化学工業","3205967944914","","","","","","","870-0140","大分県大分市森町西三丁目1-5","","","","","","","","","","","","","","","4320002000540","","","",""
"有限会社アコナ","7227919033057","","","","","","","400-0426","山梨県南アルプス市塚原4-1","","","","","","","","","","","","","","","6090002007070","","","",""
"旭川燃油株式会社","7717742664847","","","","","","","070-0842","北海道旭川市大町二条七丁目21-287","","","","","","","","","","","","","","","4450001000207","","","",""
"旭乾燥剤株式会社","5029862254107","","","","","","","144-0044","東京都大田区本羽田二丁目8-26","","","","","","","","","","","","","","","2010801000022","","","",""
"有限会社朝日興産","4282500541686","","","","","","","894-0062","鹿児島県奄美市名瀬有屋町13-5","","","","","","","","","","","","","","","5340002020585","","","",""
"足立石灰工業株式会社","9077918785328","","","","","","","718-0006","岡山県新見市足立3893","","","","","","","","","","","","","","","3260001019110","","","",""
"芦別たんきょう協同組合","1462026009817","","","","","","","075-0005","北海道芦別市北五条西一丁目11-8","","","","","","","","","","","","","","","9430005007336","","","",""
"株式会社アスカ","9187488843654","","","","","","","106-0032","東京都港区六本木三丁目4-33 マルマン六本木ビル","","","","","","","","","","","","","","","4010401041191","","","",""
"アース工業株式会社","4911610601063","","","","","","","090-0002","北海道北見市昭和49-1","","","","","","","","","","","","","","","3460301000006","","","",""
"株式会社アステック","8251197405926","","","","","","","519-1412","三重県伊賀市下柘植5071","","","","","","","","","","","","","","","9190001009815","","","",""
"アスミック山口株式会社","2945390058097","","","","","","","753-0212","山口県山口市下小鯖373","","","","","","","","","","","","","","","2250001016191","","","",""
"株式会社アスレック","7511778949993","","","","","","","441-1115","愛知県豊橋市石巻本町日名倉3-8","","","","","","","","","","","","","","","7180301004948","","","",""
"株式会社梓建築設計事務所","3016359958735","","","","","","","321-4355","栃木県真岡市上大沼二丁目20-5","","","","","","","","","","","","","","","7060001009235","","","",""
"東道路株式会社","2409081059613","","","","","","","085-0826","北海道釧路市城山一丁目10-5","","","","","","","","","","","","","","","9460001001174","","","",""
"東瀝青建設株式会社","3105801794132","","","","","","","103-0007","東京都中央区日本橋浜町二丁目30-1 KVK日本橋浜町ビル6階","","","","","","","","","","","","","","","4010001035131","","","",""
"有限会社アート・レイン","5507200124702","","","","","","","629-0151","京都府南丹市八木町南広瀬砂子39-2","","","","","","","","","","","","","","","3130002028651","","","",""
"株式会社アドバン","3869671206580","","","","","","","360-0238","埼玉県熊谷市妻沼西一丁目37","","","","","","","","","","","","","","","6030001085536","","","",""
"アブダビ石油株式会社","3738738228869","","","","","","","104-0031","東京都中央区京橋一丁目7-1 TODABUILDING20階","","","","","","","","","","","","","","","4010701018625","","","",""
"阿部鉱油株式会社","4218586958837","","","","","","","963-8061","福島県郡山市富久山町福原鳴神72-3","","","","","","","","","","","","","","","3380001008209","","","",""
"株式会社阿部重組","5095876784397","","","","","","","030-0802","青森県青森市本町一丁目7-5","","","","","","","","","","","","","","","3420001000417","","","",""
"株式会社阿部舗装","3870819283160","","","","","","","041-1231","北海道北斗市向野一丁目4-33","","","","","","","","","","","","","","","4440001004563","","","",""
"天草アスファルト合材販売株式会社","6157066258177","","","","","","","863-0041","熊本県天草市志柿町7013-9","","","","","","","","","","","","","","","7330001015049","","","",""
"有限会社天草医療高圧ガス","1033378341909","","","","","","","863-0046","熊本県天草市亀場町食場906","","","","","","","","","","","","","","","6330002029379","","","",""
"株式会社アメシス","7443406076936","","","","","","","278-0021","千葉県野田市堤根105-10","","","","","","","","","","","","","","","1040001071044","","","",""
"株式会社アライカーボン","3462393667785","","","","","","","866-0034","熊本県八代市新港町三丁目9-2","","","","","","","","","","","","","","","4330001013484","","","",""
"有明アスコン株式会社","7452811948542","","","","","","","869-0236","熊本県玉名市岱明町西照寺893","","","","","","","","","","","","","","","1330001011549","","","",""
"アルゴット株式会社","7627678233414","","","","","","","150-0021","東京都渋谷区恵比寿西二丁目1-3","","","","","","","","","","","","","","","7011001031811","","","",""
"アルビアクト株式会社","4820711481538","","","","","","","336-0931","埼玉県さいたま市緑区原山一丁目6-10 102","","","","","","","","","","","","","","","3030001099456","","","",""
"アロン化成株式会社","4650306699006","","","","","","","105-0003","東京都港区西新橋二丁目8-6 住友不動産日比谷ビル8階","","","","","","","","","","","","","","","4010401097424","","","",""
"淡路アスフアルト工業株式会社","9687309025777","","","","","","","656-2132","兵庫県淡路市志筑新島1-7","","","","","","","","","","","","","","","2140001085033","","","",""
"株式会社　ａｎｇｅｌｏ","1995266409120","","","","","","","515-0001","三重県松阪市大口町1162-386","","","","","","","","","","","","","","","9190001011630","","","",""
"飯田アスコン株式会社","9780876933231","","","","","","","395-0241","長野県飯田市久米2217-4","","","","","","","","","","","","","","","8100001022323","","","",""
"有限会社飯塚商店","3091712462364","","","","","","","121-0832","東京都足立区古千谷本町二丁目7-16","","","","","","","","","","","","","","","4011502006942","","","",""
"株式会社ｅ．オイルサービス","5958030159127","","","","","","","739-0321","広島県広島市安芸区中野六丁目16-14","","","","","","","","","","","","","","","2240001047601","","","",""
"株式会社池内商店","2501398756024","","","","","","","676-0004","兵庫県高砂市荒井町千鳥二丁目14-23","","","","","","","","","","","","","","","1140001043826","","","",""
"株式会社イーコークス","1980298664900","","","","","","","151-0073","東京都渋谷区笹塚一丁目3-15","","","","","","","","","","","","","","","6010601046063","","","",""
"石田道路株式会社","8685618432996","","","","","","","309-1226","茨城県桜川市上野原地新田上野原151-2","","","","","","","","","","","","","","","7010601000812","","","",""
"石巻アスコン株式会社","2436067123957","","","","","","","986-1111","宮城県石巻市鹿又山下西100","","","","","","","","","","","","","","","7370301000184","","","",""
"ＥＥＪＡ株式会社","4544578210753","","","","","","","103-0025","東京都中央区日本橋茅場町二丁目6-6","","","","","","","","","","","","","","","7010001061843","","","",""
"株式会社イースタン・マックス","7097293691579","","","","","","","224-0053","神奈川県横浜市都筑区池辺町4702","","","","","","","","","","","","","","","8020001008462","","","",""
"イズム鉱業株式会社","6329931719501","","","","","","","373-0851","群馬県太田市飯田町1547 OTAスクエアビル7F","","","","","","","","","","","","","","","2070001021078","","","",""
"伊勢舗装工業株式会社","9848075141788","","","","","","","519-0425","三重県度会郡玉城町岩出397-1","","","","","","","","","","","","","","","5190001006493","","","",""
"有限会社磯山建装工業","3192415632671","","","","","","","304-0004","茨城県下妻市大木1799","","","","","","","","","","","","","","","2050002016855","","","",""
"有限会社一色","2257202511131","","","","","","","093-0082","北海道網走市北十二条西二丁目1-5","","","","","","","","","","","","","","","6460302004201","","","",""
"出光ＮＴＧ株式会社","6060054830355","","","","","","","212-0013","神奈川県川崎市幸区堀川町580","","","","","","","","","","","","","","","5120001072749","","","",""
"出光興産株式会社","3246895938282","","","","","","","100-0004","東京都千代田区大手町一丁目2-1","","","","","","","","","","","","","","","9010001011318","","","",""
"出光ルブテクノ株式会社","6430607207565","","","","","","","210-0006","神奈川県川崎市川崎区砂子一丁目8-1 川崎室町ビル8階","","","","","","","","","","","","","","","5020001075539","","","",""
"伊那協同アスコン株式会社","7355608438501","","","","","","","396-0013","長野県伊那市下新田2966","","","","","","","","","","","","","","","3100001020595","","","",""
"井上道路株式会社","7182806563432","","","","","","","370-0857","群馬県高崎市上佐野町407","","","","","","","","","","","","","","","6070001006216","","","",""
"いわき道路株式会社","6456112999844","","","","","","","971-8184","福島県いわき市泉町黒須野砂利59","","","","","","","","","","","","","","","9380001012320","","","",""
"岩手金ケ崎ガス株式会社","9492368427061","","","","","","","029-4503","岩手県胆沢郡金ケ崎町西根町裏45-1","","","","","","","","","","","","","","","3400601000462","","","",""
"岩野礦油株式会社","4131189479363","","","","","","","806-0001","福岡県北九州市八幡西区築地町21-36","","","","","","","","","","","","","","","8290801009641","","","",""
"株式会社ウィル湘南","4286089453920","","","","","","","254-0014","神奈川県平塚市四之宮六丁目8-7","","","","","","","","","","","","","","","3021001036193","","","",""
"上田化学工業株式会社","6607171405063","","","","","","","633-0076","奈良県桜井市大字大泉454","","","","","","","","","","","","","","","9150001009232","","","",""
"宇城舗装株式会社","2361544501117","","","","","","","869-0511","熊本県宇城市松橋町曲野825-1","","","","","","","","","","","","","","","3330001012685","","","",""
"株式会社宇佐合材","3917819277970","","","","","","","879-0474","大分県宇佐市大字山下1345-1","","","","","","","","","","","","","","","5320001007593","","","",""
"内田化工株式会社","9346237631544","","","","","","","120-0015","東京都足立区足立一丁目29-18","","","","","","","","","","","","","","","2011801006199","","","",""
"内田工業株式会社","2883508193674","","","","","","","712-8052","岡山県倉敷市松江三丁目2-46","","","","","","","","","","","","","","","6260001012574","","","",""
"宇部アスコン株式会社","3680906224384","","","","","","","757-0216","山口県宇部市大字船木簑田2372","","","","","","","","","","","","","","","3250001016190","","","",""
"ヴアーデン販売株式会社","1972694831439","","","","","","","143-0016","東京都大田区大森北六丁目23-20 コスモ大森1F","","","","","","","","","","","","","","","9010801001187","","","",""
"有限会社ヴェルデ・トレーディング","2475715498307","","","","","","","920-0002","石川県金沢市千木一丁目33-1","","","","","","","","","","","","","","","9220002001288","","","",""
"エア・ウォーター株式会社","8216844955802","","","","","","","542-0081","大阪府大阪市中央区南船場二丁目12-8 エア・ウォータービル","","","","","","","","","","","","","","","1430001009475","","","",""
"エア・ウォーター・グリーンデザイン株式会社","6649652256293","","","","","","","105-0001","東京都港区虎ノ門三丁目18-19 UD神谷町ビル8階","","","","","","","","","","","","","","","4010401028627","","","",""
"有限会社エーアールマルゼン","8218888133303","","","","","","","763-0071","香川県丸亀市田村町1220-4","","","","","","","","","","","","","","","9470002016765","","","",""
"エイ・エックス株式会社","3023377745961","","","","","","","950-0871","新潟県新潟市東区山木戸下屋敷1500-17","","","","","","","","","","","","","","","2110001028184","","","",""
"株式会社エイ・エム・シー","6201051349708","","","","","","","121-0836","東京都足立区入谷七丁目11-12","","","","","","","","","","","","","","","9011801006250","","","",""
"株式会社栄光社","4010592320638","","","","","","","607-8141","京都府京都市山科区東野北井ノ上町7-1","","","","","","","","","","","","","","","5130001012398","","","",""
"株式会社ＡＯＬＳ","7179928683966","","","","","","","105-0004","東京都港区新橋六丁目22-8","","","","","","","","","","","","","","","3010401123172","","","",""
"株式会社エーケイエスコンサルタント","2656383389517","","","","","","","116-0003","東京都荒川区南千住五丁目9-6 503号","","","","","","","","","","","","","","","3011501006622","","","",""
"株式会社エコＥＲＣ","1979321659772","","","","","","","080-0802","北海道帯広市東二条南二十九丁目2-6","","","","","","","","","","","","","","","7460101004178","","","",""
"株式会社エコアース","1003836415937","","","","","","","070-0081","北海道旭川市亀吉一条二丁目3-10","","","","","","","","","","","","","","","1450001006149","","","",""
"株式会社エコライフ","8031148757778","","","","","","","514-1138","三重県津市戸木町5449-3","","","","","","","","","","","","","","","4190001022962","","","",""
"株式会社エース","8607848419690","","","","","","","770-8011","徳島県徳島市論田町新開66-100","","","","","","","","","","","","","","","3480001000270","","","",""
"エス・エフ産業有限会社","7477984102054","","","","","","","591-8042","大阪府堺市北区大豆塚町一丁24-11","","","","","","","","","","","","","","","4120102000683","","","",""
"株式会社ＳＬ化学研究所","4166159603008","","","","","","","713-8112","岡山県倉敷市玉島陶5450","","","","","","","","","","","","","","","8260001016078","","","",""
"有限会社エスカレラ横浜","3709338993593","","","","","","","245-0007","神奈川県横浜市泉区桂坂13-8","","","","","","","","","","","","","","","5310002009870","","","",""
"エスティーティー株式会社","8724269299494","","","","","","","257-0017","神奈川県秦野市立野台二丁目6-1","","","","","","","","","","","","","","","8010701022755","","","",""
"有限会社エス・ティロード","6615617855773","","","","","","","920-0356","石川県金沢市専光寺町そ83","","","","","","","","","","","","","","","1220002001436","","","",""
"株式会社エスプラス","1578937496682","","","","","","","409-0121","山梨県上野原市四方津406","","","","","","","","","","","","","","","1090001008669","","","",""
"株式会社エーゼット","7475937197785","","","","","","","577-0065","大阪府東大阪市高井田中三丁目1-11","","","","","","","","","","","","","","","8122001001057","","","",""
"エタシマガス株式会社","8936290480362","","","","","","","737-2301","広島県江田島市能美町中町4433-1","","","","","","","","","","","","","","","7240001047992","","","",""
"ＮＳスチレンモノマー株式会社","2387420826431","","","","","","","103-0027","東京都中央区日本橋一丁目13-1 日鉄日本橋ビル","","","","","","","","","","","","","","","7010001141604","","","",""
"ＥＮＥＯＳ株式会社","6711352845723","","","","","","","100-0004","東京都千代田区大手町一丁目1-2","","","","","","","","","","","","","","","4010001133876","","","",""
"ＥＮＥＯＳ　ＳＨ合同会社","8362274252604","","","","","","","100-0004","東京都千代田区大手町一丁目1-2","","","","","","","","","","","","","","","1020003007221","","","",""
"ＥＮＥＯＳ男鹿株式会社","8920251783661","","","","","","","010-0511","秋田県男鹿市船川港船川芦沢162-1","","","","","","","","","","","","","","","4410001004161","","","",""
"ＥＮＥＯＳグローブ株式会社","2991431823407","","","","","","","100-0014","東京都千代田区永田町二丁目11-1 山王パークタワー15F","","","","","","","","","","","","","","","1010001090889","","","",""
"ＥＮＥＯＳ和歌山石油精製株式会社","2269154705000","","","","","","","642-0034","和歌山県海南市藤白758","","","","","","","","","","","","","","","5170001005852","","","",""
"エネポ愛媛株式会社","1759985467153","","","","","","","790-0932","愛媛県松山市東石井五丁目11-26","","","","","","","","","","","","","","","4500001005126","","","",""
"エバークリーン株式会社","1689909123253","","","","","","","100-0005","東京都千代田区丸の内二丁目3-2 郵船ビル","","","","","","","","","","","","","","","2040001072446","","","",""
"エバーケミカル工業株式会社","6849991027439","","","","","","","587-0062","大阪府堺市美原区太井360-11","","","","","","","","","","","","","","","3120101021401","","","",""
"有限会社愛媛工潤","9121645669012","","","","","","","791-0214","愛媛県東温市南野田26-2","","","","","","","","","","","","","","","7500002009528","","","",""
"株式会社エフイ石灰工業所","4905879319818","","","","","","","811-0120","福岡県糟屋郡新宮町中央駅前一丁目8-14","","","","","","","","","","","","","","","5290001036547","","","",""
"株式会社エム・アイ・シー","6770844801943","","","","","","","556-0022","大阪府大阪市浪速区桜川四丁目11-21","","","","","","","","","","","","","","","2120001040238","","","",""
"ＭＴエチレンカーボネート株式会社","2318715410960","","","","","","","105-0003","東京都港区西新橋一丁目14-1","","","","","","","","","","","","","","","7010401088643","","","",""
"株式会社エムテーシー","1900710142513","","","","","","","270-0032","千葉県松戸市新松戸北一丁目1","","","","","","","","","","","","","","","4040001037430","","","",""
"株式会社エムテック","5023698645245","","","","","","","551-0023","大阪府大阪市大正区鶴町三丁目11-10","","","","","","","","","","","","","","","6120001116562","","","",""
"オイルケミカルサービス株式会社","4858075359432","","","","","","","999-7762","山形県東田川郡庄内町家根合中荒田33-2","","","","","","","","","","","","","","","1390001006808","","","",""
"有限会社オイルハウス","3062331007167","","","","","","","889-2152","宮崎県宮崎市学園木花台北二丁目9-13","","","","","","","","","","","","","","","7350002000873","","","",""
"オイルメンテナンスサービス株式会社","1056981379174","","","","","","","742-0344","山口県岩国市玖珂町1074-20","","","","","","","","","","","","","","","4250001011876","","","",""
"有限会社オイルメンテナンス新潟","7517168016102","","","","","","","950-0063","新潟県新潟市東区上王瀬町1-50","","","","","","","","","","","","","","","2110002001413","","","",""
"有限会社オイル・リサイクル","5189039402356","","","","","","","889-0512","宮崎県延岡市新浜町二丁目8935-70","","","","","","","","","","","","","","","8350002011829","","","",""
"扇島石油基地株式会社","4869547057314","","","","","","","210-0866","神奈川県川崎市川崎区水江町3-1","","","","","","","","","","","","","","","7020001016838","","","",""
"大分舗材株式会社","4460608776953","","","","","","","879-7501","大分県大分市大字竹中 大六1146番地","","","","","","","","","","","","","","","5320001015200","","","",""
"株式会社大内","9122185679386","","","","","","","334-0012","埼玉県川口市八幡木三丁目15-1","","","","","","","","","","","","","","","9030001073091","","","",""
"有限会社大倉屋油店","2109754317187","","","","","","","124-0022","東京都葛飾区奥戸一丁目21-2","","","","","","","","","","","","","","","6011802001360","","","",""
"大阪化成株式会社","2677639871384","","","","","","","555-0041","大阪府大阪市西淀川区中島二丁目6-11","","","","","","","","","","","","","","","6120001050919","","","",""
"大阪ガスリキッド株式会社","7425016254413","","","","","","","541-0041","大阪府大阪市中央区北浜四丁目7-19 住友ビルディング第3号館5階","","","","","","","","","","","","","","","2120001092080","","","",""
"大阪国際石油精製株式会社","6860871213571","","","","","","","299-0108","千葉県市原市千種海岸1","","","","","","","","","","","","","","","9120101029579","","","",""
"大阪石油化学株式会社","1645876975540","","","","","","","104-0028","東京都中央区八重洲二丁目2-1","","","","","","","","","","","","","","","3010401058385","","","",""
"株式会社大阪ソーダ","4892748013150","","","","","","","530-0001","大阪府大阪市北区梅田三丁目2-2 JPタワー大阪19階","","","","","","","","","","","","","","","4120001049013","","","",""
"大澤ワックス株式会社","7680042291359","","","","","","","451-0045","愛知県名古屋市西区名駅二丁目27-8 名古屋プライムセントラルタワー8階","","","","","","","","","","","","","","","3180001009920","","","",""
"大島舗材株式会社","1494184135416","","","","","","","894-0008","鹿児島県奄美市名瀬大字浦上小又1023-40","","","","","","","","","","","","","","","5340001010562","","","",""
"大田化成株式会社","2122351844199","","","","","","","230-0002","神奈川県横浜市鶴見区江ケ崎町6-21","","","","","","","","","","","","","","","2020001016867","","","",""
"太田建設株式会社","1818124808038","","","","","","","036-8333","青森県弘前市大字若党町45-1","","","","","","","","","","","","","","","9420001008909","","","",""
"有限会社太田燃料","8259900188993","","","","","","","434-0037","静岡県浜松市浜名区沼21","","","","","","","","","","","","","","","7080402014815","","","",""
"邑智プロパン有限会社","1371138842179","","","","","","","699-4701","島根県邑智郡美郷町浜原389-1","","","","","","","","","","","","","","","4280002009512","","","",""
"株式会社大坪建設","1396632358424","","","","","","","897-0133","鹿児島県南九州市川辺町下山田2555-1","","","","","","","","","","","","","","","7340001012953","","","",""
"株式会社大林興業","4349499609207","","","","","","","370-3521","群馬県高崎市棟高町1194-7","","","","","","","","","","","","","","","6070001009383","","","",""
"大林道路株式会社","5986931692450","0","1","2025/02/19","0","","https://www.obayashi-road.co.jp/","108-0075","東京都港区港南二丁目15-1 品川インターシティA棟","03-3295-8860","代表取締役社長","安孫子　敬美","建設","総合建設","製造","石油製品、石炭製品製造","1,000 ～ 3,000","1,000,000 ～ 10,000,000","100,000 ～ 300,000","2025/03","1933/08","1933/08","非公開","4010601028815","上下水道工事,建築工事,コンサルティング業務,労働者派遣業務,敷地造成工事,道路工事,土木工事,舗装工事,産業廃棄物収集運搬,高速道路建設,アスファルト合材卸売,公共施設管理,一般廃棄物処分,公共施設建設,建設機械販売,アスファルト合材製造,住宅資材卸売,産業廃棄物処分,下水道工事,空港工事,一般廃棄物収集運搬,道路,企業サイト,舗装","2026新卒募集企業,2027新卒インターン募集企業,2027新卒募集企業,ISO認定取得企業,SNSツール利用,中途採用企業,全省庁統一資格保有企業,営業職募集企業,売上1000億以上,売上300億円以上,売上50億円以上,展示会その他,展示会ニュース発表企業,展示会全体,従業員500人以上,特許出願企業,省エネ法対象業者","Display & Video 360,Elastic Load Balancing,Google Fonts,Google アナリティクス,Google カスタム検索エンジン,jQuery",""
"大町アスコン株式会社","3752726585172","","","","","","","398-0004","長野県大町市常盤貝原6906-151","","","","","","","","","","","","","","","1100001017197","","","",""
"大嶺日の丸燃料株式会社","8811063815295","","","","","","","759-2213","山口県美祢市大嶺町西分268","","","","","","","","","","","","","","","6250001004283","","","",""
"株式会社大矢油化","2205445943390","","","","","","","945-0066","新潟県柏崎市西本町三丁目9-19","","","","","","","","","","","","","","","8110001017181","","","",""
"岡﨑共同株式会社","2846702879778","","","","","","","703-8237","岡山県岡山市中区森下町1-14","","","","","","","","","","","","","","","6260001001536","","","",""
"岡山アスコン株式会社","3641683831824","","","","","","","701-0206","岡山県岡山市南区箕島2597","","","","","","","","","","","","","","","3260001000937","","","",""
"沖縄道路株式会社","9662223240814","","","","","","","905-0019","沖縄県名護市大北四丁目27-75","","","","","","","","","","","","","","","3360001012063","","","",""
"株式会社沖舗","2443432408229","","","","","","","904-2142","沖縄県沖縄市字登川3395-1","","","","","","","","","","","","","","","7360001007241","","","",""
"オクサリスケミカルズ株式会社","2003782361293","","","","","","","100-0013","東京都千代田区霞が関三丁目2-5 霞が関ビルディング7階","","","","","","","","","","","","","","","9010401012907","","","",""
"株式会社奥津石油","4312804276223","","","","","","","270-0145","千葉県流山市名都借1015","","","","","","","","","","","","","","","3010601020500","","","",""
"オサダ技研株式会社","3751858687613","","","","","","","543-0021","大阪府大阪市天王寺区東高津町9-17","","","","","","","","","","","","","","","8120001076516","","","",""
"オザワ工業株式会社","5427834672617","","","","","","","546-0041","大阪府大阪市東住吉区桑津一丁目28-4","","","","","","","","","","","","","","","3120001009348","","","",""
"小澤製油化学有限会社","7474214770600","","","","","","","708-0015","岡山県津山市神戸167","","","","","","","","","","","","","","","4260002027961","","","",""
"株式会社オーシャン","5876544060952","","","","","","","262-0005","千葉県千葉市花見川区こてはし台三丁目22-5","","","","","","","","","","","","","","","5040001012242","","","",""
"オスカ化学株式会社","3227937993691","","","","","","","412-0012","静岡県御殿場市増田116","","","","","","","","","","","","","","","1080101004404","","","",""
"尾花建設株式会社","8575531841056","","","","","","","839-0811","福岡県久留米市山川神代一丁目4-3","","","","","","","","","","","","","","","9290001048522","","","",""
"有限会社オブ・エレメンツ・テクニカル","2549128457647","","","","","","","914-0131","福井県敦賀市公文名80-141-16","","","","","","","","","","","","","","","7210002010143","","","",""
"株式会社オーブテック","8158973426418","","","","","","","444-0071","愛知県岡崎市稲熊町向畑74-7","","","","","","","","","","","","","","","2180301027301","","","",""
"株式会社カイシン","6505915412776","","","","","","","406-0835","山梨県笛吹市八代町米倉1417-1","","","","","","","","","","","","","","","8090001005949","","","",""
"カイセキ産業株式会社","8729698212979","","","","","","","642-0034","和歌山県海南市藤白758","","","","","","","","","","","","","","","6170001005471","","","",""
"株式会社海保技研","8054594885661","","","","","","","242-0025","神奈川県大和市代官三丁目16-5","","","","","","","","","","","","","","","1021001025058","","","",""
"加賀アスコン株式会社","1791639559588","","","","","","","923-1278","石川県能美郡川北町字朝日1","","","","","","","","","","","","","","","7220001008765","","","",""
"有限会社鹿児島廃油処理センター","7713350904143","","","","","","","891-0131","鹿児島県鹿児島市谷山港三丁目2-3","","","","","","","","","","","","","","","2340002002982","","","",""
"有限会社笠間商事","8976250430942","","","","","","","262-0032","千葉県千葉市花見川区幕張町五丁目483-15","","","","","","","","","","","","","","","9040002002775","","","",""
"鹿島アロマティックス株式会社","2594305262171","","","","","","","100-0004","東京都千代田区大手町一丁目1-2","","","","","","","","","","","","","","","5010001134064","","","",""
"鹿島液化ガス共同備蓄株式会社","1205645465801","","","","","","","314-0116","茨城県神栖市奥野谷6223-65","","","","","","","","","","","","","","","2010001040348","","","",""
"鹿島ケミカル株式会社","9115146039543","","","","","","","314-0102","茨城県神栖市東和田30","","","","","","","","","","","","","","","3050001020568","","","",""
"鹿島石油株式会社","3076562383097","","","","","","","100-0004","東京都千代田区大手町一丁目1-2","","","","","","","","","","","","","","","2010001134141","","","",""
"有限会社加治商店","2438796999676","","","","","","","934-0013","富山県射水市立町15-5","","","","","","","","","","","","","","","1230002013653","","","",""
"華盛国際株式会社","5133424668803","","","","","","","130-0025","東京都墨田区千歳二丁目8-14","","","","","","","","","","","","","","","3010001178071","","","",""
"風吹共同アスコン株式会社","4829914350459","","","","","","","649-6201","和歌山県岩出市押川455-1","","","","","","","","","","","","","","","2170001007760","","","",""
"片岡建材建設株式会社","5915609412905","","","","","","","672-8075","兵庫県姫路市飾磨区思案橋90-3","","","","","","","","","","","","","","","9140001058313","","","",""
"有限会社カタヤマ","3088991604807","","","","","","","806-0001","福岡県北九州市八幡西区築地町16-38","","","","","","","","","","","","","","","6290802013677","","","",""
"鹿角アスコン協同組合","7496617272655","","","","","","","018-5201","秋田県鹿角市花輪雁府51-4","","","","","","","","","","","","","","","8410005003461","","","",""
"家庭化学工業株式会社","9920050215327","","","","","","","584-0021","大阪府富田林市中野町一丁目638-1","","","","","","","","","","","","","","","1120101031369","","","",""
"株式会社加藤商店","5153553556994","","","","","","","289-1503","千葉県山武市松尾町谷津2","","","","","","","","","","","","","","","1040001058108","","","",""
"加藤道路株式会社","2473924081584","","","","","","","979-2324","福島県南相馬市鹿島区川子滝沢174","","","","","","","","","","","","","","","8380001015588","","","",""
"有限会社加藤油研","7810856004941","","","","","","","444-1321","愛知県高浜市稗田町五丁目8-21","","","","","","","","","","","","","","","2180302020445","","","",""
"角出石油株式会社","1771678726968","","","","","","","922-0331","石川県加賀市動橋町ネ22","","","","","","","","","","","","","","","1220001013102","","","",""
"神奈川オイルサービス株式会社","8363495661355","","","","","","","245-0063","神奈川県横浜市戸塚区原宿三丁目57-2-8 106号","","","","","","","","","","","","","","","3020001007279","","","",""
"金沢サプライセンター株式会社","1656365608065","","","","","","","920-0331","石川県金沢市大野町四丁目ソ部8","","","","","","","","","","","","","","","8220001008426","","","",""
"株式会社金沢舖道","5926137862637","","","","","","","920-0043","石川県金沢市長田二丁目4-8","","","","","","","","","","","","","","","3220001002177","","","",""
"金下建設株式会社","8311239340703","","","","","","","629-2251","京都府宮津市字須津471-1","","","","","","","","","","","","","","","8130001040495","","","",""
"有限会社金田商店","1867943059639","","","","","","","060-0907","北海道札幌市東区北七条東六丁目12","","","","","","","","","","","","","","","7430002005105","","","",""
"カネックス株式会社","6255011505444","","","","","","","683-0101","鳥取県米子市大篠津町690-15","","","","","","","","","","","","","","","5270001003202","","","",""
"株式会社金林商工","1802228973802","","","","","","","285-0858","千葉県佐倉市ユーカリが丘三丁目11-14","","","","","","","","","","","","","","","6040001046710","","","",""
"金丸油化工業株式会社","7830720787468","","","","","","","538-0052","大阪府大阪市鶴見区横堤四丁目9-1","","","","","","","","","","","","","","","2120001001644","","","",""
"株式会社鎌倉学び舎","5481762863683","","","","","","","247-0063","神奈川県鎌倉市梶原二丁目22-9","","","","","","","","","","","","","","","6020001017515","","","",""
"釜鉄商工株式会社","3333571583109","","","","","","","329-2441","栃木県塩谷郡塩谷町大字船生7585","","","","","","","","","","","","","","","9060001008805","","","",""
"上北重車輛株式会社","8468481562415","","","","","","","034-0106","青森県十和田市大字深持梨ノ木平167-2","","","","","","","","","","","","","","","2420001010994","","","",""
"亀川工業株式会社","1922003450470","","","","","","","491-0132","愛知県一宮市大毛若宮55","","","","","","","","","","","","","","","5180001082627","","","",""
"株式会社刈谷石灰工業所","7964362478820","","","","","","","781-8125","高知県高知市五台山2452","","","","","","","","","","","","","","","2490001000345","","","",""
"有限会社川西燃料","4989739606120","","","","","","","059-0464","北海道登別市登別東町四丁目5","","","","","","","","","","","","","","","8430002065263","","","",""
"有限会社川満工務店","1609542574103","","","","","","","901-2225","沖縄県宜野湾市大謝名二丁目14-29","","","","","","","","","","","","","","","7360002018733","","","",""
"株式会社川邑研究所","9583393579782","","","","","","","153-0063","東京都目黒区目黒一丁目5-6","","","","","","","","","","","","","","","1013201001525","","","",""
"カンエイ産業株式会社","7827607044230","","","","","","","581-0052","大阪府八尾市竹渕二丁目136","","","","","","","","","","","","","","","6122001018152","","","",""
"関越舗材株式会社","2378294712253","","","","","","","949-5406","新潟県長岡市浦3363-1","","","","","","","","","","","","","","","5110001023744","","","",""
"関越舗道株式会社","7474728727215","","","","","","","949-6102","新潟県南魚沼郡湯沢町大字神立130","","","","","","","","","","","","","","","6110001026250","","","",""
"環境開発工業株式会社","5828511390334","","","","","","","061-1111","北海道北広島市北の里41-27","","","","","","","","","","","","","","","6430001033438","","","",""
"株式会社関西化研","4719326937119","","","","","","","614-8131","京都府八幡市下奈良宮ノ道6","","","","","","","","","","","","","","","9130001038951","","","",""
"株式会社関西石油製品販売","5213435966266","","","","","","","532-0024","大阪府大阪市淀川区十三本町三丁目6-3 1008","","","","","","","","","","","","","","","4120001054649","","","",""
"関西特殊工作油株式会社","1446742393928","","","","","","","584-0023","大阪府富田林市若松町東三丁目4-28","","","","","","","","","","","","","","","5120101030664","","","",""
"関西熱化学株式会社","4755191908707","","","","","","","661-0976","兵庫県尼崎市潮江一丁目2-6 JRE尼崎フロントビル8階","","","","","","","","","","","","","","","6140001048242","","","",""
"株式会社神田技術工業","8765857014257","","","","","","","212-0011","神奈川県川崎市幸区幸町二丁目593","","","","","","","","","","","","","","","4020001113844","","","",""
"株式会社カンチ","1556200865764","","","","","","","500-8373","岐阜県岐阜市大池町61 カンチ第5ビル","","","","","","","","","","","","","","","9200001000375","","","",""
"関東道路株式会社","1015946240063","","","","","","","308-0855","茨城県筑西市下川島635","","","","","","","","","","","","","","","2050001031384","","","",""
"関東ミネラル工業株式会社","5705264782529","","","","","","","377-0801","群馬県吾妻郡東吾妻町大字原町1384","","","","","","","","","","","","","","","5070001024037","","","",""
"カントーカセイ株式会社","9269372093828","","","","","","","100-0005","東京都千代田区丸の内一丁目8-1 丸の内トラストタワーN館","","","","","","","","","","","","","","","1010001013734","","","",""
"神原工事株式会社","1909887437758","","","","","","","570-0009","大阪府守口市大庭町二丁目7-10","","","","","","","","","","","","","","","3120001155489","","","",""
"株式会社ガイアテック","7885857931461","","","","","","","899-1922","鹿児島県薩摩川内市小倉町5960","","","","","","","","","","","","","","","5340001008581","","","",""
"株式会社ガイアート","2168948813302","","","","","","","162-0814","東京都新宿区新小川町8-27","","","","","","","","","","","","","","","8011101004344","","","",""
"株式会社ガスコープエネルギー","8143300214954","","","","","","","049-0111","北海道北斗市七重浜二丁目29-13","","","","","","","","","","","","","","","2440001007287","","","",""
"ガスコミュニティ浜松株式会社","9295430988150","","","","","","","434-0002","静岡県浜松市浜名区尾野2784-1","","","","","","","","","","","","","","","2080401010217","","","",""
"株式会社ガスコムサプライ","4769582966326","","","","","","","431-0301","静岡県湖西市新居町中之郷あけぼの4113","","","","","","","","","","","","","","","1080401006125","","","",""
"蒲郡アスコン株式会社","2741154853653","","","","","","","443-0036","愛知県蒲郡市浜町45","","","","","","","","","","","","","","","8180301010879","","","",""
"菊地鉱業株式会社","9228672534670","","","","","","","990-2211","山形県山形市大字十文字関所2032","","","","","","","","","","","","","","","6390001000467","","","",""
"有限会社岸石炭店","2772013203418","","","","","","","350-1305","埼玉県狭山市入間川一丁目2-3","","","","","","","","","","","","","","","2030002033506","","","",""
"有限会社北産業","6776537993650","","","","","","","352-0016","埼玉県新座市馬場三丁目4-9","","","","","","","","","","","","","","","9030002060923","","","",""
"北東北興産有限会社","3971219817346","","","","","","","039-1161","青森県八戸市大字河原木北沼22-15","","","","","","","","","","","","","","","4420002006651","","","",""
"有限会社北日本モラブサービス","1428320941091","","","","","","","998-0842","山形県酒田市亀ケ崎七丁目2-20","","","","","","","","","","","","","","","4390002007224","","","",""
"北日本オイル株式会社","3719755252909","","","","","","","998-0838","山形県酒田市山居町二丁目14-5","","","","","","","","","","","","","","","5390001006151","","","",""
"木下工業株式会社","1739819993179","","","","","","","540-0023","大阪府大阪市中央区北新町3-4","","","","","","","","","","","","","","","4120001077872","","","",""
"九州アスコン株式会社","7647643370124","","","","","","","879-0236","大分県宇佐市大字清水小永迫30","","","","","","","","","","","","","","","1320001008034","","","",""
"九州溶剤株式会社","8318146724668","","","","","","","870-0112","大分県大分市大字一の洲1-1","","","","","","","","","","","","","","","5320001000912","","","",""
"株式会社共栄","7956719823371","","","","","","","811-5734","長崎県壱岐市芦辺町国分本村触1009","","","","","","","","","","","","","","","8310001010199","","","",""
"協栄高圧ガス株式会社","6558131545375","","","","","","","476-0001","愛知県東海市南柴田町ルノ割426-4","","","","","","","","","","","","","","","6180001094258","","","",""
"共英油化株式会社","1523710947646","","","","","","","663-8142","兵庫県西宮市鳴尾浜一丁目16-12","","","","","","","","","","","","","","","8140001068486","","","",""
"共同アスコン株式会社","3102007219868","","","","","","","378-0062","群馬県沼田市町田町1970","","","","","","","","","","","","","","","1070001022878","","","",""
"株式会社協同開発舗装","3797455217767","","","","","","","038-3283","青森県つがる市木造館岡上沢辺143-107","","","","","","","","","","","","","","","7420001008398","","","",""
"協同酢酸株式会社","9821777402744","","","","","","","108-0075","東京都港区港南二丁目18-1","","","","","","","","","","","","","","","4010001141318","","","",""
"協同油脂株式会社","2092115655737","","","","","","","251-0041","神奈川県藤沢市辻堂神台二丁目2-30","","","","","","","","","","","","","","","2021001005380","","","",""
"共立化成株式会社","8902288630870","","","","","","","290-0008","千葉県市原市古市場231","","","","","","","","","","","","","","","8040001053829","","","",""
"共和アスコン株式会社","9066840344475","","","","","","","399-8305","長野県安曇野市穂高牧766-1","","","","","","","","","","","","","","","2100001015118","","","",""
"協和アスコン株式会社","8038886601809","","","","","","","933-0803","富山県高岡市出来田70","","","","","","","","","","","","","","","6230001009929","","","",""
"協和アスコン株式会社","2532483239005","","","","","","","791-0222","愛媛県東温市下林丙497-1","","","","","","","","","","","","","","","3500001019572","","","",""
"協和化工株式会社","7142309781110","","","","","","","573-0004","大阪府枚方市中宮大池二丁目30-1","","","","","","","","","","","","","","","1120001149377","","","",""
"協和建設協業組合","2186546919794","","","","","","","431-1304","静岡県浜松市浜名区細江町中川847-5","","","","","","","","","","","","","","","8080405003401","","","",""
"協和工業株式会社","6292497388122","","","","","","","884-0005","宮崎県児湯郡高鍋町大字持田6293-3","","","","","","","","","","","","","","","9350001005517","","","",""
"共和産業株式会社","1315603808990","","","","","","","900-0016","沖縄県那覇市前島一丁目9-7","","","","","","","","","","","","","","","6360001000759","","","",""
"協和石油ルブリカンツ株式会社","3797053867861","","","","","","","224-0025","神奈川県横浜市都筑区早渕一丁目30-5","","","","","","","","","","","","","","","7020001036274","","","",""
"協和テクノオイル株式会社","5174825137610","","","","","","","224-0025","神奈川県横浜市都筑区早渕一丁目30-4","","","","","","","","","","","","","","","8020001008454","","","",""
"協和道路株式会社","1296276202958","","","","","","","538-0041","大阪府大阪市鶴見区今津北二丁目3-26","","","","","","","","","","","","","","","5120001001740","","","",""
"旭信興産株式会社","6127297663463","","","","","","","893-0037","鹿児島県鹿屋市田崎町850","","","","","","","","","","","","","","","5340001013854","","","",""
"極東オイル株式会社","6614507108618","","","","","","","272-0026","千葉県市川市東大和田一丁目7-1","","","","","","","","","","","","","","","1040001026056","","","",""
"株式会社清本組","9669699923373","","","","","","","649-2105","和歌山県西牟婁郡上富田町朝来2053","","","","","","","","","","","","","","","8170001009314","","","",""
"喜楽鉱業株式会社","1067762344188","","","","","","","520-3114","滋賀県湖南市石部口二丁目7-33","","","","","","","","","","","","","","","4160001004781","","","",""
"近畿オイルシステム株式会社","9897391344906","","","","","","","660-0851","兵庫県尼崎市中在家町三丁目482-2","","","","","","","","","","","","","","","9140001052539","","","",""
"株式会社近畿化研","8490130381845","","","","","","","538-0037","大阪府大阪市鶴見区焼野三丁目2-25","","","","","","","","","","","","","","","4120001001758","","","",""
"岐建株式会社","2287010685489","","","","","","","503-0918","岐阜県大垣市西崎町二丁目46","","","","","","","","","","","","","","","7200001013486","","","",""
"岐阜鉱油株式会社","6588460604468","","","","","","","503-1337","岐阜県養老郡養老町直江村下182-7","","","","","","","","","","","","","","","7200001014971","","","",""
"有限会社久世燃料店","8960803209879","","","","","","","883-0064","宮崎県日向市大字日知屋古田町112","","","","","","","","","","","","","","","2350002010539","","","",""
"株式会社くにびきアスコン","9017305160518","","","","","","","699-0406","島根県松江市宍道町佐々布2276","","","","","","","","","","","","","","","3280001002221","","","",""
"株式会社熊谷興産","7835283106843","","","","","","","700-0941","岡山県岡山市北区青江五丁目22-34","","","","","","","","","","","","","","","4260001010191","","","",""
"株式会社熊本ＬＰＧセンター","3448603441994","","","","","","","860-0832","熊本県熊本市中央区萩原町14-1","","","","","","","","","","","","","","","6330001006271","","","",""
"熊本クミアイプロパン株式会社","8523867550473","","","","","","","860-0831","熊本県熊本市中央区八王寺町2-16","","","","","","","","","","","","","","","1330001001426","","","",""
"熊本舗材株式会社","6946998636204","","","","","","","861-0136","熊本県熊本市北区植木町岩野3669","","","","","","","","","","","","","","","2330001022512","","","",""
"倉敷ガス工業株式会社","7227685260742","","","","","","","712-8006","岡山県倉敷市連島町鶴新田2652-1","","","","","","","","","","","","","","","7260001013076","","","",""
"株式会社クラッシングセンター","7297681828270","","","","","","","379-2214","群馬県伊勢崎市下触町435-1","","","","","","","","","","","","","","","4070002020119","","","",""
"倉吉アスコン株式会社","2298196995483","","","","","","","682-0914","鳥取県倉吉市馬場町874","","","","","","","","","","","","","","","5270001006527","","","",""
"株式会社クリエイト","7656611198430","","","","","","","349-1123","埼玉県久喜市間鎌314-1","","","","","","","","","","","","","","","3030001031286","","","",""
"株式会社クリーンエナジー","6049340924789","","","","","","","734-0054","広島県広島市南区月見町2244-13","","","","","","","","","","","","","","","9240001014108","","","",""
"久留米アスコン株式会社","7545682445675","","","","","","","839-0822","福岡県久留米市善導寺町木塚294-1","","","","","","","","","","","","","","","4290001048691","","","",""
"紅産業株式会社","3856309121153","","","","","","","424-0901","静岡県静岡市清水区三保612-4","","","","","","","","","","","","","","","2080001007927","","","",""
"クレミス工業株式会社","9859935982167","","","","","","","004-0843","北海道札幌市清田区清田三条三丁目5-24","","","","","","","","","","","","","","","9430001005269","","","",""
"有限会社黒石舗装","5299076736672","","","","","","","036-0357","青森県黒石市追子野木二丁目296","","","","","","","","","","","","","","","7420002015526","","","",""
"株式会社グリーンケア","7074555790492","","","","","","","663-8162","兵庫県西宮市甲子園砂田町7-5 117号","","","","","","","","","","","","","","","1140001048577","","","",""
"株式会社群桐産業","8956300963012","","","","","","","379-2304","群馬県太田市大原町78-1","","","","","","","","","","","","","","","2070001019155","","","",""
"群馬アスコン株式会社","8981872587478","","","","","","","372-0831","群馬県伊勢崎市山王町1407","","","","","","","","","","","","","","","6070001013261","","","",""
"ＫＨネオケム株式会社","9903289655083","","","","","","","103-0022","東京都中央区日本橋室町二丁目3 1号室町古河三井ビルディング13階","","","","","","","","","","","","","","","8010001136966","","","",""
"株式会社ケイエス","9566785933883","","","","","","","802-0031","福岡県北九州市小倉北区赤坂海岸9-8","","","","","","","","","","","","","","","3290801017517","","","",""
"株式会社ケイズエコロジーテクニカル","5011435192117","","","","","","","468-0047","愛知県名古屋市天白区井の森町113","","","","","","","","","","","","","","","7180001049533","","","",""
"株式会社ケイハン","9572663591839","","","","","","","604-8417","京都府京都市中京区西ノ京内畑町34","","","","","","","","","","","","","","","8130001020662","","","",""
"京葉エチレン株式会社","6367560465633","","","","","","","104-0042","東京都中央区入船二丁目1-1","","","","","","","","","","","","","","","2010001042690","","","",""
"京葉ガスエナジーソリューション株式会社","4330011178163","","","","","","","272-0015","千葉県市川市鬼高四丁目3-5","","","","","","","","","","","","","","","6040001026134","","","",""
"株式会社ケーツーテック","5719003020142","","","","","","","444-1335","愛知県高浜市芳川町三丁目3-5","","","","","","","","","","","","","","","7180301015739","","","",""
"株式会社ケミカルプランニング","8535872386272","","","","","","","103-0024","東京都中央区日本橋小舟町7-2 小舟町243ビルKOBUNA-CHO243BLDG6F","","","","","","","","","","","","","","","8010001077946","","","",""
"株式会社ケミック","3430300504803","","","","","","","648-0007","和歌山県橋本市紀ノ光台三丁目7-1","","","","","","","","","","","","","","","6120101043120","","","",""
"小出油業有限会社","9354942696048","","","","","","","808-0074","福岡県北九州市若松区藤ノ木二丁目4-17","","","","","","","","","","","","","","","3290802018984","","","",""
"株式会社弘永舗道","6885248060161","","","","","","","036-8266","青森県弘前市大字自由ケ丘五丁目4-2","","","","","","","","","","","","","","","8420001009032","","","",""
"株式会社高伸","9034072849314","","","","","","","546-0002","大阪府大阪市東住吉区杭全八丁目6-25","","","","","","","","","","","","","","","1120001171075","","","",""
"高潤化学工業株式会社","2718730243773","","","","","","","362-0022","埼玉県上尾市大字瓦葺2200-3","","","","","","","","","","","","","","","2030001041451","","","",""
"有限会社広大産業","3497543022446","","","","","","","019-1611","秋田県大仙市太田町斉内庚塚129-1","","","","","","","","","","","","","","","2410002011431","","","",""
"江南化工株式会社","3884709088962","","","","","","","510-0103","三重県四日市市楠町北五味塚1515","","","","","","","","","","","","","","","9190001014831","","","",""
"神戸ルブリカンツ株式会社","9313695267331","","","","","","","554-0052","大阪府大阪市此花区常吉二丁目3-1","","","","","","","","","","","","","","","5120001026267","","","",""
"港北油化株式会社","1777472750776","","","","","","","227-0031","神奈川県横浜市青葉区寺家町127","","","","","","","","","","","","","","","3020001011306","","","",""
"小海アスコン株式会社","5538823272054","","","","","","","384-1103","長野県南佐久郡小海町大字豊里2323","","","","","","","","","","","","","","","7100001008182","","","",""
"孝明商事株式会社","2575074430438","","","","","","","431-3123","静岡県浜松市中央区有玉西町222","","","","","","","","","","","","","","","3080401001677","","","",""
"光洋建設株式会社","1136462487789","","","","","","","323-0014","栃木県小山市大字喜沢689","","","","","","","","","","","","","","","3060001014239","","","",""
"光輪商事株式会社","1271311517330","","","","","","","679-4130","兵庫県たつの市誉田町長真45","","","","","","","","","","","","","","","6140001038342","","","",""
"興和道路株式会社","4233199366787","","","","","","","810-0014","福岡県福岡市中央区平尾三丁目16-17","","","","","","","","","","","","","","","3290001007467","","","",""
"興和油化工業株式会社","8619140775836","","","","","","","150-0002","東京都渋谷区渋谷三丁目11-11 IVYイーストビル6F","","","","","","","","","","","","","","","1013201007638","","","",""
"桑折運送有限会社","9581610862672","","","","","","","969-1643","福島県伊達郡桑折町大字谷地道下7-11","","","","","","","","","","","","","","","6380002005193","","","",""
"コーキ油業株式会社","4352657827599","","","","","","","661-0022","兵庫県尼崎市尾浜町一丁目12-22","","","","","","","","","","","","","","","9140001048669","","","",""
"株式会社コークス","6641027149282","","","","","","","460-0012","愛知県名古屋市中区千代田三丁目15-30","","","","","","","","","","","","","","","5180001121475","","","",""
"國和建設株式会社","3179054268313","","","","","","","903-0103","沖縄県中頭郡西原町字小那覇1241-2","","","","","","","","","","","","","","","2360001004326","","","",""
"小島化工株式会社","2982886342477","","","","","","","573-0102","大阪府枚方市長尾家具町二丁目11-1","","","","","","","","","","","","","","","1120001149534","","","",""
"株式会社小島商会","7376160023073","","","","","","","399-4106","長野県駒ヶ根市東町10-24","","","","","","","","","","","","","","","7100001021219","","","",""
"株式会社コスペックジャパン","9431600031119","","","","","","","110-0005","東京都台東区上野五丁目19-4 美鈴ビル4階","","","","","","","","","","","","","","","1010501041169","","","",""
"コスモステクノ・コーポレーション株式会社","7899529578057","","","","","","","142-0052","東京都品川区東中延二丁目4-10","","","","","","","","","","","","","","","8010701003417","","","",""
"コスモ石油株式会社","5793438893391","","","","","","","104-0031","東京都中央区京橋一丁目","","","","","","","","","","","","","","","3010401010164","","","",""
"コスモ石油ルブリカンツ株式会社","2378045168098","","","","","","","104-0031","東京都中央区京橋一丁目7-1 TODABUILDING","","","","","","","","","","","","","","","9010401010142","","","",""
"コスモ松山石油株式会社","4417969809835","","","","","","","791-8057","愛媛県松山市大可賀三丁目580","","","","","","","","","","","","","","","4010401010221","","","",""
"有限会社コトブキ","5628970111077","","","","","","","357-0013","埼玉県飯能市大字芦苅場457-1","","","","","","","","","","","","","","","5030002120978","","","",""
"株式会社寿バイオ","8136941867984","","","","","","","399-0701","長野県塩尻市大字広丘吉田670-1","","","","","","","","","","","","","","","2100001016644","","","",""
"有限会社コナカ産業","6186957537514","","","","","","","621-0016","京都府亀岡市大井町並河五丁目215-2","","","","","","","","","","","","","","","7130002028912","","","",""
"有限会社コバテック","1006407350965","","","","","","","221-0865","神奈川県横浜市神奈川区片倉三丁目11-3","","","","","","","","","","","","","","","4020002050285","","","",""
"駒ヶ根アスコン株式会社","1580076810794","","","","","","","399-4117","長野県駒ヶ根市赤穂16397","","","","","","","","","","","","","","","8100001021226","","","",""
"小松川化学株式会社","1610294301881","","","","","","","132-0034","東京都江戸川区小松川一丁目5-2 トニワン・ビル3F","","","","","","","","","","","","","","","9011701003083","","","",""
"有限会社昆陽化学","5326441839136","","","","","","","665-0051","兵庫県宝塚市高司五丁目1-44","","","","","","","","","","","","","","","4140002065833","","","",""
"小山商会株式会社","7997070315019","","","","","","","981-0301","宮城県東松島市牛網南大浮足47","","","","","","","","","","","","","","","2370301003530","","","",""
"木幡興業株式会社","9532408548745","","","","","","","341-0018","埼玉県三郷市早稲田二丁目13-3","","","","","","","","","","","","","","","7030001036629","","","",""
"コンビナート高度統合運営技術研究組合","5219815430288","","","","","","","105-0003","東京都港区西新橋二丁目7-4 CJビル5階","","","","","","","","","","","","","","","2010405002613","","","",""
"合同石油開発株式会社","3565205525187","","","","","","","100-0004","東京都千代田区大手町二丁目1-1","","","","","","","","","","","","","","","9010001133244","","","",""
"埼玉アスコン株式会社","1709280210866","","","","","","","344-0122","埼玉県春日部市下柳1748-1","","","","","","","","","","","","","","","1030001051732","","","",""
"サイレキ建設工業株式会社","8215397223219","","","","","","","347-0042","埼玉県加須市志多見1361-1","","","","","","","","","","","","","","","7030001032553","","","",""
"株式会社サカイ油脂","4628342496226","","","","","","","599-8273","大阪府堺市中区深井清水町3386","","","","","","","","","","","","","","","8120101002727","","","",""
"有限会社サカモト","4426571177665","","","","","","","426-0012","静岡県藤枝市田中二丁目2-9","","","","","","","","","","","","","","","3080002017544","","","",""
"株式会社サガネ物産","1503304458267","","","","","","","607-8183","京都府京都市山科区大宅辻脇町35-14","","","","","","","","","","","","","","","6130001012711","","","",""
"相模株式会社","8464442810829","","","","","","","107-0052","東京都港区赤坂二丁目20-13 赤坂ヒルサイド601","","","","","","","","","","","","","","","8021001036560","","","",""
"相模株式会社","9294772673565","","","","","","","254-0021","神奈川県平塚市長瀞1-13","","","","","","","","","","","","","","","6021001011417","","","",""
"相模開発株式会社","8066989104455","","","","","","","253-0114","神奈川県高座郡寒川町田端1577","","","","","","","","","","","","","","","8021001006324","","","",""
"佐々木工業株式会社","9502707125265","","","","","","","879-0103","大分県中津市大字植野176-1","","","","","","","","","","","","","","","8320001011394","","","",""
"笹目油化有限会社","5080637597950","","","","","","","335-0034","埼玉県戸田市笹目一丁目3-4","","","","","","","","","","","","","","","6030002024294","","","",""
"有限会社貞方産業","8831418547159","","","","","","","857-0854","長崎県佐世保市福石町1-7","","","","","","","","","","","","","","","9310002010180","","","",""
"札幌共同アスコン株式会社","3712857632649","","","","","","","007-0825","北海道札幌市東区東雁来五条一丁目1-82","","","","","","","","","","","","","","","3430001027855","","","",""
"札幌酒精工業株式会社","9900662120633","","","","","","","063-0830","北海道札幌市西区発寒十条一丁目1-1","","","","","","","","","","","","","","","7430001020055","","","",""
"さつまアスコン株式会社","6140509515788","","","","","","","891-0131","鹿児島県鹿児島市谷山港三丁目3-6","","","","","","","","","","","","","","","5340001017319","","","",""
"佐藤加工業有限会社","2684824946000","","","","","","","939-2252","富山県富山市上大久保597-4","","","","","","","","","","","","","","","4230002006423","","","",""
"佐藤特殊製油株式会社","5195269008233","","","","","","","536-0002","大阪府大阪市城東区今福東一丁目4-17","","","","","","","","","","","","","","","8120001014896","","","",""
"株式会社佐藤渡辺","2297532065277","","","","","","","106-0047","東京都港区南麻布一丁目18-4","","","","","","","","","","","","","","","5010401031200","","","",""
"株式会社サードプレイス","7774550634996","","","","","","","807-0801","福岡県北九州市八幡西区本城三丁目16-19","","","","","","","","","","","","","","","2290801024720","","","",""
"佐渡舗材株式会社","5136711927311","","","","","","","952-1311","新潟県佐渡市八幡2029-1","","","","","","","","","","","","","","","6110001027554","","","",""
"佐山砕石総合プラント株式会社","6791317957369","","","","","","","089-0612","北海道中川郡幕別町字明野214-1","","","","","","","","","","","","","","","3460102001418","","","",""
"三愛オブリガスサービス中国株式会社","7328355437059","","","","","","","710-0016","岡山県倉敷市中庄2230-7","","","","","","","","","","","","","","","6260001017409","","","",""
"有限会社三愛サービス","5462271204408","","","","","","","896-0014","鹿児島県いちき串木野市元町87","","","","","","","","","","","","","","","8340002017827","","","",""
"山陰建設工業株式会社","4213218415673","","","","","","","699-0822","島根県出雲市神西沖町2334-3","","","","","","","","","","","","","","","4280001003169","","","",""
"山陰興業株式会社","1055789421008","","","","","","","699-0822","島根県出雲市神西沖町2487-5","","","","","","","","","","","","","","","2280001003170","","","",""
"サンエス潤滑株式会社","1701440479174","","","","","","","141-0021","東京都品川区上大崎二丁目16-5","","","","","","","","","","","","","","","2010701003562","","","",""
"サーンエネクス広島株式会社","5678108602570","","","","","","","733-0034","広島県広島市西区南観音町16-20","","","","","","","","","","","","","","","2240001015954","","","",""
"株式会社サンエム","8392668765704","","","","","","","671-2514","兵庫県宍粟市山崎町田井631-1","","","","","","","","","","","","","","","6140001039027","","","",""
"三協株式会社","1448505931367","","","","","","","555-0001","大阪府大阪市西淀川区佃二丁目9-9 富士鉄鋼ビル","","","","","","","","","","","","","","","9120001049727","","","",""
"三共建設株式会社","6911293476277","","","","","","","807-0812","福岡県北九州市八幡西区洞南町2-1","","","","","","","","","","","","","","","5290801010008","","","",""
"三共高圧ガスエンジニアリング株式会社","5425656942094","","","","","","","656-0016","兵庫県洲本市下内膳138","","","","","","","","","","","","","","","6140001084709","","","",""
"三共鉱業株式会社","7518140298536","","","","","","","370-0521","群馬県邑楽郡大泉町住吉25-1","","","","","","","","","","","","","","","9070001019322","","","",""
"三協スペースシステム株式会社","4576647324499","","","","","","","462-0063","愛知県名古屋市北区丸新町453","","","","","","","","","","","","","","","3180001012197","","","",""
"三共油化工業株式会社","9771559878149","","","","","","","272-0146","千葉県市川市広尾二丁目6-1","","","","","","","","","","","","","","","5040001026341","","","",""
"サンケイ化学株式会社","7548162531035","","","","","","","338-0821","埼玉県さいたま市桜区山久保二丁目5-5","","","","","","","","","","","","","","","4030001009224","","","",""
"山建プラント株式会社","9659939555415","","","","","","","699-0901","島根県出雲市多伎町久村213-8","","","","","","","","","","","","","","","8280001003495","","","",""
"株式会社三晃","6261896754451","","","","","","","299-0265","千葉県袖ケ浦市長浦580-261 東京高圧山崎株式会社内201号室","","","","","","","","","","","","","","","7040001031538","","","",""
"三光化学工業株式会社","7164333779903","","","","","","","595-0811","大阪府泉北郡忠岡町忠岡北三丁目10-6","","","","","","","","","","","","","","","7120101042765","","","",""
"三興石油工業株式会社","3524619620107","","","","","","","482-0026","愛知県岩倉市大地町上千8-1","","","","","","","","","","","","","","","4180001025529","","","",""
"株式会社サンコーオイル","7951345865651","","","","","","","595-0031","大阪府泉大津市我孫子173-1","","","","","","","","","","","","","","","5120101043757","","","",""
"サンコー化学株式会社","1944106867371","","","","","","","452-0835","愛知県名古屋市西区丸野一丁目27","","","","","","","","","","","","","","","7180001025526","","","",""
"三社石炭販売有限会社","3345629935341","","","","","","","079-0500","北海道雨竜郡妹背牛町字妹背牛406","","","","","","","","","","","","","","","3450002007672","","","",""
"三徳アスリード株式会社","3955178867889","","","","","","","532-0033","大阪府大阪市淀川区新高四丁目4-10","","","","","","","","","","","","","","","4120001213163","","","",""
"株式会社サンドテクノ","7466052914742","","","","","","","272-0126","千葉県市川市千鳥町14-4","","","","","","","","","","","","","","","3040001026376","","","",""
"三美興産株式会社","9152392999721","","","","","","","216-0033","神奈川県川崎市宮前区宮崎六丁目2-37","","","","","","","","","","","","","","","7020001068573","","","",""
"株式会社三宝化学工業所","5493040196372","","","","","","","572-0862","大阪府寝屋川市打上宮前町9-6","","","","","","","","","","","","","","","8120001147936","","","",""
"有限会社三友","1513588584420","","","","","","","179-0075","東京都練馬区高松一丁目37-23","","","","","","","","","","","","","","","7011602004579","","","",""
"三友化工株式会社","1223690377561","","","","","","","509-7606","岐阜県恵那市山岡町田代900","","","","","","","","","","","","","","","4200001023983","","","",""
"三友プラントサービス株式会社","7241761272264","","","","","","","252-0132","神奈川県相模原市緑区橋本台一丁目8-21","","","","","","","","","","","","","","","8021001012413","","","",""
"三油化学工業株式会社","3653104611800","","","","","","","121-0064","東京都足立区保木間五丁目27-3","","","","","","","","","","","","","","","8011801008289","","","",""
"株式会社山陽","4620504475597","","","","","","","670-0821","兵庫県姫路市東郷町43","","","","","","","","","","","","","","","8140001058891","","","",""
"株式会社山陽アスコン","9637234220196","","","","","","","751-0886","山口県下関市大字石原壁石10067","","","","","","","","","","","","","","","8250001008547","","","",""
"三洋化成工業株式会社","7180430302492","","","","","","","605-0995","京都府京都市東山区一橋野本町11-1","","","","","","","","","","","","","","","3130001009314","","","",""
"山旺建設工業株式会社","6117577923621","","","","","","","410-0302","静岡県沼津市東椎路34","","","","","","","","","","","","","","","3080101000616","","","",""
"株式会社山陽精油所","7676025493312","","","","","","","705-0001","岡山県備前市伊部997","","","","","","","","","","","","","","","7260001021574","","","",""
"山陽リプロ株式会社","7985520792761","","","","","","","720-0822","広島県福山市川口町二丁目18-27 シティピア川口102号","","","","","","","","","","","","","","","5240001033020","","","",""
"三和化成工業株式会社","3988063509602","","","","","","","236-0002","神奈川県横浜市金沢区鳥浜町12-9","","","","","","","","","","","","","","","4020001040543","","","",""
"サンワ技研株式会社","7478933257986","","","","","","","475-0033","愛知県半田市日東町2-8","","","","","","","","","","","","","","","1180001095938","","","",""
"三和グランド株式会社","2888709310233","","","","","","","113-0034","東京都文京区湯島三丁目31-5","","","","","","","","","","","","","","","1010001068902","","","",""
"サンワケミカル株式会社","8289907178862","","","","","","","496-8014","愛知県愛西市町方町五軒家東63-2","","","","","","","","","","","","","","","2180001097264","","","",""
"サンワ工業株式会社","2359301517764","","","","","","","245-0063","神奈川県横浜市戸塚区原宿二丁目23-19","","","","","","","","","","","","","","","8020001007431","","","",""
"有限会社三和ロジテック","1079245686548","","","","","","","236-0002","神奈川県横浜市金沢区鳥浜町12-9","","","","","","","","","","","","","","","1020002070212","","","",""
"有限会社シーエス化成","6318411735166","","","","","","","836-0835","福岡県大牟田市西宮浦町132-23","","","","","","","","","","","","","","","6290002055347","","","",""
"シェブロンジャパン株式会社","5941933010630","","","","","","","105-0002","東京都港区愛宕二丁目5-1 愛宕グリーンヒルズMORIタワー18F","","","","","","","","","","","","","","","3010401098506","","","",""
"ＣＭアロマ株式会社","4384256823836","","","","","","","104-0031","東京都中央区京橋一丁目7-1","","","","","","","","","","","","","","","1010401057117","","","",""
"シェルルブリカンツジャパン株式会社","7394115453633","","","","","","","100-0005","東京都千代田区丸の内一丁目11-1 パシフィックセンチュリープレイス丸の内12階","","","","","","","","","","","","","","","9010401131509","","","",""
"塩浜商事株式会社","6673735191399","","","","","","","279-0001","千葉県浦安市当代島二丁目4-1 ドミール浦安511","","","","","","","","","","","","","","","3040001029585","","","",""
"滋賀県アスコン事業協同組合","2621685866751","","","","","","","520-0047","滋賀県大津市浜大津一丁目2-4","","","","","","","","","","","","","","","6160005000255","","","",""
"滋賀バイオマス株式会社","9882968868381","","","","","","","520-3046","滋賀県栗東市大橋七丁目4-51","","","","","","","","","","","","","","","6160001018961","","","",""
"シーシーアイ株式会社","4903689867983","","","","","","","501-3923","岐阜県関市新迫間12","","","","","","","","","","","","","","","7200001019772","","","",""
"株式会社シドー舗装工業","8070155448185","","","","","","","079-8452","北海道旭川市永山北二条八丁目5-6","","","","","","","","","","","","","","","8450001007066","","","",""
"しなのアスコン株式会社","5522563041021","","","","","","","380-0803","長野県長野市三輪六丁目7-6","","","","","","","","","","","","","","","4100001001198","","","",""
"株式会社信濃商事","2273238930742","","","","","","","299-0106","千葉県市原市今津朝山569","","","","","","","","","","","","","","","8040001054769","","","",""
"株式会社柴田産業","9068514750850","","","","","","","870-0889","大分県大分市大字荏隈754-54","","","","","","","","","","","","","","","2320001001384","","","",""
"株式会社ＳＩＦＯ","4749664599578","","","","","","","103-0015","東京都中央区日本橋箱崎町1-11 S","","","","","","","","","","","","","","","2010001185366","","","",""
"株式会社シフト","7732395299687","","","","","","","599-8271","大阪府堺市中区深井北町770-1","","","","","","","","","","","","","","","7120101022107","","","",""
"シプロ化成株式会社","6290943067943","","","","","","","533-0033","大阪府大阪市東淀川区東中島一丁目19-4 ルーシッドスクエア新大阪12F","","","","","","","","","","","","","","","7210001007355","","","",""
"島田工業株式会社","5399706272949","","","","","","","791-8006","愛媛県松山市安城寺町734-1","","","","","","","","","","","","","","","6500001002121","","","",""
"島根宇部アスフアルト合材株式会社","9060335791945","","","","","","","690-0026","島根県松江市富士見町3-4","","","","","","","","","","","","","","","4280001000315","","","",""
"下関三井化学株式会社","3770919503228","","","","","","","750-0092","山口県下関市彦島迫町七丁目1-1","","","","","","","","","","","","","","","1250001006689","","","",""
"昭新事業株式会社","8985826152247","","","","","","","950-0041","新潟県新潟市東区臨港町三丁目4914-593","","","","","","","","","","","","","","","7110001002614","","","",""
"昭石化工株式会社","6788281429063","","","","","","","171-0022","東京都豊島区南池袋一丁目13-21 PMO池袋II2階","","","","","","","","","","","","","","","6010401087695","","","",""
"株式会社湘南エルピージーセンター","7920003721174","","","","","","","144-0053","東京都大田区蒲田本町一丁目2-5","","","","","","","","","","","","","","","7010801005611","","","",""
"株式会社ＳＨＯＮＡＮ　ＣＯＳＭＥＴＩＣＳ","3701011073676","","","","","","","254-0014","神奈川県平塚市四之宮一丁目2-3","","","","","","","","","","","","","","","6021001053806","","","",""
"有限会社昭和商会","3624904375000","","","","","","","671-2221","兵庫県姫路市青山北三丁目33-21","","","","","","","","","","","","","","","2140002032661","","","",""
"昭和舗道株式会社","1074010550152","","","","","","","410-2321","静岡県伊豆の国市三福岩下396-1","","","","","","","","","","","","","","","9080101004784","","","",""
"昭和舖道株式会社","6967704024202","","","","","","","832-0058","福岡県柳川市上宮永町北馬場138","","","","","","","","","","","","","","","5290001052924","","","",""
"昭和四日市石油株式会社","1120520130051","","","","","","","510-0851","三重県四日市市塩浜町1","","","","","","","","","","","","","","","5010401044391","","","",""
"昭和瀝青株式会社","9187252681487","","","","","","","302-0035","茨城県取手市上高井395","","","","","","","","","","","","","","","1050001028225","","","",""
"昭和瀝青工業株式会社","1675429566662","","","","","","","670-0935","兵庫県姫路市北条口四丁目26","","","","","","","","","","","","","","","3140001059457","","","",""
"株式会社白老油脂","5301987747558","","","","","","","059-0921","北海道白老郡白老町字石山71-10","","","","","","","","","","","","","","","3430001055162","","","",""
"白島石油備蓄株式会社","2746058169916","","","","","","","101-0054","東京都千代田区神田錦町二丁目9","","","","","","","","","","","","","","","2010401052331","","","",""
"株式会社真永","5640578692018","","","","","","","649-6451","和歌山県紀の川市神通200-2","","","","","","","","","","","","","","","9170001008190","","","",""
"シンエイカセイ株式会社","8758149449826","","","","","","","867-0068","熊本県水俣市浜松町5-76","","","","","","","","","","","","","","","5330001014325","","","",""
"新栄システム株式会社","2557936225960","","","","","","","938-0048","富山県黒部市阿古屋野112","","","","","","","","","","","","","","","5230001007347","","","",""
"株式会社シンクール","1587781276719","","","","","","","458-0801","愛知県名古屋市緑区鳴海町中汐田89","","","","","","","","","","","","","","","1180001028220","","","",""
"有限会社シンクロセンス","8948657650209","","","","","","","921-8042","石川県金沢市泉本町六丁目62 信開ドムス泉本町311号","","","","","","","","","","","","","","","6220002008195","","","",""
"新光石油株式会社","2425473419576","","","","","","","870-0921","大分県大分市萩原一丁目1-34 3階","","","","","","","","","","","","","","","1320001013587","","","",""
"新光洋電機有限会社","4035358624622","","","","","","","410-2223","静岡県伊豆の国市北江間鐘打1489-1","","","","","","","","","","","","","","","7080102008299","","","",""
"新世紀工業株式会社","9503121417248","","","","","","","639-1037","奈良県大和郡山市額田部北町1137-1","","","","","","","","","","","","","","","9150001008498","","","",""
"有限会社新富石油","7064492834994","","","","","","","133-0061","東京都江戸川区篠崎町四丁目1-19","","","","","","","","","","","","","","","7011702005543","","","",""
"株式会社シンドウ","6994294721054","","","","","","","189-0003","東京都東村山市久米川町二丁目29-33","","","","","","","","","","","","","","","1012701001431","","","",""
"新日理研株式会社","3217244796197","","","","","","","520-3252","滋賀県湖南市岩根136-72","","","","","","","","","","","","","","","7160001005744","","","",""
"新日本化学工業株式会社","2151443197810","","","","","","","289-2306","千葉県香取郡多古町十余三飯笹入385-140","","","","","","","","","","","","","","","9040001061450","","","",""
"新日本油化株式会社","9352017214249","","","","","","","676-0074","兵庫県高砂市梅井五丁目5-1","","","","","","","","","","","","","","","4140001044012","","","",""
"新日本油脂工業株式会社","5716372796503","","","","","","","144-0033","東京都大田区東糀谷五丁目11-1","","","","","","","","","","","","","","","4010801005432","","","",""
"株式会社新門司アスコン","9492284449131","","","","","","","800-0115","福岡県北九州市門司区新門司三丁目39","","","","","","","","","","","","","","","4290801021187","","","",""
"伸葉株式会社","3554161886835","","","","","","","491-0874","愛知県一宮市馬見塚北出800-1","","","","","","","","","","","","","","","5180001082833","","","",""
"シンレキ工業株式会社","5258549457702","","","","","","","144-0052","東京都大田区蒲田五丁目44-5","","","","","","","","","","","","","","","6010801005785","","","",""
"株式会社親和産業","5148300057183","","","","","","","896-1411","鹿児島県薩摩川内市下甑町長浜906","","","","","","","","","","","","","","","6340001008894","","","",""
"ＪＦＥケミカル株式会社","3715372531240","","","","","","","111-0051","東京都台東区蔵前二丁目17-4 JFE蔵前ビル4F","","","","","","","","","","","","","","","4010501021746","","","",""
"ＪＭ活性コークス株式会社","3446849608192","","","","","","","808-0021","福岡県北九州市若松区響町一丁目2-2","","","","","","","","","","","","","","","3290801012476","","","",""
"株式会社ジェイシーディプロダクツ","4343205135613","","","","","","","270-2253","千葉県松戸市日暮一丁目3-5","","","","","","","","","","","","","","","9010601041581","","","",""
"株式会社ジェイ・プラス","2488175307594","","","","","","","103-0023","東京都中央区日本橋本町四丁目4-2 東山ビルディング6階","","","","","","","","","","","","","","","8010001068012","","","",""
"株式会社ジェーシーエス","9807270867407","","","","","","","594-0032","大阪府和泉市池田下町923-1","","","","","","","","","","","","","","","8120101041510","","","",""
"株式会社ジェーシーサービス","8014795255214","","","","","","","501-0222","岐阜県瑞穂市別府616-3","","","","","","","","","","","","","","","5200001009973","","","",""
"ジクシス株式会社","8633710907469","","","","","","","108-0014","東京都港区芝五丁目36-7 三田ベルジュビル12階","","","","","","","","","","","","","","","2010401099579","","","",""
"ジャスエース関西株式会社","4740977116382","","","","","","","615-8062","京都府京都市西京区下津林前泓町115-2","","","","","","","","","","","","","","","4130001008273","","","",""
"ジャスサービス株式会社","1162380491151","","","","","","","446-0008","愛知県安城市今本町石田69-1","","","","","","","","","","","","","","","4180301012929","","","",""
"株式会社ジャパンエムズ","8873194662459","","","","","","","399-8204","長野県安曇野市豊科高家6483-15","","","","","","","","","","","","","","","2100001027658","","","",""
"ジャパンパシフィックエンタープライズ株式会社","4758059613135","","","","","","","107-0052","東京都港区赤坂五丁目3-12","","","","","","","","","","","","","","","1010401014448","","","",""
"株式会社ジャパン・ワークス","5703978309247","","","","","","","577-0801","大阪府東大阪市小阪二丁目10-10 8階","","","","","","","","","","","","","","","3122001014294","","","",""
"株式会社十全商会","5037175098613","","","","","","","551-0021","大阪府大阪市大正区南恩加島四丁目3-39","","","","","","","","","","","","","","","4120001027563","","","",""
"住福燃料株式会社","1389640145791","","","","","","","745-0044","山口県周南市千代田町11-8","","","","","","","","","","","","","","","4250001008939","","","",""
"ジュラロン株式会社","1626079913331","","","","","","","557-0063","大阪府大阪市西成区南津守四丁目1-7","","","","","","","","","","","","","","","5120001003530","","","",""
"有限会社潤滑技研","6957851375520","","","","","","","577-0047","大阪府東大阪市西堤楠町二丁目3-8","","","","","","","","","","","","","","","1122002010229","","","",""
"株式会社潤研","4287907215032","","","","","","","244-0803","神奈川県横浜市戸塚区平戸町385-2","","","","","","","","","","","","","","","8020001129556","","","",""
"淨水材製造株式会社","6678785630345","","","","","","","649-1202","和歌山県日高郡日高町大字萩原1362","","","","","","","","","","","","","","","6170001010240","","","",""
"常陽産業株式会社","3283652185681","","","","","","","306-0612","茨城県坂東市猫実新田524-1","","","","","","","","","","","","","","","7050001014434","","","",""
"吹田石油株式会社","8295113089984","","","","","","","564-0061","大阪府吹田市円山町6-8","","","","","","","","","","","","","","","8120901006992","","","",""
"株式会社末廣商事","8060248445312","","","","","","","550-0015","大阪府大阪市西区南堀江三丁目14-6","","","","","","","","","","","","","","","9140001038109","","","",""
"末吉産業株式会社","7044063208718","","","","","","","899-8605","鹿児島県曽於市末吉町二之方4863-2","","","","","","","","","","","","","","","1340001015144","","","",""
"菅原建設株式会社","4719286336427","","","","","","","311-1135","茨城県水戸市六反田町1213-1","","","","","","","","","","","","","","","5050001001392","","","",""
"杉浦高圧株式会社","7059298162832","","","","","","","510-0101","三重県四日市市楠町小倉1802","","","","","","","","","","","","","","","6190001015213","","","",""
"スギムラ化学工業株式会社","7292627938573","","","","","","","460-0002","愛知県名古屋市中区丸の内一丁目12-4","","","","","","","","","","","","","","","4180001037111","","","",""
"株式会社杉本中央混合所","1188637590540","","","","","","","781-5103","高知県高知市大津乙1948","","","","","","","","","","","","","","","1490001000718","","","",""
"杉山建設株式会社","4527466208135","","","","","","","501-0476","岐阜県本巣市海老430","","","","","","","","","","","","","","","3200001010000","","","",""
"スターカット工業株式会社","9095919730570","","","","","","","347-0057","埼玉県加須市愛宕一丁目5-3","","","","","","","","","","","","","","","2030001032582","","","",""
"砂町アスコン株式会社","4224835688935","","","","","","","136-0075","東京都江東区新砂三丁目11-28","","","","","","","","","","","","","","","5010601052500","","","",""
"株式会社住共クリエイトサービスセンター","5591490214901","","","","","","","792-0002","愛媛県新居浜市磯浦町16-5","","","","","","","","","","","","","","","7500001009999","","","",""
"住徳建設株式会社","2810224997680","","","","","","","672-8071","兵庫県姫路市飾磨区構一丁目115-1","","","","","","","","","","","","","","","8140001059551","","","",""
"住友化学株式会社","2039114709564","","","","","","","103-0027","東京都中央区日本橋二丁目7-1 東京日本橋タワー","","","","","","","","","","","","","","","2010001071327","","","",""
"株式会社スミヨシオイル","8005856761087","","","","","","","575-0013","大阪府四條畷市田原台九丁目10-14","","","","","","","","","","","","","","","8122001029172","","","",""
"諏訪アスコン株式会社","5766372164112","","","","","","","399-0101","長野県諏訪郡富士見町境6383","","","","","","","","","","","","","","","5100001018852","","","",""
"ＳＷＴ　Ｔｅａｍ株式会社","5814604223039","","","","","","","551-0013","大阪府大阪市大正区小林西二丁目7-20 NKハイツ1階","","","","","","","","","","","","","","","4120001105550","","","",""
"西遠コンクリート工業株式会社","9253735800557","","","","","","","432-8064","静岡県浜松市中央区倉松町4048","","","","","","","","","","","","","","","9080401002637","","","",""
"盛喜石油株式会社","8656611327080","","","","","","","971-8111","福島県いわき市小名浜大原西細野地62","","","","","","","","","","","","","","","6380001013164","","","",""
"清新産業株式会社","4090990629417","","","","","","","805-0017","福岡県北九州市八幡東区山王一丁目16-8","","","","","","","","","","","","","","","7290801009246","","","",""
"西部合材リサイクルセンター協同組合","2547300829618","","","","","","","431-1111","静岡県浜松市中央区伊左地町1511-2","","","","","","","","","","","","","","","8080405000472","","","",""
"西部石油株式会社","1002995879839","","","","","","","756-0885","山口県山陽小野田市大字西沖5","","","","","","","","","","","","","","","8010001067484","","","",""
"西部特アス株式会社","6630182258297","","","","","","","756-0811","山口県山陽小野田市稲荷町10-23","","","","","","","","","","","","","","","6250001003839","","","",""
"星陽開発株式会社","1223443403001","","","","","","","542-0065","大阪府大阪市中央区中寺二丁目4-20 中寺町ビル4F","","","","","","","","","","","","","","","8120001097280","","","",""
"成和工業株式会社","7976943682605","","","","","","","306-0113","茨城県古河市谷貝下原545-1","","","","","","","","","","","","","","","2050001033397","","","",""
"株式会社関商店","4714404774695","","","","","","","306-0213","茨城県古河市北利根14-1","","","","","","","","","","","","","","","6030001030780","","","",""
"関田化学工業株式会社","4398176394208","","","","","","","120-0014","東京都足立区西綾瀬二丁目14-10","","","","","","","","","","","","","","","7011801009073","","","",""
"有限会社石油資源センター","3930872137388","","","","","","","020-0572","岩手県岩手郡雫石町西安庭第十五地割54-6","","","","","","","","","","","","","","","2400002006663","","","",""
"株式会社瀬戸アスコン","9231672635737","","","","","","","762-0004","香川県坂出市昭和町二丁目7-13","","","","","","","","","","","","","","","3470001015435","","","",""
"有限会社セトウ工業","9173303083952","","","","","","","593-8302","大阪府堺市西区北条町一丁7-40","","","","","","","","","","","","","","","3120102002664","","","",""
"セラニーズ株式会社","4769594804747","","","","","","","105-7111","東京都港区東新橋一丁目5-2 汐留シティセンター11階","","","","","","","","","","","","","","","6010001087831","","","",""
"仙台アスコン株式会社","6453982636836","","","","","","","983-0034","宮城県仙台市宮城野区扇町六丁目2-21","","","","","","","","","","","","","","","6370001006680","","","",""
"セントラル工材株式会社","5673342318375","","","","","","","444-0406","愛知県西尾市一色町対米船原29","","","","","","","","","","","","","","","9180301022551","","","",""
"ゼオンケミカルズ米沢株式会社","1141077932046","","","","","","","992-1128","山形県米沢市八幡原三丁目446-13","","","","","","","","","","","","","","","6390001009946","","","",""
"有限会社ゼンユー","3208370920496","","","","","","","459-8001","愛知県名古屋市緑区大高町西正光寺22","","","","","","","","","","","","","","","5180002049410","","","",""
"有限会社双英化成","1146580733649","","","","","","","481-0037","愛知県北名古屋市鍜治ケ一色西三丁目28","","","","","","","","","","","","","","","7180002055522","","","",""
"綜研株式会社","8067957329318","","","","","","","225-0005","神奈川県横浜市青葉区荏子田二丁目13-77","","","","","","","","","","","","","","","6020001039708","","","",""
"株式会社総社技術コンサルタント","4885059303379","","","","","","","719-1131","岡山県総社市中央四丁目22-109","","","","","","","","","","","","","","","4260001015934","","","",""
"宗電子工業株式会社","1792451658087","","","","","","","143-0025","東京都大田区南馬込三丁目39-7","","","","","","","","","","","","","","","4010801011744","","","",""
"株式会社相和","2364628689825","","","","","","","246-0002","神奈川県横浜市瀬谷区北町20-13","","","","","","","","","","","","","","","6020001083441","","","",""
"双和産業株式会社","4057922986861","","","","","","","399-0038","長野県松本市小屋南二丁目19-5","","","","","","","","","","","","","","","3100001013418","","","",""
"創和ネクスト株式会社","4109370119544","","","","","","","517-0504","三重県志摩市阿児町志島1505","","","","","","","","","","","","","","","5190002011922","","","",""
"杣竹シャットル株式会社","9873517010871","","","","","","","492-8186","愛知県稲沢市日下部町立部50","","","","","","","","","","","","","","","9180001085931","","","",""
"株式会社太啓","6144799122776","","","","","","","470-0371","愛知県豊田市御船町大釜5-54","","","","","","","","","","","","","","","7180301018551","","","",""
"有限会社タイシン","2213049048054","","","","","","","811-3135","福岡県古賀市小竹14-5","","","","","","","","","","","","","","","7290002018360","","","",""
"大成興産株式会社","4465317648637","","","","","","","101-0047","東京都千代田区内神田三丁目5-5 大同ビル","","","","","","","","","","","","","","","2010001021736","","","",""
"大成ロテック株式会社","1212430986636","","","","","","","160-0023","東京都新宿区西新宿八丁目17-1 住友不動産新宿グランドタワー","","","","","","","","","","","","","","","4010001034835","","","",""
"有限会社鯛のたい","7763862955771","","","","","","","191-0041","東京都日野市南平三丁目16-26 サンパークビル1F","","","","","","","","","","","","","","","7013402007258","","","",""
"太平化成株式会社","7486397427944","","","","","","","124-0005","東京都葛飾区宝町二丁目34-23","","","","","","","","","","","","","","","7011801002680","","","",""
"タイユ株式会社","3201828781867","","","","","","","532-0033","大阪府大阪市淀川区新高一丁目11-8","","","","","","","","","","","","","","","1120001056482","","","",""
"大有建設株式会社","3172418503575","","","","","","","460-0022","愛知県名古屋市中区金山五丁目14-2","","","","","","","","","","","","","","","4180001037565","","","",""
"有限会社タイヨウ","4130034150610","","","","","","","438-0001","静岡県磐田市藤上原641-1","","","","","","","","","","","","","","","5080402019717","","","",""
"株式会社太陽アスコン","3749712796259","","","","","","","923-1100","石川県能美市大長野町チ98","","","","","","","","","","","","","","","3220001012176","","","",""
"太陽建設株式会社","1759165285030","","","","","","","297-0217","千葉県長生郡長柄町針ケ谷打込1643","","","","","","","","","","","","","","","2040001059022","","","",""
"大洋シーアイエス株式会社","9033914037782","","","","","","","170-0005","東京都豊島区南大塚二丁目37-5 ONEST南大塚ビル1F","","","","","","","","","","","","","","","4010001176792","","","",""
"太陽石油株式会社","8455935983718","","","","","","","100-0011","東京都千代田区内幸町二丁目2-3 日比谷国際ビル15F","","","","","","","","","","","","","","","4010001021635","","","",""
"大陽燃料株式会社","4518317484358","","","","","","","103-0026","東京都中央区日本橋兜町16-3 朝日ビル6階","","","","","","","","","","","","","","","5010001049213","","","",""
"大洋ホールディングス株式会社","4217498888032","","","","","","","101-0048","東京都千代田区神田司町二丁目2-2 大森ビル4F","","","","","","","","","","","","","","","5010001049163","","","",""
"高岡アスコン株式会社","4589092009488","","","","","","","933-0815","富山県高岡市西広上50","","","","","","","","","","","","","","","8230001010406","","","",""
"高田舗装株式会社","7959510496955","","","","","","","921-8015","石川県金沢市東力四丁目83-1","","","","","","","","","","","","","","","8220001004053","","","",""
"高橋石油株式会社","8682485278568","","","","","","","550-0025","大阪府大阪市西区九条南二丁目17-15","","","","","","","","","","","","","","","9120001045197","","","",""
"タカビシ化学株式会社","6012913644250","","","","","","","541-0046","大阪府大阪市中央区平野町一丁目2-4","","","","","","","","","","","","","","","6120001083803","","","",""
"宝石油化学株式会社","4387192240566","","","","","","","455-0028","愛知県名古屋市港区潮見町8-1","","","","","","","","","","","","","","","5180001006767","","","",""
"有限会社田川石油資源開発","4123414328624","","","","","","","827-0001","福岡県田川郡川崎町大字安眞木5955-1","","","","","","","","","","","","","","","1290802024662","","","",""
"有限会社滝本油店","5427634461746","","","","","","","334-0002","埼玉県川口市鳩ヶ谷本町四丁目8-37","","","","","","","","","","","","","","","7030002104707","","","",""
"有限会社武田石炭商店","2394207853191","","","","","","","675-0125","兵庫県加古川市別府町西脇二丁目31","","","","","","","","","","","","","","","6140002036106","","","",""
"有限会社武智建設","5101496710235","","","","","","","514-2323","三重県津市安濃町大塚558-1","","","","","","","","","","","","","","","9190002000905","","","",""
"竹鶴石油株式会社","5784528774434","","","","","","","652-0853","兵庫県神戸市兵庫区今出在家町一丁目2-4","","","","","","","","","","","","","","","9140001013540","","","",""
"株式会社竹中道路","6672461127536","","","","","","","136-0075","東京都江東区新砂一丁目3-3","","","","","","","","","","","","","","","9010601029783","","","",""
"田代アスコン株式会社","2513181905224","","","","","","","018-3505","秋田県大館市早口惣太郎岱12-2","","","","","","","","","","","","","","","6410001006197","","","",""
"株式会社タジマ","1913954679225","","","","","","","577-0807","大阪府東大阪市菱屋西三丁目9-30","","","","","","","","","","","","","","","7122001004746","","","",""
"辰巳油化株式会社","1448325516499","","","","","","","566-0055","大阪府摂津市新在家二丁目5-2","","","","","","","","","","","","","","","2120901009654","","","",""
"辰村道路株式会社","8938983767100","","","","","","","920-0003","石川県金沢市疋田三丁目98","","","","","","","","","","","","","","","5220001004155","","","",""
"田中建設株式会社","7929951511686","","","","","","","372-0812","群馬県伊勢崎市連取町3309-7","","","","","","","","","","","","","","","6070001013550","","","",""
"田中プラント株式会社","8649251415163","","","","","","","624-0906","京都府舞鶴市字倉谷1016","","","","","","","","","","","","","","","2130001043818","","","",""
"谷川油化興業株式会社","7913847343952","","","","","","","230-0001","神奈川県横浜市鶴見区矢向一丁目13-11","","","","","","","","","","","","","","","5020001017978","","","",""
"谷口化成有限会社","8319253290957","","","","","","","912-0091","福井県大野市犬山11-4-1","","","","","","","","","","","","","","","5210002009534","","","",""
"株式会社谷口油販","1521851962030","","","","","","","885-0114","宮崎県都城市庄内町13113-20","","","","","","","","","","","","","","","6350002014429","","","",""
"株式会社ＴＡＮＩＳＥＩ","9093321396857","","","","","","","510-8121","三重県三重郡川越町大字高松1622","","","","","","","","","","","","","","","6190001015485","","","",""
"株式会社タフ興産","8312334418969","","","","","","","794-0826","愛媛県今治市郷新屋敷町五丁目2-18","","","","","","","","","","","","","","","9500001011929","","","",""
"玉井建設株式会社","5043852012876","","","","","","","611-0021","京都府宇治市宇治宇文字17-7","","","","","","","","","","","","","","","1130001032763","","","",""
"玉野興産株式会社","3153362618487","","","","","","","706-0011","岡山県玉野市宇野一丁目41-1","","","","","","","","","","","","","","","6260001023563","","","",""
"第一アスコン協同組合","7822681585473","","","","","","","472-0022","愛知県知立市山屋敷町板張3","","","","","","","","","","","","","","","9180305005049","","","",""
"株式会社第一医材社","9049484074232","","","","","","","113-0033","東京都文京区本郷二丁目20-11","","","","","","","","","","","","","","","9010001004354","","","",""
"株式会社第一三興建設","8390981693424","","","","","","","900-0015","沖縄県那覇市久茂地二丁目8-1 1F","","","","","","","","","","","","","","","7360001005435","","","",""
"第一生コンクリート株式会社","1890048722134","","","","","","","399-0033","長野県松本市大字笹賀5652-15","","","","","","","","","","","","","","","2100001023756","","","",""
"大協土木株式会社","5857744406389","","","","","","","761-0122","香川県高松市牟礼町大町2547-5","","","","","","","","","","","","","","","3470001002532","","","",""
"有限会社大敬産業","4692553971198","","","","","","","332-0011","埼玉県川口市元郷三丁目13-9","","","","","","","","","","","","","","","8030002104367","","","",""
"株式会社ダイケントップ","8672385335388","","","","","","","531-0072","大阪府大阪市北区豊崎一丁目3-16","","","","","","","","","","","","","","","5120001066305","","","",""
"有限会社大倖","4455030061020","","","","","","","243-0406","神奈川県海老名市国分北三丁目6-5","","","","","","","","","","","","","","","1021002048900","","","",""
"大商産業株式会社","3273478732154","","","","","","","273-0015","千葉県船橋市日の出二丁目8-5","","","","","","","","","","","","","","","6040001017760","","","",""
"大新化工株式会社","2246169369987","","","","","","","105-0012","東京都港区芝大門二丁目5-8","","","","","","","","","","","","","","","7010401016496","","","",""
"株式会社ダイセキ","1464455393162","","","","","","","455-0027","愛知県名古屋市港区船見町1-86","","","","","","","","","","","","","","","6180001006700","","","",""
"株式会社ダイセル","4355127540340","0","3","2024/12/23","0","","https://www.daicel.com/","530-0011","大阪府大阪市北区大深町3-1 グランフロント大阪タワーB","06-7639-7171","代表取締役社長","榊康裕","製造","石油製品、石炭製品製造","製造","化学工業","3,000 ～ 5,000","10,000,000 ～ 100,000,000","100,000 ～ 300,000","2025/03","1919/09","1919/09","公開","4120001125937","有機合成,火工品,セルロース,合成樹脂,キラル分離,電子材料卸売,溶剤卸売,化学品開発,溶剤製造,リチウムイオン電池材料製造,化学品製造,有機合成品製造,電子材料製造,化学","2026新卒募集企業,2027新卒インターン募集企業,2027新卒募集企業,2028新卒インターン募集企業,CSRに力を入れている企業,DX認定事業者,ISO認定取得企業,エンジニアを採用募集している企業,中途採用企業,働き方改革・ﾀﾞｲﾊﾞｰｼﾃｨｰ推進企業,内部統制・ｺﾝﾌﾟﾗｲｱﾝｽ推進企業,合併企業,営業職募集企業,地域貢献活動を推進している企業,売上1000億以上,売上300億円以上,売上5000億以上,売上50億円以上,展示会ファッション趣味インテリア,展示会介護医療,展示会全体,展示会機械電子環境,従業員500人以上,海外に関連会社を保有する企業,特許出願企業,省エネ法対象業者,表彰企業","Account Engagement,Amazon CloudFront,Amazon Route 53,Display & Video 360,GMOグローバルサイン,Google Fonts,Google アナリティクス,Googleタグマネージャ,Google広告,IRポケット,KnowBe4,SyncSearch,WOVN.io",""
"大東興業株式会社","2284983277474","","","","","","","771-0215","徳島県板野郡松茂町豊岡芦田鶴113-6","","","","","","","","","","","","","","","3480001005303","","","",""
"大同開発株式会社","2216395511298","","","","","","","923-1200","石川県能美郡川北町字土室ほ9-1","","","","","","","","","","","","","","","9220001008796","","","",""
"大同化学株式会社","9262701266746","","","","","","","530-0001","大阪府大阪市北区梅田一丁目2-2 1400号大阪駅前第2ビル","","","","","","","","","","","","","","","2120001066605","","","",""
"大同物産株式会社","1395275128070","","","","","","","530-0001","大阪府大阪市北区梅田一丁目2-2 1400号","","","","","","","","","","","","","","","1120001066606","","","",""
"大同油脂株式会社","7606934050427","","","","","","","212-0013","神奈川県川崎市幸区堀川町580 ソリッドスクエア西館8階","","","","","","","","","","","","","","","4010701005631","","","",""
"第二精油株式会社","3102217125991","","","","","","","721-0955","広島県福山市新涯町二丁目18-28","","","","","","","","","","","","","","","3240001031174","","","",""
"大日化学工業株式会社","9380349587825","","","","","","","579-8014","大阪府東大阪市中石切町七丁目3-4","","","","","","","","","","","","","","","2122001004486","","","",""
"ダイネン株式会社","8758154172785","","","","","","","672-8035","兵庫県姫路市飾磨区中島3001","","","","","","","","","","","","","","","2140001059722","","","",""
"ダイヤ化成株式会社","1123356837503","","","","","","","457-0068","愛知県名古屋市南区南野三丁目204","","","","","","","","","","","","","","","3180001014813","","","",""
"大利興産株式会社","1235263513665","","","","","","","596-0016","大阪府岸和田市岸之浦町10-10","","","","","","","","","","","","","","","4120101037074","","","",""
"大和舗道株式会社","1454967523336","","","","","","","849-4271","佐賀県伊万里市東山代町長浜1456-4","","","","","","","","","","","","","","","5300001005574","","","",""
"筑豊舗道株式会社","7904420463009","","","","","","","820-1101","福岡県鞍手郡小竹町大字御徳1702-19","","","","","","","","","","","","","","","2290801014457","","","",""
"千歳舗道株式会社","1014932166641","","","","","","","066-0019","北海道千歳市流通一丁目3-1","","","","","","","","","","","","","","","1430001043813","","","",""
"千葉アルコン製造株式会社","2866362996640","","","","","","","290-0045","千葉県市原市五井南海岸2","","","","","","","","","","","","","","","3040001103506","","","",""
"千葉オイレッシュ株式会社","7347494858658","","","","","","","292-0526","千葉県君津市笹1266","","","","","","","","","","","","","","","3040001052018","","","",""
"千葉ファインケミカル株式会社","5062629900234","","","","","","","101-0041","東京都千代田区神田須田町二丁目3-1 NBF神田須田町ビル5F","","","","","","","","","","","","","","","6040001054283","","","",""
"株式会社千葉舖装工業","6807636302654","","","","","","","041-0833","北海道函館市陣川町110-37","","","","","","","","","","","","","","","9440001001250","","","",""
"中央道路株式会社","5507362021695","","","","","","","400-0814","山梨県甲府市上阿原町966","","","","","","","","","","","","","","","9090001001393","","","",""
"中央道路株式会社","1611722260247","","","","","","","799-0112","愛媛県四国中央市金生町山田井818-1","","","","","","","","","","","","","","","5500001014712","","","",""
"中央油化株式会社","7176714917001","","","","","","","174-0043","東京都板橋区坂下一丁目34-22","","","","","","","","","","","","","","","9011401004150","","","",""
"中外道路株式会社","8316182621268","","","","","","","658-0015","兵庫県神戸市東灘区本山南町八丁目6-26 東神戸センタービルWEST棟13階","","","","","","","","","","","","","","","8140001000548","","","",""
"中外油化学工業株式会社","6226776282878","","","","","","","340-0833","埼玉県八潮市大字西袋790","","","","","","","","","","","","","","","5011801009802","","","",""
"有限会社中九州産業","1112379088306","","","","","","","865-0005","熊本県玉名市玉名804","","","","","","","","","","","","","","","3330002021116","","","",""
"中京化成工業株式会社","5308789665993","","","","","","","448-0008","愛知県刈谷市今岡町西吹戸10-1","","","","","","","","","","","","","","","6180001014892","","","",""
"有限会社中京油機","7888626481703","","","","","","","396-0022","長野県伊那市御園1279-1","","","","","","","","","","","","","","","6100002033032","","","",""
"中建産業株式会社","9182495638226","","","","","","","400-0211","山梨県南アルプス市上今諏訪1039","","","","","","","","","","","","","","","1090001002655","","","",""
"中国アステック株式会社","2198126672636","","","","","","","729-6214","広島県三次市高杉町10205-2","","","","","","","","","","","","","","","6240001024464","","","",""
"中国興業株式会社","7246511546481","","","","","","","738-0016","広島県廿日市市可愛11-33","","","","","","","","","","","","","","","5240001028020","","","",""
"中国精油株式会社","1872444002053","","","","","","","700-0821","岡山県岡山市北区中山下二丁目1-77","","","","","","","","","","","","","","","1260001004262","","","",""
"中国道路株式会社","9118147344570","","","","","","","698-0012","島根県益田市大谷町37-2","","","","","","","","","","","","","","","3280001005067","","","",""
"中部油研株式会社","8449555954426","","","","","","","470-2401","愛知県知多郡美浜町大字布土梅之木6-1","","","","","","","","","","","","","","","7180001093052","","","",""
"中部油販株式会社","8997881966025","","","","","","","486-0817","愛知県春日井市東野町五丁目21-1","","","","","","","","","","","","","","","4180001074501","","","",""
"鳥海プラント株式会社","3686322560596","","","","","","","015-0031","秋田県由利本荘市浜三川栗山82","","","","","","","","","","","","","","","4410001004888","","","",""
"鳥海マテリアル株式会社","7084759425763","","","","","","","015-0031","秋田県由利本荘市浜三川大沢18-1","","","","","","","","","","","","","","","6410001005067","","","",""
"有限会社長伸化学工業所","4212512901654","","","","","","","755-0031","山口県宇部市常盤町二丁目2-3","","","","","","","","","","","","","","","9250002005187","","","",""
"長星開発株式会社","4226695449273","","","","","","","850-0068","長崎県長崎市福田本町778","","","","","","","","","","","","","","","6310001001126","","","",""
"津軽総合建設工業協同組合","2861306189617","","","","","","","038-2701","青森県西津軽郡鰺ヶ沢町大字北浮田町今須217","","","","","","","","","","","","","","","5420005004081","","","",""
"株式会社津田ペイブトンテクニック","3326660813452","","","","","","","920-0921","石川県金沢市材木町16-13","","","","","","","","","","","","","","","9220001010174","","","",""
"堤生コン株式会社","8599406882242","","","","","","","872-1202","大分県豊後高田市香々地2923","","","","","","","","","","","","","","","1320001007829","","","",""
"ツネイシカムテックス株式会社","1593224889330","","","","","","","721-0956","広島県福山市箕沖町107-5","","","","","","","","","","","","","","","8240001029338","","","",""
"有限会社椿産業","7335819599700","","","","","","","417-0001","静岡県富士市今泉三丁目342-4","","","","","","","","","","","","","","","5080102015660","","","",""
"翼工業株式会社","4679469043687","","","","","","","871-0058","大分県中津市豊田町一丁目11","","","","","","","","","","","","","","","9320001010841","","","",""
"敦賀アスファルト合材事業協同組合","5963495582361","","","","","","","914-0058","福井県敦賀市三島町二丁目3-17","","","","","","","","","","","","","","","8210005006468","","","",""
"鶴見油化工業株式会社","5297783613337","","","","","","","230-0046","神奈川県横浜市鶴見区小野町13-1","","","","","","","","","","","","","","","5020001018068","","","",""
"株式会社ティーアンドエム","3282369037143","","","","","","","321-0913","栃木県宇都宮市上桑島町840","","","","","","","","","","","","","","","4060001023783","","","",""
"ＴＣＢ株式会社","9187623206438","","","","","","","509-5132","岐阜県土岐市泉町大富東山2018-5","","","","","","","","","","","","","","","1200001023086","","","",""
"有限会社テクノリバース","7182671830915","","","","","","","459-8001","愛知県名古屋市緑区大高町西丸根154-8","","","","","","","","","","","","","","","2180002053316","","","",""
"株式会社テトラ","7610156441367","","","","","","","486-0937","愛知県春日井市細木町一丁目16-1","","","","","","","","","","","","","","","8180001074522","","","",""
"天星製油株式会社","3602994196587","","","","","","","434-0003","静岡県浜松市浜名区新原3833-1","","","","","","","","","","","","","","","6080401003324","","","",""
"有限会社Ｄ１ケミカル","9840472732189","","","","","","","812-0897","福岡県福岡市博多区半道橋一丁目3-45","","","","","","","","","","","","","","","2290002030948","","","",""
"デュポン・スペシャルティ・プロダクツ株式会社","2662932395170","","","","","","","100-6111","東京都千代田区永田町二丁目11-1 山王パークタワー","","","","","","","","","","","","","","","1010001177430","","","",""
"デュポン・東レ・スペシャルティ・マテリアル株式会社","9211442621723","","","","","","","100-0014","東京都千代田区永田町二丁目11-1 山王パークタワー10階","","","","","","","","","","","","","","","6010001023992","","","",""
"東亜化成品株式会社","8595250804778","","","","","","","611-0041","京都府宇治市槇島町十一126-39","","","","","","","","","","","","","","","5130001032867","","","",""
"株式会社ＴＯＡシブル","7705076937958","","","","","","","279-0002","千葉県浦安市北栄四丁目10-11","","","","","","","","","","","","","","","5040001021012","","","",""
"株式会社東亜商事","3185374127075","","","","","","","649-0316","和歌山県有田市宮崎町368-1","","","","","","","","","","","","","","","1170001014072","","","",""
"東亜製油株式会社","8900773495111","","","","","","","673-0025","兵庫県明石市田町二丁目1-19","","","","","","","","","","","","","","","2140001035186","","","",""
"東亜石油株式会社","5597039012453","","","","","","","210-0866","神奈川県川崎市川崎区水江町3-1","","","","","","","","","","","","","","","2020001073982","","","",""
"東亜道路工業株式会社","3099033545620","","","","","","","106-0032","東京都港区六本木七丁目3-7","","","","","","","","","","","","","","","7010401020201","","","",""
"東亜瀝材産業株式会社","4268913469686","","","","","","","649-0101","和歌山県海南市下津町下津1402-2","","","","","","","","","","","","","","","6170001005892","","","",""
"当栄ケミカル株式会社","2126612373512","","","","","","","532-0004","大阪府大阪市淀川区西宮原一丁目8-10 ヴィアノード新大阪7F","","","","","","","","","","","","","","","1120001057076","","","",""
"東奥アスコン株式会社","9799298809280","","","","","","","030-0943","青森県青森市大字幸畑阿部野179-1","","","","","","","","","","","","","","","2420001001531","","","",""
"東海アスコン株式会社","1746622230387","","","","","","","441-1105","愛知県豊橋市石巻平野町日名倉37","","","","","","","","","","","","","","","8180301006456","","","",""
"株式会社東海ケミカル","5845895599485","","","","","","","438-0001","静岡県磐田市藤上原西原528-30","","","","","","","","","","","","","","","3080401016353","","","",""
"東海産興株式会社","4926508787559","","","","","","","447-0866","愛知県碧南市明石町49-4","","","","","","","","","","","","","","","1180301015406","","","",""
"東海炭素株式会社","7728732196368","","","","","","","447-0866","愛知県碧南市明石町49-4","","","","","","","","","","","","","","","7180301015417","","","",""
"東海瀝青工業株式会社","7267275901375","","","","","","","421-0117","静岡県静岡市駿河区下川原南1-1","","","","","","","","","","","","","","","4080001003536","","","",""
"株式会社東化研","1130122142687","","","","","","","519-0153","三重県亀山市西町527","","","","","","","","","","","","","","","8190001003455","","","",""
"東京石油興業株式会社","6775546531348","","","","","","","140-0002","東京都品川区東品川二丁目5-8 天王洲パークサイドビル11F","","","","","","","","","","","","","","","4010701024367","","","",""
"東京トクヤマコンクリート株式会社","7497612319131","","","","","","","136-0083","東京都江東区若洲一丁目1-8","","","","","","","","","","","","","","","5010601000500","","","",""
"東京鋪装工業株式会社","4803164781967","","","","","","","101-0021","東京都千代田区外神田二丁目4-4 第一電波ビル5階","","","","","","","","","","","","","","","3010001134017","","","",""
"東経物産株式会社","1436998961789","","","","","","","276-0025","千葉県八千代市勝田台南二丁目10-38","","","","","","","","","","","","","","","1040001048505","","","",""
"東光化学工業株式会社","3224759669383","","","","","","","990-0051","山形県山形市銅町一丁目5-2","","","","","","","","","","","","","","","1390001001296","","","",""
"有限会社東翔","6600668617156","","","","","","","289-0611","千葉県香取郡東庄町新宿801","","","","","","","","","","","","","","","8040002087982","","","",""
"有限会社東進産業","6866651355598","","","","","","","862-0920","熊本県熊本市東区月出一丁目7-27","","","","","","","","","","","","","","","2330002007181","","","",""
"東ソー株式会社","7035413054530","","","","","","","104-0028","東京都中央区八重洲二丁目2-1 東京ミッドタウン八重洲八重洲セントラルタワー","","","","","","","","","","","","","","","5250001010002","","","",""
"有限会社東肥産業","7623770117895","","","","","","","830-1224","福岡県三井郡大刀洗町大字鵜木1404-2","","","","","","","","","","","","","","","4290002052073","","","",""
"東武道路工業株式会社","7637817058120","","","","","","","321-1102","栃木県日光市板橋西原3287-1","","","","","","","","","","","","","","","9060001008482","","","",""
"東邦興産株式会社","6289495400615","","","","","","","963-8803","福島県郡山市横塚三丁目12-16","","","","","","","","","","","","","","","3380001005916","","","",""
"有限会社東邦石油販売","3381029903424","","","","","","","811-2233","福岡県糟屋郡志免町別府北一丁目14-28","","","","","","","","","","","","","","","5290002011953","","","",""
"東北カーボン株式会社","5800375283907","","","","","","","990-0341","山形県東村山郡山辺町大字大蕨1696-1","","","","","","","","","","","","","","","4390001002457","","","",""
"東北ユーロイド工業株式会社","4231779793316","","","","","","","024-0004","岩手県北上市村崎野十四地割453-5","","","","","","","","","","","","","","","1400001006186","","","",""
"東毛再生アスコン株式会社","8382398007215","","","","","","","370-0313","群馬県太田市新田反町町130-1","","","","","","","","","","","","","","","8070001019785","","","",""
"東洋クリーンサービス株式会社","5242300732264","","","","","","","317-0055","茨城県日立市宮田町三丁目10-15","","","","","","","","","","","","","","","7050001023864","","","",""
"東洋合成工業株式会社","7636691670763","","","","","","","111-0053","東京都台東区浅草橋一丁目22-16 ヒューリック浅草橋ビル8階","","","","","","","","","","","","","","","6040001027017","","","",""
"株式会社東洋システム","1935435565887","","","","","","","480-1143","愛知県長久手市井堀520","","","","","","","","","","","","","","","6180001067899","","","",""
"十洋商事株式会社","4378202398293","","","","","","","583-0864","大阪府羽曳野市羽曳が丘四丁目12-3","","","","","","","","","","","","","","","2120101032283","","","",""
"東洋薬化学工業株式会社","6016727428955","","","","","","","174-0043","東京都板橋区坂下三丁目33-2","","","","","","","","","","","","","","","9011401010561","","","",""
"有限会社東洋油化","8263148914646","","","","","","","070-8071","北海道旭川市台場一条四丁目6-5","","","","","","","","","","","","","","","9450002003815","","","",""
"株式会社藤和アスコン","6693529341917","","","","","","","471-0846","愛知県豊田市田代町五丁目53","","","","","","","","","","","","","","","6180301018775","","","",""
"東和総業有限会社","8472660553070","","","","","","","196-0033","東京都昭島市東町四丁目9-11","","","","","","","","","","","","","","","5012802003488","","","",""
"十日町舗材株式会社","1708173132626","","","","","","","948-0103","新潟県十日町市小泉1481","","","","","","","","","","","","","","","8110001021167","","","",""
"遠野瀝青株式会社","6127572021862","","","","","","","028-0532","岩手県遠野市綾織町下綾織三十二地割8-6","","","","","","","","","","","","","","","9400001006674","","","",""
"有限会社とかち興油","7604022644708","","","","","","","080-0023","北海道帯広市西十三条南十二丁目3-2","","","","","","","","","","","","","","","4460102002217","","","",""
"有限会社十勝リサイクル","6616336692570","","","","","","","089-1351","北海道河西郡中札内村東戸蔦東五線155","","","","","","","","","","","","","","","5460102006984","","","",""
"栃木北アスコン株式会社","5578540063419","","","","","","","329-2221","栃木県塩谷郡塩谷町大字玉生1820","","","","","","","","","","","","","","","1060001027382","","","",""
"栃木共同アスコン株式会社","8472727729207","","","","","","","321-0219","栃木県下都賀郡壬生町大字福和田1013-1","","","","","","","","","","","","","","","6060001028608","","","",""
"栃木県廃アスファルトコンクリート処理再生協同組合","5336402908149","","","","","","","321-0416","栃木県宇都宮市高松町深沢1007-1","","","","","","","","","","","","","","","5060005000357","","","",""
"栃木県北アスコン株式会社","1977556788686","","","","","","","325-0013","栃木県那須塩原市鍋掛1492-2","","","","","","","","","","","","","","","6060001011464","","","",""
"有限会社栃木高圧ガス","6133979464646","","","","","","","328-0006","栃木県栃木市国府町32","","","","","","","","","","","","","","","1060002032381","","","",""
"鳥取県西部舗装業協同組合","7640967566014","","","","","","","683-0006","鳥取県米子市車尾四丁目3-43","","","","","","","","","","","","","","","4270005003307","","","",""
"となみ野アスコン株式会社","4966280247906","","","","","","","939-1553","富山県南砺市上川崎1673-1","","","","","","","","","","","","","","","1230001008316","","","",""
"有限会社友博運送","7869722380130","","","","","","","470-0207","愛知県みよし市福谷町下り松16","","","","","","","","","","","","","","","8180302024192","","","",""
"豊田ガスセンター株式会社","9373762990800","","","","","","","473-0914","愛知県豊田市若林東町赤池56-38","","","","","","","","","","","","","","","8180301018880","","","",""
"株式会社トリプルエージャパン","7565998277516","","","","","","","171-0051","東京都豊島区長崎六丁目36-14","","","","","","","","","","","","","","","8013301028742","","","",""
"十和田アス再株式会社","4758942434152","","","","","","","034-0052","青森県十和田市大字藤島蛇林18","","","","","","","","","","","","","","","1420001011143","","","",""
"株式会社どう","7684645542117","","","","","","","150-0021","東京都渋谷区恵比寿西一丁目16-4 長谷戸ビル3階","","","","","","","","","","","","","","","1011001013856","","","",""
"道央アスコン株式会社","3770331739788","","","","","","","065-0018","北海道札幌市東区北十八条東一丁目3-3","","","","","","","","","","","","","","","4430001024083","","","",""
"株式会社道央油設処理公社","4334072023664","","","","","","","072-0000","北海道美唄市字チャシュナイ1020","","","","","","","","","","","","","","","9430001047773","","","",""
"道路工業株式会社","2248330936357","","","","","","","064-0808","北海道札幌市中央区南八条西十五丁目2-1","","","","","","","","","","","","","","","5430001011683","","","",""
"奈井江開発株式会社","5684604878135","","","","","","","079-0300","北海道空知郡奈井江町字奈井江町65","","","","","","","","","","","","","","","5430001048552","","","",""
"株式会社ナカサン","4406674180003","","","","","","","693-0033","島根県出雲市知井宮町1","","","","","","","","","","","","","","","5280001003291","","","",""
"株式会社中澤砿油","4913469513967","","","","","","","581-0039","大阪府八尾市太田新町六丁目70","","","","","","","","","","","","","","","6122001019522","","","",""
"有限会社中島石炭商店","7432989987148","","","","","","","760-0060","香川県高松市末広町3-8","","","","","","","","","","","","","","","3470002005047","","","",""
"中日本瀝青株式会社","4139133681733","","","","","","","460-0008","愛知県名古屋市中区栄二丁目11-3","","","","","","","","","","","","","","","6180001039171","","","",""
"株式会社中野油脂研究所","5704628240219","","","","","","","751-0878","山口県下関市秋根上町一丁目4-22","","","","","","","","","","","","","","","3250001006051","","","",""
"有限会社中本興業","3368485391104","","","","","","","454-0867","愛知県名古屋市中川区広田町一丁目15-1","","","","","","","","","","","","","","","1180002018880","","","",""
"中山燃料株式会社","8089107105783","","","","","","","714-0081","岡山県笠岡市笠岡5058-8","","","","","","","","","","","","","","","5260001017839","","","",""
"永瀬産業株式会社","7295404290583","","","","","","","683-0101","鳥取県米子市大篠津町3280","","","","","","","","","","","","","","","5270001003103","","","",""
"有限会社長瀬商店","9879322292085","","","","","","","798-1105","愛媛県宇和島市三間町是能202-29","","","","","","","","","","","","","","","8500002022959","","","",""
"長野喜楽鉱業株式会社","4052645107742","","","","","","","399-0701","長野県塩尻市大字広丘吉田2902-3","","","","","","","","","","","","","","","1100001015721","","","",""
"ナスアスコン株式会社","3073427561792","","","","","","","329-2745","栃木県那須塩原市三区町627-80","","","","","","","","","","","","","","","7060001012065","","","",""
"ナス化学株式会社","6630394156463","","","","","","","321-0532","栃木県那須烏山市藤田1181-160","","","","","","","","","","","","","","","3060001008117","","","",""
"那須建設株式会社","9653197251505","","","","","","","362-0072","埼玉県上尾市中妻一丁目8-2","","","","","","","","","","","","","","","3030001041525","","","",""
"ナフコ株式会社","9735453102652","","","","","","","105-0013","東京都港区浜松町二丁目8-5 登玖力ビル2F","","","","","","","","","","","","","","","5120001181491","","","",""
"奈良炭化工業株式会社","3132136155947","","","","","","","638-0821","奈良県吉野郡大淀町大字下渕1548","","","","","","","","","","","","","","","7150001015868","","","",""
"成沢製油株式会社","5198448554849","","","","","","","950-0064","新潟県新潟市東区松島二丁目3-47","","","","","","","","","","","","","","","4110001004398","","","",""
"南越アスコン株式会社","4352901572102","","","","","","","915-0844","福井県越前市妙法寺町4-2","","","","","","","","","","","","","","","4210001011839","","","",""
"南海物産株式会社","9832323750161","","","","","","","647-0061","和歌山県新宮市三輪崎三丁目2-11","","","","","","","","","","","","","","","5170001011561","","","",""
"株式会社南九オキシコ","1519283656372","","","","","","","885-0005","宮崎県都城市神之山町1818-1","","","","","","","","","","","","","","","4350001008169","","","",""
"南信共同アスコン株式会社","6559388472560","","","","","","","399-3301","長野県下伊那郡松川町上片桐4784-7","","","","","","","","","","","","","","","7100001023090","","","",""
"南信クリーンアセス株式会社","8300291246464","","","","","","","399-3802","長野県上伊那郡中川村片桐4803-2","","","","","","","","","","","","","","","5100001021864","","","",""
"南西道路株式会社","3138130337022","","","","","","","907-0022","沖縄県石垣市字大川1367-1","","","","","","","","","","","","","","","3360001013152","","","",""
"南武エナジー株式会社","9013172000480","","","","","","","124-0024","東京都葛飾区新小岩一丁目7-3","","","","","","","","","","","","","","","8011801022868","","","",""
"南陽化成株式会社","9668410454026","","","","","","","100-0006","東京都千代田区有楽町一丁目1-2","","","","","","","","","","","","","","","7010001025105","","","",""
"新潟ガス工業株式会社","8985800718937","","","","","","","954-0076","新潟県見附市新幸町9-14","","","","","","","","","","","","","","","7110001015987","","","",""
"新潟舗材株式会社","4868133942748","","","","","","","950-1101","新潟県新潟市西区山田2553-1","","","","","","","","","","","","","","","4110001000100","","","",""
"株式会社ニイタカ","4273518509338","","","","","","","532-0033","大阪府大阪市淀川区新高一丁目8-10","","","","","","","","","","","","","","","9120001056079","","","",""
"西日本興産株式会社","9766505444946","","","","","","","895-0027","鹿児島県薩摩川内市西向田町5-11 GU総合ビル5階","","","","","","","","","","","","","","","2340001008634","","","",""
"株式会社西日本酸器","3128216674156","","","","","","","704-8122","岡山県岡山市東区西大寺新地170-7","","","","","","","","","","","","","","","3260001005127","","","",""
"株式会社西日本リサイクル","6951599925728","","","","","","","834-0066","福岡県八女市室岡306-1","","","","","","","","","","","","","","","2290001047423","","","",""
"西諸共同アスコン株式会社","7347914840695","","","","","","","886-0213","宮崎県小林市野尻町三ケ野山3204-1","","","","","","","","","","","","","","","8350001009956","","","",""
"日重環境株式会社","5870663405817","","","","","","","376-0101","群馬県みどり市大間々町大間々1668","","","","","","","","","","","","","","","6070001015522","","","",""
"ニチユ産業株式会社","3122337930647","","","","","","","808-0074","福岡県北九州市若松区藤ノ木二丁目6-36","","","","","","","","","","","","","","","1290801012338","","","",""
"ニチレキグループ株式会社","3616214456053","","","","","","","102-0073","東京都千代田区九段北四丁目3-29","","","","","","","","","","","","","","","7010001008737","","","",""
"株式会社ニッコー","3450522220758","","","","","","","537-0014","大阪府大阪市東成区大今里西一丁目28-12","","","","","","","","","","","","","","","9120001013253","","","",""
"日広開発株式会社","2309853357046","","","","","","","918-8025","福井県福井市江守中町8-18","","","","","","","","","","","","","","","4210001002648","","","",""
"日廣産業株式会社","4232454194506","","","","","","","260-0826","千葉県千葉市中央区新浜町1","","","","","","","","","","","","","","","1040001005753","","","",""
"日興産業株式会社","1695859484394","","","","","","","100-0005","東京都千代田区丸の内三丁目4-1 新国際ビル","","","","","","","","","","","","","","","2010001110992","","","",""
"日光油化株式会社","7831581065297","","","","","","","123-0864","東京都足立区鹿浜八丁目30-10","","","","","","","","","","","","","","","1011801010937","","","",""
"日進化成株式会社","9283586696494","","","","","","","162-0825","東京都新宿区神楽坂一丁目15 神楽坂一丁目ビル7F","","","","","","","","","","","","","","","9011101015836","","","",""
"日新石油産業株式会社","3196748495155","","","","","","","710-0056","岡山県倉敷市鶴形一丁目2-15","","","","","","","","","","","","","","","1260001014377","","","",""
"有限会社日製産業","7884141885391","","","","","","","010-0201","秋田県潟上市天王鶴沼台67-2","","","","","","","","","","","","","","","4410002005794","","","",""
"日鉄ケミカル＆マテリアル株式会社","6699116821895","","","","","","","103-0027","東京都中央区日本橋一丁目13-1 日鉄日本橋ビル","","","","","","","","","","","","","","","9010001098041","","","",""
"株式会社日徳","3701041043269","","","","","","","403-0008","山梨県富士吉田市下吉田東一丁目12-23","","","","","","","","","","","","","","","7090001009926","","","",""
"日プロ愛媛株式会社","5587425690144","","","","","","","792-0851","愛媛県新居浜市観音原町甲2-1","","","","","","","","","","","","","","","8500001013463","","","",""
"株式会社ニッペコ","9272065430039","","","","","","","104-0032","東京都中央区八丁堀一丁目9-8 八重洲通ハタビル4F","","","","","","","","","","","","","","","4010001074939","","","",""
"株式会社ＮＩＰＰＯ","1494273646701","","","","","","","104-0031","東京都中央区京橋一丁目19-11","","","","","","","","","","","","","","","9010001034987","","","",""
"日宝産業株式会社","1598984881023","","","","","","","744-0002","山口県下松市大字東豊井1317","","","","","","","","","","","","","","","5250001009606","","","",""
"株式会社日本触媒","3466543519120","","","","","","","541-0043","大阪府大阪市中央区高麗橋四丁目1-1","","","","","","","","","","","","","","","9120001077620","","","",""
"日本道路株式会社","2345667755506","","","","","","","105-0023","東京都港区芝浦一丁目2-3 シーバンスS館7階","","","","","","","","","","","","","","","9010401023409","","","",""
"日本オイルリポート株式会社","5384565313086","","","","","","","064-0805","北海道札幌市中央区南五条西十丁目1015","","","","","","","","","","","","","","","2430001050882","","","",""
"日本オキシラン株式会社","3207254463511","","","","","","","103-0027","東京都中央区日本橋二丁目7-1","","","","","","","","","","","","","","","2010001061864","","","",""
"日本化工塗料株式会社","8806542162307","","","","","","","253-0111","神奈川県高座郡寒川町一之宮七丁目12-1","","","","","","","","","","","","","","","5021001006434","","","",""
"日本ケミカル工業株式会社","5674758222137","","","","","","","424-0055","静岡県静岡市清水区吉川813","","","","","","","","","","","","","","","6080001008863","","","",""
"日本工作油株式会社","4224584610145","","","","","","","108-0014","東京都港区芝五丁目29-14 田町日工ビル","","","","","","","","","","","","","","","4010401022448","","","",""
"日本礦油株式会社","4578716165053","","","","","","","536-0008","大阪府大阪市城東区関目一丁目21-28","","","","","","","","","","","","","","","7120001016670","","","",""
"日本コークス工業株式会社","3531253618111","","","","","","","135-0061","東京都江東区豊洲三丁目3-3","","","","","","","","","","","","","","","5010601029770","","","",""
"日本合建株式会社","3197744257672","","","","","","","879-0614","大分県豊後高田市来縄2870","","","","","","","","","","","","","","","1320001003893","","","",""
"日本合成樹脂株式会社","6388404141393","","","","","","","210-0865","神奈川県川崎市川崎区千鳥町10-1","","","","","","","","","","","","","","","7020001074126","","","",""
"日本酢ビ・ポバール株式会社","2873976535211","","","","","","","592-8331","大阪府堺市西区築港新町三丁11-1","","","","","","","","","","","","","","","4120101003068","","","",""
"日本サン石油株式会社","7604781158500","","","","","","","102-0083","東京都千代田区麴町三丁目4","","","","","","","","","","","","","","","6010001033190","","","",""
"日本システムサービス株式会社","2045657138494","","","","","","","062-0003","北海道札幌市豊平区美園三条五丁目 原ビル内","","","","","","","","","","","","","","","4430001020941","","","",""
"日本精蠟株式会社","8215935982886","","","","","","","104-0031","東京都中央区京橋二丁目5-18 京橋創生館10階","","","","","","","","","","","","","","","4010001034983","","","",""
"日本特殊塗料株式会社","2291216818996","","","","","","","114-0002","東京都北区王子三丁目23-2","","","","","","","","","","","","","","","1011501003539","","","",""
"日本舗材株式会社","4420217058324","","","","","","","226-0022","神奈川県横浜市緑区青砥町415","","","","","","","","","","","","","","","6020001002302","","","",""
"日本防御化学株式会社","1542116066831","","","","","","","658-0047","兵庫県神戸市東灘区御影三丁目2-11","","","","","","","","","","","","","","","8140001035313","","","",""
"株式会社日本油剤研究所","7119178534634","","","","","","","245-0053","神奈川県横浜市戸塚区上矢部町2079-7","","","","","","","","","","","","","","","1020001007801","","","",""
"日本ユニバイト株式会社","8407877627081","","","","","","","435-0026","静岡県浜松市中央区金折町733-2","","","","","","","","","","","","","","","2080401003831","","","",""
"日本ルブサービス株式会社","9929154134732","","","","","","","674-0093","兵庫県明石市二見町南二見1-4","","","","","","","","","","","","","","","5140001037295","","","",""
"日本ルーブリゾール株式会社","8985734580556","","","","","","","141-0021","東京都品川区上大崎三丁目1-1 JR東急目黒ビル16F","","","","","","","","","","","","","","","7013201006832","","","",""
"株式会社ニューズ","6460372333548","","","","","","","810-0004","福岡県福岡市中央区渡辺通二丁目7-14","","","","","","","","","","","","","","","2290002032449","","","",""
"有限会社ＮＵＴＥＣ　Ｊａｐａｎ","1808921154790","","","","","","","231-0801","神奈川県横浜市中区新山下一丁目17-15","","","","","","","","","","","","","","","4020002067214","","","",""
"ニューロード株式会社","7635408655411","","","","","","","719-2122","岡山県高梁市高倉町田井1880","","","","","","","","","","","","","","","1260001014393","","","",""
"株式会社丹羽由砕石","6049779898977","","","","","","","462-0804","愛知県名古屋市北区上飯田南町三丁目90-5","","","","","","","","","","","","","","","2180001013163","","","",""
"ネオファルト工業株式会社","6220231541373","","","","","","","612-8243","京都府京都市伏見区横大路下三栖城ノ前町54-5","","","","","","","","","","","","","","","6130001015350","","","",""
"有限会社ノギＦＫ工業","5192547131788","","","","","","","329-0114","栃木県下都賀郡野木町大字野木150","","","","","","","","","","","","","","","7060002029975","","","",""
"ノースジャパン研機株式会社","9946849146579","","","","","","","059-0027","北海道登別市青葉町51-1","","","","","","","","","","","","","","","5430001057371","","","",""
"能登アスコン株式会社","9680925840322","","","","","","","927-0022","石川県鳳珠郡穴水町字北七海八, 16","","","","","","","","","","","","","","","6220001016694","","","",""
"株式会社延岡高圧ガスセンター","7877223306724","","","","","","","882-0024","宮崎県延岡市大武町400-3","","","","","","","","","","","","","","","3350001006933","","","",""
"野村建設株式会社","4076329191528","","","","","","","283-0823","千葉県東金市山田190-1","","","","","","","","","","","","","","","1040001077834","","","",""
"函館舖道株式会社","8958093204118","","","","","","","041-0824","北海道函館市西桔梗町850-85","","","","","","","","","","","","","","","5440001001741","","","",""
"橋本工業有限会社","7195688848884","","","","","","","737-2502","広島県呉市安浦町三津口五丁目12-16","","","","","","","","","","","","","","","9240002035169","","","",""
"株式会社畑清商店","2989786826442","","","","","","","174-0046","東京都板橋区蓮根二丁目30-14 203号","","","","","","","","","","","","","","","9011401005256","","","",""
"畑中建設工業株式会社","2445642160640","","","","","","","031-0071","青森県八戸市沼館四丁目6-6","","","","","","","","","","","","","","","4420001006355","","","",""
"八弘綱油株式会社","4821066681737","","","","","","","210-0822","神奈川県川崎市川崎区田町三丁目5-6","","","","","","","","","","","","","","","1020001137499","","","",""
"八弘商会株式会社","5494308725666","","","","","","","146-0092","東京都大田区下丸子四丁目21-12 710号","","","","","","","","","","","","","","","5020001074219","","","",""
"株式会社服部組","7517087163715","","","","","","","456-0056","愛知県名古屋市熱田区三番町21-8","","","","","","","","","","","","","","","8180001022621","","","",""
"ハートランド株式会社","2348866698071","","","","","","","343-0025","埼玉県越谷市大沢603-4","","","","","","","","","","","","","","","6030001064614","","","",""
"花菱建設株式会社","8411586514622","","","","","","","420-0847","静岡県静岡市葵区西千代田町5-18","","","","","","","","","","","","","","","3080001004254","","","",""
"株式会社ハーベス","7072542731657","","","","","","","330-0061","埼玉県さいたま市浦和区常盤九丁目21-14 パークサイドガクヤビル","","","","","","","","","","","","","","","5030001006798","","","",""
"有限会社浜松アスコン","6177669171056","","","","","","","431-3103","静岡県浜松市中央区常光町814","","","","","","","","","","","","","","","1080402021206","","","",""
"有限会社浜松油化","7470561363870","","","","","","","433-8118","静岡県浜松市中央区高丘西二丁目13-19","","","","","","","","","","","","","","","9080402006216","","","",""
"有限会社ハヤカワコーポレーション","3416722530785","","","","","","","475-0021","愛知県半田市州の崎町2-34","","","","","","","","","","","","","","","8180002083828","","","",""
"有限会社林田商事","9770304651524","","","","","","","820-0044","福岡県飯塚市横田870-1","","","","","","","","","","","","","","","4290002045878","","","",""
"羽山総合建設株式会社","4721270467658","","","","","","","999-2174","山形県東置賜郡高畠町大字福沢1670-7","","","","","","","","","","","","","","","4390001010427","","","",""
"播磨油脂工業株式会社","7764390737692","","","","","","","650-0044","兵庫県神戸市中央区東川崎町五丁目2-12","","","","","","","","","","","","","","","4140001010261","","","",""
"ハルオ株式会社","1076140032369","","","","","","","559-0026","大阪府大阪市住之江区平林北二丁目3-4","","","","","","","","","","","","","","","1120001010786","","","",""
"阪堺石油株式会社","6771659340333","","","","","","","590-0007","大阪府堺市堺区北庄町二丁3-2","","","","","","","","","","","","","","","2120101005743","","","",""
"阪神溶接機材株式会社","6953478115694","","","","","","","709-2105","岡山県岡山市北区御津伊田1028-12","","","","","","","","","","","","","","","9120901011785","","","",""
"有限会社バイパーテック","3309261429428","","","","","","","804-0052","福岡県北九州市戸畑区丸町二丁目5-1 205","","","","","","","","","","","","","","","2290802011552","","","",""
"株式会社バルビス","1996926349669","","","","","","","659-0066","兵庫県芦屋市大桝町7-2 201","","","","","","","","","","","","","","","9140001020116","","","",""
"株式会社バンノー","6491505292990","","","","","","","481-0001","愛知県北名古屋市六ツ師松葉30","","","","","","","","","","","","","","","5180001052126","","","",""
"パイオニア株式会社","2258127393609","","","","","","","168-0082","東京都杉並区久我山四丁目20-6","","","","","","","","","","","","","","","9011301005653","","","",""
"株式会社パイプラント","1999141212867","","","","","","","919-0411","福井県坂井市春江町藤鷲塚37-18","","","","","","","","","","","","","","","2210001015882","","","",""
"パブリックロード株式会社","8404214110904","","","","","","","694-0052","島根県大田市久手町刺鹿350-1","","","","","","","","","","","","","","","1280001004005","","","",""
"パレス化学株式会社","9476986510870","","","","","","","236-0004","神奈川県横浜市金沢区福浦一丁目11-16","","","","","","","","","","","","","","","1020001006662","","","",""
"株式会社パンオイルサービス","9656160163480","","","","","","","950-3102","新潟県新潟市北区島見町2360-1","","","","","","","","","","","","","","","7110001004569","","","",""
"ひうちアスコン株式会社","4379675262713","","","","","","","793-0005","愛媛県西条市船屋乙20-4","","","","","","","","","","","","","","","6500002015428","","","",""
"日置建設産業株式会社","6435692776644","","","","","","","899-2522","鹿児島県日置市伊集院町飯牟礼3492","","","","","","","","","","","","","","","6340001000158","","","",""
"株式会社ヒカ","7884257936589","","","","","","","252-0242","神奈川県相模原市中央区横山一丁目3-1 507号","","","","","","","","","","","","","","","1021001058322","","","",""
"光アスコン株式会社","4899799753095","","","","","","","612-8244","京都府京都市伏見区横大路千両松町78","","","","","","","","","","","","","","","8130001015448","","","",""
"有限会社光工業","3089184681792","","","","","","","906-0602","沖縄県宮古郡多良間村字仲筋2708-1","","","","","","","","","","","","","","","4360002022548","","","",""
"有限会社光冷凍","9603348759409","","","","","","","778-0004","徳島県三好市池田町シンマチ1369","","","","","","","","","","","","","","","4480002015762","","","",""
"東日本カーボン株式会社","1942590280483","","","","","","","963-0533","福島県郡山市日和田町八丁目聖坊61","","","","","","","","","","","","","","","2380001006130","","","",""
"東日本冨士新道路株式会社","6855462039855","","","","","","","080-0807","北海道帯広市東七条南八丁目2","","","","","","","","","","","","","","","9460101001181","","","",""
"東日本メディカルガス株式会社","3462218997908","","","","","","","174-0063","東京都板橋区前野町三丁目17-20","","","","","","","","","","","","","","","6011401005366","","","",""
"彦根ホームガス株式会社","6407311874123","","","","","","","522-0006","滋賀県彦根市佐和山町山田206-1","","","","","","","","","","","","","","","8160001017508","","","",""
"日立アスコン株式会社","3168345448407","","","","","","","319-1544","茨城県北茨城市磯原町上相田1099-43","","","","","","","","","","","","","","","6050001024277","","","",""
"有限会社日立エムティーオー","4992518741736","","","","","","","316-0021","茨城県日立市台原町三丁目9-17","","","","","","","","","","","","","","","6050002031719","","","",""
"株式会社ヒダエルピーヂーグループ","9163097983116","","","","","","","506-0825","岐阜県高山市石浦町二丁目438","","","","","","","","","","","","","","","8200001025175","","","",""
"兵庫炭化工業株式会社","7575462635764","","","","","","","671-4131","兵庫県宍粟市一宮町安積1406-15","","","","","","","","","","","","","","","7140001039133","","","",""
"日吉化学工業株式会社","9346350169148","","","","","","","808-0074","福岡県北九州市若松区藤ノ木三丁目2-39","","","","","","","","","","","","","","","3290801012369","","","",""
"株式会社平田電機工業所","6706441052070","","","","","","","545-0052","大阪府大阪市阿倍野区阿倍野筋五丁目3-20","","","","","","","","","","","","","","","8120001006233","","","",""
"有限会社平林油店","1532076270166","","","","","","","161-0034","東京都新宿区上落合三丁目6-12","","","","","","","","","","","","","","","9011102021429","","","",""
"広島舗材株式会社","2467015566199","","","","","","","731-3163","広島県広島市安佐南区伴北四丁目2930","","","","","","","","","","","","","","","2240001049985","","","",""
"株式会社Ｂｅｉｎｇ","5168776239784","","","","","","","371-0857","群馬県前橋市高井町一丁目27-14","","","","","","","","","","","","","","","3070001025532","","","",""
"美州興産株式会社","5451524937810","","","","","","","450-0003","愛知県名古屋市中村区名駅南一丁目17-28","","","","","","","","","","","","","","","4180001002800","","","",""
"ＢＧジャパン株式会社","1666296549694","","","","","","","131-0044","東京都墨田区文花二丁目14-10","","","","","","","","","","","","","","","5010601040117","","","",""
"株式会社ＢＤＦ","2682513808744","","","","","","","131-0041","東京都墨田区八広五丁目29-11","","","","","","","","","","","","","","","9010601030295","","","",""
"有限会社美幌リヨーユウ","9448592660104","","","","","","","092-0004","北海道網走郡美幌町字仲町一丁目7","","","","","","","","","","","","","","","3460302003635","","","",""
"株式会社フェクト","8070723708200","","","","","","","708-0856","岡山県津山市西吉田558-3","","","","","","","","","","","","","","","9260001021060","","","",""
"フォルテック株式会社","3560255667515","","","","","","","270-1108","千葉県我孫子市布佐平和台四丁目5-23","","","","","","","","","","","","","","","9040001069056","","","",""
"株式会社福井リサイクルセンター","8374285088442","","","","","","","910-0801","福井県福井市寺前町9-102","","","","","","","","","","","","","","","1210001003112","","","",""
"有限会社福岡鋼機","3669474486786","","","","","","","818-0061","福岡県筑紫野市紫六丁目20-16","","","","","","","","","","","","","","","2290002040113","","","",""
"株式会社福島アスコン","2190950944117","","","","","","","969-1403","福島県二本松市渋川才ノ神50","","","","","","","","","","","","","","","1380001009935","","","",""
"福島舗装株式会社","1213462202975","","","","","","","960-0115","福島県福島市下飯坂向河原7-3","","","","","","","","","","","","","","","3380001001527","","","",""
"福住石油株式会社","5704694309229","","","","","","","132-0024","東京都江戸川区一之江三丁目24-1","","","","","","","","","","","","","","","3011701006901","","","",""
"福山舖装資材有限会社","9277367230644","","","","","","","720-0052","広島県福山市東町三丁目4-31 906号","","","","","","","","","","","","","","","6240002043959","","","",""
"富国石油株式会社","6532261210369","","","","","","","410-0011","静岡県沼津市岡宮949-8","","","","","","","","","","","","","","","8080101001618","","","",""
"株式会社富士化工研究所","9788003875577","","","","","","","418-0111","静岡県富士宮市山宮3507-18","","","","","","","","","","","","","","","5080101011735","","","",""
"有限会社富士川産業","8909761201162","","","","","","","323-0808","栃木県小山市大字出井1970-2","","","","","","","","","","","","","","","2060002029220","","","",""
"株式会社富士興油","3400246070249","","","","","","","327-0041","栃木県佐野市免鳥町461-1","","","","","","","","","","","","","","","3060001020600","","","",""
"藤澤建興株式会社","2998433004750","","","","","","","390-0851","長野県松本市大字島内1260-10","","","","","","","","","","","","","","","9100001013965","","","",""
"富士産業資材有限会社","9728977095856","","","","","","","711-0935","岡山県倉敷市児島宇野津1794-1","","","","","","","","","","","","","","","8260002020855","","","",""
"有限会社富士石油","4526336225143","","","","","","","901-2407","沖縄県中頭郡中城村字安里58-1","","","","","","","","","","","","","","","9360002016925","","","",""
"富士石油株式会社","2200515043899","","","","","","","141-0001","東京都品川区北品川六丁目7-29 ガーデングレイス品川御殿山","","","","","","","","","","","","","","","3010701015631","","","",""
"株式会社フジックスコンクリート","9799601877640","","","","","","","498-0063","愛知県弥富市東末広九丁目38-1","","","","","","","","","","","","","","","1180001097042","","","",""
"有限会社藤野製作所","6196812016534","","","","","","","518-0027","三重県伊賀市西山1240","","","","","","","","","","","","","","","7190002012332","","","",""
"富士フソー精工株式会社","5310816960626","","","","","","","910-0125","福井県福井市石盛一丁目101","","","","","","","","","","","","","","","2210001003490","","","",""
"藤本興業有限会社","9589393768555","","","","","","","871-0914","福岡県築上郡上毛町大字宇野892-1","","","","","","","","","","","","","","","8290802022024","","","",""
"藤本工業株式会社","7588696871281","","","","","","","747-0044","山口県防府市佐波一丁目9-19","","","","","","","","","","","","","","","8250001002194","","","",""
"藤本産業株式会社","7487564747573","","","","","","","761-8052","香川県高松市松並町564","","","","","","","","","","","","","","","8470001003625","","","",""
"有限会社フジワラ","9353777739170","","","","","","","629-3431","京都府京丹後市久美浜町鹿野1130","","","","","","","","","","","","","","","5130002034012","","","",""
"双葉産業株式会社","1659932080736","","","","","","","326-0021","栃木県足利市山川町911","","","","","","","","","","","","","","","8060001019134","","","",""
"フックスジャパン株式会社","5799038210854","","","","","","","105-0001","東京都港区虎ノ門五丁目12-1 虎ノ門ワイコービル5F","","","","","","","","","","","","","","","8010401091101","","","",""
"不動化学株式会社","2107698362626","","","","","","","585-0053","大阪府南河内郡千早赤阪村大字小吹3-1","","","","","","","","","","","","","","","7120101031561","","","",""
"株式会社富良野ガス燃料","4809601163724","","","","","","","076-0032","北海道富良野市若松町9-1","","","","","","","","","","","","","","","8450001006522","","","",""
"古川化成株式会社","6858163208552","","","","","","","571-0034","大阪府門真市東田町16-9","","","","","","","","","","","","","","","1120001160128","","","",""
"株式会社ブライソンジャパン","6640177215223","","","","","","","283-0826","千葉県東金市丘山台三丁目8-1","","","","","","","","","","","","","","","3040001047934","","","",""
"プレシジョンサプライ株式会社","8818704783373","","","","","","","721-0942","広島県福山市引野町四丁目4-37","","","","","","","","","","","","","","","3240001032049","","","",""
"株式会社プレミツクアス","7462755392944","","","","","","","617-0836","京都府長岡京市勝竜寺近竹1","","","","","","","","","","","","","","","6130001030390","","","",""
"平成産業株式会社","8285749928933","","","","","","","907-0022","沖縄県石垣市字大川1350","","","","","","","","","","","","","","","8360001013172","","","",""
"平成道路有限会社","2298213386882","","","","","","","824-0002","福岡県行橋市東大橋六丁目12-26","","","","","","","","","","","","","","","1290802022550","","","",""
"平和建設株式会社","8622195214779","","","","","","","310-0825","茨城県水戸市谷田町660","","","","","","","","","","","","","","","4050001002243","","","",""
"有限会社ヘリオス","8241030025676","","","","","","","811-0119","福岡県糟屋郡新宮町緑ケ浜三丁目3-23","","","","","","","","","","","","","","","6290002034375","","","",""
"ヘンケルジャパン株式会社","1801087578492","","","","","","","140-0002","東京都品川区東品川二丁目2-8 スフィアタワー天王洲14F","","","","","","","","","","","","","","","7010701022368","","","",""
"別府工業有限会社","1008103778980","","","","","","","874-0000","大分県別府市大字平道371-1","","","","","","","","","","","","","","","2320002012298","","","",""
"ペトロコークス株式会社","6938973336767","","","","","","","100-0004","東京都千代田区大手町一丁目1-2","","","","","","","","","","","","","","","6010001134435","","","",""
"ペトロコークスジャパン株式会社","4706285440893","","","","","","","100-0004","東京都千代田区大手町二丁目3-2","","","","","","","","","","","","","","","5010001133933","","","",""
"株式会社ペトロプラン","7343010306983","","","","","","","192-0033","東京都八王子市高倉町54-6","","","","","","","","","","","","","","","6011101048062","","","",""
"株式会社ペトロプログレス","7746925506775","","","","","","","141-0001","東京都品川区北品川六丁目7-29","","","","","","","","","","","","","","","2010701015657","","","",""
"豊栄産業株式会社","6052945953228","","","","","","","114-0021","東京都北区岸町一丁目14-9","","","","","","","","","","","","","","","9011501004232","","","",""
"豊国石油株式会社","9090593840287","","","","","","","592-0001","大阪府高石市高砂二丁目6","","","","","","","","","","","","","","","3120101008596","","","",""
"北信アスコン株式会社","9376216636722","","","","","","","380-0823","長野県長野市南千歳一丁目15-3","","","","","","","","","","","","","","","8100001004569","","","",""
"株式会社北勢クリーン","7087384694833","","","","","","","519-0313","三重県鈴鹿市追分町2251-8","","","","","","","","","","","","","","","1190001005739","","","",""
"株式会社ホクユウ","7640346245162","","","","","","","947-0024","新潟県小千谷市船岡三丁目2260-4","","","","","","","","","","","","","","","6110001025566","","","",""
"北陸アスコン株式会社","5050680021652","","","","","","","931-8425","富山県富山市宮成444","","","","","","","","","","","","","","","2230001002920","","","",""
"有限会社北陸ユケン","8273547869340","","","","","","","924-0000","石川県白山市森島町あ1-11","","","","","","","","","","","","","","","2220002000214","","","",""
"株式会社舗材サービス","5807803656275","","","","","","","140-0013","東京都品川区南大井六丁目18-1 202","","","","","","","","","","","","","","","6010801010892","","","",""
"細田産業株式会社","3489801660597","","","","","","","690-0006","島根県松江市伊勢宮町557","","","","","","","","","","","","","","","8280001000666","","","",""
"北海道石油共同備蓄株式会社","8846264291762","","","","","","","164-0012","東京都中野区本町一丁目32-2 ハーモニータワー6階","","","","","","","","","","","","","","","8011101019739","","","",""
"株式会社北海道裕雅","7211181548937","","","","","","","049-5332","北海道虻田郡豊浦町字大岸147","","","","","","","","","","","","","","","4430001056498","","","",""
"北海舗道株式会社","4764011229113","","","","","","","096-0078","北海道名寄市字内淵200","","","","","","","","","","","","","","","7450001007323","","","",""
"株式会社北港ロード","9538320163139","","","","","","","554-0033","大阪府大阪市此花区北港一丁目4-132","","","","","","","","","","","","","","","4120001076536","","","",""
"有限会社穂並商事","7196865420255","","","","","","","034-0001","青森県十和田市大字三本木野崎118-2","","","","","","","","","","","","","","","1420002017008","","","",""
"ホープ再油産業宮崎株式会社","6064318956257","","","","","","","880-0837","宮崎県宮崎市村角町東原3181","","","","","","","","","","","","","","","3350002004234","","","",""
"株式会社ホームエネルギーアサヒ","8009017348781","","","","","","","889-0611","宮崎県東臼杵郡門川町大字門川尾末淀原10836-1","","","","","","","","","","","","","","","2350001006190","","","",""
"堀川化成株式会社","7676925554308","","","","","","","538-0052","大阪府大阪市鶴見区横堤四丁目9-34","","","","","","","","","","","","","","","6120001002548","","","",""
"株式会社ホワイトサポート","3567819444763","","","","","","","860-0046","熊本県熊本市西区横手四丁目12-10","","","","","","","","","","","","","","","8330002009478","","","",""
"本田建工株式会社","2993591527778","","","","","","","520-2342","滋賀県野洲市野洲1650-19","","","","","","","","","","","","","","","7160001016262","","","",""
"墨東化成工業株式会社","4755277363181","","","","","","","130-0025","東京都墨田区千歳一丁目8-14","","","","","","","","","","","","","","","9010601015271","","","",""
"舞鶴喜楽鉱業株式会社","2914717722855","","","","","","","623-0362","京都府綾部市物部町白岩9-1","","","","","","","","","","","","","","","8130001041857","","","",""
"株式会社誠","4719295992022","","","","","","","454-0012","愛知県名古屋市中川区尾頭橋三丁目11-15","","","","","","","","","","","","","","","9180001116034","","","",""
"マコトインターナショナル株式会社","4272045147141","","","","","","","639-0217","奈良県北葛城郡上牧町大字中筋出作234-1","","","","","","","","","","","","","","","2150001013471","","","",""
"マコト産業株式会社","1293700309383","","","","","","","547-0003","大阪府大阪市平野区加美南三丁目7-28","","","","","","","","","","","","","","","1120001118349","","","",""
"株式会社マステック","4060743481920","","","","","","","161-0033","東京都新宿区下落合三丁目10-22 107","","","","","","","","","","","","","","","6011101026902","","","",""
"マチダコーポレーション株式会社","8284067173149","","","","","","","371-0803","群馬県前橋市天川原町二丁目41-1","","","","","","","","","","","","","","","7070001003055","","","",""
"松浦興業株式会社","7272648777354","","","","","","","663-8114","兵庫県西宮市上甲子園四丁目10-13","","","","","","","","","","","","","","","6140001070386","","","",""
"株式会社松下商店","1514695077724","","","","","","","486-0925","愛知県春日井市中切町一丁目7-16","","","","","","","","","","","","","","","4180001074963","","","",""
"松田注入器株式会社","9664829348963","","","","","","","504-0934","岐阜県各務原市大野町三丁目68","","","","","","","","","","","","","","","4200001007524","","","",""
"松村石油株式会社","7253567186602","","","","","","","530-0047","大阪府大阪市北区西天満二丁目8-5","","","","","","","","","","","","","","","7120001070619","","","",""
"松本アスコン株式会社","1679095683430","","","","","","","390-0222","長野県松本市大字入山辺包石神82","","","","","","","","","","","","","","","6100001014041","","","",""
"有限会社まつや燃料設備","4840255579220","","","","","","","070-0831","北海道旭川市旭町一条二十一丁目2170-14","","","","","","","","","","","","","","","6450002005186","","","",""
"マテルワークス株式会社","9980843711524","","","","","","","550-0002","大阪府大阪市西区江戸堀二丁目1-1","","","","","","","","","","","","","","","1120001130618","","","",""
"株式会社丸正","7322350608471","","","","","","","120-0004","東京都足立区東綾瀬三丁目11-16","","","","","","","","","","","","","","","4011801012179","","","",""
"丸善石油化学株式会社","6383122847717","","","","","","","104-0042","東京都中央区入船二丁目1-1","","","","","","","","","","","","","","","3010001057408","","","",""
"有限会社丸田燃料店","2515341738102","","","","","","","506-0006","岐阜県高山市神田町二丁目93","","","","","","","","","","","","","","","9200002025990","","","",""
"株式会社丸豊鋳材製作所","2183807082899","","","","","","","713-8103","岡山県倉敷市玉島乙島新湊8256-20","","","","","","","","","","","","","","","4260001014829","","","",""
"マルニ製油株式会社","8417899975824","","","","","","","674-0093","兵庫県明石市二見町南二見22-28","","","","","","","","","","","","","","","9120001058554","","","",""
"株式会社丸八","4983436983467","","","","","","","441-3415","愛知県田原市神戸町北山25-1","","","","","","","","","","","","","","","8180301007792","","","",""
"丸浜興業株式会社","6953067350846","","","","","","","400-0807","山梨県甲府市東光寺一丁目7-8","","","","","","","","","","","","","","","6090001002056","","","",""
"丸浜舗道株式会社","1915339534760","","","","","","","400-0807","山梨県甲府市東光寺一丁目7-8","","","","","","","","","","","","","","","4090001002066","","","",""
"丸山重機株式会社","7866325886843","","","","","","","329-3157","栃木県那須塩原市大原間西一丁目7-5","","","","","","","","","","","","","","","2060001011550","","","",""
"丸山モリブデン株式会社","3424686906632","","","","","","","640-8404","和歌山県和歌山市湊1820","","","","","","","","","","","","","","","5170001003154","","","",""
"三池化学株式会社","2939726733648","","","","","","","836-0823","福岡県大牟田市亀谷町168","","","","","","","","","","","","","","","7290001054084","","","",""
"みかも礦業株式会社","1281457497409","","","","","","","581-0039","大阪府八尾市太田新町四丁目100","","","","","","","","","","","","","","","3122001020185","","","",""
"三河アスコン協同組合","1278087262427","","","","","","","444-0532","愛知県西尾市吉良町瀬戸寄名山25","","","","","","","","","","","","","","","1180305006797","","","",""
"三河舗材株式会社","7453436139160","","","","","","","444-0324","愛知県西尾市寺津町四ノ割横道西41-3","","","","","","","","","","","","","","","5180301022811","","","",""
"ミクロ工業株式会社","5193033131051","","","","","","","123-0865","東京都足立区新田三丁目8-13","","","","","","","","","","","","","","","3011801012295","","","",""
"水島パラキシレン株式会社","9281329843645","","","","","","","100-0004","東京都千代田区大手町一丁目1-2","","","","","","","","","","","","","","","5010001134213","","","",""
"瑞穂瀝青工業株式会社","2764553327372","","","","","","","321-0921","栃木県宇都宮市瑞穂三丁目8-1","","","","","","","","","","","","","","","9060001004291","","","",""
"みたに産業株式会社","9892104505455","","","","","","","780-8086","高知県高知市針木東町26-51","","","","","","","","","","","","","","","1490001003233","","","",""
"株式会社道建","5990518622132","","","","","","","612-8495","京都府京都市伏見区久我森の宮町4-108","","","","","","","","","","","","","","","2130001028026","","","",""
"三井化学株式会社","9276608881965","","","","","","","104-0028","東京都中央区八重洲二丁目2-1","","","","","","","","","","","","","","","4010401052081","","","",""
"株式会社ミツウロコヴェッセル四国","9184108310197","","","","","","","771-1156","徳島県徳島市応神町応神産業団地4-32","","","","","","","","","","","","","","","3480001009378","","","",""
"有限会社三つ葉","6331438446542","","","","","","","901-2121","沖縄県浦添市内間四丁目20-13 104号","","","","","","","","","","","","","","","9360002004054","","","",""
"三菱瓦斯化学株式会社","9912105059120","","","","","","","100-0005","東京都千代田区丸の内二丁目5-2 三菱ビル","","","","","","","","","","","","","","","9010001008768","","","",""
"三菱ケミカル旭化成エチレン株式会社","4829633304281","","","","","","","100-0011","東京都千代田区内幸町二丁目2-2 富国生命ビル","","","","","","","","","","","","","","","4010001174714","","","",""
"株式会社南四国アスコン","7750623442055","","","","","","","783-0084","高知県南国市稲生上ヒラソ4012","","","","","","","","","","","","","","","5470001011993","","","",""
"株式会社南日本モラブ","5609361789299","","","","","","","411-0943","静岡県駿東郡長泉町下土狩1169-1 401","","","","","","","","","","","","","","","3340001008930","","","",""
"峯重燃料工業株式会社","5313795487181","","","","","","","812-0002","福岡県福岡市博多区空港前五丁目2-10","","","","","","","","","","","","","","","4290001016913","","","",""
"株式会社美濃プラスチック","9233745560621","","","","","","","501-3714","岐阜県美濃市曽代3-1","","","","","","","","","","","","","","","4200001019676","","","",""
"三原工業株式会社","1481281776185","","","","","","","371-0841","群馬県前橋市石倉町二丁目4","","","","","","","","","","","","","","","2070001003175","","","",""
"宮城富士アスコン株式会社","1265240748708","","","","","","","987-1102","宮城県石巻市和渕北和渕一番7-3","","","","","","","","","","","","","","","3370301003414","","","",""
"株式会社ミヤギレキセイ","3220430445975","","","","","","","985-0833","宮城県多賀城市栄三丁目5-5","","","","","","","","","","","","","","","6370001019154","","","",""
"有限会社宮古アスファルト工業","6599785997772","","","","","","","906-0011","沖縄県宮古島市平良東仲宗根添3418-5","","","","","","","","","","","","","","","2360002022335","","","",""
"宮古地区アスファルト協同組合","5914126015401","","","","","","","906-0201","沖縄県宮古島市上野野原1","","","","","","","","","","","","","","","1360005003845","","","",""
"都城液化ガス株式会社","6193364698438","","","","","","","885-0006","宮崎県都城市吉尾町25","","","","","","","","","","","","","","","1350001008345","","","",""
"有限会社宮田プロパンガス商会","1413274002371","","","","","","","887-0012","宮崎県日南市園田一丁目10-27","","","","","","","","","","","","","","","2350002017229","","","",""
"有限会社宮原工業","4970333944800","","","","","","","857-2427","長崎県西海市大島町1894-10","","","","","","","","","","","","","","","1310002013430","","","",""
"ミユキシステムサービス株式会社","3560626941815","","","","","","","921-8062","石川県金沢市新保本四丁目4","","","","","","","","","","","","","","","3220001006913","","","",""
"株式会社未来舗道工業","1974539523589","","","","","","","061-3253","北海道石狩市樽川三条一丁目27-1","","","","","","","","","","","","","","","9430001034680","","","",""
"ミリオン化学株式会社","5102509672482","","","","","","","564-0052","大阪府吹田市広芝町12-41","","","","","","","","","","","","","","","9120901010085","","","",""
"むつ舗装株式会社","6217529135148","","","","","","","035-0062","青森県むつ市仲町14-13","","","","","","","","","","","","","","","8420001012507","","","",""
"株式会社村上","2474961626263","","","","","","","321-1104","栃木県日光市岩崎1054-4","","","","","","","","","","","","","","","6060001004402","","","",""
"株式会社村上石炭店","9362646211977","","","","","","","321-0911","栃木県宇都宮市問屋町3172-54","","","","","","","","","","","","","","","7060001004401","","","",""
"村上石油株式会社","3428147677974","","","","","","","794-2305","愛媛県今治市伯方町木浦甲3496-1","","","","","","","","","","","","","","","8500001012861","","","",""
"村上舗材株式会社","7551615735671","","","","","","","958-0266","新潟県村上市宮ノ下1035","","","","","","","","","","","","","","","8110001018270","","","",""
"明光技建株式会社","1401881665346","","","","","","","523-0851","滋賀県近江八幡市市井町146-6","","","","","","","","","","","","","","","2160001011573","","","",""
"名神工業株式会社","3397436595336","","","","","","","561-0841","大阪府豊中市名神口一丁目16-12","","","","","","","","","","","","","","","8120901025893","","","",""
"株式会社メイフェスタ","6151945668513","","","","","","","162-0805","東京都新宿区矢来町112","","","","","","","","","","","","","","","7010001073806","","","",""
"株式会社明豊建設","4271304950514","","","","","","","526-0804","滋賀県長浜市加納町394","","","","","","","","","","","","","","","5160001007115","","","",""
"株式会社メタルクエスト","3222329946342","","","","","","","369-1244","埼玉県深谷市黒田458","","","","","","","","","","","","","","","8030001086128","","","",""
"株式会社モスシステム","1440442131163","","","","","","","338-0013","埼玉県さいたま市中央区鈴谷二丁目794","","","","","","","","","","","","","","","3030001011148","","","",""
"株式会社モラブ技研","3187922955656","","","","","","","411-0816","静岡県三島市梅名509-7","","","","","","","","","","","","","","","1080101006813","","","",""
"株式会社森アスコン","8620412431592","","","","","","","899-8511","鹿児島県鹿屋市輝北町市成3455","","","","","","","","","","","","","","","8340002026638","","","",""
"盛岡コンクリートブロック協業組合","8444698326859","","","","","","","020-0651","岩手県滝沢市鵜飼細谷地97","","","","","","","","","","","","","","","4400005000851","","","",""
"有限会社森商会","9788562504456","","","","","","","857-0852","長崎県佐世保市干尽町24","","","","","","","","","","","","","","","9310002011880","","","",""
"株式会社ＭＯＲＥＳＣＯ","2673091142610","","","","","","","650-0047","兵庫県神戸市中央区港島南町五丁目5-3","","","","","","","","","","","","","","","7140001021198","","","",""
"有限会社紋珠","2660778496382","","","","","","","569-1022","大阪府高槻市日吉台五番町9-19","","","","","","","","","","","","","","","4120902011459","","","",""
"株式会社八重島工業","9472156647859","","","","","","","907-0022","沖縄県石垣市字大川1425-9","","","","","","","","","","","","","","","1360001013212","","","",""
"有限会社八木商会","8676162539012","","","","","","","933-0047","富山県高岡市東中川町5-8","","","","","","","","","","","","","","","7230002012195","","","",""
"有限会社矢口重機","2753955861442","","","","","","","315-0055","茨城県かすみがうら市稲吉南一丁目1-22","","","","","","","","","","","","","","","7050002014350","","","",""
"有限会社矢島油店","4828822900914","","","","","","","133-0065","東京都江戸川区南篠崎町四丁目19-26","","","","","","","","","","","","","","","5011702011799","","","",""
"安永油化工業株式会社","8720393878832","","","","","","","241-0806","神奈川県横浜市旭区下川井町2325","","","","","","","","","","","","","","","6020001005684","","","",""
"八代アスファルト合材販売株式会社","4186887001605","","","","","","","866-0061","熊本県八代市渡町1289-1","","","","","","","","","","","","","","","3330001013766","","","",""
"ヤナセ製油株式会社","4319627694860","","","","","","","536-0008","大阪府大阪市城東区関目四丁目8-19","","","","","","","","","","","","","","","4120001016434","","","",""
"八宏産業株式会社","8273023822057","","","","","","","402-0025","山梨県都留市法能宮原中野2504","","","","","","","","","","","","","","","2090001008552","","","",""
"山形中央アスコン株式会社","1815320844184","","","","","","","990-0066","山形県山形市印役町五丁目2-13","","","","","","","","","","","","","","","5390001004642","","","",""
"株式会社ヤマグチ","1361555742043","","","","","","","078-8345","北海道旭川市東光五条四丁目4-25","","","","","","","","","","","","","","","6450001003257","","","",""
"山口興産株式会社","9296149854695","","","","","","","755-0056","山口県宇部市文京町8-7","","","","","","","","","","","","","","","1250001003686","","","",""
"山口北部アスコン株式会社","2194394796278","","","","","","","758-0213","山口県萩市大字黒川垰16","","","","","","","","","","","","","","","3250001008114","","","",""
"株式会社山口ロードエンジニアリング","4473727896223","","","","","","","754-0897","山口県山口市嘉川台田1197-1","","","","","","","","","","","","","","","7250001000612","","","",""
"株式会社山元商店","1759358591371","","","","","","","586-0062","大阪府河内長野市天見106","","","","","","","","","","","","","","","4120101033528","","","",""
"有限会社山崎石炭商会","2091601316117","","","","","","","273-0005","千葉県船橋市本町四丁目9-5","","","","","","","","","","","","","","","1040002026030","","","",""
"株式会社山下化学工業所","8097641059540","","","","","","","555-0034","大阪府大阪市西淀川区福町三丁目4-38","","","","","","","","","","","","","","","3120001050962","","","",""
"山田砿油株式会社","1753345208095","","","","","","","578-0912","大阪府東大阪市角田一丁目8-26","","","","","","","","","","","","","","","1122001024056","","","",""
"株式会社山長","4981861940283","","","","","","","391-0002","長野県茅野市塚原二丁目13-33","","","","","","","","","","","","","","","9100001019260","","","",""
"大和石油ガス株式会社","6730739261761","","","","","","","556-0011","大阪府大阪市浪速区難波中三丁目5-13 朝日生命難波ビル8F","","","","","","","","","","","","","","","9120001038969","","","",""
"大和油脂工業株式会社","9746536612349","","","","","","","134-0013","東京都江戸川区江戸川六丁目8","","","","","","","","","","","","","","","5011701004548","","","",""
"株式会社山豊","9782617904239","","","","","","","780-0965","高知県高知市福井町1192-1","","","","","","","","","","","","","","","8490001002105","","","",""
"山菱工業株式会社","4727459253541","","","","","","","101-0024","東京都千代田区神田和泉町1","","","","","","","","","","","","","","","3010001031057","","","",""
"山文油化株式会社","7402551131092","","","","","","","564-0034","大阪府吹田市西御旅町7-7","","","","","","","","","","","","","","","3120901008655","","","",""
"ユカワ化工油株式会社","2922853885521","","","","","","","444-3343","愛知県岡崎市秦梨町渕脇22-9","","","","","","","","","","","","","","","7180301002217","","","",""
"油研工業株式会社","1233403800292","","","","","","","573-1153","大阪府枚方市招提大谷三丁目4-1","","","","","","","","","","","","","","","6120001053153","","","",""
"株式会社ユシロ","3447765413816","","","","","","","146-0083","東京都大田区千鳥二丁目34-16","","","","","","","","","","","","","","","2010801012307","","","",""
"有限会社油新","1214852574545","","","","","","","326-0331","栃木県足利市福富町2126-1","","","","","","","","","","","","","","","2060002037685","","","",""
"ユタカ産業株式会社","9586969691130","","","","","","","899-8606","鹿児島県曽於市末吉町深川11203-1","","","","","","","","","","","","","","","6340001015172","","","",""
"ユニオン石油工業株式会社","7043692641873","","","","","","","740-0001","山口県岩国市装束町一丁目5-19","","","","","","","","","","","","","","","5250001011909","","","",""
"ＵＢＥ株式会社","5619627091553","","","","","","","105-0023","東京都港区芝浦一丁目2-1 シーバンスN館","","","","","","","","","","","","","","","2250001002992","","","",""
"横田石灰株式会社","4337278551140","","","","","","","783-0084","高知県南国市稲生1328","","","","","","","","","","","","","","","4490001006324","","","",""
"有限会社吉岡一義商店","3619311113595","","","","","","","013-0041","秋田県横手市大沢山下134","","","","","","","","","","","","","","","4410002013277","","","",""
"吉川建設株式会社","7257255410359","","","","","","","854-0066","長崎県諫早市久山町1442-1","","","","","","","","","","","","","","","3310001008207","","","",""
"吉住炭鉱株式会社","5791906556892","","","","","","","079-0300","北海道空知郡奈井江町字奈井江町65","","","","","","","","","","","","","","","6430001048799","","","",""
"吉村油化学株式会社","7646260295075","","","","","","","561-0815","大阪府豊中市豊南町南五丁目1-1","","","","","","","","","","","","","","","5120901026110","","","",""
"米子エルピーガスセンター株式会社","5485487463380","","","","","","","689-3541","鳥取県米子市二本木427-1","","","","","","","","","","","","","","","3270001004086","","","",""
"株式会社ライフクリエイト","1017810510251","","","","","","","779-3125","徳島県徳島市国府町早淵922-1","","","","","","","","","","","","","","","3480001003827","","","",""
"ラバファルト株式会社","6236785124950","","","","","","","349-1135","埼玉県加須市北平野330","","","","","","","","","","","","","","","6030001033107","","","",""
"株式会社リアスコン","5108711854575","","","","","","","989-3212","宮城県仙台市青葉区芋沢不動堂22-3","","","","","","","","","","","","","","","9370001001282","","","",""
"株式会社理化商会","7041504812432","","","","","","","270-0237","千葉県野田市中里3440","","","","","","","","","","","","","","","5010501014699","","","",""
"有限会社リサイクルオイル工房","4821869831818","","","","","","","444-0516","愛知県西尾市吉良町吉田西郷13","","","","","","","","","","","","","","","3180302027357","","","",""
"有限会社リサイクルてらした","5639473986279","","","","","","","649-5143","和歌山県東牟婁郡那智勝浦町大字八尺鏡野592","","","","","","","","","","","","","","","8170002011616","","","",""
"株式会社リバースケミカル","3567209380588","","","","","","","651-1502","兵庫県神戸市北区道場町塩田山崎2636","","","","","","","","","","","","","","","4140001015566","","","",""
"株式会社リファインラバー","3161897751345","","","","","","","417-0847","静岡県富士市比奈589-3","","","","","","","","","","","","","","","2080101022990","","","",""
"株式会社琉球光和","1980425297633","","","","","","","900-0036","沖縄県那覇市西一丁目2-16","","","","","","","","","","","","","","","7360001004610","","","",""
"龍峡アスコン株式会社","6514674302203","","","","","","","399-2566","長野県飯田市嶋148-1","","","","","","","","","","","","","","","8100001022843","","","",""
"株式会社リンクス","3941790762472","","","","","","","243-0424","神奈川県海老名市社家五丁目2-14","","","","","","","","","","","","","","","6021001031324","","","",""
"ルート産業株式会社","5754604767911","","","","","","","270-0161","千葉県流山市大字鰭ケ崎2097","","","","","","","","","","","","","","","5040001038502","","","",""
"ルビシルジャパン株式会社","5400761871105","","","","","","","182-0011","東京都調布市深大寺北町六丁目34-20","","","","","","","","","","","","","","","5012401008830","","","",""
"株式会社ルービック","9532963151659","","","","","","","242-0005","神奈川県大和市西鶴間五丁目1-25 201号","","","","","","","","","","","","","","","9021001026148","","","",""
"嶺南舗装合材協同組合","5448580574324","","","","","","","917-0013","福井県小浜市太良庄93-3-5","","","","","","","","","","","","","","","7210005008374","","","",""
"株式会社瀝青工業","9732674533693","","","","","","","037-0201","青森県五所川原市金木町川倉宇田野155-208","","","","","","","","","","","","","","","2420002011959","","","",""
"株式会社レックスＲＦ","1087092820470","","","","","","","596-0015","大阪府岸和田市地蔵浜町11-1","","","","","","","","","","","","","","","8120101036576","","","",""
"株式会社レーテック","3456980825335","","","","","","","508-0101","岐阜県中津川市苗木4043-34","","","","","","","","","","","","","","","8200001023609","","","",""
"株式会社レボインターナショナル","1882968403444","0","2","2024/05/15","0","","https://revo-international.co.jp/","600-8090","京都府京都市下京区竹屋之町252-1 四条烏丸アーバンライフビル101","075-604-0518","代表取締役","越川　哲也","卸売、小売","その他の卸売","製造","石油製品、石炭製品製造","100 ～ 200","100,000 ～ 1,000,000","1,000 ～ 3,000","2025/03","1999/10","1999/10","非公開","1130001012055","バイオ燃料製造,バイオ燃料開発,バイオ燃料販売,廃油処理,C-FUEL,技術革新,環境問題,バイオ燃料,サステナブル","2027新卒募集企業,SNSツール利用,スタートアップ企業,全省庁統一資格保有企業,展示会ニュース発表企業,特許出願企業","Display & Video 360,Google Fonts,Google アナリティクス,Googleタグマネージャ,Google広告,jQuery,さくらのレンタルサーバ,さくらインターネット DNS,勘定奉行クラウド",""
"有限会社ロツキー潤滑技研","4601031848820","","","","","","","571-0021","大阪府門真市舟田町23-7","","","","","","","","","","","","","","","3120002080447","","","",""
"ロッテケミカルジャパン株式会社","2520438145598","","","","","","","108-0073","東京都港区三田一丁目4-28 三田国際ビル16F","","","","","","","","","","","","","","","5010401122552","","","",""
"ロード開発有限会社","9715711750763","","","","","","","038-1204","青森県南津軽郡藤崎町大字水木駒田14-4","","","","","","","","","","","","","","","9420002014823","","","",""
"株式会社ローリング","8340842950985","","","","","","","103-0004","長野県千曲市東日本橋２丁目１０番２号","","","","","","","","","","","","","","","9100001006374","","","",""
"株式会社ローリング東京","6775660612593","","","","","","","103-0004","東京都中央区東日本橋二丁目10-2","","","","","","","","","","","","","","","7010001060820","","","",""
"株式会社Ｙ．Ｔ．Ｓ","1002647376384","","","","","","","471-0863","愛知県豊田市瑞穂町三丁目49-1","","","","","","","","","","","","","","","8180301028038","","","",""
"株式会社若本製作所","7811592975495","","","","","","","660-0086","兵庫県尼崎市丸島町9","","","","","","","","","","","","","","","6140001051915","","","",""
"ワグナー販売株式会社","9060390900138","","","","","","","510-0074","三重県四日市市鵜の森一丁目14-11","","","","","","","","","","","","","","","3190001019010","","","",""
"ワネンルーブ株式会社","1624120947743","","","","","","","550-0021","大阪府大阪市西区川口三丁目10-26","","","","","","","","","","","","","","","4120001048584","","","",""
"株式会社ワールド・グリーンテック","2016202238294","","","","","","","252-0134","神奈川県相模原市緑区下九沢2517","","","","","","","","","","","","","","","6021001018627","","","",""
