"会社名","SOC","あなたの名刺所有枚数","全体の名刺所有枚数","最終名刺交換日","コンタクト登録数","最終コンタクト日","URL","郵便番号","住所","電話番号","代表者の役職名","代表者の氏名","主業：大分類","主業：中分類","従業：大分類","従業：中分類","従業員数","資本金（千円）","売上高（百万円）","決算年月","創業年月","設立年月","株式公開区分","法人番号","会社キーワード","企業動向","導入ITサービス","会社メモ"
"株式会社ヲクハタ","6669735310857","","","","","","","739-1700","広島県広島市安佐北区安佐町大字久地10170-1","","","","","","","","","","","","","","","2240001024187","","","",""
"株式会社アイ・アール・シィ","6788743562557","","","","","","","925-0375","石川県羽咋郡志賀町若葉台15-3","","","","","","","","","","","","","","","7220001020274","","","",""
"Ｉ＆Ｔニューマテリアルズ株式会社","4849505656444","","","","","","","832-0088","福岡県柳川市間1568-2","","","","","","","","","","","","","","","2290001074079","","","",""
"株式会社ＩＨＩキャスティングス","8795706609426","","","","","","","196-0005","東京都昭島市代官山三丁目2-1 IHI昭島事務所西棟内","","","","","","","","","","","","","","","6012801007002","","","",""
"株式会社ＩＨＩマスターメタル","2284315405833","","","","","","","678-0041","兵庫県相生市相生5292 IHI相生事業所内","","","","","","","","","","","","","","","4140001039689","","","",""
"株式会社ＩＦコネクト","1645431827366","","","","","","","309-1217","茨城県桜川市犬田1301-10","","","","","","","","","","","","","","","7050001032238","","","",""
"会川ダイカスト工業株式会社","8573931555428","","","","","","","171-0042","東京都豊島区高松二丁目53-12","","","","","","","","","","","","","","","5013301000092","","","",""
"愛起産業株式会社","1208085746339","","","","","","","457-0002","愛知県名古屋市南区大堀町16-23","","","","","","","","","","","","","","","8180001013926","","","",""
"株式会社アイケン","7599456195817","","","","","","","343-0106","埼玉県北葛飾郡松伏町大字大川戸3201-1","","","","","","","","","","","","","","","2030001065293","","","",""
"愛三電機株式会社","1782902701723","","","","","","","101-0021","東京都千代田区外神田一丁目12-3","","","","","","","","","","","","","","","5010001009043","","","",""
"株式会社アイザック","3142200717572","","","","","","","192-0152","東京都八王子市美山町2161-10","","","","","","","","","","","","","","","4010101000051","","","",""
"株式会社アイシーエム","9490092924864","","","","","","","578-0967","大阪府東大阪市新鴻池町12-3","","","","","","","","","","","","","","","8122001000141","","","",""
"アイシン軽金属株式会社","1039112736453","","","","","","","934-0031","富山県射水市奈呉の江12-3","","","","","","","","","","","","","","","6230001012346","","","",""
"愛伸興業株式会社","2163396627643","","","","","","","455-0044","愛知県名古屋市港区築三町一丁目18","","","","","","","","","","","","","","","3180001005928","","","",""
"有限会社愛新工業","2176351394811","","","","","","","483-8013","愛知県江南市般若町南山331","","","","","","","","","","","","","","","4180002082791","","","",""
"アイシン・メタルテック株式会社","8213995557291","","","","","","","939-0645","富山県下新川郡入善町福島615","","","","","","","","","","","","","","","4230001007942","","","",""
"相田化学工業株式会社","2373029132971","","","","","","","183-0026","東京都府中市南町六丁目36-2","","","","","","","","","","","","","","","5012401000028","","","",""
"愛知電線株式会社","5935750420212","","","","","","","456-0059","愛知県名古屋市熱田区八番二丁目17-9","","","","","","","","","","","","","","","9180001021399","","","",""
"有限会社アイチ電装","6275111829434","","","","","","","488-0024","愛知県尾張旭市井田町三丁目35","","","","","","","","","","","","","","","3180002072513","","","",""
"愛中理化工業株式会社","1004547443321","","","","","","","452-0807","愛知県名古屋市西区歌里町35","","","","","","","","","","","","","","","2180001024581","","","",""
"株式会社会津工場","3947668746367","","","","","","","968-0605","福島県南会津郡只見町大字二軒在家上タモ721-1","","","","","","","","","","","","","","","7380001019111","","","",""
"有限会社会津メタル","3743906421640","","","","","","","274-0056","千葉県船橋市神保町231-1","","","","","","","","","","","","","","","3040002031912","","","",""
"アイティマテリアル株式会社","8507858316143","","","","","","","920-0345","石川県金沢市藤江北四丁目395","","","","","","","","","","","","","","","9220001021849","","","",""
"株式会社ＩＤＫマリーン","5284879106086","","","","","","","519-0606","三重県伊勢市二見町荘1221","","","","","","","","","","","","","","","3190002008342","","","",""
"株式会社アイデン","4803882548889","","","","","","","441-1322","愛知県新城市日吉百田30-3","","","","","","","","","","","","","","","7180301023956","","","",""
"愛同工業株式会社","7361770969564","","","","","","","474-0052","愛知県大府市長草町山口51-2","","","","","","","","","","","","","","","5180001092361","","","",""
"株式会社アイニックス","4583231035796","","","","","","","399-0702","長野県塩尻市大字広丘野村1496","","","","","","","","","","","","","","","6100001015493","","","",""
"相原製鋲株式会社","8513151993220","","","","","","","370-1301","群馬県高崎市新町2084","","","","","","","","","","","","","","","3070001010278","","","",""
"ＡＩ　ＰＲＯＪＥＣＴ株式会社","7931899715041","","","","","","","761-0121","香川県高松市牟礼町牟礼678-104","","","","","","","","","","","","","","","6470001016380","","","",""
"有限会社相見砲金工場","5277963515979","","","","","","","332-0002","埼玉県川口市弥平三丁目8-11","","","","","","","","","","","","","","","1030002099829","","","",""
"株式会社アイムイー","3390455279322","","","","","","","192-0045","東京都八王子市大和田町二丁目17-11","","","","","","","","","","","","","","","3010101000077","","","",""
"株式会社葵製作所","6588506422948","","","","","","","570-0011","大阪府守口市金田町一丁目13-8","","","","","","","","","","","","","","","3120001155142","","","",""
"株式会社アオイ製作所","5425132948695","","","","","","","603-8083","京都府京都市北区上賀茂向縄手町19-1","","","","","","","","","","","","","","","8130001004244","","","",""
"株式会社葵ダイカスト","8235717867820","","","","","","","223-0057","神奈川県横浜市港北区新羽町180","","","","","","","","","","","","","","","1020001019292","","","",""
"株式会社葵テック","1391089765058","","","","","","","319-1104","茨城県那珂郡東海村大字亀下352","","","","","","","","","","","","","","","3050001022903","","","",""
"株式会社アオイ電線製作所","7566416519048","","","","","","","270-0233","千葉県野田市船形大和田983-4","","","","","","","","","","","","","","","2040001071035","","","",""
"有限会社青木ダイカスト工業","6265074426950","","","","","","","326-0831","栃木県足利市堀込町1687-1","","","","","","","","","","","","","","","2060002035160","","","",""
"有限会社アオキテクノ","7878548099963","","","","","","","335-0021","埼玉県戸田市大字新曽1843-2","","","","","","","","","","","","","","","9030002023541","","","",""
"株式会社青木電機","5831567320155","","","","","","","451-0044","愛知県名古屋市西区菊井二丁目11-12","","","","","","","","","","","","","","","4180001024571","","","",""
"株式会社青木メタル","1893791663747","","","","","","","175-0094","東京都板橋区成増三丁目25-1","","","","","","","","","","","","","","","4011401000039","","","",""
"有限会社アオ製作所","6174382320356","","","","","","","651-2405","兵庫県神戸市西区岩岡町野中1229","","","","","","","","","","","","","","","3140002004065","","","",""
"株式会社青葉商会","6512530970706","","","","","","","537-0002","大阪府大阪市東成区深江南一丁目16-21","","","","","","","","","","","","","","","6120001011532","","","",""
"株式会社青海製作所","7453593266995","","","","","","","140-0004","東京都品川区南品川一丁目4-10","","","","","","","","","","","","","","","8010701000216","","","",""
"有限会社青森ルーフ","4786228762410","","","","","","","030-0964","青森県青森市南佃二丁目15-3","","","","","","","","","","","","","","","4420002005232","","","",""
"有限会社青柳製作所","6282345091994","","","","","","","321-2332","栃木県日光市大室2048-1","","","","","","","","","","","","","","","8060002014555","","","",""
"株式会社青山製作所茨城工場","3387030705620","","","","","","","312-0036","茨城県ひたちなか市津田東二丁目1-1","","","","","","","","","","","","","","","1050001006536","","","",""
"有限会社青山電気","9785554483618","","","","","","","389-0821","長野県千曲市上山田温泉三丁目20-25","","","","","","","","","","","","","","","8100002010178","","","",""
"アカオアルミ株式会社","6468767076224","","","","","","","179-0071","東京都練馬区旭町三丁目33-1","","","","","","","","","","","","","","","5011601011140","","","",""
"赤木コーセイ株式会社","3342087185286","","","","","","","859-4813","長崎県平戸市田平町深月免110-5","","","","","","","","","","","","","","","2310001010403","","","",""
"有限会社赤城通信","6973001839700","","","","","","","376-0101","群馬県みどり市大間々町大間々693-15","","","","","","","","","","","","","","","7070002022475","","","",""
"有限会社明石軽合金工業所","3532647613570","","","","","","","673-0026","兵庫県明石市船上町5-17","","","","","","","","","","","","","","","6140002028160","","","",""
"明石工業株式会社","3299152712851","","","","","","","661-0001","兵庫県尼崎市塚口本町三丁目13-10","","","","","","","","","","","","","","","8140001047449","","","",""
"株式会社明石合銅","3151762088923","","","","","","","924-0011","石川県白山市横江町1484","","","","","","","","","","","","","","","5220001008932","","","",""
"赤司製線株式会社","8277162556014","","","","","","","116-0013","東京都荒川区西日暮里四丁目23-2 ノアビル304号","","","","","","","","","","","","","","","1011501005238","","","",""
"明石ダイカスト株式会社","8593766485386","","","","","","","675-1101","兵庫県加古郡稲美町下草谷東北野441-32","","","","","","","","","","","","","","","3140001044459","","","",""
"赤谷電気工業株式会社","3006077868254","","","","","","","957-0464","新潟県新発田市上赤谷1184","","","","","","","","","","","","","","","8010401001200","","","",""
"株式会社暁金属","5408714811780","","","","","","","632-0245","奈良県奈良市藺生町734-8","","","","","","","","","","","","","","","1150001007929","","","",""
"暁工業株式会社","7030532600022","","","","","","","124-0022","東京都葛飾区奥戸二丁目6-16","","","","","","","","","","","","","","","1011801000129","","","",""
"赤羽冶金株式会社","5243808007905","","","","","","","115-0042","東京都北区志茂五丁目37-16","","","","","","","","","","","","","","","3011501000162","","","",""
"株式会社赤堀技研","6773319604760","","","","","","","426-0036","静岡県藤枝市上青島177-3","","","","","","","","","","","","","","","4080001021728","","","",""
"株式会社アガツマ","9157089886009","","","","","","","963-8827","福島県郡山市字外河原8-6","","","","","","","","","","","","","","","4380001004396","","","",""
"秋田コード株式会社","9700243407866","","","","","","","361-0025","埼玉県行田市大字埼玉4176-5 日本カールコード工業株式会社内","","","","","","","","","","","","","","","4030001088292","","","",""
"秋田製錬株式会社","2772589264852","","","","","","","011-0911","秋田県秋田市飯島古道下川端217-9","","","","","","","","","","","","","","","4410001004517","","","",""
"株式会社アキ電子","5433372960401","","","","","","","143-0025","東京都大田区南馬込五丁目23-8","","","","","","","","","","","","","","","7010801000348","","","",""
"有限会社あきば金属工業","9825053403991","","","","","","","994-0069","山形県天童市清池東二丁目2-31","","","","","","","","","","","","","","","5390002005219","","","",""
"株式会社秋葉ダイカスト工業所","6252290666504","","","","","","","370-0072","群馬県高崎市大八木町580","","","","","","","","","","","","","","","2070001006054","","","",""
"株式会社秋谷合金鋳造所","1867787259055","","","","","","","132-0025","東京都江戸川区松江七丁目24-10","","","","","","","","","","","","","","","4011701001471","","","",""
"株式会社アクア","1333705201173","","","","","","","807-0815","福岡県北九州市八幡西区本城東四丁目5-6 403号","","","","","","","","","","","","","","","2290801013946","","","",""
"株式会社アクツ技研","4339779276300","","","","","","","332-0003","埼玉県川口市東領家二丁目6-17","","","","","","","","","","","","","","","9030001073521","","","",""
"アクティブ・レファレンス株式会社","1998578649789","","","","","","","255-0002","神奈川県中郡大磯町東町一丁目9-18","","","","","","","","","","","","","","","4021001038429","","","",""
"アクトロニクス株式会社","6769473315840","","","","","","","214-0022","神奈川県川崎市多摩区堰一丁目22-28","","","","","","","","","","","","","","","7020001075644","","","",""
"株式会社アクロジャパン","8458249211950","","","","","","","162-0066","東京都新宿区市谷台町21-9 ベルシティ21","","","","","","","","","","","","","","","1011101034843","","","",""
"アクロス株式会社","1889207948500","","","","","","","485-0000","愛知県小牧市大字西之島烏海道31","","","","","","","","","","","","","","","8180001075512","","","",""
"株式会社アクロフィック","4070576451461","","","","","","","485-0000","愛知県小牧市大字西之島北屋敷867-1","","","","","","","","","","","","","","","2180001076136","","","",""
"浅香伸管株式会社","1074294425185","","","","","","","586-0009","大阪府河内長野市木戸西町一丁目3-3","","","","","","","","","","","","","","","8120101033458","","","",""
"株式会社アサカ理研","5966749435264","","","","","","","963-0725","福島県郡山市田村町金屋マセ口47","","","","","","","","","","","","","","","7380001004435","","","",""
"株式会社浅田合金","4171427076344","","","","","","","921-8006","石川県金沢市進和町18","","","","","","","","","","","","","","","4220001000725","","","",""
"有限会社アサノ","7709562635041","","","","","","","512-8054","三重県四日市市朝明町1904","","","","","","","","","","","","","","","4190002023019","","","",""
"浅野金属工業株式会社","1063339643713","","","","","","","955-0803","新潟県三条市月岡2866","","","","","","","","","","","","","","","7110001013842","","","",""
"株式会社浅野商店","7381998159451","","","","","","","104-0033","東京都中央区新川一丁目18-2","","","","","","","","","","","","","","","6010001087591","","","",""
"株式会社浅野鉄工所","6157253596512","","","","","","","793-0006","愛媛県西条市下島山甲1140","","","","","","","","","","","","","","","4500001008855","","","",""
"浅原合金工業株式会社","7459393000084","","","","","","","364-0007","埼玉県北本市東間八丁目91","","","","","","","","","","","","","","","3030001061903","","","",""
"株式会社ＡＳＡＢＡ","2881605385993","","","","","","","160-0003","東京都新宿区四谷本塩町14-1","","","","","","","","","","","","","","","3011101025246","","","",""
"朝日アルミニウム株式会社","1202097775834","","","","","","","673-0037","兵庫県明石市貴崎五丁目9-19","","","","","","","","","","","","","","","6140001034481","","","",""
"アサヒ化成工業株式会社","3725391348641","","","","","","","103-0021","東京都中央区日本橋本石町一丁目1-6","","","","","","","","","","","","","","","5010001035592","","","",""
"旭化成メタルズ株式会社","7070562033827","","","","","","","100-0006","東京都千代田区有楽町一丁目1-2","","","","","","","","","","","","","","","9010001008917","","","",""
"有限会社アサヒ金物","7129661496386","","","","","","","651-0095","兵庫県神戸市中央区旭通三丁目2-8","","","","","","","","","","","","","","","1140002012722","","","",""
"有限会社朝日技研","2558047152835","","","","","","","341-0034","埼玉県三郷市新和一丁目549-3","","","","","","","","","","","","","","","9030002050593","","","",""
"旭工精株式会社","7245177986993","","","","","","","577-0835","大阪府東大阪市柏田西二丁目17-35","","","","","","","","","","","","","","","7122001000191","","","",""
"旭合金鋳造株式会社","2382198581890","","","","","","","332-0003","埼玉県川口市東領家五丁目19-17","","","","","","","","","","","","","","","7030001073416","","","",""
"株式会社朝日製作所","3830082719727","","","","","","","613-0022","京都府久世郡久御山町市田新珠城94","","","","","","","","","","","","","","","8130001033276","","","",""
"朝日製線株式会社","6362971356477","","","","","","","581-0039","大阪府八尾市太田新町七丁目36","","","","","","","","","","","","","","","5122001017601","","","",""
"アサヒセイレン株式会社","3354554095547","","","","","","","581-0037","大阪府八尾市太田九丁目37","","","","","","","","","","","","","","","7122001017599","","","",""
"アサヒセイレン中部株式会社","7015717504087","","","","","","","444-0531","愛知県西尾市吉良町岡山背撫山4-24","","","","","","","","","","","","","","","9180301023566","","","",""
"有限会社朝日ダイカスト工業所","7832227567809","","","","","","","332-0003","埼玉県川口市東領家二丁目35-13","","","","","","","","","","","","","","","3030002099694","","","",""
"朝日ダイキャスト工業株式会社","9128035577666","","","","","","","510-8103","三重県三重郡朝日町大字柿1336-3","","","","","","","","","","","","","","","8190001014205","","","",""
"旭テック株式会社","9516836997846","","","","","","","436-0342","静岡県掛川市上西郷1569-1","","","","","","","","","","","","","","","4080401014785","","","",""
"株式会社アサヒ電化","1021221333434","","","","","","","124-0025","東京都葛飾区西新小岩三丁目35-15","","","","","","","","","","","","","","","7011801000024","","","",""
"有限会社旭特殊","5512546915436","","","","","","","535-0021","大阪府大阪市旭区清水二丁目16-28","","","","","","","","","","","","","","","5120002000064","","","",""
"株式会社朝比奈鋳工所","2352419813005","","","","","","","430-0919","静岡県浜松市中央区野口町375","","","","","","","","","","","","","","","4080401000216","","","",""
"有限会社旭バインド","9535432927915","","","","","","","503-0007","岐阜県大垣市貝曽根町32-3","","","","","","","","","","","","","","","8200002012239","","","",""
"株式会社アサヒメタルコーポレーション","7839514498723","","","","","","","557-0063","大阪府大阪市西成区南津守三丁目1-17","","","","","","","","","","","","","","","6120001004585","","","",""
"アサヒメタルファイン株式会社","8162958891831","","","","","","","100-0005","東京都千代田区丸の内一丁目7-12 サピアタワー11F","","","","","","","","","","","","","","","7010001232452","","","",""
"株式会社旭レック","8260578263172","","","","","","","577-0825","大阪府東大阪市大蓮南二丁目17-25","","","","","","","","","","","","","","","8122001000224","","","",""
"有限会社アシスト","3967782351243","","","","","","","491-0827","愛知県一宮市三ツ井三丁目8-36","","","","","","","","","","","","","","","3180002078931","","","",""
"有限会社アジア工研","3596034262263","","","","","","","355-0167","埼玉県比企郡吉見町大字田甲16-116","","","","","","","","","","","","","","","9030002098410","","","",""
"株式会社アジア工研","6774754816906","","","","","","","355-0077","埼玉県東松山市大字上唐子1447","","","","","","","","","","","","","","","8030001071815","","","",""
"有限会社亜細亜鍛造所","1251351996056","","","","","","","334-0075","埼玉県川口市江戸袋一丁目33-10","","","","","","","","","","","","","","","2030002099935","","","",""
"アジア鋳工株式会社","1799629865185","","","","","","","362-0064","埼玉県上尾市大字小敷谷氷川後996-1","","","","","","","","","","","","","","","3030001043240","","","",""
"アジア物性材料株式会社","6237206223447","","","","","","","226-0019","神奈川県横浜市緑区中山二丁目15-1","","","","","","","","","","","","","","","2020001001803","","","",""
"アジアリチウム株式会社","3917004044048","","","","","","","572-0076","大阪府寝屋川市仁和寺本町四丁目19-7","","","","","","","","","","","","","","","6120001151873","","","",""
"株式会社アスカイ","6142755596846","","","","","","","223-0057","神奈川県横浜市港北区新羽町334","","","","","","","","","","","","","","","6020001019313","","","",""
"アスカ工業株式会社","1024362530359","","","","","","","444-0303","愛知県西尾市中畑町卯新田上28","","","","","","","","","","","","","","","9180301022262","","","",""
"株式会社アスト","1660188977359","","","","","","","142-0052","東京都品川区東中延一丁目2-19","","","","","","","","","","","","","","","7010801000430","","","",""
"株式会社ＡＳＴＲＡＮＳ","9492768421720","","","","","","","351-0011","埼玉県朝霞市本町一丁目8-7 綿谷ビル4階","","","","","","","","","","","","","","","4030001044543","","","",""
"ア・スマート株式会社","1590845607912","","","","","","","240-0002","神奈川県横浜市保土ケ谷区宮田町二丁目138-1","","","","","","","","","","","","","","","6020001050193","","","",""
"株式会社アスワン","7441667123837","","","","","","","193-0942","東京都八王子市椚田町591-9","","","","","","","","","","","","","","","5010101004761","","","",""
"有限会社梓製作所","2987306885172","","","","","","","335-0031","埼玉県戸田市美女木四丁目1-3","","","","","","","","","","","","","","","4030002000256","","","",""
"株式会社東鋳造所","2875613098345","","","","","","","444-0301","愛知県西尾市田貫町下野川57","","","","","","","","","","","","","","","6180301023726","","","",""
"阿石金属製錬工業株式会社","6602445704448","","","","","","","467-0856","愛知県名古屋市瑞穂区新開町23-6","","","","","","","","","","","","","","","4180001009770","","","",""
"株式会社アセテック","1173743957721","","","","","","","953-0044","新潟県新潟市西蒲区巻乙1607","","","","","","","","","","","","","","","6110001008199","","","",""
"愛宕山工業株式会社","6610805917397","","","","","","","673-0431","兵庫県三木市本町三丁目15-13","","","","","","","","","","","","","","","7140001036023","","","",""
"有限会社アタック産業","7319466716604","","","","","","","356-0053","埼玉県ふじみ野市大井649","","","","","","","","","","","","","","","8030002076342","","","",""
"足立金属株式会社","2176066369687","","","","","","","340-0833","埼玉県八潮市大字西袋20","","","","","","","","","","","","","","","3030001035790","","","",""
"足立撚線工業株式会社","6929308039640","","","","","","","142-0053","東京都品川区中延六丁目","","","","","","","","","","","","","","","3010701000600","","","",""
"有限会社アダックス","6232559411928","","","","","","","504-0923","岐阜県各務原市前渡西町十二丁目23","","","","","","","","","","","","","","","1200002006957","","","",""
"株式会社アツギ","7931314036653","","","","","","","242-0024","神奈川県大和市福田六丁目9-22","","","","","","","","","","","","","","","4021001024874","","","",""
"アツタ起業株式会社","1690913404312","","","","","","","456-0032","愛知県名古屋市熱田区三本松町20-9","","","","","","","","","","","","","","","7180001021459","","","",""
"株式会社アップルリンク","5132077284780","","","","","","","385-0004","長野県佐久市安原954-1","","","","","","","","","","","","","","","4100001007583","","","",""
"有限会社アツミ製作所","3084785599763","","","","","","","224-0042","神奈川県横浜市都筑区大熊町79-2","","","","","","","","","","","","","","","6020002005394","","","",""
"有限会社アートグロウ","6981365679325","","","","","","","400-0032","山梨県甲府市中央五丁目2-11","","","","","","","","","","","","","","","2090002006803","","","",""
"株式会社アートファスト","4245168074657","","","","","","","339-0056","埼玉県さいたま市岩槻区大字加倉231-1","","","","","","","","","","","","","","","5030001018315","","","",""
"株式会社アートランド","4465894003359","","","","","","","116-0014","東京都荒川区東日暮里二丁目7-1","","","","","","","","","","","","","","","5011501005192","","","",""
"アートレスメタル株式会社","9340926230945","","","","","","","326-0826","栃木県足利市借宿町591","","","","","","","","","","","","","","","6060001019887","","","",""
"株式会社アドバンス東海","3990879600545","","","","","","","504-0941","岐阜県各務原市三井町四丁目222","","","","","","","","","","","","","","","4200001006831","","","",""
"株式会社アドバンスト・フォージング・テクノロジー","5465356145125","","","","","","","319-1535","茨城県北茨城市華川町臼場駒木187-4","","","","","","","","","","","","","","","6050001024574","","","",""
"株式会社アーネスト","2701452021533","","","","","","","277-0872","千葉県柏市十余二230-28","","","","","","","","","","","","","","","4040001068533","","","",""
"有限会社阿部工業","7514807994516","","","","","","","334-0062","埼玉県川口市大字榛松北山梨1971-3","","","","","","","","","","","","","","","2030002100082","","","",""
"有限会社安部工業所","5610323436880","","","","","","","023-0863","岩手県奥州市水沢川端203-1","","","","","","","","","","","","","","","1400602000034","","","",""
"株式会社天池アルマイト工業所","6120728970074","","","","","","","108-0014","東京都港区芝五丁目16-4","","","","","","","","","","","","","","","6010401002035","","","",""
"株式会社尼崎パイプ製作所","2418990336314","","","","","","","661-0022","兵庫県尼崎市尾浜町一丁目13-27","","","","","","","","","","","","","","","5140001047344","","","",""
"株式会社アミックス","5621960903922","","","","","","","729-1406","広島県三原市大和町下徳良655-16","","","","","","","","","","","","","","","9240001040095","","","",""
"株式会社アムテック","4818895480838","","","","","","","321-4367","栃木県真岡市鬼怒ケ丘16-2","","","","","","","","","","","","","","","1060001010082","","","",""
"株式会社あらい","1699597846650","","","","","","","999-3103","山形県上山市金谷下河原1386","","","","","","","","","","","","","","","4390001013776","","","",""
"株式会社アライ","3389000187872","","","","","","","352-0011","埼玉県新座市野火止二丁目2-18","","","","","","","","","","","","","","","7030001045704","","","",""
"株式会社アライ","7993160436350","","","","","","","352-0011","埼玉県新座市野火止七丁目7-6","","","","","","","","","","","","","","","3030001050237","","","",""
"有限会社荒井軽合金鋳造所","2302764747637","","","","","","","332-0035","埼玉県川口市西青木一丁目7-14","","","","","","","","","","","","","","","2030002100140","","","",""
"荒井工業有限会社","1223337230491","","","","","","","326-0332","栃木県足利市福富新町726-21","","","","","","","","","","","","","","","2060002035318","","","",""
"株式会社新井製作所","8634262822127","","","","","","","339-0072","埼玉県さいたま市岩槻区大字古ケ場600-1","","","","","","","","","","","","","","","7030001018552","","","",""
"株式会社新井製作所","8933133342044","","","","","","","130-0005","東京都墨田区東駒形二丁目8-3","","","","","","","","","","","","","","","2010601008819","","","",""
"有限会社新井製作所","9187453528147","","","","","","","369-1503","埼玉県秩父市下吉田5765","","","","","","","","","","","","","","","1030002122400","","","",""
"荒井ダイカスト工業株式会社","1165147839547","","","","","","","454-0824","愛知県名古屋市中川区蔦元町二丁目41","","","","","","","","","","","","","","","3180001018830","","","",""
"有限会社荒井鉄工所","1917636197057","","","","","","","983-0845","宮城県仙台市宮城野区清水沼一丁目2-5","","","","","","","","","","","","","","","1370002006651","","","",""
"株式会社アライドマテリアル","1016361342181","","","","","","","104-0061","東京都中央区銀座八丁目21-1 住友不動産汐留浜離宮ビル19F","","","","","","","","","","","","","","","6010401059967","","","",""
"荒海機械株式会社","6841271120838","","","","","","","146-0083","東京都大田区千鳥三丁目14-12","","","","","","","","","","","","","","","4010801000664","","","",""
"有限会社荒川合金所","5738938490268","","","","","","","918-8231","福井県福井市問屋町一丁目180","","","","","","","","","","","","","","","5210002000030","","","",""
"株式会社荒川商会","8228112570444","","","","","","","454-0023","愛知県名古屋市中川区石場町二丁目45","","","","","","","","","","","","","","","1180001018832","","","",""
"有限会社アラキ","6807680650590","","","","","","","577-0006","大阪府東大阪市楠根三丁目7-14","","","","","","","","","","","","","","","9122002000445","","","",""
"株式会社荒木製作所","3953974594779","","","","","","","959-1272","新潟県燕市杉柳450","","","","","","","","","","","","","","","1110001015514","","","",""
"有限会社新珠化学","7400922108517","","","","","","","519-0428","三重県度会郡玉城町岡出234","","","","","","","","","","","","","","","1190002008187","","","",""
"有限会社荒津合金所","5251676905277","","","","","","","813-0062","福岡県福岡市東区松島三丁目26-7","","","","","","","","","","","","","","","5290002004189","","","",""
"株式会社有井製作所","2014689806060","","","","","","","340-0006","埼玉県草加市八幡町801","","","","","","","","","","","","","","","2010601001699","","","",""
"株式会社Ｒ・Ｓ製作所","1986502499372","","","","","","","731-0223","広島県広島市安佐北区可部南二丁目15-18","","","","","","","","","","","","","","","8240001041672","","","",""
"株式会社アルケムジャパン","1533347927475","","","","","","","433-8116","静岡県浜松市中央区西丘町71-5","","","","","","","","","","","","","","","7080401001847","","","",""
"アルコ株式会社","4123008752577","","","","","","","306-0115","茨城県古河市北山田278-1","","","","","","","","","","","","","","","7050001019061","","","",""
"アルコインダストリーズ株式会社","3510114659899","","","","","","","230-0073","神奈川県横浜市鶴見区獅子ケ谷二丁目39-27","","","","","","","","","","","","","","","5020001045665","","","",""
"アルコ工業株式会社","9162493816910","","","","","","","509-0104","岐阜県各務原市各務おがせ町五丁目196","","","","","","","","","","","","","","","7200001006812","","","",""
"株式会社アルコス","1682856379186","","","","","","","458-0813","愛知県名古屋市緑区藤塚二丁目1212","","","","","","","","","","","","","","","6180001011535","","","",""
"株式会社アルコン社","7160061304912","","","","","","","351-0115","埼玉県和光市新倉七丁目14-14","","","","","","","","","","","","","","","6030001104683","","","",""
"アルシャン工業株式会社","1928630631146","","","","","","","412-0017","静岡県御殿場市塚原1095-2","","","","","","","","","","","","","","","3080101003932","","","",""
"アールテクノ株式会社","6742010977831","","","","","","","459-8007","愛知県名古屋市緑区大根山二丁目512","","","","","","","","","","","","","","","5180001046994","","","",""
"有限会社アルテック産業","9371619370435","","","","","","","333-0848","埼玉県川口市芝下一丁目4-4","","","","","","","","","","","","","","","4030002100188","","","",""
"株式会社アルテックス","8551014645642","","","","","","","434-0013","静岡県浜松市浜名区永島521","","","","","","","","","","","","","","","1080401010069","","","",""
"アルテミラ製缶株式会社","7789089038999","","","","","","","112-0004","東京都文京区後楽一丁目4-25 日教販ビル","","","","","","","","","","","","","","","9010001095740","","","",""
"株式会社アルテム","1398237709197","","","","","","","591-8011","大阪府堺市北区南花田町431-2","","","","","","","","","","","","","","","9120101009837","","","",""
"株式会社アルニカ","8414592093042","","","","","","","438-0217","静岡県磐田市西平松2138-1","","","","","","","","","","","","","","","7080401016622","","","",""
"株式会社アルビック","2214919261241","","","","","","","934-0055","富山県射水市沖塚原711","","","","","","","","","","","","","","","1230001012961","","","",""
"株式会社アルファ工業","4425077302455","","","","","","","491-0833","愛知県一宮市平島一丁目5-22","","","","","","","","","","","","","","","2180001081895","","","",""
"株式会社アルファテック","5055728280887","","","","","","","389-0201","長野県北佐久郡御代田町大字塩野3143-1","","","","","","","","","","","","","","","9100001007579","","","",""
"有限会社アルファ電装","8627064132219","","","","","","","501-4612","岐阜県郡上市大和町剣734-7","","","","","","","","","","","","","","","6200002028105","","","",""
"アルファメタル株式会社","5348577534404","","","","","","","455-0863","愛知県名古屋市港区新茶屋四丁目2904","","","","","","","","","","","","","","","1180001059950","","","",""
"アルプス精工株式会社","5285749945127","","","","","","","395-0817","長野県飯田市鼎東鼎41","","","","","","","","","","","","","","","1100001022214","","","",""
"株式会社アルマ","3539026977462","","","","","","","352-0005","埼玉県新座市中野一丁目10-22","","","","","","","","","","","","","","","5030001045697","","","",""
"アルマティス株式会社","3668023724048","","","","","","","740-0045","山口県岩国市長野1815-2","","","","","","","","","","","","","","","5250001012080","","","",""
"アルミック電機株式会社","9754583313156","","","","","","","352-0011","埼玉県新座市野火止四丁目19-71","","","","","","","","","","","","","","","9030001048003","","","",""
"有限会社アルミテック","4178986394341","","","","","","","371-0214","群馬県前橋市粕川町女渕577-20","","","","","","","","","","","","","","","9070002008084","","","",""
"アルミニウム線材株式会社","7182368444889","","","","","","","421-3203","静岡県静岡市清水区蒲原5443","","","","","","","","","","","","","","","2080001010179","","","",""
"株式会社アルミネ","7255392418865","","","","","","","550-0011","大阪府大阪市西区阿波座二丁目3-24","","","","","","","","","","","","","","","9120001041130","","","",""
"アルメタックス株式会社","3024938337812","","","","","","","531-0076","大阪府大阪市北区大淀中一丁目1-30 梅田スカイビルタワーウエスト30階","","","","","","","","","","","","","","","5120001060472","","","",""
"株式会社アルモ","9546879264704","","","","","","","940-2045","新潟県長岡市西陵町2674-29","","","","","","","","","","","","","","","1110001023954","","","",""
"アルワーク株式会社","2502897451985","","","","","","","365-0062","埼玉県鴻巣市箕田3998","","","","","","","","","","","","","","","9030001061633","","","",""
"株式会社アーレスティ","1651964496801","","","","","","","441-3114","愛知県豊橋市三弥町中原1-2","","","","","","","","","","","","","","","7011201010490","","","",""
"株式会社アーレスティ熊本","6298472392967","","","","","","","869-0521","熊本県宇城市松橋町浦川内36","","","","","","","","","","","","","","","2330001012678","","","",""
"株式会社アーレスティ栃木","1052004262670","","","","","","","321-0215","栃木県下都賀郡壬生町大字壬生乙4060","","","","","","","","","","","","","","","8060001017170","","","",""
"株式会社アーレスティ山形","5521282102417","","","","","","","992-0832","山形県西置賜郡白鷹町大字荒砥乙65","","","","","","","","","","","","","","","9390001011255","","","",""
"株式会社芦原冷間鍛造","9042426279304","","","","","","","910-4124","福井県あわら市田中々21-21","","","","","","","","","","","","","","","1210001008053","","","",""
"株式会社安城軽合金製作所","1543091693963","","","","","","","444-1223","愛知県安城市和泉町北大木4-19","","","","","","","","","","","","","","","6180301012555","","","",""
"株式会社アンビックス","2492764890325","","","","","","","534-0013","大阪府大阪市都島区内代町二丁目1-31 401号","","","","","","","","","","","","","","","4120001244563","","","",""
"株式会社アンベエスエムティ","8656772717482","","","","","","","226-0024","神奈川県横浜市緑区西八朔町149-18","","","","","","","","","","","","","","","8020001042825","","","",""
"株式会社飯沢製作所","5409212074277","","","","","","","993-0063","山形県長井市草岡4226","","","","","","","","","","","","","","","3390001011005","","","",""
"有限会社飯島アルマイト治具商会","9613502508378","","","","","","","146-0084","東京都大田区南久が原二丁目9-10","","","","","","","","","","","","","","","6010802000975","","","",""
"飯島伸線株式会社","4411249422250","","","","","","","590-0824","大阪府堺市堺区老松町二丁70","","","","","","","","","","","","","","","4120101000503","","","",""
"有限会社飯塚合金鋳造所","6033567574702","","","","","","","370-3523","群馬県高崎市福島町701-14","","","","","","","","","","","","","","","7070002013680","","","",""
"有限会社イイダ","5016477324190","","","","","","","368-0062","埼玉県秩父市蒔田674-2","","","","","","","","","","","","","","","1030002121187","","","",""
"飯田軽金属株式会社","2095176431821","","","","","","","263-0002","千葉県千葉市稲毛区山王町404-7","","","","","","","","","","","","","","","6010601009730","","","",""
"株式会社飯田工業","4488267152015","","","","","","","410-2401","静岡県伊豆市牧之郷552-2","","","","","","","","","","","","","","","1080101004718","","","",""
"有限会社飯田合金鋳工所","6545591518532","","","","","","","411-0944","静岡県駿東郡長泉町竹原271-9","","","","","","","","","","","","","","","7080102009388","","","",""
"株式会社ｉｉｄａｃｋ","7865530579403","","","","","","","210-0022","神奈川県川崎市川崎区池田二丁目4-14","","","","","","","","","","","","","","","1020001073769","","","",""
"有限会社飯塚合金鋳造所","4514099243936","","","","","","","425-0052","静岡県焼津市田尻2339-11","","","","","","","","","","","","","","","2080002015549","","","",""
"有限会社イー・エム・アイ","4823545045870","","","","","","","375-0001","群馬県藤岡市中島291-11","","","","","","","","","","","","","","","8070002017227","","","",""
"イーエム技研有限会社","5819519889440","","","","","","","133-0054","東京都江戸川区上篠崎四丁目26-15","","","","","","","","","","","","","","","5011702000760","","","",""
"有限会社五十嵐シャーリング","3578429849197","","","","","","","959-1264","新潟県燕市八王寺2499","","","","","","","","","","","","","","","5110002018883","","","",""
"株式会社生田合金鋳造所","4448551412375","","","","","","","737-0134","広島県呉市広多賀谷一丁目4-2","","","","","","","","","","","","","","","4240001025489","","","",""
"生野株式会社","9640161314990","","","","","","","679-3311","兵庫県朝来市生野町真弓580","","","","","","","","","","","","","","","2140001046753","","","",""
"イグス株式会社","5596231982871","","","","","","","130-0013","東京都墨田区錦糸一丁目2-1 アルカセントラル15F","","","","","","","","","","","","","","","1010601023901","","","",""
"有限会社池上シエル・モールド","8899629753377","","","","","","","333-0863","埼玉県川口市在家町1-3","","","","","","","","","","","","","","","8030002100259","","","",""
"有限会社イケダ鋳造所","6392601900379","","","","","","","457-0843","愛知県名古屋市南区忠次一丁目7-29","","","","","","","","","","","","","","","1180002050116","","","",""
"池田電装株式会社","3876853049725","","","","","","","528-0036","滋賀県甲賀市水口町東名坂14-3","","","","","","","","","","","","","","","8160001006295","","","",""
"池田美術株式会社","1627480936426","","","","","","","332-0011","埼玉県川口市元郷三丁目8-21","","","","","","","","","","","","","","","2030001073701","","","",""
"有限会社池谷合金鋳造所","8299306504853","","","","","","","411-0943","静岡県駿東郡長泉町下土狩973-24","","","","","","","","","","","","","","","8080102009404","","","",""
"有限会社井澤商事","4135707983741","","","","","","","942-0033","新潟県上越市大字福橋1117-1","","","","","","","","","","","","","","","9110002022270","","","",""
"株式会社イシイ","9035846627782","","","","","","","612-8492","京都府京都市伏見区久我本町4-108","","","","","","","","","","","","","","","5130001046958","","","",""
"有限会社石井プレス","8040884573666","","","","","","","124-0022","東京都葛飾区奥戸三丁目15-16","","","","","","","","","","","","","","","8011802000575","","","",""
"有限会社石岡螺子","3859293957431","","","","","","","340-0813","埼玉県八潮市大字木曽根611-1","","","","","","","","","","","","","","","3030002052117","","","",""
"石川金属株式会社","8164972111839","","","","","","","592-8352","大阪府堺市西区築港浜寺西町7-21","","","","","","","","","","","","","","","6120101053854","","","",""
"石川金属機工株式会社","9749142703996","","","","","","","334-0075","埼玉県川口市江戸袋二丁目2-18","","","","","","","","","","","","","","","7030001073721","","","",""
"石川技研株式会社","2487226538828","","","","","","","321-4302","栃木県真岡市鶴田475-2","","","","","","","","","","","","","","","6060001030340","","","",""
"有限会社石川軽合金","7194666543307","","","","","","","444-0324","愛知県西尾市寺津町二丁10-2","","","","","","","","","","","","","","","9180302026213","","","",""
"有限会社石川合金鋳造所","6592056157431","","","","","","","444-2121","愛知県岡崎市鴨田町所屋敷5-2","","","","","","","","","","","","","","","4180302000263","","","",""
"株式会社石川製作所","3832719814077","","","","","","","354-0045","埼玉県入間郡三芳町大字上富2038-4","","","","","","","","","","","","","","","5030001056273","","","",""
"石川電気株式会社","9879853390437","","","","","","","208-0021","東京都武蔵村山市三ツ藤一丁目107-1","","","","","","","","","","","","","","","9012801002719","","","",""
"石川特殊電線株式会社","1977918607662","","","","","","","142-0052","東京都品川区東中延一丁目7-16 202","","","","","","","","","","","","","","","5010801000894","","","",""
"株式会社石垣商店","5725380784206","","","","","","","463-0068","愛知県名古屋市守山区瀬古一丁目629","","","","","","","","","","","","","","","6180001007855","","","",""
"石坂コイル株式会社","3083931064933","","","","","","","372-0001","群馬県伊勢崎市波志江町1777","","","","","","","","","","","","","","","4070001013081","","","",""
"礎電線株式会社","9890021523173","","","","","","","124-0011","東京都葛飾区四つ木三丁目6-5","","","","","","","","","","","","","","","4011801000340","","","",""
"石田伸管株式会社","3678869091960","","","","","","","584-0016","大阪府富田林市通法寺町4394-1","","","","","","","","","","","","","","","3120101030708","","","",""
"有限会社石原工業所","9693301741035","","","","","","","729-3222","広島県府中市久佐町10-3","","","","","","","","","","","","","","","9240002046612","","","",""
"株式会社石橋合金鋳造所","5455213386221","","","","","","","531-0061","大阪府大阪市北区長柄西二丁目10-13","","","","","","","","","","","","","","","5120001060646","","","",""
"有限会社石橋製作所","4870092516381","","","","","","","587-0021","大阪府堺市美原区小平尾750-2","","","","","","","","","","","","","","","8120102000449","","","",""
"石福金属興業株式会社","9206866890342","","","","","","","101-0047","東京都千代田区内神田三丁目20-7","","","","","","","","","","","","","","","1010001010624","","","",""
"株式会社イシワタ","9455173030080","","","","","","","101-0022","東京都千代田区神田練塀町73 プロミエ秋葉原201","","","","","","","","","","","","","","","1010001096812","","","",""
"株式会社石渡螺子製作所","6146880823640","","","","","","","410-0005","静岡県沼津市双葉町9-11-6","","","","","","","","","","","","","","","3080101003354","","","",""
"有限会社いすず電機工業所","2168989672205","","","","","","","316-0014","茨城県日立市東金沢町四丁目12-7","","","","","","","","","","","","","","","5050002030135","","","",""
"株式会社伊豆工機","4913509552777","","","","","","","410-2211","静岡県伊豆の国市長岡小馬場755-6","","","","","","","","","","","","","","","5080101005217","","","",""
"有限会社伊豆合金","1172280775541","","","","","","","410-2501","静岡県伊豆市下白岩629","","","","","","","","","","","","","","","7080102007953","","","",""
"株式会社イズミ","7359078141238","","","","","","","392-0015","長野県諏訪市大字中洲4600","","","","","","","","","","","","","","","5100001018175","","","",""
"有限会社泉化学工業所","6590661161255","","","","","","","144-0032","東京都大田区北糀谷一丁目15-14","","","","","","","","","","","","","","","3010802001415","","","",""
"泉合金工業株式会社","4655403169352","","","","","","","955-0814","新潟県三条市金子新田乙984-23","","","","","","","","","","","","","","","2110001013888","","","",""
"株式会社イズム・イースト","5913320056125","","","","","","","310-0841","茨城県水戸市酒門町1242-2","","","","","","","","","","","","","","","8050001000391","","","",""
"井関金属株式会社","3412811027409","","","","","","","587-0021","大阪府堺市美原区小平尾407","","","","","","","","","","","","","","","3120101021376","","","",""
"磯貝合金株式会社","7817002377167","","","","","","","111-0024","東京都台東区今戸一丁目15-3","","","","","","","","","","","","","","","3010501001121","","","",""
"磯貝鋲螺工業株式会社","1535036512623","","","","","","","125-0062","東京都葛飾区青戸四丁目11-13","","","","","","","","","","","","","","","8011801000329","","","",""
"イタニアルミ株式会社","7190307578836","","","","","","","518-1426","三重県伊賀市広瀬667","","","","","","","","","","","","","","","3122001000831","","","",""
"有限会社市川アルミ金型製作所","5063842875016","","","","","","","146-0095","東京都大田区多摩川一丁目12-3","","","","","","","","","","","","","","","1010802001359","","","",""
"株式会社市川金属","9055686108154","","","","","","","509-0145","岐阜県各務原市鵜沼朝日町一丁目33","","","","","","","","","","","","","","","4200001006864","","","",""
"株式会社イチタン","9549578986939","","","","","","","373-0037","群馬県太田市新道町74","","","","","","","","","","","","","","","8070001019587","","","",""
"株式会社イチネンテック","5112899429858","","","","","","","108-0023","東京都港区芝浦四丁目2-8","","","","","","","","","","","","","","","4010001125972","","","",""
"一関製箔株式会社","7388079117759","","","","","","","021-0822","岩手県一関市東台14-39","","","","","","","","","","","","","","","1400501000069","","","",""
"有限会社一戸電機製作所","1980008327502","","","","","","","252-0223","神奈川県相模原市中央区松が丘二丁目18","","","","","","","","","","","","","","","7021002017957","","","",""
"一宮精工株式会社","1254211535223","","","","","","","671-2516","兵庫県宍粟市山崎町三津177-1","","","","","","","","","","","","","","","5140001038946","","","",""
"一宮ライティング株式会社","2611638842467","","","","","","","299-4312","千葉県長生郡一宮町宮原33-10","","","","","","","","","","","","","","","4040001059771","","","",""
"市原合金株式会社","8010914022123","","","","","","","431-1207","静岡県浜松市中央区村櫛町3219","","","","","","","","","","","","","","","5080401000537","","","",""
"市原ダイカスト工業株式会社","7269200237649","","","","","","","470-2102","愛知県知多郡東浦町大字緒川北添1-32","","","","","","","","","","","","","","","1180001092786","","","",""
"一陽工業有限会社","2207577250372","","","","","","","969-3431","福島県会津若松市河東町東長原長谷地111","","","","","","","","","","","","","","","7380002031180","","","",""
"株式会社イッコウ","2967480156201","","","","","","","136-0071","東京都江東区亀戸四丁目54-5","","","","","","","","","","","","","","","2010601030665","","","",""
"株式会社一帆製作所","9633728826568","","","","","","","372-0855","群馬県伊勢崎市長沼町656-8","","","","","","","","","","","","","","","9070001031715","","","",""
"いづみ工業株式会社","2241491297087","","","","","","","460-0024","愛知県名古屋市中区正木三丁目6-6","","","","","","","","","","","","","","","5060001018320","","","",""
"株式会社イーディーピー","4506396555960","","","","","","","560-0085","大阪府豊中市上新田四丁目6-3","","","","","","","","","","","","","","","3120901029247","","","",""
"株式会社井手精機製作所","9914217695125","","","","","","","208-0023","東京都武蔵村山市伊奈平一丁目38-1","","","","","","","","","","","","","","","8012801002728","","","",""
"井出鉄工株式会社","3720994216323","","","","","","","653-0024","兵庫県神戸市長田区浜添通三丁目1-28","","","","","","","","","","","","","","","2140001015725","","","",""
"株式会社伊東アンテナ協会","7389945888088","","","","","","","414-0038","静岡県伊東市広野二丁目3-17","","","","","","","","","","","","","","","1080101013165","","","",""
"株式会社イトウインダストリー","3908034042892","","","","","","","372-0015","群馬県伊勢崎市鹿島町305-1","","","","","","","","","","","","","","","9070001031376","","","",""
"伊藤機械株式会社","7736592663557","","","","","","","143-0015","東京都大田区大森西一丁目1-3","","","","","","","","","","","","","","","8011001026785","","","",""
"有限会社伊藤合金鋳造所","9646172007334","","","","","","","492-8177","愛知県稲沢市日下部東町一丁目33","","","","","","","","","","","","","","","8180002040283","","","",""
"有限会社伊藤合金鋳造所","5401776217871","","","","","","","350-0015","埼玉県川越市大字今泉493-2","","","","","","","","","","","","","","","8030002023690","","","",""
"伊藤鋳造株式会社","3843056962746","","","","","","","332-0015","埼玉県川口市川口五丁目19-38","","","","","","","","","","","","","","","1030001073768","","","",""
"株式会社伊東鉄工所","4553089105012","","","","","","","136-0072","東京都江東区大島三丁目17-10","","","","","","","","","","","","","","","2010601003373","","","",""
"イトコー株式会社","7532172257612","","","","","","","332-0011","埼玉県川口市元郷三丁目22-2","","","","","","","","","","","","","","","9030001073777","","","",""
"株式会社イトー鋳造","5232987397952","","","","","","","010-0941","秋田県秋田市川尻町大川反170-73","","","","","","","","","","","","","","","5410001000647","","","",""
"稲積合金株式会社","3843366239251","","","","","","","830-0049","福岡県久留米市大石町400-3","","","","","","","","","","","","","","","9290001048398","","","",""
"有限会社稲葉加工所","1652364019601","","","","","","","307-0043","茨城県結城市大字武井1282-2","","","","","","","","","","","","","","","6050002044365","","","",""
"乾庄貴金属化工株式会社","6678308793540","","","","","","","556-0005","大阪府大阪市浪速区日本橋四丁目10-8","","","","","","","","","","","","","","","2120001037309","","","",""
"井上化学工業株式会社","7306096238902","","","","","","","870-0016","大分県大分市新川町二丁目8-20","","","","","","","","","","","","","","","1320001000536","","","",""
"井上金属株式会社","5537436896817","","","","","","","160-0017","東京都新宿区左門町3-1","","","","","","","","","","","","","","","1011101002081","","","",""
"井上軽金属株式会社","2398439925579","","","","","","","330-0061","埼玉県さいたま市浦和区常盤九丁目32-5","","","","","","","","","","","","","","","5030001000652","","","",""
"井上合金株式会社","6900905057883","","","","","","","579-8036","大阪府東大阪市鷹殿町1-38","","","","","","","","","","","","","","","3122001000848","","","",""
"有限会社井上合金鋳造所","2181636461045","","","","","","","332-0032","埼玉県川口市中青木一丁目10-26","","","","","","","","","","","","","","","2030002100520","","","",""
"株式会社井上合金鋳造所","2216327606593","","","","","","","174-0063","東京都板橋区前野町一丁目4-2","","","","","","","","","","","","","","","1011401000636","","","",""
"有限会社井上ネジ製作所","5942406136533","","","","","","","241-0004","神奈川県横浜市旭区中白根二丁目19-6","","","","","","","","","","","","","","","7020002020657","","","",""
"有限会社猪瀬製作所","5817297036277","","","","","","","328-0123","栃木県栃木市川原田町385","","","","","","","","","","","","","","","8060002031625","","","",""
"有限会社猪瀬ダイカスト","6688898932289","","","","","","","334-0062","埼玉県川口市大字榛松1659","","","","","","","","","","","","","","","9030002100547","","","",""
"株式会社イハラアドバンテック","3161048673237","","","","","","","290-0007","千葉県市原市菊間2440","","","","","","","","","","","","","","","4040001053717","","","",""
"茨木・大成化工株式会社","4819689312471","","","","","","","531-0072","大阪府大阪市北区豊崎六丁目8-1","","","","","","","","","","","","","","","3120001066570","","","",""
"株式会社今井金箔","6085828242499","","","","","","","920-0968","石川県金沢市幸町7-3","","","","","","","","","","","","","","","3220001001212","","","",""
"有限会社今井工業","9651654297874","","","","","","","452-0962","愛知県清須市春日立作49","","","","","","","","","","","","","","","1180002046519","","","",""
"株式会社今井商店","1435281576401","","","","","","","602-8144","京都府京都市上京区藁屋町535-53","","","","","","","","","","","","","","","7130002002041","","","",""
"今川伸管工業株式会社","7733050139841","","","","","","","583-0995","大阪府南河内郡太子町大字太子444","","","","","","","","","","","","","","","7120101031454","","","",""
"有限会社今津電器","4732416912771","","","","","","","791-8092","愛媛県松山市由良町1057","","","","","","","","","","","","","","","5500002001107","","","",""
"今中伸線株式会社","5604370254507","","","","","","","632-0085","奈良県天理市小島町122","","","","","","","","","","","","","","","8150001006370","","","",""
"有限会社井本アルミニウム製作所","9235807550120","","","","","","","544-0006","大阪府大阪市生野区中川東二丁目11-23","","","","","","","","","","","","","","","8120002009078","","","",""
"井元特殊冶金株式会社","1250834976340","","","","","","","534-0011","大阪府大阪市都島区高倉町一丁目7-16","","","","","","","","","","","","","","","3120001006964","","","",""
"株式会社鋳物屋","2886232105643","","","","","","","999-3737","山形県東根市大字若木七窪5555-18","","","","","","","","","","","","","","","5390001009344","","","",""
"有限会社伊予工作所","2606717337977","","","","","","","587-0062","大阪府堺市美原区太井682-4","","","","","","","","","","","","","","","3120102012226","","","",""
"株式会社入部螺子製作所","4775582082185","","","","","","","101-0021","東京都千代田区外神田四丁目2-7 TIT秋葉原","","","","","","","","","","","","","","","8010001011293","","","",""
"株式会社入間製作所","1952308011305","","","","","","","358-0014","埼玉県入間市宮寺611-1","","","","","","","","","","","","","","","9030001030027","","","",""
"巖工業株式会社","4396860812319","","","","","","","410-0001","静岡県沼津市足高421-3","","","","","","","","","","","","","","","2080101000195","","","",""
"岩機ダイカスト工業株式会社","6125495708387","","","","","","","989-2204","宮城県亘理郡山元町鷲足山崎51-2","","","","","","","","","","","","","","","9370801000624","","","",""
"有限会社磐城鋳工所","5874520194202","","","","","","","972-8316","福島県いわき市常磐西郷町忠多60-42","","","","","","","","","","","","","","","8380002022212","","","",""
"イワサキ通信工業株式会社","5033071168621","","","","","","","989-5624","宮城県栗原市志波姫南堀口57","","","","","","","","","","","","","","","9370201003087","","","",""
"岩崎銅線株式会社","6904890959014","","","","","","","276-0046","千葉県八千代市大和田新田433","","","","","","","","","","","","","","","5040001020484","","","",""
"岩澤の梵鐘株式会社","9092288650896","","","","","","","616-8134","京都府京都市右京区太秦唐渡町20","","","","","","","","","","","","","","","1130001000233","","","",""
"株式会社岩崎電信","5301723503451","","","","","","","373-0021","群馬県太田市東今泉町158","","","","","","","","","","","","","","","4070001018733","","","",""
"有限会社岩瀬鋳造所","6651364018495","","","","","","","442-0001","愛知県豊川市千両町数谷原756","","","","","","","","","","","","","","","6180302012760","","","",""
"株式会社イワタ","9834193715482","","","","","","","458-0801","愛知県名古屋市緑区鳴海町母呂後209","","","","","","","","","","","","","","","3180001027831","","","",""
"有限会社岩田合金所","3991330993956","","","","","","","551-0002","大阪府大阪市大正区三軒家東四丁目10-9","","","","","","","","","","","","","","","5120002014510","","","",""
"株式会社イワタ製作所","2243597913321","","","","","","","610-0121","京都府城陽市寺田中大小47","","","","","","","","","","","","","","","3130001038288","","","",""
"岩手鋳機工業株式会社","3692575255757","","","","","","","023-0872","岩手県奥州市水沢桜屋敷西97-1","","","","","","","","","","","","","","","7400601000038","","","",""
"株式会社岩手東京ワイヤー製作所","9878522525775","","","","","","","144-0056","東京都大田区西六郷二丁目30-9","","","","","","","","","","","","","","","8010801001163","","","",""
"有限会社インター精工","1928770191174","","","","","","","939-8104","富山県富山市西番23-2","","","","","","","","","","","","","","","6230002000358","","","",""
"インターナショナル・ニュークリア・サービス・ジャパン株式会社","5850861550619","","","","","","","100-0011","東京都千代田区内幸町二丁目2-3","","","","","","","","","","","","","","","8010001065942","","","",""
"インターワイヤード株式会社","3565587389775","","","","","","","140-0013","東京都品川区南大井五丁目19-8","","","","","","","","","","","","","","","8010701003672","","","",""
"有限会社員辨ダイカスト工業","7308297134265","","","","","","","511-0216","三重県いなべ市員弁町松之木1593","","","","","","","","","","","","","","","4190002017846","","","",""
"株式会社植須登工機","2915553274754","","","","","","","480-1146","愛知県長久手市片平一丁目1603","","","","","","","","","","","","","","","9180001067797","","","",""
"植田アルマイト工業株式会社","5866717289737","","","","","","","599-8102","大阪府堺市東区石原町一丁103","","","","","","","","","","","","","","","9120101000770","","","",""
"株式会社上田技研","3942487520536","","","","","","","582-0014","大阪府柏原市大字青谷1956-1","","","","","","","","","","","","","","","2122001020780","","","",""
"株式会社上田合金所","2642852814111","","","","","","","934-0095","富山県高岡市石丸708-1","","","","","","","","","","","","","","","1230001009719","","","",""
"株式会社上田ダイカスト製作所","6135523765160","","","","","","","599-8241","大阪府堺市中区福田1163-6","","","","","","","","","","","","","","","5120101000782","","","",""
"植田鋳造株式会社","9215812128113","","","","","","","751-0833","山口県下関市武久町二丁目17-1","","","","","","","","","","","","","","","5250001005126","","","",""
"ウエニ工業株式会社","1884353130775","","","","","","","470-0424","愛知県豊田市御作町亀割1166","","","","","","","","","","","","","","","8120001075047","","","",""
"有限会社上野合金鋳造所","2865281049318","","","","","","","669-1343","兵庫県三田市洞27-3","","","","","","","","","","","","","","","8140002054510","","","",""
"株式会社ウェーブクレスト","1930581508308","","","","","","","214-0021","神奈川県川崎市多摩区宿河原六丁目22-24","","","","","","","","","","","","","","","5020001063840","","","",""
"株式会社上松合金製作所","8931473059956","","","","","","","213-0032","神奈川県川崎市高津区久地二丁目5-11","","","","","","","","","","","","","","","7020001065901","","","",""
"上村ホールディングス株式会社","3329326740542","","","","","","","673-0895","兵庫県明石市岬町4-2","","","","","","","","","","","","","","","5140001034565","","","",""
"上本工業株式会社","4954623944498","","","","","","","791-1104","愛媛県松山市北土居三丁目10-1","","","","","","","","","","","","","","","3500001000648","","","",""
"牛田工業株式会社","3116158652628","","","","","","","460-0021","愛知県名古屋市中区平和一丁目11-11","","","","","","","","","","","","","","","5180001034438","","","",""
"宇治伸銅株式会社","7620092238250","","","","","","","601-8116","京都府京都市南区上鳥羽鉾立町11-7","","","","","","","","","","","","","","","1130001010059","","","",""
"株式会社ウスダ","2584104989001","","","","","","","387-0001","長野県千曲市大字雨宮2305","","","","","","","","","","","","","","","9100001011465","","","",""
"宇田川アルミ工業株式会社","9269302202036","","","","","","","300-3563","茨城県結城郡八千代町大字村貫897-8","","","","","","","","","","","","","","","5050001013454","","","",""
"有限会社内田軽金属","7366650285403","","","","","","","491-0201","愛知県一宮市奥町神田60-1","","","","","","","","","","","","","","","9180002075824","","","",""
"内田工業株式会社","2582725702546","","","","","","","726-0005","広島県府中市府中町906-2","","","","","","","","","","","","","","","9240001034139","","","",""
"有限会社内田合金","5061222155003","","","","","","","372-0001","群馬県伊勢崎市波志江町3175-1","","","","","","","","","","","","","","","9070002018488","","","",""
"内橋エステック株式会社","2842063490210","","","","","","","538-0041","大阪府大阪市鶴見区今津北三丁目5-36","","","","","","","","","","","","","","","2120001075151","","","",""
"内畑電線株式会社","4764283609410","","","","","","","596-0105","大阪府岸和田市内畑町2207","","","","","","","","","","","","","","","2120101036235","","","",""
"有限会社内山研磨工業所","5325794190336","","","","","","","144-0043","東京都大田区羽田四丁目3-18","","","","","","","","","","","","","","","4010802001851","","","",""
"株式会社内山合金鋳造","6801344428049","","","","","","","518-0609","三重県名張市西田原405","","","","","","","","","","","","","","","3190001024522","","","",""
"宇根川工業有限会社","1462017432289","","","","","","","736-0035","広島県安芸郡海田町日の出町9-3","","","","","","","","","","","","","","","7240002047777","","","",""
"有限会社宇野金属","4557918084517","","","","","","","444-0071","愛知県岡崎市稲熊町山神戸16-16","","","","","","","","","","","","","","","1180302005901","","","",""
"株式会社宇野工業","1557870175783","","","","","","","417-0801","静岡県富士市大淵8246-1","","","","","","","","","","","","","","","7080101020148","","","",""
"宇野鋼線株式会社","9820564153054","","","","","","","597-0004","大阪府貝塚市西町25-15","","","","","","","","","","","","","","","3120101037975","","","",""
"株式会社宇野鋳造所","6897366431321","","","","","","","501-6019","岐阜県羽島郡岐南町みやまち三丁目34","","","","","","","","","","","","","","","3200001010776","","","",""
"宇部正栄電纜株式会社","9872052426458","","","","","","","755-0056","山口県宇部市文京町10-14","","","","","","","","","","","","","","","6250001003013","","","",""
"有限会社梅津軽合金製作所","4165224944746","","","","","","","253-0102","神奈川県高座郡寒川町小動474","","","","","","","","","","","","","","","5021002009337","","","",""
"梅原軽金属工業株式会社","9199890860478","","","","","","","583-0852","大阪府羽曳野市古市2033-1","","","","","","","","","","","","","","","4120101031911","","","",""
"有限会社梅原鋳造所","2186512231380","","","","","","","410-3213","静岡県伊豆市青羽根428","","","","","","","","","","","","","","","6080102008060","","","",""
"梅村アルミ工業株式会社","2328799068897","","","","","","","440-0833","愛知県豊橋市飯村町高山10-16","","","","","","","","","","","","","","","7180301005161","","","",""
"ヴァーレ・ジャパン株式会社","3355686075945","","","","","","","515-0802","三重県松阪市猟師町345-32","","","","","","","","","","","","","","","9010401074848","","","",""
"エー・アンド・エイチ・ジャパン株式会社","7476446414889","","","","","","","555-0042","大阪府大阪市西淀川区西島一丁目2-152","","","","","","","","","","","","","","","1120001103524","","","",""
"株式会社エイアール","9633506406032","","","","","","","454-0023","愛知県名古屋市中川区石場町二丁目45","","","","","","","","","","","","","","","5180001034479","","","",""
"有限会社栄華","4629309406186","","","","","","","010-1632","秋田県秋田市新屋大川町28-29","","","","","","","","","","","","","","","1410002005046","","","",""
"株式会社エイ・ケー・ケー","6521379370159","","","","","","","033-0073","青森県上北郡六戸町金矢二丁目2","","","","","","","","","","","","","","","6420001011329","","","",""
"株式会社永光金網産業社","3024716505543","","","","","","","577-0808","大阪府東大阪市横沼町二丁目7-12","","","","","","","","","","","","","","","4122001001036","","","",""
"株式会社永幸合金製造所","2146471255512","","","","","","","544-0003","大阪府大阪市生野区小路東三丁目12-19","","","","","","","","","","","","","","","9120001016958","","","",""
"栄興電機工業有限会社","6344938934321","","","","","","","306-0501","茨城県坂東市逆井4138","","","","","","","","","","","","","","","1050002018803","","","",""
"有限会社永勝工業","5938956112567","","","","","","","537-0001","大阪府大阪市東成区深江北三丁目3-24","","","","","","","","","","","","","","","8120002006496","","","",""
"株式会社栄進","9623405924229","","","","","","","400-0851","山梨県甲府市住吉三丁目4-24","","","","","","","","","","","","","","","4090001006686","","","",""
"有限会社栄進","3256308633463","","","","","","","566-0043","大阪府摂津市一津屋二丁目31-5","","","","","","","","","","","","","","","9120902008376","","","",""
"株式会社栄新産業","5447908035174","","","","","","","660-0063","兵庫県尼崎市大庄北三丁目14-1","","","","","","","","","","","","","","","7120001192693","","","",""
"永代鉄工株式会社","5423905085276","","","","","","","132-0033","東京都江戸川区東小松川四丁目35-9","","","","","","","","","","","","","","","4011701001216","","","",""
"株式会社Ｈ．Ｋ．キャスト","7514341562152","","","","","","","367-0216","埼玉県本庄市児玉町金屋802-1","","","","","","","","","","","","","","","9030001061443","","","",""
"ＨＫシステム株式会社","5940945857680","","","","","","","936-0852","富山県滑川市上島257-4","","","","","","","","","","","","","","","4230001007901","","","",""
"ｈｔｍジャパン株式会社","2437364445563","","","","","","","101-0051","東京都千代田区神田神保町二丁目40 第2島崎ビル4階","","","","","","","","","","","","","","","3010001138983","","","",""
"株式会社ＡＴＡ","4656499445092","","","","","","","444-0802","愛知県岡崎市美合町本郷253","","","","","","","","","","","","","","","3180301002856","","","",""
"有限会社エイテック","5134429927075","","","","","","","132-0021","東京都江戸川区中央三丁目4-7","","","","","","","","","","","","","","","5011702013242","","","",""
"エイト金属株式会社","1482092191816","","","","","","","933-0321","富山県高岡市六家1062","","","","","","","","","","","","","","","5230001009748","","","",""
"株式会社エイト工業","7542184263134","","","","","","","470-0151","愛知県愛知郡東郷町大字諸輪北山65-1","","","","","","","","","","","","","","","7180001066685","","","",""
"エイム電子株式会社","1450897096520","","","","","","","252-0327","神奈川県相模原市南区磯部1353","","","","","","","","","","","","","","","6021001011400","","","",""
"栄和エンジニアリング株式会社","2868310111755","","","","","","","121-0836","東京都足立区入谷九丁目5-15","","","","","","","","","","","","","","","3030001021626","","","",""
"英和産業株式会社","9677062657785","","","","","","","960-8157","福島県福島市蓬萊町六丁目3-5","","","","","","","","","","","","","","","2380001000208","","","",""
"エー・エル・ピー株式会社","1157412311520","","","","","","","679-1102","兵庫県多可郡多可町中区安楽田3-2","","","","","","","","","","","","","","","9140001075341","","","",""
"株式会社エキタン","5690010826026","","","","","","","458-0039","愛知県名古屋市緑区四本木606","","","","","","","","","","","","","","","3180001027864","","","",""
"有限会社江口商会","8952574404278","","","","","","","223-0052","神奈川県横浜市港北区綱島東五丁目8-19 306号","","","","","","","","","","","","","","","5020002060639","","","",""
"江口ダイカスト有限会社","4346209380869","","","","","","","673-1115","兵庫県三木市吉川町大沢大整58","","","","","","","","","","","","","","","1140002031474","","","",""
"江黒工業株式会社","3248641615101","","","","","","","349-1212","埼玉県加須市麦倉北埋田3611-3","","","","","","","","","","","","","","","3030001031699","","","",""
"株式会社エーケーダイカスト工業所","2529565846605","","","","","","","170-0013","東京都豊島区東池袋一丁目25-2","","","","","","","","","","","","","","","3013301001340","","","",""
"エコシステムリサイクリング株式会社","9009311784621","","","","","","","367-0002","埼玉県本庄市仁手1781-3","","","","","","","","","","","","","","","9030001061195","","","",""
"株式会社エコファースト","8166292396955","","","","","","","106-0047","東京都港区南麻布三丁目20-1 DAIWA麻布テラス5階","","","","","","","","","","","","","","","9011301011404","","","",""
"株式会社エコプレイティング","3914386432922","","","","","","","242-0018","神奈川県大和市深見西四丁目2-23","","","","","","","","","","","","","","","9021001027823","","","",""
"株式会社エーシーシー","2217470426099","","","","","","","597-0023","大阪府貝塚市福田26","","","","","","","","","","","","","","","7120101038672","","","",""
"有限会社エーシン工業","9878941212002","","","","","","","470-1205","愛知県豊田市永覚町須池30-1","","","","","","","","","","","","","","","2180302021518","","","",""
"株式会社Ｓ．Ｒ．Ｓクラフト","1192104717063","","","","","","","332-0011","埼玉県川口市元郷三丁目21-6","","","","","","","","","","","","","","","3030001080572","","","",""
"有限会社エスアンドエル","4770934186609","","","","","","","437-1209","静岡県磐田市南島555-2","","","","","","","","","","","","","","","1080402021073","","","",""
"株式会社エスイー","9701344248461","","","","","","","160-0023","東京都新宿区西新宿六丁目5-1 新宿アイランドタワー43階","","","","","","","","","","","","","","","4011101042505","","","",""
"エス・エス・アルミ株式会社","2185672206667","","","","","","","550-0013","大阪府大阪市西区新町一丁目33-8","","","","","","","","","","","","","","","8120001055395","","","",""
"ＳＳＡ工業株式会社","9296285968075","","","","","","","573-1132","大阪府枚方市招提田近二丁目1-1","","","","","","","","","","","","","","","6120001149703","","","",""
"エスエス電子株式会社","3251906416278","","","","","","","350-1138","埼玉県川越市中台元町一丁目2-11 SSDビル","","","","","","","","","","","","","","","5030001057726","","","",""
"有限会社エス・エス・メタル","9342913519623","","","","","","","752-0953","山口県下関市長府港町7-14","","","","","","","","","","","","","","","2250002008353","","","",""
"エス・エヌ・ケー株式会社","1870103068922","","","","","","","792-0002","愛媛県新居浜市磯浦町16-10","","","","","","","","","","","","","","","2500001009681","","","",""
"ＳＦＣＣ株式会社","1552546216583","","","","","","","210-0024","神奈川県川崎市川崎区日進町1-14","","","","","","","","","","","","","","","1020001132269","","","",""
"株式会社エス・オー・テック","5506949900540","","","","","","","668-0852","兵庫県豊岡市江本449-2","","","","","","","","","","","","","","","5140001056766","","","",""
"株式会社エス・サイエンス","4482168972229","","","","","","","104-0061","東京都中央区銀座八丁目9-13 K-18ビル8階","","","","","","","","","","","","","","","6010001084903","","","",""
"株式会社ＳＪＲホールディングス","9937126614784","","","","","","","625-0035","京都府舞鶴市字溝尻60-5 クラウンビル3階","","","","","","","","","","","","","","","5130002034747","","","",""
"株式会社エス・ヂー・オヤマ","2240341479275","","","","","","","323-0804","栃木県小山市大字萱橋1260-73","","","","","","","","","","","","","","","4060001014064","","","",""
"株式会社ＳＴＧ","4374182928990","","","","","","","581-0812","大阪府八尾市山賀町六丁目82-2","","","","","","","","","","","","","","","2122001021985","","","",""
"株式会社Ｓ．Ｔ　ＷＯＲＫ","8077353180976","","","","","","","028-0531","岩手県遠野市綾織町新里十八地割11-2","","","","","","","","","","","","","","","8400001009067","","","",""
"エス・テー機設株式会社","5866537436771","","","","","","","552-0006","大阪府大阪市港区石田三丁目1-9","","","","","","","","","","","","","","","7120001028609","","","",""
"株式会社ＳＤＫ","1377678408704","","","","","","","577-0056","大阪府東大阪市長堂三丁目11-5","","","","","","","","","","","","","","","5122001003130","","","",""
"エスパー精密合金株式会社","9631352117118","","","","","","","675-2463","兵庫県加西市広原町518-2","","","","","","","","","","","","","","","8140001076084","","","",""
"エースメタル株式会社","3695256032949","","","","","","","610-0343","京都府京田辺市大住東北向10","","","","","","","","","","","","","","","9130001038670","","","",""
"株式会社ＳＹＳ工業","3591650567563","","","","","","","272-0805","千葉県市川市大野町四丁目2271-1","","","","","","","","","","","","","","","6040001082061","","","",""
"株式会社エスワイ精機","7203516032773","","","","","","","406-0835","山梨県笛吹市八代町米倉1234-1","","","","","","","","","","","","","","","4090001005936","","","",""
"エセックス・ソリューションズ・ジャパン株式会社","3947518193693","","","","","","","104-0032","東京都中央区八丁堀二丁目24-3","","","","","","","","","","","","","","","7010001204187","","","",""
"株式会社越後","8026777990510","","","","","","","457-0002","愛知県名古屋市南区大堀町20-19","","","","","","","","","","","","","","","2180001106925","","","",""
"ＡＴＡキャスティングテクノロジージャパン株式会社","3694330931512","","","","","","","140-0002","東京都品川区東品川二丁目2-24 天王洲セントラルタワー17F","","","","","","","","","","","","","","","1080401021470","","","",""
"エーディーエル株式会社","5613307016080","","","","","","","333-0861","埼玉県川口市柳崎一丁目8-32","","","","","","","","","","","","","","","2030001073924","","","",""
"エニワン有限会社","2204466213470","","","","","","","508-0351","岐阜県中津川市付知町3731-4","","","","","","","","","","","","","","","4200002024650","","","",""
"株式会社エヌ・アイ・オー","3447499458985","","","","","","","252-0226","神奈川県相模原市中央区陽光台三丁目3-16","","","","","","","","","","","","","","","2021001016741","","","",""
"エヌ・イーケムキャット株式会社","8120777608422","","","","","","","105-0013","東京都港区浜松町二丁目4-1 世界貿易センタービルディング南館27階","","","","","","","","","","","","","","","1010401004845","","","",""
"株式会社江井鋳造所","2816023572980","","","","","","","975-0000","福島県南相馬市小高区上浦 字","","","","","","","","","","","","","","","9380003001552","","","",""
"エヌ・エー・エス株式会社","5176037594548","","","","","","","250-0005","神奈川県小田原市中町三丁目15-15","","","","","","","","","","","","","","","3021001032374","","","",""
"有限会社エヌ・エー・エム","9966101598290","","","","","","","197-0014","東京都福生市大字福生二宮2480-2","","","","","","","","","","","","","","","8013102000165","","","",""
"株式会社エヌエーシー","8153004440765","","","","","","","174-0063","東京都板橋区前野町二丁目30-9","","","","","","","","","","","","","","","1011401000966","","","",""
"株式会社エヌエスシー","8557725438470","","","","","","","144-0033","東京都大田区東糀谷五丁目20-22","","","","","","","","","","","","","","","6010801001644","","","",""
"株式会社エヌエスシィ","7832220196421","","","","","","","577-0025","大阪府東大阪市新家一丁目3-7","","","","","","","","","","","","","","","3122001008973","","","",""
"株式会社エヌエステイー製作所","4197471017527","","","","","","","318-0001","茨城県高萩市大字赤浜苅又作2071-7","","","","","","","","","","","","","","","9050001023978","","","",""
"株式会社ＮＮＨ","4979259039504","","","","","","","410-0000","静岡県沼津市足高尾上176-11","","","","","","","","","","","","","","","9080101007449","","","",""
"有限会社エヌ・エー・メタル","4981994005646","","","","","","","589-0013","大阪府大阪狭山市茱萸木四丁目351","","","","","","","","","","","","","","","3120102015427","","","",""
"エヌケイエス株式会社","1462440087460","","","","","","","421-3203","静岡県静岡市清水区蒲原161","","","","","","","","","","","","","","","7080001010281","","","",""
"有限会社エヌ・ケイ・ディー","1190547612246","","","","","","","300-1415","茨城県稲敷市中山1550","","","","","","","","","","","","","","","5050002034078","","","",""
"有限会社エヌケイヒーター工業","9731577679571","","","","","","","492-8071","愛知県稲沢市下津本郷町38","","","","","","","","","","","","","","","3180002080474","","","",""
"株式会社エヌケーネット","3307602850105","","","","","","","452-0814","愛知県名古屋市西区南川町59","","","","","","","","","","","","","","","9180001057625","","","",""
"株式会社エヌシークラフト","1333750054549","","","","","","","571-0002","大阪府門真市岸和田三丁目35-29","","","","","","","","","","","","","","","5120001160099","","","",""
"エヌジーケイ・メテックス株式会社","5397339334009","","","","","","","349-1158","埼玉県加須市新利根一丁目9-3","","","","","","","","","","","","","","","3030001033068","","","",""
"株式会社エヌティーシー","9346761791676","","","","","","","597-0092","大阪府貝塚市二色北町1-11","","","","","","","","","","","","","","","4120101038659","","","",""
"株式会社ＮＴＹ","8504142987872","","","","","","","578-0901","大阪府東大阪市加納五丁目6-26","","","","","","","","","","","","","","","6150002002577","","","",""
"有限会社エヌテック","9721426497154","","","","","","","324-0024","栃木県大田原市福原1507-9","","","","","","","","","","","","","","","5060002026561","","","",""
"エヌ・テー・ユー株式会社","8322901419648","","","","","","","143-0012","東京都大田区大森東四丁目24-3","","","","","","","","","","","","","","","1010801001665","","","",""
"株式会社ＮＤＣ","5302714977302","","","","","","","949-5335","新潟県長岡市小国町太郎丸1232","","","","","","","","","","","","","","","8110001024285","","","",""
"ＮＰＩ　ＪＡＰＡＮ株式会社","3945606543602","","","","","","","669-1133","兵庫県西宮市東山台四丁目13-5","","","","","","","","","","","","","","","3120001185362","","","",""
"株式会社エノモト","4176418818403","","","","","","","812-0066","福岡県福岡市東区二又瀬1-31","","","","","","","","","","","","","","","3290001002716","","","",""
"有限会社江波合金製作所","6233526002884","","","","","","","730-0834","広島県広島市中区江波二本松一丁目13-11","","","","","","","","","","","","","","","4240002002454","","","",""
"株式会社荏原軽合金製作所","6684357616852","","","","","","","252-1125","神奈川県綾瀬市吉岡東一丁目8-16","","","","","","","","","","","","","","","1021001027260","","","",""
"株式会社荏原合金鋳造所","5962945973168","","","","","","","211-0051","神奈川県川崎市中原区宮内一丁目6-15","","","","","","","","","","","","","","","5020001068955","","","",""
"荏原電線株式会社","7808780838986","","","","","","","142-0062","東京都品川区小山二丁目9-9","","","","","","","","","","","","","","","5010701001687","","","",""
"株式会社ヱビス電材社","6949652258215","","","","","","","730-0037","広島県広島市中区中町8-8 エビデンビル7F","","","","","","","","","","","","","","","2240001001500","","","",""
"有限会社エフアンドエーエンジニアリング","2312944062211","","","","","","","611-0002","京都府宇治市木幡南山畑37-33","","","","","","","","","","","","","","","3130002026151","","","",""
"ＦＥＭＣテクノ株式会社","6852613703053","","","","","","","800-0115","福岡県北九州市門司区新門司一丁目8","","","","","","","","","","","","","","","4090001001456","","","",""
"株式会社Ｆ．Ｏ．Ｄ","5305699043454","","","","","","","433-8108","静岡県浜松市中央区根洗町1418","","","","","","","","","","","","","","","5080401022820","","","",""
"ＦＣＭ株式会社","4902721174283","","","","","","","537-0003","大阪府大阪市東成区神路三丁目8-36","","","","","","","","","","","","","","","1120001011859","","","",""
"エフゼット工業株式会社","3480053898055","","","","","","","437-1121","静岡県袋井市諸井1393-1","","","","","","","","","","","","","","","9080401017362","","","",""
"株式会社エポック電子","2788644500919","","","","","","","454-0976","愛知県名古屋市中川区服部二丁目310","","","","","","","","","","","","","","","5180001118819","","","",""
"江間工業株式会社","6891965354262","","","","","","","431-3112","静岡県浜松市中央区大島町1614-1","","","","","","","","","","","","","","","2080401000903","","","",""
"株式会社ＭＩコーポレーション","9513879989526","","","","","","","769-2703","香川県東かがわ市伊座536-6","","","","","","","","","","","","","","","9470001011981","","","",""
"エムアールティ株式会社","5273353399368","","","","","","","334-0011","埼玉県川口市三ツ和二丁目12-13","","","","","","","","","","","","","","","6030001081832","","","",""
"株式会社エムアンドエムデザイン","7202001735107","","","","","","","781-8132","高知県高知市一宮東町一丁目28-22","","","","","","","","","","","","","","","1490001008397","","","",""
"ＭＡアルミニウム株式会社","6041255555446","","","","","","","410-1127","静岡県裾野市平松85","","","","","","","","","","","","","","","2010401166627","","","",""
"有限会社エムエスイー","3412251438706","","","","","","","263-0001","千葉県千葉市稲毛区長沼原町66-1","","","","","","","","","","","","","","","8040002002025","","","",""
"ＭＳＣ株式会社","8134660429205","","","","","","","500-8483","岐阜県岐阜市加納東丸町二丁目98-4","","","","","","","","","","","","","","","8200001006456","","","",""
"エム・エスジンク株式会社","1510542853696","","","","","","","105-0004","東京都港区新橋一丁目18-16","","","","","","","","","","","","","","","9010401047845","","","",""
"株式会社エムエスパートナーズ","7340361656054","","","","","","","223-0057","神奈川県横浜市港北区新羽町633-1","","","","","","","","","","","","","","","4020001092122","","","",""
"株式会社エムエーパッケージング","7473416286977","","","","","","","105-0014","東京都港区芝二丁目3-3 JRE芝二丁目大門ビル8階","","","","","","","","","","","","","","","4010401005254","","","",""
"ＭＦＳトレード株式会社","8438738494615","","","","","","","320-0073","栃木県宇都宮市細谷一丁目7-11","","","","","","","","","","","","","","","1060001027399","","","",""
"株式会社エム・エム・エー","1190089991381","","","","","","","100-0005","東京都千代田区丸の内三丁目2-3","","","","","","","","","","","","","","","7010401028731","","","",""
"ＭＭカッパープロダクツ株式会社","4948111688705","","","","","","","660-0856","兵庫県尼崎市東向島西之町8","","","","","","","","","","","","","","","5140001051981","","","",""
"株式会社エム・エム・ジェー","8906536979834","","","","","","","660-0833","兵庫県尼崎市南初島町10-148","","","","","","","","","","","","","","","7140001052334","","","",""
"株式会社ＭＣＲ","7702191498599","","","","","","","509-9131","岐阜県中津川市千旦林1520-6","","","","","","","","","","","","","","","6200002023510","","","",""
"エムジープレシジョン株式会社","4565257561849","","","","","","","736-0082","広島県広島市安芸区船越南一丁目6-1","","","","","","","","","","","","","","","3240001001565","","","",""
"エム・セテック株式会社","1367680297707","","","","","","","105-0014","東京都港区芝三丁目24-21 三和ビル5F","","","","","","","","","","","","","","","9010401088716","","","",""
"エムチューブ株式会社","7123914879949","","","","","","","583-0845","大阪府羽曳野市広瀬152","","","","","","","","","","","","","","","2120101031979","","","",""
"ＭＴＡ合金株式会社","6943138310927","","","","","","","108-0074","東京都港区高輪三丁目23-17","","","","","","","","","","","","","","","4020003012037","","","",""
"有限会社エム・ティー・エム","5845022129475","","","","","","","470-0309","愛知県豊田市西広瀬町西前114","","","","","","","","","","","","","","","1180302024678","","","",""
"ＭＢＳ株式会社","1100309777782","","","","","","","379-2105","群馬県前橋市東大室町1330-3","","","","","","","","","","","","","","","9070002004901","","","",""
"株式会社ＬＨＣ","3113370363737","","","","","","","538-0041","大阪府大阪市鶴見区今津北四丁目1-5","","","","","","","","","","","","","","","4120002001245","","","",""
"エレネス株式会社","4957666160791","","","","","","","939-0287","富山県射水市赤井209","","","","","","","","","","","","","","","3230001014064","","","",""
"株式会社エーワン・コート","7286829223127","","","","","","","399-4431","長野県伊那市西春近2431","","","","","","","","","","","","","","","2100001022106","","","",""
"株式会社エンケイエンジニアリング","7645673484147","","","","","","","431-2103","静岡県浜松市浜名区新都田四丁目5-5","","","","","","","","","","","","","","","4080401000769","","","",""
"有限会社エンジニアリングミツワ","9288004387939","","","","","","","334-0012","埼玉県川口市八幡木三丁目18-7","","","","","","","","","","","","","","","7030002098701","","","",""
"エンテツ化工株式会社","8217504933725","","","","","","","331-0804","埼玉県さいたま市北区土呂町一丁目46-2","","","","","","","","","","","","","","","4030001001296","","","",""
"有限会社遠藤アートブロンズ","3043902940379","","","","","","","339-0003","埼玉県さいたま市岩槻区大字小溝199-16","","","","","","","","","","","","","","","9030002100927","","","",""
"有限会社遠藤製作所","2851615961200","","","","","","","989-1249","宮城県柴田郡大河原町字海道東5-3","","","","","","","","","","","","","","","3370102000081","","","",""
"有限会社遠藤鋳造所","3523781799259","","","","","","","175-0094","東京都板橋区成増二丁目36-22","","","","","","","","","","","","","","","6011402001521","","","",""
"株式会社老子製作所","3305422041454","","","","","","","939-1118","富山県高岡市戸出栄町47-1","","","","","","","","","","","","","","","8230001009778","","","",""
"王子合金株式会社","6052809891271","","","","","","","101-0036","東京都千代田区神田北乗物町11","","","","","","","","","","","","","","","2010801002010","","","",""
"近江工業株式会社","5696522467856","","","","","","","520-1221","滋賀県高島市安曇川町青柳1982","","","","","","","","","","","","","","","4120001014446","","","",""
"株式会社桜美工業所","2643642698512","","","","","","","505-0116","岐阜県可児郡御嵩町御嵩南山2192-28","","","","","","","","","","","","","","","3200001017474","","","",""
"オーエスケー株式会社","6452049287875","","","","","","","991-0045","山形県寒河江市小沼町13-1","","","","","","","","","","","","","","","9390001011726","","","",""
"オーエステンプ株式会社","4740863272909","","","","","","","243-0018","神奈川県厚木市中町二丁目13-14 サンシャインビル6階","","","","","","","","","","","","","","","7021001023270","","","",""
"オーエスディー株式会社","6726674952174","","","","","","","355-0811","埼玉県比企郡滑川町大字羽尾4376-3","","","","","","","","","","","","","","","3030001071209","","","",""
"株式会社ＯＮＪ","5585850313317","","","","","","","253-0001","神奈川県茅ヶ崎市赤羽根1380-1","","","","","","","","","","","","","","","4021001039815","","","",""
"株式会社オーエム","8626625813370","","","","","","","701-0112","岡山県倉敷市下庄639-1","","","","","","","","","","","","","","","7122001001173","","","",""
"株式会社大井川軽合金","6614879176365","","","","","","","431-1111","静岡県浜松市西区伊左地町2700-1","","","","","","","","","","","","","","","5080402001559","","","",""
"有限会社大井製作所","7783945029097","","","","","","","861-8041","熊本県熊本市東区戸島六丁目25-8","","","","","","","","","","","","","","","5330002001628","","","",""
"大分ドラム株式会社","9935829084802","","","","","","","870-0045","大分県大分市城崎町三丁目2-14 グレイス城崎801号","","","","","","","","","","","","","","","3320001000253","","","",""
"大浦貴金属工業株式会社","3036290275805","","","","","","","630-8042","奈良県奈良市西ノ京町284","","","","","","","","","","","","","","","7150001000399","","","",""
"大川三基株式会社","9783733915132","","","","","","","144-0045","東京都大田区南六郷一丁目20-8","","","","","","","","","","","","","","","3010801002348","","","",""
"大川電商株式会社","3598829359824","","","","","","","540-0039","大阪府大阪市中央区東高麗橋1-12 北浜センタービル3F","","","","","","","","","","","","","","","4120001061546","","","",""
"株式会社大垣ダイカスト工業","4842154046507","","","","","","","329-0511","栃木県下野市石橋572","","","","","","","","","","","","","","","4060002030572","","","",""
"大木伸銅工業株式会社","8443203760743","","","","","","","175-0083","東京都板橋区徳丸三丁目17-16","","","","","","","","","","","","","","","1011401001080","","","",""
"大口電子株式会社","7189738256584","","","","","","","895-2501","鹿児島県伊佐市大口牛尾1755-2","","","","","","","","","","","","","","","1340001007447","","","",""
"株式会社大久保砲金所","8514459625085","","","","","","","945-0032","新潟県柏崎市田塚三丁目1-76","","","","","","","","","","","","","","","4110001017177","","","",""
"有限会社大熊金属プレス","5456564718584","","","","","","","343-0826","埼玉県越谷市東町三丁目352","","","","","","","","","","","","","","","6030002085312","","","",""
"大阪亜鉛工業株式会社","1133035061142","","","","","","","555-0001","大阪府大阪市西淀川区佃四丁目14-3","","","","","","","","","","","","","","","9120001050908","","","",""
"大阪アルミシール株式会社","9281321391997","","","","","","","581-0038","大阪府八尾市若林町二丁目129","","","","","","","","","","","","","","","5122001025471","","","",""
"大阪カットワイヤー株式会社","3082609435466","","","","","","","579-8025","大阪府東大阪市宝町6-18","","","","","","","","","","","","","","","1122001008372","","","",""
"株式会社大阪キャンブリックケーブル製造所","6639889492464","","","","","","","590-0526","大阪府泉南市男里一丁目30","","","","","","","","","","","","","","","9120101044025","","","",""
"大阪金属粉工業株式会社","2929847899549","","","","","","","574-0013","大阪府大東市中垣内一丁目6","","","","","","","","","","","","","","","1122001015162","","","",""
"株式会社大阪合金工業所","3936976657608","","","","","","","910-3131","福井県福井市白方町45-5-9","","","","","","","","","","","","","","","7210001000599","","","",""
"大阪伸管加工株式会社","1668095807017","","","","","","","580-0013","大阪府松原市丹南二丁目281-1","","","","","","","","","","","","","","","8120101030199","","","",""
"大阪豆陽金属工業株式会社","2806280355578","","","","","","","666-0121","兵庫県川西市平野一丁目5-8","","","","","","","","","","","","","","","9140001078154","","","",""
"株式会社大阪精器製作所","7040234542544","","","","","","","590-0005","大阪府堺市堺区南清水町一丁3-11","","","","","","","","","","","","","","","2120101001370","","","",""
"株式会社大阪チタニウムテクノロジーズ","3079095285969","","","","","","","660-0844","兵庫県尼崎市東浜町1","","","","","","","","","","","","","","","8140001052085","","","",""
"大阪中央ダイカスト株式会社","8882825934369","","","","","","","574-0063","大阪府大東市南郷町8-8","","","","","","","","","","","","","","","5122001015167","","","",""
"大阪電気工業株式会社","6243053242128","","","","","","","542-0081","大阪府大阪市中央区南船場三丁目9-10","","","","","","","","","","","","","","","9120001092933","","","",""
"株式会社大阪電業社","9730110276219","","","","","","","550-0012","大阪府大阪市西区立売堀一丁目12-12","","","","","","","","","","","","","","","6120001201091","","","",""
"大阪特殊合金株式会社","9116712104981","","","","","","","530-0001","大阪府大阪市北区梅田三丁目2-2 JPタワー大阪13階","","","","","","","","","","","","","","","9120001072605","","","",""
"株式会社大阪鉛錫精錬所","4697762124253","","","","","","","554-0051","大阪府大阪市此花区酉島五丁目11-117","","","","","","","","","","","","","","","8120001050909","","","",""
"大阪富士工業株式会社","4995013464931","","","","","","","660-0811","兵庫県尼崎市常光寺一丁目9-1","","","","","","","","","","","","","","","7140001047978","","","",""
"大沢商事有限会社","1389236759401","","","","","","","340-0111","埼玉県幸手市北一丁目16-18","","","","","","","","","","","","","","","1030002039586","","","",""
"株式会社大沢製作所","7955475713207","","","","","","","369-1203","埼玉県大里郡寄居町大字寄居382","","","","","","","","","","","","","","","9030001085863","","","",""
"有限会社オオサワセイミツ","8805714237301","","","","","","","376-0011","群馬県桐生市相生町一丁目145-1","","","","","","","","","","","","","","","9070002025757","","","",""
"株式会社大昇","3414780260227","","","","","","","933-0974","富山県高岡市岩坪1072","","","","","","","","","","","","","","","6230001010300","","","",""
"株式会社大隅シャーリング","8471836857219","","","","","","","899-7309","鹿児島県曽於郡大崎町井俣2146","","","","","","","","","","","","","","","3340001014937","","","",""
"太田金属株式会社","9759919250696","","","","","","","583-0867","大阪府羽曳野市河原城830-1","","","","","","","","","","","","","","","4120101031960","","","",""
"大竹金属有限会社","9975159744163","","","","","","","966-0914","福島県喜多方市豊川町米室中田5473-22","","","","","","","","","","","","","","","6380002034671","","","",""
"太田シャーリング株式会社","6507661108531","","","","","","","581-0039","大阪府八尾市太田新町九丁目62","","","","","","","","","","","","","","","2122001017918","","","",""
"株式会社太田製作所","5844156737436","","","","","","","354-0045","埼玉県入間郡三芳町大字上富2079-4","","","","","","","","","","","","","","","4030001056101","","","",""
"株式会社大谷伸管製作所","2081357380000","","","","","","","586-0038","大阪府河内長野市上原西町8-4","","","","","","","","","","","","","","","4120101033544","","","",""
"株式会社大谷造機所","7463743839810","","","","","","","144-0032","東京都大田区北糀谷二丁目5-10","","","","","","","","","","","","","","","3010801002109","","","",""
"有限会社大西バフ工業所","8319560961528","","","","","","","490-1435","愛知県海部郡飛島村大字梅之郷北梅29-7","","","","","","","","","","","","","","","8180002020104","","","",""
"有限会社大野軽合金","3251705259987","","","","","","","334-0056","埼玉県川口市大字峯1110","","","","","","","","","","","","","","","1030002101189","","","",""
"大野商事株式會社","6114537455031","","","","","","","879-6441","大分県豊後大野市大野町田中2083","","","","","","","","","","","","","","","2320001009659","","","",""
"株式会社オオハシ","6707985340470","","","","","","","230-0041","神奈川県横浜市鶴見区潮田町三丁目141-3","","","","","","","","","","","","","","","1020001016819","","","",""
"合資会社大畑伸銅所","6499863640030","","","","","","","351-0014","埼玉県朝霞市膝折町四丁目12-10","","","","","","","","","","","","","","","1030003002254","","","",""
"有限会社大原工業","1151035461765","","","","","","","384-2104","長野県佐久市甲1633-1","","","","","","","","","","","","","","","9100002010474","","","",""
"大原電線株式会社","4136275377483","","","","","","","577-0063","大阪府東大阪市川俣一丁目15-15","","","","","","","","","","","","","","","3122001001425","","","",""
"大場機工株式会社","9471331950125","","","","","","","418-0037","静岡県富士宮市安居山44-8","","","","","","","","","","","","","","","2080101011317","","","",""
"株式会社大房製作所","2240116286413","","","","","","","123-0851","東京都足立区梅田五丁目2-6","","","","","","","","","","","","","","","7011801006616","","","",""
"有限会社大前工業所","5104322098826","","","","","","","651-2311","兵庫県神戸市西区神出町東1188-276","","","","","","","","","","","","","","","9140002030799","","","",""
"株式会社大みか鋳造所","4506910820031","","","","","","","319-1231","茨城県日立市留町1270-17","","","","","","","","","","","","","","","5050001023040","","","",""
"大宮精錬株式会社","5954921706720","","","","","","","555-0021","大阪府大阪市西淀川区歌島三丁目8-1 711号","","","","","","","","","","","","","","","5120001049359","","","",""
"大守金属株式会社","4568230111372","","","","","","","587-0062","大阪府堺市美原区太井486-1","","","","","","","","","","","","","","","7120001019772","","","",""
"大森合金株式会社","1204884902226","","","","","","","143-0013","東京都大田区大森南三丁目25-1","","","","","","","","","","","","","","","6010801001891","","","",""
"有限会社大森鋳造所","1790753439920","","","","","","","322-0305","栃木県鹿沼市口粟野617-1","","","","","","","","","","","","","","","4060002021191","","","",""
"有限会社大森電機","5383995648379","","","","","","","299-1112","千葉県君津市泉118-1","","","","","","","","","","","","","","","5021002010427","","","",""
"有限会社大山","5184001515762","","","","","","","653-0031","兵庫県神戸市長田区西尻池町一丁目3-37 OMIビル1階","","","","","","","","","","","","","","","1140002008290","","","",""
"株式会社大山製作所","5414498292063","","","","","","","329-4411","栃木県栃木市大平町横堀1411","","","","","","","","","","","","","","","1060001016740","","","",""
"大山パワー株式会社","7616018998444","","","","","","","161-0033","東京都新宿区下落合三丁目14-33","","","","","","","","","","","","","","","4011101037760","","","",""
"有限会社岡合金所","2494532965797","","","","","","","722-0055","広島県尾道市新高山三丁目1170-67","","","","","","","","","","","","","","","7240002050145","","","",""
"岡崎特殊製鋼株式会社","3896003352067","","","","","","","538-0033","大阪府大阪市鶴見区中茶屋一丁目5-40","","","","","","","","","","","","","","","2120001001603","","","",""
"有限会社岡芹ダイカスト工業所","7167955094854","","","","","","","370-0111","群馬県伊勢崎市境上矢島261","","","","","","","","","","","","","","","9070002020337","","","",""
"株式会社オカタニ","8340948091336","","","","","","","638-0821","奈良県吉野郡大淀町大字下渕683-4","","","","","","","","","","","","","","","5150001017437","","","",""
"株式会社オカタニ","7236233612856","","","","","","","811-2207","福岡県糟屋郡志免町南里二丁目16-11","","","","","","","","","","","","","","","2290001012105","","","",""
"有限会社オカダ","7604687737657","","","","","","","729-0141","広島県尾道市高須町896-3","","","","","","","","","","","","","","","9240002050226","","","",""
"オカダ工業株式会社","9837277623409","","","","","","","212-0016","神奈川県川崎市幸区南幸町三丁目12-14","","","","","","","","","","","","","","","3020001069022","","","",""
"オカダ合金株式会社","3402946321338","","","","","","","929-1100","石川県かほく市宇気い6","","","","","","","","","","","","","","","9220001017442","","","",""
"株式会社岡田シェル製作所","8671239105510","","","","","","","656-2156","兵庫県淡路市大町下408","","","","","","","","","","","","","","","7140001085458","","","",""
"有限会社岡田製作所","8480988525313","","","","","","","370-3337","群馬県高崎市三ツ子沢町448-1","","","","","","","","","","","","","","","5070002014318","","","",""
"株式会社岡野エレクトロニクス","7548382136648","","","","","","","895-1202","鹿児島県薩摩川内市樋脇町塔之原853-1","","","","","","","","","","","","","","","7340001008729","","","",""
"岡野電線株式会社","7635396462444","","","","","","","242-0018","神奈川県大和市深見西一丁目5-28","","","","","","","","","","","","","","","9021001025026","","","",""
"株式会社岡部製作所","4757825039905","","","","","","","811-3101","福岡県古賀市天神二丁目6-1","","","","","","","","","","","","","","","8290001036271","","","",""
"岡本アルマイト工業株式会社","2656626148492","","","","","","","340-0833","埼玉県八潮市大字西袋川東949-3","","","","","","","","","","","","","","","8030001037205","","","",""
"岡本軽金属工業株式会社","4108060550223","","","","","","","447-0844","愛知県碧南市港本町4-58","","","","","","","","","","","","","","","5180301015113","","","",""
"有限会社岡本合金鋳造所","6573625857171","","","","","","","311-3502","茨城県行方市若海422","","","","","","","","","","","","","","","5050002029061","","","",""
"有限会社岡谷ダイカスト","4074711634486","","","","","","","394-0025","長野県岡谷市大栄町一丁目17-12","","","","","","","","","","","","","","","6100002031003","","","",""
"小笠原アルミ工業株式会社","9559620781743","","","","","","","447-0854","愛知県碧南市須磨町2-15","","","","","","","","","","","","","","","2180301015108","","","",""
"小笠原鉄工株式会社","1102312781730","","","","","","","452-0908","愛知県清須市寺野元町210","","","","","","","","","","","","","","","2180001045438","","","",""
"株式会社小川アルマイト","6830615141118","","","","","","","174-0042","東京都板橋区東坂下二丁目1-5","","","","","","","","","","","","","","","5011401001218","","","",""
"株式会社小川アルミ工業","6782126300769","","","","","","","339-0037","埼玉県さいたま市岩槻区大字浮谷2811","","","","","","","","","","","","","","","2030001017831","","","",""
"有限会社小川製作所","7411737827416","","","","","","","934-0056","富山県射水市寺塚原180","","","","","","","","","","","","","","","1230002013645","","","",""
"有限会社小川ダイカスト","8231463539033","","","","","","","350-0208","埼玉県坂戸市大字戸宮526-3","","","","","","","","","","","","","","","8030002095227","","","",""
"有限会社小川ナイフ製作所","5898974686412","","","","","","","501-3237","岐阜県関市緑町二丁目9-12","","","","","","","","","","","","","","","8200002018517","","","",""
"沖電線株式会社","5110037511927","","","","","","","370-0105","群馬県伊勢崎市境伊与久3344-1","","","","","","","","","","","","","","","5020001069020","","","",""
"株式会社沖野製作所","5883586217740","","","","","","","485-0003","愛知県小牧市大字久保一色3236-8","","","","","","","","","","","","","","","7180001075645","","","",""
"株式会社荻田電機","1506222978970","","","","","","","566-0065","大阪府摂津市鳥飼新町二丁目26-6","","","","","","","","","","","","","","","6120901009147","","","",""
"有限会社荻野電線","1244636333754","","","","","","","152-0002","東京都目黒区目黒本町四丁目11-19","","","","","","","","","","","","","","","5013202001529","","","",""
"株式会社荻原商店","3921524615813","","","","","","","125-0062","東京都葛飾区青戸八丁目6-10","","","","","","","","","","","","","","","8011801000832","","","",""
"株式会社オークウェーブ","2275896647495","","","","","","","350-0207","埼玉県坂戸市大字青木885-1","","","","","","","","","","","","","","","1030001069411","","","",""
"奥田金属株式会社","3453309890159","","","","","","","543-0014","大阪府大阪市天王寺区玉造元町19-2","","","","","","","","","","","","","","","5120001022803","","","",""
"奥田軽合金株式会社","9025495580607","","","","","","","590-0112","大阪府堺市南区岩室28-2","","","","","","","","","","","","","","","6120101001086","","","",""
"奥田工業株式会社","9823257479531","","","","","","","470-1216","愛知県豊田市和会町田端下15","","","","","","","","","","","","","","","5180301018009","","","",""
"株式会社奥田製作所","1745687577029","","","","","","","322-0022","栃木県鹿沼市東町三丁目6-24","","","","","","","","","","","","","","","7060001010259","","","",""
"有限会社奥出金型製作所","5734497182017","","","","","","","990-2346","山形県山形市高木18","","","","","","","","","","","","","","","6390002000508","","","",""
"奥野鋼材株式会社","4206019117209","","","","","","","591-8007","大阪府堺市北区奥本町一丁68","","","","","","","","","","","","","","","9120101001100","","","",""
"奥村金属株式会社","5015735044395","","","","","","","520-0056","滋賀県大津市末広町1-1 日本生命大津ビル3F","","","","","","","","","","","","","","","5120001037611","","","",""
"奥村技研工業株式会社","2144038060902","","","","","","","454-0849","愛知県名古屋市中川区小塚町101","","","","","","","","","","","","","","","7180001019131","","","",""
"奥本軽合金株式会社","5226419580292","","","","","","","578-0967","大阪府東大阪市新鴻池町2-9","","","","","","","","","","","","","","","5122001001316","","","",""
"株式会社小口合金鋳造所","6684180300305","","","","","","","332-0006","埼玉県川口市末広二丁目2-13","","","","","","","","","","","","","","","7030001074141","","","",""
"株式会社小口シャーリング","1913688770693","","","","","","","393-0008","長野県諏訪郡下諏訪町町屋敷2222-6","","","","","","","","","","","","","","","7100001020096","","","",""
"有限会社小栗製作所","1443563653876","","","","","","","594-1141","大阪府和泉市春木町1051-1","","","","","","","","","","","","","","","7120102025075","","","",""
"オー・ケー・ビー株式会社","3021816811240","","","","","","","175-0083","東京都板橋区徳丸三丁目17-16","","","","","","","","","","","","","","","6011401014342","","","",""
"株式会社ＯＫファイバーテクノロジー","5760160810399","","","","","","","310-0911","茨城県水戸市見和三丁目571-1","","","","","","","","","","","","","","","3050001036564","","","",""
"オーケーレックス株式会社","3408083892666","","","","","","","650-0047","兵庫県神戸市中央区港島南町三丁目3-19","","","","","","","","","","","","","","","7140001038250","","","",""
"株式会社小沢金属精錬所","9314433582690","","","","","","","115-0051","東京都北区浮間四丁目12-15","","","","","","","","","","","","","","","1011501000890","","","",""
"有限会社小澤商店","7555313034514","","","","","","","577-0801","大阪府東大阪市小阪二丁目5-28","","","","","","","","","","","","","","","8120002007817","","","",""
"株式会社オーシーシー","1459346459943","","","","","","","220-0012","神奈川県横浜市西区みなとみらい二丁目3-5","","","","","","","","","","","","","","","6020001041267","","","",""
"有限会社オーシマ","8051873444886","","","","","","","454-0037","愛知県名古屋市中川区富川町一丁目1-21","","","","","","","","","","","","","","","1180002017602","","","",""
"有限会社小島製作所","5280359837585","","","","","","","350-0131","埼玉県比企郡川島町大字平沼1036","","","","","","","","","","","","","","","9030002077546","","","",""
"株式会社オージ","9555136697884","","","","","","","115-0043","東京都北区神谷一丁目1-1","","","","","","","","","","","","","","","9011501003119","","","",""
"株式会社オータカ","8610815239934","","","","","","","243-0435","神奈川県海老名市下今泉三丁目4-18","","","","","","","","","","","","","","","1021001029975","","","",""
"有限会社織田","6596913171219","","","","","","","144-0044","東京都大田区本羽田一丁目19-17","","","","","","","","","","","","","","","5010802003161","","","",""
"小田原工業株式会社","3310095645947","","","","","","","739-0131","広島県東広島市八本松町篠866-21","","","","","","","","","","","","","","","7240001022434","","","",""
"有限会社落合リード","8350853878492","","","","","","","333-0844","埼玉県川口市上青木二丁目5-2","","","","","","","","","","","","","","","5030002101375","","","",""
"有限会社オッコー工業","9652001521075","","","","","","","399-0214","長野県諏訪郡富士見町落合9985-3","","","","","","","","","","","","","","","1100002029464","","","",""
"株式会社オートネットワーク技術研究所","3366353184336","","","","","","","510-0058","三重県四日市市西末広町1-14","","","","","","","","","","","","","","","7190001017241","","","",""
"有限会社小戸製作所","5480884554460","","","","","","","563-0021","大阪府池田市畑二丁目3-7","","","","","","","","","","","","","","","5120902014493","","","",""
"有限会社踊鹿","1835542521490","","","","","","","028-0501","岩手県遠野市青笹町糠前九地割12-9","","","","","","","","","","","","","","","7400002010207","","","",""
"小名浜製錬株式会社","8795001307744","","","","","","","971-8101","福島県いわき市小名浜渚1-1","","","","","","","","","","","","","","","1010001012819","","","",""
"オーナンバ株式会社","5428390340513","","","","","","","541-0058","大阪府大阪市中央区南久宝寺町四丁目1-2 御堂筋ダイビル19階","","","","","","","","","","","","","","","6120001011879","","","",""
"オーナンバインターコネクトテクノロジー株式会社","2337577631385","","","","","","","594-0062","大阪府和泉市寺田町一丁目5-39","","","","","","","","","","","","","","","6120101043756","","","",""
"有限会社小野鉛工所","6703435389507","","","","","","","972-0161","福島県いわき市遠野町上遠野若宮38-21","","","","","","","","","","","","","","","8380002022880","","","",""
"株式会社小野田商店","6256074667819","","","","","","","334-0004","埼玉県川口市大字辻678","","","","","","","","","","","","","","","1030001073099","","","",""
"小野田森村マグネシウム株式会社","5310148036299","","","","","","","509-5402","岐阜県土岐市曽木町1663","","","","","","","","","","","","","","","4200001021236","","","",""
"小野電線株式会社","4108210238190","","","","","","","661-0975","兵庫県尼崎市下坂部四丁目3-15","","","","","","","","","","","","","","","4140001048137","","","",""
"小畑工業株式会社","4678215254365","","","","","","","661-0002","兵庫県尼崎市塚口町三丁目43-8","","","","","","","","","","","","","","","5140001048144","","","",""
"ＯＢＡＲＡエナジーコンポーネンツ株式会社","1273888018522","","","","","","","315-0002","茨城県石岡市柏原4-2","","","","","","","","","","","","","","","2010401157080","","","",""
"有限会社小尾ダイカスト","8397814377607","","","","","","","470-0206","愛知県みよし市莇生町原17-2","","","","","","","","","","","","","","","5180302024047","","","",""
"株式会社オプトクエスト","9959815013463","","","","","","","362-0021","埼玉県上尾市大字原市1335","","","","","","","","","","","","","","","6030001042561","","","",""
"株式会社オプトハブ","6119651164388","","","","","","","389-0512","長野県東御市滋野乙1382-1","","","","","","","","","","","","","","","3100001010720","","","",""
"オプトライズ株式会社","2999813488738","","","","","","","329-2711","栃木県那須塩原市石林844-21","","","","","","","","","","","","","","","3060001023124","","","",""
"株式会社オミゴウキン","9234522096944","","","","","","","935-0036","富山県氷見市下田子185","","","","","","","","","","","","","","","7230001011512","","","",""
"有限会社オヤナギ工業","7997451911447","","","","","","","959-1375","新潟県加茂市小橋一丁目1-25","","","","","","","","","","","","","","","6110002018206","","","",""
"Ｏｒａｎｏ　Ｒｅｃｙｃｌｉｎｇ　Ｊａｐａｎ株式会社","6459600700865","","","","","","","105-0001","東京都港区虎ノ門一丁目16-4","","","","","","","","","","","","","","","6010401097884","","","",""
"株式会社オリエントヒーター","9130949929384","","","","","","","552-0013","大阪府大阪市港区福崎二丁目1-55","","","","","","","","","","","","","","","2120001042184","","","",""
"株式会社音光堂","1145935621915","","","","","","","720-0832","広島県福山市水呑町4023-3","","","","","","","","","","","","","","","2240001048715","","","",""
"株式会社オンタック電子","9295246185549","","","","","","","370-3334","群馬県高崎市本郷町254-10","","","","","","","","","","","","","","","2070001006426","","","",""
"株式会社オンダ製作所","7268089268449","","","","","","","501-3263","岐阜県関市広見851-3","","","","","","","","","","","","","","","2200001006536","","","",""
"株式会社オンダ製作所関工場","9667823784363","","","","","","","501-3263","岐阜県関市広見851-3","","","","","","","","","","","","","","","4200001019024","","","",""
"株式会社オンダバルブ","2367591397014","","","","","","","501-2257","岐阜県山県市富永56","","","","","","","","","","","","","","","6200001006540","","","",""
"株式会社オンダマテック","7260341879896","","","","","","","501-2257","岐阜県山県市富永56","","","","","","","","","","","","","","","8200001006539","","","",""
"恩地金属箔粉株式会社","7854578743115","","","","","","","920-0031","石川県金沢市広岡二丁目6-10","","","","","","","","","","","","","","","6220001001663","","","",""
"有限会社甲斐工業","7529251018132","","","","","","","357-0213","埼玉県飯能市大字坂石町分5-1","","","","","","","","","","","","","","","1030002119347","","","",""
"海光電業株式会社","8896923583105","","","","","","","150-0022","東京都渋谷区恵比寿南一丁目11-15 恵比寿KDビル","","","","","","","","","","","","","","","2011001005365","","","",""
"開進工業株式会社","1367257745069","","","","","","","174-0065","東京都板橋区若木一丁目19-3","","","","","","","","","","","","","","","5011401001291","","","",""
"合資会社甲斐鋳造所","4751981002042","","","","","","","882-0033","宮崎県延岡市川原崎町164","","","","","","","","","","","","","","","9350003001092","","","",""
"株式会社カイネ精密工業","9338693402744","","","","","","","960-8201","福島県福島市岡島戸切場1-12","","","","","","","","","","","","","","","9380001003666","","","",""
"開明伸銅株式会社","5081001150760","","","","","","","621-0013","京都府亀岡市大井町並河三丁目10-1","","","","","","","","","","","","","","","8130001035520","","","",""
"有限会社香川ダイカスト工業所","8016058166857","","","","","","","661-0965","兵庫県尼崎市次屋三丁目11-19","","","","","","","","","","","","","","","1140002040384","","","",""
"株式会社柿木製作所","6933506971321","","","","","","","323-0803","栃木県小山市大字北飯田78-4","","","","","","","","","","","","","","","2060001014173","","","",""
"ＫＡＫＵＴＡテックフォージング株式会社","9685009998061","","","","","","","174-0071","東京都板橋区常盤台二丁目12-10","","","","","","","","","","","","","","","3011401004222","","","",""
"株式会社カクダイ","9191074096960","","","","","","","550-0012","大阪府大阪市西区立売堀一丁目4-4","","","","","","","","","","","","","","","4120001042208","","","",""
"カクチョウ株式会社","7516792700488","","","","","","","990-2351","山形県山形市鋳物町14","","","","","","","","","","","","","","","1390001000430","","","",""
"景山産業株式会社","1186616557065","","","","","","","289-2522","千葉県旭市足川3950","","","","","","","","","","","","","","","4040001061645","","","",""
"景山産業株式会社","7047762039357","","","","","","","709-3123","岡山県岡山市北区建部町土師方1282","","","","","","","","","","","","","","","7260001024643","","","",""
"株式会社鹿子製作所","5387172920821","","","","","","","933-0959","富山県高岡市長江418-5","","","","","","","","","","","","","","","5230001012289","","","",""
"鹿児島部品株式会社","1914859489800","","","","","","","893-1103","鹿児島県鹿屋市吾平町麓4245-2","","","","","","","","","","","","","","","4340001013847","","","",""
"株式会社カサイ","3224415298572","","","","","","","950-2034","新潟県新潟市西区新田517","","","","","","","","","","","","","","","9110001001069","","","",""
"有限会社葛西商店","3703614949813","","","","","","","338-0835","埼玉県さいたま市桜区大字道場2212-17","","","","","","","","","","","","","","","9030002003329","","","",""
"株式会社笠倉メテック","2704848161097","","","","","","","333-0863","埼玉県川口市在家町24-1","","","","","","","","","","","","","","","9030001074313","","","",""
"有限会社笠原製作所","4467523307768","","","","","","","131-0043","東京都墨田区立花六丁目2-3","","","","","","","","","","","","","","","4010602010136","","","",""
"笠間製箔株式会社","1799311497654","","","","","","","920-0842","石川県金沢市元町二丁目16-8","","","","","","","","","","","","","","","4220001001780","","","",""
"カザト株式会社","7871880131516","","","","","","","174-0054","東京都板橋区宮本町1-6","","","","","","","","","","","","","","","2011401001352","","","",""
"有限会社柏伸銅","1368540550380","","","","","","","304-0822","茨城県下妻市皆葉1196-5","","","","","","","","","","","","","","","3050002045275","","","",""
"カジウメ工業株式会社","3463496155604","","","","","","","737-1217","広島県呉市音戸町渡子一丁目4-8","","","","","","","","","","","","","","","2240001026778","","","",""
"株式会社梶原製作所","7811258066858","","","","","","","933-0842","富山県高岡市横田町三丁目3-22","","","","","","","","","","","","","","","7230001009845","","","",""
"有限会社梶原電機製作所","2045134966102","","","","","","","491-0003","愛知県一宮市春明南本郷3","","","","","","","","","","","","","","","6180002076049","","","",""
"有限会社粕尾製作所","8413095037088","","","","","","","321-0214","栃木県下都賀郡壬生町大字壬生甲3086-1","","","","","","","","","","","","","","","5060002034969","","","",""
"株式会社春日井アルマイト","5278240431680","","","","","","","463-0070","愛知県名古屋市守山区新守山3115","","","","","","","","","","","","","","","8180001050795","","","",""
"株式会社春日工業所","2126816507200","","","","","","","452-0961","愛知県清須市春日弐屋敷61","","","","","","","","","","","","","","","5180002040229","","","",""
"有限会社加瀬合金鋳造所","3125843370588","","","","","","","447-0872","愛知県碧南市源氏神明町64","","","","","","","","","","","","","","","9180302019927","","","",""
"片岡金属株式会社","5584529736873","","","","","","","106-0047","東京都港区南麻布一丁目5-21","","","","","","","","","","","","","","","2010401006790","","","",""
"片岡軽金属株式会社","4188829621549","","","","","","","573-0132","大阪府枚方市野村元町2-1","","","","","","","","","","","","","","","8120001149313","","","",""
"有限会社片岡ケミテク","2720255365609","","","","","","","851-2107","長崎県西彼杵郡時津町久留里郷1527-2","","","","","","","","","","","","","","","4310002007669","","","",""
"株式会社片木アルミニューム製作所","4189602628462","","","","","","","590-0504","大阪府泉南市信達市場2045","","","","","","","","","","","","","","","3120101044030","","","",""
"片桐貴金属工業株式会社","8511333805279","","","","","","","114-0012","東京都北区田端新町三丁目11-2","","","","","","","","","","","","","","","4011501001003","","","",""
"有限会社片桐ダイカスト","1336717817648","","","","","","","505-0052","岐阜県美濃加茂市加茂野町今泉238-2","","","","","","","","","","","","","","","2200002016014","","","",""
"有限会社カタシ電機製作所","9988289404888","","","","","","","192-0906","東京都八王子市北野町520-3","","","","","","","","","","","","","","","5010102001816","","","",""
"株式会社カチガワ","4411489726633","","","","","","","485-0073","愛知県小牧市大字舟津柏瀬52","","","","","","","","","","","","","","","4180001075706","","","",""
"株式会社加地テック","2582191842337","","","","","","","587-0064","大阪府堺市美原区菩提6","","","","","","","","","","","","","","","2120101021427","","","",""
"有限会社勝村ダイカスト","7456799464880","","","","","","","411-0822","静岡県三島市松本188-40","","","","","","","","","","","","","","","3080102012701","","","",""
"株式会社加藤一鋼材","9743988332285","","","","","","","452-0946","愛知県清須市廻間一丁目20-2","","","","","","","","","","","","","","","9180001045308","","","",""
"加藤軽金属株式会社","6831214269506","","","","","","","143-0024","東京都大田区中央七丁目6-19","","","","","","","","","","","","","","","4010801002529","","","",""
"加藤軽金属工業株式会社","7941071596281","","","","","","","497-0052","愛知県海部郡蟹江町西之森三丁目47","","","","","","","","","","","","","","","2180001096803","","","",""
"有限会社加藤軽金属工業所","3970902278903","","","","","","","303-0042","茨城県常総市坂手町4273","","","","","","","","","","","","","","","8050002039660","","","",""
"株式会社加藤工業所","5284671693634","","","","","","","322-0033","栃木県鹿沼市府所町20","","","","","","","","","","","","","","","6060001010904","","","",""
"加藤産業株式会社","5144753251790","","","","","","","170-0011","東京都豊島区池袋本町三丁目7-18","","","","","","","","","","","","","","","6013301002526","","","",""
"有限会社加藤ダイカスト工業所","9643726457581","","","","","","","174-0052","東京都板橋区蓮沼町58-3","","","","","","","","","","","","","","","4011402002281","","","",""
"有限会社加藤電線","1896718439317","","","","","","","615-0905","京都府京都市右京区梅津石灘町27","","","","","","","","","","","","","","","2130002000421","","","",""
"株式会社カトー通信工業","9473267298191","","","","","","","385-0000","長野県佐久市入澤3213-3","","","","","","","","","","","","","","","9100001007109","","","",""
"金井金属工業株式会社","9639352751158","","","","","","","371-0846","群馬県前橋市元総社町337-4","","","","","","","","","","","","","","","9070001000711","","","",""
"金井軽合金株式会社","3691305670442","","","","","","","547-0023","大阪府大阪市平野区瓜破南二丁目1-23","","","","","","","","","","","","","","","7120001132740","","","",""
"有限会社金井商店","9861343335478","","","","","","","538-0041","大阪府大阪市鶴見区今津北二丁目10-22","","","","","","","","","","","","","","","4120002000981","","","",""
"有限会社金井製作所","2674328373189","","","","","","","334-0076","埼玉県川口市本蓮二丁目8-34","","","","","","","","","","","","","","","8030002101728","","","",""
"金井電器産業株式会社","9312903060651","","","","","","","371-0846","群馬県前橋市元総社町337","","","","","","","","","","","","","","","8070001000712","","","",""
"株式会社神奈川アルミ加工","7164248317875","","","","","","","235-0021","神奈川県横浜市磯子区岡村八丁目19-1","","","","","","","","","","","","","","","3020001062076","","","",""
"神奈川ダイカスト工業株式会社","5545541903276","","","","","","","259-1306","神奈川県秦野市戸川15","","","","","","","","","","","","","","","4021001051349","","","",""
"神奈川ホールディングス株式会社","3992355404462","","","","","","","259-1306","神奈川県秦野市戸川15","","","","","","","","","","","","","","","3021001022433","","","",""
"有限会社金森軽合金","9558823909187","","","","","","","399-3105","長野県下伊那郡高森町牛牧2693","","","","","","","","","","","","","","","8100002038104","","","",""
"株式会社金森合金","8854393625016","","","","","","","920-0348","石川県金沢市松村六丁目100","","","","","","","","","","","","","","","5220001001887","","","",""
"カナモリ電機株式会社","3848581188448","","","","","","","174-0074","東京都板橋区東新町二丁目58-7","","","","","","","","","","","","","","","9011401001445","","","",""
"株式会社金森メタル","7568434194327","","","","","","","939-1305","富山県砺波市千保195-4","","","","","","","","","","","","","","","6230001008220","","","",""
"香流工業株式会社","6954476657224","","","","","","","480-1183","愛知県長久手市西原32-1","","","","","","","","","","","","","","","2180001067820","","","",""
"カナレコネクティッドプロダクツ株式会社","8175581987023","","","","","","","222-0033","神奈川県横浜市港北区新横浜三丁目9-18 新横浜TECHビルA館6階","","","","","","","","","","","","","","","2020001095572","","","",""
"カナレ電気株式会社","2446576368973","","","","","","","222-0033","神奈川県横浜市港北区新横浜三丁目9-18 新横浜TECHビルA館","","","","","","","","","","","","","","","8180001067823","","","",""
"株式会社河南伸銅所","8654319209115","","","","","","","580-0045","大阪府松原市三宅西一丁目357-1","","","","","","","","","","","","","","","1120101025032","","","",""
"鹿沼理化工業株式会社","5448735477226","","","","","","","322-0076","栃木県鹿沼市上日向333-1","","","","","","","","","","","","","","","6060001010334","","","",""
"兼希工業株式会社","6052935202365","","","","","","","372-0022","群馬県伊勢崎市日乃出町1038-38","","","","","","","","","","","","","","","1070001013209","","","",""
"金子コード株式会社","8567086523231","","","","","","","143-0026","東京都大田区西馬込二丁目1-5","","","","","","","","","","","","","","","7010801002641","","","",""
"兼子合金株式会社","6524048883143","","","","","","","444-0516","愛知県西尾市吉良町吉田西中浜71","","","","","","","","","","","","","","","4180301022977","","","",""
"鐘通株式会社","4455869524108","","","","","","","601-8448","京都府京都市南区西九条豊田町1","","","","","","","","","","","","","","","6130001010863","","","",""
"株式会社カネヒデ","5422902070728","","","","","","","252-0245","神奈川県相模原市中央区田名塩田一丁目14-8","","","","","","","","","","","","","","","4021001014925","","","",""
"株式会社カネヒロ","1759438807575","","","","","","","101-0032","東京都千代田区岩本町二丁目11-2 イトーピア岩本町2丁目ビル8F","","","","","","","","","","","","","","","3010001014136","","","",""
"兼藤産業株式会社","5807490463497","","","","","","","240-0036","神奈川県横浜市保土ケ谷区新桜ケ丘一丁目48-26","","","","","","","","","","","","","","","2020001009755","","","",""
"株式会社カネヤマ","3294188603146","","","","","","","393-0000","長野県諏訪郡下諏訪町5020-1","","","","","","","","","","","","","","","1100001018261","","","",""
"株式会社加野ダイカスト工業所","4616671171842","","","","","","","935-0035","富山県氷見市上田子29-3","","","","","","","","","","","","","","","2230001011525","","","",""
"有限会社樺澤ダイカスト工業所","2333168366177","","","","","","","370-3103","群馬県高崎市箕郷町下芝727-1","","","","","","","","","","","","","","","8070002014091","","","",""
"株式会社椛島鍛圧","2299862932744","","","","","","","832-0083","福岡県柳川市南浜武196-1","","","","","","","","","","","","","","","7290001054605","","","",""
"有限会社蒲谷銅工店","9890586708546","","","","","","","236-0024","神奈川県横浜市金沢区乙舳町14-24","","","","","","","","","","","","","","","9020002007842","","","",""
"鹿北ステンレス有限会社","3071677260809","","","","","","","899-0125","鹿児島県出水市黄金町616","","","","","","","","","","","","","","","1340002022288","","","",""
"蒲田金属工業株式会社","1504956980572","","","","","","","969-1301","福島県安達郡大玉村大山木ノ下51-5","","","","","","","","","","","","","","","5380001009642","","","",""
"株式会社蒲田鋳造所","3246005136625","","","","","","","143-0003","東京都大田区京浜島二丁目20-11","","","","","","","","","","","","","","","1010801002746","","","",""
"釜万鑄工株式会社","6408097807833","","","","","","","933-0945","富山県高岡市金屋本町1-47","","","","","","","","","","","","","","","2230001009882","","","",""
"有限会社上岡軽合金鋳造所","9889454688329","","","","","","","323-1107","栃木県栃木市藤岡町大田和818","","","","","","","","","","","","","","","1060002033529","","","",""
"神岡鉱業株式会社","4142380540136","","","","","","","506-1114","岐阜県飛驒市神岡町鹿間1-1","","","","","","","","","","","","","","","7200001025515","","","",""
"有限会社上村製作所","5080023782758","","","","","","","959-1280","新潟県燕市花見626","","","","","","","","","","","","","","","5110002019114","","","",""
"株式会社亀井工業","7945284847815","","","","","","","875-0082","大分県臼杵市大字稲田577-1","","","","","","","","","","","","","","","8320201000560","","","",""
"株式会社亀田製作所","7931579418204","","","","","","","018-1224","秋田県由利本荘市岩城六呂田平五沢22-1","","","","","","","","","","","","","","","7410001004984","","","",""
"有限会社亀田製作所","7743160690365","","","","","","","660-0832","兵庫県尼崎市東初島町24-7","","","","","","","","","","","","","","","8140002040477","","","",""
"亀水化学工業株式会社","1187918057092","","","","","","","572-0071","大阪府寝屋川市豊里町17-16","","","","","","","","","","","","","","","6120001147632","","","",""
"鴨川工業株式会社","6790929548477","","","","","","","297-0071","千葉県茂原市黒戸中ノ谷20","","","","","","","","","","","","","","","7040001059125","","","",""
"華陽電線株式会社","6586648330392","","","","","","","167-0034","東京都杉並区桃井四丁目1-3","","","","","","","","","","","","","","","9011301001719","","","",""
"カルモ鋳工株式会社","8213280231626","","","","","","","651-2271","兵庫県神戸市西区高塚台三丁目1-45","","","","","","","","","","","","","","","2140001004629","","","",""
"有限会社河合金属製作所","4751602985927","","","","","","","596-0012","大阪府岸和田市新港町3-6","","","","","","","","","","","","","","","7120102025100","","","",""
"河合シヤーリング株式会社","8600686438435","","","","","","","503-0985","岐阜県大垣市野口三丁目1-5","","","","","","","","","","","","","","","3200001013457","","","",""
"カワイ精密金属株式会社","8306001459619","","","","","","","431-2103","静岡県浜松市浜名区新都田一丁目4-3","","","","","","","","","","","","","","","9080401001325","","","",""
"カワイ電線株式会社","1457276231310","","","","","","","533-0004","大阪府大阪市東淀川区小松三丁目20-46","","","","","","","","","","","","","","","3120001051465","","","",""
"河合メタル株式会社","6244463265178","","","","","","","581-0039","大阪府八尾市太田新町七丁目109-2","","","","","","","","","","","","","","","9122001018182","","","",""
"川上工業株式会社","8173567696282","","","","","","","716-0204","岡山県高梁市川上町領家1262","","","","","","","","","","","","","","","4260001019010","","","",""
"株式会社川上製作所","8361874656965","","","","","","","581-0052","大阪府八尾市竹渕三丁目155","","","","","","","","","","","","","","","3122001018163","","","",""
"河上船舶機器株式会社","6128730001315","","","","","","","812-0042","福岡県福岡市博多区豊二丁目3-61","","","","","","","","","","","","","","","4290001012292","","","",""
"株式会社川金ダイカスト工業","1958877171237","","","","","","","961-0835","福島県白河市白坂陣場15","","","","","","","","","","","","","","","1010001086202","","","",""
"株式会社川口軽合金製作所","3596875881525","","","","","","","332-0032","埼玉県川口市中青木一丁目9-20","","","","","","","","","","","","","","","6030001074209","","","",""
"株式会社川口工業所","7104808900450","","","","","","","350-0837","埼玉県川越市大字石田96-1","","","","","","","","","","","","","","","8030001058382","","","",""
"株式会社川口ダイカスト","4734640577086","","","","","","","333-0861","埼玉県川口市柳崎一丁目8-32","","","","","","","","","","","","","","","5030001074242","","","",""
"有限会社川口鉄工所","1827677681504","","","","","","","581-0035","大阪府八尾市西弓削二丁目38-4","","","","","","","","","","","","","","","7122002013473","","","",""
"株式会社川崎","1982656155155","","","","","","","537-0013","大阪府大阪市東成区大今里南四丁目2-13","","","","","","","","","","","","","","","7120001012026","","","",""
"川崎圧延株式会社","2901469795119","","","","","","","135-0042","東京都江東区木場六丁目6-20","","","","","","","","","","","","","","","7010601000060","","","",""
"川崎貴金属工業株式会社","4699722854939","","","","","","","210-0837","神奈川県川崎市川崎区渡田四丁目11-9","","","","","","","","","","","","","","","7020001072526","","","",""
"株式会社川崎鉄工所","5367698119092","","","","","","","820-0021","福岡県飯塚市潤野341","","","","","","","","","","","","","","","4290001045417","","","",""
"川崎電線株式会社","4763108429689","","","","","","","213-0012","神奈川県川崎市高津区坂戸一丁目13-3","","","","","","","","","","","","","","","1020001066062","","","",""
"株式会社川鹿電機商会","3700998112014","","","","","","","532-0033","大阪府大阪市淀川区新高三丁目9-3","","","","","","","","","","","","","","","1120001054577","","","",""
"有限会社川路製作所","4205336395501","","","","","","","451-0021","愛知県名古屋市西区天塚町二丁目35-4","","","","","","","","","","","","","","","8180002023073","","","",""
"川隅鋳造株式会社","9554419757780","","","","","","","447-0065","愛知県碧南市久沓町四丁目32","","","","","","","","","","","","","","","7180301015136","","","",""
"有限会社川西軽金属","4706997675714","","","","","","","585-0002","大阪府南河内郡河南町大字一須賀483-3","","","","","","","","","","","","","","","3120102019667","","","",""
"有限会社河端ダイカスト","2006408473431","","","","","","","669-6344","兵庫県豊岡市竹野町椒628","","","","","","","","","","","","","","","3140002046165","","","",""
"川端ダイカスト有限会社","3086439015912","","","","","","","661-0984","兵庫県尼崎市御園二丁目12-10","","","","","","","","","","","","","","","5140002040513","","","",""
"川村金属工業株式会社","6091720458118","","","","","","","319-1231","茨城県日立市留町原後1045-9","","","","","","","","","","","","","","","8050001023021","","","",""
"株式会社カワムラ精器","7549096837655","","","","","","","384-0302","長野県佐久市勝間180","","","","","","","","","","","","","","","2100001007107","","","",""
"有限会社川本半田工業所","8788474815027","","","","","","","682-0025","鳥取県倉吉市八屋269-1","","","","","","","","","","","","","","","8270002009955","","","",""
"株式会社川和工業所","2094664816256","","","","","","","319-3115","茨城県常陸大宮市照田14","","","","","","","","","","","","","","","4050001026738","","","",""
"関光電材株式会社","5100644580632","","","","","","","320-0053","栃木県宇都宮市戸祭町3065-8","","","","","","","","","","","","","","","2060001001188","","","",""
"有限会社関西エンジニアリング","9463531033192","","","","","","","596-0814","大阪府岸和田市岡山町810-69","","","","","","","","","","","","","","","7120102020968","","","",""
"株式会社関西金山鋳造","4270883172163","","","","","","","581-0052","大阪府八尾市竹渕五丁目118","","","","","","","","","","","","","","","9122001018190","","","",""
"株式会社関西金属製作所","2575176810101","","","","","","","544-0004","大阪府大阪市生野区巽北四丁目14-30","","","","","","","","","","","","","","","2120001017178","","","",""
"関西触媒化学株式会社","4710896290045","","","","","","","590-0837","大阪府堺市堺区柏木町一丁3-13","","","","","","","","","","","","","","","2120101001239","","","",""
"関西通信電線株式会社","9015976089785","","","","","","","665-0043","兵庫県宝塚市高松町13-34","","","","","","","","","","","","","","","4140001081336","","","",""
"関西電工株式会社","6564902726380","","","","","","","577-0026","大阪府東大阪市新家東町1-41","","","","","","","","","","","","","","","6122001008590","","","",""
"関西パイプ工業株式会社","6589077070190","","","","","","","547-0001","大阪府大阪市平野区加美北四丁目8-4","","","","","","","","","","","","","","","3120001019925","","","",""
"有限会社神崎鋳工所","9387497717419","","","","","","","143-0014","東京都大田区大森中一丁目19-7","","","","","","","","","","","","","","","5010802003459","","","",""
"寛大工業株式会社","7108461119339","","","","","","","583-0867","大阪府羽曳野市河原城828-3","","","","","","","","","","","","","","","8120101052937","","","",""
"有限会社神田合金鋳造","8614644117701","","","","","","","410-0022","静岡県沼津市大岡南小林3364-4","","","","","","","","","","","","","","","6080102000884","","","",""
"関東化学株式会社","7876851905718","","","","","","","190-1221","東京都西多摩郡瑞穂町大字箱根ケ崎松原1623","","","","","","","","","","","","","","","8013101001288","","","",""
"株式会社関東金属","2221235128399","","","","","","","278-0041","千葉県野田市蕃昌376","","","","","","","","","","","","","","","6040001071155","","","",""
"株式会社関東金属工業所","1016897627392","","","","","","","321-3423","栃木県芳賀郡市貝町大字市塙6-5","","","","","","","","","","","","","","","3060001010114","","","",""
"関東ダイカスト株式会社","6470483683999","","","","","","","144-0056","東京都大田区西六郷一丁目32-16","","","","","","","","","","","","","","","4010801002561","","","",""
"関東通測機器株式会社","4462726293922","","","","","","","202-0022","東京都西東京市柳沢六丁目1-2 宮澤ビル2階","","","","","","","","","","","","","","","7011201007058","","","",""
"有限会社関東電熱","2980343754109","","","","","","","321-4217","栃木県芳賀郡益子町大字益子3270-220","","","","","","","","","","","","","","","1060002018059","","","",""
"株式会社カンノ","4947447651570","","","","","","","399-0000","長野県松本市大字和田南西原3967-42","","","","","","","","","","","","","","","5100001015560","","","",""
"有限会社菅野電工","8532959359700","","","","","","","964-0993","福島県二本松市田町159-1","","","","","","","","","","","","","","","1380002016179","","","",""
"上林化学株式会社","5266297670788","","","","","","","630-8045","奈良県奈良市六条緑町一丁目1-1","","","","","","","","","","","","","","","4150001000559","","","",""
"関門産業株式会社","4924054195040","","","","","","","752-0927","山口県下関市長府扇町9-24","","","","","","","","","","","","","","","2250001005293","","","",""
"有限会社キカワダ","6009632597794","","","","","","","284-0008","千葉県四街道市鹿放ケ丘205-2","","","","","","","","","","","","","","","7040002062061","","","",""
"株式会社菊島","1521408273710","","","","","","","407-0261","山梨県韮崎市中田町小田川中道191","","","","","","","","","","","","","","","4090001011067","","","",""
"キクスイ電機株式会社","2314467518996","","","","","","","806-0013","福岡県北九州市八幡西区清納一丁目6-35","","","","","","","","","","","","","","","3290801012708","","","",""
"株式会社菊地","3222387270142","","","","","","","257-0015","神奈川県秦野市平沢65","","","","","","","","","","","","","","","2021001022475","","","",""
"菊池アルミ工業株式会社","4995156635516","","","","","","","271-0061","千葉県松戸市栄町西一丁目852-4","","","","","","","","","","","","","","","6040001035184","","","",""
"有限会社菊池シェル","2646087191950","","","","","","","963-5112","福島県東白川郡矢祭町大字宝坂柳町97","","","","","","","","","","","","","","","2380002019247","","","",""
"株式会社菊地保寿堂","5302057604087","","","","","","","990-2351","山形県山形市鋳物町12","","","","","","","","","","","","","","","9390001000489","","","",""
"株式会社菊和","5874755274300","","","","","","","174-0071","東京都板橋区常盤台一丁目36-16","","","","","","","","","","","","","","","7011401001554","","","",""
"株式会社キザキ","6922844606218","","","","","","","271-0092","千葉県松戸市松戸1495","","","","","","","","","","","","","","","4040001037372","","","",""
"株式会社岸田工業所","9465344062434","","","","","","","581-0812","大阪府八尾市山賀町二丁目5-1","","","","","","","","","","","","","","","1122001022778","","","",""
"株式会社岸本鉄工所","7204274938361","","","","","","","708-0872","岡山県津山市平福492","","","","","","","","","","","","","","","6260001019693","","","",""
"木島通信電線株式会社","4306190381042","","","","","","","153-0042","東京都目黒区青葉台二丁目19-2","","","","","","","","","","","","","","","7013201001552","","","",""
"株式会社北川製作所","4732785132772","","","","","","","120-0044","東京都足立区千住緑町一丁目23-1","","","","","","","","","","","","","","","1011801007165","","","",""
"有限会社北久保製作所","5067674932420","","","","","","","189-0021","東京都東村山市諏訪町一丁目19-7","","","","","","","","","","","","","","","4012702002533","","","",""
"北産業株式会社","9945632255095","","","","","","","224-0042","神奈川県横浜市都筑区大熊町31-2","","","","","","","","","","","","","","","9020001008478","","","",""
"株式会社北島金属","4164119833292","","","","","","","923-0021","石川県小松市島田町リ34","","","","","","","","","","","","","","","5220001011911","","","",""
"有限会社北島工作所","4649199373367","","","","","","","492-8411","愛知県稲沢市北島町城30-1","","","","","","","","","","","","","","","9180002080543","","","",""
"株式会社北島ダイカスト工業所","1767739400249","","","","","","","333-0844","埼玉県川口市上青木二丁目18-25","","","","","","","","","","","","","","","7030001079280","","","",""
"有限会社北爪製作所","9195170000779","","","","","","","371-0244","群馬県前橋市鼻毛石町72","","","","","","","","","","","","","","","8070002001610","","","",""
"有限会社北長瀬軽金属工業","9805861319311","","","","","","","700-0961","岡山県岡山市北区北長瀬本町675-5","","","","","","","","","","","","","","","6260002002921","","","",""
"北日本電線株式会社","7884427329228","","","","","","","982-0804","宮城県仙台市太白区鈎取向原前6-2","","","","","","","","","","","","","","","3370001001619","","","",""
"有限会社北野シャーリング","4760766018011","","","","","","","579-8003","大阪府東大阪市日下町三丁目1-5 613号","","","","","","","","","","","","","","","8122002005701","","","",""
"北原電材株式会社","3443396039556","","","","","","","277-0023","千葉県柏市中央二丁目9-1","","","","","","","","","","","","","","","4040001065464","","","",""
"株式会社北村軽合金","7926487785545","","","","","","","592-0001","大阪府高石市高砂二丁目3-1","","","","","","","","","","","","","","","6120101008255","","","",""
"株式会社キッツメタルワークス","2700134437409","","","","","","","391-0013","長野県茅野市宮川小早川7377","","","","","","","","","","","","","","","4100001018993","","","",""
"有限会社キットウ","5545301607611","","","","","","","392-0131","長野県諏訪市大字湖南3099","","","","","","","","","","","","","","","9100002028046","","","",""
"株式会社木下紙店","9327389364474","","","","","","","920-0831","石川県金沢市東山二丁目17-7","","","","","","","","","","","","","","","5220001002357","","","",""
"キハラ金属株式会社","4384118437183","","","","","","","792-0896","愛媛県新居浜市阿島一丁目5-27","","","","","","","","","","","","","","","6500001010941","","","",""
"有限会社喜福","3024548072228","","","","","","","959-1155","新潟県三条市福島新田878-3","","","","","","","","","","","","","","","7110002018683","","","",""
"木村金属工業株式会社","6397475436542","","","","","","","545-0001","大阪府大阪市阿倍野区天王寺町北三丁目16-9","","","","","","","","","","","","","","","4120001005098","","","",""
"木村金属箔粉工業株式会社","4692614466847","","","","","","","615-0065","京都府京都市右京区西院日照町96-97","","","","","","","","","","","","","","","4130001000536","","","",""
"木村合金株式会社","3132973507767","","","","","","","721-0957","広島県福山市箕島町6547-1","","","","","","","","","","","","","","","5240001030356","","","",""
"株式会社木村銅合金","4250793260941","","","","","","","334-0076","埼玉県川口市本蓮三丁目21-7","","","","","","","","","","","","","","","8030002102057","","","",""
"株式会社キムラナゲット","6754783906231","","","","","","","545-0001","大阪府大阪市阿倍野区天王寺町北三丁目16-9","","","","","","","","","","","","","","","7120001096507","","","",""
"株式会社キャステク","9988045824820","","","","","","","386-1605","長野県小県郡青木村大字夫神1282","","","","","","","","","","","","","","","7100001010477","","","",""
"株式会社キャステック","7799889167426","","","","","","","349-1148","埼玉県加須市豊野台二丁目717-6","","","","","","","","","","","","","","","7030001033080","","","",""
"株式会社キャステム","8926738323566","","","","","","","720-0004","広島県福山市御幸町大字中津原1808-1","","","","","","","","","","","","","","","4240001034952","","","",""
"キャストンジャパン株式会社","9734464979349","","","","","","","165-0031","東京都中野区上鷺宮四丁目20-7","","","","","","","","","","","","","","","6011201006738","","","",""
"株式会社キャテック","4469749893054","","","","","","","474-0026","愛知県大府市桃山町一丁目95-2","","","","","","","","","","","","","","","2180001092463","","","",""
"株式会社キャデット","5465123364742","","","","","","","144-0046","東京都大田区東六郷一丁目27-4","","","","","","","","","","","","","","","9010801003183","","","",""
"キャボットスーパーメタル株式会社","7696442520486","","","","","","","105-0012","東京都港区芝大門二丁目5-5","","","","","","","","","","","","","","","3010401014529","","","",""
"株式会社九州タブチ","4958259415798","","","","","","","899-4317","鹿児島県霧島市国分上野原テクノパーク11-8","","","","","","","","","","","","","","","3340001007222","","","",""
"株式会社九州ダイキアルミ","6403978084455","","","","","","","811-2131","福岡県糟屋郡宇美町貴船三丁目8-1","","","","","","","","","","","","","","","9290001038267","","","",""
"九州電気株式会社","6649743775429","","","","","","","101-0021","東京都千代田区外神田一丁目14-2","","","","","","","","","","","","","","","6010001014265","","","",""
"九州特種電線株式会社","5787339588139","","","","","","","820-0073","福岡県飯塚市平恒 飯塚工業団地","","","","","","","","","","","","","","","7290001045439","","","",""
"九州ネットワークケーブル株式会社","5420307835549","","","","","","","861-3241","熊本県上益城郡甲佐町大字早川2001","","","","","","","","","","","","","","","9330001011013","","","",""
"有限会社キューズテック","8033486372943","","","","","","","039-2828","青森県上北郡七戸町字森ケ沢168-6","","","","","","","","","","","","","","","8420002019071","","","",""
"株式会社共栄アルミ","1768618554909","","","","","","","097-0015","北海道稚内市朝日五丁目1-5","","","","","","","","","","","","","","","7450001008081","","","",""
"株式会社共栄アルミニウム工業所","8963072065216","","","","","","","581-0092","大阪府八尾市老原九丁目81","","","","","","","","","","","","","","","2122001018288","","","",""
"共栄エンジニアリング株式会社","5669668725511","","","","","","","959-1961","新潟県阿賀野市山倉1912-2","","","","","","","","","","","","","","","1110001012362","","","",""
"有限会社協栄加工","8743330439121","","","","","","","243-0206","神奈川県厚木市下川入329","","","","","","","","","","","","","","","9021002031386","","","",""
"株式会社共栄軽合金鋳造所","6713383743637","","","","","","","115-0051","東京都北区浮間四丁目16-17","","","","","","","","","","","","","","","9011501001171","","","",""
"有限会社協栄工業","7894734610913","","","","","","","230-0071","神奈川県横浜市鶴見区駒岡一丁目27-59","","","","","","","","","","","","","","","5020002037802","","","",""
"有限会社共栄合金金型鋳造所","6203706680983","","","","","","","410-0811","静岡県沼津市中瀬町21-1","","","","","","","","","","","","","","","2080102001044","","","",""
"共栄合金鋳造株式会社","7682323775387","","","","","","","579-8026","大阪府東大阪市弥生町5-9","","","","","","","","","","","","","","","7122001001941","","","",""
"有限会社共榮産業","5103265275974","","","","","","","971-8111","福島県いわき市小名浜大原西細野地146-1","","","","","","","","","","","","","","","1380002023225","","","",""
"共英製鋼株式会社","1678555754857","","","","","","","530-0004","大阪府大阪市北区堂島浜一丁目4-16 アクア堂島西館18階","","","","","","","","","","","","","","","5120001062898","","","",""
"共栄ダイカスト株式会社","6754325175029","","","","","","","577-0835","大阪府東大阪市柏田西三丁目9-10","","","","","","","","","","","","","","","4122001001952","","","",""
"株式会社協栄ダイカスト","3715870047282","","","","","","","252-0302","神奈川県相模原市南区上鶴間六丁目15-13","","","","","","","","","","","","","","","3021001011816","","","",""
"協栄ダイカスト株式会社","2701293800717","","","","","","","259-1306","神奈川県秦野市戸川6-7","","","","","","","","","","","","","","","9021001023285","","","",""
"株式会社共栄発条","2280774429590","","","","","","","452-0833","愛知県名古屋市西区山木一丁目136","","","","","","","","","","","","","","","2180001025241","","","",""
"輝陽産業株式会社","5846756136938","","","","","","","273-0016","千葉県船橋市潮見町35-7","","","","","","","","","","","","","","","1040001017138","","","",""
"協三軽金属株式会社","3139972391826","","","","","","","421-0121","静岡県静岡市駿河区広野五丁目14-3","","","","","","","","","","","","","","","5010401066634","","","",""
"協材興業株式会社","7488342033847","","","","","","","101-0054","東京都千代田区神田錦町三丁目19-21","","","","","","","","","","","","","","","9010001014725","","","",""
"株式会社共進","7557639026058","","","","","","","987-0511","宮城県登米市迫町佐沼大網227-2","","","","","","","","","","","","","","","9370401000693","","","",""
"株式会社共進","2907046228391","","","","","","","577-0056","大阪府東大阪市長堂三丁目11-5","","","","","","","","","","","","","","","6122001001959","","","",""
"有限会社協伸化学","1144759103990","","","","","","","165-0034","東京都中野区大和町二丁目49-7","","","","","","","","","","","","","","","4011202001772","","","",""
"京都黄銅株式会社","9305918300183","","","","","","","605-0992","京都府京都市東山区下堀詰町264","","","","","","","","","","","","","","","8130001009805","","","",""
"京都工業株式会社","7267317528748","","","","","","","601-8456","京都府京都市南区唐橋南琵琶町23","","","","","","","","","","","","","","","7130001012132","","","",""
"株式会社京都製錬所","9727702723270","","","","","","","621-0125","京都府亀岡市西別院町笑路落合4-3","","","","","","","","","","","","","","","5130001035564","","","",""
"京都電線株式会社","5487979461601","","","","","","","610-0121","京都府城陽市寺田庭井96","","","","","","","","","","","","","","","3130001038338","","","",""
"有限会社共同アルミ製作所","4955819751137","","","","","","","596-0811","大阪府岸和田市下池田町一丁目4-12","","","","","","","","","","","","","","","8120102021008","","","",""
"共同カイテック株式会社","5070589736198","","","","","","","150-0013","東京都渋谷区恵比寿四丁目20-3 恵比寿ガーデンプレイスタワー","","","","","","","","","","","","","","","8011001006250","","","",""
"協働工業株式会社","2433209628405","","","","","","","676-0806","兵庫県高砂市米田町塩市435","","","","","","","","","","","","","","","4140001044004","","","",""
"京町産業株式会社","8865067026991","","","","","","","920-0848","石川県金沢市京町11-11","","","","","","","","","","","","","","","4220001017505","","","",""
"協立金属株式会社","2901614468269","","","","","","","174-0051","東京都板橋区小豆沢一丁目23-10","","","","","","","","","","","","","","","7011401001703","","","",""
"協立金属工業株式会社","6017549106299","","","","","","","236-0004","神奈川県横浜市金沢区福浦二丁目8-23","","","","","","","","","","","","","","","1020001006092","","","",""
"有限会社共立合金所","5632364856368","","","","","","","183-0042","東京都府中市武蔵台一丁目18","","","","","","","","","","","","","","","8012402000825","","","",""
"協立ダイカスト株式会社","3523547560915","","","","","","","174-0054","東京都板橋区宮本町64-10","","","","","","","","","","","","","","","3011401001715","","","",""
"株式会社共立ダイカスト","1508514489136","","","","","","","719-1311","岡山県総社市美袋1446-4","","","","","","","","","","","","","","","7260001015873","","","",""
"株式会社共立ダイカスト加工所","9545337385481","","","","","","","661-0981","兵庫県尼崎市猪名寺二丁目21-35","","","","","","","","","","","","","","","6140001048515","","","",""
"共立電子産業株式会社","4118157864110","","","","","","","556-0004","大阪府大阪市浪速区日本橋西二丁目5-1","","","","","","","","","","","","","","","9120001037913","","","",""
"株式会社協和","2053499797852","","","","","","","370-0072","群馬県高崎市大八木町588","","","","","","","","","","","","","","","1070001026169","","","",""
"有限会社協和","4273409440159","","","","","","","864-0012","熊本県荒尾市本井手1696","","","","","","","","","","","","","","","8330002021722","","","",""
"協和亜鉛工業株式会社","8177620565175","","","","","","","820-1106","福岡県鞍手郡小竹町大字南良津1236","","","","","","","","","","","","","","","3290801009885","","","",""
"株式会社協和アルテック","8709461704225","","","","","","","419-0124","静岡県田方郡函南町塚本13-11","","","","","","","","","","","","","","","3080101005508","","","",""
"有限会社協和アルマイト","5738774835480","","","","","","","335-0025","埼玉県戸田市南町12-9","","","","","","","","","","","","","","","5030002024048","","","",""
"共和・石河キャスティング株式会社","5220360693517","","","","","","","444-1213","愛知県安城市東端町明祥北12-1","","","","","","","","","","","","","","","9180301012651","","","",""
"協和機器組線株式会社","5731132341814","","","","","","","144-0045","東京都大田区南六郷一丁目27-13","","","","","","","","","","","","","","","8010801018505","","","",""
"有限会社協和金属工業所","5058148921434","","","","","","","349-1132","埼玉県加須市旗井一丁目49-8","","","","","","","","","","","","","","","5030002042297","","","",""
"協和技研株式会社","2242716622472","","","","","","","309-1106","茨城県筑西市新治1970-19","","","","","","","","","","","","","","","4050001042405","","","",""
"キョウワ工業株式会社","3239159483054","","","","","","","252-1125","神奈川県綾瀬市吉岡東二丁目3-5","","","","","","","","","","","","","","","1021001027310","","","",""
"協和工業株式会社","2065390105674","","","","","","","436-0224","静岡県掛川市富部275-1","","","","","","","","","","","","","","","7080401014287","","","",""
"有限会社協和合金","6687072714076","","","","","","","334-0063","埼玉県川口市大字東本郷787-6","","","","","","","","","","","","","","","7030002101935","","","",""
"協和合金工業株式会社","3121923877684","","","","","","","270-1406","千葉県白井市中439-5","","","","","","","","","","","","","","","8040001043813","","","",""
"有限会社協和精機製作所","7767470218964","","","","","","","424-0037","静岡県静岡市清水区袖師町813-1","","","","","","","","","","","","","","","5080002009663","","","",""
"有限会社共和製作所","9971516916496","","","","","","","430-0929","静岡県浜松市中央区中央三丁目1-21","","","","","","","","","","","","","","","9080402002479","","","",""
"共和ダイカスト株式会社","7163755231523","","","","","","","369-1202","埼玉県大里郡寄居町大字桜沢1560-17","","","","","","","","","","","","","","","2030001109166","","","",""
"株式会社共和鑄造所","4855318585263","","","","","","","715-0006","岡山県井原市西江原町5418-3","","","","","","","","","","","","","","","5260001018201","","","",""
"株式会社共和テック","8222294961530","","","","","","","581-0076","大阪府八尾市南久宝寺三丁目12-2","","","","","","","","","","","","","","","1122001001856","","","",""
"株式会社共和電機商会","7896947816060","","","","","","","451-0041","愛知県名古屋市西区幅下一丁目5-21","","","","","","","","","","","","","","","5180001035502","","","",""
"協和電興株式会社","4814276850494","","","","","","","101-0021","東京都千代田区外神田四丁目13-7 アヅマビル1階","","","","","","","","","","","","","","","9010001069496","","","",""
"協和電線工業株式会社","1730026186395","","","","","","","581-0026","大阪府八尾市曙町一丁目7","","","","","","","","","","","","","","","5122001018277","","","",""
"協和電装株式会社","8700803513850","","","","","","","369-1211","埼玉県大里郡寄居町大字赤浜1862-1","","","","","","","","","","","","","","","7011501006065","","","",""
"有限会社協和特殊伸線所","6899016982093","","","","","","","351-0014","埼玉県朝霞市膝折町二丁目17-16","","","","","","","","","","","","","","","1030002058586","","","",""
"協和ハーモネット株式会社","5190169361259","","","","","","","612-8454","京都府京都市伏見区竹田泓ノ川町17","","","","","","","","","","","","","","","5130001014279","","","",""
"京和ブロンズ株式会社","7573210136045","","","","","","","613-0034","京都府久世郡久御山町佐山新開地314","","","","","","","","","","","","","","","1130001033340","","","",""
"株式会社清川亜鉛工業所","3462185737427","","","","","","","557-0063","大阪府大阪市西成区南津守四丁目1-70","","","","","","","","","","","","","","","9120001003238","","","",""
"旭栄鋳造株式会社","4754122603824","","","","","","","671-1228","兵庫県姫路市網干区坂出155","","","","","","","","","","","","","","","1140001058527","","","",""
"極東製造株式会社","5096294206756","","","","","","","591-8011","大阪府堺市北区南花田町437","","","","","","","","","","","","","","","8120101006752","","","",""
"旭東ダイカスト株式会社","2276159511204","","","","","","","258-0111","神奈川県足柄上郡山北町向原57","","","","","","","","","","","","","","","2021001033919","","","",""
"極東電線株式会社","9492887696420","","","","","","","352-0023","埼玉県新座市堀ノ内三丁目6-23","","","","","","","","","","","","","","","1013201001624","","","",""
"旭菱チューブ株式会社","8121711369397","","","","","","","103-0021","東京都中央区日本橋本石町一丁目1-6","","","","","","","","","","","","","","","4010001040998","","","",""
"清音金属工業株式会社","1209734447406","","","","","","","578-0971","大阪府東大阪市鴻池本町1-27 鴻池第2ビル","","","","","","","","","","","","","","","2122001003645","","","",""
"清原住電株式会社","5325137185759","","","","","","","321-3231","栃木県宇都宮市清原工業団地18-5","","","","","","","","","","","","","","","2060001001444","","","",""
"清峰金属工業株式会社","3737095673877","","","","","","","305-0041","茨城県つくば市上広岡633","","","","","","","","","","","","","","","2010501003119","","","",""
"株式会社桐島工業所","3434252098522","","","","","","","536-0002","大阪府大阪市城東区今福東二丁目4-12","","","","","","","","","","","","","","","6120001014659","","","",""
"株式会社キワ精機","6121244161968","","","","","","","227-0062","神奈川県横浜市青葉区青葉台二丁目10-3","","","","","","","","","","","","","","","6020001041250","","","",""
"近畿電解錫工業株式会社","3804360223548","","","","","","","590-0906","大阪府堺市堺区三宝町九丁391","","","","","","","","","","","","","","","2120101001742","","","",""
"キンキメタル工業株式会社","7024978128087","","","","","","","360-0843","埼玉県熊谷市三ケ尻5420","","","","","","","","","","","","","","","4030001084606","","","",""
"キンキメタル産業株式会社","5350979579949","","","","","","","555-0001","大阪府大阪市西淀川区佃四丁目6-22","","","","","","","","","","","","","","","3140001080479","","","",""
"キングパーツ株式会社","6443179435885","","","","","","","720-0002","広島県福山市御幸町大字下岩成879-1","","","","","","","","","","","","","","","6240001030421","","","",""
"有限会社欣広電機","2987123294152","","","","","","","143-0012","東京都大田区大森東一丁目7-10","","","","","","","","","","","","","","","9010802004065","","","",""
"金属溶材株式会社","1899480053278","","","","","","","360-0238","埼玉県熊谷市妻沼西一丁目26","","","","","","","","","","","","","","","7030001088595","","","",""
"有限会社金原ダイカスト工業","2038160070469","","","","","","","990-0845","山形県山形市飯塚町1795-1","","","","","","","","","","","","","","","3390002000824","","","",""
"祗園鍛造有限会社","2858652617649","","","","","","","720-0202","広島県福山市鞆町後地26-58","","","","","","","","","","","","","","","6240002040163","","","",""
"有限会社技研アルマイト","4992200396223","","","","","","","272-0021","千葉県市川市八幡一丁目23-3","","","","","","","","","","","","","","","6040002033484","","","",""
"技研科学株式会社","6513938689518","","","","","","","352-0005","埼玉県新座市中野二丁目2-25","","","","","","","","","","","","","","","3030001045591","","","",""
"有限会社ギケン電装","1260380769024","","","","","","","412-0041","静岡県御殿場市茱萸沢108-12","","","","","","","","","","","","","","","7080102007805","","","",""
"株式会社岐阜シエルサービス","6863533261826","","","","","","","501-1185","岐阜県岐阜市奥383-1","","","","","","","","","","","","","","","4200001001312","","","",""
"株式会社岐阜中発","1015523116556","","","","","","","501-1314","岐阜県揖斐郡揖斐川町谷汲名礼橋角1265-6","","","","","","","","","","","","","","","5200001015955","","","",""
"岐阜富士工器株式会社","4180163510694","","","","","","","504-0923","岐阜県各務原市前渡西町912-5","","","","","","","","","","","","","","","5200001007218","","","",""
"株式会社玉川堂","3268361174159","","","","","","","959-1244","新潟県燕市中央通二丁目2-21","","","","","","","","","","","","","","","8110001015631","","","",""
"有限会社クイーン電子","9903677230528","","","","","","","913-0041","福井県坂井市三国町覚善13-40-35","","","","","","","","","","","","","","","5180002034379","","","",""
"有限会社クエスト","5943959404477","","","","","","","931-8452","富山県富山市東富山寿町二丁目1-45","","","","","","","","","","","","","","","4230002002752","","","",""
"株式会社釘利商店","8592184582468","","","","","","","130-0021","東京都墨田区緑一丁目9-2","","","","","","","","","","","","","","","1010601010453","","","",""
"日下部建設株式会社","3173007037464","","","","","","","651-0083","兵庫県神戸市中央区浜辺通五丁目1-14","","","","","","","","","","","","","","","2140001007243","","","",""
"櫛田興業株式会社","9308581767597","","","","","","","326-0065","栃木県足利市西砂原後町1141","","","","","","","","","","","","","","","7060001018541","","","",""
"有限会社久次米合金","3847072932049","","","","","","","551-0002","大阪府大阪市大正区三軒家東五丁目18-16","","","","","","","","","","","","","","","3120002014669","","","",""
"株式会社クスキン","8651978182164","","","","","","","800-0304","福岡県京都郡苅田町鳥越町1-52","","","","","","","","","","","","","","","9290801015754","","","",""
"有限会社楠田軽合金所","9257095030319","","","","","","","561-0857","大阪府豊中市服部寿町五丁目146","","","","","","","","","","","","","","","6120902020482","","","",""
"有限会社工藤アルミ商会","3980329416728","","","","","","","869-1236","熊本県菊池郡大津町大字杉水迫3648-1","","","","","","","","","","","","","","","8330002017010","","","",""
"株式会社國枝マーク製作所","1099545388418","","","","","","","272-0126","千葉県市川市千鳥町11","","","","","","","","","","","","","","","2040001026071","","","",""
"國長金属株式会社","8536557304986","","","","","","","130-0012","東京都墨田区太平四丁目1-3 オリナスタワー9階","","","","","","","","","","","","","","","6010601010176","","","",""
"クニサキ産業株式会社","1155576450063","","","","","","","591-8005","大阪府堺市北区新堀町一丁47","","","","","","","","","","","","","","","1120101002007","","","",""
"国沢アルミ合金株式会社","9475112270817","","","","","","","933-0974","富山県高岡市岩坪500","","","","","","","","","","","","","","","2230001009949","","","",""
"株式会社國立","9659868805791","","","","","","","116-0003","東京都荒川区南千住六丁目18-3","","","","","","","","","","","","","","","3011501006184","","","",""
"國友電機株式会社","8903161428598","","","","","","","216-0011","神奈川県川崎市宮前区犬蔵三丁目2-4","","","","","","","","","","","","","","","1020001067696","","","",""
"有限会社クボ製作所","3515226377168","","","","","","","407-0044","山梨県韮崎市旭町上條北割金山1231","","","","","","","","","","","","","","","7090002013596","","","",""
"株式会社久保製作所","3054594912854","","","","","","","570-0046","大阪府守口市南寺方北通二丁目4-4","","","","","","","","","","","","","","","5120001155628","","","",""
"株式会社久保製作所","2171587149049","","","","","","","121-0812","東京都足立区西保木間一丁目15-18","","","","","","","","","","","","","","","3011801007320","","","",""
"有限会社久保田製作所","6768591918729","","","","","","","216-0042","神奈川県川崎市宮前区南野川三丁目34-22","","","","","","","","","","","","","","","7020002086302","","","",""
"久保田鋳工株式会社","1159911958396","","","","","","","371-0215","群馬県前橋市粕川町深津1880-1","","","","","","","","","","","","","","","8070001013284","","","",""
"クボタ特殊電線株式会社","6147170746884","","","","","","","153-0063","東京都目黒区目黒二丁目3-8","","","","","","","","","","","","","","","7013201001676","","","",""
"株式会社熊本非鉄","5980421444066","","","","","","","861-3107","熊本県上益城郡嘉島町大字上仲間227-11 嘉島リバゾン卸売団地内","","","","","","","","","","","","","","","6330001008086","","","",""
"株式会社クライム・ワークス","9380125420137","","","","","","","144-0033","東京都大田区東糀谷六丁目4-17 OTAテクノCORE1F","","","","","","","","","","","","","","","6010801003351","","","",""
"株式会社倉内工業","6041053227646","","","","","","","190-0031","東京都立川市砂川町二丁目8-5","","","","","","","","","","","","","","","8012801000418","","","",""
"有限会社クラトモ","4514079545991","","","","","","","484-0861","愛知県犬山市字若宮180","","","","","","","","","","","","","","","4180002074814","","","",""
"株式会社クラベ","4736540088859","","","","","","","432-8065","静岡県浜松市中央区高塚町4830","","","","","","","","","","","","","","","9080401001564","","","",""
"倉茂電工株式会社","3589712947061","","","","","","","915-0855","福井県越前市下平吹町10-9","","","","","","","","","","","","","","","7210001011596","","","",""
"倉本工業株式会社","2781093374580","","","","","","","547-0002","大阪府大阪市平野区加美東五丁目5-26","","","","","","","","","","","","","","","2120001020074","","","",""
"株式会社クリアテック","1138429524198","","","","","","","438-0201","静岡県磐田市竜洋中島1512","","","","","","","","","","","","","","","8080401016324","","","",""
"クリエイティブダイカスト株式会社","7134277116364","","","","","","","402-0045","山梨県都留市大幡3677-4","","","","","","","","","","","","","","","6090001008441","","","",""
"有限会社栗熊製作所","4087071769404","","","","","","","955-0044","新潟県三条市田島二丁目7-21","","","","","","","","","","","","","","","7110002017041","","","",""
"株式会社クリケット","7314048852982","","","","","","","285-0843","千葉県佐倉市中志津二丁目14-11","","","","","","","","","","","","","","","1040001046731","","","",""
"栗田アルミ工業株式会社","2134111451015","","","","","","","300-0015","茨城県土浦市北神立町4-5","","","","","","","","","","","","","","","2050001009364","","","",""
"株式会社栗田合金鋳造所","6243605522999","","","","","","","421-0106","静岡県静岡市駿河区北丸子一丁目7-40","","","","","","","","","","","","","","","8080001001321","","","",""
"株式会社栗原アルミ","5589396003778","","","","","","","332-0031","埼玉県川口市青木三丁目24-28","","","","","","","","","","","","","","","4030001082618","","","",""
"栗原産業有限会社","5111652096047","","","","","","","190-1201","東京都西多摩郡瑞穂町大字二本木881","","","","","","","","","","","","","","","1013102002721","","","",""
"株式会社栗原製作所","8307552005498","","","","","","","230-0011","神奈川県横浜市鶴見区上末吉二丁目18-20","","","","","","","","","","","","","","","7020001039252","","","",""
"栗山アルミ株式会社","9034362694233","","","","","","","450-0003","愛知県名古屋市中村区名駅南一丁目28-19","","","","","","","","","","","","","","","2180001100952","","","",""
"有限会社黒﨑金属工芸製作所","4763237569743","","","","","","","939-1118","富山県高岡市戸出栄町54-2","","","","","","","","","","","","","","","9230002010973","","","",""
"株式会社黒野金属","9978998902323","","","","","","","737-1377","広島県呉市倉橋町西脇3680-5","","","","","","","","","","","","","","","7240001026831","","","",""
"有限会社桑原薄鐵板切断所","6199232711154","","","","","","","547-0001","大阪府大阪市平野区加美北六丁目12-19","","","","","","","","","","","","","","","3120002011030","","","",""
"株式会社グリーンシステム","5082534393410","","","","","","","998-0074","山形県酒田市浜松町4-77-40","","","","","","","","","","","","","","","9390001006172","","","",""
"有限会社グリーンセラ","8428510035174","","","","","","","223-0056","神奈川県横浜市港北区新吉田町97-3","","","","","","","","","","","","","","","6020002080504","","","",""
"グローバルアドバンストメタルジャパン株式会社","6681974631417","","","","","","","100-0005","東京都千代田区丸の内三丁目4-1 新国際ビル9階","","","","","","","","","","","","","","","3010001143091","","","",""
"株式会社グローバル・ニュークリア・フュエル・ジャパン","3291426710501","","","","","","","239-0836","神奈川県横須賀市内川二丁目3-1","","","","","","","","","","","","","","","9021001042335","","","",""
"株式会社グローメタル","5360800415118","","","","","","","961-0004","福島県白河市萱根金ヶ入10","","","","","","","","","","","","","","","9380001010159","","","",""
"グンケイ株式会社","4328752518954","","","","","","","372-0854","群馬県伊勢崎市飯島町540-2","","","","","","","","","","","","","","","9070001013259","","","",""
"グンダイ株式会社","1493478712890","","","","","","","372-0854","群馬県伊勢崎市飯島町540-2","","","","","","","","","","","","","","","1070001013282","","","",""
"群馬合金株式会社","4019549433750","","","","","","","370-0101","群馬県伊勢崎市境東新井1048-19","","","","","","","","","","","","","","","6070001013253","","","",""
"有限会社ケーアイ","1606753678950","","","","","","","007-0884","北海道札幌市東区北丘珠四条四丁目1-30","","","","","","","","","","","","","","","2430002020810","","","",""
"ＫＩテック株式会社","6183845732001","","","","","","","675-0057","兵庫県加古川市東神吉町神吉83","","","","","","","","","","","","","","","3140001045358","","","",""
"株式会社ケーアールアイ","4975009843552","","","","","","","489-0071","愛知県瀬戸市暁町3-151","","","","","","","","","","","","","","","3180001078800","","","",""
"株式会社ケイアイ","2014606885896","","","","","","","350-1212","埼玉県日高市大字下高萩新田13-2","","","","","","","","","","","","","","","3030001090349","","","",""
"株式会社ＫＨＤ","6025506756816","","","","","","","573-1132","大阪府枚方市招提田近二丁目9","","","","","","","","","","","","","","","2120001149491","","","",""
"ＫＭアルミニウム株式会社","8438380221808","","","","","","","836-0067","福岡県大牟田市四山町80","","","","","","","","","","","","","","","2290001053784","","","",""
"株式会社ケイ・エム商事","5216736299587","","","","","","","662-0813","兵庫県西宮市上甲東園三丁目2-26","","","","","","","","","","","","","","","8140001068585","","","",""
"軽金属押出開発株式会社","7489826493126","","","","","","","510-0951","三重県四日市市小古曽東二丁目2-2","","","","","","","","","","","","","","","3190001014770","","","",""
"株式会社軽銀","9604010269446","","","","","","","194-0005","東京都町田市南町田三丁目37-1","","","","","","","","","","","","","","","3012301007975","","","",""
"株式会社京信","9545107001820","","","","","","","384-0503","長野県南佐久郡佐久穂町大字海瀬448-1","","","","","","","","","","","","","","","8100001008173","","","",""
"京浜金属株式会社","4386174507363","","","","","","","307-0029","茨城県結城市新矢畑3-2","","","","","","","","","","","","","","","2050001019784","","","",""
"有限会社京浜金属工業","5698389128621","","","","","","","210-0854","神奈川県川崎市川崎区浅野町6-3","","","","","","","","","","","","","","","9020002096729","","","",""
"有限会社京葉ダイカスト","6701206162263","","","","","","","290-0242","千葉県市原市中高根1433-4","","","","","","","","","","","","","","","2040002073113","","","",""
"株式会社ケーエスティー","5052902694102","","","","","","","440-0835","愛知県豊橋市飯村南四丁目18-2","","","","","","","","","","","","","","","3180301009018","","","",""
"株式会社ケーエステック","4981369288073","","","","","","","491-0935","愛知県一宮市大和町福森宮前17-1","","","","","","","","","","","","","","","1180001088446","","","",""
"株式会社ケーエスディー","3062266708496","","","","","","","491-0051","愛知県一宮市今伊勢町馬寄吉田浦1-9","","","","","","","","","","","","","","","1180001082614","","","",""
"株式会社ＫＤＣ","8063851620296","","","","","","","462-0016","愛知県名古屋市北区西味鋺一丁目325","","","","","","","","","","","","","","","5180001101923","","","",""
"ケーデー工業株式会社","8443713424436","","","","","","","990-2446","山形県山形市白山二丁目7-12","","","","","","","","","","","","","","","6390001000566","","","",""
"株式会社ケーブルテック","4033010539333","","","","","","","658-0043","兵庫県神戸市東灘区御影浜町4","","","","","","","","","","","","","","","6140001001408","","","",""
"有限会社建設工業工作所","2173185906751","","","","","","","332-0003","埼玉県川口市東領家三丁目9-21","","","","","","","","","","","","","","","1030002102303","","","",""
"株式会社ケントク","7385121341743","","","","","","","399-0214","長野県諏訪郡富士見町落合11016-1","","","","","","","","","","","","","","","8100001020533","","","",""
"源晃産業株式会社","3710574612000","","","","","","","675-2243","兵庫県加西市中西町620-7","","","","","","","","","","","","","","","1140001076149","","","",""
"原子燃料工業株式会社","5878116746215","","","","","","","230-0051","神奈川県横浜市鶴見区鶴見中央四丁目33-5","","","","","","","","","","","","","","","9010401009424","","","",""
"コアックス株式会社","6949114478863","","","","","","","225-0016","神奈川県横浜市青葉区みすずが丘2-31","","","","","","","","","","","","","","","3020001035189","","","",""
"株式会社コアテック","3643539289694","","","","","","","114-0023","東京都北区滝野川三丁目50-1","","","","","","","","","","","","","","","2011501001467","","","",""
"コアマシナリー株式会社","7649706310161","","","","","","","620-1444","京都府福知山市三和町芦渕小字琴ヶ瀬777","","","","","","","","","","","","","","","3130001041408","","","",""
"株式会社小池工業所","6453396305305","","","","","","","849-0921","佐賀県佐賀市高木瀬西六丁目9-8","","","","","","","","","","","","","","","7300001000276","","","",""
"有限会社小泉アルミ","6355177943052","","","","","","","333-0844","埼玉県川口市上青木一丁目15-24","","","","","","","","","","","","","","","5030002102506","","","",""
"有限会社小泉化学工業所","5101390596930","","","","","","","319-0112","茨城県小美玉市竹原下郷156","","","","","","","","","","","","","","","7050002015200","","","",""
"有限会社小泉精機製作所","8137274623290","","","","","","","392-0131","長野県諏訪市大字湖南963-1","","","","","","","","","","","","","","","2100002028119","","","",""
"株式会社コイルセンターフジタ","7756801508860","","","","","","","130-0004","東京都墨田区本所三丁目22-7","","","","","","","","","","","","","","","3010601015186","","","",""
"株式会社コイワイ","7591968703785","","","","","","","256-0804","神奈川県小田原市羽根尾244-6","","","","","","","","","","","","","","","6021001022513","","","",""
"有限会社コーウ","4094481030302","","","","","","","270-2214","千葉県松戸市松飛台286-34","","","","","","","","","","","","","","","4040002050449","","","",""
"興亜電装株式会社","6399417106600","","","","","","","259-1301","神奈川県秦野市羽根217-2","","","","","","","","","","","","","","","5021001022522","","","",""
"株式会社光栄","4410173988272","","","","","","","132-0021","東京都江戸川区中央三丁目5-6","","","","","","","","","","","","","","","8011701002755","","","",""
"株式会社光永金属","5845441294282","","","","","","","577-0835","大阪府東大阪市柏田西一丁目14-20","","","","","","","","","","","","","","","7122001002246","","","",""
"有限会社光栄ステンレス","3213508754427","","","","","","","520-2572","滋賀県蒲生郡竜王町大字西川239","","","","","","","","","","","","","","","2160002010962","","","",""
"宏栄電線株式会社","5296182714196","","","","","","","532-0028","大阪府大阪市淀川区十三元今里三丁目2-3","","","","","","","","","","","","","","","6120001055199","","","",""
"有限会社光輝","2407699886768","","","","","","","306-0416","茨城県猿島郡境町大字伏木北原1374-4","","","","","","","","","","","","","","","1050002018423","","","",""
"株式会社弘輝","3389190409537","","","","","","","120-0026","東京都足立区千住旭町32-1","","","","","","","","","","","","","","","7011801007523","","","",""
"広機通商株式会社","7554316233795","","","","","","","460-0012","愛知県名古屋市中区千代田一丁目4-8","","","","","","","","","","","","","","","9180001035754","","","",""
"株式会社光研","3098425961626","","","","","","","235-0036","神奈川県横浜市磯子区中原二丁目6-4","","","","","","","","","","","","","","","1020001002876","","","",""
"有限会社香下電装","8301531698133","","","","","","","872-0311","大分県宇佐市院内町香下302-4","","","","","","","","","","","","","","","9320002014313","","","",""
"甲信アルミ株式会社","3932228792185","","","","","","","190-0022","東京都立川市錦町三丁目11-14","","","","","","","","","","","","","","","9012801000466","","","",""
"有限会社幸新金型","4059089148017","","","","","","","979-2706","福島県相馬郡新地町杉目日向145-1","","","","","","","","","","","","","","","4380002028015","","","",""
"有限会社晃辰精機","7923167381273","","","","","","","125-0031","東京都葛飾区西水元四丁目10-22","","","","","","","","","","","","","","","8011802002670","","","",""
"光伸精工株式会社","2127063757310","","","","","","","351-0115","埼玉県和光市新倉七丁目2-16","","","","","","","","","","","","","","","5030001046679","","","",""
"株式会社高純度物質研究所","2850607035544","","","","","","","189-0003","東京都東村山市久米川町五丁目30-1","","","","","","","","","","","","","","","8012701001326","","","",""
"株式会社功成","8906358942278","","","","","","","454-0831","愛知県名古屋市中川区三ツ屋町一丁目26 野村ビル2-B","","","","","","","","","","","","","","","1180001117270","","","",""
"光生アルミニユーム工業株式会社","2724245463289","","","","","","","471-0804","愛知県豊田市神池町二丁目1236","","","","","","","","","","","","","","","3180301018217","","","",""
"光生アルミ北海道株式会社","4100748599424","","","","","","","059-1362","北海道苫小牧市字柏原6-355","","","","","","","","","","","","","","","3430001054783","","","",""
"有限会社光泉","6459888875596","","","","","","","411-0824","静岡県三島市長伏155-21","","","","","","","","","","","","","","","1080102010129","","","",""
"株式会社興達","4826471148262","","","","","","","418-0111","静岡県富士宮市山宮273","","","","","","","","","","","","","","","5080102016700","","","",""
"株式会社高鍛","1206180181134","","","","","","","210-0867","神奈川県川崎市川崎区扇町5-7","","","","","","","","","","","","","","","8020001072855","","","",""
"有限会社香寺合金鋳造所","8847157795631","","","","","","","679-2132","兵庫県姫路市香寺町須加院522-5","","","","","","","","","","","","","","","9140002053032","","","",""
"江東商事株式会社","2258119117826","","","","","","","270-1402","千葉県白井市平塚堀尻台2686","","","","","","","","","","","","","","","2010601011797","","","",""
"甲南ダイカスト工業株式会社","1535756970072","","","","","","","657-0843","兵庫県神戸市灘区大石北町7-19","","","","","","","","","","","","","","","2140001003341","","","",""
"株式会社神戸金剛コルメット製作所","8724417562163","","","","","","","651-2132","兵庫県神戸市西区森友一丁目70","","","","","","","","","","","","","","","9140001005554","","","",""
"株式会社港北アルマイト","7120866176271","","","","","","","223-0051","神奈川県横浜市港北区箕輪町三丁目16-3","","","","","","","","","","","","","","","6020001020139","","","",""
"有限会社晃豊アルミ製作所","8840045749458","","","","","","","326-0844","栃木県足利市鹿島町657","","","","","","","","","","","","","","","6060002036080","","","",""
"公洋亜鉛工業株式会社","8160782620534","","","","","","","592-8331","大阪府堺市西区築港新町三丁27-1","","","","","","","","","","","","","","","3120101002178","","","",""
"宏陽軽金属株式会社","9641397007228","","","","","","","672-8078","兵庫県姫路市飾磨区英賀甲1930-1","","","","","","","","","","","","","","","7140001058777","","","",""
"株式会社光陽工業","6015757730288","","","","","","","578-0982","大阪府東大阪市吉田本町三丁目2-29","","","","","","","","","","","","","","","9122001002475","","","",""
"光洋精機株式会社","9036688028265","","","","","","","989-1224","宮城県柴田郡大河原町金ケ瀬川根22-8","","","","","","","","","","","","","","","3370101000066","","","",""
"弘陽精工株式会社","4857504721068","","","","","","","452-0836","愛知県名古屋市西区新木町7","","","","","","","","","","","","","","","9180001025359","","","",""
"光陽電線株式会社","4259579337400","","","","","","","592-8352","大阪府堺市西区築港浜寺西町7","","","","","","","","","","","","","","","5120101002201","","","",""
"河陽電線株式会社","7506256049448","","","","","","","574-0043","大阪府大東市灰塚三丁目6-13","","","","","","","","","","","","","","","6122001015208","","","",""
"有限会社光洋ネームプレート製作所","7453467455741","","","","","","","136-0071","東京都江東区亀戸五丁目30-2","","","","","","","","","","","","","","","6010602007766","","","",""
"光輪ダイカスト株式会社","8415913267698","","","","","","","672-8079","兵庫県姫路市飾磨区今在家1137-3","","","","","","","","","","","","","","","7140001061822","","","",""
"有限会社興和","3205365362025","","","","","","","940-0004","新潟県長岡市高見町3154-1","","","","","","","","","","","","","","","7110002027536","","","",""
"有限会社興和","3087993391639","","","","","","","367-0203","埼玉県本庄市児玉町入浅見843-1","","","","","","","","","","","","","","","7030002080618","","","",""
"光和金属工業株式会社","6236741056258","","","","","","","739-2626","広島県東広島市黒瀬町市飯田158-3","","","","","","","","","","","","","","","7240001022517","","","",""
"宏和工業株式会社","3128947751698","","","","","","","593-8312","大阪府堺市西区草部1132-1","","","","","","","","","","","","","","","6120101002349","","","",""
"興和実業株式会社","5126427572134","","","","","","","489-0062","愛知県瀬戸市上水野町128","","","","","","","","","","","","","","","5180001078815","","","",""
"江和精工株式会社","4090268121665","","","","","","","483-8068","愛知県江南市飛高町本町79","","","","","","","","","","","","","","","1180001087423","","","",""
"株式会社高和製作所","7534792995705","","","","","","","381-2225","長野県長野市篠ノ井岡田新田裏1186-6","","","","","","","","","","","","","","","7100001000981","","","",""
"光和ダイカスト株式会社","3686412385001","","","","","","","421-0125","静岡県静岡市駿河区用宗小石町5-12","","","","","","","","","","","","","","","8080001001453","","","",""
"光和電工株式会社","3560113354611","","","","","","","673-0400","兵庫県三木市吉川町大沢43","","","","","","","","","","","","","","","2140001036804","","","",""
"小枝鉄工株式会社","6198228141332","","","","","","","579-8055","大阪府東大阪市末広町13-6","","","","","","","","","","","","","","","8122001002170","","","",""
"古賀アルミ工業株式会社","1822696514650","","","","","","","379-0124","群馬県安中市鷺宮3685","","","","","","","","","","","","","","","9070001009901","","","",""
"株式会社ＫＯＫＩ","2674198542822","","","","","","","933-0001","富山県高岡市富岡町1-55","","","","","","","","","","","","","","","9230001015346","","","",""
"国産化学工業株式会社","3130385618489","","","","","","","188-0014","東京都西東京市芝久保町五丁目1-27","","","","","","","","","","","","","","","7012701002192","","","",""
"株式会社國樹商店","8324199071763","","","","","","","556-0011","大阪府大阪市浪速区難波中一丁目16-8","","","","","","","","","","","","","","","6120001037965","","","",""
"有限会社小口ダイカスト工業","6884358401573","","","","","","","362-0011","埼玉県上尾市大字平塚2400-4","","","","","","","","","","","","","","","3030002053701","","","",""
"コーケン電子有限会社","8907424650166","","","","","","","572-0806","大阪府寝屋川市高宮一丁目15-9","","","","","","","","","","","","","","","7120002072325","","","",""
"小阪精錬株式会社","8405352258756","","","","","","","577-0036","大阪府東大阪市御厨栄町一丁目2-21","","","","","","","","","","","","","","","4122001002810","","","",""
"小坂製錬株式会社","4903847905640","","","","","","","017-0202","秋田県鹿角郡小坂町小坂鉱山尾樽部60-1","","","","","","","","","","","","","","","8410001006930","","","",""
"株式会社小坂ワークス","8629149676707","","","","","","","017-0201","秋田県鹿角郡小坂町小坂上前田4-4","","","","","","","","","","","","","","","3410001006720","","","",""
"小崎撚糸株式会社","9623606825595","","","","","","","333-0866","埼玉県川口市大字芝5331","","","","","","","","","","","","","","","8030001074165","","","",""
"越川工業株式会社","8505584863212","","","","","","","394-0085","長野県岡谷市長地小萩一丁目12-25","","","","","","","","","","","","","","","1100001019466","","","",""
"小島化学薬品株式会社","6659678900633","","","","","","","350-1335","埼玉県狭山市柏原337-26","","","","","","","","","","","","","","","1030001026255","","","",""
"株式会社小島半田製造所","9319318554488","","","","","","","270-2232","千葉県松戸市和名ケ谷995","","","","","","","","","","","","","","","4010501003810","","","",""
"コスミック通信株式会社","6441429266369","","","","","","","970-8026","福島県いわき市平北目町42","","","","","","","","","","","","","","","3380001012846","","","",""
"有限会社コスモウインドゥ","6653408102961","","","","","","","370-0032","群馬県高崎市宿大類町1","","","","","","","","","","","","","","","4070002010029","","","",""
"コスモ化研株式会社","8299158731427","","","","","","","963-4311","福島県田村市船引町今泉葉前場163","","","","","","","","","","","","","","","4380001005097","","","",""
"コスモケーブル株式会社","2873594194743","","","","","","","266-0005","千葉県千葉市緑区誉田町二丁目30-61","","","","","","","","","","","","","","","2040001008771","","","",""
"株式会社コスモ精工","3755660341716","","","","","","","391-0012","長野県茅野市金沢矢ノ口4263-1","","","","","","","","","","","","","","","3100001019010","","","",""
"有限会社小関合金","2353781216775","","","","","","","990-0057","山形県山形市宮町四丁目22-1","","","","","","","","","","","","","","","5390002000987","","","",""
"小関鋳造株式会社","4232375307917","","","","","","","990-0057","山形県山形市宮町四丁目27-6","","","","","","","","","","","","","","","9390001000588","","","",""
"有限会社小谷商店","4012549387631","","","","","","","251-0002","神奈川県藤沢市大鋸二丁目6-8","","","","","","","","","","","","","","","3021002001857","","","",""
"有限会社児玉工業","5554785522417","","","","","","","367-0212","埼玉県本庄市児玉町児玉1793","","","","","","","","","","","","","","","4030002081305","","","",""
"國光アルミ株式会社","7077852115878","","","","","","","403-0001","山梨県富士吉田市上暮地五丁目13-1","","","","","","","","","","","","","","","1090001009709","","","",""
"小塚合金株式会社","3668446957908","","","","","","","481-0006","愛知県北名古屋市熊之庄牛流10","","","","","","","","","","","","","","","6180001045839","","","",""
"有限会社コトー工業","7715063069955","","","","","","","391-0013","長野県茅野市宮川丸山10501-1","","","","","","","","","","","","","","","5100002030336","","","",""
"有限会社寿アルミ鋳造所","6567289311520","","","","","","","501-6331","岐阜県羽島市堀津町横手二丁目40","","","","","","","","","","","","","","","8200002010655","","","",""
"株式会社寿金属","9865860339176","","","","","","","919-0483","福井県坂井市春江町石塚28-31","","","","","","","","","","","","","","","3210002001278","","","",""
"壽金属工業株式会社","8238040862324","","","","","","","447-0858","愛知県碧南市石橋町三丁目85","","","","","","","","","","","","","","","2180301015215","","","",""
"寿工業株式会社","7462984866193","","","","","","","486-0806","愛知県春日井市大手田酉町三丁目13-35","","","","","","","","","","","","","","","6180001074094","","","",""
"寿ダイカスト工業株式会社","3714776345532","","","","","","","573-0137","大阪府枚方市春日北町一丁目40-1","","","","","","","","","","","","","","","2120001222216","","","",""
"コナン金属加工株式会社","8863542430572","","","","","","","270-2222","千葉県松戸市高塚新田160-133","","","","","","","","","","","","","","","7011801001567","","","",""
"有限会社コニシ","8677076125610","","","","","","","134-0013","東京都江戸川区江戸川六丁目10","","","","","","","","","","","","","","","8011702004346","","","",""
"株式会社コネック","3941799038865","","","","","","","370-0615","群馬県邑楽郡邑楽町大字篠塚2766-7","","","","","","","","","","","","","","","9070001020437","","","",""
"株式会社コバックトゥエンティファースト","8520843323166","","","","","","","564-0053","大阪府吹田市江の木町1-24","","","","","","","","","","","","","","","2120901006362","","","",""
"有限会社小林アルミ合金","1005862796446","","","","","","","577-0027","大阪府東大阪市新家中町5-32","","","","","","","","","","","","","","","2122002001953","","","",""
"株式会社小林アルミニウム工業所","7215642352734","","","","","","","593-8312","大阪府堺市西区草部1272-1","","","","","","","","","","","","","","","3120101002426","","","",""
"小林金属株式会社","7972751676011","","","","","","","564-0053","大阪府吹田市江の木町1-24","","","","","","","","","","","","","","","7120901006440","","","",""
"小林金属興業株式会社","5202486853266","","","","","","","601-8365","京都府京都市南区吉祥院石原開町53","","","","","","","","","","","","","","","6130001017314","","","",""
"有限会社小林減磨合金","3877913589957","","","","","","","822-0001","福岡県直方市大字感田2631","","","","","","","","","","","","","","","1290802020249","","","",""
"有限会社小林合金","1523451884076","","","","","","","918-8236","福井県福井市和田中二丁目715","","","","","","","","","","","","","","","2210002001295","","","",""
"有限会社小林合金","6935676714271","","","","","","","776-0036","徳島県吉野川市鴨島町山路989-1","","","","","","","","","","","","","","","6480002009110","","","",""
"株式会社小林合金","7326594539195","","","","","","","666-0023","兵庫県川西市東久代一丁目1-5","","","","","","","","","","","","","","","9140001079326","","","",""
"有限会社小林合金","8670515704985","","","","","","","374-0132","群馬県邑楽郡板倉町大字板倉2799","","","","","","","","","","","","","","","8070002033380","","","",""
"株式会社小林合金所","8854853566429","","","","","","","577-0067","大阪府東大阪市高井田西一丁目5-15","","","","","","","","","","","","","","","7122001002337","","","",""
"小林ゴールド工業株式会社","1790253453671","","","","","","","121-0816","東京都足立区梅島三丁目16-14","","","","","","","","","","","","","","","8011801007786","","","",""
"有限会社小林製作所","4441419239085","","","","","","","935-0061","富山県氷見市余川491-4","","","","","","","","","","","","","","","7230002012864","","","",""
"有限会社小林ダイカスト","5486067481463","","","","","","","334-0062","埼玉県川口市大字榛松1737-4","","","","","","","","","","","","","","","1030002102724","","","",""
"株式会社小林ダイカスト","6570332146060","","","","","","","300-4425","茨城県桜川市真壁町細芝276","","","","","","","","","","","","","","","8050001031734","","","",""
"有限会社小林電子工業","1932758781823","","","","","","","389-0517","長野県東御市県397","","","","","","","","","","","","","","","4100002015800","","","",""
"駒ヶ根ダイカスト工業株式会社","5646178875022","","","","","","","399-4102","長野県駒ヶ根市飯坂二丁目12-5","","","","","","","","","","","","","","","1100001021208","","","",""
"小牧アルミ株式会社","5494819597936","","","","","","","509-7201","岐阜県恵那市大井町2087-193","","","","","","","","","","","","","","","4200001023703","","","",""
"有限会社巨摩金属","9371318044628","","","","","","","400-1115","山梨県甲斐市漆戸95","","","","","","","","","","","","","","","7090002004067","","","",""
"駒澤金属工業株式会社","7798916162344","","","","","","","335-0026","埼玉県戸田市新曽南三丁目7-7","","","","","","","","","","","","","","","4030001020247","","","",""
"株式会社駒田工業所","5849154469965","","","","","","","547-0001","大阪府大阪市平野区加美北五丁目2-27","","","","","","","","","","","","","","","1120001020141","","","",""
"株式会社小松金属","1123469926471","","","","","","","640-0304","和歌山県和歌山市平尾837-19","","","","","","","","","","","","","","","9170001001162","","","",""
"有限会社小松軽金属","7007468681613","","","","","","","306-0607","茨城県坂東市弓田1141-1","","","","","","","","","","","","","","","7050002020456","","","",""
"小松工業株式会社","1929884217743","","","","","","","399-4511","長野県上伊那郡南箕輪村北原1634-30","","","","","","","","","","","","","","","9100001020986","","","",""
"小松自動車工業株式会社","6176310111458","","","","","","","140-0002","東京都品川区東品川四丁目8-12","","","","","","","","","","","","","","","4010701003461","","","",""
"コーミ金属株式会社","7400456851625","","","","","","","210-0806","神奈川県川崎市川崎区中島二丁目17-1","","","","","","","","","","","","","","","2020001091530","","","",""
"株式会社粉室金属工業所","6688069235418","","","","","","","581-0039","大阪府八尾市太田新町三丁目5","","","","","","","","","","","","","","","3122001022925","","","",""
"有限会社小室軽合金鋳造所","6063268785943","","","","","","","319-2401","茨城県常陸大宮市上小瀬1823-4","","","","","","","","","","","","","","","8050002035635","","","",""
"有限会社小室合金鋳造所","7888783699404","","","","","","","699-0203","島根県松江市玉湯町布志名118-1 地","","","","","","","","","","","","","","","5280002003002","","","",""
"株式会社コモキン","8516314473966","","","","","","","110-0005","東京都台東区上野一丁目10-10 うさぎやビル3F","","","","","","","","","","","","","","","8010501004185","","","",""
"有限会社小山合金鋳造所","3266288595827","","","","","","","783-0051","高知県南国市岡豊町笠ノ川702-1","","","","","","","","","","","","","","","8490002011699","","","",""
"コヤマ電線株式会社","4975328563781","","","","","","","563-0035","大阪府池田市豊島南一丁目14-3","","","","","","","","","","","","","","","8120901019565","","","",""
"株式会社小山刃物製作所","7487858424412","","","","","","","673-0402","兵庫県三木市加佐8-1","","","","","","","","","","","","","","","4140001036224","","","",""
"コーラゴーキン株式会社","4225080660729","","","","","","","366-0001","埼玉県深谷市中瀬550-1","","","","","","","","","","","","","","","5030001086295","","","",""
"株式会社金剛コルメット製作所","1745079057440","","","","","","","235-0017","神奈川県横浜市磯子区新磯子町6-7","","","","","","","","","","","","","","","2020001002859","","","",""
"有限会社近藤アルミ工業所","3998767933640","","","","","","","466-0064","愛知県名古屋市昭和区鶴舞三丁目12-19","","","","","","","","","","","","","","","8180002013719","","","",""
"コンドーセイコー株式会社","7172082359732","","","","","","","480-1321","愛知県長久手市神明1","","","","","","","","","","","","","","","7180001067832","","","",""
"有限会社コンフェイト","9345904852071","","","","","","","997-1121","山形県鶴岡市大山上柳原28-1","","","","","","","","","","","","","","","6390002009722","","","",""
"コンプライアンスコミッティー株式会社","1229075581348","","","","","","","769-2705","香川県東かがわ市白鳥9-2","","","","","","","","","","","","","","","3470001015402","","","",""
"五位堂工業株式会社","4263998325119","","","","","","","639-0226","奈良県香芝市五位堂四丁目355-1","","","","","","","","","","","","","","","4150001012703","","","",""
"株式会社互光","7700120423790","","","","","","","173-0024","東京都板橋区大山金井町34-12","","","","","","","","","","","","","","","2011401002136","","","",""
"五常産業株式会社","7497519903148","","","","","","","160-0004","東京都新宿区四谷三丁目11 山一ビル2階","","","","","","","","","","","","","","","1011101006990","","","",""
"後藤合金株式会社","6307239132420","","","","","","","190-1201","東京都西多摩郡瑞穂町大字二本木447","","","","","","","","","","","","","","","8013101001321","","","",""
"後藤ダイカスト株式会社","1918781166218","","","","","","","679-2101","兵庫県姫路市船津町5279","","","","","","","","","","","","","","","8140001058834","","","",""
"有限会社後藤ダイカスト工業所","9242930891993","","","","","","","120-0046","東京都足立区小台二丁目9-3","","","","","","","","","","","","","","","6011802012663","","","",""
"有限会社後藤電機","3085163911769","","","","","","","216-0035","神奈川県川崎市宮前区馬絹三丁目13-6","","","","","","","","","","","","","","","4020002086354","","","",""
"後藤電子株式会社","6625418448455","","","","","","","991-0063","山形県寒河江市大字柴橋台下734-1","","","","","","","","","","","","","","","7390001012148","","","",""
"株式会社ゴトー理研","9861487075873","","","","","","","435-0047","静岡県浜松市中央区原島町501-1","","","","","","","","","","","","","","","4080401011808","","","",""
"有限会社五味製作所","4045326196256","","","","","","","399-0711","長野県塩尻市大字片丘4181-1","","","","","","","","","","","","","","","6100002024808","","","",""
"株式会社五味鋳工所","6648005946699","","","","","","","332-0015","埼玉県川口市川口一丁目2-6","","","","","","","","","","","","","","","8030001074875","","","",""
"権田金属工業株式会社","6214860401914","","","","","","","252-0212","神奈川県相模原市中央区宮下一丁目1-16","","","","","","","","","","","","","","","5021001012069","","","",""
"株式会社犀潟鉄工所","5650787259540","","","","","","","949-3116","新潟県上越市大潟区犀潟420","","","","","","","","","","","","","","","6110001019634","","","",""
"有限会社彩光通信","7387743856144","","","","","","","332-0015","埼玉県川口市川口六丁目5-27 2F","","","","","","","","","","","","","","","5030002109749","","","",""
"株式会社埼玉互光","5520817635815","","","","","","","173-0024","東京都板橋区大山金井町34-12","","","","","","","","","","","","","","","5011401014252","","","",""
"埼玉伸管工業株式会社","4179192794410","","","","","","","352-0011","埼玉県新座市野火止七丁目10-9","","","","","","","","","","","","","","","5030001045680","","","",""
"株式会社埼玉製作所","2218516571178","","","","","","","354-0001","埼玉県富士見市大字東大久保3654-3","","","","","","","","","","","","","","","4030001046457","","","",""
"埼玉プレス鍛造株式会社","9967522662525","","","","","","","334-0074","埼玉県川口市江戸三丁目22-11","","","","","","","","","","","","","","","2030001074939","","","",""
"株式会社サイデン","4960211178825","","","","","","","337-0003","埼玉県さいたま市見沼区深作一丁目1-36","","","","","","","","","","","","","","","3030001003558","","","",""
"株式会社斎藤合金","6461494709157","","","","","","","984-0031","宮城県仙台市若林区六丁目南5-2 先6街区7画地","","","","","","","","","","","","","","","8370001008147","","","",""
"有限会社斎藤商事","3480707716251","","","","","","","457-0863","愛知県名古屋市南区豊三丁目26-3","","","","","","","","","","","","","","","2180002060659","","","",""
"有限会社斎藤製作所","5814045351515","","","","","","","419-0113","静岡県田方郡函南町大土肥110-2","","","","","","","","","","","","","","","8080102010246","","","",""
"有限会社斉藤製作所","4392088269432","","","","","","","440-0002","愛知県豊橋市下条東町西浦106-2","","","","","","","","","","","","","","","8180302007478","","","",""
"株式会社齋藤製作所","6550674035450","","","","","","","989-2111","宮城県亘理郡山元町坂元舘下38-2","","","","","","","","","","","","","","","8370801001227","","","",""
"斎藤辰株式会社","9089025747459","","","","","","","444-1211","愛知県安城市根崎町東新切23","","","","","","","","","","","","","","","7180301012926","","","",""
"有限会社斉藤ダイカスト","4493473014387","","","","","","","334-0062","埼玉県川口市大字榛松1655-1","","","","","","","","","","","","","","","2030002102913","","","",""
"株式会社齋藤鉄工所","7573065491888","","","","","","","770-0873","徳島県徳島市東沖洲二丁目26-3 マリンピア沖洲工業団地内","","","","","","","","","","","","","","","9480001003607","","","",""
"株式会社サイフェル","6685461745545","","","","","","","353-0001","埼玉県志木市上宗岡四丁目11-18","","","","","","","","","","","","","","","4030001045310","","","",""
"有限会社才間金属","3925992681053","","","","","","","405-0031","山梨県山梨市万力1028-1","","","","","","","","","","","","","","","8090002010766","","","",""
"埼友工業株式会社","7662362271908","","","","","","","352-0012","埼玉県新座市畑中二丁目5-15","","","","","","","","","","","","","","","7011401002370","","","",""
"堺アルミ株式会社","9169953258467","","","","","","","590-0982","大阪府堺市堺区海山町六丁224","","","","","","","","","","","","","","","5120101064134","","","",""
"堺化学工業株式会社","3029585908346","","","","","","","590-0985","大阪府堺市堺区戎島町五丁2","","","","","","","","","","","","","","","4120101002532","","","",""
"有限会社坂井金属","5333697223028","","","","","","","331-0046","埼玉県さいたま市西区宮前町1388","","","","","","","","","","","","","","","7030002006011","","","",""
"酒井伸線株式会社","3400700884436","","","","","","","639-1031","奈良県大和郡山市今国府町97-3","","","","","","","","","","","","","","","2150001005816","","","",""
"株式会社堺伸銅所","9437079333582","","","","","","","590-0972","大阪府堺市堺区竜神橋町一丁1-5","","","","","","","","","","","","","","","6120101002662","","","",""
"株式会社酒井伸銅所","8096456110499","","","","","","","612-0023","京都府京都市伏見区深草町通町12","","","","","","","","","","","","","","","3130001014495","","","",""
"有限会社酒井製作所","1317086691285","","","","","","","581-0039","大阪府八尾市太田新町七丁目284","","","","","","","","","","","","","","","2122002016373","","","",""
"堺電業株式会社","9916941549757","","","","","","","557-0042","大阪府大阪市西成区岸里東一丁目4-6","","","","","","","","","","","","","","","1120001003402","","","",""
"サカヱ金属工業株式会社","8105125300348","","","","","","","557-0062","大阪府大阪市西成区津守三丁目6-36","","","","","","","","","","","","","","","4120001003408","","","",""
"株式会社栄興業","9462930874625","","","","","","","501-0463","岐阜県本巣市小柿807-1","","","","","","","","","","","","","","","6200001009948","","","",""
"有限会社阪倉伸線工場","2740983378884","","","","","","","583-0881","大阪府羽曳野市島泉七丁目1-13","","","","","","","","","","","","","","","2120102018042","","","",""
"有限会社坂下製作所","7973020190906","","","","","","","935-0104","富山県氷見市堀田3113-6","","","","","","","","","","","","","","","5230002012899","","","",""
"有限会社酒田合金鋳工所","1593597444811","","","","","","","213-0033","神奈川県川崎市高津区下作延三丁目11-27","","","","","","","","","","","","","","","3020002088995","","","",""
"阪部工業株式会社","4669686351585","","","","","","","444-0303","愛知県西尾市中畑町水荒井8","","","","","","","","","","","","","","","8180301022478","","","",""
"株式会社坂本合金製作所","3717003571695","","","","","","","141-0033","東京都品川区西品川一丁目7-10","","","","","","","","","","","","","","","2010701003901","","","",""
"株式会社坂本合金鋳造所","9445245917966","","","","","","","720-0017","広島県福山市千田町四丁目18-15","","","","","","","","","","","","","","","4240001030670","","","",""
"さかもと鐵工株式会社","6549880462077","","","","","","","456-0005","愛知県名古屋市熱田区池内町5-2","","","","","","","","","","","","","","","5180001043802","","","",""
"サガミセイコー有限会社","4474916655143","","","","","","","252-0244","神奈川県相模原市中央区田名5661","","","","","","","","","","","","","","","4021002020311","","","",""
"有限会社相模製作所","6902296040128","","","","","","","259-1302","神奈川県秦野市菩提579","","","","","","","","","","","","","","","8021002037946","","","",""
"作田金銀製箔株式会社","5515979100524","","","","","","","920-0831","石川県金沢市東山一丁目3-27","","","","","","","","","","","","","","","7220001002974","","","",""
"有限会社佐久間軽合金","4068637738925","","","","","","","332-0011","埼玉県川口市元郷三丁目20-8","","","","","","","","","","","","","","","7030002103056","","","",""
"サクライ軽金属株式会社","4650188938278","","","","","","","701-0145","岡山県岡山市北区今保48","","","","","","","","","","","","","","","6260001002906","","","",""
"有限会社桜井産業","6287682226643","","","","","","","386-0034","長野県上田市中之条116-7","","","","","","","","","","","","","","","8100002014047","","","",""
"有限会社桜井ダイカスト工業","1459919161725","","","","","","","501-2603","岐阜県関市武芸川町八幡高田5-1","","","","","","","","","","","","","","","1200002018705","","","",""
"桜軽金属工業株式会社","5886028142043","","","","","","","457-0063","愛知県名古屋市南区阿原町18","","","","","","","","","","","","","","","7180001014520","","","",""
"有限会社さくら軽合金","9932023610073","","","","","","","447-0085","愛知県碧南市金山町三丁目23","","","","","","","","","","","","","","","2180302020008","","","",""
"サクラ電線工業株式会社","3123052730674","","","","","","","252-0328","神奈川県相模原市南区麻溝台八丁目18-24","","","","","","","","","","","","","","","6021001012340","","","",""
"株式会社酒向製作所","2356069224546","","","","","","","550-0025","大阪府大阪市西区九条南三丁目14-8","","","","","","","","","","","","","","","5120001043428","","","",""
"株式会社ササキ","7386835424752","","","","","","","407-0044","山梨県韮崎市旭町上條北割2058-2","","","","","","","","","","","","","","","9090001011104","","","",""
"佐々木アルミ有限会社","2590774207460","","","","","","","700-0034","岡山県岡山市北区高柳東町9-20","","","","","","","","","","","","","","","9260002004411","","","",""
"有限会社佐々木製作所","9719818068485","","","","","","","960-0706","福島県伊達市梁川町北町谷川29-2","","","","","","","","","","","","","","","5380002006548","","","",""
"株式会社佐々木ダイカスト工業","2901924115463","","","","","","","289-1727","千葉県山武郡横芝光町宮川12005","","","","","","","","","","","","","","","8040001061237","","","",""
"有限会社佐々木鋳造所","9811120750725","","","","","","","430-0853","静岡県浜松市中央区三島町1425","","","","","","","","","","","","","","","5080402003266","","","",""
"株式会社佐々木電材","2712346201201","","","","","","","358-0011","埼玉県入間市大字下藤沢966-25","","","","","","","","","","","","","","","6030001027587","","","",""
"佐々木半田工業株式会社","6703677856181","","","","","","","143-0003","東京都大田区京浜島二丁目20-3","","","","","","","","","","","","","","","3010801004617","","","",""
"有限会社ササキ美工","2201638789777","","","","","","","124-0013","東京都葛飾区東立石四丁目19-15","","","","","","","","","","","","","","","7011802003307","","","",""
"佐藤産業株式会社","4344445735733","","","","","","","257-0015","神奈川県秦野市平沢2-1","","","","","","","","","","","","","","","8021001022536","","","",""
"株式会社サスニ合金鋳造所","5665593506591","","","","","","","311-0102","茨城県那珂市向山保登内1271-3","","","","","","","","","","","","","","","2050001004670","","","",""
"札幌電機鉄工株式会社","9701010233567","","","","","","","065-0017","北海道札幌市東区北十七条東十七丁目2-11 MECビル2階","","","","","","","","","","","","","","","9430001020144","","","",""
"株式会社札幌標板製作所","1198635644725","","","","","","","065-0028","北海道札幌市東区北二十八条東一丁目3-13","","","","","","","","","","","","","","","9430001020350","","","",""
"サツマアルミリサイクル工業株式会社","1620603042709","","","","","","","891-0132","鹿児島県鹿児島市七ツ島一丁目2-18","","","","","","","","","","","","","","","4340001001892","","","",""
"株式会社サツマ超硬精密","2257946610304","","","","","","","574-0056","大阪府大東市新田中町2-9","","","","","","","","","","","","","","","5122001015340","","","",""
"有限会社さとう","6159193500476","","","","","","","120-0005","東京都足立区綾瀬六丁目14-5","","","","","","","","","","","","","","","6011802026928","","","",""
"有限会社サトウ","2141028417749","","","","","","","124-0006","東京都葛飾区堀切三丁目31-8","","","","","","","","","","","","","","","6011802003332","","","",""
"株式会社佐藤金銀店","3482359213625","","","","","","","120-0043","東京都足立区千住宮元町16-13","","","","","","","","","","","","","","","1011801008163","","","",""
"有限会社佐藤金属工業","7698190511594","","","","","","","283-0044","千葉県東金市小沼田1621-1","","","","","","","","","","","","","","","3040002077360","","","",""
"佐藤軽金属株式会社","8182298014758","","","","","","","532-0002","大阪府大阪市淀川区東三国四丁目5-3","","","","","","","","","","","","","","","6120001055372","","","",""
"株式会社佐藤産業","7570357910002","","","","","","","379-0116","群馬県安中市安中四丁目3-12","","","","","","","","","","","","","","","2070001010898","","","",""
"有限会社佐藤商店","1194115872922","","","","","","","336-0027","埼玉県さいたま市南区沼影一丁目30-37","","","","","","","","","","","","","","","5030002005659","","","",""
"有限会社佐藤製作所","5015365216180","","","","","","","992-0771","山形県西置賜郡白鷹町大字鮎貝5219-58","","","","","","","","","","","","","","","8390002015132","","","",""
"株式会社佐藤製作所","3683436813349","","","","","","","981-2501","宮城県伊具郡丸森町大内堰場58","","","","","","","","","","","","","","","8370102001694","","","",""
"株式会社佐藤製作所","1470028469348","","","","","","","352-0012","埼玉県新座市畑中一丁目20-8","","","","","","","","","","","","","","","1030001050552","","","",""
"有限会社佐藤鋳造所","6535073485388","","","","","","","441-8122","愛知県豊橋市天伯町天伯162-2","","","","","","","","","","","","","","","5180302007547","","","",""
"株式会社サトキン","4580336865428","","","","","","","370-2124","群馬県高崎市吉井町塩309-8","","","","","","","","","","","","","","","5070001007041","","","",""
"株式会社サニーエンジニアリング","3034705390305","","","","","","","500-8281","岐阜県岐阜市東鶉一丁目115","","","","","","","","","","","","","","","7200001002258","","","",""
"サノシャーリング株式会社","7704775914494","","","","","","","598-0051","大阪府泉佐野市新町二丁目5-20","","","","","","","","","","","","","","","3120101039708","","","",""
"株式会社ＳＵＭＣＯ","5049428916416","","","","","","","105-0023","東京都港区芝浦一丁目2-1 シーバンスN館","","","","","","","","","","","","","","","3010401046159","","","",""
"株式会社サラギ製作所","5494021774719","","","","","","","639-2272","奈良県御所市大字蛇穴318","","","","","","","","","","","","","","","1150001013885","","","",""
"株式会社澤田工業所","5519079749655","","","","","","","579-8038","大阪府東大阪市箱殿町11-11","","","","","","","","","","","","","","","3122001002976","","","",""
"澤田ダイカスト工業株式会社","7751440421393","","","","","","","362-0811","埼玉県北足立郡伊奈町西小針一丁目106","","","","","","","","","","","","","","","9030001042344","","","",""
"株式会社澤幡製作所","1466467698964","","","","","","","319-1112","茨城県那珂郡東海村大字村松3108-2","","","","","","","","","","","","","","","5050001006152","","","",""
"株式会社三栄","4824002960248","","","","","","","485-0084","愛知県小牧市大字入鹿出新田郷内前1171-1","","","","","","","","","","","","","","","1180001075923","","","",""
"三栄産業株式会社","6345096608300","","","","","","","245-0053","神奈川県横浜市戸塚区上矢部町2239-2","","","","","","","","","","","","","","","6020001017382","","","",""
"株式会社三榮ステンレスセンター","9381741137726","","","","","","","544-0014","大阪府大阪市生野区巽東三丁目4-41","","","","","","","","","","","","","","","4120001017531","","","",""
"株式会社サンエイテック","9760854616923","","","","","","","381-2225","長野県長野市篠ノ井岡田519-1","","","","","","","","","","","","","","","1100001001052","","","",""
"株式会社三映電器製作所","6914774129047","","","","","","","384-0055","長野県小諸市大字柏木14","","","","","","","","","","","","","","","7100001008422","","","",""
"三映電子工業株式会社","8047802782540","","","","","","","384-0093","長野県小諸市大字和田971","","","","","","","","","","","","","","","9100001008420","","","",""
"三英電装株式会社","1157723313330","","","","","","","216-0041","神奈川県川崎市宮前区野川本町二丁目2-25","","","","","","","","","","","","","","","9020001067854","","","",""
"サンエスダイカスト株式会社","1690312835641","","","","","","","581-0000","大阪府八尾市竹渕東","","","","","","","","","","","","","","","9122001021839","","","",""
"サンエツ金属株式会社","7927320916245","","","","","","","939-1315","富山県砺波市太田1892","","","","","","","","","","","","","","","9230001014075","","","",""
"有限会社サンオン","7159251813138","","","","","","","341-0034","埼玉県三郷市新和四丁目588-2","","","","","","","","","","","","","","","2030002051326","","","",""
"有限会社サンキ","6964730186499","","","","","","","729-4307","広島県三次市三良坂町皆瀬10075-1","","","","","","","","","","","","","","","6240002030536","","","",""
"有限会社三喜工業","6929684292419","","","","","","","384-0503","長野県南佐久郡佐久穂町大字海瀬1854-1","","","","","","","","","","","","","","","7100002012118","","","",""
"株式会社サンキ電子","7892655676544","","","","","","","338-0002","埼玉県さいたま市中央区下落合三丁目17-6","","","","","","","","","","","","","","","1010001003066","","","",""
"株式会社サンキャスト","4071988203951","","","","","","","304-0005","茨城県下妻市半谷1086","","","","","","","","","","","","","","","5050001013322","","","",""
"有限会社サンキョー","1433499069199","","","","","","","434-0002","静岡県浜松市浜名区尾野2835-1","","","","","","","","","","","","","","","7080402015012","","","",""
"株式会社三協アルマイト","3661940333831","","","","","","","143-0015","東京都大田区大森西一丁目14-25","","","","","","","","","","","","","","","9010801004512","","","",""
"三協金属株式会社","9712788256646","","","","","","","569-0036","大阪府高槻市辻子三丁目3-4","","","","","","","","","","","","","","","9120901010944","","","",""
"株式会社三共合金鋳造所","2102344314894","","","","","","","555-0001","大阪府大阪市西淀川区佃五丁目10-7","","","","","","","","","","","","","","","7120001166474","","","",""
"三共伸管工業株式会社","6678713920739","","","","","","","350-1101","埼玉県川越市大字的場2612","","","","","","","","","","","","","","","7030001054812","","","",""
"有限会社三協精工","9075885834079","","","","","","","367-0212","埼玉県本庄市児玉町児玉749-1","","","","","","","","","","","","","","","4030002082294","","","",""
"三協ダイカスト株式会社","5478284609126","","","","","","","335-0031","埼玉県戸田市美女木四丁目3-5","","","","","","","","","","","","","","","6030001020294","","","",""
"有限会社三協ダイカスト","5674029631174","","","","","","","370-3521","群馬県高崎市棟高町1928-89","","","","","","","","","","","","","","","7070002013796","","","",""
"三協ダイカスト有限会社","3440732267860","","","","","","","350-1175","埼玉県川越市大字笠幡半沢2431-1","","","","","","","","","","","","","","","3030002073476","","","",""
"三共鋳鉄株式会社","7794926393443","","","","","","","726-0013","広島県府中市高木町213-1","","","","","","","","","","","","","","","2240001034252","","","",""
"三共電気株式会社","7906222724392","","","","","","","105-0013","東京都港区浜松町一丁目27-17 三和ビル5F","","","","","","","","","","","","","","","6010401036198","","","",""
"株式会社三共ハーネス","2046488456383","","","","","","","503-0923","岐阜県大垣市船町六丁目21","","","","","","","","","","","","","","","9200001013633","","","",""
"三協ワシメタル株式会社","5299618153818","","","","","","","933-0951","富山県高岡市長慶寺575","","","","","","","","","","","","","","","2230001012127","","","",""
"サンクラダイカスト有限会社","5528007056974","","","","","","","955-0053","新潟県三条市北入蔵二丁目25-48","","","","","","","","","","","","","","","1110002017170","","","",""
"サンクリエイト株式会社","1684423151504","","","","","","","939-1503","富山県南砺市岩武新80-1","","","","","","","","","","","","","","","2230001008488","","","",""
"有限会社三兄","8663326335301","","","","","","","941-0066","新潟県糸魚川市寺島三丁目7-37","","","","","","","","","","","","","","","4110002026235","","","",""
"株式会社三恵","1807234381950","","","","","","","961-0102","福島県西白河郡中島村大字滑津二ツ山22-15","","","","","","","","","","","","","","","6380001012100","","","",""
"有限会社三兄","7352975946412","","","","","","","333-0863","埼玉県川口市在家町24-1","","","","","","","","","","","","","","","1030002102947","","","",""
"サンケミカル株式会社","5548133592075","","","","","","","347-0001","埼玉県加須市大越1950-5","","","","","","","","","","","","","","","2030001085630","","","",""
"株式会社三光","7139990923328","","","","","","","438-0234","静岡県磐田市掛塚竜光寺3413-2","","","","","","","","","","","","","","","4080401016328","","","",""
"三光アルミ株式会社","8451135709621","","","","","","","501-2565","岐阜県岐阜市福富1969","","","","","","","","","","","","","","","5200001002128","","","",""
"三晃エレクトロニクス株式会社","4655668387992","","","","","","","192-0042","東京都八王子市中野山王一丁目21-1","","","","","","","","","","","","","","","2010101001365","","","",""
"三光金属株式会社","1048091271229","","","","","","","559-0011","大阪府大阪市住之江区北加賀屋四丁目8-5","","","","","","","","","","","","","","","6120001003471","","","",""
"三興金属株式会社","1872757655166","","","","","","","554-0022","大阪府大阪市此花区春日出中一丁目14-24","","","","","","","","","","","","","","","2120001026385","","","",""
"三光金属工業株式会社","4958447070036","","","","","","","116-0001","東京都荒川区町屋五丁目20-1","","","","","","","","","","","","","","","3011501006556","","","",""
"株式会社サン工業","5308624108363","","","","","","","729-4307","広島県三次市三良坂町皆瀬10075-1","","","","","","","","","","","","","","","7240001024645","","","",""
"株式会社三幸工作所","4536454406508","","","","","","","555-0033","大阪府大阪市西淀川区姫島一丁目11-22","","","","","","","","","","","","","","","9120001049719","","","",""
"株式会社三光ダイキャスト","5447244666802","","","","","","","411-0822","静岡県三島市松本113-1","","","","","","","","","","","","","","","7080101005603","","","",""
"有限会社三幸電装","4555530908364","","","","","","","478-0041","愛知県知多市日長前田口34-1","","","","","","","","","","","","","","","6180002088250","","","",""
"株式会社三光米原","9299585400705","","","","","","","521-0023","滋賀県米原市三吉777","","","","","","","","","","","","","","","4160001006670","","","",""
"サンコー貴金属株式会社","4526589228062","","","","","","","406-0012","山梨県笛吹市春日居町熊野堂584-2","","","","","","","","","","","","","","","1090001006342","","","",""
"株式会社サンコーテック","2424991751058","","","","","","","963-0107","福島県郡山市安積二丁目366-1","","","","","","","","","","","","","","","6380001008296","","","",""
"サンコー電商有限会社","5473220692909","","","","","","","610-0231","京都府綴喜郡宇治田原町大字立川西垣内14-1","","","","","","","","","","","","","","","3130002031234","","","",""
"三習工業株式会社","8886501169362","","","","","","","346-0028","埼玉県久喜市河原井町39","","","","","","","","","","","","","","","1030001030744","","","",""
"三洲電線株式会社","7043836535148","","","","","","","444-0324","愛知県西尾市寺津町二丁7-1","","","","","","","","","","","","","","","6180301015260","","","",""
"有限会社三進アルミ鋳造所","7801491926032","","","","","","","583-0881","大阪府羽曳野市島泉六丁目11-15","","","","","","","","","","","","","","","9120102018060","","","",""
"三神精工株式会社","1294863368045","","","","","","","340-0811","埼玉県八潮市大字二丁目1135","","","","","","","","","","","","","","","2030001036047","","","",""
"株式会社三誠","6746955256870","","","","","","","416-0947","静岡県富士市宮下148-2","","","","","","","","","","","","","","","7080101010710","","","",""
"三省カーボン株式会社","3542096186290","","","","","","","532-0011","大阪府大阪市淀川区西中島七丁目8-34 401","","","","","","","","","","","","","","","6120901019261","","","",""
"有限会社三征機工","5971314379303","","","","","","","505-0013","岐阜県美濃加茂市下米田町信友494-5","","","","","","","","","","","","","","","8200002018005","","","",""
"株式会社三静工業","2300124637527","","","","","","","411-0822","静岡県三島市松本181","","","","","","","","","","","","","","","4080101005622","","","",""
"三省工業株式会社","4014748293639","","","","","","","532-0011","大阪府大阪市淀川区西中島七丁目8-34","","","","","","","","","","","","","","","1120901010968","","","",""
"有限会社サンセブラン","8279929228396","","","","","","","144-0032","東京都大田区北糀谷二丁目6-2 サンハイム蒲田BF","","","","","","","","","","","","","","","1010802006176","","","",""
"有限会社三宗製作所","2356486185784","","","","","","","341-0000","埼玉県三郷市谷口137","","","","","","","","","","","","","","","9030002048885","","","",""
"ｓａｎｔｅｃ　Ｈｏｌｄｉｎｇｓ株式会社","1363017207372","","","","","","","485-0000","愛知県小牧市大字大草年上坂5823","","","","","","","","","","","","","","","9180001075866","","","",""
"有限会社サンディックス","2276730770419","","","","","","","121-0836","東京都足立区入谷九丁目5-15","","","","","","","","","","","","","","","9011802025919","","","",""
"サント金属株式会社","2452705837833","","","","","","","557-0063","大阪府大阪市西成区南津守六丁目6-41","","","","","","","","","","","","","","","2120001003434","","","",""
"株式会社三徳","2200668670821","","","","","","","658-0013","兵庫県神戸市東灘区深江北町四丁目14-34","","","","","","","","","","","","","","","3140001001609","","","",""
"有限会社三徳電線","5761571094973","","","","","","","329-0201","栃木県小山市大字粟宮2520","","","","","","","","","","","","","","","9060002028389","","","",""
"株式会社三峰","2958172211853","","","","","","","355-0812","埼玉県比企郡滑川町大字都25-46","","","","","","","","","","","","","","","7030001071213","","","",""
"有限会社三宝","8900450621100","","","","","","","483-8111","愛知県江南市安良町地蔵110","","","","","","","","","","","","","","","5180002081900","","","",""
"株式会社三豊","1152653621676","","","","","","","441-3121","愛知県豊橋市西山町西山328","","","","","","","","","","","","","","","9180301008006","","","",""
"有限会社三峰工業","5162945425700","","","","","","","358-0035","埼玉県入間市大字中神451-1","","","","","","","","","","","","","","","7030002036454","","","",""
"有限会社三宝合金","4215226130991","","","","","","","365-0036","埼玉県鴻巣市天神一丁目9-17","","","","","","","","","","","","","","","8030002082654","","","",""
"株式会社三豊精密","9795374086259","","","","","","","354-0043","埼玉県入間郡三芳町大字竹間沢691","","","","","","","","","","","","","","","4030002077071","","","",""
"株式会社ＳＵＮ　ＭＥＴＡＬＯＮ","2362201209557","","","","","","","240-0005","神奈川県横浜市保土ケ谷区神戸町134","","","","","","","","","","","","","","","5040001117058","","","",""
"株式会社三雄工芸","5900583175566","","","","","","","954-0111","新潟県見附市今町五丁目2-33","","","","","","","","","","","","","","","3110001024959","","","",""
"株式会社ＳＵＮｋＵＮＩＴＥ　ＴＥＣＨＮＯＬＯＧＹ","3968533033019","","","","","","","230-0004","神奈川県横浜市鶴見区元宮一丁目17-8","","","","","","","","","","","","","","","4020001017277","","","",""
"株式会社三陽","2902430485777","","","","","","","185-0031","東京都国分寺市富士本一丁目28-1","","","","","","","","","","","","","","","2012401002183","","","",""
"株式会社山陽アルミ","1519811571850","","","","","","","701-2522","岡山県赤磐市黒沢954","","","","","","","","","","","","","","","4260001008715","","","",""
"三陽金属工業株式会社","3337808077110","","","","","","","666-0121","兵庫県川西市平野一丁目5-8","","","","","","","","","","","","","","","2140001079357","","","",""
"三洋工業株式会社","6569310640566","","","","","","","101-0032","東京都千代田区岩本町一丁目3-2 日伸ビル6F","","","","","","","","","","","","","","","5390001009889","","","",""
"三陽工業株式会社","3977491910883","","","","","","","101-0047","東京都千代田区内神田一丁目18-12","","","","","","","","","","","","","","","1011101008153","","","",""
"三洋興産株式会社","4998458466292","","","","","","","992-1206","山形県米沢市大字赤崩 字瓜畑二18305番地","","","","","","","","","","","","","","","9390001009893","","","",""
"有限会社三洋ダイカスト工業所","2467312805049","","","","","","","174-0054","東京都板橋区宮本町39-10","","","","","","","","","","","","","","","4011402004146","","","",""
"三陽電工株式会社","7764368974315","","","","","","","335-0013","埼玉県戸田市喜沢一丁目49-8","","","","","","","","","","","","","","","7030001138573","","","",""
"三洋電線株式会社","5066146933945","","","","","","","584-0022","大阪府富田林市中野町東二丁目5-50","","","","","","","","","","","","","","","3120101030906","","","",""
"株式会社三陽プレシジョン","2192689118521","","","","","","","141-0033","東京都品川区西品川一丁目10-2","","","","","","","","","","","","","","","2010701011227","","","",""
"サンライズ株式会社","5996144136854","","","","","","","372-0006","群馬県伊勢崎市太田町1142-3","","","","","","","","","","","","","","","4070001015111","","","",""
"有限会社サンライズ","1101931911299","","","","","","","306-0126","茨城県古河市諸川985-5","","","","","","","","","","","","","","","1050002025634","","","",""
"株式会社サンライズ商会","8976684720811","","","","","","","110-0005","東京都台東区上野五丁目16-12","","","","","","","","","","","","","","","2010501005214","","","",""
"有限会社三立","9613423550983","","","","","","","993-0075","山形県長井市成田700-2","","","","","","","","","","","","","","","3390002015418","","","",""
"株式会社サンリック","7943498021791","","","","","","","236-0004","神奈川県横浜市金沢区福浦二丁目13-45","","","","","","","","","","","","","","","2010801004915","","","",""
"株式会社サンリツ工機","5222603605459","","","","","","","399-0211","長野県諏訪郡富士見町富士見11511","","","","","","","","","","","","","","","5100001018844","","","",""
"株式会社三立製作所","5314424654726","","","","","","","367-0054","埼玉県本庄市千代田二丁目1-17","","","","","","","","","","","","","","","6030001060241","","","",""
"三立電機工業株式会社","4267167823619","","","","","","","358-0014","埼玉県入間市宮寺2017-1","","","","","","","","","","","","","","","9030001026958","","","",""
"サンリット工業株式会社","1639896513741","","","","","","","993-0033","山形県長井市今泉1371","","","","","","","","","","","","","","","7390001011067","","","",""
"三和株式会社","1463899922188","","","","","","","447-0854","愛知県碧南市須磨町2-11","","","","","","","","","","","","","","","9180301015274","","","",""
"三和アルミ株式会社","1641531150721","","","","","","","306-0108","茨城県古河市南間中橋16-97","","","","","","","","","","","","","","","9050001019126","","","",""
"有限会社三和アルミ工業","3310269902897","","","","","","","369-1211","埼玉県大里郡寄居町大字赤浜2899-6","","","","","","","","","","","","","","","6030002115812","","","",""
"有限会社三和アンプル製造所","3807651154213","","","","","","","132-0035","東京都江戸川区平井二丁目13-4","","","","","","","","","","","","","","","5011702004464","","","",""
"株式会社三和金属","2672631243735","","","","","","","369-0214","埼玉県深谷市本郷988","","","","","","","","","","","","","","","7030001087465","","","",""
"三和金属工芸株式会社","1278136168727","","","","","","","934-0042","富山県射水市作道310-1","","","","","","","","","","","","","","","8230001012419","","","",""
"株式会社三和軽合金製作所","9699165589111","","","","","","","566-0052","大阪府摂津市鳥飼本町一丁目1-15","","","","","","","","","","","","","","","2120001007641","","","",""
"三和精工株式会社","4710859068254","","","","","","","306-0128","茨城県古河市上片田1209-8","","","","","","","","","","","","","","","3011701003122","","","",""
"三和鐡工株式会社","8539461878745","","","","","","","051-0033","北海道室蘭市小橋内町一丁目9-18","","","","","","","","","","","","","","","7430001056743","","","",""
"有限会社三和電気工業","9549053039118","","","","","","","410-1121","静岡県裾野市茶畑605-5","","","","","","","","","","","","","","","6080102004258","","","",""
"三和特殊精密株式会社","4724593352473","","","","","","","144-0046","東京都大田区東六郷一丁目4-8","","","","","","","","","","","","","","","1010801004172","","","",""
"サンワメタルス株式会社","9536972863839","","","","","","","018-0402","秋田県にかほ市平沢深谷地16-1","","","","","","","","","","","","","","","8410001005081","","","",""
"有限会社蔵王アルミ工場","8793687264423","","","","","","","990-2338","山形県山形市蔵王松ケ丘一丁目51-1","","","","","","","","","","","","","","","5390002001036","","","",""
"座間ラインゴールド株式会社","3204884542177","","","","","","","124-0013","東京都葛飾区東立石四丁目45-26","","","","","","","","","","","","","","","9011801001904","","","",""
"株式会社椎名製作所","6837987492526","","","","","","","993-0063","山形県長井市草岡1745","","","","","","","","","","","","","","","7390001011083","","","",""
"有限会社シー・エイ・エル","5234795870448","","","","","","","020-0612","岩手県滝沢市柳沢1411-9","","","","","","","","","","","","","","","7400002003953","","","",""
"株式会社塩川工業","2653594685655","","","","","","","804-0032","福岡県北九州市戸畑区西大谷一丁目7-5","","","","","","","","","","","","","","","4290801026434","","","",""
"株式会社塩沢製作所","9360837294837","","","","","","","399-4102","長野県駒ヶ根市飯坂一丁目30-21","","","","","","","","","","","","","","","1100001021257","","","",""
"株式会社シオノ鋳工","1152160431305","","","","","","","629-2421","京都府与謝郡与謝野町字金屋1917-1","","","","","","","","","","","","","","","7130001040703","","","",""
"株式会社志賀製箔所","9746355875556","","","","","","","144-0044","東京都大田区本羽田一丁目30-12","","","","","","","","","","","","","","","2010801005293","","","",""
"有限会社滋賀ファクトリ","6601499060985","","","","","","","522-0043","滋賀県彦根市小泉町159-6","","","","","","","","","","","","","","","1160002008207","","","",""
"有限会社執行製作所","7834309852761","","","","","","","812-0007","福岡県福岡市博多区東比恵二丁目7-6","","","","","","","","","","","","","","","1290002015628","","","",""
"株式会社シグマ製作所","2072157369836","","","","","","","334-0061","埼玉県川口市大字新堀140-2","","","","","","","","","","","","","","","6030001075314","","","",""
"重本電気工芸株式会社","6831000921532","","","","","","","256-0804","神奈川県小田原市羽根尾460-1","","","","","","","","","","","","","","","7021001035010","","","",""
"四国電線株式会社","6935924544703","","","","","","","769-2322","香川県さぬき市寒川町石田西1576-5","","","","","","","","","","","","","","","6470001011019","","","",""
"株式会社四阪製錬所","9268191197671","","","","","","","792-0011","愛媛県新居浜市西原町三丁目5-3","","","","","","","","","","","","","","","6500001013903","","","",""
"株式会社静岡産業システム","4882610114271","","","","","","","411-0943","静岡県駿東郡長泉町下土狩151-1","","","","","","","","","","","","","","","6080101006560","","","",""
"静岡ダイカスト株式会社","1285664711465","","","","","","","420-0067","静岡県静岡市葵区幸町41","","","","","","","","","","","","","","","7080001002832","","","",""
"株式会社静岡物産","9216327094319","","","","","","","421-0303","静岡県榛原郡吉田町片岡128-5","","","","","","","","","","","","","","","4080001013972","","","",""
"静岡部品株式会社","7393020142389","","","","","","","418-0006","静岡県富士宮市外神2182","","","","","","","","","","","","","","","6080101011718","","","",""
"有限会社下川鋳造所","5334947780066","","","","","","","670-0804","兵庫県姫路市保城576-1","","","","","","","","","","","","","","","2140002048939","","","",""
"品川電線株式会社","3166375700701","","","","","","","176-0004","東京都練馬区小竹町一丁目8-1","","","","","","","","","","","","","","","9011601003076","","","",""
"株式会社篠金","1932252656828","","","","","","","103-0011","東京都中央区日本橋大伝馬町5-7","","","","","","","","","","","","","","","1010001046321","","","",""
"有限会社篠田銅滓","8616887145522","","","","","","","601-8202","京都府京都市南区久世大築町6","","","","","","","","","","","","","","","4130002010971","","","",""
"有限会社篠原アルマイト製作所","9571473232238","","","","","","","340-0052","埼玉県草加市金明町663","","","","","","","","","","","","","","","5030002044418","","","",""
"有限会社篠原合金鋳造所","5234689279608","","","","","","","504-0907","岐阜県各務原市那加住吉町五丁目52","","","","","","","","","","","","","","","7200002007438","","","",""
"株式会社芝浦合金","5763032605029","","","","","","","140-0002","東京都品川区東品川三丁目14-34 215","","","","","","","","","","","","","","","6010701004549","","","",""
"芝川工業株式会社","2656299342441","","","","","","","419-0315","静岡県富士宮市長貫615-3","","","","","","","","","","","","","","","5080101018177","","","",""
"芝野アルミ産業有限会社","8342683298941","","","","","","","333-0833","埼玉県川口市大字西新井宿438-5","","","","","","","","","","","","","","","1030002103598","","","",""
"株式会社芝野鋳工所","7405952475571","","","","","","","598-0034","大阪府泉佐野市長滝2064","","","","","","","","","","","","","","","7120101045636","","","",""
"有限会社芝本鋳造所","9914138827586","","","","","","","584-0061","大阪府富田林市伏山一丁目20-6","","","","","","","","","","","","","","","4120102016829","","","",""
"有限会社渋川合金鋳造所","3669318623378","","","","","","","969-1402","福島県二本松市米沢水落2","","","","","","","","","","","","","","","4380002016309","","","",""
"株式会社シブヤ","7192028460149","","","","","","","500-8269","岐阜県岐阜市茜部中島一丁目61-2","","","","","","","","","","","","","","","7200001002522","","","",""
"株式会社澁谷製作所","4895262844891","","","","","","","989-2204","宮城県亘理郡山元町鷲足北52-10","","","","","","","","","","","","","","","8370801001656","","","",""
"株式会社澁谷製作所","8980312743767","","","","","","","134-0084","東京都江戸川区東葛西六丁目46-19","","","","","","","","","","","","","","","3011701009978","","","",""
"株式会社島崎組","9523096836972","","","","","","","966-0914","福島県喜多方市豊川町米室アカト5246-1","","","","","","","","","","","","","","","3380001018645","","","",""
"株式会社島崎製作所","6279804980986","","","","","","","198-0222","東京都西多摩郡奥多摩町境89-1","","","","","","","","","","","","","","","6013101005613","","","",""
"株式会社島田研磨工業所","7489583984280","","","","","","","581-0065","大阪府八尾市亀井町一丁目1-43","","","","","","","","","","","","","","","2122001018701","","","",""
"シマダ鉱業株式会社","9862124911356","","","","","","","289-2714","千葉県旭市三川5989","","","","","","","","","","","","","","","2040001061886","","","",""
"島貫金属工業株式会社","2083807883166","","","","","","","123-0872","東京都足立区江北二丁目29-3","","","","","","","","","","","","","","","8011801008611","","","",""
"株式会社シマノ","8940858871654","","","","","","","590-8577","大阪府堺市堺区老松町三丁77","","","","","","","","","","","","","","","3120101003399","","","",""
"嶋本ダイカスト株式会社","5979654941928","","","","","","","651-2228","兵庫県神戸市西区見津が丘二丁目3-6","","","","","","","","","","","","","","","3140001013257","","","",""
"清水金属株式会社","6799168879695","","","","","","","510-0233","三重県鈴鹿市東江島町27-15","","","","","","","","","","","","","","","3190001005051","","","",""
"有限会社清水軽合金","6606969941787","","","","","","","321-2332","栃木県日光市大室2047-11","","","","","","","","","","","","","","","5060002014995","","","",""
"有限会社清水工業所","7912856341153","","","","","","","340-0017","埼玉県草加市吉町四丁目9-35","","","","","","","","","","","","","","","9030002044439","","","",""
"清水商事株式会社","2974410475698","","","","","","","531-0071","大阪府大阪市北区中津一丁目13-13","","","","","","","","","","","","","","","3120001065028","","","",""
"株式会社清水精工所","6855743291793","","","","","","","340-0121","埼玉県幸手市大字上吉羽2100-20","","","","","","","","","","","","","","","6030001094529","","","",""
"有限会社清水ダイカスト","3237570541670","","","","","","","424-0114","静岡県静岡市清水区庵原町138-6","","","","","","","","","","","","","","","5080002010175","","","",""
"有限会社清水ダイカスト工場","3346742741996","","","","","","","382-0000","長野県須坂市大字塩野浦欠1143-22","","","","","","","","","","","","","","","4100002008432","","","",""
"清水鋳造有限会社","1772822137977","","","","","","","515-0055","三重県松阪市田村町450","","","","","","","","","","","","","","","5190002013927","","","",""
"株式会社清水電機","6773940759001","","","","","","","399-0214","長野県諏訪郡富士見町落合9760-2","","","","","","","","","","","","","","","7100001018850","","","",""
"有限会社志村金属","1513261334635","","","","","","","483-8121","愛知県江南市曽本町二子40-2","","","","","","","","","","","","","","","7180002081948","","","",""
"志村商事株式会社","3254846923088","","","","","","","531-0072","大阪府大阪市北区豊崎五丁目6-7 シムラビル","","","","","","","","","","","","","","","7120001065057","","","",""
"株式会社下平工業","7328357020778","","","","","","","399-3702","長野県上伊那郡飯島町飯島152-2","","","","","","","","","","","","","","","8100001021977","","","",""
"株式会社下田商店","8238679168767","","","","","","","121-0055","東京都足立区加平一丁目1-18","","","","","","","","","","","","","","","6011801008605","","","",""
"株式会社下山合金鋳造所","4841791243957","","","","","","","153-0064","東京都目黒区下目黒二丁目5-13","","","","","","","","","","","","","","","9013201002722","","","",""
"株式会社シモレックス","9137109233171","","","","","","","392-0131","長野県諏訪市大字湖南6522","","","","","","","","","","","","","","","8100001018362","","","",""
"株式会社シユア製作所","8548668138782","","","","","","","546-0041","大阪府大阪市東住吉区桑津五丁目15-3","","","","","","","","","","","","","","","1120001009993","","","",""
"株式会社シューテック","1760447834951","","","","","","","545-0021","大阪府大阪市阿倍野区阪南町六丁目8-9","","","","","","","","","","","","","","","6120001112909","","","",""
"有限会社昭英金属工業所","5299193398378","","","","","","","581-0072","大阪府八尾市久宝寺四丁目3-45","","","","","","","","","","","","","","","1122002013909","","","",""
"有限会社昭栄技研","3323201452492","","","","","","","455-0806","愛知県名古屋市港区明正二丁目118","","","","","","","","","","","","","","","8180002042296","","","",""
"株式会社正栄商会","6445928271480","","","","","","","136-0071","東京都江東区亀戸六丁目55-20 大進ビル3階","","","","","","","","","","","","","","","5010601021380","","","",""
"株式会社松栄製作所","3723702568724","","","","","","","386-2202","長野県上田市真田町本原4140","","","","","","","","","","","","","","","9100001010426","","","",""
"商喜産業株式会社","7568902681689","","","","","","","490-1205","愛知県あま市花正寺浦7","","","","","","","","","","","","","","","3180001098864","","","",""
"有限会社昭貴製作所","6345222893555","","","","","","","321-0921","栃木県宇都宮市瑞穂三丁目9-4","","","","","","","","","","","","","","","2060002004801","","","",""
"株式会社商新","8825099370398","","","","","","","170-0005","東京都豊島区南大塚二丁目40-1 大塚中央ビル内","","","","","","","","","","","","","","","5013301005538","","","",""
"株式会社庄司合金鋳造所","5471605287447","","","","","","","598-0036","大阪府泉佐野市岡本二丁目3-25","","","","","","","","","","","","","","","8120101039760","","","",""
"有限会社翔電子工業","1311174913730","","","","","","","998-0843","山形県酒田市千石町一丁目7-17","","","","","","","","","","","","","","","5390002007504","","","",""
"庄内オリエンタルモーターテック株式会社","8676556016971","","","","","","","997-0011","山形県鶴岡市宝田一丁目13-30","","","","","","","","","","","","","","","6390001014236","","","",""
"株式会社湘南アルテック","9529199546136","","","","","","","254-0001","神奈川県平塚市大島430","","","","","","","","","","","","","","","4021001036630","","","",""
"湘南金属細管株式会社","9870117646382","","","","","","","259-0132","神奈川県中郡二宮町緑が丘一丁目13-1","","","","","","","","","","","","","","","3021001037745","","","",""
"株式会社昭南メタル製作所","8916395460448","","","","","","","146-0095","東京都大田区多摩川二丁目18-5","","","","","","","","","","","","","","","2010801005616","","","",""
"湘北電機工業有限会社","7323560501148","","","","","","","243-0419","神奈川県海老名市大谷北二丁目3-36","","","","","","","","","","","","","","","6021002039779","","","",""
"株式会社翔陽","3666845071195","","","","","","","661-0964","兵庫県尼崎市神崎町21-34","","","","","","","","","","","","","","","5140001054423","","","",""
"正立産業株式会社","7055277616503","","","","","","","310-0041","茨城県水戸市上水戸四丁目1-7","","","","","","","","","","","","","","","8050001001308","","","",""
"株式会社昌立製作所","9238339880561","","","","","","","132-0031","東京都江戸川区松島二丁目7-21","","","","","","","","","","","","","","","3011701004070","","","",""
"昭和軽合金有限会社","1472715349875","","","","","","","430-0807","静岡県浜松市中央区佐藤二丁目34-34","","","","","","","","","","","","","","","3080402003821","","","",""
"株式会社昌和工業","3507679596769","","","","","","","508-0006","岐阜県中津川市落合780-8","","","","","","","","","","","","","","","7200001023378","","","",""
"昭和精工株式会社","5988061041288","","","","","","","924-0000","石川県白山市湊町レ48-9","","","","","","","","","","","","","","","4220001008826","","","",""
"株式会社昭和製作所","7578399154145","","","","","","","299-4215","千葉県長生郡白子町中里1914-1","","","","","","","","","","","","","","","7040001059562","","","",""
"昭和製線株式会社","9059537318243","","","","","","","584-0023","大阪府富田林市若松町東三丁目2-33","","","","","","","","","","","","","","","4120101030921","","","",""
"昭和鉄工株式会社","8057216996778","","","","","","","811-2101","福岡県糟屋郡宇美町大字宇美3351-8","","","","","","","","","","","","","","","9290001003221","","","",""
"株式会社食糧補完計画","5942004633676","","","","","","","763-0072","香川県丸亀市山北町652-1","","","","","","","","","","","","","","","5470002015077","","","",""
"株式会社ショット","7734096672212","","","","","","","343-0844","埼玉県越谷市大間野町三丁目190","","","","","","","","","","","","","","","9030001064165","","","",""
"白石興業株式会社","2671202425875","","","","","","","714-0042","岡山県笠岡市美の浜30-74","","","","","","","","","","","","","","","5260001017780","","","",""
"株式会社白井商店","1599659308790","","","","","","","596-0013","大阪府岸和田市臨海町13-3","","","","","","","","","","","","","","","1120101036855","","","",""
"白神製線株式会社","3601270284372","","","","","","","581-0056","大阪府八尾市南太子堂六丁目3-45","","","","","","","","","","","","","","","7122001018795","","","",""
"株式会社シラカワ","5931087035694","","","","","","","509-1431","岐阜県加茂郡白川町黒川5061","","","","","","","","","","","","","","","9200001017353","","","",""
"有限会社白倉工業","3280421765571","","","","","","","254-0019","神奈川県平塚市西真土一丁目3-51","","","","","","","","","","","","","","","8021002061525","","","",""
"シラトリ株式会社","3021184664756","","","","","","","409-0501","山梨県大月市富浜町宮谷1562-1","","","","","","","","","","","","","","","2090001008206","","","",""
"有限会社白根アルミ工場","4794507376019","","","","","","","332-0032","埼玉県川口市中青木三丁目15-8","","","","","","","","","","","","","","","1030002103879","","","",""
"株式会社白浜","9324165863228","","","","","","","424-0902","静岡県静岡市清水区折戸433-123","","","","","","","","","","","","","","","1080001010832","","","",""
"株式会社シル化成","8597784448953","","","","","","","583-0845","大阪府羽曳野市広瀬175-1","","","","","","","","","","","","","","","5120102002431","","","",""
"信越理研シルコート工場株式会社","1061508082382","","","","","","","367-0063","埼玉県本庄市下野堂216","","","","","","","","","","","","","","","8011401003293","","","",""
"株式会社シロ・カイ","7362244953974","","","","","","","769-2701","香川県東かがわ市湊197-17","","","","","","","","","","","","","","","6470002018442","","","",""
"株式会社城山電気商会","8177115760310","","","","","","","447-0869","愛知県碧南市山神町二丁目26","","","","","","","","","","","","","","","6180301015962","","","",""
"シンアイ工業株式会社","4706804988944","","","","","","","701-0112","岡山県倉敷市下庄1104-16","","","","","","","","","","","","","","","7260001003119","","","",""
"株式会社信栄","4633012122843","","","","","","","406-0043","山梨県笛吹市石和町河内120","","","","","","","","","","","","","","","4090001006034","","","",""
"有限会社伸栄機工","5123864721077","","","","","","","197-0003","東京都福生市大字熊川1618","","","","","","","","","","","","","","","6013102000381","","","",""
"有限会社進栄金属","6749934833058","","","","","","","342-0005","埼玉県吉川市大字川藤1887","","","","","","","","","","","","","","","5030002090222","","","",""
"新英金属株式会社","1395933551352","","","","","","","446-0072","愛知県安城市住吉町三丁目12-1","","","","","","","","","","","","","","","9180301012965","","","",""
"伸榮工業有限会社","5210116013667","","","","","","","399-8304","長野県安曇野市穂高柏原798","","","","","","","","","","","","","","","6100002023594","","","",""
"有限会社信栄工業所","3027546573555","","","","","","","661-0964","兵庫県尼崎市神崎町22-12","","","","","","","","","","","","","","","1120002069715","","","",""
"伸栄産業有限会社","5974905342949","","","","","","","576-0017","大阪府交野市星田北四丁目8-3","","","","","","","","","","","","","","","4190002004695","","","",""
"有限会社新永製作所","5809349810165","","","","","","","144-0056","東京都大田区西六郷三丁目3-7","","","","","","","","","","","","","","","4010802006652","","","",""
"信英蓄電器箔株式会社","5526921012894","","","","","","","399-4511","長野県上伊那郡南箕輪村3930","","","","","","","","","","","","","","","7100001020740","","","",""
"有限会社新栄電化工業所","3000160496101","","","","","","","174-0054","東京都板橋区宮本町22-3","","","","","","","","","","","","","","","2011402004271","","","",""
"進栄電気株式会社","2589618482171","","","","","","","183-0013","東京都府中市小柳町四丁目33-2","","","","","","","","","","","","","","","8012401000677","","","",""
"有限会社新栄特殊金属","7275830152367","","","","","","","144-0031","東京都大田区東蒲田二丁目28-1","","","","","","","","","","","","","","","2010802006687","","","",""
"有限会社新栄塗装工業","9671925217291","","","","","","","308-0004","茨城県筑西市国府田1292","","","","","","","","","","","","","","","3050002042108","","","",""
"株式会社シンエイメタル","5350293463322","","","","","","","157-0068","東京都世田谷区宇奈根一丁目6-1","","","","","","","","","","","","","","","4010902006032","","","",""
"株式会社信越商事","9137279337293","","","","","","","362-0062","埼玉県上尾市泉台一丁目2-1","","","","","","","","","","","","","","","6030001041613","","","",""
"信越電線株式会社","4269013591236","","","","","","","386-2201","長野県上田市真田町長5674","","","","","","","","","","","","","","","1100001009806","","","",""
"信越ハーネス株式会社","1899694194278","","","","","","","394-0003","長野県岡谷市加茂町一丁目7-17","","","","","","","","","","","","","","","1100001019549","","","",""
"信越半導体株式会社","5575015892449","","","","","","","100-0004","東京都千代田区大手町二丁目2-1","","","","","","","","","","","","","","","8010001018611","","","",""
"新金属工業株式会社","5669723764130","","","","","","","561-0843","大阪府豊中市上津島一丁目11-11","","","","","","","","","","","","","","","2120901024091","","","",""
"シンク工業株式会社","4931189733063","","","","","","","661-0978","兵庫県尼崎市久々知西町二丁目1-37","","","","","","","","","","","","","","","7140001049132","","","",""
"株式会社シンクスコーポレーション","8813774440856","","","","","","","243-0303","神奈川県愛甲郡愛川町中津桜台4057-2","","","","","","","","","","","","","","","4021001021987","","","",""
"株式会社シンクロ","2942803977609","","","","","","","572-0075","大阪府寝屋川市葛原二丁目1-9","","","","","","","","","","","","","","","1120001166868","","","",""
"神鋼アルミ線材株式会社","7374318791080","","","","","","","593-8315","大阪府堺市西区菱木二丁2153-1","","","","","","","","","","","","","","","7120101003734","","","",""
"新興鋳物株式会社","9855663151862","","","","","","","503-2122","岐阜県不破郡垂井町表佐275-3","","","","","","","","","","","","","","","4200001014792","","","",""
"伸工化学工業株式会社","9260881334711","","","","","","","213-0031","神奈川県川崎市高津区宇奈根755","","","","","","","","","","","","","","","9020001066377","","","",""
"新宏軽鋳造有限会社","8225936933441","","","","","","","710-0151","岡山県岡山市南区植松540-1","","","","","","","","","","","","","","","2260002015134","","","",""
"神鋼鋼線ステンレス株式会社","8050705524322","","","","","","","598-0071","大阪府泉佐野市鶴原四丁目10-20","","","","","","","","","","","","","","","8120101039777","","","",""
"シンコウ産業株式会社","4534774392894","","","","","","","301-0836","茨城県龍ケ崎市寺後3523-1","","","","","","","","","","","","","","","4011701003765","","","",""
"シンコウ産業有限会社","2926921603121","","","","","","","959-2451","新潟県新発田市下中82-7","","","","","","","","","","","","","","","9110002016330","","","",""
"伸光精線工業株式会社","8934834259387","","","","","","","211-0051","神奈川県川崎市中原区宮内一丁目6-20","","","","","","","","","","","","","","","6010801005273","","","",""
"神鋼大安総合サービス株式会社","2235588265792","","","","","","","511-0284","三重県いなべ市大安町梅戸東山1100-1","","","","","","","","","","","","","","","8190001013009","","","",""
"伸幸ダイカスト工業株式会社","4807590377564","","","","","","","591-8007","大阪府堺市北区奥本町二丁26","","","","","","","","","","","","","","","6120101003099","","","",""
"株式会社新興鉄工所","8538454942154","","","","","","","577-0006","大阪府東大阪市楠根三丁目2-34","","","","","","","","","","","","","","","8122001027688","","","",""
"株式会社新光電機","5563737881306","","","","","","","019-0527","秋田県横手市十文字町大道東38-1","","","","","","","","","","","","","","","8410001009157","","","",""
"新光電気工業株式会社","4969186979458","","","","","","","530-0047","大阪府大阪市北区西天満五丁目10-9","","","","","","","","","","","","","","","1120001065723","","","",""
"伸興電線株式会社","7946527308518","","","","","","","769-2101","香川県さぬき市志度1298-12","","","","","","","","","","","","","","","3470001011095","","","",""
"神鋼ノース株式会社","6649728501323","","","","","","","315-0056","茨城県かすみがうら市上稲吉向原1758-1","","","","","","","","","","","","","","","9050001010869","","","",""
"有限会社シンコー金型","1593419229947","","","","","","","245-0053","神奈川県横浜市戸塚区上矢部町2194-11","","","","","","","","","","","","","","","5020002011955","","","",""
"株式会社シンコーフレックス","7639836871740","","","","","","","433-8116","静岡県浜松市中央区西丘町71-5","","","","","","","","","","","","","","","4080401002195","","","",""
"真言興業株式会社","4490081623812","","","","","","","530-0047","大阪府大阪市北区西天満四丁目10-3","","","","","","","","","","","","","","","4120001065670","","","",""
"新昭鉛工業株式会社","3816903557249","","","","","","","532-0034","大阪府大阪市淀川区野中北二丁目5-7","","","","","","","","","","","","","","","5120001056090","","","",""
"株式会社シンシロケーブル","4103291537573","","","","","","","441-1347","愛知県新城市川田本宮道1-65","","","","","","","","","","","","","","","4180301029097","","","",""
"伸水電材株式会社","3136949948211","","","","","","","590-0829","大阪府堺市堺区東湊町五丁277","","","","","","","","","","","","","","","7120101003486","","","",""
"新豆陽金属工業株式会社","8800937103108","","","","","","","666-0121","兵庫県川西市平野一丁目5-8","","","","","","","","","","","","","","","3140001079380","","","",""
"有限会社シンセイ","1126411930113","","","","","","","426-0041","静岡県藤枝市高柳二丁目6-34","","","","","","","","","","","","","","","4080002018467","","","",""
"新成工業株式会社","9329597669162","","","","","","","151-0051","東京都渋谷区千駄ケ谷二丁目6-8","","","","","","","","","","","","","","","8011001010269","","","",""
"有限会社新生スチール","6067738688274","","","","","","","571-0002","大阪府門真市岸和田四丁目3-13","","","","","","","","","","","","","","","8122002012697","","","",""
"新星ダイキヤスト工業株式会社","3896687901631","","","","","","","496-0931","愛知県愛西市早尾町南川並147","","","","","","","","","","","","","","","5180001097468","","","",""
"株式会社新生電機製作所","6056060584756","","","","","","","275-0024","千葉県習志野市茜浜一丁目11-5","","","","","","","","","","","","","","","3040001014496","","","",""
"新生電材株式会社","6932247747542","","","","","","","435-0047","静岡県浜松市中央区原島町550-21","","","","","","","","","","","","","","","7080401002218","","","",""
"株式会社シンターランド","2128685708118","","","","","","","940-2055","新潟県長岡市雨池町123","","","","","","","","","","","","","","","4110001023902","","","",""
"株式会社新第一電業社","9652412845023","","","","","","","742-0342","山口県岩国市玖珂町大田4111-3","","","","","","","","","","","","","","","3250001011885","","","",""
"株式会社新東アルミ工業","9831762303113","","","","","","","351-0032","埼玉県朝霞市田島二丁目15-47","","","","","","","","","","","","","","","1030001044810","","","",""
"新東海ダイカスト工業株式会社","3144419446637","","","","","","","501-3954","岐阜県関市千疋1061-1","","","","","","","","","","","","","","","1200001019778","","","",""
"有限会社伸東工業","7588598973034","","","","","","","410-0818","静岡県沼津市中原町6-18","","","","","","","","","","","","","","","4080102001653","","","",""
"シントク工業株式会社","4170841369083","","","","","","","216-0033","神奈川県川崎市宮前区宮崎661-3","","","","","","","","","","","","","","","5020001066323","","","",""
"株式会社進藤鋳造鉄工所","3650452999072","","","","","","","080-2462","北海道帯広市西二十二条北一丁目5-5","","","","","","","","","","","","","","","2460101000710","","","",""
"真生化工有限会社","6927556259443","","","","","","","509-6472","岐阜県瑞浪市釜戸町川戸2478-33","","","","","","","","","","","","","","","9200002022022","","","",""
"新日本化金株式会社","3836095368698","","","","","","","174-0054","東京都板橋区宮本町28-2","","","","","","","","","","","","","","","3011401002993","","","",""
"新日本金属工業株式会社","4579469440927","","","","","","","500-8446","岐阜県岐阜市矢倉町1","","","","","","","","","","","","","","","6200001002507","","","",""
"新日本ブラス株式会社","3454482531338","","","","","","","289-2505","千葉県旭市鎌数5844-3","","","","","","","","","","","","","","","9010001018263","","","",""
"新保軽合金工業株式会社","3766128306346","","","","","","","933-0957","富山県高岡市早川312","","","","","","","","","","","","","","","1230001010172","","","",""
"新明電材株式会社","2778812200927","","","","","","","331-0811","埼玉県さいたま市北区吉野町二丁目258-1","","","","","","","","","","","","","","","7030001004387","","","",""
"株式会社真陽","6169022761422","","","","","","","547-0012","大阪府大阪市平野区長吉六反一丁目3-14","","","","","","","","","","","","","","","7120001200068","","","",""
"神陽金属工業株式会社","5044231443682","","","","","","","334-0076","埼玉県川口市本蓮四丁目4-27","","","","","","","","","","","","","","","1030001075426","","","",""
"伸陽軽金属株式会社","6347226595512","","","","","","","334-0013","埼玉県川口市南鳩ヶ谷三丁目19-21","","","","","","","","","","","","","","","6030001073243","","","",""
"株式会社伸陽工輝","8435745238357","","","","","","","674-0063","兵庫県明石市大久保町八木149","","","","","","","","","","","","","","","4140001117189","","","",""
"株式会社新和","8193882766980","","","","","","","578-0935","大阪府東大阪市若江東町六丁目3-38","","","","","","","","","","","","","","","1122001013686","","","",""
"株式会社伸和","3489827581756","","","","","","","490-1444","愛知県海部郡飛島村木場一丁目86","","","","","","","","","","","","","","","9180001049630","","","",""
"神和アルミ工業株式会社","3618142491837","","","","","","","321-4346","栃木県真岡市松山町11-1","","","","","","","","","","","","","","","4060001009329","","","",""
"シンワエンタープライズ株式会社","2011307048446","","","","","","","578-0944","大阪府東大阪市若江西新町二丁目7-8","","","","","","","","","","","","","","","9122001003589","","","",""
"有限会社伸和金属工業","9195540887223","","","","","","","080-2460","北海道帯広市西二十条北二丁目6","","","","","","","","","","","","","","","1460102001584","","","",""
"伸和金属工業株式会社","5128110158602","","","","","","","202-0023","東京都西東京市新町六丁目2-18","","","","","","","","","","","","","","","3012701004639","","","",""
"株式会社シンワ技研","2900178131575","","","","","","","400-0206","山梨県南アルプス市六科1154-1","","","","","","","","","","","","","","","9090001007449","","","",""
"伸和工業株式会社","9552770149739","","","","","","","558-0032","大阪府大阪市住吉区遠里小野一丁目10-7","","","","","","","","","","","","","","","7120001032874","","","",""
"株式会社伸和工作","7578071605910","","","","","","","394-0035","長野県岡谷市天竜町三丁目6-1","","","","","","","","","","","","","","","5100002031318","","","",""
"株式会社信和産業","8360124852827","","","","","","","463-0037","愛知県名古屋市守山区天子田一丁目805","","","","","","","","","","","","","","","9180001000576","","","",""
"有限会社信和ダイカスト工業所","7989377114733","","","","","","","144-0056","東京都大田区西六郷三丁目3-8","","","","","","","","","","","","","","","1010802007471","","","",""
"ＪＸ金属株式会社","2172846277314","","","","","","","105-0001","東京都港区虎ノ門二丁目10-4","","","","","","","","","","","","","","","2010001133878","","","",""
"ＪＸ金属環境株式会社","7308071109837","","","","","","","317-0055","茨城県日立市宮田町3453","","","","","","","","","","","","","","","3050001023884","","","",""
"ＪＸ金属コイルセンター株式会社","2485012148549","","","","","","","253-0101","神奈川県高座郡寒川町倉見3","","","","","","","","","","","","","","","2021001007690","","","",""
"ＪＸ金属製錬株式会社","9752356552746","","","","","","","105-0001","東京都港区虎ノ門二丁目10-4","","","","","","","","","","","","","","","5010001207282","","","",""
"ＪＸ金属製錬ロジテック株式会社","3943725506745","","","","","","","879-2201","大分県大分市大字佐賀関3479-1","","","","","","","","","","","","","","","7320001003979","","","",""
"ＪＸ金属高商株式会社","1546259982927","","","","","","","103-0027","東京都中央区日本橋三丁目2-5 毎日日本橋ビル2F","","","","","","","","","","","","","","","7010001088234","","","",""
"ＪＸ金属三日市リサイクル株式会社","8741039893064","","","","","","","938-0042","富山県黒部市天神新8","","","","","","","","","","","","","","","7230001007403","","","",""
"ＪＦＥ精密株式会社","7543070487768","","","","","","","950-0883","新潟県新潟市東区鷗島町6-5","","","","","","","","","","","","","","","2110001000738","","","",""
"ＪＴＱ株式会社","6029021819805","","","","","","","240-0054","神奈川県横浜市保土ケ谷区西谷一丁目15-5","","","","","","","","","","","","","","","3010401066883","","","",""
"株式会社ジェイ・パワーシステムズ","5975434206469","","","","","","","319-1414","茨城県日立市日高町五丁目1-1","","","","","","","","","","","","","","","7010401044927","","","",""
"ＪＭＡＣＳ株式会社","9806455577719","","","","","","","673-1331","兵庫県加東市森尾127-1","","","","","","","","","","","","","","","8122001015783","","","",""
"株式会社Ｊメイク","5335146155261","","","","","","","123-0842","東京都足立区栗原一丁目5-10","","","","","","","","","","","","","","","2011801008740","","","",""
"株式会社ＧＡＭ","4208378927914","","","","","","","105-0012","東京都港区芝大門一丁目15-7 芝大門ABC館ビル9階","","","","","","","","","","","","","","","3010401123701","","","",""
"株式会社ジェー・シー・オー","3732304024742","","","","","","","319-1101","茨城県那珂郡東海村大字石神外宿2600","","","","","","","","","","","","","","","4010401022522","","","",""
"株式会社ジーエスエレテック","6977996908406","","","","","","","473-0916","愛知県豊田市吉原町平子58-1","","","","","","","","","","","","","","","4180301020519","","","",""
"株式会社ジーエスピー","6248935492966","","","","","","","501-3713","岐阜県美濃市富野125","","","","","","","","","","","","","","","8200001019193","","","",""
"株式会社Ｇ．Ｆ．Ｉ","9236777656972","","","","","","","400-0127","山梨県甲斐市天狗沢87-13","","","","","","","","","","","","","","","4090001014813","","","",""
"株式会社ＪＥＭＣＯ","2693144888686","","","","","","","472-0012","愛知県知立市八ツ田町二丁目2-7","","","","","","","","","","","","","","","1180301025644","","","",""
"ＧＭＢ株式会社","1242740243698","","","","","","","636-0206","奈良県磯城郡川西町大字吐田150-3","","","","","","","","","","","","","","","2150001011467","","","",""
"有限会社寺家合金製作所","1242985463997","","","","","","","225-0025","神奈川県横浜市青葉区鉄町1888","","","","","","","","","","","","","","","8020002014427","","","",""
"ジー・ピー・エージャパン株式会社","8261452123918","","","","","","","206-0032","東京都多摩市南野二丁目9-11 グラン・ドムール多摩センター402","","","","","","","","","","","","","","","7013401005923","","","",""
"有限会社ジープロダクツ","2164615796401","","","","","","","300-1237","茨城県牛久市田宮二丁目21-5","","","","","","","","","","","","","","","2050002037711","","","",""
"有限会社ジャストイングリッシュプレス","7674854874855","","","","","","","060-0806","北海道札幌市北区北六条西六丁目 第一山崎ビル3階","","","","","","","","","","","","","","","4430002038578","","","",""
"株式会社ジャストワン","1120463317683","","","","","","","362-0022","埼玉県上尾市大字瓦葺660-1","","","","","","","","","","","","","","","4010601034482","","","",""
"ジャノメダイカスト株式会社","4724788851402","","","","","","","402-0011","山梨県都留市井倉沢戸775","","","","","","","","","","","","","","","5090001008401","","","",""
"ジャパンウェイスト株式会社","3212270072043","","","","","","","103-0025","東京都中央区日本橋茅場町二丁目12-10 PMOEX日本橋茅場町8階","","","","","","","","","","","","","","","4140001019022","","","",""
"ジャパンキャステリング株式会社","5806160685282","","","","","","","822-1406","福岡県田川郡香春町大字香春812","","","","","","","","","","","","","","","5310001005433","","","",""
"株式会社ジャパン工業","4529358848641","","","","","","","492-8424","愛知県稲沢市高重東町21","","","","","","","","","","","","","","","5180001086322","","","",""
"ＪＵＫＩ会津株式会社","1344911929548","","","","","","","969-3532","福島県喜多方市塩川町小府根近江75","","","","","","","","","","","","","","","1380001018647","","","",""
"有限会社樹研","7238824790752","","","","","","","350-0214","埼玉県坂戸市千代田五丁目4-5","","","","","","","","","","","","","","","4030002094678","","","",""
"株式会社潤工社","9125867440270","","","","","","","309-1603","茨城県笠間市福田961-20","","","","","","","","","","","","","","","1050001007996","","","",""
"株式会社ジョイン","1422191020850","","","","","","","146-0082","東京都大田区池上五丁目15-7","","","","","","","","","","","","","","","5010801005522","","","",""
"上越マテリアル株式会社","2270532357764","","","","","","","942-0253","新潟県上越市大字下名柄1618-1","","","","","","","","","","","","","","","6110001019097","","","",""
"株式会社成正プレジテック","7782817825438","","","","","","","321-0966","栃木県宇都宮市今泉二丁目7-8","","","","","","","","","","","","","","","9060001006759","","","",""
"有限会社常新トラックス","7643024810619","","","","","","","355-0028","埼玉県東松山市箭弓町二丁目6-49","","","","","","","","","","","","","","","8030002097041","","","",""
"株式会社常総電子産業","9237982492117","","","","","","","302-0034","茨城県取手市戸頭211-1","","","","","","","","","","","","","","","9050001030982","","","",""
"株式会社定塚","3831476063803","","","","","","","934-0093","富山県高岡市姫野919-1","","","","","","","","","","","","","","","1230001011253","","","",""
"城東電機工業株式会社","3301804056895","","","","","","","311-1135","茨城県水戸市六反田町原付1200-1","","","","","","","","","","","","","","","7050001001283","","","",""
"株式会社城之内","7247331641046","","","","","","","402-0001","山梨県都留市田野倉1367","","","","","","","","","","","","","","","2090001008395","","","",""
"城北電装株式会社","6257340232038","","","","","","","485-0084","愛知県小牧市大字入鹿出新田新道900-1","","","","","","","","","","","","","","","3180001075962","","","",""
"上毛電化株式会社","8457513931985","","","","","","","375-0056","群馬県藤岡市三ツ木336-6","","","","","","","","","","","","","","","5070001012446","","","",""
"城陽金糸工業株式会社","5246527593394","","","","","","","610-0121","京都府城陽市寺田東ノ口4-2","","","","","","","","","","","","","","","6130001038426","","","",""
"城陽メタル株式会社","2803292630470","","","","","","","610-0221","京都府綴喜郡宇治田原町大字湯屋谷奥二ノ谷72-4","","","","","","","","","","","","","","","4130001037909","","","",""
"Ｊマテ．カッパープロダクツ株式会社","7905334884350","","","","","","","949-3112","新潟県上越市大潟区土底浜2024-1","","","","","","","","","","","","","","","3110001020009","","","",""
"株式会社神保製作所","8879752124185","","","","","","","490-1443","愛知県海部郡飛島村大字新政成十一丁目31-2","","","","","","","","","","","","","","","5180001019678","","","",""
"末廣鋼業株式会社","2077614258708","","","","","","","577-0066","大阪府東大阪市高井田本通四丁目3-3","","","","","","","","","","","","","","","1122001003910","","","",""
"株式会社末広電機","2489426595663","","","","","","","461-0021","愛知県名古屋市東区大曽根二丁目5-18","","","","","","","","","","","","","","","5180001017005","","","",""
"株式会社末広電装","8807530954586","","","","","","","319-2134","茨城県常陸大宮市工業団地21","","","","","","","","","","","","","","","4050001026787","","","",""
"有限会社スガエンジニアリング","3496941950485","","","","","","","250-0862","神奈川県小田原市成田973","","","","","","","","","","","","","","","9021002052135","","","",""
"須賀機械工業株式会社","1762365123325","","","","","","","250-0862","神奈川県小田原市成田973","","","","","","","","","","","","","","","2021001032763","","","",""
"菅波電線株式会社","7070767632956","","","","","","","174-0054","東京都板橋区宮本町45-4","","","","","","","","","","","","","","","8011401003327","","","",""
"合資会社菅沼製作所","4592042494280","","","","","","","431-0421","静岡県湖西市新所5074-1","","","","","","","","","","","","","","","3080403000421","","","",""
"有限会社菅原製作所","8504620783615","","","","","","","070-8013","北海道旭川市神居三条十六丁目1-5","","","","","","","","","","","","","","","1450002003062","","","",""
"有限会社杉浦金属工業","1354881160024","","","","","","","341-0044","埼玉県三郷市戸ヶ崎2478","","","","","","","","","","","","","","","6030002049102","","","",""
"杉浦工業株式会社","3375076077259","","","","","","","440-0083","愛知県豊橋市下地町五貫58","","","","","","","","","","","","","","","8180301005904","","","",""
"杉田貴金属工業株式会社","4488623667809","","","","","","","145-0065","東京都大田区東雪谷二丁目12-5","","","","","","","","","","","","","","","4010801005845","","","",""
"杉田電線株式会社","5105521313024","","","","","","","339-0037","埼玉県さいたま市岩槻区大字浮谷2290","","","","","","","","","","","","","","","6011501007064","","","",""
"杉野金属工業株式会社","6850256066414","","","","","","","350-1101","埼玉県川越市大字的場1700","","","","","","","","","","","","","","","9030001056807","","","",""
"杉山金属株式会社","4970266308636","","","","","","","467-0864","愛知県名古屋市瑞穂区豆田町一丁目8","","","","","","","","","","","","","","","3180001010416","","","",""
"鈴鹿金属株式会社","6669501340564","","","","","","","111-0053","東京都台東区浅草橋二丁目3-9","","","","","","","","","","","","","","","2010501006286","","","",""
"株式会社鈴勝産業","5447553005818","","","","","","","317-0066","茨城県日立市高鈴町一丁目13-2","","","","","","","","","","","","","","","1050001023291","","","",""
"有限会社鈴鹿モールド","7412762810676","","","","","","","510-0233","三重県鈴鹿市東江島町17-1","","","","","","","","","","","","","","","4190002006535","","","",""
"有限会社鈴木アルミ合金","9399668118869","","","","","","","370-0615","群馬県邑楽郡邑楽町大字篠塚1302-3","","","","","","","","","","","","","","","1070002029658","","","",""
"鈴木貴金属化工株式会社","7696709201014","","","","","","","332-0001","埼玉県川口市朝日四丁目21-52","","","","","","","","","","","","","","","5030001075562","","","",""
"鈴木徽章工藝株式会社","5974554848825","","","","","","","113-0032","東京都文京区弥生二丁目12-1","","","","","","","","","","","","","","","6010001003953","","","",""
"鈴木金属株式会社","8313879811490","","","","","","","130-0014","東京都墨田区亀沢四丁目17-3","","","","","","","","","","","","","","","2010601012696","","","",""
"鈴木金属株式会社","4358378342778","","","","","","","466-0057","愛知県名古屋市昭和区高辻町11-4","","","","","","","","","","","","","","","8180001008554","","","",""
"鈴木金属工業株式会社","9396800162036","","","","","","","140-0015","東京都品川区西大井六丁目16-2","","","","","","","","","","","","","","","4010701004963","","","",""
"有限会社鈴木軽合金","7056589755206","","","","","","","174-0054","東京都板橋区宮本町30-1","","","","","","","","","","","","","","","2011402016960","","","",""
"有限会社鈴木合金","1375621012860","","","","","","","193-0813","東京都八王子市四谷町613-4","","","","","","","","","","","","","","","8010102003495","","","",""
"鈴木合金株式会社","8044840324607","","","","","","","475-0039","愛知県半田市新居町一丁目22-2","","","","","","","","","","","","","","","9180001091764","","","",""
"有限会社鈴木合金","1516332608102","","","","","","","920-0022","石川県金沢市北安江四丁目11-35","","","","","","","","","","","","","","","6220002003295","","","",""
"有限会社すヾき合金工業","7006537996078","","","","","","","223-0056","神奈川県横浜市港北区新吉田町6088-8","","","","","","","","","","","","","","","3020002006247","","","",""
"鈴木合金工業株式会社","1931676918367","","","","","","","131-0041","東京都墨田区八広五丁目29-14","","","","","","","","","","","","","","","4010601012686","","","",""
"株式会社鈴木合金製作所","7280864876173","","","","","","","174-0056","東京都板橋区志村一丁目12-1 603号","","","","","","","","","","","","","","","2011401003340","","","",""
"株式会社鈴木合金鋳造所","4708355550220","","","","","","","532-0027","大阪府大阪市淀川区田川三丁目12-36","","","","","","","","","","","","","","","4120001049839","","","",""
"株式会社鈴木商店","8169863377220","","","","","","","143-0016","東京都大田区大森北六丁目32-4","","","","","","","","","","","","","","","4010801005903","","","",""
"有限会社鈴木清吉商店","7055486407022","","","","","","","997-0023","山形県鶴岡市鳥居町34-24","","","","","","","","","","","","","","","6390002009482","","","",""
"株式会社鈴木製作所","9663481270495","","","","","","","379-2221","群馬県伊勢崎市国定町一丁目1231-1","","","","","","","","","","","","","","","6070001016173","","","",""
"株式会社鈴木鋳造所","7231050241827","","","","","","","990-0051","山形県山形市銅町一丁目5-26","","","","","","","","","","","","","","","5390001000947","","","",""
"株式会社スズキ部品富山","7832607444682","","","","","","","932-0102","富山県小矢部市水島3200","","","","","","","","","","","","","","","3230001009089","","","",""
"鈴木砲金鋳造株式会社","4199680647669","","","","","","","332-0001","埼玉県川口市朝日二丁目27-18","","","","","","","","","","","","","","","1030001075574","","","",""
"株式会社鈴工","8624961946318","","","","","","","417-0814","静岡県富士市西船津30","","","","","","","","","","","","","","","5080101008797","","","",""
"株式会社スズムラ","2718254780678","","","","","","","471-0837","愛知県豊田市新生町三丁目55","","","","","","","","","","","","","","","5180301018504","","","",""
"スタック電子株式会社","1377952580509","","","","","","","196-0021","東京都昭島市武蔵野三丁目9-18","","","","","","","","","","","","","","","8012801002216","","","",""
"株式会社スタンダードメタル商會","5089980234022","","","","","","","103-0007","東京都中央区日本橋浜町二丁目24-1","","","","","","","","","","","","","","","6010001047661","","","",""
"ストーンブロンズ株式会社","7148725864293","","","","","","","333-0844","埼玉県川口市上青木六丁目21-24","","","","","","","","","","","","","","","4030001075588","","","",""
"須藤亜鉛株式会社","9099274262520","","","","","","","131-0043","東京都墨田区立花四丁目30-11","","","","","","","","","","","","","","","3010601004107","","","",""
"砂田興業株式会社","2118432045389","","","","","","","709-0625","岡山県岡山市東区上道北方688-1","","","","","","","","","","","","","","","6260001007789","","","",""
"住鉱技術サービス株式会社","6958949293741","","","","","","","792-0001","愛媛県新居浜市惣開町1-6","","","","","","","","","","","","","","","2500001010004","","","",""
"住重フォージング株式会社","1505432360432","","","","","","","237-0061","神奈川県横須賀市夏島町19","","","","","","","","","","","","","","","9021001042327","","","",""
"株式会社スミテック","4657151502750","","","","","","","431-2222","静岡県浜松市北区引佐町黒渕44","","","","","","","","","","","","","","","2080401010646","","","",""
"住電資材加工株式会社","6804495074118","","","","","","","554-0052","大阪府大阪市此花区常吉一丁目1-19","","","","","","","","","","","","","","","4120001026433","","","",""
"住電ファインコンダクタ株式会社","5559792858133","","","","","","","555-0033","大阪府大阪市西淀川区姫島三丁目2-23","","","","","","","","","","","","","","","7120001148051","","","",""
"有限会社住友","8757711926839","","","","","","","547-0001","大阪府大阪市平野区加美北三丁目2-24","","","","","","","","","","","","","","","2120002009703","","","",""
"住友金属鉱山株式会社","2398634382574","","","","","","","105-0004","東京都港区新橋五丁目11-3","","","","","","","","","","","","","","","9010401015273","","","",""
"住友電気工業株式会社","1139499113302","","","","","","","541-0041","大阪府大阪市中央区北浜四丁目5-33","","","","","","","","","","","","","","","5120001077450","","","",""
"住友電工ウインテック株式会社","6843359752334","","","","","","","529-1811","滋賀県甲賀市信楽町江田1074","","","","","","","","","","","","","","","2160001006193","","","",""
"住友電工オプティフロンティア株式会社","5352569497007","","","","","","","244-0844","神奈川県横浜市栄区田谷町1","","","","","","","","","","","","","","","8020001086459","","","",""
"住友電工産業電線株式会社","2508180284319","","","","","","","550-0012","大阪府大阪市西区立売堀五丁目8-11 住電商事ビル5F","","","","","","","","","","","","","","","1120001077215","","","",""
"住友電工電子ワイヤー株式会社","8886799880272","","","","","","","322-0014","栃木県鹿沼市さつき町3-3","","","","","","","","","","","","","","","3060001010857","","","",""
"住友電装株式会社","4680910808709","","","","","","","510-0067","三重県四日市市浜田町5-28","","","","","","","","","","","","","","","7190001015253","","","",""
"株式会社炭平製作所","3810378870021","","","","","","","388-8015","長野県長野市篠ノ井石川482","","","","","","","","","","","","","","","7100001001609","","","",""
"株式会社スリーエフ","4254208280899","","","","","","","108-0074","東京都港区高輪二丁目12-27","","","","","","","","","","","","","","","8010401015299","","","",""
"諏訪金属株式会社","7071276928313","","","","","","","392-0012","長野県諏訪市大字四賀2230","","","","","","","","","","","","","","","9100001018403","","","",""
"株式会社清雅堂","7837515250686","","","","","","","959-0318","新潟県西蒲原郡弥彦村大字麓4693","","","","","","","","","","","","","","","8110001016225","","","",""
"正起金屬加工株式会社","3651401968607","","","","","","","470-2531","愛知県知多郡武豊町大字冨貴中田1-20","","","","","","","","","","","","","","","5120001049895","","","",""
"世紀鉄工株式会社","6788282872960","","","","","","","636-0103","奈良県生駒郡斑鳩町幸前一丁目11-53","","","","","","","","","","","","","","","4150001007034","","","",""
"有限会社精工ダイカスト","7053215488495","","","","","","","306-0126","茨城県古河市諸川1853-4","","","","","","","","","","","","","","","8050002025710","","","",""
"精光電装株式会社","1142864908910","","","","","","","142-0063","東京都品川区荏原一丁目7-15","","","","","","","","","","","","","","","9010701005115","","","",""
"株式会社誠信","2892470757533","","","","","","","534-0002","大阪府大阪市都島区大東町二丁目7-6","","","","","","","","","","","","","","","4120001007821","","","",""
"株式会社精伸","2579523130437","","","","","","","431-0404","静岡県湖西市太田1250-94","","","","","","","","","","","","","","","4080401006007","","","",""
"有限会社セイシンコーポレーション","6760343836955","","","","","","","183-0016","東京都府中市八幡町三丁目3-4 グランデュールアサノ","","","","","","","","","","","","","","","3012402001480","","","",""
"有限会社正伸精機製作所","7715576437540","","","","","","","400-0117","山梨県甲斐市西八幡4074","","","","","","","","","","","","","","","9090002003769","","","",""
"株式会社聖心製作所","9058985696546","","","","","","","527-0066","滋賀県東近江市柴原南町深谷1592-1","","","","","","","","","","","","","","","3122001003693","","","",""
"正道工業有限会社","4065153822777","","","","","","","722-1702","広島県世羅郡世羅町大字山中福田3503","","","","","","","","","","","","","","","7240002052661","","","",""
"有限会社整磨","8674892986072","","","","","","","417-0002","静岡県富士市依田橋255-5","","","","","","","","","","","","","","","8080102014288","","","",""
"株式会社セイワ","6036028256341","","","","","","","671-0224","兵庫県姫路市別所町佐土1291","","","","","","","","","","","","","","","3140001059606","","","",""
"成和工業有限会社","4722616407358","","","","","","","630-0142","奈良県生駒市北田原町2290","","","","","","","","","","","","","","","6150002004152","","","",""
"誓和工具株式会社","4279863317004","","","","","","","581-0844","大阪府八尾市福栄町二丁目15","","","","","","","","","","","","","","","4122001018922","","","",""
"成和産業株式会社","4660883723594","","","","","","","142-0063","東京都品川区荏原一丁目4-17","","","","","","","","","","","","","","","3010701005194","","","",""
"株式会社成和製造所","3518268815561","","","","","","","593-8312","大阪府堺市西区草部1152","","","","","","","","","","","","","","","5120101003876","","","",""
"株式会社星和ダイカスト","1967949297128","","","","","","","241-0817","神奈川県横浜市旭区今宿二丁目11-1","","","","","","","","","","","","","","","1020001042146","","","",""
"正和電工株式会社","2423294647679","","","","","","","611-0002","京都府宇治市木幡東中23","","","","","","","","","","","","","","","4130001032686","","","",""
"有限会社瀬尾商事","7229414310174","","","","","","","259-1205","神奈川県平塚市土屋1845-1","","","","","","","","","","","","","","","7021002013584","","","",""
"瀬川金属工業株式会社","9270332931076","","","","","","","601-8329","京都府京都市南区吉祥院清水町25","","","","","","","","","","","","","","","4130001010989","","","",""
"瀬川金属精錬株式会社","9377135338210","","","","","","","738-0021","広島県廿日市市木材港北3-87","","","","","","","","","","","","","","","7240001027994","","","",""
"株式会社セキ","8474137001080","","","","","","","477-0032","愛知県東海市加木屋町三ツ池12-4","","","","","","","","","","","","","","","5180001094341","","","",""
"有限会社関口ダイカスト工業所","7009927039249","","","","","","","379-2222","群馬県伊勢崎市田部井町三丁目2745-3","","","","","","","","","","","","","","","6070002021156","","","",""
"セキサーマル株式会社","9785716825293","","","","","","","959-0215","新潟県燕市吉田下中野1447-2","","","","","","","","","","","","","","","7110001015913","","","",""
"積水樹脂プラメタル株式会社","9588101822873","","","","","","","399-0601","長野県上伊那郡辰野町大字小野795-1","","","","","","","","","","","","","","","7100001021672","","","",""
"株式会社セキデン","8711991965026","","","","","","","519-1111","三重県亀山市関町新所961-6","","","","","","","","","","","","","","","6190001003432","","","",""
"有限会社関電工","5330575457991","","","","","","","501-3811","岐阜県関市東本郷通二丁目3-30","","","","","","","","","","","","","","","8200002018847","","","",""
"有限会社関原美術工芸舎","7204441616347","","","","","","","933-0958","富山県高岡市波岡36-2","","","","","","","","","","","","","","","7230002011370","","","",""
"有限会社赤山製作所","3920382466360","","","","","","","374-0078","群馬県館林市傍示塚町479","","","","","","","","","","","","","","","4070002033533","","","",""
"摂津鋼材株式会社","5765219980643","","","","","","","574-0052","大阪府大東市新田北町1-14","","","","","","","","","","","","","","","5120001065967","","","",""
"摂津ダイカスト株式会社","1051079018160","","","","","","","652-0815","兵庫県神戸市兵庫区三川口町一丁目1-18","","","","","","","","","","","","","","","3140001013389","","","",""
"株式会社瀬谷製作所","4002252276199","","","","","","","316-0023","茨城県日立市東大沼町一丁目4-40","","","","","","","","","","","","","","","6050001023304","","","",""
"株式会社セラテック","4348066716400","","","","","","","792-0801","愛媛県新居浜市菊本町一丁目10-1","","","","","","","","","","","","","","","2500001010045","","","",""
"有限会社瀬里合金所","9497598149246","","","","","","","812-0857","福岡県福岡市博多区西月隈六丁目6-35","","","","","","","","","","","","","","","4290002015988","","","",""
"センガ株式会社","4061745930157","","","","","","","484-0963","愛知県犬山市楽田鶴池15","","","","","","","","","","","","","","","5180001103647","","","",""
"有限会社千祥工業","3718527858448","","","","","","","244-0842","神奈川県横浜市栄区飯島町2444-1","","","","","","","","","","","","","","","6020002000420","","","",""
"千住金属工業株式会社","2915909595806","","","","","","","120-0038","東京都足立区千住橋戸町23","","","","","","","","","","","","","","","4011801009092","","","",""
"有限会社センターパーツ","4117575107173","","","","","","","393-0087","長野県諏訪郡下諏訪町西鷹野町4838","","","","","","","","","","","","","","","7100002028444","","","",""
"浅南工業株式会社","9872023028020","","","","","","","385-0016","長野県佐久市鳴瀬2768","","","","","","","","","","","","","","","5100001007293","","","",""
"ゼノー・テック株式会社","8062629690532","","","","","","","700-0853","岡山県岡山市南区豊浜町12-8","","","","","","","","","","","","","","","4260001003757","","","",""
"善成金属株式会社","9020532964623","","","","","","","338-0832","埼玉県さいたま市桜区西堀十丁目9-30","","","","","","","","","","","","","","","1030001004590","","","",""
"有限会社綜合金型製作所","3671097964426","","","","","","","561-0845","大阪府豊中市利倉三丁目13-20","","","","","","","","","","","","","","","1120902021452","","","",""
"株式会社双新電子","3616252859847","","","","","","","979-1452","福島県双葉郡双葉町大字松倉葉ノ木谷地197-3","","","","","","","","","","","","","","","7380001016570","","","",""
"曹鉄メタル株式会社","9696626430004","","","","","","","969-3301","福島県耶麻郡磐梯町大字磐梯南新田1414","","","","","","","","","","","","","","","7380001017544","","","",""
"相洋産業株式会社","7166427486092","","","","","","","250-0853","神奈川県小田原市堀之内31","","","","","","","","","","","","","","","1021001032830","","","",""
"株式会社双立","3368818769591","","","","","","","587-0062","大阪府堺市美原区太井655","","","","","","","","","","","","","","","5120101003975","","","",""
"株式会社ソーカ","6831882585210","","","","","","","994-0103","山形県天童市大字川原子4700","","","","","","","","","","","","","","","6390001002397","","","",""
"有限会社十河製作所","2750077873046","","","","","","","770-0003","徳島県徳島市北田宮三丁目11-33","","","","","","","","","","","","","","","2480002002548","","","",""
"株式会社ソディックエフ・ティ","7401265853487","","","","","","","222-0033","神奈川県横浜市港北区新横浜二丁目5-1","","","","","","","","","","","","","","","4020001020066","","","",""
"ソノダ金属株式会社","8662791239023","","","","","","","661-0953","兵庫県尼崎市東園田町二丁目176","","","","","","","","","","","","","","","7140001049545","","","",""
"ソーラメタル株式会社","2146023748991","","","","","","","379-2122","群馬県前橋市駒形町1344-1","","","","","","","","","","","","","","","7070001001868","","","",""
"有限会社反町精密","6532284334617","","","","","","","940-0004","新潟県長岡市高見町4389","","","","","","","","","","","","","","","3110002028100","","","",""
"ソルダーコート株式会社","5238751867159","","","","","","","458-0801","愛知県名古屋市緑区鳴海町長田75-1","","","","","","","","","","","","","","","5180001028324","","","",""
"鯛勝産業株式会社","4885463792627","","","","","","","673-0416","兵庫県三木市府内町1-3","","","","","","","","","","","","","","","9140001036384","","","",""
"タイガー通商株式会社","5531223535386","","","","","","","400-0115","山梨県甲斐市篠原4162-1","","","","","","","","","","","","","","","1090001011128","","","",""
"有限会社大機工業","7054970356573","","","","","","","505-0056","岐阜県美濃加茂市加茂野町市橋北里1037-1","","","","","","","","","","","","","","","3200002016731","","","",""
"大健工業株式会社","3776010051721","","","","","","","509-9132","岐阜県中津川市茄子川鯉ケ平1143","","","","","","","","","","","","","","","1200001023400","","","",""
"泰昌電線株式会社","9367444796798","","","","","","","590-0813","大阪府堺市堺区神石市之町13-4","","","","","","","","","","","","","","","7120101004039","","","",""
"大真工業株式会社","3853724296948","","","","","","","537-0013","大阪府大阪市東成区大今里南一丁目13-7","","","","","","","","","","","","","","","8120001179104","","","",""
"株式会社タイセー","8337641348288","","","","","","","350-0232","埼玉県坂戸市中富町59-2","","","","","","","","","","","","","","","1030001068850","","","",""
"株式会社大成","6672010261558","","","","","","","955-0097","新潟県三条市荻島2050-10","","","","","","","","","","","","","","","6110001014346","","","",""
"株式会社タイセイ","4853857282839","","","","","","","462-0013","愛知県名古屋市北区東味鋺三丁目1015","","","","","","","","","","","","","","","1180001012570","","","",""
"株式会社大成","8143776530486","","","","","","","461-0004","愛知県名古屋市東区葵一丁目14-13 アーク新栄ビルディング3F","","","","","","","","","","","","","","","6180001089646","","","",""
"株式会社大成","5049373742273","","","","","","","143-0016","東京都大田区大森北一丁目33-4 湯建大森北ビル","","","","","","","","","","","","","","","1010801006607","","","",""
"株式会社タイセイ","7009346351831","","","","","","","461-0001","愛知県名古屋市東区泉二丁目1-19","","","","","","","","","","","","","","","2180001017164","","","",""
"株式会社大成起工","1520473452454","","","","","","","657-0864","兵庫県神戸市灘区新在家南町五丁目12-8","","","","","","","","","","","","","","","6140001030266","","","",""
"大成金属株式会社","8266079741632","","","","","","","672-8079","兵庫県姫路市飾磨区今在家五丁目110-1","","","","","","","","","","","","","","","2140001059771","","","",""
"大成金属株式会社","1667557246062","","","","","","","962-0031","福島県須賀川市影沼町82","","","","","","","","","","","","","","","5380001011978","","","",""
"タイタンメタルキャスト株式会社","8428130060129","","","","","","","250-0201","神奈川県小田原市曽我大沢166-1","","","","","","","","","","","","","","","9021001035090","","","",""
"株式会社タイトリ","1274144052368","","","","","","","520-0242","滋賀県大津市本堅田五丁目4-32","","","","","","","","","","","","","","","7160001002469","","","",""
"大平金属工業株式会社","8398531569252","","","","","","","573-1153","大阪府枚方市招提大谷二丁目16-30","","","","","","","","","","","","","","","5120001150083","","","",""
"大平洋金属株式会社","7023161538802","","","","","","","100-0004","東京都千代田区大手町一丁目6-1","","","","","","","","","","","","","","","2010001008717","","","",""
"大平洋製鋼株式会社","1184285102231","","","","","","","930-0808","富山県富山市下新日曹町1-93","","","","","","","","","","","","","","","2010001021810","","","",""
"大豊工業株式会社","3696884906465","","","","","","","471-0838","愛知県豊田市緑ケ丘三丁目65","","","","","","","","","","","","","","","7180301018584","","","",""
"大豊産業株式会社","5974744676865","","","","","","","105-0013","東京都港区浜松町二丁目3-8 WTCANNEX7階","","","","","","","","","","","","","","","6470001002587","","","",""
"太洋アルミ鋳造株式会社","2314279508848","","","","","","","661-0981","兵庫県尼崎市猪名寺二丁目21-28","","","","","","","","","","","","","","","8140001049742","","","",""
"株式会社太陽企画","5724317908886","","","","","","","359-0011","埼玉県所沢市大字南永井462-17","","","","","","","","","","","","","","","5013301033332","","","",""
"太陽キャスト株式会社","9258579383096","","","","","","","923-0000","石川県小松市岩渕町チ98","","","","","","","","","","","","","","","7220001018302","","","",""
"太陽ケーブルテック株式会社","1694164999263","","","","","","","530-0001","大阪府大阪市北区梅田三丁目3-20","","","","","","","","","","","","","","","3120001165091","","","",""
"大洋興業株式会社","7822911628644","","","","","","","706-0025","岡山県玉野市明神町13-27","","","","","","","","","","","","","","","7260001022366","","","",""
"太陽鉱工株式会社","6048451158446","","","","","","","651-0084","兵庫県神戸市中央区磯辺通一丁目1-39","","","","","","","","","","","","","","","5140001009113","","","",""
"株式会社太洋合金","1046574508102","","","","","","","578-0914","大阪府東大阪市箕輪二丁目5-25","","","","","","","","","","","","","","","7122001004168","","","",""
"太陽精工株式会社","8263820404020","","","","","","","601-8344","京都府京都市南区吉祥院蒔絵町21","","","","","","","","","","","","","","","8130001011083","","","",""
"有限会社太陽ダイカスト工業","1922893904388","","","","","","","577-0836","大阪府東大阪市渋川町三丁目10-26","","","","","","","","","","","","","","","8122002000099","","","",""
"株式会社大洋鋳工所","5702075646401","","","","","","","468-0049","愛知県名古屋市天白区福池一丁目108","","","","","","","","","","","","","","","3180001023789","","","",""
"有限会社大洋ハーネス","4428723747960","","","","","","","332-0003","埼玉県川口市東領家四丁目16-22","","","","","","","","","","","","","","","2011502003553","","","",""
"泰和株式会社","5370830300855","","","","","","","651-0084","兵庫県神戸市中央区磯辺通一丁目1-39","","","","","","","","","","","","","","","9140001009134","","","",""
"泰和興産株式会社","2253657492623","","","","","","","949-7403","新潟県魚沼市根小屋1251-6","","","","","","","","","","","","","","","2110001026915","","","",""
"泰和商事株式会社","3015558907551","","","","","","","144-0056","東京都大田区西六郷一丁目15-7","","","","","","","","","","","","","","","6010801006833","","","",""
"妙中鉱業株式会社","1772297533412","","","","","","","297-0033","千葉県茂原市大芝452","","","","","","","","","","","","","","","9040001059271","","","",""
"株式会社タカイコーポレーション","3383277680580","","","","","","","501-3700","岐阜県美濃市棚洞3189-1","","","","","","","","","","","","","","","6200001019336","","","",""
"有限会社高井次三郎商店","8641449910310","","","","","","","038-3113","青森県つがる市木造芦沼53-1","","","","","","","","","","","","","","","1420002012438","","","",""
"高岡製箔株式会社","9890491115141","","","","","","","920-0843","石川県金沢市森山一丁目30-4","","","","","","","","","","","","","","","2220001003985","","","",""
"鷹尾金属工業株式会社","8604581973017","","","","","","","560-0035","大阪府豊中市箕輪三丁目4-15","","","","","","","","","","","","","","","9120901024556","","","",""
"株式会社高尾工芸","3689481233212","","","","","","","192-0154","東京都八王子市下恩方町1087","","","","","","","","","","","","","","","2010101006769","","","",""
"有限会社高木工業","3189439172114","","","","","","","512-8061","三重県四日市市広永町外川1357-1","","","","","","","","","","","","","","","4190002020882","","","",""
"株式会社タカギ","7137293051305","","","","","","","344-0038","埼玉県春日部市大沼一丁目43","","","","","","","","","","","","","","","5030001051200","","","",""
"株式会社タカギスチール","1488020972629","","","","","","","460-0003","愛知県名古屋市中区錦三丁目7-19","","","","","","","","","","","","","","","9180001037742","","","",""
"高木電線株式会社","1676582760879","","","","","","","110-0016","東京都台東区台東四丁目5-12 荒井ビル1階","","","","","","","","","","","","","","","7010501007338","","","",""
"株式会社高木プラスメタル","1553073281412","","","","","","","819-1151","福岡県糸島市本1412-1","","","","","","","","","","","","","","","5290001033073","","","",""
"株式会社高崎ダイカスト工業社","3482064585830","","","","","","","370-0871","群馬県高崎市上豊岡町571-1","","","","","","","","","","","","","","","9070001010371","","","",""
"有限会社高澤鋳工所","4382145922064","","","","","","","327-0824","栃木県佐野市馬門町1742-1","","","","","","","","","","","","","","","5060002039233","","","",""
"有限会社タカシ産業","2422062727292","","","","","","","529-1403","滋賀県東近江市五個荘日吉町191","","","","","","","","","","","","","","","5160002010142","","","",""
"高千穂産業株式会社","8275292562076","","","","","","","462-0041","愛知県名古屋市北区浪打町一丁目44","","","","","","","","","","","","","","","9180001012646","","","",""
"高槻ダイカスト株式会社","6317728381048","","","","","","","569-0835","大阪府高槻市三島江四丁目1-3","","","","","","","","","","","","","","","5120901011418","","","",""
"タカツノ産業株式会社","1047158646320","","","","","","","512-0923","三重県四日市市高角町2536-2","","","","","","","","","","","","","","","8190001015442","","","",""
"株式会社高取製作所","5216980891376","","","","","","","371-0845","群馬県前橋市鳥羽町304","","","","","","","","","","","","","","","1070001001997","","","",""
"有限会社高野電子工業","3027935336211","","","","","","","311-3802","茨城県行方市於下1173","","","","","","","","","","","","","","","7050002028788","","","",""
"株式会社高橋金属","9466052046420","","","","","","","252-0132","神奈川県相模原市緑区橋本台三丁目1-7","","","","","","","","","","","","","","","6021001012984","","","",""
"高橋金属株式会社","7003731821111","","","","","","","715-0004","岡山県井原市木之子町3701-16 木之子工業団地内","","","","","","","","","","","","","","","3240001031281","","","",""
"株式会社高橋軽合金鋳造所","3348405309656","","","","","","","986-1111","宮城県石巻市鹿又山下西37-6","","","","","","","","","","","","","","","7370301000795","","","",""
"有限会社高橋工業","4155428358010","","","","","","","290-0011","千葉県市原市能満2053","","","","","","","","","","","","","","","1040002074079","","","",""
"株式会社高橋合金","7419135149449","","","","","","","302-0110","茨城県守谷市百合ケ丘一丁目2418-12","","","","","","","","","","","","","","","6050001027775","","","",""
"株式会社高橋商店","7567986309709","","","","","","","340-0807","埼玉県八潮市大字新町198","","","","","","","","","","","","","","","3011401003983","","","",""
"高橋製作株式会社","7735973911342","","","","","","","720-0812","広島県福山市霞町二丁目7-33","","","","","","","","","","","","","","","2240001031258","","","",""
"株式会社高橋製作所","2858630330321","","","","","","","720-0004","広島県福山市御幸町大字中津原1234","","","","","","","","","","","","","","","3240001031257","","","",""
"有限会社高橋製作所","2191251654564","","","","","","","340-0133","埼玉県幸手市大字惣新田3520","","","","","","","","","","","","","","","3011402005640","","","",""
"タカハシダイカスト株式会社","7104757772955","","","","","","","955-0033","新潟県三条市西大崎一丁目25-31","","","","","","","","","","","","","","","2110001014374","","","",""
"有限会社高橋ダイカスト工業所","4786194405116","","","","","","","354-0043","埼玉県入間郡三芳町大字竹間沢992-3-1","","","","","","","","","","","","","","","2030002077172","","","",""
"株式会社高橋鋳造所","1956511928577","","","","","","","635-0031","奈良県大和高田市今里町2-28","","","","","","","","","","","","","","","8150001012988","","","",""
"株式会社高橋電子","1544533608281","","","","","","","342-0022","埼玉県吉川市大字加藤637-2","","","","","","","","","","","","","","","5030001067163","","","",""
"高橋電線株式会社","5153639832096","","","","","","","244-0817","神奈川県横浜市戸塚区吉田町81","","","","","","","","","","","","","","","6020001007623","","","",""
"高橋電線製造株式会社","6268013984714","","","","","","","289-0623","千葉県香取郡東庄町宮野台1-85","","","","","","","","","","","","","","","6040001064019","","","",""
"有限会社高橋銅鉄店","7566165102021","","","","","","","991-0065","山形県寒河江市大字中郷1960","","","","","","","","","","","","","","","5390002015696","","","",""
"株式会社高橋平線製作所","1280088134972","","","","","","","581-0039","大阪府八尾市太田新町四丁目15","","","","","","","","","","","","","","","8122001019231","","","",""
"有限会社鷹富士アルマイト","1106319703679","","","","","","","309-1211","茨城県桜川市岩瀬705","","","","","","","","","","","","","","","8050002044116","","","",""
"株式会社タカミハーネス","9183883052468","","","","","","","509-5401","岐阜県土岐市駄知町2209-10","","","","","","","","","","","","","","","1200001031972","","","",""
"株式会社宝金属","9402546798164","","","","","","","347-0023","埼玉県加須市北辻181-1","","","","","","","","","","","","","","","7030001033634","","","",""
"宝金属工業株式会社","3241830813300","","","","","","","326-0824","栃木県足利市八幡町二丁目28-7","","","","","","","","","","","","","","","2060001018843","","","",""
"株式会社タカラ直線工業所","2949815108641","","","","","","","574-0023","大阪府大東市南新田二丁目3-14","","","","","","","","","","","","","","","1122001004735","","","",""
"株式会社多賀鋳造所","2603488606563","","","","","","","316-0036","茨城県日立市鮎川町一丁目3-17","","","","","","","","","","","","","","","8050001023310","","","",""
"株式会社瀧川スリツタ工場","3123159139859","","","","","","","533-0022","大阪府大阪市東淀川区菅原三丁目15-18","","","","","","","","","","","","","","","8120001052310","","","",""
"瀧口電線株式会社","1971545149662","","","","","","","581-0052","大阪府八尾市竹渕四丁目76","","","","","","","","","","","","","","","4122001019029","","","",""
"滝澤商事株式会社","3610055872797","","","","","","","386-0018","長野県上田市常田二丁目14-11","","","","","","","","","","","","","","","7100001009981","","","",""
"有限会社滝沢製作所","4294039587073","","","","","","","247-0056","神奈川県鎌倉市大船1481","","","","","","","","","","","","","","","2021002015040","","","",""
"タクミ電業株式会社","9473708482768","","","","","","","983-0025","宮城県仙台市宮城野区福田町南一丁目2-50","","","","","","","","","","","","","","","2370001005521","","","",""
"有限会社田口シャーリング","2285693910719","","","","","","","444-0232","愛知県岡崎市合歓木町平池16-1","","","","","","","","","","","","","","","9180302005506","","","",""
"有限会社竹内可鍛工業所","2092478525303","","","","","","","441-8132","愛知県豊橋市南大清水町元町203-203","","","","","","","","","","","","","","","9180302008368","","","",""
"竹内金属箔粉工業株式会社","8045361178691","","","","","","","130-0003","東京都墨田区横川四丁目11-6","","","","","","","","","","","","","","","1010601022597","","","",""
"株式会社竹内電線製造所","7087456022103","","","","","","","584-0045","大阪府富田林市山中田町二丁目3-31","","","","","","","","","","","","","","","8120101030967","","","",""
"武合金株式会社","8398788438111","","","","","","","940-0882","新潟県長岡市宮下町436-5","","","","","","","","","","","","","","","5110001022795","","","",""
"竹三軽合金有限会社","5327885216268","","","","","","","447-0823","愛知県碧南市川口町一丁目101","","","","","","","","","","","","","","","5180302020533","","","",""
"有限会社竹沢アルミ工業所","8373891747173","","","","","","","322-0252","栃木県鹿沼市加園1408-1","","","","","","","","","","","","","","","9060002020453","","","",""
"株式会社竹田特殊電線製造所","3884020960103","","","","","","","658-0022","兵庫県神戸市東灘区深江南町二丁目1-25","","","","","","","","","","","","","","","4140001001938","","","",""
"有限会社竹中商会","2284305060006","","","","","","","575-0063","大阪府四條畷市大字清瀧387-12","","","","","","","","","","","","","","","3120002071669","","","",""
"竹原興産株式会社","9482631387150","","","","","","","725-0025","広島県竹原市塩町一丁目5-1","","","","","","","","","","","","","","","2240001037271","","","",""
"株式会社武村鋳造所","9429818572263","","","","","","","425-0021","静岡県焼津市中港二丁目4-7","","","","","","","","","","","","","","","4080001015003","","","",""
"有限会社武山","7471924599660","","","","","","","454-0849","愛知県名古屋市中川区小塚町100","","","","","","","","","","","","","","","3180002039561","","","",""
"有限会社タケユー","9089599101410","","","","","","","730-0841","広島県広島市中区舟入町8-14","","","","","","","","","","","","","","","8240002021764","","","",""
"タコマン株式会社","9933689644379","","","","","","","673-1337","兵庫県加東市松沢748-180","","","","","","","","","","","","","","","2140001075001","","","",""
"田澤電線株式会社","3906417462891","","","","","","","504-0945","岐阜県各務原市那加日新町三丁目6","","","","","","","","","","","","","","","4200001003201","","","",""
"有限会社田代合金所","9446640030237","","","","","","","551-0013","大阪府大阪市大正区小林西二丁目24-14","","","","","","","","","","","","","","","5120002014816","","","",""
"株式会社田代合金所","8136528771021","","","","","","","111-0042","東京都台東区寿三丁目16-16","","","","","","","","","","","","","","","5010501007315","","","",""
"株式会社田代鉄工所","7625535742829","","","","","","","674-0072","兵庫県明石市魚住町長坂寺342","","","","","","","","","","","","","","","7140001035116","","","",""
"有限会社多治見工業","1009058142458","","","","","","","505-0008","岐阜県美濃加茂市伊深町1911-1","","","","","","","","","","","","","","","7200002017569","","","",""
"株式会社只野","8956994574450","","","","","","","332-0035","埼玉県川口市西青木四丁目6-3","","","","","","","","","","","","","","","9030001078041","","","",""
"有限会社舘工作所","6959963833551","","","","","","","519-0322","三重県鈴鹿市三畑町36","","","","","","","","","","","","","","","7190002006689","","","",""
"立花金属工業株式会社","6473117482384","","","","","","","503-1331","岐阜県養老郡養老町橋爪338","","","","","","","","","","","","","","","8120001066896","","","",""
"有限会社橘ダイカスト","4039095575024","","","","","","","283-0057","千葉県東金市一之袋78","","","","","","","","","","","","","","","2040002077469","","","",""
"立花鉄工業株式会社","4010260330175","","","","","","","701-0145","岡山県岡山市北区今保76","","","","","","","","","","","","","","","3260001004186","","","",""
"有限会社立花電装","9088174621870","","","","","","","438-0016","静岡県磐田市岩井3164","","","","","","","","","","","","","","","9080402019721","","","",""
"株式会社タック","4932545236957","","","","","","","515-0509","三重県伊勢市東大淀町44-2","","","","","","","","","","","","","","","8190001006788","","","",""
"株式会社タツタ","7787140362710","","","","","","","579-8037","大阪府東大阪市新町14-30","","","","","","","","","","","","","","","6122001012997","","","",""
"タツタ立井電線株式会社","1867883126685","","","","","","","679-0221","兵庫県加東市河高黒石355-39","","","","","","","","","","","","","","","8122001004753","","","",""
"タツタ電線株式会社","1897654365272","","","","","","","578-0941","大阪府東大阪市岩田町二丁目3-1","","","","","","","","","","","","","","","4122001004781","","","",""
"有限会社辰野軽金属","3088574697839","","","","","","","399-0422","長野県上伊那郡辰野町大字平出2575","","","","","","","","","","","","","","","1100002035264","","","",""
"有限会社竜野電線","4462869595839","","","","","","","386-0603","長野県小県郡長和町古町2878-2","","","","","","","","","","","","","","","5100002016269","","","",""
"辰巳工業株式会社","9178330506735","","","","","","","568-0095","大阪府茨木市大字佐保48","","","","","","","","","","","","","","","4120901001246","","","",""
"立美工業株式会社","4370712491058","","","","","","","939-0101","富山県高岡市福岡町赤丸488","","","","","","","","","","","","","","","8230001011263","","","",""
"棚尾鋳工株式会社","8760695086571","","","","","","","447-0871","愛知県碧南市向陽町一丁目60","","","","","","","","","","","","","","","8180301015325","","","",""
"田中勝鉄工有限会社","9873918328735","","","","","","","455-0865","愛知県名古屋市港区天目町114","","","","","","","","","","","","","","","4180002006627","","","",""
"田中貴金属工業株式会社","4248882250491","","","","","","","103-0025","東京都中央区日本橋茅場町二丁目6-6","","","","","","","","","","","","","","","6010001127950","","","",""
"有限会社田中工作所","9223273894090","","","","","","","538-0000","大阪府大阪市鶴見区今津南二丁目7-25","","","","","","","","","","","","","","","4120002001204","","","",""
"有限会社田中精工","3715268161475","","","","","","","402-0045","山梨県都留市大幡2054","","","","","","","","","","","","","","","1090002010640","","","",""
"田中精工株式会社","1074913629984","","","","","","","611-0041","京都府宇治市槇島町目川129-1","","","","","","","","","","","","","","","1130001015017","","","",""
"株式会社田中ダイカスト","9579692710362","","","","","","","355-0342","埼玉県比企郡ときがわ町大字玉川540","","","","","","","","","","","","","","","3030001071720","","","",""
"田中電子工業株式会社","3704531804326","","","","","","","842-0031","佐賀県神埼郡吉野ヶ里町吉田2303-15","","","","","","","","","","","","","","","6010001049336","","","",""
"田中電線株式会社","1378033543025","","","","","","","553-0001","大阪府大阪市福島区海老江一丁目2-20","","","","","","","","","","","","","","","7120001035662","","","",""
"タナカトシ金属株式会社","3511399132144","","","","","","","581-0816","大阪府八尾市佐堂町一丁目3-18","","","","","","","","","","","","","","","1122001019080","","","",""
"有限会社タナダ","4703756769661","","","","","","","939-1118","富山県高岡市戸出栄町54-1","","","","","","","","","","","","","","","4230002011506","","","",""
"田辺アルミ株式会社","9808522328460","","","","","","","583-0006","大阪府藤井寺市国府三丁目6-26","","","","","","","","","","","","","","","8120101032872","","","",""
"タニアロイ株式会社","4291537153548","","","","","","","441-8001","愛知県豊橋市野田町野田230-1","","","","","","","","","","","","","","","9180301006190","","","",""
"谷口金属工業株式会社","6529980276626","","","","","","","578-0977","大阪府東大阪市鴻池徳庵町5-7","","","","","","","","","","","","","","","2122001004602","","","",""
"谷口重工業株式会社","9409763871445","","","","","","","679-4021","兵庫県たつの市揖西町小犬丸1445","","","","","","","","","","","","","","","7140001040611","","","",""
"有限会社谷口製作所","2333460336762","","","","","","","194-0012","東京都町田市金森六丁目20-1","","","","","","","","","","","","","","","7012302003045","","","",""
"有限会社タニサワ製作所","3286394185660","","","","","","","036-8326","青森県弘前市大字藤野二丁目10-5","","","","","","","","","","","","","","","7420002013653","","","",""
"株式会社タニタハウジングウェア","1981930750362","","","","","","","174-0042","東京都板橋区東坂下二丁目8-1","","","","","","","","","","","","","","","2011401004074","","","",""
"ＴＡＮＩＤＡ株式会社","7628554890053","","","","","","","929-1100","石川県かほく市高松ヱ27-1","","","","","","","","","","","","","","","9220001004184","","","",""
"株式会社谷中製作所","5915040500245","","","","","","","675-2231","兵庫県加西市王子町500","","","","","","","","","","","","","","","9140001076083","","","",""
"谷山アルミ株式会社","4964710189389","","","","","","","519-1426","三重県伊賀市西之澤1430","","","","","","","","","","","","","","","1122001013208","","","",""
"田原ダイカスト興業株式会社","7574198133849","","","","","","","173-0024","東京都板橋区大山金井町46-1","","","","","","","","","","","","","","","9011401004084","","","",""
"株式会社田原ダイカスト工業","4996120172417","","","","","","","501-3922","岐阜県関市大杉289-4","","","","","","","","","","","","","","","3200001019330","","","",""
"有限会社田畑工業","1934493094616","","","","","","","224-0053","神奈川県横浜市都筑区池辺町4412","","","","","","","","","","","","","","","2020002070079","","","",""
"有限会社田畑鉄工所","9034930815374","","","","","","","483-8037","愛知県江南市勝佐町西町99","","","","","","","","","","","","","","","6180002082014","","","",""
"株式会社玉川製作所","3762361785734","","","","","","","965-0025","福島県会津若松市扇町一丁目1-8","","","","","","","","","","","","","","","4380001017596","","","",""
"株式会社玉川ダイカスト","4558314250787","","","","","","","438-0808","静岡県磐田市豊田715","","","","","","","","","","","","","","","3080401016147","","","",""
"玉島軽金属工業株式会社","2253072623358","","","","","","","713-8125","岡山県倉敷市玉島勇崎1461-2","","","","","","","","","","","","","","","3260001013823","","","",""
"株式会社タマダイ","6648895690125","","","","","","","258-0021","神奈川県足柄上郡開成町吉田島3532","","","","","","","","","","","","","","","2021001034132","","","",""
"株式会社タマフレックス工業","3436658304653","","","","","","","872-0311","大分県宇佐市院内町香下302-4","","","","","","","","","","","","","","","8320001017103","","","",""
"株式会社タムコ","4697282674997","","","","","","","132-0023","東京都江戸川区西一之江四丁目9-9","","","","","","","","","","","","","","","2011701005029","","","",""
"株式会社タムラ","9433255561116","","","","","","","132-0023","東京都江戸川区西一之江四丁目9-28","","","","","","","","","","","","","","","4011701005035","","","",""
"有限会社田村軽合金鋳造所","5769931742022","","","","","","","335-0002","埼玉県蕨市塚越三丁目6-17","","","","","","","","","","","","","","","6030002026101","","","",""
"株式会社ＴＡＹＡＳＵ","5876820126529","","","","","","","910-0045","福井県福井市北楢原町13-26","","","","","","","","","","","","","","","6210001015326","","","",""
"有限会社太郎田軽合金","5092985696568","","","","","","","920-0059","石川県金沢市示野町西139","","","","","","","","","","","","","","","4220002009889","","","",""
"株式会社ＴＡＮーＥＩ－ＳＹＡ","3820798242763","","","","","","","934-0036","富山県射水市片口高場1-1","","","","","","","","","","","","","","","3230001013124","","","",""
"株式会社胆江製作所","3745685943637","","","","","","","029-4204","岩手県奥州市前沢本杉158-10","","","","","","","","","","","","","","","4400601000585","","","",""
"丹南工業株式会社","5062229112694","","","","","","","258-0113","神奈川県足柄上郡山北町山北300","","","","","","","","","","","","","","","4021001034188","","","",""
"第一工業株式会社","1212264607359","","","","","","","728-0017","広島県三次市南畑敷町870-48","","","","","","","","","","","","","","","6240001024456","","","",""
"株式会社第一工業製作所","6925276201800","","","","","","","577-0836","大阪府東大阪市渋川町一丁目15-5","","","","","","","","","","","","","","","3122001003875","","","",""
"大一資材株式会社","5041195632819","","","","","","","232-0053","神奈川県横浜市南区井土ケ谷下町46-3","","","","","","","","","","","","","","","4020001013219","","","",""
"第一電材株式会社","9306580121288","","","","","","","182-0026","東京都調布市小島町三丁目66-9","","","","","","","","","","","","","","","6012401009159","","","",""
"第一電材有限会社","4932315310009","","","","","","","320-0841","栃木県宇都宮市六道町14-12","","","","","","","","","","","","","","","7060002005464","","","",""
"第一電子産業株式会社","5177352049254","","","","","","","661-0025","兵庫県尼崎市立花町三丁目18-21","","","","","","","","","","","","","","","3140001049581","","","",""
"株式会社大栄製作所","5951529340258","","","","","","","114-0011","東京都北区昭和町二丁目15-15","","","","","","","","","","","","","","","4011501002546","","","",""
"大栄電線工業株式会社","9274966214687","","","","","","","577-0066","大阪府東大阪市高井田本通一丁目2-11","","","","","","","","","","","","","","","4122001003866","","","",""
"大栄パーカー株式会社","6281113490620","","","","","","","213-0005","神奈川県川崎市高津区北見方三丁目8-8","","","","","","","","","","","","","","","9020001066609","","","",""
"株式会社大可伸線所","2256373954444","","","","","","","577-0803","大阪府東大阪市下小阪一丁目25-21","","","","","","","","","","","","","","","1122001004132","","","",""
"株式会社ダイカスト佐藤工業","6768373616431","","","","","","","987-0284","宮城県遠田郡涌谷町猪岡短台元舘下30","","","","","","","","","","","","","","","4370201002168","","","",""
"株式会社ダイカスト用材工業所","6553797453220","","","","","","","652-0815","兵庫県神戸市兵庫区三川口町一丁目2-4","","","","","","","","","","","","","","","5140001013445","","","",""
"株式会社大紀アルミニウム工業所","1902604923399","","","","","","","530-0005","大阪府大阪市北区中之島三丁目6-32 ダイビル本館15階","","","","","","","","","","","","","","","5120001125102","","","",""
"株式会社大亀鋳工所","5606061552551","","","","","","","362-0066","埼玉県上尾市大字領家1136-3","","","","","","","","","","","","","","","9030001043045","","","",""
"株式会社ダイキマテリアル","8487413330565","","","","","","","519-0211","三重県亀山市川崎町地蔵僧1291-1","","","","","","","","","","","","","","","2190001003444","","","",""
"ダイキヤスト東和産業株式会社","8545388040052","","","","","","","507-0825","岐阜県多治見市京町一丁目25","","","","","","","","","","","","","","","8200001020738","","","",""
"大京電子電線販売株式会社","2251001864627","","","","","","","547-0014","大阪府大阪市平野区長吉川辺三丁目14-10","","","","","","","","","","","","","","","5120001176426","","","",""
"株式会社大晃電工社","1798740988891","","","","","","","545-0002","大阪府大阪市阿倍野区天王寺町南三丁目1-7","","","","","","","","","","","","","","","3120001005751","","","",""
"大幸ハーネス株式会社","2361499678713","","","","","","","329-3444","栃木県那須郡那須町大字寺子2716-5","","","","","","","","","","","","","","","9060001024538","","","",""
"大黒電線株式会社","7179878405844","","","","","","","324-0244","栃木県大田原市蜂巣高蕨767-90","","","","","","","","","","","","","","","9060001013160","","","",""
"ダイコー通産株式会社","7246153058194","","","","","","","791-8012","愛媛県松山市姫原三丁目6-11","","","","","","","","","","","","","","","6500001002468","","","",""
"株式会社大承","3169815435709","","","","","","","581-0843","大阪府八尾市福万寺町南一丁目43-7","","","","","","","","","","","","","","","3122001019145","","","",""
"大伸亜鉛工業株式会社","3056184744194","","","","","","","557-0063","大阪府大阪市西成区南津守五丁目7-34","","","","","","","","","","","","","","","8120001003726","","","",""
"大新工業株式会社","8191097401650","","","","","","","216-0012","神奈川県川崎市宮前区水沢三丁目13-6 AM水沢ビル2階・3階","","","","","","","","","","","","","","","1020001068100","","","",""
"株式会社大伸工業","7698786842627","","","","","","","472-0017","愛知県知立市新林町小深田18-1","","","","","","","","","","","","","","","5180301017720","","","",""
"大信工業株式会社","9850078566349","","","","","","","544-0021","大阪府大阪市生野区勝山南二丁目3-12","","","","","","","","","","","","","","","3120001018010","","","",""
"有限会社大新鋳造所","3246753975797","","","","","","","701-4265","岡山県瀬戸内市長船町福岡1486-1","","","","","","","","","","","","","","","6260002032522","","","",""
"大信トラスト株式会社","4570007331727","","","","","","","915-0054","福井県越前市小野谷町14-1-1","","","","","","","","","","","","","","","2210001013465","","","",""
"株式会社ダイジ","3109807438000","","","","","","","251-0037","神奈川県藤沢市鵠沼海岸二丁目10-18","","","","","","","","","","","","","","","4021001001279","","","",""
"有限会社大樹電線","6987747579824","","","","","","","334-0076","埼玉県川口市本蓮二丁目6-1","","","","","","","","","","","","","","","4030002104445","","","",""
"株式会社ダイセキＭＣＲ","5382269722974","","","","","","","321-0905","栃木県宇都宮市平出工業団地38-25","","","","","","","","","","","","","","","1060001002749","","","",""
"大宗株式会社","5278516075891","","","","","","","522-0007","滋賀県彦根市古沢町635","","","","","","","","","","","","","","","6160001008426","","","",""
"有限会社大長","2001736029200","","","","","","","430-0925","静岡県浜松市中央区寺島町518","","","","","","","","","","","","","","","7080402004626","","","",""
"株式会社ダイデン","4962349697353","","","","","","","546-0013","大阪府大阪市東住吉区湯里二丁目11-17","","","","","","","","","","","","","","","9120001033012","","","",""
"大電株式会社","2404657921243","","","","","","","830-0051","福岡県久留米市南二丁目15-1","","","","","","","","","","","","","","","7290001049076","","","",""
"大電産業株式会社","2472677533479","","","","","","","849-0114","佐賀県三養基郡みやき町大字中津隈3478","","","","","","","","","","","","","","","5300001006795","","","",""
"株式会社ダイト","9875705699892","","","","","","","706-0011","岡山県玉野市宇野一丁目20-7 2F","","","","","","","","","","","","","","","7260001031466","","","",""
"有限会社大東工業","1312712862653","","","","","","","224-0044","神奈川県横浜市都筑区川向町957-4","","","","","","","","","","","","","","","8020002006390","","","",""
"大東伸管工業株式会社","1782757740534","","","","","","","352-0012","埼玉県新座市畑中二丁目11-24","","","","","","","","","","","","","","","4030001045896","","","",""
"大東伸線工業株式会社","1251248726988","","","","","","","577-0808","大阪府東大阪市横沼町三丁目6-23","","","","","","","","","","","","","","","5122001008567","","","",""
"有限会社大東鉄工","8636079974208","","","","","","","102-0093","東京都千代田区平河町二丁目11-2 平河町グラスゲート2階","","","","","","","","","","","","","","","8011702006904","","","",""
"大東電気株式会社","4580257982231","","","","","","","352-0012","埼玉県新座市畑中一丁目22-28","","","","","","","","","","","","","","","2011401003786","","","",""
"大東特殊電線株式会社","4644809389408","","","","","","","432-8045","静岡県浜松市中区西浅田二丁目9-37","","","","","","","","","","","","","","","7080401002911","","","",""
"大同スターテクノ株式会社","2709479992410","","","","","","","377-0007","群馬県渋川市石原500","","","","","","","","","","","","","","","2070001017869","","","",""
"大同ＤＭソリューション株式会社","8914710998619","","","","","","","574-0062","大阪府大東市氷野三丁目152","","","","","","","","","","","","","","","5122001015555","","","",""
"大仲金属株式会社","8621701035184","","","","","","","509-7723","岐阜県恵那市明智町大田久手1001-187","","","","","","","","","","","","","","","5200001024171","","","",""
"ダイニチ株式会社","3891657609924","","","","","","","716-1554","岡山県加賀郡吉備中央町西大向152-30","","","","","","","","","","","","","","","1122001018999","","","",""
"大日本ホイル株式会社","1296928198406","","","","","","","409-0112","山梨県上野原市上野原8154-38 工業団地内","","","","","","","","","","","","","","","1090001008132","","","",""
"大福メタルエイト株式会社","2526728309721","","","","","","","838-0058","福岡県朝倉市馬田150-1","","","","","","","","","","","","","","","2290002036631","","","",""
"株式会社ダイヘン","5579120198050","","","","","","","532-0027","大阪府大阪市淀川区田川二丁目1-11","","","","","","","","","","","","","","","6120001056461","","","",""
"株式会社大宝","5412446705015","","","","","","","463-0037","愛知県名古屋市守山区天子田一丁目1709","","","","","","","","","","","","","","","7180001046951","","","",""
"大丸金属株式会社","1266577719857","","","","","","","179-0075","東京都練馬区高松六丁目1-11","","","","","","","","","","","","","","","3011601004047","","","",""
"大丸工業株式会社","8827828592823","","","","","","","522-0213","滋賀県彦根市西葛籠町422","","","","","","","","","","","","","","","8160001009488","","","",""
"大丸電弘株式会社","1649462400433","","","","","","","915-0857","福井県越前市四郎丸町38-18-15","","","","","","","","","","","","","","","6210001011713","","","",""
"ダイヤ工業株式会社","3278111804069","","","","","","","547-0048","大阪府大阪市平野区平野馬場一丁目19-10","","","","","","","","","","","","","","","1120001020884","","","",""
"株式会社ダイヤ精工","2255109875307","","","","","","","391-0000","長野県茅野市ちの680","","","","","","","","","","","","","","","5100001019108","","","",""
"ダイヤトレンド株式会社","1741785194688","","","","","","","530-0011","大阪府大阪市北区大深町3-1 グランフロント大阪タワーB28F","","","","","","","","","","","","","","","5120001026515","","","",""
"株式会社ダイヤレックス","1918135058664","","","","","","","039-1211","青森県三戸郡階上町蒼前東八丁目6-5","","","","","","","","","","","","","","","9420001006887","","","",""
"大雄電線株式会社","5064902996185","","","","","","","290-0528","千葉県市原市古敷谷井戸向290","","","","","","","","","","","","","","","6040001055298","","","",""
"ダイリン精工株式会社","2126914912215","","","","","","","252-0816","神奈川県藤沢市遠藤3637-28","","","","","","","","","","","","","","","2021001059492","","","",""
"株式会社大和アルミニウム製作所","8656010046853","","","","","","","343-0802","埼玉県越谷市大字小曽川居329-2","","","","","","","","","","","","","","","8030001064356","","","",""
"大和金属工業株式会社","6763085853748","","","","","","","340-0027","埼玉県草加市両新田西町390","","","","","","","","","","","","","","","8030001035200","","","",""
"大和グラビティー株式会社","3367547197350","","","","","","","578-0935","大阪府東大阪市若江東町四丁目3-31","","","","","","","","","","","","","","","7122001023911","","","",""
"大和軽合金株式会社","2938956032499","","","","","","","660-0861","兵庫県尼崎市御園町24 尼崎第一ビル406号室","","","","","","","","","","","","","","","2140001049772","","","",""
"大和軽合金工業株式会社","8238920690984","","","","","","","577-0067","大阪府東大阪市高井田西三丁目6-29","","","","","","","","","","","","","","","5122001004269","","","",""
"株式会社ダイワ工業","3690230001238","","","","","","","442-0842","愛知県豊川市蔵子五丁目14-24","","","","","","","","","","","","","","","9180301024622","","","",""
"株式会社大和合金","3807697423146","","","","","","","771-3202","徳島県名西郡神山町阿野地ノ平3-1","","","","","","","","","","","","","","","8480001002626","","","",""
"株式会社大和合金製作所","8763595354762","","","","","","","660-0805","兵庫県尼崎市西長洲町一丁目2-1","","","","","","","","","","","","","","","3140001049771","","","",""
"大和伸銅株式会社","1028081932132","","","","","","","106-0047","東京都港区南麻布一丁目5-17","","","","","","","","","","","","","","","6010401030060","","","",""
"有限会社大和精工","3529026794244","","","","","","","351-0012","埼玉県朝霞市栄町一丁目5-10","","","","","","","","","","","","","","","6030002059456","","","",""
"大和電線株式会社","3561526448739","","","","","","","558-0011","大阪府大阪市住吉区苅田二丁目10-11","","","","","","","","","","","","","","","7120001045133","","","",""
"大和電線工業株式会社","6969967105248","","","","","","","123-0873","東京都足立区扇三丁目25-8","","","","","","","","","","","","","","","2011801009227","","","",""
"ダイワメタル株式会社","7016007510362","","","","","","","934-0035","富山県射水市新堀34-16","","","","","","","","","","","","","","","3230001012464","","","",""
"株式会社ダ・カーポイムラ","2211420315089","","","","","","","675-0103","兵庫県加古川市平岡町高畑535-1","","","","","","","","","","","","","","","9140001043133","","","",""
"筑後アルミ合金有限会社","7669591023556","","","","","","","832-0033","福岡県柳川市南長柄町14","","","","","","","","","","","","","","","2290002054328","","","",""
"筑西産業株式会社","2837548183600","","","","","","","308-0851","茨城県筑西市下江連1226","","","","","","","","","","","","","","","3010001176546","","","",""
"千曲技研株式会社","5621212412285","","","","","","","384-0701","長野県南佐久郡佐久穂町大字畑505-1","","","","","","","","","","","","","","","7100001008232","","","",""
"千トセ工業株式会社","9366824364037","","","","","","","572-0074","大阪府寝屋川市池田中町14-11","","","","","","","","","","","","","","","3120001148237","","","",""
"チハヤソーラーマテック株式会社","5713211374994","","","","","","","574-0056","大阪府大東市新田中町2-20","","","","","","","","","","","","","","","6122001014234","","","",""
"株式会社チバホクダイ","5113140787485","","","","","","","289-2505","千葉県旭市鎌数10377","","","","","","","","","","","","","","","1040001061739","","","",""
"中越合金鋳工株式会社","8347209468497","","","","","","","930-0224","富山県中新川郡立山町西芦原新1-1","","","","","","","","","","","","","","","7230001006504","","","",""
"有限会社中越電線加工","4292896963973","","","","","","","949-4522","新潟県長岡市村田277","","","","","","","","","","","","","","","6110002030045","","","",""
"株式会社中越理研","4978245148668","","","","","","","946-0213","新潟県魚沼市細野350","","","","","","","","","","","","","","","8110001026876","","","",""
"中央工産株式会社","6147523789592","","","","","","","103-0022","東京都中央区日本橋室町一丁目11-8 神茂ビル4F","","","","","","","","","","","","","","","5010001050212","","","",""
"有限会社中央電化","7497909420905","","","","","","","132-0021","東京都江戸川区中央一丁目24-15","","","","","","","","","","","","","","","2011702007503","","","",""
"中央電材株式会社","2329050659861","","","","","","","196-0015","東京都昭島市昭和町四丁目1-27","","","","","","","","","","","","","","","5012801002334","","","",""
"中央発條株式会社","3681120488933","","","","","","","458-0835","愛知県名古屋市緑区鳴海町上汐田68","","","","","","","","","","","","","","","9180001028444","","","",""
"有限会社中央ハーネス","8319039914175","","","","","","","950-1348","新潟県新潟市西蒲区打越丙439-1","","","","","","","","","","","","","","","9110002011298","","","",""
"中央油化株式会社","7176714917001","","","","","","","174-0043","東京都板橋区坂下一丁目34-22","","","","","","","","","","","","","","","9011401004150","","","",""
"中外鑛業株式会社","3484636867307","","","","","","","100-0005","東京都千代田区丸の内二丁目4-1 丸の内ビルディング12階","","","","","","","","","","","","","","","7010001008720","","","",""
"有限会社中京アルミ工業","6523045813920","","","","","","","503-1602","岐阜県大垣市上石津町牧田740-1","","","","","","","","","","","","","","","7200002014062","","","",""
"株式会社中京螺子","7280205713424","","","","","","","455-0055","愛知県名古屋市港区品川町一丁目42","","","","","","","","","","","","","","","1180001006804","","","",""
"中京パイプ工業株式会社","2394046082388","","","","","","","486-0952","愛知県春日井市追進町二丁目38","","","","","","","","","","","","","","","3180001074460","","","",""
"株式会社中金","9926781517173","","","","","","","613-0034","京都府久世郡久御山町佐山新開地51","","","","","","","","","","","","","","","7130001011167","","","",""
"株式会社鋳経テクノ","8733725022819","","","","","","","332-0034","埼玉県川口市並木一丁目8-8 101号","","","","","","","","","","","","","","","3030001080556","","","",""
"中国電線工業株式会社","4969269450928","","","","","","","583-0006","大阪府藤井寺市国府二丁目4-56","","","","","","","","","","","","","","","7120101032923","","","",""
"中部電材株式会社","1813201815071","","","","","","","101-0021","東京都千代田区外神田三丁目7-14","","","","","","","","","","","","","","","8010001022679","","","",""
"中陽電機株式会社","6127065859247","","","","","","","460-0008","愛知県名古屋市中区栄五丁目7-12","","","","","","","","","","","","","","","6180001038256","","","",""
"株式会社チューガイ","5086133110647","","","","","","","454-0037","愛知県名古屋市中川区富川町三丁目1-2","","","","","","","","","","","","","","","5180001020058","","","",""
"株式会社千代田","1539822344153","","","","","","","023-1101","岩手県奥州市江刺岩谷堂松長根23","","","","","","","","","","","","","","","1400601000613","","","",""
"株式会社千代田技研","3369255465761","","","","","","","334-0057","埼玉県川口市大字安行原162-1","","","","","","","","","","","","","","","3030001076050","","","",""
"千代田産業株式会社","9414270950824","","","","","","","805-0026","福岡県北九州市八幡東区東山二丁目8-34","","","","","","","","","","","","","","","5290801009297","","","",""
"千代田鋳造株式会社","9516740563332","","","","","","","354-0043","埼玉県入間郡三芳町大字竹間沢320","","","","","","","","","","","","","","","6030001057386","","","",""
"千代田電気工業株式会社","7797654541729","","","","","","","146-0082","東京都大田区池上三丁目37-10","","","","","","","","","","","","","","","2010401017846","","","",""
"千代田電子工業株式会社","4457305890922","","","","","","","442-0061","愛知県豊川市穂ノ原三丁目14-4","","","","","","","","","","","","","","","5180301010056","","","",""
"株式会社ツインダイヤトレーディング","4583575897084","","","","","","","355-0002","埼玉県東松山市大字東平1748","","","","","","","","","","","","","","","1030001071367","","","",""
"通信興業株式会社","8831975043459","","","","","","","350-1101","埼玉県川越市大字的場1735-2","","","","","","","","","","","","","","","4030001060045","","","",""
"株式会社通放システム","8090697025118","","","","","","","308-0064","茨城県筑西市飯島260-2","","","","","","","","","","","","","","","9050001031543","","","",""
"ツオイスダイカスト株式会社","8570750537050","","","","","","","969-1301","福島県安達郡大玉村大山仲江332","","","","","","","","","","","","","","","6380001009740","","","",""
"株式会社ツカガタ","5702179625734","","","","","","","335-0031","埼玉県戸田市美女木七丁目23-12","","","","","","","","","","","","","","","9030001022288","","","",""
"有限会社司電子工業","9816755154299","","","","","","","242-0024","神奈川県大和市福田三丁目6-10","","","","","","","","","","","","","","","8021002041667","","","",""
"株式会社塚田合金製作所","3334865985647","","","","","","","335-0031","埼玉県戸田市美女木六丁目5-3","","","","","","","","","","","","","","","7030001020491","","","",""
"ツキオカフィルム製薬株式会社","8970424221225","","","","","","","509-0109","岐阜県各務原市テクノプラザ二丁目11","","","","","","","","","","","","","","","6200001007308","","","",""
"株式会社月寒製作所","3628354358908","","","","","","","004-0871","北海道札幌市清田区平岡一条五丁目2-1","","","","","","","","","","","","","","","5430001010578","","","",""
"佃電業有限会社","5019396840997","","","","","","","110-0005","東京都台東区上野三丁目6-3 三春ビル","","","","","","","","","","","","","","","4010502014617","","","",""
"株式会社ツクバ","2387001166695","","","","","","","023-0401","岩手県奥州市胆沢南都田午房谷地140-1","","","","","","","","","","","","","","","8400601000540","","","",""
"有限会社ツクバ精密","1167855780495","","","","","","","028-0531","岩手県遠野市綾織町新里二十五地割125-1","","","","","","","","","","","","","","","8400002010305","","","",""
"筑波ダイカスト工業株式会社","8075553325063","","","","","","","114-0023","東京都北区滝野川七丁目22-6 IMAビル4F","","","","","","","","","","","","","","","4011501017123","","","",""
"株式会社ツジイインダストリー","8848315967330","","","","","","","332-0017","埼玉県川口市栄町一丁目8-17","","","","","","","","","","","","","","","6030001076072","","","",""
"ツジオ電器株式会社","8813378837604","","","","","","","915-0862","福井県越前市国兼町29-25","","","","","","","","","","","","","","","9210001011801","","","",""
"有限会社辻製作所","6638399906620","","","","","","","578-0944","大阪府東大阪市若江西新町三丁目5-7","","","","","","","","","","","","","","","9122002003290","","","",""
"有限会社辻製作所","7695431342604","","","","","","","597-0031","大阪府貝塚市久保三丁目5-36","","","","","","","","","","","","","","","6120102021901","","","",""
"株式会社辻プレス","4282062817573","","","","","","","939-0102","富山県高岡市福岡町三日市513-1","","","","","","","","","","","","","","","3230001011268","","","",""
"蔦機械金属株式会社","4389874541134","","","","","","","670-0996","兵庫県姫路市土山一丁目4-8","","","","","","","","","","","","","","","7140001060089","","","",""
"津田駒工業株式会社","3627166728792","","","","","","","921-8031","石川県金沢市野町五丁目18-18","","","","","","","","","","","","","","","3220001004330","","","",""
"津田電線株式会社","2613691467539","","","","","","","612-8295","京都府京都市伏見区横大路鍬ノ本7","","","","","","","","","","","","","","","5130001009469","","","",""
"土本鍜工株式会社","1166535789500","","","","","","","739-0323","広島県広島市安芸区中野東五丁目2-22","","","","","","","","","","","","","","","3240001007059","","","",""
"土屋電線株式会社","5299073932163","","","","","","","243-0807","神奈川県厚木市金田339-1","","","","","","","","","","","","","","","9021001044991","","","",""
"株式会社ツチヨシアクティ","7781049600390","","","","","","","769-2700","香川県東かがわ市内200番地16","","","","","","","","","","","","","","","5470001011317","","","",""
"堤伸銅軽金株式会社","3321609208471","","","","","","","153-0061","東京都目黒区中目黒四丁目4-2","","","","","","","","","","","","","","","3013201003676","","","",""
"堤田貴金属工業株式会社","7688432753100","","","","","","","733-0012","広島県広島市西区中広町二丁目14-23","","","","","","","","","","","","","","","5240001007057","","","",""
"津止合金工業株式会社","4322187429998","","","","","","","140-0004","東京都品川区南品川六丁目5-15","","","","","","","","","","","","","","","3010701006060","","","",""
"坪井金属有限会社","5531959091947","","","","","","","485-0000","愛知県小牧市大字東田中東島2057-1","","","","","","","","","","","","","","","9180002068407","","","",""
"有限会社露木銅工店","1552206301229","","","","","","","246-0021","神奈川県横浜市瀬谷区二ツ橋町468-4","","","","","","","","","","","","","","","3020002001719","","","",""
"鶴居鋳造株式会社","9668194832606","","","","","","","679-2334","兵庫県神崎郡市川町鶴居303","","","","","","","","","","","","","","","3140001063509","","","",""
"敦賀ハーネス株式会社","7094316705316","","","","","","","914-0812","福井県敦賀市昭和町二丁目16-3","","","","","","","","","","","","","","","9210001016701","","","",""
"有限会社都留合金","3701851166083","","","","","","","402-0032","山梨県都留市鹿留432","","","","","","","","","","","","","","","1090002010351","","","",""
"鶴瀬伸管工業株式会社","7494113481034","","","","","","","354-0025","埼玉県富士見市関沢一丁目1-3","","","","","","","","","","","","","","","6030001046397","","","",""
"株式会社鶴田商会","1165925383808","","","","","","","452-0823","愛知県名古屋市西区あし原町10","","","","","","","","","","","","","","","2180001031446","","","",""
"ツルワ鋼板有限会社","8324322325449","","","","","","","770-8022","徳島県徳島市大松町鰯口53-1","","","","","","","","","","","","","","","1480002002813","","","",""
"株式会社ＴＡＣ","5335861583118","","","","","","","348-0064","埼玉県羽生市大字藤井上組城沼1375","","","","","","","","","","","","","","","4030001032861","","","",""
"有限会社ティーエス・インダストリー","8421221608606","","","","","","","211-0025","神奈川県川崎市中原区木月四丁目32-17","","","","","","","","","","","","","","","5020002100089","","","",""
"有限会社ティーエス電子工業","6479109411445","","","","","","","441-8061","愛知県豊橋市藤沢町37","","","","","","","","","","","","","","","3180302008539","","","",""
"ティエフオー株式会社","4794060305012","","","","","","","115-0045","東京都北区赤羽二丁目16-4 セキネビル5F","","","","","","","","","","","","","","","4011401006283","","","",""
"ティーエムシー株式会社","1117689155182","","","","","","","604-8153","京都府京都市中京区笋町691 りそな京都ビル10階","","","","","","","","","","","","","","","1122001004677","","","",""
"有限会社ＴＭＤ","3881782598353","","","","","","","861-0165","熊本県熊本市北区植木町平原199","","","","","","","","","","","","","","","5330002022582","","","",""
"株式会社ティーエーメタル","9966532985572","","","","","","","962-0203","福島県須賀川市長沼信濃町8","","","","","","","","","","","","","","","5380001024393","","","",""
"株式会社ティ・ケー・ケー","3038888657516","","","","","","","989-1501","宮城県柴田郡川崎町大字前川大森109","","","","","","","","","","","","","","","9370101001026","","","",""
"株式会社ＴＫファクトリー","9502350277176","","","","","","","333-0852","埼玉県川口市芝樋ノ爪一丁目1-44","","","","","","","","","","","","","","","3030001039008","","","",""
"株式会社ＴＫワークス","7784201363895","","","","","","","570-0003","大阪府守口市大日町四丁目58-5","","","","","","","","","","","","","","","9120001159831","","","",""
"帝国メタル工業株式会社","8560010157336","","","","","","","143-0003","東京都大田区京浜島二丁目4-15","","","","","","","","","","","","","","","5010801030768","","","",""
"帝産大鐘ダイカスト工業株式会社","3651111631451","","","","","","","512-8053","三重県四日市市大鐘町安田1245","","","","","","","","","","","","","","","4190001015586","","","",""
"株式会社Ｔ・Ｃ","2598472053251","","","","","","","476-0013","愛知県東海市中央町一丁目293","","","","","","","","","","","","","","","3180001095218","","","",""
"有限会社貞進ダイカスト工業所","4321505822565","","","","","","","354-0043","埼玉県入間郡三芳町大字竹間沢326-6","","","","","","","","","","","","","","","2030002077197","","","",""
"株式会社ティージー","2646825156866","","","","","","","431-1102","静岡県浜松市中央区大山町4059","","","","","","","","","","","","","","","7080401003257","","","",""
"株式会社ティーティーコーポレーション","3322094969373","","","","","","","599-8266","大阪府堺市中区毛穴町59","","","","","","","","","","","","","","","5120101004429","","","",""
"ＴＤＭ株式会社","8465028715277","","","","","","","442-0061","愛知県豊川市穂ノ原二丁目10","","","","","","","","","","","","","","","7010001160884","","","",""
"株式会社ティーディーケイ","1108541160351","","","","","","","332-0015","埼玉県川口市川口四丁目2-4","","","","","","","","","","","","","","","6030001075933","","","",""
"株式会社ティ・ディ・シー","9336131341689","","","","","","","981-0113","宮城県宮城郡利府町飯土井長者前24-15","","","","","","","","","","","","","","","8370601000552","","","",""
"ＴＢ播州電装株式会社","3560718612990","","","","","","","675-0102","兵庫県加古川市平岡町西谷25-1","","","","","","","","","","","","","","","1140001035344","","","",""
"出川工業株式会社","7402758722443","","","","","","","659-0087","兵庫県芦屋市三条町23-19-1","","","","","","","","","","","","","","","2140001001048","","","",""
"テクシアマシナリー株式会社","7366918341960","","","","","","","178-0061","東京都練馬区大泉学園町七丁目23-15","","","","","","","","","","","","","","","7030001045951","","","",""
"株式会社テクニカ","4845609972917","","","","","","","651-2271","兵庫県神戸市西区高塚台三丁目2-9","","","","","","","","","","","","","","","1140001013201","","","",""
"テクノシステム株式会社","5477394228200","","","","","","","812-0881","福岡県福岡市博多区井相田三丁目7-12","","","","","","","","","","","","","","","5290001014767","","","",""
"株式会社テクノ・タカ","2242493019761","","","","","","","262-0012","千葉県千葉市花見川区千種町312-8","","","","","","","","","","","","","","","9040001012478","","","",""
"株式会社テクノ高槻","3749065724605","","","","","","","569-1013","大阪府高槻市成合南の町8-2","","","","","","","","","","","","","","","4120901011542","","","",""
"株式会社テクノ豊栄","2885072688935","","","","","","","496-8003","愛知県愛西市千引町郷前73","","","","","","","","","","","","","","","4180001097287","","","",""
"有限会社テクノマシンツール","2095988814170","","","","","","","312-0012","茨城県ひたちなか市大字馬渡2920-186","","","","","","","","","","","","","","","8050002008681","","","",""
"テクノメタル株式会社","7125245513194","","","","","","","934-0095","富山県高岡市石丸708","","","","","","","","","","","","","","","9230001010504","","","",""
"テクノメタル株式会社","8322003165995","","","","","","","964-0985","福島県二本松市高田100","","","","","","","","","","","","","","","7380001009500","","","",""
"有限会社テクノ・ワイズ","9110795484131","","","","","","","997-0045","山形県鶴岡市西新斎町9-51","","","","","","","","","","","","","","","8390002010430","","","",""
"テックス・テクノロジー株式会社","9683849815863","","","","","","","101-0024","東京都千代田区神田和泉町1-1-16","","","","","","","","","","","","","","","4010501023858","","","",""
"株式会社テック電機製作所","8316710690390","","","","","","","188-0011","東京都西東京市田無町二丁目10-12","","","","","","","","","","","","","","","1012701016529","","","",""
"株式会社テックワイズ","6021054257530","","","","","","","929-0426","石川県河北郡津幡町字竹橋テ52-1","","","","","","","","","","","","","","","8220001017930","","","",""
"株式会社鉄建工務店","2136060659583","","","","","","","359-0014","埼玉県所沢市大字亀ケ谷谷里267-1","","","","","","","","","","","","","","","4030001024553","","","",""
"ＴＰＲアルテック株式会社","9534990592352","","","","","","","708-0015","岡山県津山市神戸99-1","","","","","","","","","","","","","","","2260001021216","","","",""
"株式会社テラダイ","5160899028859","","","","","","","358-0033","埼玉県入間市狭山台四丁目8-14","","","","","","","","","","","","","","","4030001027143","","","",""
"株式会社テラダイ鶴ヶ島","9915538730879","","","","","","","350-2219","埼玉県鶴ヶ島市三ツ木新町二丁目8-32","","","","","","","","","","","","","","","5030001070051","","","",""
"株式会社テラニシ合金","9971195670741","","","","","","","455-0801","愛知県名古屋市港区小碓二丁目111","","","","","","","","","","","","","","","6180001061043","","","",""
"有限会社寺本金属","8689116325174","","","","","","","270-1402","千葉県白井市平塚2632-7","","","","","","","","","","","","","","","6040002035415","","","",""
"株式会社天童アルキャスト","3601298202320","","","","","","","994-0069","山形県天童市清池東一丁目2-3","","","","","","","","","","","","","","","9390001004481","","","",""
"有限会社天童アルミ","3005114153436","","","","","","","994-0057","山形県天童市石鳥居一丁目1-90","","","","","","","","","","","","","","","7390002005605","","","",""
"株式会社天童軽合金製作所","5923585436244","","","","","","","994-0057","山形県天童市石鳥居一丁目2-57","","","","","","","","","","","","","","","6390001004476","","","",""
"天満電線株式会社","9500340086357","","","","","","","661-0982","兵庫県尼崎市食満三丁目25-65 事務所","","","","","","","","","","","","","","","1140001052430","","","",""
"有限会社天竜技研工業","6101484844408","","","","","","","435-0034","静岡県浜松市中央区安松町24-3","","","","","","","","","","","","","","","1080402005118","","","",""
"株式会社ディーアクト","3677042805183","","","","","","","520-3212","滋賀県湖南市小砂町1-7","","","","","","","","","","","","","","","6160001006140","","","",""
"ＤＭＥＧＣジャパン株式会社","3126263466609","","","","","","","105-0014","東京都港区芝二丁目3-12 芝シムラビル9階","","","","","","","","","","","","","","","2010401100362","","","",""
"株式会社ディーエムシー","7483600227078","","","","","","","480-0141","愛知県丹羽郡大口町上小口二丁目140-4","","","","","","","","","","","","","","","2180001081078","","","",""
"株式会社ＤＣウエムラ","9122393582885","","","","","","","581-0851","大阪府八尾市上尾町六丁目19-1","","","","","","","","","","","","","","","9122001025187","","","",""
"ディレクトセン房株式会社","9775382765904","","","","","","","444-0704","愛知県西尾市鳥羽町西迫20-1","","","","","","","","","","","","","","","5180301023132","","","",""
"株式会社出口","2129489209372","","","","","","","547-0002","大阪府大阪市平野区加美東七丁目2-53","","","","","","","","","","","","","","","9122001019346","","","",""
"電化工業株式会社","7222990426448","","","","","","","437-1203","静岡県磐田市福田5490-620","","","","","","","","","","","","","","","7080401016267","","","",""
"株式会社電技商会","6495031511602","","","","","","","803-0274","福岡県北九州市小倉南区長尾一丁目11-39","","","","","","","","","","","","","","","3290801002452","","","",""
"株式会社電研商事","3395850647368","","","","","","","144-0056","東京都大田区西六郷二丁目4-13","","","","","","","","","","","","","","","6010801016221","","","",""
"電子ブロック株式会社","9128093790610","","","","","","","190-0003","東京都立川市栄町五丁目8-5","","","","","","","","","","","","","","","1012802001586","","","",""
"デンソー工業株式会社","5618315506887","","","","","","","222-0033","神奈川県横浜市港北区新横浜二丁目12-9","","","","","","","","","","","","","","","2010801007587","","","",""
"トア株式会社","4896574343028","","","","","","","400-0335","山梨県南アルプス市加賀美1793-6","","","","","","","","","","","","","","","4090001004970","","","",""
"株式会社戸出惣次郎商店","2411797704343","","","","","","","920-0847","石川県金沢市堀川町25-5","","","","","","","","","","","","","","","8220001004532","","","",""
"株式会社東亜製作所","5509934430895","","","","","","","458-0801","愛知県名古屋市緑区鳴海町山下98","","","","","","","","","","","","","","","3180001028516","","","",""
"有限会社東亜ダイカスト工業所","5406134636905","","","","","","","326-0826","栃木県足利市借宿町591","","","","","","","","","","","","","","","9060002036805","","","",""
"東亜テクニカル株式会社","7714123670753","","","","","","","101-0021","東京都千代田区外神田五丁目1-4","","","","","","","","","","","","","","","1010001024021","","","",""
"東庵産業株式会社","5556004564859","","","","","","","421-3201","静岡県静岡市清水区蒲原東275","","","","","","","","","","","","","","","5080001010234","","","",""
"東岩合金株式会社","9167401740898","","","","","","","144-0033","東京都大田区東糀谷三丁目11-12","","","","","","","","","","","","","","","1010801009964","","","",""
"東栄産業株式会社","9463894841144","","","","","","","334-0062","埼玉県川口市大字榛松801-5","","","","","","","","","","","","","","","3030001076208","","","",""
"東栄電化株式会社","6161328550135","","","","","","","152-0011","東京都目黒区原町一丁目25-6","","","","","","","","","","","","","","","1013201003892","","","",""
"有限会社東栄電機工業所","8697996098093","","","","","","","510-8125","三重県三重郡川越町大字北福崎5","","","","","","","","","","","","","","","3190002023176","","","",""
"東海アルミナ磁器工業株式会社","6088804748454","","","","","","","486-0853","愛知県春日井市穴橋町三丁目6-7","","","","","","","","","","","","","","","3180001074535","","","",""
"株式会社東海軽金属","4692466928856","","","","","","","581-0039","大阪府八尾市太田新町六丁目198","","","","","","","","","","","","","","","8122001033281","","","",""
"東海ダイカスト工業株式会社","1977215046114","","","","","","","504-0957","岐阜県各務原市金属団地38","","","","","","","","","","","","","","","9200001007362","","","",""
"株式会社東海電化工業所","1234412885713","","","","","","","454-0806","愛知県名古屋市中川区澄池町9-17","","","","","","","","","","","","","","","4180001020216","","","",""
"東海電材株式会社","9589725424572","","","","","","","500-8366","岐阜県岐阜市宇佐東町2-2","","","","","","","","","","","","","","","5200001003588","","","",""
"有限会社東海電材工業","2166931761570","","","","","","","455-0813","愛知県名古屋市港区善進本町315-2","","","","","","","","","","","","","","","5180002053949","","","",""
"株式会社東海電線","4750913821200","","","","","","","376-0137","群馬県桐生市新里町赤城山919-261","","","","","","","","","","","","","","","9070001016303","","","",""
"東海プロテック株式会社","1898001095084","","","","","","","421-3203","静岡県静岡市清水区蒲原5245-20","","","","","","","","","","","","","","","3080001010236","","","",""
"東海メルテックス株式会社","7651919448108","","","","","","","510-0875","三重県四日市市大治田三丁目4-45","","","","","","","","","","","","","","","4190001015644","","","",""
"株式会社東海螺子","7992125936974","","","","","","","489-0975","愛知県瀬戸市山の田町43-235","","","","","","","","","","","","","","","9180003010739","","","",""
"株式会社東京アルマイト","4169837880676","","","","","","","273-0047","千葉県船橋市藤原四丁目2-15","","","","","","","","","","","","","","","3040001019297","","","",""
"株式会社東京化学研究所","3052801048788","","","","","","","242-0001","神奈川県大和市下鶴間二丁目2-1","","","","","","","","","","","","","","","5021001025574","","","",""
"東京機能材料株式会社","3155275216403","","","","","","","170-0013","東京都豊島区東池袋三丁目1-1 サンシャイン60-12F","","","","","","","","","","","","","","","4013301049040","","","",""
"株式会社東京軽合金製作所","5326608974559","","","","","","","361-0021","埼玉県行田市富士見町一丁目21-1","","","","","","","","","","","","","","","1030001086984","","","",""
"東京高圧工業株式会社","1483539842144","","","","","","","146-0093","東京都大田区矢口三丁目33-8","","","","","","","","","","","","","","","4010801007718","","","",""
"株式会社東京黒鉛満俺製錬所","1055701298100","","","","","","","248-0012","神奈川県鎌倉市御成町9-18 301号","","","","","","","","","","","","","","","1010901007934","","","",""
"株式会社東京コード","3339400529556","","","","","","","105-0014","東京都港区芝三丁目13-9","","","","","","","","","","","","","","","6010401020474","","","",""
"東京豆陽金属工業株式会社","3761901726321","","","","","","","306-0654","茨城県坂東市上出島2290-1","","","","","","","","","","","","","","","3050001041548","","","",""
"株式会社東京ダイカスト","1662687783054","","","","","","","140-0011","東京都品川区東大井二丁目25-12 アルテックビル3階","","","","","","","","","","","","","","","3010701006507","","","",""
"株式会社東京チタニウム","5534471850972","","","","","","","339-0072","埼玉県さいたま市岩槻区古ケ場二丁目3-10","","","","","","","","","","","","","","","2030001018549","","","",""
"株式会社東京鋳造所","7821719165667","","","","","","","370-0871","群馬県高崎市上豊岡町561-8","","","","","","","","","","","","","","","2070001025376","","","",""
"東京抵抗線株式会社","5481499012144","","","","","","","144-0052","東京都大田区蒲田一丁目8-29","","","","","","","","","","","","","","","4010801007825","","","",""
"東京電解株式会社","6167354592774","","","","","","","136-0074","東京都江東区東砂一丁目3-20","","","","","","","","","","","","","","","6010601026627","","","",""
"東京電化工業株式会社","8530831129648","","","","","","","254-0016","神奈川県平塚市東八幡五丁目1-4","","","","","","","","","","","","","","","5021001036968","","","",""
"株式会社東京電業社","1368281152732","","","","","","","146-0095","東京都大田区多摩川二丁目21-24","","","","","","","","","","","","","","","8010801007846","","","",""
"東京電子材料工業株式会社","3127429252475","","","","","","","264-0031","千葉県千葉市若葉区愛生町87-2","","","","","","","","","","","","","","","2040001005224","","","",""
"東京電線工業株式会社","2858763944926","","","","","","","201-0003","東京都狛江市和泉本町四丁目6-2","","","","","","","","","","","","","","","7012401009224","","","",""
"東京電線工業株式会社","3022406754340","","","","","","","121-0815","東京都足立区島根一丁目13-1","","","","","","","","","","","","","","","9011801019228","","","",""
"東京鉛株式会社","4674891672748","","","","","","","158-0081","東京都世田谷区深沢二丁目10-26","","","","","","","","","","","","","","","1010501015560","","","",""
"株式会社東京ワイヤー製作所","5006250467844","","","","","","","144-0056","東京都大田区西六郷二丁目30-9","","","","","","","","","","","","","","","8010801007945","","","",""
"株式会社東研工業","8320608394627","","","","","","","344-0014","埼玉県春日部市豊野町二丁目8-4","","","","","","","","","","","","","","","3030001052613","","","",""
"有限会社東興金属","9680207414474","","","","","","","923-0995","石川県小松市安宅新町ネ91","","","","","","","","","","","","","","","2220002010923","","","",""
"東興産業株式会社","6754694876915","","","","","","","550-0004","大阪府大阪市西区靱本町三丁目3-5","","","","","","","","","","","","","","","8120001045702","","","",""
"東光電線株式会社","3139611215429","","","","","","","143-0021","東京都大田区北馬込一丁目13-6","","","","","","","","","","","","","","","6010801008144","","","",""
"東光特殊電線株式会社","1205542192494","","","","","","","135-0004","東京都江東区森下四丁目5-2","","","","","","","","","","","","","","","7010601013574","","","",""
"東光特殊電線株式会社","6804206170461","","","","","","","183-0056","東京都府中市寿町三丁目8-57","","","","","","","","","","","","","","","1012401001145","","","",""
"東湖産業株式会社","9604983026861","","","","","","","521-0031","滋賀県米原市一色50-3","","","","","","","","","","","","","","","7160001006841","","","",""
"東芝プレシジョン株式会社","8595068593694","","","","","","","960-2152","福島県福島市土船町田1-1","","","","","","","","","","","","","","","9380001001892","","","",""
"東伸株式会社","9354276874170","","","","","","","480-0142","愛知県丹羽郡大口町中小口二丁目287","","","","","","","","","","","","","","","1180001081087","","","",""
"東伸金属工業株式会社","3053308072355","","","","","","","541-0042","大阪府大阪市中央区今橋二丁目5-8","","","","","","","","","","","","","","","5120001219093","","","",""
"東信工業株式会社","8079260935534","","","","","","","544-0015","大阪府大阪市生野区巽南二丁目11-12","","","","","","","","","","","","","","","2120001018267","","","",""
"東伸産業株式会社","5226062487257","","","","","","","664-0001","兵庫県伊丹市荒牧五丁目1-33","","","","","","","","","","","","","","","5140001078653","","","",""
"株式会社東新電化","6214800606923","","","","","","","454-0057","愛知県名古屋市中川区熱田新田東組西川縁32-1","","","","","","","","","","","","","","","2180001020234","","","",""
"有限会社東進メディカル","4820638309742","","","","","","","888-0001","宮崎県串間市大字西方2960-11","","","","","","","","","","","","","","","9350002017239","","","",""
"東上金属株式会社","4129622421463","","","","","","","355-0071","埼玉県東松山市大字新郷77-3","","","","","","","","","","","","","","","3030001070945","","","",""
"東ソー日向株式会社","1241363206262","","","","","","","883-0065","宮崎県日向市船場町1","","","","","","","","","","","","","","","9350001006036","","","",""
"株式会社トウチュウ","3159454698811","","","","","","","470-3235","愛知県知多郡美浜町大字野間中新田5","","","","","","","","","","","","","","","1180001093058","","","",""
"東都株式会社","2308960058868","","","","","","","113-0022","東京都文京区千駄木一丁目22-18","","","","","","","","","","","","","","","4010001086100","","","",""
"株式会社ＴＯＴＯＫＵ","2426808911498","","","","","","","105-0003","東京都港区西新橋一丁目2-9 日比谷セントラルビル10階","","","","","","","","","","","","","","","9010001230223","","","",""
"株式会社東特上田販売店","4695795420300","","","","","","","386-0005","長野県上田市古里101-1","","","","","","","","","","","","","","","6100001010032","","","",""
"東特巻線株式会社","7239590593723","","","","","","","386-0407","長野県上田市長瀬3381","","","","","","","","","","","","","","","6100001011039","","","",""
"東都工業株式会社","8280627428453","","","","","","","136-0076","東京都江東区南砂一丁目25-5","","","","","","","","","","","","","","","4010601005450","","","",""
"東都電線株式会社","1859472921689","","","","","","","110-0003","東京都台東区根岸三丁目9-16","","","","","","","","","","","","","","","6010501008502","","","",""
"東日京三電線株式会社","1137823645788","","","","","","","315-0021","茨城県石岡市荒金1-1","","","","","","","","","","","","","","","3050001011716","","","",""
"株式会社東野精機","8841117884307","","","","","","","522-0055","滋賀県彦根市野瀬町332-3","","","","","","","","","","","","","","","5160001009508","","","",""
"東部金属株式会社","8164226524202","","","","","","","389-0514","長野県東御市加沢1354","","","","","","","","","","","","","","","2100001010820","","","",""
"有限会社東武金属工業","9942133024889","","","","","","","350-0812","埼玉県川越市大字下小坂55","","","","","","","","","","","","","","","6030002074315","","","",""
"ＴＯＨＯ株式会社","6510908447295","","","","","","","722-2211","広島県尾道市因島中庄町4895-16","","","","","","","","","","","","","","","2240002051073","","","",""
"東邦亜鉛株式会社","8979691565507","","","","","","","105-0001","東京都港区虎ノ門三丁目18-19 UD神谷町ビル","","","","","","","","","","","","","","","9010001034863","","","",""
"東邦金属株式会社","1271762746042","","","","","","","541-0051","大阪府大阪市中央区備後町二丁目4-9 日本精化ビル2階","","","","","","","","","","","","","","","5120001077491","","","",""
"東邦シートフレーム株式会社","2948077997427","","","","","","","103-0027","東京都中央区日本橋三丁目12-2","","","","","","","","","","","","","","","3010001051823","","","",""
"東邦チタニウム株式会社","2291052585513","","","","","","","220-0005","神奈川県横浜市西区南幸一丁目1-1 JR横浜タワー22階","","","","","","","","","","","","","","","7021001007190","","","",""
"東邦電線工業株式会社","5981280222674","","","","","","","239-0832","神奈川県横須賀市神明町58-8","","","","","","","","","","","","","","","7021001040794","","","",""
"東邦非鉄金属株式会社","8532614013395","","","","","","","869-0513","熊本県宇城市松橋町萩尾轟島2085-1","","","","","","","","","","","","","","","6330001012947","","","",""
"株式会社東北柏","9076634855481","","","","","","","960-2152","福島県福島市土船鑓合内12-1","","","","","","","","","","","","","","","1380001000935","","","",""
"東北キヤステイング株式会社","5804277473515","","","","","","","018-5751","秋田県大館市二井田前田野94-3","","","","","","","","","","","","","","","2410001006036","","","",""
"有限会社東北スミサン","1918052907369","","","","","","","023-0063","岩手県奥州市水沢聖天56-3","","","","","","","","","","","","","","","3400602000494","","","",""
"東北冶金工業株式会社","5694184900191","","","","","","","963-8803","福島県郡山市横塚二丁目1-14","","","","","","","","","","","","","","","6380001006052","","","",""
"有限会社東北リサイクリング","7557352770578","","","","","","","020-0001","岩手県盛岡市上米内庄ケ畑120","","","","","","","","","","","","","","","9400002002227","","","",""
"當麻軽合金工業株式会社","9452369279073","","","","","","","639-0232","奈良県香芝市下田東五丁目546","","","","","","","","","","","","","","","1150001013101","","","",""
"有限会社東萬","6533597520610","","","","","","","577-0835","大阪府東大阪市柏田西三丁目8-28","","","","","","","","","","","","","","","3122002003387","","","",""
"株式会社東明技研","3680287838918","","","","","","","505-0056","岐阜県美濃加茂市加茂野町市橋140","","","","","","","","","","","","","","","4200001017218","","","",""
"東洋亜鉛株式会社","3725581194663","","","","","","","132-0035","東京都江戸川区平井三丁目13-10","","","","","","","","","","","","","","","4011701005448","","","",""
"東洋アルミ鋼管株式会社","7721155611702","","","","","","","340-0024","埼玉県草加市谷塚上町565","","","","","","","","","","","","","","","5030001122331","","","",""
"東洋化学工業株式会社","8289358428064","","","","","","","201-0012","東京都狛江市中和泉二丁目26-13","","","","","","","","","","","","","","","1012401009246","","","",""
"東洋機工株式会社","7753667800415","","","","","","","582-0023","大阪府柏原市国分東条町8-48","","","","","","","","","","","","","","","2122001021093","","","",""
"東洋金属株式会社","3688697715648","","","","","","","480-0105","愛知県丹羽郡扶桑町大字南山名名護根60-1","","","","","","","","","","","","","","","4180001081241","","","",""
"東洋金属粉株式会社","5261035071194","","","","","","","278-0041","千葉県野田市蕃昌新田桧溜377","","","","","","","","","","","","","","","5040001071370","","","",""
"株式会社東洋技研","2586723468235","","","","","","","210-0843","神奈川県川崎市川崎区小田栄一丁目9-7","","","","","","","","","","","","","","","5020001073880","","","",""
"東洋シヤーリング工業株式会社","7995204335788","","","","","","","114-0011","東京都北区昭和町二丁目5-9","","","","","","","","","","","","","","","3011501003297","","","",""
"株式会社東陽商会","1216079240775","","","","","","","151-0053","東京都渋谷区代々木五丁目8-5","","","","","","","","","","","","","","","1011001015704","","","",""
"東洋精機株式会社","7505372080726","","","","","","","660-0803","兵庫県尼崎市長洲本通一丁目14-37","","","","","","","","","","","","","","","2140001050193","","","",""
"東陽精工株式会社","2770005599056","","","","","","","537-0001","大阪府大阪市東成区深江北三丁目12-29","","","","","","","","","","","","","","","6120001013074","","","",""
"株式会社東洋電機製作所","7007277484955","","","","","","","339-0044","埼玉県さいたま市岩槻区大字真福寺30","","","","","","","","","","","","","","","1030001018070","","","",""
"東洋電産株式会社","7638058572714","","","","","","","410-0873","静岡県沼津市大諏訪八反田575","","","","","","","","","","","","","","","5080101001174","","","",""
"東洋電材株式会社","5887704792081","","","","","","","553-0006","大阪府大阪市福島区吉野四丁目4-4","","","","","","","","","","","","","","","6120001035886","","","",""
"株式会社東洋電線製造所","5893268487721","","","","","","","532-0031","大阪府大阪市淀川区加島四丁目13-13","","","","","","","","","","","","","","","1120001057183","","","",""
"東洋ナゲット工業株式会社","3228645231161","","","","","","","543-0037","大阪府大阪市天王寺区上之宮町4-20","","","","","","","","","","","","","","","6120001024559","","","",""
"東洋パーツ株式会社","3192242137091","","","","","","","824-0036","福岡県行橋市南泉一丁目26-1","","","","","","","","","","","","","","","6290801015492","","","",""
"株式会社東洋溶材","4124875137490","","","","","","","173-0027","東京都板橋区南町23-14","","","","","","","","","","","","","","","1011401004612","","","",""
"有限会社東リツ・タジマ","5709750736024","","","","","","","334-0013","埼玉県川口市南鳩ヶ谷三丁目19-10","","","","","","","","","","","","","","","5030002104741","","","",""
"株式会社東和金物商会","3796772605987","","","","","","","812-0863","福岡県福岡市博多区金の隈三丁目11-11","","","","","","","","","","","","","","","2290001014935","","","",""
"東和金属株式会社","5620974200476","","","","","","","964-0203","福島県二本松市木幡平21-1","","","","","","","","","","","","","","","8380001009425","","","",""
"東和金属株式会社","3957694646174","","","","","","","599-8233","大阪府堺市中区大野芝町35-1","","","","","","","","","","","","","","","3120101004570","","","",""
"有限会社東和金属工業","7195434194399","","","","","","","369-1211","埼玉県大里郡寄居町大字赤浜2739-12","","","","","","","","","","","","","","","5030002115912","","","",""
"東和技研金属株式会社","3869361819771","","","","","","","577-0066","大阪府東大阪市高井田本通一丁目3-16","","","","","","","","","","","","","","","9122001005164","","","",""
"株式会社桐和工業","9996164129461","","","","","","","376-0101","群馬県みどり市大間々町大間々225-4","","","","","","","","","","","","","","","2070002024229","","","",""
"株式会社東和産業所","3554765200026","","","","","","","171-0052","東京都豊島区南長崎一丁目8-8","","","","","","","","","","","","","","","9013301008710","","","",""
"株式会社東和鋳造所","1517025554898","","","","","","","511-0123","三重県桑名市多度町北猪飼松本1188-1","","","","","","","","","","","","","","","1190001012743","","","",""
"有限会社東和電線加工","6517501488904","","","","","","","432-8053","静岡県浜松市中央区法枝町64","","","","","","","","","","","","","","","3080402013754","","","",""
"東和特殊電線工業株式会社","5934586183067","","","","","","","590-0002","大阪府堺市堺区砂道町二丁4-8","","","","","","","","","","","","","","","1120101004572","","","",""
"株式会社トーエイ","8419316809977","","","","","","","376-0001","群馬県桐生市菱町一丁目72-1","","","","","","","","","","","","","","","6070001016297","","","",""
"株式会社トオヤマ","8171054611333","","","","","","","116-0014","東京都荒川区東日暮里六丁目18-10","","","","","","","","","","","","","","","8011501007871","","","",""
"戸川金属株式会社","7685816091850","","","","","","","582-0007","大阪府柏原市上市二丁目5-7","","","","","","","","","","","","","","","2122001021077","","","",""
"土岐可鍛工業株式会社","2004262054584","","","","","","","509-5142","岐阜県土岐市泉町久尻1460-1","","","","","","","","","","","","","","","7200001021456","","","",""
"常磐金属工業株式会社","9075398467989","","","","","","","316-0025","茨城県日立市森山町五丁目9-35","","","","","","","","","","","","","","","7050001023427","","","",""
"常磐鋼帯株式会社","9277089282809","","","","","","","135-0062","東京都江東区東雲二丁目11-20","","","","","","","","","","","","","","","5010601007702","","","",""
"株式会社常盤精機製作所","7808045485493","","","","","","","612-8402","京都府京都市伏見区深草川久保町7","","","","","","","","","","","","","","","4130001015179","","","",""
"トキワ電線株式会社","9878643192419","","","","","","","144-0053","東京都大田区蒲田本町二丁目4-2 アクシード蒲田本町4F","","","","","","","","","","","","","","","6010801008458","","","",""
"トキワロイ工業株式会社","5219556483569","","","","","","","365-0037","埼玉県鴻巣市人形四丁目4-75","","","","","","","","","","","","","","","8030001061808","","","",""
"特殊メタル株式会社","1145913712531","","","","","","","976-0035","福島県相馬市程田潜石1","","","","","","","","","","","","","","","6380001020961","","","",""
"特殊溶接棒株式会社","6201386086671","","","","","","","590-0982","大阪府堺市堺区海山町三丁156","","","","","","","","","","","","","","","3120101004736","","","",""
"株式会社特電","4408762626976","","","","","","","386-0407","長野県上田市長瀬3183","","","","","","","","","","","","","","","7100001011038","","","",""
"株式会社トクデンプロセル","9916939810285","","","","","","","370-0857","群馬県高崎市上佐野町714","","","","","","","","","","","","","","","3070001007828","","","",""
"有限会社徳永軽合金鋳造所","1255973642904","","","","","","","332-0001","埼玉県川口市朝日五丁目1-18","","","","","","","","","","","","","","","3030002105353","","","",""
"有限会社徳永製作所","9989929848253","","","","","","","216-0022","神奈川県川崎市宮前区平五丁目3-56","","","","","","","","","","","","","","","4020002086899","","","",""
"株式会社トクヤマ","4412712379849","","","","","","","745-0053","山口県周南市御影町1-1","","","","","","","","","","","","","","","1250001009080","","","",""
"株式会社徳力本店","9019329568581","","","","","","","101-0044","東京都千代田区鍛冶町二丁目9-12","","","","","","","","","","","","","","","8010001024980","","","",""
"有限会社トーコーケーブル","4499825906265","","","","","","","370-2451","群馬県富岡市宇田543-1","","","","","","","","","","","","","","","5070002016470","","","",""
"株式会社トーコネ","6205020232230","","","","","","","175-0094","東京都板橋区成増五丁目23-11","","","","","","","","","","","","","","","4011401004592","","","",""
"所沢軽合金株式会社","5291170988909","","","","","","","359-0027","埼玉県所沢市大字松郷154","","","","","","","","","","","","","","","4030001024561","","","",""
"株式会社所沢軽合金","4312994767019","","","","","","","994-0075","山形県天童市大字蔵増1436-4","","","","","","","","","","","","","","","8390001004301","","","",""
"所沢工業株式会社","8438766865065","","","","","","","359-0024","埼玉県所沢市大字下安松409","","","","","","","","","","","","","","","8030001028170","","","",""
"登坂金属株式会社","5961294490407","","","","","","","959-1241","新潟県燕市小高964","","","","","","","","","","","","","","","9110001016117","","","",""
"トーシン工業株式会社","2045076435182","","","","","","","389-0824","長野県千曲市大字力石東沖726-1","","","","","","","","","","","","","","","5100001006394","","","",""
"トータス工業株式会社","9441299921599","","","","","","","547-0011","大阪府大阪市平野区長吉出戸七丁目11-12","","","","","","","","","","","","","","","9120001021017","","","",""
"株式会社トタニ合金","7037491748306","","","","","","","497-0052","愛知県海部郡蟹江町西之森二丁目48","","","","","","","","","","","","","","","6180001096840","","","",""
"戸田軽合金株式会社","7403081957770","","","","","","","332-0002","埼玉県川口市弥平三丁目2-22","","","","","","","","","","","","","","","5030001076362","","","",""
"栃木科研工業株式会社","3278471905624","","","","","","","321-2351","栃木県日光市塩野室町1007-4","","","","","","","","","","","","","","","3060001008471","","","",""
"株式会社トッキン","3070715647420","","","","","","","534-0011","大阪府大阪市都島区高倉町一丁目13-27","","","","","","","","","","","","","","","8120001008147","","","",""
"株式会社トップマクト","2813384132561","","","","","","","399-0200","長野県諏訪郡富士見町落合南原山9984-464","","","","","","","","","","","","","","","3100001018862","","","",""
"株式会社トップメタル","1411534158966","","","","","","","569-0844","大阪府高槻市柱本六丁目10-1","","","","","","","","","","","","","","","2120901011610","","","",""
"有限会社刀根電機工業所","3992827477344","","","","","","","811-4304","福岡県遠賀郡遠賀町大字若松222","","","","","","","","","","","","","","","9290802016917","","","",""
"株式会社戸畑製作所","4362469129725","","","","","","","800-0211","福岡県北九州市小倉南区新曽根8-21","","","","","","","","","","","","","","","7290801002498","","","",""
"トーホーテック株式会社","9847241795295","","","","","","","253-0041","神奈川県茅ヶ崎市茅ヶ崎三丁目3-5","","","","","","","","","","","","","","","6021001007191","","","",""
"戸松冶金株式会社","7894413943398","","","","","","","467-0861","愛知県名古屋市瑞穂区二野町9-16","","","","","","","","","","","","","","","8180001010709","","","",""
"有限会社富岡製作所","2967000073025","","","","","","","370-3107","群馬県高崎市箕郷町矢原1060-108","","","","","","","","","","","","","","","6070002014184","","","",""
"有限会社トミーオート","7246559460048","","","","","","","963-8051","福島県郡山市富久山町八山田広谷原2-6","","","","","","","","","","","","","","","3380002012993","","","",""
"有限会社富沢製作所","2074926666395","","","","","","","376-0102","群馬県みどり市大間々町桐原1463-7","","","","","","","","","","","","","","","2070002024245","","","",""
"有限会社冨田アルミ鋳造所","6384087442587","","","","","","","491-0827","愛知県一宮市三ツ井四丁目13-3","","","","","","","","","","","","","","","4180002077065","","","",""
"株式会社トミナガ","7513621650349","","","","","","","781-5101","高知県高知市布師田3981-5","","","","","","","","","","","","","","","4490001001639","","","",""
"有限会社富久鐵工所","5298248618476","","","","","","","511-0221","三重県いなべ市員弁町下笠田1378","","","","","","","","","","","","","","","2190002017897","","","",""
"有限会社富和","7516389368130","","","","","","","329-4211","栃木県足利市西場町1","","","","","","","","","","","","","","","4060002036875","","","",""
"株式会社トムテック","9885910523038","","","","","","","324-0004","栃木県大田原市富池湯泉前299-3","","","","","","","","","","","","","","","3060001013868","","","",""
"有限会社外山金属工業","9360676962814","","","","","","","342-0015","埼玉県吉川市大字中井小松川44-1","","","","","","","","","","","","","","","5030002090404","","","",""
"富山住友電工株式会社","2413694848362","","","","","","","934-0031","富山県射水市奈呉の江10-2","","","","","","","","","","","","","","","9230001012491","","","",""
"豊田精工株式会社","8990076655044","","","","","","","473-0901","愛知県豊田市御幸本町七丁目174","","","","","","","","","","","","","","","3180301018893","","","",""
"株式会社トヨダ製作所","1719435467429","","","","","","","639-2321","奈良県御所市大字名柄173","","","","","","","","","","","","","","","1150001013927","","","",""
"株式会社豊田ダイカスト","2681174069688","","","","","","","392-0015","長野県諏訪市大字中洲4771","","","","","","","","","","","","","","","6100001018505","","","",""
"豊通スメルティングテクノロジー株式会社","3947522776523","","","","","","","441-3401","愛知県田原市緑が浜二号1-25","","","","","","","","","","","","","","","5180301008505","","","",""
"豊通リチウム株式会社","5101023892946","","","","","","","979-0513","福島県双葉郡楢葉町大字山田岡仲丸1-40","","","","","","","","","","","","","","","3380001029535","","","",""
"トライオール株式会社","1706709284412","","","","","","","505-0072","岐阜県加茂郡坂祝町大針331-4","","","","","","","","","","","","","","","5200001017547","","","",""
"トラスト株式会社","5578691607538","","","","","","","735-0000","広島県安芸郡府中町市上下町1000","","","","","","","","","","","","","","","9240001034502","","","",""
"トラスト神石株式会社","1282025476187","","","","","","","729-3511","広島県神石郡神石高原町高光1660","","","","","","","","","","","","","","","3240001033988","","","",""
"トーワテック株式会社","7347744477399","","","","","","","579-8004","大阪府東大阪市布市町三丁目5-47 郵便番号579-8004","","","","","","","","","","","","","","","2122001005179","","","",""
"土井化工株式会社","8836701641186","","","","","","","756-0088","山口県山陽小野田市大字東高泊2367-18","","","","","","","","","","","","","","","9250001003860","","","",""
"土井特殊鍍金工業株式会社","3194203860732","","","","","","","532-0021","大阪府大阪市淀川区田川北三丁目3-2","","","","","","","","","","","","","","","7120001057054","","","",""
"株式会社道具","3204736956627","","","","","","","933-0951","富山県高岡市長慶寺1000","","","","","","","","","","","","","","","1230001011831","","","",""
"道前工業株式会社","8736945518836","","","","","","","793-0065","愛媛県西条市楢木姥ヶ橋377","","","","","","","","","","","","","","","4500001009060","","","",""
"株式会社ＤＯＨＯ","5145868423672","","","","","","","104-0031","東京都中央区京橋三丁目1-1 東京スクエアガーデン14F","","","","","","","","","","","","","","","8010001146313","","","",""
"ＤＯＷＡ　ＩＰクリエイション株式会社","7833889412597","","","","","","","702-8053","岡山県岡山市南区築港栄町7","","","","","","","","","","","","","","","3260001004723","","","",""
"ＤＯＷＡハイテック株式会社","1579022687454","","","","","","","367-0002","埼玉県本庄市仁手1781","","","","","","","","","","","","","","","2030001061136","","","",""
"ＤＯＷＡメタニクス株式会社","2760307519554","","","","","","","438-0025","静岡県磐田市新貝2630","","","","","","","","","","","","","","","4080401016047","","","",""
"ＤＯＷＡメタルテック株式会社","6615880078878","","","","","","","101-0021","東京都千代田区外神田四丁目14-1 秋葉原UDX22F","","","","","","","","","","","","","","","8010001099180","","","",""
"ＤＯＷＡメタルマイン株式会社","6401009794074","","","","","","","101-0021","東京都千代田区外神田四丁目14-1 秋葉原UDX22階","","","","","","","","","","","","","","","6010001099182","","","",""
"株式会社ドリーム","8803201306962","","","","","","","949-5335","新潟県長岡市小国町太郎丸1235-3","","","","","","","","","","","","","","","3110001024281","","","",""
"株式会社ドリームキャスト","8125654763554","","","","","","","954-0137","新潟県長岡市押切新田395-4","","","","","","","","","","","","","","","6110001024254","","","",""
"ＤＯＷＡメタル株式会社","5899808043891","","","","","","","438-0125","静岡県磐田市松之木島767","","","","","","","","","","","","","","","3080401016584","","","",""
"株式会社内外","1727126353788","","","","","","","370-0871","群馬県高崎市上豊岡町561-8","","","","","","","","","","","","","","","4070001018155","","","",""
"内外通商株式会社","6101651239978","","","","","","","888-0007","宮崎県串間市大字南方2219-54","","","","","","","","","","","","","","","3350001009787","","","",""
"内外物産株式会社","1463154231036","","","","","","","721-0953","広島県福山市一文字町6-1","","","","","","","","","","","","","","","8120001085987","","","",""
"株式会社中井商会","7847497304773","","","","","","","584-0003","大阪府富田林市喜志新家町二丁目8-37","","","","","","","","","","","","","","","8120101031081","","","",""
"株式会社ナカイズ","3102833302474","","","","","","","410-2502","静岡県伊豆市上白岩911","","","","","","","","","","","","","","","9080101004867","","","",""
"中尾電線株式会社","7065232431556","","","","","","","574-0053","大阪府大東市新田旭町5-17","","","","","","","","","","","","","","","8122001015701","","","",""
"株式会社中川プラント","2659372798903","","","","","","","960-0231","福島県福島市飯坂町平野万代1-1","","","","","","","","","","","","","","","5380001003711","","","",""
"株式会社ナカキン","7713839289392","","","","","","","573-0137","大阪府枚方市春日北町二丁目10-5","","","","","","","","","","","","","","","9120001057333","","","",""
"有限会社中澤鋳造所","2093149997267","","","","","","","382-0913","長野県須坂市大字野辺973-3","","","","","","","","","","","","","","","6100002008620","","","",""
"有限会社中島工作所","3320379899854","","","","","","","704-8103","岡山県岡山市東区河本町319-1","","","","","","","","","","","","","","","7260002007176","","","",""
"ナカシマホールディングス株式会社","8522946987050","","","","","","","700-0982","岡山県岡山市北区中島田町二丁目3-19 NXビル","","","","","","","","","","","","","","","7260001004884","","","",""
"中シャーリング株式会社","5706136035080","","","","","","","570-0041","大阪府守口市東郷通三丁目6-15","","","","","","","","","","","","","","","4120001156387","","","",""
"中信電機株式会社","7777115280410","","","","","","","116-0013","東京都荒川区西日暮里六丁目16-15","","","","","","","","","","","","","","","7010001004892","","","",""
"中島合金株式会社","6355864875765","","","","","","","116-0003","東京都荒川区南千住七丁目30-1","","","","","","","","","","","","","","","3011501007983","","","",""
"中島精工株式会社","5067703687074","","","","","","","533-0006","大阪府大阪市東淀川区上新庄二丁目12-24","","","","","","","","","","","","","","","6120001114327","","","",""
"中島銅工株式会社","5568008289637","","","","","","","355-0225","埼玉県比企郡嵐山町大字鎌形683","","","","","","","","","","","","","","","8030001055982","","","",""
"中田金商株式会社","5451735452520","","","","","","","110-0005","東京都台東区上野五丁目15-15","","","","","","","","","","","","","","","4010501009584","","","",""
"株式会社中谷鋳造所","2207460516366","","","","","","","584-0069","大阪府富田林市錦織東三丁目5-6","","","","","","","","","","","","","","","9120101031080","","","",""
"中塚株式会社","5983487899216","","","","","","","520-2414","滋賀県野洲市井口764","","","","","","","","","","","","","","","1160001016219","","","",""
"中塚金属箔粉工業株式会社","2360469165987","","","","","","","600-8343","京都府京都市下京区植松町726","","","","","","","","","","","","","","","6130001006969","","","",""
"株式会社中津金型工作所","5011180012731","","","","","","","514-0303","三重県津市雲出長常町1255-11","","","","","","","","","","","","","","","7190001003258","","","",""
"中津工業株式会社","1066911661592","","","","","","","508-0011","岐阜県中津川市駒場326-5","","","","","","","","","","","","","","","3200001023480","","","",""
"中通貴金属工業株式会社","9200153651348","","","","","","","029-4503","岩手県胆沢郡金ケ崎町西根中ノ町6","","","","","","","","","","","","","","","7400601000491","","","",""
"株式会社仲西商店","1479234830350","","","","","","","511-0427","三重県いなべ市北勢町麻生田中野1430-9","","","","","","","","","","","","","","","3190001013070","","","",""
"中日本ダイカスト工業株式会社","7020304340632","","","","","","","504-0014","岐阜県各務原市那加山崎町87-1","","","","","","","","","","","","","","","3200001007368","","","",""
"株式会社中根工業","8601308039956","","","","","","","444-0316","愛知県西尾市羽塚町西新田19-1","","","","","","","","","","","","","","","4180301022572","","","",""
"有限会社中野軽金属","2324369180883","","","","","","","591-8023","大阪府堺市北区中百舌鳥町一丁96","","","","","","","","","","","","","","","9120102003467","","","",""
"有限会社中野工作所","2500035582638","","","","","","","599-8111","大阪府堺市東区日置荘北町二丁6-22","","","","","","","","","","","","","","","7120102003469","","","",""
"中野合金株式会社","7873569362456","","","","","","","930-3261","富山県中新川郡立山町野町353","","","","","","","","","","","","","","","2230001002342","","","",""
"株式会社中野商店","4475017012921","","","","","","","289-1143","千葉県八街市八街い26","","","","","","","","","","","","","","","3040001047711","","","",""
"株式会社仲野鋳造産業","2431256494102","","","","","","","335-0014","埼玉県戸田市喜沢南一丁目4-51","","","","","","","","","","","","","","","7030001076468","","","",""
"中野電線株式会社","5868261549664","","","","","","","673-1461","兵庫県加東市木梨1266-1","","","","","","","","","","","","","","","6140001075039","","","",""
"株式会社中丸","7714743388395","","","","","","","364-0013","埼玉県北本市中丸一丁目133-8","","","","","","","","","","","","","","","4030001062330","","","",""
"中溝貴金属工業株式会社","9999837754008","","","","","","","141-0031","東京都品川区西五反田三丁目16-7","","","","","","","","","","","","","","","1010701007226","","","",""
"有限会社中村産業","7768651052933","","","","","","","992-0477","山形県南陽市梨郷614-2","","","","","","","","","","","","","","","7390002014449","","","",""
"有限会社中村製作所","8686296745760","","","","","","","933-0951","富山県高岡市長慶寺774","","","","","","","","","","","","","","","4230002011695","","","",""
"有限会社中村製作所","9735869483808","","","","","","","760-0080","香川県高松市木太町2888-4","","","","","","","","","","","","","","","9470002010891","","","",""
"有限会社中村製作所","7284885683551","","","","","","","336-0974","埼玉県さいたま市緑区大字大崎1772-7","","","","","","","","","","","","","","","2030002009976","","","",""
"有限会社中村製作所","7060966580826","","","","","","","409-0138","山梨県上野原市大倉657","","","","","","","","","","","","","","","5090002009729","","","",""
"株式会社中村製箔所","9144763854743","","","","","","","920-0034","石川県金沢市醒ケ井町2-18","","","","","","","","","","","","","","","9220001004820","","","",""
"株式会社中村ダイカスト","2289553302034","","","","","","","350-0032","埼玉県川越市大字大仙波935-2","","","","","","","","","","","","","","","6030002074471","","","",""
"株式会社中村電線工業","5730195301260","","","","","","","370-0517","群馬県邑楽郡大泉町西小泉四丁目16-18","","","","","","","","","","","","","","","1070001019866","","","",""
"中山工業株式会社","3968920363021","","","","","","","606-8187","京都府京都市左京区一乗寺大原田町15","","","","","","","","","","","","","","","8130001006983","","","",""
"中山工業株式会社","1081996928013","","","","","","","460-0022","愛知県名古屋市中区金山五丁目18-10","","","","","","","","","","","","","","","3180001039216","","","",""
"株式会社中山合金鋳造所","4962063221908","","","","","","","679-2215","兵庫県神崎郡福崎町西治908-2","","","","","","","","","","","","","","","6140001063522","","","",""
"有限会社中山製作所","8987080397948","","","","","","","183-0021","東京都府中市片町二丁目18-3","","","","","","","","","","","","","","","6012402002006","","","",""
"有限会社中山鉄工所","3497832558302","","","","","","","847-0031","佐賀県唐津市原1525-1","","","","","","","","","","","","","","","9300002010537","","","",""
"株式会社永井合金","4377974577849","","","","","","","598-0071","大阪府泉佐野市鶴原三丁目12-52","","","","","","","","","","","","","","","7120101040653","","","",""
"有限会社永井製作所","3975706546693","","","","","","","577-0066","大阪府東大阪市高井田本通二丁目4-21","","","","","","","","","","","","","","","9122002003662","","","",""
"株式会社永井製作所","5538391949081","","","","","","","335-0016","埼玉県戸田市下前二丁目8-19","","","","","","","","","","","","","","","9030001021331","","","",""
"株式会社ナガエ","9500939870193","","","","","","","933-0319","富山県高岡市荒屋敷278","","","","","","","","","","","","","","","4230001010582","","","",""
"長岡ダイカスト工業株式会社","4104213095865","","","","","","","999-3103","山形県上山市金谷原798-14","","","","","","","","","","","","","","","9390001004820","","","",""
"長岡特殊電線株式会社","6991922235756","","","","","","","581-0039","大阪府八尾市太田新町九丁目11","","","","","","","","","","","","","","","9122001019494","","","",""
"株式会社長川原金属","1872938710695","","","","","","","386-1213","長野県上田市古安曽921","","","","","","","","","","","","","","","5100001010108","","","",""
"有限会社永坂軽合金","1452185053256","","","","","","","447-0086","愛知県碧南市洲先町一丁目29","","","","","","","","","","","","","","","8180302020729","","","",""
"長澤精機株式会社","5540326251708","","","","","","","959-1513","新潟県南蒲原郡田上町大字川船河甲1640-4","","","","","","","","","","","","","","","6110001016862","","","",""
"長島鋳物株式会社","9978125218665","","","","","","","332-0022","埼玉県川口市仲町2-19","","","","","","","","","","","","","","","2030001076448","","","",""
"有限会社長嶋鉄工所","2830582283925","","","","","","","316-0004","茨城県日立市東多賀町五丁目13-4","","","","","","","","","","","","","","","5050002031067","","","",""
"永瀬アルミ株式会社","3176479305906","","","","","","","334-0013","埼玉県川口市南鳩ヶ谷一丁目23-17","","","","","","","","","","","","","","","1030001076432","","","",""
"有限会社ナガタ","8523441902380","","","","","","","400-0226","山梨県南アルプス市有野3018-3","","","","","","","","","","","","","","","3090002007767","","","",""
"永田軽金属工業株式会社","7642860786839","","","","","","","584-0061","大阪府富田林市伏山一丁目14-24","","","","","","","","","","","","","","","4120101031085","","","",""
"有限会社永田シェル工業","4909468973856","","","","","","","504-0812","岐阜県各務原市蘇原坂井町一丁目127","","","","","","","","","","","","","","","5200002008545","","","",""
"有限会社永野製作所","9632076422024","","","","","","","132-0035","東京都江戸川区平井六丁目63-16","","","","","","","","","","","","","","","3011702008558","","","",""
"長橋線材株式会社","3916587989797","","","","","","","244-0003","神奈川県横浜市戸塚区戸塚町3309-3","","","","","","","","","","","","","","","4020001007781","","","",""
"有限会社長原製作所","9160210628438","","","","","","","373-0015","群馬県太田市東新町338-1","","","","","","","","","","","","","","","2070002031687","","","",""
"株式会社長堀鉄工所","9889859877396","","","","","","","332-0032","埼玉県川口市中青木二丁目15-35","","","","","","","","","","","","","","","7030001076476","","","",""
"有限会社永安工業","1701611534116","","","","","","","352-0022","埼玉県新座市本多一丁目13-12","","","","","","","","","","","","","","","8030002062020","","","",""
"株式会社長山工業所","4971104909228","","","","","","","578-0921","大阪府東大阪市水走三丁目12-1","","","","","","","","","","","","","","","7122001005661","","","",""
"有限会社長山鉄工所","3514837872811","","","","","","","326-0822","栃木県足利市田中町271","","","","","","","","","","","","","","","8060002036954","","","",""
"名古屋伸銅株式会社","3759230909975","","","","","","","489-0976","愛知県瀬戸市井戸金町333","","","","","","","","","","","","","","","4180001079129","","","",""
"ナジコ・スパイサー株式会社","9269896168535","","","","","","","104-0061","東京都中央区銀座二丁目16-7 銀座2丁目松竹ビル4F","","","","","","","","","","","","","","","4010001052960","","","",""
"那須工業株式会社","1906316220298","","","","","","","321-0527","栃木県那須烏山市宇井475-1","","","","","","","","","","","","","","","4060001008181","","","",""
"ナス産業株式会社","6817584578329","","","","","","","124-0003","東京都葛飾区お花茶屋一丁目25-12","","","","","","","","","","","","","","","8011801003612","","","",""
"那須電子工業有限会社","9125421814874","","","","","","","216-0015","神奈川県川崎市宮前区菅生五丁目7-2","","","","","","","","","","","","","","","1020002069320","","","",""
"七生工業株式会社","5875842601729","","","","","","","236-0004","神奈川県横浜市金沢区福浦二丁目10-9","","","","","","","","","","","","","","","7020001006590","","","",""
"株式会社七星科学研究所","9072109465873","","","","","","","164-0002","東京都中野区上高田一丁目49-15","","","","","","","","","","","","","","","6011201004031","","","",""
"ナニワ化工有限会社","2451630668856","","","","","","","586-0011","大阪府河内長野市汐の宮町34-8","","","","","","","","","","","","","","","8120102020083","","","",""
"株式会社浪速精煉所","9826324668127","","","","","","","555-0034","大阪府大阪市西淀川区福町三丁目3-17","","","","","","","","","","","","","","","6120001050282","","","",""
"株式会社ナノキ","3343817139445","","","","","","","385-0051","長野県佐久市中込2354-3","","","","","","","","","","","","","","","4100001028076","","","",""
"株式会社ナノ・グレインズ","5550668437403","","","","","","","392-0012","長野県諏訪市大字四賀942-2","","","","","","","","","","","","","","","8100001018296","","","",""
"有限会社奈部製作所","2656035160778","","","","","","","933-0983","富山県高岡市守護町二丁目11-8","","","","","","","","","","","","","","","8230002011709","","","",""
"ナミテイ株式会社","6442495885119","","","","","","","577-0042","大阪府東大阪市西堤二丁目2-23","","","","","","","","","","","","","","","9122001005577","","","",""
"ナメカワアルミ株式会社","6080805409589","","","","","","","160-0023","東京都新宿区西新宿二丁目6-1 新宿住友ビル9階","","","","","","","","","","","","","","","7011301001910","","","",""
"楢原電機工業株式会社","5597749844490","","","","","","","198-0031","東京都青梅市師岡町四丁目1-17","","","","","","","","","","","","","","","4013101003890","","","",""
"株式会社楢原ブロンズ彫刻","2486553914906","","","","","","","933-0917","富山県高岡市京町7-19","","","","","","","","","","","","","","","5230001012149","","","",""
"Ｎａｒｉｋａｗａ　Ｃｏｒｐｏｒａｔｉｏｎ株式会社","5527533729749","","","","","","","108-0072","東京都港区白金一丁目13-1 801号","","","","","","","","","","","","","","","4012401008352","","","",""
"成田工業株式会社","2233213262907","","","","","","","489-0054","愛知県瀬戸市道泉町71","","","","","","","","","","","","","","","2180001079122","","","",""
"成田銅商株式会社","4201145516054","","","","","","","121-0815","東京都足立区島根四丁目14-19","","","","","","","","","","","","","","","5011801010768","","","",""
"株式会社成宗製作所","6893914000951","","","","","","","166-0016","東京都杉並区成田西一丁目26-8","","","","","","","","","","","","","","","8011301005225","","","",""
"有限会社ナワテ","4282508029513","","","","","","","594-1112","大阪府和泉市三林町152-1","","","","","","","","","","","","","","","8120102026493","","","",""
"南海アルミ工業株式会社","4140762048669","","","","","","","352-0021","埼玉県新座市あたご一丁目1-57","","","","","","","","","","","","","","","9030001046007","","","",""
"有限会社ナンキ","8501428945059","","","","","","","649-1324","和歌山県日高郡日高川町大字土生214-5","","","","","","","","","","","","","","","1170002010392","","","",""
"株式会社南州科学","4332492075769","","","","","","","737-0103","広島県呉市広塩焼二丁目20-9","","","","","","","","","","","","","","","2240001026308","","","",""
"株式会社ナンシン","7424348227570","","","","","","","399-3702","長野県上伊那郡飯島町飯島739","","","","","","","","","","","","","","","5100001021328","","","",""
"株式会社南北伸銅所","9312160181761","","","","","","","334-0062","埼玉県川口市大字榛松500","","","","","","","","","","","","","","","8011501008036","","","",""
"株式会社南木製作所","2528682807067","","","","","","","125-0063","東京都葛飾区白鳥三丁目15-10","","","","","","","","","","","","","","","7011801004751","","","",""
"有限会社南陽アルミ製作所","5007921274316","","","","","","","596-0803","大阪府岸和田市東大路町59-13","","","","","","","","","","","","","","","9120102021403","","","",""
"南陽マテリアル株式会社","6041840687364","","","","","","","432-8065","静岡県浜松市中央区高塚町1394-1","","","","","","","","","","","","","","","9080401014145","","","",""
"ナンリツ株式会社","3795702850873","","","","","","","761-8057","香川県高松市田村町89-1","","","","","","","","","","","","","","","7470001003114","","","",""
"新潟ダイカスト株式会社","8543243506332","","","","","","","959-0116","新潟県燕市新興野8-11","","","","","","","","","","","","","","","3110001016444","","","",""
"株式会社新高アルミニウム製作所","3247943451316","","","","","","","532-0033","大阪府大阪市淀川区新高三丁目4-43","","","","","","","","","","","","","","","2120001056077","","","",""
"株式会社西井製作所","9958083024946","","","","","","","736-0055","広島県安芸郡海田町南明神町1-17","","","","","","","","","","","","","","","1240001008315","","","",""
"ニシウチ株式会社","5171066067378","","","","","","","546-0002","大阪府大阪市東住吉区杭全二丁目1-4","","","","","","","","","","","","","","","6120001010666","","","",""
"西大阪製線株式会社","6341989571887","","","","","","","532-0035","大阪府大阪市淀川区三津屋南三丁目15-25","","","","","","","","","","","","","","","2120001057455","","","",""
"株式会社西尾製作所","7710125319384","","","","","","","116-0013","東京都荒川区西日暮里六丁目10-5","","","","","","","","","","","","","","","5011501008113","","","",""
"株式会社西機工","5511025095035","","","","","","","546-0002","大阪府大阪市東住吉区杭全一丁目17-19","","","","","","","","","","","","","","","6120001202858","","","",""
"西湖工業株式会社","8729629690695","","","","","","","300-0213","茨城県かすみがうら市牛渡5552-4","","","","","","","","","","","","","","","1050001009646","","","",""
"西田興産株式会社","9812278622827","","","","","","","791-8013","愛媛県松山市山越五丁目6-7","","","","","","","","","","","","","","","2500001003131","","","",""
"西出合金工業株式会社","7235860237180","","","","","","","557-0062","大阪府大阪市西成区津守二丁目2-2","","","","","","","","","","","","","","","8120001004030","","","",""
"株式会社ニシデン","3480408741464","","","","","","","134-0083","東京都江戸川区中葛西三丁目5-15","","","","","","","","","","","","","","","9011701006144","","","",""
"株式会社西電デンソー","5455286646525","","","","","","","870-0100","大分県大分市大字勢家843-43","","","","","","","","","","","","","","","9320001002046","","","",""
"有限会社西鳥羽ダイカスト工業所","4540337269641","","","","","","","339-0002","埼玉県さいたま市岩槻区大字裏慈恩寺1401-4","","","","","","","","","","","","","","","8030002021554","","","",""
"西日本電線株式会社","5314806149520","","","","","","","870-0100","大分県大分市大字駄原2899","","","","","","","","","","","","","","","1320001002193","","","",""
"株式会社ニシムラ金属","2442631930981","","","","","","","274-0805","千葉県船橋市二和東六丁目2-22","","","","","","","","","","","","","","","6040001024146","","","",""
"株式会社西村合金工業所","8262349592630","","","","","","","918-8173","福井県福井市下江尻町21-13-3","","","","","","","","","","","","","","","7210001002835","","","",""
"株式会社西村ダイカスト","4231541596341","","","","","","","350-1155","埼玉県川越市大字下赤坂68-9","","","","","","","","","","","","","","","9030001057400","","","",""
"株式会社西村鉄工所","3500821029164","","","","","","","756-0847","山口県山陽小野田市新沖三丁目1-24","","","","","","","","","","","","","","","5250001003872","","","",""
"株式会社西元技研工業","1627020836349","","","","","","","399-2566","長野県飯田市嶋150-1","","","","","","","","","","","","","","","7100001032513","","","",""
"株式会社西山金属","7348921955344","","","","","","","131-0042","東京都墨田区東墨田三丁目20-10","","","","","","","","","","","","","","","9010601043041","","","",""
"西山金属興業株式会社","2880784829026","","","","","","","120-0024","東京都足立区千住関屋町5-16","","","","","","","","","","","","","","","8011801010906","","","",""
"株式会社西山軽合金","9266702520360","","","","","","","577-0825","大阪府東大阪市大蓮南五丁目6-25","","","","","","","","","","","","","","","7122001005488","","","",""
"西山電気株式会社","6631546273510","","","","","","","111-0056","東京都台東区小島二丁目18-3","","","","","","","","","","","","","","","7010501009846","","","",""
"ニダック精密株式会社","9543678409721","","","","","","","979-2512","福島県相馬市柚木一ノ坪105-8","","","","","","","","","","","","","","","1380001016064","","","",""
"日合通信電線株式会社","8741428570939","","","","","","","518-0855","三重県伊賀市上野万町2175-1","","","","","","","","","","","","","","","3190001009928","","","",""
"有限会社日電鋼業","5210035216820","","","","","","","059-1365","北海道苫小牧市字植苗139-27","","","","","","","","","","","","","","","8430002060462","","","",""
"株式会社日南商事","3930903160205","","","","","","","244-0805","神奈川県横浜市戸塚区川上町658-2","","","","","","","","","","","","","","","8020001046941","","","",""
"株式会社日南製作所","7504962858298","","","","","","","410-2411","静岡県伊豆市熊坂870-1","","","","","","","","","","","","","","","3080101004872","","","",""
"株式会社日南製作所","1951478365326","","","","","","","577-0825","大阪府東大阪市大蓮南二丁目21-22","","","","","","","","","","","","","","","9122001027398","","","",""
"株式会社ニチフレ島根","7757665887687","","","","","","","690-3312","島根県飯石郡飯南町八神661","","","","","","","","","","","","","","","2280001005687","","","",""
"株式会社ニチフレ千草","2939453500352","","","","","","","671-3211","兵庫県宍粟市千種町岩野辺2038-1","","","","","","","","","","","","","","","7140001039109","","","",""
"日菱製管株式会社","5703207046299","","","","","","","375-0045","群馬県藤岡市金井笹曲輪13-3","","","","","","","","","","","","","","","6070001025570","","","",""
"日活電線製造株式会社","6126195375878","","","","","","","453-0856","愛知県名古屋市中村区並木二丁目83","","","","","","","","","","","","","","","9180001032124","","","",""
"ニッカル商工株式会社","3165676955723","","","","","","","140-0013","東京都品川区南大井三丁目24-5","","","","","","","","","","","","","","","5010701007494","","","",""
"株式会社ニッカン","6591307302777","","","","","","","421-3203","静岡県静岡市清水区蒲原161","","","","","","","","","","","","","","","4080001010243","","","",""
"株式会社日金","7323862959311","","","","","","","103-0021","東京都中央区日本橋本石町三丁目3-5","","","","","","","","","","","","","","","5010001033035","","","",""
"日軽エムシーアルミ株式会社","2906429441647","","","","","","","105-0004","東京都港区新橋一丁目1-13","","","","","","","","","","","","","","","7010001108330","","","",""
"日軽形材株式会社","3560847640885","","","","","","","716-0061","岡山県高梁市落合町阿部2100","","","","","","","","","","","","","","","2260001019391","","","",""
"日軽金アクト株式会社","7465703217872","","","","","","","105-0004","東京都港区新橋一丁目1-13 アーバンネット内幸町ビル","","","","","","","","","","","","","","","4010701013717","","","",""
"日軽金ＡＬＭＯ株式会社","1559406111407","","","","","","","105-0004","東京都港区新橋一丁目1-13 アーバンネット内幸町ビル","","","","","","","","","","","","","","","8080001010272","","","",""
"日軽メタル株式会社","7397524858092","","","","","","","460-0012","愛知県名古屋市中区千代田四丁目20-15","","","","","","","","","","","","","","","2180001039563","","","",""
"日研アルミニウム株式会社","4146996721315","","","","","","","143-0015","東京都大田区大森西一丁目8-9","","","","","","","","","","","","","","","7010801009307","","","",""
"有限会社日研工業","7474841932469","","","","","","","416-0946","静岡県富士市五貫島世帯割912","","","","","","","","","","","","","","","4080102014639","","","",""
"株式会社日研工業","5998897256313","","","","","","","722-1100","広島県世羅郡世羅町字津戸11074-4","","","","","","","","","","","","","","","3240001038946","","","",""
"株式会社日幸","3607803070798","","","","","","","400-0104","山梨県甲斐市龍地3086-1","","","","","","","","","","","","","","","6090002002344","","","",""
"株式会社日広アルマイト","9246365185829","","","","","","","422-8056","静岡県静岡市駿河区津島町14-32","","","","","","","","","","","","","","","9080001003969","","","",""
"日工機械工事株式会社","1519244189297","","","","","","","804-0001","福岡県北九州市戸畑区飛幡町2-2 飛幡ビル","","","","","","","","","","","","","","","8290801002778","","","",""
"日光金属株式会社","5177291671414","","","","","","","577-0848","大阪府東大阪市岸田堂西二丁目8-18","","","","","","","","","","","","","","","3122001005979","","","",""
"日興金属株式会社","8854435353056","","","","","","","125-0002","東京都葛飾区西亀有三丁目25-18","","","","","","","","","","","","","","","9011801003743","","","",""
"株式会社日光商会","1945352933189","","","","","","","140-0004","東京都品川区南品川四丁目9-5","","","","","","","","","","","","","","","5010701007404","","","",""
"日広実業株式会社","6331878525611","","","","","","","421-0212","静岡県焼津市利右衛門2850","","","","","","","","","","","","","","","9080001015551","","","",""
"株式会社日興製作所","2390486660354","","","","","","","140-0011","東京都品川区東大井二丁目13-8","","","","","","","","","","","","","","","2010801009294","","","",""
"有限会社日興ダイカスト工業","4794046433407","","","","","","","673-1423","兵庫県加東市東古瀬861-8","","","","","","","","","","","","","","","6140002061228","","","",""
"株式会社日興電化工業所","9658846190789","","","","","","","547-0001","大阪府大阪市平野区加美北五丁目5-41","","","","","","","","","","","","","","","7120001018403","","","",""
"日興電線株式会社","6372211344648","","","","","","","206-0802","東京都稲城市東長沼1721-5","","","","","","","","","","","","","","","2013401002041","","","",""
"日興電線工業株式会社","4447578237316","","","","","","","581-0039","大阪府八尾市太田新町八丁目131-2","","","","","","","","","","","","","","","4122001019615","","","",""
"株式会社日興薬品","7099083351311","","","","","","","034-0051","青森県十和田市大字伝法寺葉ノ木沢46-2","","","","","","","","","","","","","","","2420001012223","","","",""
"ニッコー・ファインメック株式会社","6407567012308","","","","","","","029-1111","岩手県一関市千厩町奥玉天ケ森75-6","","","","","","","","","","","","","","","8400501000541","","","",""
"株式会社日三鋳造所","1144507909582","","","","","","","334-0002","埼玉県川口市鳩ヶ谷本町一丁目3-12","","","","","","","","","","","","","","","7030001076658","","","",""
"株式会社ニッショウ","9209518093692","","","","","","","136-0076","東京都江東区南砂五丁目2-2","","","","","","","","","","","","","","","9010601025485","","","",""
"日章金属興業有限会社","9847191612865","","","","","","","639-2162","奈良県葛城市尺土268-4","","","","","","","","","","","","","","","7150002009233","","","",""
"日章金属工業株式会社","1442698664167","","","","","","","562-0035","大阪府箕面市船場東一丁目8-16","","","","","","","","","","","","","","","3120901021889","","","",""
"株式会社日章製作所","9723269691250","","","","","","","252-1125","神奈川県綾瀬市吉岡東五丁目5-18","","","","","","","","","","","","","","","7021001027552","","","",""
"日新金属株式会社","2628640511979","","","","","","","124-0022","東京都葛飾区奥戸四丁目14-12","","","","","","","","","","","","","","","4011801003772","","","",""
"日進金属株式会社","3862099435120","","","","","","","340-0822","埼玉県八潮市大字大瀬179-1","","","","","","","","","","","","","","","6030001036258","","","",""
"日新鋼業株式会社","4999874005975","","","","","","","582-0020","大阪府柏原市片山町12-6","","","","","","","","","","","","","","","7122001021122","","","",""
"株式会社日新工業所","4247741120512","","","","","","","950-0821","新潟県新潟市東区岡山1300","","","","","","","","","","","","","","","9110002005077","","","",""
"日進産業株式会社","1677172106944","","","","","","","580-0006","大阪府松原市大堀一丁目7-30","","","","","","","","","","","","","","","9120101025529","","","",""
"日新精機株式会社","4773241295910","","","","","","","354-0043","埼玉県入間郡三芳町大字竹間沢78-1","","","","","","","","","","","","","","","7030001057393","","","",""
"有限会社ニッシンテクノ","2172345865603","","","","","","","501-3924","岐阜県関市迫間2417-1","","","","","","","","","","","","","","","6200002007967","","","",""
"日進電化工業株式会社","7095507713309","","","","","","","536-0021","大阪府大阪市城東区諏訪一丁目18-34","","","","","","","","","","","","","","","3120001015866","","","",""
"株式会社日伸電工","7714633163214","","","","","","","679-4152","兵庫県たつの市揖保町中臣671-1","","","","","","","","","","","","","","","2140001038453","","","",""
"株式会社ニッセイ","3074233104096","","","","","","","444-1225","愛知県安城市和泉町井ノ上1-1","","","","","","","","","","","","","","","2180301013193","","","",""
"日静金属株式会社","7157125619289","","","","","","","422-8004","静岡県静岡市駿河区国吉田三丁目2-11","","","","","","","","","","","","","","","7080001003995","","","",""
"日誠金属株式会社","4684535303707","","","","","","","132-0033","東京都江戸川区東小松川四丁目32-5","","","","","","","","","","","","","","","3011701006216","","","",""
"株式会社日成工業所","6791848535524","","","","","","","511-0261","三重県いなべ市大安町丹生川上488-1","","","","","","","","","","","","","","","4190001013029","","","",""
"日星電機株式会社","6214212717282","","","","","","","311-4204","茨城県水戸市田谷町1930","","","","","","","","","","","","","","","5050001001938","","","",""
"日星電気株式会社","2851822084728","","","","","","","432-8006","静岡県浜松市中央区大久保町1509","","","","","","","","","","","","","","","5080401003894","","","",""
"株式会社日線産業所","4067590818303","","","","","","","319-1414","茨城県日立市日高町二丁目13-11","","","","","","","","","","","","","","","1050001023580","","","",""
"日曹金属化学株式会社","6460106578700","","","","","","","103-0026","東京都中央区日本橋兜町21-7 HF日本橋兜町ビルディング4階","","","","","","","","","","","","","","","9010501017459","","","",""
"株式会社新田鉄工所","1167177998997","","","","","","","720-0202","広島県福山市鞆町後地白茅26-174","","","","","","","","","","","","","","","6240001031626","","","",""
"有限会社新田電線工業","7448679985568","","","","","","","190-1201","東京都西多摩郡瑞穂町大字二本木東樽の口435-15","","","","","","","","","","","","","","","8013102003028","","","",""
"日鉄関西マシニング株式会社","6475000659581","","","","","","","554-0024","大阪府大阪市此花区島屋五丁目1-109","","","","","","","","","","","","","","","3170001005004","","","",""
"日鉄直江津チタン株式会社","7442424488963","","","","","","","942-0011","新潟県上越市港町二丁目12-1","","","","","","","","","","","","","","","2110001029273","","","",""
"日東アルミ株式会社","3715778368763","","","","","","","708-1214","岡山県津山市上野田294-1","","","","","","","","","","","","","","","6260001028240","","","",""
"ニットウ金属株式会社","8852676188214","","","","","","","470-2102","愛知県知多郡東浦町大字緒川八巻46-4","","","","","","","","","","","","","","","9180001092845","","","",""
"日東工業株式会社","6276125476360","","","","","","","581-0801","大阪府八尾市山城町二丁目1-7 506号","","","","","","","","","","","","","","","7120001012884","","","",""
"有限会社日東工作所","7574001543012","","","","","","","630-0115","奈良県生駒市鹿畑町1601","","","","","","","","","","","","","","","5150002004236","","","",""
"日東電機工業株式会社","5117956567187","","","","","","","824-0035","福岡県行橋市東泉一丁目1-14","","","","","","","","","","","","","","","3290801016080","","","",""
"有限会社日東電機工業所","3850642128179","","","","","","","346-0002","埼玉県久喜市野久喜112-1","","","","","","","","","","","","","","","7030002038269","","","",""
"株式会社日東電機商会","1959993713780","","","","","","","350-1103","埼玉県川越市霞ケ関東二丁目2-9","","","","","","","","","","","","","","","5013301009613","","","",""
"日東電線株式会社","9318852887741","","","","","","","116-0012","東京都荒川区東尾久八丁目41-7","","","","","","","","","","","","","","","3011501008197","","","",""
"日東電線工業株式会社","2950586765556","","","","","","","306-0632","茨城県坂東市辺田1403-1","","","","","","","","","","","","","","","7050001014475","","","",""
"株式会社ニツパー商会","6645521775216","","","","","","","221-0003","神奈川県横浜市神奈川区大口仲町53-2","","","","","","","","","","","","","","","4020001024018","","","",""
"株式会社日豊電線","9457937851281","","","","","","","661-0962","兵庫県尼崎市額田町4-15","","","","","","","","","","","","","","","5140001053631","","","",""
"日本アトマイズ加工株式会社","3930539530850","","","","","","","278-0015","千葉県野田市西三ケ尾87-16","","","","","","","","","","","","","","","8040001071780","","","",""
"日本金属株式会社","5222761111704","","","","","","","105-0021","東京都港区東新橋二丁目3-14 エディフィチオトーコー3F","","","","","","","","","","","","","","","6010401022545","","","",""
"日本軽金属株式会社","4856939888475","","","","","","","105-0004","東京都港区新橋一丁目1-13 アーバンネット内幸町ビル","","","","","","","","","","","","","","","2010701007662","","","",""
"日本磁力選鉱株式会社","7012375678679","","","","","","","802-0077","福岡県北九州市小倉北区馬借三丁目6-42","","","","","","","","","","","","","","","4290801002880","","","",""
"日本精線株式会社","7426898587509","","","","","","","541-0043","大阪府大阪市中央区高麗橋四丁目1-1","","","","","","","","","","","","","","","2120001093269","","","",""
"日本製線株式会社","2906056819144","","","","","","","105-0004","東京都港区新橋二丁目20-15 新橋駅前ビル1号館5F","","","","","","","","","","","","","","","1010401022673","","","",""
"日本造機株式会社","7303189499341","","","","","","","510-0836","三重県四日市市松本五丁目3-34","","","","","","","","","","","","","","","9190001015887","","","",""
"合資会社日本ダイカスト工業所","7373861692439","","","","","","","454-0004","愛知県名古屋市中川区西日置二丁目10-6","","","","","","","","","","","","","","","6180003002689","","","",""
"日本鋳造株式会社","5812998269306","","","","","","","210-0857","神奈川県川崎市川崎区白石町2-1","","","","","","","","","","","","","","","8020001074100","","","",""
"株式会社日本ピージーエム","4343302740488","","","","","","","101-0021","東京都千代田区外神田四丁目14-1 秋葉原UDXビル22階","","","","","","","","","","","","","","","9010001033601","","","",""
"日本レードル工業株式会社","4808955216691","","","","","","","533-0004","大阪府大阪市東淀川区小松五丁目1-9","","","","","","","","","","","","","","","8120001053325","","","",""
"有限会社二宮製作所","8426550452096","","","","","","","272-0816","千葉県市川市本北方三丁目12-11","","","","","","","","","","","","","","","5040002035837","","","",""
"二宮電線工業株式会社","5537355760137","","","","","","","252-0206","神奈川県相模原市中央区淵野辺二丁目15-16","","","","","","","","","","","","","","","4021001039856","","","",""
"株式会社ニーフテック","7601969540371","","","","","","","641-0007","和歌山県和歌山市小雑賀三丁目7-7","","","","","","","","","","","","","","","4170001002470","","","",""
"日本圧延工業株式会社","4869364090478","","","","","","","527-0102","滋賀県東近江市平柳町514","","","","","","","","","","","","","","","7160001019265","","","",""
"日本圧研スエーヂ工業有限会社","9720521030624","","","","","","","273-0853","千葉県船橋市金杉三丁目19-7","","","","","","","","","","","","","","","4040002026580","","","",""
"日本アドバンスロール株式会社","1872516336415","","","","","","","312-0034","茨城県ひたちなか市大字堀口832-2","","","","","","","","","","","","","","","5050001043823","","","",""
"日本アプティブコネクションシステムズサービシス株式会社","6348917741044","","","","","","","222-0033","神奈川県横浜市港北区新横浜三丁目17-6 イノテックビル","","","","","","","","","","","","","","","3010701025028","","","",""
"日本アマゾンアルミニウム株式会社","4021184025106","","","","","","","103-0022","東京都中央区日本橋室町三丁目4-7 ヒューリック日本橋室町ビル","","","","","","","","","","","","","","","5010001061754","","","",""
"株式会社日本アルマー","7827795483822","","","","","","","579-8014","大阪府東大阪市中石切町六丁目2-6","","","","","","","","","","","","","","","3122001008635","","","",""
"日本アルミット株式会社","8200871337251","","","","","","","164-0013","東京都中野区弥生町二丁目14-2","","","","","","","","","","","","","","","3011201004067","","","",""
"日本エアロフォージ株式会社","3216215856360","","","","","","","713-8103","岡山県倉敷市玉島乙島新湊8264-7","","","","","","","","","","","","","","","6010001137735","","","",""
"日本エレクトリゾーラ株式会社","6276740556601","","","","","","","243-0018","神奈川県厚木市中町三丁目11-18","","","","","","","","","","","","","","","4021001020254","","","",""
"日本エレパーツ株式会社","4630445295556","","","","","","","144-0056","東京都大田区西六郷四丁目14-2","","","","","","","","","","","","","","","1010801020632","","","",""
"日本海商事株式会社","5145506173696","","","","","","","930-0834","富山県富山市問屋町一丁目1-1","","","","","","","","","","","","","","","9230001002294","","","",""
"日本海精錬株式会社","7312411217166","","","","","","","625-0035","京都府舞鶴市字溝尻60-5 クラウンビル3階","","","","","","","","","","","","","","","1130001043570","","","",""
"日本海電化鋳造株式会社","1559740714753","","","","","","","920-0811","石川県金沢市小坂町中18-4","","","","","","","","","","","","","","","5220001005087","","","",""
"日本核燃料開発株式会社","3439544693858","","","","","","","311-1313","茨城県東茨城郡大洗町成田町2163","","","","","","","","","","","","","","","4050001007242","","","",""
"日本カールコード工業株式会社","3744720730295","","","","","","","361-0025","埼玉県行田市大字埼玉4176-5","","","","","","","","","","","","","","","5030001088291","","","",""
"日本キャスト工作株式会社","3068744840919","","","","","","","382-0902","長野県須坂市大字日滝1637","","","","","","","","","","","","","","","3100001028820","","","",""
"日本クーラー株式会社","8071311539423","","","","","","","663-8243","兵庫県西宮市津門大箇町3-21","","","","","","","","","","","","","","","4140001069793","","","",""
"日本原燃株式会社","8047201562026","","","","","","","039-3212","青森県上北郡六ヶ所村大字尾駮沖付4-108","","","","","","","","","","","","","","","4420001011339","","","",""
"日本原燃分析株式会社","2335669309065","","","","","","","039-3212","青森県上北郡六ヶ所村大字尾駮野附1-35","","","","","","","","","","","","","","","2420001012066","","","",""
"株式会社ニホンゲンマ","6423449767596","","","","","","","532-0032","大阪府大阪市淀川区三津屋北二丁目16-4","","","","","","","","","","","","","","","7120001057608","","","",""
"株式会社日本合金","8560101269852","","","","","","","243-0217","神奈川県厚木市三田南二丁目5-1","","","","","","","","","","","","","","","3021001020255","","","",""
"日本伸管株式会社","9736152178032","","","","","","","352-0005","埼玉県新座市中野一丁目10-22","","","","","","","","","","","","","","","8030001046024","","","",""
"日本新金属株式会社","6975801439766","","","","","","","561-0829","大阪府豊中市千成町一丁目6-64","","","","","","","","","","","","","","","1120901025017","","","",""
"日本伸銅株式会社","2315000474814","","","","","","","590-0908","大阪府堺市堺区匠町20-1","","","","","","","","","","","","","","","1120101008623","","","",""
"日本重化学工業株式会社","8765855798619","","","","","","","103-0025","東京都中央区日本橋茅場町二丁目12-10 PMOEX日本橋茅場町10F・11F","","","","","","","","","","","","","","","8010001034988","","","",""
"株式会社日本スペリア社","6734229034015","","","","","","","564-0063","大阪府吹田市江坂町一丁目16-15","","","","","","","","","","","","","","","1120901007873","","","",""
"日本精鉱株式会社","8276635488515","","","","","","","162-0822","東京都新宿区下宮比町3-2","","","","","","","","","","","","","","","2011101016386","","","",""
"日本青銅株式会社","2280637788865","","","","","","","116-0014","東京都荒川区東日暮里二丁目14-8","","","","","","","","","","","","","","","6011501008062","","","",""
"日本精密金型株式会社","3018475739958","","","","","","","332-0031","埼玉県川口市青木三丁目2-3","","","","","","","","","","","","","","","5030001076536","","","",""
"日本積層造形株式会社","6369826307812","","","","","","","985-0874","宮城県多賀城市八幡一本柳3-8","","","","","","","","","","","","","","","9010001187141","","","",""
"日本台塑勝高株式会社","8435761014815","","","","","","","849-4256","佐賀県伊万里市山代町久原1-52","","","","","","","","","","","","","","","1300001009918","","","",""
"日本耐熱線工業株式会社","7813418961648","","","","","","","211-0067","神奈川県川崎市中原区今井上町12-2","","","","","","","","","","","","","","","3020001074105","","","",""
"株式会社日本ダイカスト工業所","2486330162445","","","","","","","570-0012","大阪府守口市大久保町四丁目30-11","","","","","","","","","","","","","","","6120001148432","","","",""
"日本蓄電器工業株式会社","7826014507944","","","","","","","197-0013","東京都福生市武蔵野台一丁目23-1","","","","","","","","","","","","","","","4013101000277","","","",""
"日本鋳銅株式会社","6385193602688","","","","","","","105-0001","東京都港区虎ノ門二丁目10-4","","","","","","","","","","","","","","","7010001133659","","","",""
"日本データマテリアル株式会社","2872673562515","","","","","","","299-0107","千葉県市原市姉崎海岸82-1","","","","","","","","","","","","","","","8040001054430","","","",""
"日本電設資材株式会社","6187864167456","","","","","","","570-0021","大阪府守口市八雲東町二丁目47-22","","","","","","","","","","","","","","","3120001072932","","","",""
"日本電測株式会社","5089825290518","","","","","","","532-0031","大阪府大阪市淀川区加島三丁目3-13","","","","","","","","","","","","","","","3120001059418","","","",""
"日本特殊鋳造株式会社","3048875728823","","","","","","","339-0003","埼玉県さいたま市岩槻区大字小溝693-12","","","","","","","","","","","","","","","8030001018923","","","",""
"株式会社日本特殊管製作所","3484826005788","","","","","","","584-0015","大阪府富田林市西条町二丁目3625","","","","","","","","","","","","","","","2120101031095","","","",""
"日本ハイボルテージケーブル株式会社","1318674435938","","","","","","","293-0011","千葉県富津市新富42-1","","","","","","","","","","","","","","","9040001052417","","","",""
"ニホンハンダ株式会社","4407354925284","","","","","","","130-0013","東京都墨田区錦糸一丁目2-1 アルカセントラル16階","","","","","","","","","","","","","","","8010601014712","","","",""
"日本ビニールコード株式会社","6499833617328","","","","","","","192-0154","東京都八王子市下恩方町424-6","","","","","","","","","","","","","","","9010101002927","","","",""
"株式会社日本フィラーメタルズ","3779469874439","","","","","","","270-0203","千葉県野田市関宿元町487","","","","","","","","","","","","","","","2040001071687","","","",""
"日本フェンス株式会社","1424647014471","","","","","","","453-0855","愛知県名古屋市中村区烏森町七丁目330-2","","","","","","","","","","","","","","","3180001063018","","","",""
"日本フォトケミカル株式会社","6497579349850","","","","","","","299-4403","千葉県長生郡睦沢町上市場1831","","","","","","","","","","","","","","","1040001059857","","","",""
"株式会社日本フラックス","6906533446663","","","","","","","155-0032","東京都世田谷区代沢五丁目7-7","","","","","","","","","","","","","","","9010901009114","","","",""
"日本プレシジョンキャスチング株式会社","8894029368767","","","","","","","297-0143","千葉県長生郡長南町美原台1-5","","","","","","","","","","","","","","","4040001058996","","","",""
"日本マテリアル株式会社","5024798047965","","","","","","","101-0021","東京都千代田区外神田五丁目3-2 日本マテリアルビル","","","","","","","","","","","","","","","1010501010603","","","",""
"株式会社日本理化エレクトリックワイヤー","5546048876167","","","","","","","140-0014","東京都品川区大井一丁目20-6","","","","","","","","","","","","","","","4012301002612","","","",""
"日本リサイクルセンター株式会社","4223063139002","","","","","","","530-0047","大阪府大阪市北区西天満六丁目3-19","","","","","","","","","","","","","","","1120001073032","","","",""
"ニューアロイ株式会社","2643411182771","","","","","","","441-0153","愛知県豊橋市新西浜町1","","","","","","","","","","","","","","","5180301009131","","","",""
"株式会社ニューテック","5652768441170","","","","","","","955-0823","新潟県三条市東本成寺1558-1","","","","","","","","","","","","","","","7110001016663","","","",""
"株式会社ニューテックス","9039507350133","","","","","","","354-0021","埼玉県富士見市大字鶴馬2616-3","","","","","","","","","","","","","","","6030001054128","","","",""
"韮崎興産株式会社","9226731423096","","","","","","","407-0035","山梨県韮崎市大草町下條西割1200","","","","","","","","","","","","","","","5090001011157","","","",""
"仁礼工業株式会社","6675925423691","","","","","","","190-0033","東京都立川市一番町四丁目63-8","","","","","","","","","","","","","","","5012801001311","","","",""
"丹羽鋳造株式会社","1905439033420","","","","","","","501-3219","岐阜県関市のぞみケ丘11-1","","","","","","","","","","","","","","","3200001004101","","","",""
"株式会社二和電機製作所","2340544787426","","","","","","","571-0015","大阪府門真市三ツ島五丁目8-31","","","","","","","","","","","","","","","4120001157939","","","",""
"沼津熔銅株式会社","9803528042299","","","","","","","428-0014","静岡県島田市金谷泉町21-1","","","","","","","","","","","","","","","7080001014191","","","",""
"株式会社ネオトロン","5693842873061","","","","","","","152-0002","東京都目黒区目黒本町五丁目19-2","","","","","","","","","","","","","","","9013201004512","","","",""
"ネオプラス株式会社","2686609743569","","","","","","","590-0504","大阪府泉南市信達市場1689-1","","","","","","","","","","","","","","","2120101044337","","","",""
"根岸電材株式会社","3378616206996","","","","","","","161-0032","東京都新宿区中落合四丁目3-2","","","","","","","","","","","","","","","7011101016935","","","",""
"有限会社根本金属精錬所","2013170271233","","","","","","","131-0042","東京都墨田区東墨田三丁目12-13","","","","","","","","","","","","","","","9010602013737","","","",""
"株式会社練馬工業","1523580526153","","","","","","","369-1503","埼玉県秩父市下吉田7154","","","","","","","","","","","","","","","3030001135194","","","",""
"有限会社苗加製作所","6192989337404","","","","","","","933-0344","富山県高岡市笹川2904","","","","","","","","","","","","","","","6230002011751","","","",""
"株式会社能作","5326817749835","","","","","","","939-1119","富山県高岡市オフィスパーク8-1","","","","","","","","","","","","","","","3230001011375","","","",""
"野木鋳造株式会社","4184146220117","","","","","","","411-0823","静岡県三島市御園31-5","","","","","","","","","","","","","","","5080101006066","","","",""
"有限会社野口工場","9624160728623","","","","","","","136-0071","東京都江東区亀戸七丁目50-12","","","","","","","","","","","","","","","4010602004492","","","",""
"野口合金有限会社","5685021915237","","","","","","","598-0007","大阪府泉佐野市上町一丁目11-13","","","","","","","","","","","","","","","7120102023855","","","",""
"株式会社野口鉄工","5776418583056","","","","","","","368-0005","埼玉県秩父市大野原1412","","","","","","","","","","","","","","","5030001090900","","","",""
"株式会社野尻金属","7522766133136","","","","","","","969-6207","福島県大沼郡会津美里町字宮里21","","","","","","","","","","","","","","","1380001017715","","","",""
"野尻電線工業株式会社","1164326864704","","","","","","","577-0807","大阪府東大阪市菱屋西六丁目8-15","","","","","","","","","","","","","","","5122001005845","","","",""
"株式会社ノースフィールド","5402254150876","","","","","","","969-0303","福島県白河市大信下小屋沢入78","","","","","","","","","","","","","","","8380001010936","","","",""
"有限会社望","1596980910968","","","","","","","341-0037","埼玉県三郷市高州三丁目16-1","","","","","","","","","","","","","","","9030002049561","","","",""
"株式会社野田製作所","6709250779459","","","","","","","675-2303","兵庫県加西市北条町古坂888","","","","","","","","","","","","","","","3140001076403","","","",""
"株式会社ノトアロイ","1177114273350","","","","","","","925-0375","石川県羽咋郡志賀町若葉台26","","","","","","","","","","","","","","","1220001015874","","","",""
"野中伸建株式会社","5534395757958","","","","","","","509-0314","岐阜県加茂郡川辺町福島505-1","","","","","","","","","","","","","","","9200001017502","","","",""
"有限会社伸旭工業","8439247530636","","","","","","","939-0275","富山県射水市八塚431","","","","","","","","","","","","","","","7230002014118","","","",""
"株式会社野村電線","3426670728006","","","","","","","120-0023","東京都足立区千住曙町5-11","","","","","","","","","","","","","","","1011801011118","","","",""
"株式会社ハイキャスト","4822687391981","","","","","","","173-0014","東京都板橋区大山東町38-8","","","","","","","","","","","","","","","8011401005174","","","",""
"株式会社ハイテック","1524700255109","","","","","","","387-0023","長野県千曲市大字八幡1122-5","","","","","","","","","","","","","","","6100001006427","","","",""
"ハイドロアルミニウムジャパン株式会社","2746170920646","","","","","","","104-0028","東京都中央区八重洲二丁目2-1","","","","","","","","","","","","","","","7010001065877","","","",""
"株式会社ハイレックス関東","6084085273083","","","","","","","297-0074","千葉県茂原市小林1523","","","","","","","","","","","","","","","9040001059123","","","",""
"ハウメット・システムズ・ジャパン株式会社","3748371719905","","","","","","","101-0052","東京都千代田区神田小川町三丁目1-5 須田ビル7階","","","","","","","","","","","","","","","1010001070552","","","",""
"博多アルミニウム工業株式会社","9629378932400","","","","","","","812-0897","福岡県福岡市博多区半道橋二丁目6-14","","","","","","","","","","","","","","","8290001015639","","","",""
"株式会社羽賀鋳工所","9305598225561","","","","","","","960-0631","福島県伊達市保原町中瀬畑合2","","","","","","","","","","","","","","","5380001003199","","","",""
"株式会社ハギオ","7722451228876","","","","","","","437-1601","静岡県御前崎市上朝比奈4048-2","","","","","","","","","","","","","","","5080401020452","","","",""
"萩原部品株式会社","2379374661908","","","","","","","370-0084","群馬県高崎市菊地町386","","","","","","","","","","","","","","","9070001008069","","","",""
"箔一産業株式会社","3184729635722","","","","","","","920-0377","石川県金沢市打木町東1340","","","","","","","","","","","","","","","3220001005270","","","",""
"株式会社白山","4760508315439","","","","","","","920-8203","石川県金沢市鞍月二丁目2 石川県繊維会館1F","","","","","","","","","","","","","","","4013301021866","","","",""
"橋本金属工業株式会社","2216311953179","","","","","","","532-0021","大阪府大阪市淀川区田川北二丁目5-13 701","","","","","","","","","","","","","","","1120001057720","","","",""
"橋本軽金株式会社","9125410723034","","","","","","","174-0061","東京都板橋区大原町37-6","","","","","","","","","","","","","","","5011401005235","","","",""
"橋本興産株式会社","1697158864950","","","","","","","850-0876","長崎県長崎市賑町7-10","","","","","","","","","","","","","","","5310001001746","","","",""
"株式会社橋本合金","7063768243217","","","","","","","925-0000","石川県羽咋市兵庫町タ14-5","","","","","","","","","","","","","","","3220001016111","","","",""
"橋本産業株式会社","1912230209075","","","","","","","544-0004","大阪府大阪市生野区巽北二丁目3-5","","","","","","","","","","","","","","","8120001018484","","","",""
"橋元商事株式会社","2841653520049","","","","","","","101-0025","東京都千代田区神田佐久間町二丁目7 第六東ビル6F","","","","","","","","","","","","","","","6010001068492","","","",""
"橋本鋳造工業株式会社","5691338919673","","","","","","","595-0804","大阪府泉北郡忠岡町馬瀬三丁目3-27","","","","","","","","","","","","","","","8120101042789","","","",""
"株式会社橋本鋳造所","4420359981601","","","","","","","143-0003","東京都大田区京浜島二丁目19-10","","","","","","","","","","","","","","","4010801009697","","","",""
"橋本鉄工株式会社","6804016694494","","","","","","","601-8362","京都府京都市南区吉祥院長田町592","","","","","","","","","","","","","","","6130001011465","","","",""
"有限会社蓮沼アルマイト工業所","4051301771025","","","","","","","121-0836","東京都足立区入谷九丁目1-10","","","","","","","","","","","","","","","2011802017278","","","",""
"株式会社長谷川製作所","8173853808909","","","","","","","131-0041","東京都墨田区八広四丁目21-15","","","","","","","","","","","","","","","2010601051554","","","",""
"株式会社ハセガワ製作所","2803028917067","","","","","","","453-0849","愛知県名古屋市中村区稲西町48","","","","","","","","","","","","","","","4180001047052","","","",""
"長谷川鉄建工業株式会社","3553248518304","","","","","","","041-0834","北海道函館市東山町143-87","","","","","","","","","","","","","","","6440001001807","","","",""
"長谷金属工業株式会社","5178674673253","","","","","","","396-0401","長野県伊那市長谷非持1088","","","","","","","","","","","","","","","9100001020862","","","",""
"株式会社ハタ研削","6170008836605","","","","","","","399-8303","長野県安曇野市穂高8183-2","","","","","","","","","","","","","","","5100001014991","","","",""
"株式会社畑合金","5859453715210","","","","","","","721-0956","広島県福山市箕沖町88","","","","","","","","","","","","","","","9240001046002","","","",""
"株式会社羽田合金","9108264751404","","","","","","","924-0011","石川県白山市横江町1843-9","","","","","","","","","","","","","","","5220001009336","","","",""
"畑ダイカスト工業株式会社","8012150126219","","","","","","","579-8013","大阪府東大阪市西石切町六丁目3-39","","","","","","","","","","","","","","","9122001006195","","","",""
"合資会社波多野製作所","4817672516067","","","","","","","489-0885","愛知県瀬戸市萩殿町三丁目81","","","","","","","","","","","","","","","4180003010446","","","",""
"秦野パイプセンター株式会社","9234401271363","","","","","","","257-0015","神奈川県秦野市平沢65","","","","","","","","","","","","","","","2021001022756","","","",""
"畑山アルミ合金株式会社","7425898210755","","","","","","","933-0834","富山県高岡市蔵野町41","","","","","","","","","","","","","","","7230001010704","","","",""
"八戸製錬株式会社","4545618640054","","","","","","","141-0032","東京都品川区大崎一丁目11-1","","","","","","","","","","","","","","","8010701011403","","","",""
"八八特殊金属株式会社","5174281555949","","","","","","","579-8021","大阪府東大阪市額田町1-35","","","","","","","","","","","","","","","4122001006209","","","",""
"株式会社ハチマル","9626991687766","","","","","","","421-0524","静岡県牧之原市須々木852","","","","","","","","","","","","","","","8080001013705","","","",""
"白光金属工業株式会社","2347101644001","","","","","","","592-8335","大阪府堺市西区浜寺石津町東一丁1-23","","","","","","","","","","","","","","","9120101005761","","","",""
"八光産業株式会社","6369880138337","","","","","","","577-0848","大阪府東大阪市岸田堂西一丁目2-18","","","","","","","","","","","","","","","8122001005958","","","",""
"株式会社八光電機","2753624783141","","","","","","","389-0806","長野県千曲市大字磯部1486","","","","","","","","","","","","","","","5100001006295","","","",""
"服部ダイカスト工業株式会社","8264699605227","","","","","","","471-0052","愛知県豊田市逢妻町五丁目20-1","","","","","","","","","","","","","","","1180301019142","","","",""
"株式会社ハーテック","7169081025429","","","","","","","462-0037","愛知県名古屋市北区志賀町五丁目22","","","","","","","","","","","","","","","7180001057593","","","",""
"有限会社ハトリ商店","2932511808101","","","","","","","440-0033","愛知県豊橋市東岩田三丁目6-8","","","","","","","","","","","","","","","5180302011160","","","",""
"株式会社ハードコート","9181853297986","","","","","","","353-0001","埼玉県志木市上宗岡二丁目18-7","","","","","","","","","","","","","","","6030001045457","","","",""
"株式会社羽田精光","6306862825199","","","","","","","144-0043","東京都大田区羽田六丁目22-13","","","","","","","","","","","","","","","2010802011621","","","",""
"羽田電線株式会社","4277352937823","","","","","","","015-0083","秋田県由利本荘市滝ノ沢新岡崎40","","","","","","","","","","","","","","","6020001069993","","","",""
"有限会社羽曳野ダイカスト製作所","6021597360046","","","","","","","583-0844","大阪府羽曳野市壺井82-1","","","","","","","","","","","","","","","9120102018283","","","",""
"浜北工業株式会社","8100782973754","","","","","","","434-0016","静岡県浜松市浜名区根堅1066","","","","","","","","","","","","","","","1080401010341","","","",""
"有限会社浜ダイカスト","3343790921935","","","","","","","391-0013","長野県茅野市宮川4257","","","","","","","","","","","","","","","4100002030304","","","",""
"株式会社ハマダ合金","3449451558551","","","","","","","561-0835","大阪府豊中市庄本町三丁目8-16","","","","","","","","","","","","","","","6120901025284","","","",""
"浜名軽合金有限会社","9692287028429","","","","","","","433-8109","静岡県浜松市中央区花川町158-3","","","","","","","","","","","","","","","5080402006491","","","",""
"株式会社浜野圧延工業","1695527488780","","","","","","","597-0093","大阪府貝塚市二色中町6-12","","","","","","","","","","","","","","","1120101038380","","","",""
"ハマノ電気株式会社","9306763422640","","","","","","","157-0062","東京都世田谷区南烏山六丁目37-2","","","","","","","","","","","","","","","5013201004739","","","",""
"有限会社浜松アルミ","2099628185324","","","","","","","435-0041","静岡県浜松市中央区北島町841-4","","","","","","","","","","","","","","","4080402006071","","","",""
"株式会社ハヤカワキャスティング","8946698892432","","","","","","","311-3801","茨城県行方市行方2053","","","","","","","","","","","","","","","8050001021339","","","",""
"有限会社早川ダイカスト工業所","7282324726192","","","","","","","496-0915","愛知県愛西市本部田町狭場23","","","","","","","","","","","","","","","1180002090310","","","",""
"株式会社早川ダット工場","4698974789445","","","","","","","191-0002","東京都日野市新町五丁目6-13","","","","","","","","","","","","","","","5013401000612","","","",""
"株式会社ハヤカワフォージング","6539248806218","","","","","","","363-0026","埼玉県桶川市大字上日出谷1230","","","","","","","","","","","","","","","5030001042273","","","",""
"有限会社早坂精錬所","3480167541651","","","","","","","174-0041","東京都板橋区舟渡一丁目13-10 1906号","","","","","","","","","","","","","","","6011802017431","","","",""
"株式会社ハヤシ","5871668882776","","","","","","","577-0837","大阪府東大阪市寿町三丁目9-4","","","","","","","","","","","","","","","2122001006326","","","",""
"株式会社林兼合金鋳工所","7331876732039","","","","","","","660-0858","兵庫県尼崎市築地二丁目12-31","","","","","","","","","","","","","","","7140001050833","","","",""
"株式会社林金属工業所","2435249408472","","","","","","","592-8331","大阪府堺市西区築港新町三丁27","","","","","","","","","","","","","","","8120001050446","","","",""
"林興業有限会社","6235477895405","","","","","","","455-0863","愛知県名古屋市港区新茶屋四丁目2904","","","","","","","","","","","","","","","3180002060559","","","",""
"株式会社林工業","8510707800687","","","","","","","474-0052","愛知県大府市長草町田面42-1","","","","","","","","","","","","","","","4180001092676","","","",""
"有限会社林細線工場","8761873008734","","","","","","","124-0011","東京都葛飾区四つ木二丁目18-19","","","","","","","","","","","","","","","6011802006285","","","",""
"株式会社林田金属","8277762820265","","","","","","","854-0063","長崎県諫早市貝津町1204-38","","","","","","","","","","","","","","","1310001008885","","","",""
"株式会社林田砲金所","5503889430538","","","","","","","959-1234","新潟県燕市南四丁目1-10","","","","","","","","","","","","","","","2110001016222","","","",""
"株式会社林忠","4780118244557","","","","","","","121-0075","東京都足立区一ツ家一丁目13-4","","","","","","","","","","","","","","","4011801013152","","","",""
"有限会社林久敏商店","7406004520393","","","","","","","114-0012","東京都北区田端新町一丁目27-13","","","","","","","","","","","","","","","6011502004787","","","",""
"株式会社林フォージング","9112873788783","","","","","","","822-0003","福岡県直方市大字上頓野4611-10","","","","","","","","","","","","","","","3290801014290","","","",""
"有限会社原井合金製線所","4236600741973","","","","","","","359-1145","埼玉県所沢市大字山口池南639","","","","","","","","","","","","","","","3030002030733","","","",""
"株式会社原工業所","2063567225240","","","","","","","205-0023","東京都羽村市神明台四丁目10-1","","","","","","","","","","","","","","","5013101000747","","","",""
"株式会社原合金","7477341243592","","","","","","","811-2207","福岡県糟屋郡志免町南里五丁目1-18","","","","","","","","","","","","","","","7290002036858","","","",""
"株式会社原田伸銅所","1164343820721","","","","","","","335-0023","埼玉県戸田市本町五丁目9-25","","","","","","","","","","","","","","","4030001020610","","","",""
"株式会社原野精機","1432318377443","","","","","","","289-1801","千葉県山武市蓮沼イ180-1","","","","","","","","","","","","","","","4040001076783","","","",""
"株式会社ＨＡＲＩＴＡ","4794607806693","","","","","","","939-0135","富山県高岡市福岡町本領1053-1","","","","","","","","","","","","","","","1230001011278","","","",""
"株式会社春近製作所","2263156295334","","","","","","","501-3954","岐阜県関市千疋大竹野2100","","","","","","","","","","","","","","","4200001007821","","","",""
"有限会社ハルモト","4078297759056","","","","","","","144-0054","東京都大田区新蒲田二丁目12-18 505号室","","","","","","","","","","","","","","","2010702006647","","","",""
"阪神アルマイト株式会社","8714367483189","","","","","","","660-0815","兵庫県尼崎市杭瀬北新町四丁目3-10","","","","","","","","","","","","","","","9140001050674","","","",""
"株式会社阪神兼松工業所","6239580575077","","","","","","","452-0823","愛知県名古屋市西区あし原町122-2","","","","","","","","","","","","","","","5180001026749","","","",""
"株式会社阪神ダイカスト","5044679499590","","","","","","","653-0032","兵庫県神戸市長田区苅藻通六丁目5-13","","","","","","","","","","","","","","","5140001016654","","","",""
"阪神電線株式会社","3431722719017","","","","","","","555-0012","大阪府大阪市西淀川区御幣島六丁目9-25","","","","","","","","","","","","","","","3120001036169","","","",""
"阪和工業株式会社","9068721546831","","","","","","","643-0007","和歌山県有田郡湯浅町大字吉川195-7","","","","","","","","","","","","","","","5170001007147","","","",""
"株式会社バイタル","1654928301294","","","","","","","478-0063","愛知県知多市寺本新町二丁目120","","","","","","","","","","","","","","","5180001094102","","","",""
"株式会社バイブランツ・ジャパン","8418147357420","","","","","","","300-0315","茨城県稲敷郡阿見町大字香澄の里21","","","","","","","","","","","","","","","3011101026839","","","",""
"有限会社バグース","5817946339852","","","","","","","603-8131","京都府京都市北区小山上内河原町52-1","","","","","","","","","","","","","","","1130002013936","","","",""
"バーチンテック株式会社","7218830487653","","","","","","","101-0025","東京都千代田区神田佐久間町三丁目21-5","","","","","","","","","","","","","","","3010001167207","","","",""
"播州鍛工株式会社","7837161949105","","","","","","","673-0443","兵庫県三木市別所町巴35-2","","","","","","","","","","","","","","","1140001036524","","","",""
"磐梯産業株式会社","8812167969131","","","","","","","969-3301","福島県耶麻郡磐梯町大字磐梯大持石1348","","","","","","","","","","","","","","","4380001017753","","","",""
"坂東電線株式会社","4369525037864","","","","","","","351-0014","埼玉県朝霞市膝折町四丁目20-16","","","","","","","","","","","","","","","2030001045015","","","",""
"株式会社パイロテック・ジャパン","6569020376408","","","","","","","651-0087","兵庫県神戸市中央区御幸通八丁目1-6","","","","","","","","","","","","","","","9140001023052","","","",""
"株式会社パシフィクス","1701756800912","","","","","","","230-0051","神奈川県横浜市鶴見区鶴見中央三丁目21-7","","","","","","","","","","","","","","","3020001038670","","","",""
"株式会社パーソナルアシスタント青空","6210639266889","","","","","","","790-0942","愛媛県松山市古川北三丁目4-32","","","","","","","","","","","","","","","6500002002871","","","",""
"パナック工業株式会社","2424577081759","","","","","","","258-0021","神奈川県足柄上郡開成町吉田島4301","","","","","","","","","","","","","","","3021001033901","","","",""
"パルヴォンジャパン株式会社","2271188668180","","","","","","","370-0503","群馬県邑楽郡千代田町大字赤岩3296-1","","","","","","","","","","","","","","","5070001021001","","","",""
"株式会社パワーライン","6849081636759","","","","","","","326-0047","栃木県足利市錦町32-6","","","","","","","","","","","","","","","2060001022523","","","",""
"パンパシフィック・カッパー株式会社","9562422193969","","","","","","","105-0001","東京都港区虎ノ門二丁目10-4","","","","","","","","","","","","","","","7010001133626","","","",""
"ヒエン電工株式会社","4369407198865","","","","","","","541-0045","大阪府大阪市中央区道修町三丁目4-11 新芝川ビル505号","","","","","","","","","","","","","","","4120001031516","","","",""
"有限会社光アルマイト化工所","1619603216595","","","","","","","124-0025","東京都葛飾区西新小岩五丁目3-10","","","","","","","","","","","","","","","7011802006391","","","",""
"有限会社光アンチモニー工芸","8592973359285","","","","","","","116-0013","東京都荒川区西日暮里五丁目10-5","","","","","","","","","","","","","","","4011502010606","","","",""
"光軽金属工業株式会社","9272041313846","","","","","","","709-0854","岡山県岡山市東区瀬戸町江尻1050","","","","","","","","","","","","","","","4260001007188","","","",""
"有限会社ヒカリ製作所","1547516431499","","","","","","","811-2207","福岡県糟屋郡志免町南里二丁目23-17","","","","","","","","","","","","","","","6290002036883","","","",""
"株式会社光製作所","3723711546410","","","","","","","338-0836","埼玉県さいたま市桜区町谷一丁目7-12","","","","","","","","","","","","","","","1030001107435","","","",""
"ヒカリ素材工業株式会社","8360814571763","","","","","","","389-0514","長野県東御市加沢1313-1","","","","","","","","","","","","","","","8100001010856","","","",""
"光メタルセンター株式会社","4119457574865","","","","","","","743-0021","山口県光市浅江五丁目25-3","","","","","","","","","","","","","","","9250001014874","","","",""
"東機ジャパン株式会社","9927047949724","","","","","","","153-0063","東京都目黒区目黒一丁目24-19 504号","","","","","","","","","","","","","","","1013201004016","","","",""
"東日本ダイカスト工業株式会社","6651445649263","","","","","","","370-3102","群馬県高崎市箕郷町生原1914-2","","","","","","","","","","","","","","","5070001009608","","","",""
"有限会社東野電機","3292881175785","","","","","","","216-0044","神奈川県川崎市宮前区西野川三丁目3-1","","","","","","","","","","","","","","","7020002087259","","","",""
"有限会社引地ダイカスト製作所","3950569288490","","","","","","","347-0011","埼玉県加須市北小浜683-4","","","","","","","","","","","","","","","6030002041380","","","",""
"有限会社引田アルミ","5186908279344","","","","","","","933-0951","富山県高岡市長慶寺822","","","","","","","","","","","","","","","6230002011826","","","",""
"有限会社樋口製作所","9868227524177","","","","","","","364-0013","埼玉県北本市中丸二丁目83","","","","","","","","","","","","","","","2030002083534","","","",""
"株式会社樋口ダイカスト","3233631373046","","","","","","","352-0011","埼玉県新座市野火止一丁目9-9","","","","","","","","","","","","","","","3030001047142","","","",""
"樋桁ダイカスト株式会社","1997480426295","","","","","","","334-0003","埼玉県川口市坂下町一丁目12-24","","","","","","","","","","","","","","","9030001073331","","","",""
"彦島製錬株式会社","8798696481614","","","","","","","750-0093","山口県下関市彦島西山町一丁目1-1","","","","","","","","","","","","","","","8250001006204","","","",""
"ひさご電材株式会社","1602580819770","","","","","","","173-0037","東京都板橋区小茂根四丁目18-14","","","","","","","","","","","","","","","3011401005393","","","",""
"有限会社菱沼軽金属","9219097454137","","","","","","","339-0024","埼玉県さいたま市岩槻区大字釣上55","","","","","","","","","","","","","","","8030002106297","","","",""
"株式会社ヒシヌママシナリー","6230462874419","","","","","","","355-0225","埼玉県比企郡嵐山町大字鎌形3123","","","","","","","","","","","","","","","2030001071663","","","",""
"株式会社聖製作所","1151536941773","","","","","","","339-0064","埼玉県さいたま市岩槻区日の出町3-30","","","","","","","","","","","","","","","3030001019315","","","",""
"株式会社日高合金","3843288069341","","","","","","","812-0014","福岡県福岡市博多区比恵町14-2 1002号","","","","","","","","","","","","","","","3290001015957","","","",""
"株式会社日高","9708652241556","","","","","","","141-0001","東京都品川区北品川五丁目12-3","","","","","","","","","","","","","","","7010701008284","","","",""
"日高ダイキャスト工業株式会社","6507821508026","","","","","","","354-0043","埼玉県入間郡三芳町大字竹間沢320","","","","","","","","","","","","","","","4030001057388","","","",""
"日比共同製錬株式会社","9625895933143","","","","","","","141-0032","東京都品川区大崎一丁目11-1","","","","","","","","","","","","","","","9010001133657","","","",""
"日比製煉株式会社","2867203515238","","","","","","","706-0027","岡山県玉野市日比六丁目1-1","","","","","","","","","","","","","","","8010701038850","","","",""
"日比野工業株式会社","6982375511386","","","","","","","472-0017","愛知県知立市新林町小深田18-1","","","","","","","","","","","","","","","7180301014872","","","",""
"有限会社日比ハーネス","9598114720079","","","","","","","503-2227","岐阜県大垣市青野町263","","","","","","","","","","","","","","","6200002013081","","","",""
"氷見軽合金株式会社","4469592564111","","","","","","","935-0104","富山県氷見市堀田3166","","","","","","","","","","","","","","","5230001011662","","","",""
"株式会社姫協","2135116912646","","","","","","","671-1523","兵庫県揖保郡太子町東南139-1","","","","","","","","","","","","","","","8140001038704","","","",""
"姫路鐵鋼リフアイン株式会社","1020176425583","","","","","","","672-8035","兵庫県姫路市飾磨区中島1598","","","","","","","","","","","","","","","5140001060990","","","",""
"有限会社日向キャスティング","5132038911193","","","","","","","883-0101","宮崎県日向市東郷町山陰乙125","","","","","","","","","","","","","","","4350002011287","","","",""
"株式会社日向製錬所","1284468076159","","","","","","","883-0065","宮崎県日向市船場町5","","","","","","","","","","","","","","","1350001006084","","","",""
"ヒューマンユニテック株式会社","3944351593585","","","","","","","171-0043","東京都豊島区要町三丁目1-13","","","","","","","","","","","","","","","1013301027172","","","",""
"日吉鉄工株式会社","7118937208315","","","","","","","350-0413","埼玉県入間郡越生町大字如意1170-1","","","","","","","","","","","","","","","7030001069281","","","",""
"有限会社平石アルミ","4129981639818","","","","","","","485-0812","愛知県小牧市城山五丁目70-9","","","","","","","","","","","","","","","5180002069755","","","",""
"有限会社平井製作所","7132527320664","","","","","","","403-0032","山梨県富士吉田市上吉田東八丁目23-3","","","","","","","","","","","","","","","2090002012421","","","",""
"株式会社平井ダイカスト","3275998895554","","","","","","","639-2200","奈良県御所市1165","","","","","","","","","","","","","","","2150001013959","","","",""
"株式会社平井ハーネス","1070051693672","","","","","","","402-0035","山梨県都留市夏狩1821","","","","","","","","","","","","","","","6090001008755","","","",""
"枚岡金属工業有限会社","5964803661858","","","","","","","579-8023","大阪府東大阪市立花町5-2","","","","","","","","","","","","","","","1122002003901","","","",""
"有限会社ヒラカワ","2493052377565","","","","","","","277-0812","千葉県柏市花野井1157","","","","","","","","","","","","","","","7040002091309","","","",""
"平河ヒューテック株式会社","8091122756598","","","","","","","108-0014","東京都港区芝四丁目17-5 相鉄田町ビル7F","","","","","","","","","","","","","","","1010701008364","","","",""
"開アルミ合金有限会社","1594098259742","","","","","","","929-1314","石川県羽咋郡宝達志水町紺屋町102","","","","","","","","","","","","","","","6220002015010","","","",""
"株式会社比良軽金属工業所","4054367601738","","","","","","","583-0884","大阪府羽曳野市野179-1","","","","","","","","","","","","","","","7120101032403","","","",""
"平田金属株式会社","6032400936257","","","","","","","500-8235","岐阜県岐阜市東中島一丁目11-10","","","","","","","","","","","","","","","1200001004417","","","",""
"平田工業株式会社","8984434120012","","","","","","","454-0056","愛知県名古屋市中川区十一番町五丁目6","","","","","","","","","","","","","","","3180001020712","","","",""
"平田製箔株式会社","5678052471987","","","","","","","920-0000","石川県金沢市福久町ロ124","","","","","","","","","","","","","","","3220001005551","","","",""
"ヒラト工業株式会社","4528607711643","","","","","","","544-0011","大阪府大阪市生野区田島五丁目15-15","","","","","","","","","","","","","","","9120001018574","","","",""
"平野合金株式会社","4130060432253","","","","","","","729-0105","広島県福山市南松永町三丁目90-1","","","","","","","","","","","","","","","4240001038441","","","",""
"有限会社平野鋳造所","1501014350530","","","","","","","436-0226","静岡県掛川市遊家336-15","","","","","","","","","","","","","","","7080402017644","","","",""
"株式会社平山軽金属工業","5879604561763","","","","","","","124-0006","東京都葛飾区堀切一丁目4-17","","","","","","","","","","","","","","","6011801004109","","","",""
"株式会社平山製作所","8253346747786","","","","","","","252-0302","神奈川県相模原市南区上鶴間三丁目27-10","","","","","","","","","","","","","","","8012401009297","","","",""
"株式会社蛭間鋳造所","3316658940916","","","","","","","348-0032","埼玉県羽生市大字秀安80","","","","","","","","","","","","","","","9030001032931","","","",""
"有限会社廣木精機製作所","9511901889787","","","","","","","313-0116","茨城県常陸太田市大方町83","","","","","","","","","","","","","","","3050002035268","","","",""
"広島アルミニウム工業株式会社","4201594624435","","","","","","","733-0011","広島県広島市西区横川町三丁目6-3","","","","","","","","","","","","","","","3240001009146","","","",""
"広島軽金属株式会社","8905027838393","","","","","","","731-0214","広島県広島市安佐北区可部町大字桐原1475","","","","","","","","","","","","","","","2240001018957","","","",""
"広島工業株式会社","5353430757859","","","","","","","518-0752","三重県名張市蔵持町原出522-43","","","","","","","","","","","","","","","1190001009483","","","",""
"株式会社広島テクニカル","2367717281461","","","","","","","731-0113","広島県広島市安佐南区西原六丁目5-4","","","","","","","","","","","","","","","9240001019123","","","",""
"有限会社博商","6786436283616","","","","","","","503-0608","岐阜県海津市海津町鹿野939","","","","","","","","","","","","","","","3200002014652","","","",""
"有限会社博商事","2715594389726","","","","","","","270-2214","千葉県松戸市松飛台460-5","","","","","","","","","","","","","","","7040002048184","","","",""
"ヒロセ合金株式会社","2594068861806","","","","","","","456-0002","愛知県名古屋市熱田区金山町一丁目8-12","","","","","","","","","","","","","","","7180001022671","","","",""
"有限会社ヒロタ","1091079206000","","","","","","","369-0314","埼玉県児玉郡上里町大字三町742-6","","","","","","","","","","","","","","","6030002081187","","","",""
"有限会社弘中鋳造","3878486460057","","","","","","","306-0413","茨城県猿島郡境町大字山崎674-7","","","","","","","","","","","","","","","9050002018614","","","",""
"株式会社廣野合金鋳造所","6975444454637","","","","","","","581-0851","大阪府八尾市上尾町五丁目1-22","","","","","","","","","","","","","","","2122001019864","","","",""
"株式会社ビー","6372620153579","","","","","","","144-0032","東京都大田区北糀谷一丁目15-10","","","","","","","","","","","","","","","1010801014849","","","",""
"有限会社美公社","9872445360536","","","","","","","124-0005","東京都葛飾区宝町二丁目28-14","","","","","","","","","","","","","","","9011802006365","","","",""
"株式会社ビーシープレート産業","3761737091874","","","","","","","830-0048","福岡県久留米市梅満町1650-8","","","","","","","","","","","","","","","1290001049445","","","",""
"株式会社ビスキャス","8726903379694","","","","","","","144-0041","東京都大田区羽田空港一丁目8-8","","","","","","","","","","","","","","","1010701013430","","","",""
"ビズパル株式会社","1928250243082","","","","","","","131-0043","東京都墨田区立花一丁目35-5","","","","","","","","","","","","","","","7030001140785","","","",""
"有限会社ビックフォーエヌエス","1248512437773","","","","","","","355-0076","埼玉県東松山市大字下唐子1906-2","","","","","","","","","","","","","","","7030002096234","","","",""
"有限会社ビット・テック","9495751613382","","","","","","","037-0022","青森県五所川原市大字梅田間瀬1-2","","","","","","","","","","","","","","","7420002012093","","","",""
"ビーテック株式会社","4855725170748","","","","","","","540-0035","大阪府大阪市中央区釣鐘町一丁目6-6","","","","","","","","","","","","","","","7120001120910","","","",""
"ＢＢＳジャパン株式会社","4132084961541","","","","","","","933-0313","富山県高岡市福田六家525","","","","","","","","","","","","","","","4210001004355","","","",""
"ＰＦＵテクノワイズ株式会社","9875529066062","","","","","","","929-1100","石川県かほく市高松シ1-1","","","","","","","","","","","","","","","2220001017779","","","",""
"株式会社ピー・エム・オー","2602600243510","","","","","","","434-0017","静岡県浜松市浜北区豊保245","","","","","","","","","","","","","","","6080401012119","","","",""
"ピー・エム・テクニカル株式会社","2879984305641","","","","","","","702-8038","岡山県岡山市南区松浜町16-33","","","","","","","","","","","","","","","2260001005490","","","",""
"株式会社ファイン","1743020124500","","","","","","","600-8897","京都府京都市下京区西七条御前田町13-3","","","","","","","","","","","","","","","5130001018593","","","",""
"株式会社ファインテクノ","6743028844145","","","","","","","327-0031","栃木県佐野市田島町163-1","","","","","","","","","","","","","","","8060001021395","","","",""
"有限会社ファインニクス","1062576220373","","","","","","","323-0807","栃木県小山市城東六丁目10-3","","","","","","","","","","","","","","","6060002030141","","","",""
"ファインネクス株式会社","1981736654793","","","","","","","930-0281","富山県中新川郡舟橋村舟橋415","","","","","","","","","","","","","","","4230001004849","","","",""
"ファインモールド株式会社","2135763456454","","","","","","","141-0031","東京都品川区西五反田五丁目1-22","","","","","","","","","","","","","","","2010701008529","","","",""
"ファクトリープライム有限会社","6468230496265","","","","","","","420-0812","静岡県静岡市葵区古庄三丁目7-29","","","","","","","","","","","","","","","5080002012007","","","",""
"フォトニックサイエンステクノロジ株式会社","1582594657276","","","","","","","066-0075","北海道千歳市北信濃776-16","","","","","","","","","","","","","","","7430001044120","","","",""
"有限会社深井製作所","8386965605503","","","","","","","391-0216","長野県茅野市米沢2108-1","","","","","","","","","","","","","","","8100002030416","","","",""
"株式会社深澤商店","4606149003561","","","","","","","366-0812","埼玉県深谷市折之口166","","","","","","","","","","","","","","","3030001086561","","","",""
"有限会社福井合金鋳造所","2342206166596","","","","","","","656-0002","兵庫県洲本市中川原町中川原950-1","","","","","","","","","","","","","","","7140002069014","","","",""
"フクイ・シンター株式会社","9208795537193","","","","","","","252-0216","神奈川県相模原市中央区清新四丁目4-16","","","","","","","","","","","","","","","1021001013789","","","",""
"福一工業有限会社","9097351008044","","","","","","","448-0005","愛知県刈谷市今川町鍋田24","","","","","","","","","","","","","","","8180302018905","","","",""
"福井電具株式会社","9181760426550","","","","","","","916-0311","福井県丹生郡越前町梅浦48-5","","","","","","","","","","","","","","","4210001012382","","","",""
"福岡アルミ工業株式会社","2066209255872","","","","","","","811-2501","福岡県糟屋郡久山町大字久原2800-1","","","","","","","","","","","","","","","7290001017900","","","",""
"株式会社福岡鉄工所","1795158380075","","","","","","","651-2271","兵庫県神戸市西区高塚台三丁目1-12","","","","","","","","","","","","","","","1140001014026","","","",""
"福重産業株式会社","6530131518389","","","","","","","857-1161","長崎県佐世保市大塔町1745-1","","","","","","","","","","","","","","","5310001007272","","","",""
"有限会社フクシマ","7190905773613","","","","","","","355-0324","埼玉県比企郡小川町大字青山887-2","","","","","","","","","","","","","","","9030002097544","","","",""
"株式会社福助アルミニウム鋳造所","2460533504366","","","","","","","577-0056","大阪府東大阪市長堂三丁目12-4","","","","","","","","","","","","","","","9122001007004","","","",""
"福田工業株式会社","1918011704301","","","","","","","455-0865","愛知県名古屋市港区天目町110","","","","","","","","","","","","","","","7180001007276","","","",""
"福辰合金株式会社","4281065385509","","","","","","","658-0012","兵庫県神戸市東灘区本庄町三丁目2-1","","","","","","","","","","","","","","","3140001002391","","","",""
"株式会社フクダ","9244849532177","","","","","","","313-0031","茨城県常陸太田市岡田町2108-4","","","","","","","","","","","","","","","1050001026575","","","",""
"福田金属箔粉工業株式会社","7174258621824","","","","","","","607-8305","京都府京都市山科区西野山中臣町20","","","","","","","","","","","","","","","7130001018617","","","",""
"有限会社福田合金鋳造所","9143857871359","","","","","","","230-0001","神奈川県横浜市鶴見区矢向三丁目38-9","","","","","","","","","","","","","","","8020002039861","","","",""
"福田精密株式会社","1890004436072","","","","","","","329-1571","栃木県矢板市片岡1144-1","","","","","","","","","","","","","","","7060001013427","","","",""
"有限会社福田鉄工","7606834013459","","","","","","","321-2335","栃木県日光市森友525-1","","","","","","","","","","","","","","","1060002015287","","","",""
"株式会社福田電化工業所","9447807710099","","","","","","","590-0814","大阪府堺市堺区石津町三丁3-12","","","","","","","","","","","","","","","6120101007067","","","",""
"株式会社福電","6092868995097","","","","","","","540-0027","大阪府大阪市中央区鎗屋町一丁目1-5","","","","","","","","","","","","","","","9120001013443","","","",""
"有限会社福松","5662727838965","","","","","","","444-0303","愛知県西尾市中畑町六斗蒔24","","","","","","","","","","","","","","","4180302027273","","","",""
"福本軽金属株式会社","2466763174508","","","","","","","599-8273","大阪府堺市中区深井清水町3471","","","","","","","","","","","","","","","4120101007077","","","",""
"有限会社フクヤマ","4378280483863","","","","","","","899-4304","鹿児島県霧島市国分清水四丁目19-2","","","","","","","","","","","","","","","7340002014107","","","",""
"福山電気株式会社","1906530539134","","","","","","","270-2231","千葉県松戸市稔台三丁目43-5","","","","","","","","","","","","","","","6011001020344","","","",""
"株式会社フジアルマイト","2294515606833","","","","","","","335-0031","埼玉県戸田市大字美女木1214-10","","","","","","","","","","","","","","","7030001020640","","","",""
"富士アルミ管工業株式会社","1700186482949","","","","","","","354-0044","埼玉県入間郡三芳町大字北永井822","","","","","","","","","","","","","","","1030001056450","","","",""
"富士アルミ工業株式会社","8858268825647","","","","","","","417-0826","静岡県富士市中里2585-1","","","","","","","","","","","","","","","9080101009387","","","",""
"有限会社フジアルミ製作所","5379990503025","","","","","","","933-0946","富山県高岡市昭和町一丁目4-13","","","","","","","","","","","","","","","3230002011878","","","",""
"フジイ工業株式会社","4426590407718","","","","","","","555-0041","大阪府大阪市西淀川区中島二丁目13-43","","","","","","","","","","","","","","","4120001050573","","","",""
"株式会社藤井合金製作所","9816082975008","","","","","","","601-8131","京都府京都市南区上鳥羽鴨田町1","","","","","","","","","","","","","","","4130001011574","","","",""
"有限会社藤井商店","8350456356713","","","","","","","146-0093","東京都大田区矢口三丁目11-11","","","","","","","","","","","","","","","8012302004208","","","",""
"有限会社藤井商店","7575963401513","","","","","","","660-0842","兵庫県尼崎市大高洲町5-6","","","","","","","","","","","","","","","2140002063946","","","",""
"株式会社藤井製作所","2339756845138","","","","","","","720-0815","広島県福山市野上町一丁目13-21","","","","","","","","","","","","","","","8240001031921","","","",""
"株式会社藤井製作所","6880595780501","","","","","","","133-0044","東京都江戸川区本一色一丁目14-6","","","","","","","","","","","","","","","5011701006726","","","",""
"藤川金属株式会社","8668746181064","","","","","","","581-0039","大阪府八尾市太田新町六丁目20","","","","","","","","","","","","","","","1122001019964","","","",""
"有限会社藤木製作所","5431371488273","","","","","","","264-0017","千葉県千葉市若葉区加曽利町476-2","","","","","","","","","","","","","","","6040002009988","","","",""
"株式会社富士金属","6935806334168","","","","","","","350-1112","埼玉県川越市上野田町26-14","","","","","","","","","","","","","","","5030001055481","","","",""
"株式会社富士金属","4888895185546","","","","","","","490-1144","愛知県海部郡大治町大字西條松下107","","","","","","","","","","","","","","","3180001121477","","","",""
"株式会社フジクラ","3896983450150","","","","","","","135-0042","東京都江東区木場一丁目5-1","","","","","","","","","","","","","","","2010601007861","","","",""
"株式会社フジクラ・ダイヤケーブル","2205511059189","","","","","","","100-0005","東京都千代田区丸の内三丁目3-1 新東京ビル5F","","","","","","","","","","","","","","","8010001091666","","","",""
"不二工業株式会社","6865750534024","","","","","","","332-0004","埼玉県川口市領家四丁目1-8","","","","","","","","","","","","","","","6030001077005","","","",""
"富士工業株式会社","6170507034574","","","","","","","421-3203","静岡県静岡市清水区蒲原5202","","","","","","","","","","","","","","","7080001010249","","","",""
"富士鋼板工業株式会社","4276109754657","","","","","","","454-0843","愛知県名古屋市中川区大畑町一丁目120","","","","","","","","","","","","","","","3180001020753","","","",""
"不二合金株式会社","6045512792279","","","","","","","592-8341","大阪府堺市西区浜寺船尾町東一丁5","","","","","","","","","","","","","","","9120101006396","","","",""
"株式会社富士合金","4928483250174","","","","","","","300-0064","茨城県土浦市東若松町3376-6","","","","","","","","","","","","","","","1050001037011","","","",""
"富士合金工業株式会社","7102896594252","","","","","","","130-0024","東京都墨田区菊川一丁目2-11","","","","","","","","","","","","","","","3010601014345","","","",""
"有限会社冨士合金鋳造所","8421798917637","","","","","","","143-0015","東京都大田区大森西四丁目7-25","","","","","","","","","","","","","","","6010802012203","","","",""
"有限会社フジサキ","4307303102338","","","","","","","421-3203","静岡県静岡市清水区蒲原4984","","","","","","","","","","","","","","","6080002013078","","","",""
"不二サッシ株式会社","1201972512983","","","","","","","212-0058","神奈川県川崎市幸区鹿島田一丁目1-2","","","","","","","","","","","","","","","7020001070117","","","",""
"藤沢ステンレス工業株式会社","9469938232523","","","","","","","761-0704","香川県木田郡三木町大字下高岡2214","","","","","","","","","","","","","","","3470001006806","","","",""
"有限会社藤沢精工","2765003149176","","","","","","","251-0861","神奈川県藤沢市大庭7887","","","","","","","","","","","","","","","9021002004433","","","",""
"フジサワメタルズ有限会社","7588980514497","","","","","","","264-0028","千葉県千葉市若葉区桜木五丁目10-20","","","","","","","","","","","","","","","6040002013528","","","",""
"株式会社富士産業","3827702531838","","","","","","","124-0006","東京都葛飾区堀切三丁目30-6","","","","","","","","","","","","","","","8011801004156","","","",""
"富士資材加工株式会社","1357956323210","","","","","","","417-0826","静岡県富士市中里2608-53","","","","","","","","","","","","","","","4080101009037","","","",""
"富士精密株式会社","5206677261855","","","","","","","183-0023","東京都府中市宮町一丁目40 KDX府中ビル10F","","","","","","","","","","","","","","","5012401001439","","","",""
"フジタ金属株式会社","7229028987060","","","","","","","715-0006","岡山県井原市西江原町3383-1","","","","","","","","","","","","","","","6260001018324","","","",""
"有限会社藤田軽合金","5083937959733","","","","","","","438-0026","静岡県磐田市西貝塚1001","","","","","","","","","","","","","","","6080402019880","","","",""
"株式会社藤田合金製作所","6262491018102","","","","","","","153-0053","東京都目黒区五本木一丁目8-19","","","","","","","","","","","","","","","5013201006875","","","",""
"有限会社藤田合金鑄工所","6908894134408","","","","","","","143-0003","東京都大田区京浜島二丁目20-7","","","","","","","","","","","","","","","1010802012579","","","",""
"株式会社藤田銅器製作所","7405770097532","","","","","","","933-0014","富山県高岡市野村69","","","","","","","","","","","","","","","6230001010795","","","",""
"藤田美術株式会社","8894844791263","","","","","","","933-0317","富山県高岡市蜂ケ島391","","","","","","","","","","","","","","","5230001010796","","","",""
"有限会社富士ダイカスト","3169819114005","","","","","","","547-0001","大阪府大阪市平野区加美北四丁目10-20","","","","","","","","","","","","","","","4120002015030","","","",""
"富士ダイカスト株式会社","3880582862270","","","","","","","343-0825","埼玉県越谷市大成町二丁目244-2","","","","","","","","","","","","","","","7030001064695","","","",""
"富士ダイカスト工業株式会社","8530464367072","","","","","","","174-0052","東京都板橋区蓮沼町10-3","","","","","","","","","","","","","","","8011401007328","","","",""
"株式会社不二ダイカスト製作所","7211767661376","","","","","","","367-0113","埼玉県児玉郡美里町大字甘粕1507","","","","","","","","","","","","","","","5030001060829","","","",""
"富士ダイカスト工業株式会社","6899415765858","","","","","","","391-0013","長野県茅野市宮川11398","","","","","","","","","","","","","","","3100001019489","","","",""
"富士鋳造有限会社","8976207226084","","","","","","","702-8002","岡山県岡山市中区桑野518-14","","","","","","","","","","","","","","","6260002008464","","","",""
"株式会社富士テックインダストリー","6843987449279","","","","","","","326-0037","栃木県足利市富士見町41-1","","","","","","","","","","","","","","","7060001019127","","","",""
"株式会社富士鉄工所","3891173379530","","","","","","","555-0033","大阪府大阪市西淀川区姫島三丁目13-18","","","","","","","","","","","","","","","3120001050608","","","",""
"藤電業株式会社","7442550072772","","","","","","","170-0011","東京都豊島区池袋本町一丁目17-4","","","","","","","","","","","","","","","5013301010604","","","",""
"藤電材株式会社","3417132952275","","","","","","","272-0837","千葉県市川市堀之内二丁目17-22","","","","","","","","","","","","","","","5040001027455","","","",""
"富士電子有限会社","6153288289107","","","","","","","729-5121","広島県庄原市東城町川東855","","","","","","","","","","","","","","","6240002031740","","","",""
"冨士電線株式会社","8904905480821","","","","","","","791-8081","愛媛県松山市高浜町一丁目2240-1","","","","","","","","","","","","","","","3500001003535","","","",""
"冨士電線株式会社","8232054913360","","","","","","","259-1146","神奈川県伊勢原市鈴川10","","","","","","","","","","","","","","","9021001021256","","","",""
"富士電線工業株式会社","1685414609006","","","","","","","582-0001","大阪府柏原市本郷五丁目5-48","","","","","","","","","","","","","","","1122001021185","","","",""
"不二電線工業株式会社","5871075440320","","","","","","","213-0032","神奈川県川崎市高津区久地四丁目26-35","","","","","","","","","","","","","","","5020001066934","","","",""
"有限会社藤野軽合金","8673353831460","","","","","","","369-1101","埼玉県深谷市長在家1635","","","","","","","","","","","","","","","5030002116150","","","",""
"有限会社藤橋鉄工所","5144225861148","","","","","","","992-1125","山形県米沢市万世町片子荒井東5846-1","","","","","","","","","","","","","","","2390002013307","","","",""
"有限会社富士パイピング","7597022478158","","","","","","","577-0814","大阪府東大阪市南上小阪8-6","","","","","","","","","","","","","","","7122002004638","","","",""
"富士ファイン株式会社","3168097072827","","","","","","","444-0917","愛知県岡崎市日名西町11-21","","","","","","","","","","","","","","","6180301001855","","","",""
"株式会社フジプロテック","9111114340085","","","","","","","224-0024","神奈川県横浜市都筑区東山田町","","","","","","","","","","","","","","","6020001009248","","","",""
"冨士編組工業株式会社","5306407644971","","","","","","","581-0053","大阪府八尾市竹渕東三丁目79","","","","","","","","","","","","","","","6122001021354","","","",""
"有限会社藤曲鋳造所","4098527498761","","","","","","","382-0000","長野県須坂市大字須坂1678","","","","","","","","","","","","","","","6100002008711","","","",""
"株式会社フジメタル","8425530779369","","","","","","","410-2132","静岡県伊豆の国市奈古谷643","","","","","","","","","","","","","","","6080101005091","","","",""
"フジメタル工業株式会社","3413785132168","","","","","","","143-0003","東京都大田区京浜島二丁目21-4","","","","","","","","","","","","","","","8010801010288","","","",""
"有限会社フジモールド","3981864901598","","","","","","","416-0903","静岡県富士市松本320-4 PJプレイス3F","","","","","","","","","","","","","","","1080102016225","","","",""
"フジヤ合金株式会社","5381468705051","","","","","","","954-0067","新潟県見附市葛巻町705-1","","","","","","","","","","","","","","","9110001030101","","","",""
"不二ライトメタル株式会社","1923999226962","","","","","","","869-0123","熊本県玉名郡長洲町大字長洲2168","","","","","","","","","","","","","","","9330001011707","","","",""
"株式会社フジワラ","5832382042564","","","","","","","049-0101","北海道北斗市追分三丁目2-7","","","","","","","","","","","","","","","8440001001953","","","",""
"扶桑技研株式会社","4188087316307","","","","","","","641-0005","和歌山県和歌山市田尻101-5","","","","","","","","","","","","","","","4170001002850","","","",""
"扶桑工業株式会社","7125577174619","","","","","","","526-0043","滋賀県長浜市大戌亥町730","","","","","","","","","","","","","","","6160001006999","","","",""
"株式会社双葉","2909314246262","","","","","","","190-0022","東京都立川市錦町三丁目11-14","","","","","","","","","","","","","","","4012801001444","","","",""
"株式会社フタバ","3195669103932","","","","","","","675-0146","兵庫県加古郡播磨町古田一丁目5-25","","","","","","","","","","","","","","","9140001044429","","","",""
"双葉化工有限会社","4545871803132","","","","","","","341-0037","埼玉県三郷市高州一丁目323","","","","","","","","","","","","","","","7030002049687","","","",""
"株式会社双葉金属工業所","2528558562294","","","","","","","345-0043","埼玉県北葛飾郡杉戸町大字下高野205","","","","","","","","","","","","","","","5030001051943","","","",""
"株式会社双葉ダイカスト","7112223625766","","","","","","","335-0023","埼玉県戸田市本町二丁目5-3 103","","","","","","","","","","","","","","","7030001020649","","","",""
"双葉電線株式会社","6780685495382","","","","","","","550-0002","大阪府大阪市西区江戸堀一丁目10-17","","","","","","","","","","","","","","","5120001047098","","","",""
"有限会社船堀鉛鉄工業所","3170704100372","","","","","","","134-0091","東京都江戸川区船堀二丁目3-14","","","","","","","","","","","","","","","8011702010071","","","",""
"有限会社船堀工機","6665706610488","","","","","","","134-0091","東京都江戸川区船堀二丁目3-3","","","","","","","","","","","","","","","7011702010072","","","",""
"有限会社舩山ダイカスト工業所","3026469770960","","","","","","","999-0214","山形県東置賜郡川西町大字吉田1030","","","","","","","","","","","","","","","9390002014694","","","",""
"フープ株式会社","7941182249275","","","","","","","101-0032","東京都千代田区岩本町三丁目11-8 イワモトチョウビル7F","","","","","","","","","","","","","","","4010001075094","","","",""
"フミテック株式会社","8355862420917","","","","","","","963-8071","福島県郡山市富久山町久保田下河原156","","","","","","","","","","","","","","","3380001006542","","","",""
"芙蓉鋳工株式会社","1242106773980","","","","","","","274-0071","千葉県船橋市習志野四丁目11-9 南習志野工業団地","","","","","","","","","","","","","","","8040001018559","","","",""
"株式会社フリーエム","9706590460067","","","","","","","731-0304","広島県安芸高田市八千代町下根2138-4","","","","","","","","","","","","","","","9240001024817","","","",""
"株式会社降矢技研","6205232783626","","","","","","","400-0814","山梨県甲府市上阿原町297","","","","","","","","","","","","","","","3090001006142","","","",""
"古河ＡＳ株式会社","3107345563126","","","","","","","522-0242","滋賀県犬上郡甲良町大字尼子1000","","","","","","","","","","","","","","","4160001008106","","","",""
"古河エレコム株式会社","4195811989959","","","","","","","101-0047","東京都千代田区内神田二丁目16-8 古河電工神田ビル","","","","","","","","","","","","","","","9010001027958","","","",""
"株式会社古河テクノマテリアル","6550813020178","","","","","","","254-0016","神奈川県平塚市東八幡五丁目1-8","","","","","","","","","","","","","","","9021001037277","","","",""
"古河電気工業株式会社","6023727249085","","","","","","","100-0004","東京都千代田区大手町二丁目6-4","","","","","","","","","","","","","","","5010001008796","","","",""
"古河電工エコテック株式会社","1962835447042","","","","","","","290-0067","千葉県市原市八幡海岸通6","","","","","","","","","","","","","","","6040001053938","","","",""
"古河電工メタルケーブル株式会社","7203353442460","","","","","","","116-0014","東京都荒川区東日暮里六丁目48-10","","","","","","","","","","","","","","","6011501006487","","","",""
"古河電子株式会社","1958043248023","","","","","","","970-1153","福島県いわき市好間町上好間小館20","","","","","","","","","","","","","","","1380001014588","","","",""
"古河マグネットワイヤ株式会社","7069617744786","","","","","","","100-0004","東京都千代田区大手町二丁目6-4","","","","","","","","","","","","","","","4010001124537","","","",""
"株式会社古田鋳造所","7837562209332","","","","","","","144-0045","東京都大田区南六郷一丁目13-8","","","","","","","","","","","","","","","5010801010662","","","",""
"株式会社古屋金属工業所","1084963206928","","","","","","","334-0013","埼玉県川口市南鳩ヶ谷三丁目18-2","","","","","","","","","","","","","","","1030001073355","","","",""
"株式会社古谷銅器製作所","8333513864549","","","","","","","570-0005","大阪府守口市八雲中町一丁目4-13","","","","","","","","","","","","","","","3120001160175","","","",""
"株式会社フロム","6184893532384","","","","","","","191-0031","東京都日野市高幡1013-10","","","","","","","","","","","","","","","5013401000694","","","",""
"株式会社武州アルマイト","9536872218319","","","","","","","347-0014","埼玉県加須市川口四丁目10-6","","","","","","","","","","","","","","","8030001031158","","","",""
"ブラッサムコーポレーション株式会社","7052140862059","","","","","","","590-0143","大阪府堺市南区新檜尾台三丁6-9","","","","","","","","","","","","","","","2120101053065","","","",""
"ブリア株式会社","7886856693701","","","","","","","351-0001","埼玉県朝霞市大字上内間木515-1","","","","","","","","","","","","","","","2030001044677","","","",""
"有限会社プラグレス","3097984327735","","","","","","","544-0015","大阪府大阪市生野区巽南五丁目3-9","","","","","","","","","","","","","","","9120002064502","","","",""
"株式会社プリサイス通信","2001172130672","","","","","","","398-0001","長野県大町市平7345","","","","","","","","","","","","","","","4100001017401","","","",""
"有限会社プレスト","6029724313074","","","","","","","400-0115","山梨県甲斐市篠原393-1","","","","","","","","","","","","","","","1090002003891","","","",""
"株式会社プログレス","9804957533743","","","","","","","402-0024","山梨県都留市小野260","","","","","","","","","","","","","","","4090001008484","","","",""
"有限会社プロップ","3788493492039","","","","","","","459-8001","愛知県名古屋市緑区大高町川添9","","","","","","","","","","","","","","","6180002014693","","","",""
"プロモ株式会社","3768514853405","","","","","","","272-0126","千葉県市川市千鳥町3","","","","","","","","","","","","","","","7040001025523","","","",""
"株式会社平安","1308859912962","","","","","","","613-0022","京都府久世郡久御山町市田新珠城43-2","","","","","","","","","","","","","","","8130001033631","","","",""
"株式会社平安美術","2521185229998","","","","","","","675-1379","兵庫県小野市上本町252-5","","","","","","","","","","","","","","","1140001076859","","","",""
"平和アルキャス株式会社","9339793902095","","","","","","","719-1122","岡山県総社市下林1000","","","","","","","","","","","","","","","9260001017224","","","",""
"株式会社平和合金","9532450666741","","","","","","","939-1118","富山県高岡市戸出栄町56-1","","","","","","","","","","","","","","","9230001010826","","","",""
"株式会社平和合金鋳造所","6312431467219","","","","","","","555-0025","大阪府大阪市西淀川区姫里三丁目11-2","","","","","","","","","","","","","","","6120001050613","","","",""
"碧海工機株式会社","4204303768499","","","","","","","444-0324","愛知県西尾市寺津町四ノ割横道東8","","","","","","","","","","","","","","","4180301022589","","","",""
"株式会社ベスト","7954094906817","","","","","","","966-0000","福島県喜多方市塩川町新井田谷地千苅291-1","","","","","","","","","","","","","","","5380001018767","","","",""
"ＢＥＳＴＯ株式会社","8708099732605","","","","","","","116-0002","東京都荒川区荒川五丁目5-2","","","","","","","","","","","","","","","8011501008630","","","",""
"有限会社ベストサプライ","2568499487684","","","","","","","350-0324","埼玉県比企郡鳩山町大字大豆戸1217-4","","","","","","","","","","","","","","","6030002094445","","","",""
"株式会社別所","8368314289219","","","","","","","661-0976","兵庫県尼崎市潮江二丁目11-5","","","","","","","","","","","","","","","5140001100417","","","",""
"株式会社別処電線製造所","8034761056790","","","","","","","567-0878","大阪府茨木市蔵垣内一丁目2-10","","","","","","","","","","","","","","","9120901011942","","","",""
"別府鋳工株式会社","7794158847664","","","","","","","131-0041","東京都墨田区八広三丁目3-8","","","","","","","","","","","","","","","6010601015943","","","",""
"有限会社ベル商会","4308426286625","","","","","","","182-0035","東京都調布市上石原三丁目50-7","","","","","","","","","","","","","","","2012402012421","","","",""
"Ｂｅｌｄｅｎテクノロジーズ株式会社","9214086057632","","","","","","","220-0012","神奈川県横浜市西区みなとみらい二丁目2-1 横浜ランドマークプラザ5階","","","","","","","","","","","","","","","1010401065854","","","",""
"株式会社ベルメタルジャパン","6318780478589","","","","","","","145-0071","東京都大田区田園調布五丁目47-11","","","","","","","","","","","","","","","9010801023751","","","",""
"有限会社宝永金型製作所","1365632170804","","","","","","","402-0045","山梨県都留市大幡1584","","","","","","","","","","","","","","","8090002010477","","","",""
"豊栄工業株式会社","3610528502185","","","","","","","511-0207","三重県いなべ市員弁町上笠田2781","","","","","","","","","","","","","","","4190001013284","","","",""
"宝甲亜鉛株式会社","8024590696320","","","","","","","230-0002","神奈川県横浜市鶴見区江ケ崎町3-51","","","","","","","","","","","","","","","7020001018768","","","",""
"株式会社豊光金属工業所","5906511765030","","","","","","","578-0948","大阪府東大阪市菱屋東三丁目2-1","","","","","","","","","","","","","","","1122001005320","","","",""
"豊彰繊維工業株式会社","8328626634079","","","","","","","920-0266","石川県河北郡内灘町字大根布一丁目47","","","","","","","","","","","","","","","7220001017304","","","",""
"株式会社宝角合金製作所","1121249140106","","","","","","","672-8035","兵庫県姫路市飾磨区中島1345-2","","","","","","","","","","","","","","","5140001061502","","","",""
"豊馬産業有限会社","7867511791181","","","","","","","375-0015","群馬県藤岡市中栗須686","","","","","","","","","","","","","","","6070002017773","","","",""
"豊湯アルミニウム有限会社","2417885982924","","","","","","","731-1221","広島県山県郡北広島町今吉田496-1","","","","","","","","","","","","","","","3240002029696","","","",""
"有限会社豊和工業","9635592548772","","","","","","","355-0077","埼玉県東松山市大字上唐子977","","","","","","","","","","","","","","","4030002096294","","","",""
"邦和鋳工有限会社","4436635218470","","","","","","","332-0032","埼玉県川口市中青木四丁目13-15","","","","","","","","","","","","","","","9030002106833","","","",""
"株式会社豊和電設","5086652471441","","","","","","","116-0002","東京都荒川区荒川一丁目12-18","","","","","","","","","","","","","","","8011501008671","","","",""
"株式会社北越電線","2356554546171","","","","","","","578-0984","大阪府東大阪市菱江一丁目17-37","","","","","","","","","","","","","","","4122001024937","","","",""
"北越ハーネス株式会社","3325849887063","","","","","","","939-2718","富山県富山市婦中町分田70-1","","","","","","","","","","","","","","","2230001001261","","","",""
"株式会社ホクエツハーネス","2535015623508","","","","","","","949-8603","新潟県十日町市下条一丁目137-1","","","","","","","","","","","","","","","1110001021470","","","",""
"北薩精工株式会社","9133842253836","","","","","","","179-0081","東京都練馬区北町一丁目34-11","","","","","","","","","","","","","","","4011601010283","","","",""
"ホクシン工業株式会社","7336256060673","","","","","","","399-3302","長野県下伊那郡松川町生田5888-1","","","","","","","","","","","","","","","9100001023106","","","",""
"北勢金属工業株式会社","3402435402902","","","","","","","511-0002","三重県桑名市大字福島960","","","","","","","","","","","","","","","4190001012550","","","",""
"北勢ダイキャスト工業株式会社","7784511458504","","","","","","","511-0121","三重県桑名市多度町美鹿1203-1","","","","","","","","","","","","","","","4190001012757","","","",""
"ホクセイテクノ株式会社","9889897573088","","","","","","","915-0855","福井県越前市下平吹町10-9","","","","","","","","","","","","","","","3210001011947","","","",""
"ホクダイ株式会社","6458834507522","","","","","","","059-1434","北海道勇払郡安平町早来富岡257","","","","","","","","","","","","","","","6430001053758","","","",""
"北大加工株式会社","9614048635407","","","","","","","879-0441","大分県宇佐市大字吉松285-1","","","","","","","","","","","","","","","4320001016620","","","",""
"ホクダイ工業株式会社","6673710858709","","","","","","","227-0062","神奈川県横浜市青葉区青葉台二丁目10-3","","","","","","","","","","","","","","","4020001012071","","","",""
"北電工業株式会社","5186996395716","","","","","","","143-0016","東京都大田区大森北二丁目14-9","","","","","","","","","","","","","","","9010801010881","","","",""
"北東工業株式会社","4753256014020","","","","","","","455-0076","愛知県名古屋市港区川間町三丁目14","","","","","","","","","","","","","","","2180001007363","","","",""
"北陸アルミニウム株式会社","6958243309773","","","","","","","933-0344","富山県高岡市笹川2265","","","","","","","","","","","","","","","4230001010896","","","",""
"北陸軽金属工業株式会社","3841735828294","","","","","","","174-0052","東京都板橋区蓮沼町79-8","","","","","","","","","","","","","","","8011401005777","","","",""
"北陸ケーテイシーツール株式会社","3010243503573","","","","","","","925-0000","石川県羽咋市柳田町七〇150-1","","","","","","","","","","","","","","","5220001016126","","","",""
"北陸精錬株式会社","1276181609252","","","","","","","920-0376","石川県金沢市福増町北737","","","","","","","","","","","","","","","5220001006333","","","",""
"有限会社北陸地金精錬","8841875829499","","","","","","","933-0803","富山県高岡市出来田9","","","","","","","","","","","","","","","6230002012007","","","",""
"株式会社北陸銅器製作所","7579853230261","","","","","","","933-0852","富山県高岡市下黒田867","","","","","","","","","","","","","","","8230001010918","","","",""
"北陸ヒーティング株式会社","6438519257486","","","","","","","919-1132","福井県三方郡美浜町佐柿57-16","","","","","","","","","","","","","","","1210001010918","","","",""
"株式会社北陸ＬＩＸＩＬ製作所","5249635993734","","","","","","","932-0122","富山県小矢部市浅地130","","","","","","","","","","","","","","","1230001010841","","","",""
"ホシ技研株式会社","8764911322006","","","","","","","532-0035","大阪府大阪市淀川区三津屋南三丁目8-57","","","","","","","","","","","","","","","2120001058338","","","",""
"株式会社星太","4931957045610","","","","","","","955-0081","新潟県三条市東裏館二丁目18-1","","","","","","","","","","","","","","","8110001014674","","","",""
"株式会社星ダイカスト","8067048975056","","","","","","","121-0057","東京都足立区神明南一丁目14-11","","","","","","","","","","","","","","","7011801022646","","","",""
"星野鋼機株式会社","3211264033114","","","","","","","500-8082","岐阜県岐阜市矢島町二丁目9","","","","","","","","","","","","","","","1200001004714","","","",""
"株式会社星野合金","7322737859960","","","","","","","960-2153","福島県福島市庄野清水尻1-7","","","","","","","","","","","","","","","2380001001610","","","",""
"有限会社星野鋳造所","4724229677826","","","","","","","510-8111","三重県三重郡川越町大字当新田86","","","","","","","","","","","","","","","5190002021921","","","",""
"細倉金属鉱業株式会社","3572496928422","","","","","","","989-5402","宮城県栗原市鶯沢南郷荒町48","","","","","","","","","","","","","","","2370201003168","","","",""
"細田軽金属株式会社","1945209426773","","","","","","","509-1611","岐阜県下呂市金山町中切1516","","","","","","","","","","","","","","","4200001026020","","","",""
"穂高ダイカスト工業株式会社","4792801238682","","","","","","","399-8301","長野県安曇野市穂高有明2267-1","","","","","","","","","","","","","","","4100001015297","","","",""
"北海電線販売株式会社","5845288868026","","","","","","","226-0006","神奈川県横浜市緑区白山二丁目36-19-1","","","","","","","","","","","","","","","4020001002428","","","",""
"北海道住電精密株式会社","2834901090277","","","","","","","079-0300","北海道空知郡奈井江町字奈井江776","","","","","","","","","","","","","","","3430001048694","","","",""
"株式会社北海道ダイキアルミ","3239826518450","","","","","","","059-1362","北海道苫小牧市字柏原6-276","","","","","","","","","","","","","","","1430001054100","","","",""
"株式会社北海道メタルアート","9686162869638","","","","","","","007-0836","北海道札幌市東区北三十六条東三丁目2-5","","","","","","","","","","","","","","","5430001037869","","","",""
"ホッコー株式会社","7688145373426","","","","","","","460-0006","愛知県名古屋市中区葵一丁目27-24","","","","","","","","","","","","","","","7180001040590","","","",""
"北光金属株式会社","3434366329898","","","","","","","353-0001","埼玉県志木市上宗岡三丁目10-1","","","","","","","","","","","","","","","1030001045478","","","",""
"ホット株式会社","5426241240875","","","","","","","581-0036","大阪府八尾市沼四丁目85","","","","","","","","","","","","","","","6122001015918","","","",""
"有限会社保永金属精錬所","8048303602412","","","","","","","334-0053","埼玉県川口市大字安行吉蔵136-1","","","","","","","","","","","","","","","6030002107818","","","",""
"有限会社誉工業","7734560488333","","","","","","","431-0403","静岡県湖西市大知波728-19","","","","","","","","","","","","","","","3080402009455","","","",""
"有限会社ホーメイダイカスト","6045513621482","","","","","","","561-0841","大阪府豊中市名神口三丁目1-19","","","","","","","","","","","","","","","3120902019718","","","",""
"株式会社堀栄","6563694383611","","","","","","","939-1118","富山県高岡市戸出栄町54-4","","","","","","","","","","","","","","","4230001017033","","","",""
"株式会社堀尾製作所","2052136107345","","","","","","","987-1103","宮城県石巻市北村高地谷一 21-2","","","","","","","","","","","","","","","1370301001139","","","",""
"堀金箔粉株式会社","6645874404105","","","","","","","604-0907","京都府京都市中京区大文字町356","","","","","","","","","","","","","","","6130001022520","","","",""
"ホーリュウ化学株式会社","7560049794319","","","","","","","105-0004","東京都港区新橋六丁目22-2 佐藤ビル2階","","","","","","","","","","","","","","","1010401027441","","","",""
"有限会社ホワイトオール","5392877572965","","","","","","","400-0116","山梨県甲斐市玉川1560-8","","","","","","","","","","","","","","","6090002005529","","","",""
"株式会社本郷金属工業所","6886038489238","","","","","","","639-0241","奈良県香芝市高151-1","","","","","","","","","","","","","","","3150001013405","","","",""
"本城金属株式会社","5541055020940","","","","","","","578-0984","大阪府東大阪市菱江二丁目3-8","","","","","","","","","","","","","","","3122001012587","","","",""
"有限会社本城金属製作所","8496083204749","","","","","","","550-0024","大阪府大阪市西区境川一丁目4-17","","","","","","","","","","","","","","","3120002049673","","","",""
"本荘ケミカル株式会社","3626612218058","","","","","","","572-0076","大阪府寝屋川市仁和寺本町四丁目19-7","","","","","","","","","","","","","","","4120001151727","","","",""
"有限会社ホンダ","4621847388782","","","","","","","417-0847","静岡県富士市比奈1003","","","","","","","","","","","","","","","9080102015013","","","",""
"本多アルミ株式会社","6628262280339","","","","","","","990-2211","山形県山形市大字十文字3455-8","","","","","","","","","","","","","","","6390001001721","","","",""
"本田金属技術株式会社","2626302663119","","","","","","","350-1101","埼玉県川越市大字的場1620","","","","","","","","","","","","","","","9030001055560","","","",""
"本多金属工業株式会社","3562057366402","","","","","","","460-0008","愛知県名古屋市中区栄三丁目32-22","","","","","","","","","","","","","","","4180001040593","","","",""
"有限会社本多軽合金","7872017641910","","","","","","","144-0045","東京都大田区南六郷二丁目10-6","","","","","","","","","","","","","","","6010802013119","","","",""
"本田電子工業株式会社","2802940329890","","","","","","","316-0001","茨城県日立市諏訪町一丁目4-14","","","","","","","","","","","","","","","1050001023556","","","",""
"株式会社ホンダトレーディングアルミニウム","4820997092804","","","","","","","376-0136","群馬県桐生市新里町板橋320-9","","","","","","","","","","","","","","","2330001009113","","","",""
"本間電産株式会社","4592595765297","","","","","","","577-0033","大阪府東大阪市御厨東一丁目6-18","","","","","","","","","","","","","","","4122001006927","","","",""
"株式会社ポケット","9582646902245","","","","","","","252-0176","神奈川県相模原市緑区寸沢嵐2768-2","","","","","","","","","","","","","","","1021001018821","","","",""
"マイクコード株式会社","2660919186562","","","","","","","239-0832","神奈川県横須賀市神明町58-8","","","","","","","","","","","","","","","5021001041092","","","",""
"株式会社舞谷","1342773854606","","","","","","","920-0921","石川県金沢市材木町27-13","","","","","","","","","","","","","","","3220001007820","","","",""
"有限会社舞鶴鉄工所","5972724713389","","","","","","","624-0931","京都府舞鶴市字松陰小字島崎29-6","","","","","","","","","","","","","","","5130002034598","","","",""
"有限会社マウンド電子","3525927719174","","","","","","","339-0058","埼玉県さいたま市岩槻区本丸一丁目25-20","","","","","","","","","","","","","","","6030002021795","","","",""
"株式会社マエダ","7879190846793","","","","","","","427-0017","静岡県島田市南二丁目7-26","","","","","","","","","","","","","","","6080001013293","","","",""
"株式会社マエダ","7091660669336","","","","","","","144-0047","東京都大田区萩中一丁目14-3","","","","","","","","","","","","","","","3010801011002","","","",""
"有限会社マエダ工業","3554262775374","","","","","","","561-0825","大阪府豊中市二葉町一丁目3-5","","","","","","","","","","","","","","","4120902019766","","","",""
"前田鋼材株式会社","6126135207414","","","","","","","921-8006","石川県金沢市進和町14","","","","","","","","","","","","","","","7220001006538","","","",""
"有限会社前田合金鋳造所","1070800153543","","","","","","","029-4201","岩手県奥州市前沢古城板子沢62-2","","","","","","","","","","","","","","","9400602001470","","","",""
"前橋橋本合金株式会社","3868187242714","","","","","","","371-0852","群馬県前橋市総社町総社2117-1","","","","","","","","","","","","","","","3070001003001","","","",""
"有限会社マキタテック","3044692329849","","","","","","","424-0902","静岡県静岡市清水区折戸五丁目15-30","","","","","","","","","","","","","","","1080002011284","","","",""
"株式会社牧野金属工業所","3316993001948","","","","","","","442-0861","愛知県豊川市財賀町コウデ14-1","","","","","","","","","","","","","","","8180301010219","","","",""
"巻幡軽合金株式会社","6019792820783","","","","","","","651-2228","兵庫県神戸市西区見津が丘一丁目1-4","","","","","","","","","","","","","","","5140001005351","","","",""
"マークオプト株式会社","2283260990464","","","","","","","570-0043","大阪府守口市南寺方東通二丁目11-30","","","","","","","","","","","","","","","3120001156685","","","",""
"株式会社マクルウ","9889050222532","","","","","","","418-0023","静岡県富士宮市山本286-1","","","","","","","","","","","","","","","9080101012374","","","",""
"マグキャスト株式会社","5541020930268","","","","","","","806-0001","福岡県北九州市八幡西区築地町9-24","","","","","","","","","","","","","","","8290801026892","","","",""
"株式会社マグトロニクス","7392907848032","","","","","","","252-0004","神奈川県座間市東原四丁目2-2","","","","","","","","","","","","","","","6021001026539","","","",""
"株式会社マグレクト","4972307881716","","","","","","","409-3864","山梨県中巨摩郡昭和町押越1055-3","","","","","","","","","","","","","","","9090001005056","","","",""
"株式会社マコト軽金属","3654433704573","","","","","","","353-0001","埼玉県志木市上宗岡三丁目13-56","","","","","","","","","","","","","","","4030001045483","","","",""
"有限会社マコト製作所","9497552128768","","","","","","","723-0044","広島県三原市宗郷一丁目4-33","","","","","","","","","","","","","","","6240002053652","","","",""
"有限会社マコト電子","9113502136803","","","","","","","336-0926","埼玉県さいたま市緑区東浦和六丁目21-10","","","","","","","","","","","","","","","5030002012449","","","",""
"大金属工業株式会社","5371880921952","","","","","","","132-0011","東京都江戸川区瑞江三丁目23-8","","","","","","","","","","","","","","","9040001066458","","","",""
"有限会社増井エンジニアリング","5495923599699","","","","","","","505-0000","岐阜県美濃加茂市加茂野町今泉195","","","","","","","","","","","","","","","8200002017626","","","",""
"株式会社マスシン","3062763372922","","","","","","","422-8026","静岡県静岡市駿河区富士見台三丁目1-15","","","","","","","","","","","","","","","5080001004814","","","",""
"増田合金工業株式会社","3937642653060","","","","","","","123-0873","東京都足立区扇三丁目19-23","","","","","","","","","","","","","","","6011801011996","","","",""
"マストミ電子株式会社","8714353304777","","","","","","","333-0801","埼玉県川口市東川口六丁目19-31","","","","","","","","","","","","","","","6030001077228","","","",""
"株式会社マチダ製作所","9106542598948","","","","","","","357-0123","埼玉県飯能市大字中藤下郷610-2","","","","","","","","","","","","","","","8030001089592","","","",""
"株式会社松内合金所","2213228600961","","","","","","","574-0064","大阪府大東市御領三丁目12-21","","","","","","","","","","","","","","","1122001015947","","","",""
"有限会社松浦軽合金鋳造所","6824662343531","","","","","","","438-0231","静岡県磐田市豊岡2961-2","","","","","","","","","","","","","","","9080402020695","","","",""
"有限会社松岡製作所","4612557106096","","","","","","","410-0104","静岡県沼津市獅子浜277-1","","","","","","","","","","","","","","","1080102006481","","","",""
"松尾ハンダ株式会社","1063637609751","","","","","","","242-0001","神奈川県大和市下鶴間2775","","","","","","","","","","","","","","","9010701009215","","","",""
"有限会社松川軽金属鈑金工作所","7128219315981","","","","","","","630-0131","奈良県生駒市上町1117-1","","","","","","","","","","","","","","","4150002004435","","","",""
"有限会社松川工業","6147383317210","","","","","","","792-0802","愛媛県新居浜市新須賀町三丁目1-49","","","","","","","","","","","","","","","7500002017118","","","",""
"株式会社松樹メタル","4958308543976","","","","","","","933-0951","富山県高岡市長慶寺1031","","","","","","","","","","","","","","","6230001010960","","","",""
"松阪可鍛株式会社","1841734659882","","","","","","","515-0027","三重県松阪市朝田町野入3","","","","","","","","","","","","","","","8190001010550","","","",""
"松沢ダイカスト工業有限会社","1341105701418","","","","","","","382-0000","長野県須坂市大字小河原3499","","","","","","","","","","","","","","","7100002008850","","","",""
"有限会社松沢冷間鍛造","4751165533974","","","","","","","448-0813","愛知県刈谷市小垣江町本郷下56-3","","","","","","","","","","","","","","","9180302018961","","","",""
"株式会社松下","6428629623955","","","","","","","133-0044","東京都江戸川区本一色一丁目30-8","","","","","","","","","","","","","","","7011701007350","","","",""
"松島金属株式会社","2678752412833","","","","","","","360-0112","埼玉県熊谷市樋春2060","","","","","","","","","","","","","","","2030001085507","","","",""
"株式会社松商","5192939270010","","","","","","","373-0817","群馬県太田市飯塚町1468","","","","","","","","","","","","","","","7070001020166","","","",""
"株式会社マツダ","9458140091431","","","","","","","936-0016","富山県滑川市曲渕176","","","","","","","","","","","","","","","3230001007910","","","",""
"株式会社松平精工","9756963625737","","","","","","","538-0037","大阪府大阪市鶴見区焼野三丁目2-133","","","","","","","","","","","","","","","3120001001965","","","",""
"株式会社松平鋳工所","5685161420718","","","","","","","940-2022","新潟県長岡市鉄工町一丁目2-64","","","","","","","","","","","","","","","3110001024109","","","",""
"茨田製線株式会社","5581777818681","","","","","","","520-2501","滋賀県蒲生郡竜王町大字弓削22-8","","","","","","","","","","","","","","","7160001011057","","","",""
"有限会社松田鋳造","5131206493709","","","","","","","940-0013","新潟県長岡市原町一丁目1-26","","","","","","","","","","","","","","","2110002029157","","","",""
"松田電興株式会社","2195099734451","","","","","","","553-0003","大阪府大阪市福島区福島八丁目1-23","","","","","","","","","","","","","","","7120001036545","","","",""
"株式会社マツトモ","5714406628219","","","","","","","158-0081","東京都世田谷区深沢五丁目16-14","","","","","","","","","","","","","","","5010901011362","","","",""
"株式会社松永鋳造所","3349976928111","","","","","","","857-1164","長崎県佐世保市白岳町50-4","","","","","","","","","","","","","","","3310001006012","","","",""
"合資会社松野鋳造所","4645288883712","","","","","","","427-0111","静岡県島田市阪本644-1","","","","","","","","","","","","","","","7080003001329","","","",""
"株式会社マツバヤシ","3562746075194","","","","","","","522-0057","滋賀県彦根市八坂町1083","","","","","","","","","","","","","","","5160001008773","","","",""
"株式会社マツバラ","5936917403469","","","","","","","504-0034","岐阜県各務原市那加浜見町二丁目22","","","","","","","","","","","","","","","2200001007534","","","",""
"株式会社松村金銀店","2504166064513","","","","","","","124-0013","東京都葛飾区東立石三丁目11-7 1階","","","","","","","","","","","","","","","5011801022037","","","",""
"松村金属株式会社","8801834367859","","","","","","","733-0011","広島県広島市西区横川町二丁目2-11","","","","","","","","","","","","","","","2240001011086","","","",""
"有限会社松村商会","1921275493475","","","","","","","866-0898","熊本県八代市古閑中町2261-3","","","","","","","","","","","","","","","9330002026381","","","",""
"株式会社マツモト","8332563451202","","","","","","","339-0024","埼玉県さいたま市岩槻区大字釣上45-2","","","","","","","","","","","","","","","5030002021763","","","",""
"松本アルミ株式会社","6000813873199","","","","","","","793-0044","愛媛県西条市古川甲123","","","","","","","","","","","","","","","4500001009127","","","",""
"有限会社松本工業","3447590224789","","","","","","","424-0943","静岡県静岡市清水区港町二丁目7-11","","","","","","","","","","","","","","","3080002011274","","","",""
"有限会社マツモト製作所","4560459612641","","","","","","","123-0852","東京都足立区関原三丁目20-12","","","","","","","","","","","","","","","6011802018743","","","",""
"株式会社松屋精練","2801329293655","","","","","","","600-8467","京都府京都市下京区麓町638","","","","","","","","","","","","","","","6130001018840","","","",""
"マテリアルエコリファイン株式会社","5094606467146","","","","","","","101-0045","東京都千代田区神田鍛冶町三丁目5-2 KDX鍛冶町ビル2F","","","","","","","","","","","","","","","4010001138041","","","",""
"株式会社マテリアル新城","8850527374329","","","","","","","441-1337","愛知県新城市八名井赤松1-10","","","","","","","","","","","","","","","5180301024221","","","",""
"株式会社マテリアルジャパン","9173290978286","","","","","","","299-3238","千葉県大網白里市東駒込6-11","","","","","","","","","","","","","","","7040001057748","","","",""
"有限会社マドネスジャパン","1943462386578","","","","","","","610-0343","京都府京田辺市大住池ノ端45","","","","","","","","","","","","","","","8130002031502","","","",""
"株式会社眞鍋製鋲所","6468676455556","","","","","","","537-0011","大阪府大阪市東成区東今里三丁目5-9","","","","","","","","","","","","","","","7120001013610","","","",""
"真野工業株式会社","4551912422559","","","","","","","456-0003","愛知県名古屋市熱田区波寄町2-27","","","","","","","","","","","","","","","5180001022789","","","",""
"株式会社ＭＥＲＦ","4961775229999","","","","","","","934-0031","富山県射水市奈呉の江12-2","","","","","","","","","","","","","","","3230001012407","","","",""
"株式会社真船製作所","5825337953040","","","","","","","190-1222","東京都西多摩郡瑞穂町箱根ケ崎東松原25-4","","","","","","","","","","","","","","","8013101001536","","","",""
"マーブ工業株式会社","3833152314783","","","","","","","424-0066","静岡県静岡市清水区七ツ新屋489","","","","","","","","","","","","","","","3080001009154","","","",""
"丸井電機産業株式会社","4136500753945","","","","","","","599-8123","大阪府堺市東区北野田341-1","","","","","","","","","","","","","","","5120101023627","","","",""
"丸岩電線株式会社","8529602788280","","","","","","","574-0062","大阪府大東市氷野三丁目2-33","","","","","","","","","","","","","","","4122001015952","","","",""
"丸栄金属有限会社","9064214660623","","","","","","","491-0013","愛知県一宮市北小渕八幡14","","","","","","","","","","","","","","","2180002077620","","","",""
"有限会社丸栄電産","5999613972453","","","","","","","700-0905","岡山県岡山市北区春日町4-5","","","","","","","","","","","","","","","6260002009446","","","",""
"丸江伸銅株式会社","7972270597448","","","","","","","610-0112","京都府城陽市長池五社ケ谷20","","","","","","","","","","","","","","","2130001038586","","","",""
"マルエスメタル株式会社","5459794412932","","","","","","","270-1402","千葉県白井市平塚2592-3","","","","","","","","","","","","","","","7040001043962","","","",""
"株式会社丸勝精工","5743262298966","","","","","","","489-0071","愛知県瀬戸市暁町3-132","","","","","","","","","","","","","","","5180001079854","","","",""
"丸勝鋳造有限会社","2286492861176","","","","","","","332-0023","埼玉県川口市飯塚三丁目4-4","","","","","","","","","","","","","","","8030002107254","","","",""
"株式会社丸久製作所","6447941168977","","","","","","","960-1304","福島県福島市飯野町大久保南町4","","","","","","","","","","","","","","","5380001003042","","","",""
"株式会社マルコ","3299499374713","","","","","","","171-0041","東京都豊島区千川二丁目40-3","","","","","","","","","","","","","","","4013301012782","","","",""
"有限会社丸子軽合金鋳造所","4688821032639","","","","","","","386-0412","長野県上田市御嶽堂1-2","","","","","","","","","","","","","","","5100002016442","","","",""
"丸昌化学工業株式会社","1479879422509","","","","","","","540-0012","大阪府大阪市中央区谷町四丁目5-9","","","","","","","","","","","","","","","5120001090016","","","",""
"有限会社丸昭工業所","9898286306943","","","","","","","322-0256","栃木県鹿沼市下沢644","","","","","","","","","","","","","","","9060002020940","","","",""
"有限会社丸昌製作所","8661440945255","","","","","","","533-0005","大阪府大阪市東淀川区瑞光五丁目5-16","","","","","","","","","","","","","","","5120002025755","","","",""
"丸信金属工業株式会社","1798349000491","","","","","","","326-0826","栃木県足利市借宿町65","","","","","","","","","","","","","","","4060001019220","","","",""
"有限会社丸新軽合金","8312021182329","","","","","","","581-0066","大阪府八尾市北亀井町二丁目1-1","","","","","","","","","","","","","","","7122002014868","","","",""
"有限会社マルジョウ化工","8537287888854","","","","","","","408-0034","山梨県北杜市長坂町大八田2287-3","","","","","","","","","","","","","","","9090002014287","","","",""
"丸善電解株式会社","2975201459634","","","","","","","537-0003","大阪府大阪市東成区神路一丁目9-14","","","","","","","","","","","","","","","8120001013700","","","",""
"有限会社丸宗物産","1191719065098","","","","","","","931-8333","富山県富山市蓮町二丁目7-22","","","","","","","","","","","","","","","7230002003418","","","",""
"丸高テック株式会社","9037576329350","","","","","","","577-0016","大阪府東大阪市長田西四丁目3-9","","","","","","","","","","","","","","","6120001184072","","","",""
"丸天鋳造株式会社","2377225883411","","","","","","","444-0305","愛知県西尾市平坂町堤根敷10","","","","","","","","","","","","","","","5180301023842","","","",""
"株式会社マルトモ","1815967789828","","","","","","","500-8241","岐阜県岐阜市領下四丁目10-1","","","","","","","","","","","","","","","5180001007435","","","",""
"株式会社マルナカ製作所","7301844999356","","","","","","","466-0064","愛知県名古屋市昭和区鶴舞二丁目19-14","","","","","","","","","","","","","","","3180001009409","","","",""
"丸平産業株式会社","8394876500535","","","","","","","363-0002","埼玉県桶川市赤堀二丁目15-4","","","","","","","","","","","","","","","9030001042880","","","",""
"有限会社丸山軽合金鋳造所","9101442928729","","","","","","","441-1231","愛知県豊川市一宮町上新切443","","","","","","","","","","","","","","","6180302014377","","","",""
"有限会社丸山ダイカスト","5173225127902","","","","","","","326-0337","栃木県足利市島田町65","","","","","","","","","","","","","","","6060002037442","","","",""
"マルヤマ電機株式会社","5344470926245","","","","","","","355-0152","埼玉県比企郡吉見町大字和名221-58","","","","","","","","","","","","","","","6030001071180","","","",""
"有限会社丸祐合金鋳造所","4369229894964","","","","","","","510-8034","三重県四日市市大矢知町2076-12","","","","","","","","","","","","","","","4190002022144","","","",""
"丸吉電機株式会社","8670634211415","","","","","","","105-0023","東京都港区芝浦一丁目14-5 芝浦TYビル","","","","","","","","","","","","","","","1010401028472","","","",""
"合資会社丸和伸線所","1391578054361","","","","","","","590-0824","大阪府堺市堺区老松町二丁66","","","","","","","","","","","","","","","1120103000124","","","",""
"丸和製器株式会社","7434129974204","","","","","","","933-0946","富山県高岡市昭和町一丁目3-1","","","","","","","","","","","","","","","7230001011009","","","",""
"株式会社萬平製作所","6693618819794","","","","","","","182-0002","東京都調布市仙川町三丁目5-14 105","","","","","","","","","","","","","","","3012401008618","","","",""
"三池製錬株式会社","9987438364340","","","","","","","836-0017","福岡県大牟田市新開町2-1","","","","","","","","","","","","","","","3290001054088","","","",""
"有限会社三浦アルミ","9752249307809","","","","","","","332-0026","埼玉県川口市南町一丁目14-25","","","","","","","","","","","","","","","2030002112020","","","",""
"三浦金属株式会社","2458253430992","","","","","","","577-0816","大阪府東大阪市友井二丁目9-14","","","","","","","","","","","","","","","4122001007165","","","",""
"株式会社三浦合金工業所","1791982183070","","","","","","","210-0854","神奈川県川崎市川崎区浅野町6-14","","","","","","","","","","","","","","","6020001074688","","","",""
"三重鋼業株式会社","5796236907599","","","","","","","514-0315","三重県津市香良洲町6381-1","","","","","","","","","","","","","","","2190001001043","","","",""
"三重線工株式会社","1787406515310","","","","","","","598-0021","大阪府泉佐野市日根野670-1","","","","","","","","","","","","","","","8120101045734","","","",""
"三重ダイキャスト工業株式会社","3825571931499","","","","","","","511-0202","三重県いなべ市員弁町楚原750-1","","","","","","","","","","","","","","","4190001012988","","","",""
"三重電線工業株式会社","8252833415682","","","","","","","510-0941","三重県四日市市東日野二丁目7-27","","","","","","","","","","","","","","","5190001016419","","","",""
"ミカゲ金属株式会社","9637250735734","","","","","","","541-0059","大阪府大阪市中央区博労町三丁目6-7 三都ビル206号","","","","","","","","","","","","","","","4122001007173","","","",""
"ミカゲ金属工業株式会社","2531680081677","","","","","","","514-2302","三重県津市安濃町安濃日暮2222-2","","","","","","","","","","","","","","","6190001001601","","","",""
"株式会社三甲野工業","5130644688607","","","","","","","720-2104","広島県福山市神辺町道上2840-5","","","","","","","","","","","","","","","7240001050550","","","",""
"三上軽金属株式会社","7928770534741","","","","","","","581-0851","大阪府八尾市上尾町六丁目14","","","","","","","","","","","","","","","9122001020188","","","",""
"株式会社三河金属","6798643658591","","","","","","","444-1222","愛知県安城市和泉町大海古2-2","","","","","","","","","","","","","","","3180301016930","","","",""
"三河工機株式会社","1016558630888","","","","","","","444-0905","愛知県岡崎市宇頭町稲荷3","","","","","","","","","","","","","","","6180301001987","","","",""
"有限会社三河工機袋井製作所","3139504871493","","","","","","","437-0121","静岡県袋井市宇刈3213-1","","","","","","","","","","","","","","","5080402021813","","","",""
"三河商事株式会社","7560505093733","","","","","","","123-0872","東京都足立区江北七丁目6-21","","","","","","","","","","","","","","","2011801012296","","","",""
"三河プロペラ株式会社","6117123394823","","","","","","","443-0104","愛知県蒲郡市形原町三浦町21-10","","","","","","","","","","","","","","","2180301011395","","","",""
"株式会社美起","3706203835640","","","","","","","381-0026","長野県長野市松岡二丁目29-16","","","","","","","","","","","","","","","1100001003379","","","",""
"三起電線株式会社","4423626031844","","","","","","","574-0051","大阪府大東市新田境町4-13","","","","","","","","","","","","","","","5122001015423","","","",""
"株式会社ミクスター","2112658942084","","","","","","","400-0301","山梨県南アルプス市桃園293","","","","","","","","","","","","","","","2090001014328","","","",""
"三国金属株式会社","5359139465621","","","","","","","452-0802","愛知県名古屋市西区比良二丁目129","","","","","","","","","","","","","","","5180001027243","","","",""
"有限会社ミクニ工業","1572472745890","","","","","","","196-0002","東京都昭島市拝島町二丁目11-11","","","","","","","","","","","","","","","1012802003806","","","",""
"三国鋼業株式会社","7084462176289","","","","","","","561-0842","大阪府豊中市今在家町2-15","","","","","","","","","","","","","","","6120901025796","","","",""
"株式会社三国工業所","4130980172129","","","","","","","806-0047","福岡県北九州市八幡西区鷹の巣一丁目9-16 新教育ビル201","","","","","","","","","","","","","","","3290801010653","","","",""
"株式会社ミクニテック","4554738041820","","","","","","","532-0033","大阪府大阪市淀川区新高五丁目12-8","","","","","","","","","","","","","","","4120001185353","","","",""
"ミクニパーテック株式会社","6111147876445","","","","","","","421-0535","静岡県牧之原市笠名500-1","","","","","","","","","","","","","","","5080001013732","","","",""
"ミクロンスチール株式会社","8864314136353","","","","","","","300-2742","茨城県常総市向石下859-6","","","","","","","","","","","","","","","9050001030124","","","",""
"みさか工業株式会社","2833601746403","","","","","","","529-1161","滋賀県犬上郡豊郷町大字四十九院774-1","","","","","","","","","","","","","","","6160001008797","","","",""
"株式会社神坂鉱業","4788347617337","","","","","","","509-5122","岐阜県土岐市土岐津町土岐口2419-1","","","","","","","","","","","","","","","6200001021606","","","",""
"三篠鋳造株式会社","6771467598298","","","","","","","733-0007","広島県広島市西区大宮一丁目24-3","","","","","","","","","","","","","","","1240001011343","","","",""
"株式会社三澤","3617866731384","","","","","","","194-0036","東京都町田市木曽東三丁目22-17","","","","","","","","","","","","","","","5012301003031","","","",""
"株式会社三沢電線","6329672763786","","","","","","","352-0023","埼玉県新座市堀ノ内一丁目6-12","","","","","","","","","","","","","","","2030001046269","","","",""
"三島鐵工株式会社","1156878266086","","","","","","","566-0052","大阪府摂津市鳥飼本町二丁目2-4","","","","","","","","","","","","","","","9120901010119","","","",""
"株式会社三鈴","4343262567111","","","","","","","529-1663","滋賀県蒲生郡日野町大字北脇1-101","","","","","","","","","","","","","","","9122001015989","","","",""
"株式会社ミズコシ","2794598934701","","","","","","","511-0423","三重県いなべ市北勢町平野新田190","","","","","","","","","","","","","","","8190001012621","","","",""
"株式会社水沢軽合金鋳造所","8952622074614","","","","","","","023-0827","岩手県奥州市水沢太日通り一丁目8-15","","","","","","","","","","","","","","","7400601000822","","","",""
"水沢工業株式会社","5103196233131","","","","","","","023-0872","岩手県奥州市水沢桜屋敷西93-4","","","","","","","","","","","","","","","3400601000339","","","",""
"合同会社水沢ダイカスト","3910746587773","","","","","","","023-1131","岩手県奥州市江刺愛宕酉丸256-1","","","","","","","","","","","","","","","6400603000251","","","",""
"株式会社水沢鋳工所","2584946488090","","","","","","","023-0827","岩手県奥州市水沢太日通り一丁目8-15","","","","","","","","","","","","","","","8400601000350","","","",""
"水田合金株式会社","8488587795285","","","","","","","672-8064","兵庫県姫路市飾磨区細江646","","","","","","","","","","","","","","","7140001061797","","","",""
"水谷産業株式会社","2830875103906","","","","","","","507-0801","岐阜県多治見市東町二丁目47-25","","","","","","","","","","","","","","","2180001075030","","","",""
"水留ゴム工業株式会社","9753262187889","","","","","","","124-0014","東京都葛飾区東四つ木四丁目1-4","","","","","","","","","","","","","","","8011801004692","","","",""
"水中貴金属工業株式会社","3377906228106","","","","","","","153-0065","東京都目黒区中町一丁目25-12","","","","","","","","","","","","","","","7013201005669","","","",""
"水野産業株式会社","6703541782920","","","","","","","448-0822","愛知県刈谷市松坂町一丁目201","","","","","","","","","","","","","","","2180301014514","","","",""
"有限会社瑞穂","2059630229437","","","","","","","203-0044","東京都東久留米市柳窪五丁目8-36","","","","","","","","","","","","","","","3012702007368","","","",""
"ミズホ工業株式会社","8784516917238","","","","","","","584-0081","大阪府富田林市大字廿山597","","","","","","","","","","","","","","","6120101031249","","","",""
"株式会社溝田ダイカスト","1126352239642","","","","","","","599-8234","大阪府堺市中区土塔町82","","","","","","","","","","","","","","","9120101006883","","","",""
"美高産業株式会社","9294618444326","","","","","","","252-0815","神奈川県藤沢市石川六丁目10-12","","","","","","","","","","","","","","","3021001001817","","","",""
"有限会社三宝工業所","3492185403272","","","","","","","574-0064","大阪府大東市御領一丁目5-13","","","","","","","","","","","","","","","6122002011206","","","",""
"株式会社ミタックス","9927550546358","","","","","","","703-8212","岡山県岡山市東区古都宿267-1","","","","","","","","","","","","","","","1260001006440","","","",""
"三谷伸銅株式会社","5319993214281","","","","","","","601-8128","京都府京都市南区上鳥羽大柳町1-1","","","","","","","","","","","","","","","9130001011776","","","",""
"株式会社海鋳","4318641998075","","","","","","","583-0001","大阪府藤井寺市川北二丁目1-47","","","","","","","","","","","","","","","4120101053815","","","",""
"三井金属株式会社","7331898933139","","","","","","","141-0032","東京都品川区大崎一丁目11-1","","","","","","","","","","","","","","","7010701011370","","","",""
"三井金属ダイカスト株式会社","9996363318462","","","","","","","407-0000","山梨県韮崎市草町下條割1200番地","","","","","","","","","","","","","","","9090001013686","","","",""
"三井串木野鉱山株式会社","8185441806445","","","","","","","896-0068","鹿児島県いちき串木野市三井12955","","","","","","","","","","","","","","","7340001009025","","","",""
"三井住友金属鉱山伸銅株式会社","9045282750265","","","","","","","362-0017","埼玉県上尾市二ツ宮656-1","","","","","","","","","","","","","","","3030001044098","","","",""
"有限会社三井ダイカスト工業所","1654264530835","","","","","","","334-0061","埼玉県川口市大字新堀309-1","","","","","","","","","","","","","","","8030002111941","","","",""
"三井広重工業株式会社","1122091067239","","","","","","","992-1128","山形県米沢市八幡原二丁目4300-51","","","","","","","","","","","","","","","1390001010140","","","",""
"株式会社三槌","9452285335159","","","","","","","340-0015","埼玉県草加市高砂一丁目7-11","","","","","","","","","","","","","","","2030001035619","","","",""
"三ツ豊産商有限会社","6786408737889","","","","","","","513-0007","三重県鈴鹿市小田町747","","","","","","","","","","","","","","","4190002007145","","","",""
"株式会社三葉製作所","9137190775906","","","","","","","142-0062","東京都品川区小山五丁目1-1","","","","","","","","","","","","","","","5010701009458","","","",""
"三菱ケミカルハイテクニカ株式会社","5847884076455","","","","","","","943-0000","新潟県上越市福田町1","","","","","","","","","","","","","","","8110001019087","","","",""
"三菱重工パワー精密鋳造株式会社","6164239607342","","","","","","","321-0905","栃木県宇都宮市平出工業団地1-17","","","","","","","","","","","","","","","8060001002635","","","",""
"三菱電線工業株式会社","3549736387873","","","","","","","100-0005","東京都千代田区丸の内三丁目4-1 新国際ビル","","","","","","","","","","","","","","","7010001094587","","","",""
"三菱電線工業販売株式会社","2395057153971","","","","","","","100-0005","東京都千代田区丸の内三丁目4-1 新国際ビル","","","","","","","","","","","","","","","5010001068353","","","",""
"三菱マテリアル株式会社","7899025311893","","","","","","","100-0005","東京都千代田区丸の内三丁目2-3","","","","","","","","","","","","","","","6010001023786","","","",""
"三菱マテリアル電子化成株式会社","6122355818418","","","","","","","010-0065","秋田県秋田市茨島三丁目1-6","","","","","","","","","","","","","","","4410001002925","","","",""
"三菱マテリアルハードメタル株式会社","2342288884094","","","","","","","503-2301","岐阜県安八郡神戸町大字横井中新田1528","","","","","","","","","","","","","","","9200001015308","","","",""
"株式会社三ッ星","6914178988201","","","","","","","541-0053","大阪府大阪市中央区本町一丁目4-8 エスリードビル本町5F","","","","","","","","","","","","","","","7120001025481","","","",""
"有限会社ミツミダイカスト","4049814378281","","","","","","","374-0111","群馬県邑楽郡板倉町大字海老瀬5912","","","","","","","","","","","","","","","1070002033965","","","",""
"株式会社ミトクハーネス","6960338202179","","","","","","","683-0362","鳥取県西伯郡南部町原251-25","","","","","","","","","","","","","","","7270001004082","","","",""
"株式会社三友軽合金","2523448766861","","","","","","","990-2211","山形県山形市大字十文字大原450-2","","","","","","","","","","","","","","","7390002002643","","","",""
"緑精線株式会社","8867333170237","","","","","","","224-0053","神奈川県横浜市都筑区池辺町3523-1","","","","","","","","","","","","","","","3020001009382","","","",""
"株式会社湊エンジニアリング","7833138502986","","","","","","","213-0034","神奈川県川崎市高津区上作延一丁目25-11","","","","","","","","","","","","","","","8020001067095","","","",""
"株式会社南口製作所","2069389335018","","","","","","","591-8031","大阪府堺市北区百舌鳥梅北町五丁392","","","","","","","","","","","","","","","6120101007034","","","",""
"南工業有限会社","6576829337120","","","","","","","716-0201","岡山県高梁市川上町地頭3079","","","","","","","","","","","","","","","3260002027021","","","",""
"有限会社南電業","3175890992779","","","","","","","924-0001","石川県白山市八田町1127-3","","","","","","","","","","","","","","","4220002009451","","","",""
"ミナルコ株式会社","6695380408658","","","","","","","590-0061","大阪府堺市堺区翁橋町一丁1-1","","","","","","","","","","","","","","","5120101007209","","","",""
"有限会社峯岸製作所","7054061227168","","","","","","","343-0806","埼玉県越谷市宮本町三丁目129-2","","","","","","","","","","","","","","","8030002088156","","","",""
"美濃工業株式会社","9526089793253","","","","","","","508-0001","岐阜県中津川市中津川1010-1","","","","","","","","","","","","","","","9200001023566","","","",""
"美濃工業栃木株式会社","8834762075314","","","","","","","323-0811","栃木県小山市大字犬塚129-2","","","","","","","","","","","","","","","8060001021643","","","",""
"株式会社美濃製作所","6201452223724","","","","","","","581-0067","大阪府八尾市神武町1-77","","","","","","","","","","","","","","","5122001020225","","","",""
"みのり化工有限会社","1611442052843","","","","","","","721-0926","広島県福山市大門町四丁目19-17","","","","","","","","","","","","","","","9240002043287","","","",""
"株式会社稔電機商会","3272646798128","","","","","","","573-0065","大阪府枚方市出口五丁目33-9","","","","","","","","","","","","","","","9120001150757","","","",""
"美原アルミ工業株式会社","3764503106400","","","","","","","622-0202","京都府船井郡京丹波町実勢岩根12-1","","","","","","","","","","","","","","","7130001035026","","","",""
"有限会社三原工業","5234069909908","","","","","","","433-8111","静岡県浜松市中央区葵西五丁目22-30","","","","","","","","","","","","","","","2080402008061","","","",""
"ミマキ電子部品株式会社","5611857937155","","","","","","","389-0512","長野県東御市滋野乙1382-1","","","","","","","","","","","","","","","2100001010886","","","",""
"有限会社ミマツ","1964903622087","","","","","","","488-0068","愛知県尾張旭市南原山町南原山76-1","","","","","","","","","","","","","","","6180002073062","","","",""
"株式会社美松","4873694982157","","","","","","","354-0001","埼玉県富士見市大字東大久保1051-1","","","","","","","","","","","","","","","8030001102644","","","",""
"株式会社宮内組","6715442628200","","","","","","","311-1705","茨城県行方市内宿179","","","","","","","","","","","","","","","5050001039202","","","",""
"宮岡金属株式会社","3897976054424","","","","","","","351-0101","埼玉県和光市白子一丁目11-1","","","","","","","","","","","","","","","5011601006719","","","",""
"株式会社宮尾製作所","5486410071229","","","","","","","399-4602","長野県上伊那郡箕輪町大字東箕輪4938","","","","","","","","","","","","","","","3100001024258","","","",""
"株式会社宮川産業","6269993759136","","","","","","","620-0356","京都府福知山市大江町尾藤1156","","","","","","","","","","","","","","","4130001041943","","","",""
"宮川電線株式会社","2445276426360","","","","","","","386-0027","長野県上田市常磐城四丁目11-5","","","","","","","","","","","","","","","6100001010354","","","",""
"株式会社宮木製作所","9315255707464","","","","","","","933-0951","富山県高岡市長慶寺1000","","","","","","","","","","","","","","","4230001011036","","","",""
"有限会社みやぎダイキャスト","4786464495342","","","","","","","981-2501","宮城県伊具郡丸森町大内七夕45","","","","","","","","","","","","","","","4370102001748","","","",""
"三宅金属株式会社","9627589209104","","","","","","","720-2117","広島県福山市神辺町下御領1016","","","","","","","","","","","","","","","5240001029563","","","",""
"有限会社三宅ファスナー","8927653012228","","","","","","","444-1213","愛知県安城市東端町用地78","","","","","","","","","","","","","","","4180302016210","","","",""
"株式会社宮坂ダイカスト","8282288936444","","","","","","","394-0000","長野県岡谷市西山1723-18","","","","","","","","","","","","","","","4100001019785","","","",""
"株式会社ミヤザキ","5236093966936","","","","","","","402-0024","山梨県都留市小野216-1","","","","","","","","","","","","","","","3090001008527","","","",""
"株式会社宮崎合金鋳造所","9366424168949","","","","","","","332-0031","埼玉県川口市青木一丁目4-28","","","","","","","","","","","","","","","9030001077423","","","",""
"株式会社宮﨑商店","7015379378180","","","","","","","700-0942","岡山県岡山市南区豊成二丁目10-30","","","","","","","","","","","","","","","2260001006530","","","",""
"宮崎部品株式会社","2378577944892","","","","","","","889-0611","宮崎県東臼杵郡門川町大字門川尾末7470","","","","","","","","","","","","","","","5350001006196","","","",""
"株式会社宮下編組","7381592704794","","","","","","","673-1334","兵庫県加東市吉井177","","","","","","","","","","","","","","","8140001077529","","","",""
"株式会社ミヤタ","2397743807906","","","","","","","969-0101","福島県西白河郡泉崎村大字泉崎山神山8-1","","","","","","","","","","","","","","","4380001010452","","","",""
"宮田軽金属株式会社","8063631527014","","","","","","","307-0016","茨城県結城市新堤仲通り6-6","","","","","","","","","","","","","","","7050001032683","","","",""
"有限会社宮田梱包工業","4608281590188","","","","","","","307-0015","茨城県結城市大字鹿窪980-1","","","","","","","","","","","","","","","2050002045004","","","",""
"ミヤタ鋳造株式会社","6756584069333","","","","","","","443-0038","愛知県蒲郡市拾石町前浜25-2","","","","","","","","","","","","","","","3180301011394","","","",""
"株式会社ミヤノ金属","7307696618843","","","","","","","441-3112","愛知県豊橋市東細谷町西篭田48-32","","","","","","","","","","","","","","","6180301006235","","","",""
"有限会社宮原合金鋳造所","4209829103967","","","","","","","569-0847","大阪府高槻市西面南二丁目10-7","","","","","","","","","","","","","","","5120902011383","","","",""
"有限会社宮原ダイカスト","4206944655794","","","","","","","393-0000","長野県諏訪郡下諏訪町湖浜6133-20","","","","","","","","","","","","","","","8100002029004","","","",""
"有限会社みやばしら製作所","3196516764617","","","","","","","811-3432","福岡県宗像市大井1008","","","","","","","","","","","","","","","4290002035458","","","",""
"有限会社ミヤビエンジニアリング","7250625093672","","","","","","","584-0004","大阪府富田林市木戸山町13-17","","","","","","","","","","","","","","","9120102017500","","","",""
"株式会社三山金属","5130416843917","","","","","","","577-0836","大阪府東大阪市渋川町二丁目5-9","","","","","","","","","","","","","","","5122001013220","","","",""
"有限会社三山金属工業所","5934504994324","","","","","","","371-0223","群馬県前橋市大胡町534","","","","","","","","","","","","","","","5070002005300","","","",""
"みやま工業有限会社","1065478280859","","","","","","","399-0211","長野県諏訪郡富士見町富士見25","","","","","","","","","","","","","","","7100002029608","","","",""
"三山電線株式会社","7644457312054","","","","","","","335-0031","埼玉県戸田市美女木六丁目6-5","","","","","","","","","","","","","","","8030001020730","","","",""
"宮丸精密金型株式会社","4753286001740","","","","","","","920-0209","石川県金沢市東蚊爪町一丁目31","","","","","","","","","","","","","","","2220001006955","","","",""
"宮本合金株式会社","3908333844187","","","","","","","536-0013","大阪府大阪市城東区鴫野東三丁目4-11","","","","","","","","","","","","","","","7120001016357","","","",""
"株式会社宮本合金鋳造所","9039019352188","","","","","","","581-0072","大阪府八尾市久宝寺五丁目4-55","","","","","","","","","","","","","","","1120001021817","","","",""
"美幸工業株式会社","8877270495707","","","","","","","437-1302","静岡県掛川市大渕1456-1200","","","","","","","","","","","","","","","9080401014657","","","",""
"株式会社明星電気商会","4453817751246","","","","","","","101-0044","東京都千代田区鍛冶町一丁目2-6","","","","","","","","","","","","","","","1010001030325","","","",""
"株式会社明神工業","7714383840512","","","","","","","390-0821","長野県松本市筑摩三丁目30-9","","","","","","","","","","","","","","","5100001014257","","","",""
"三芳合金工業株式会社","1413044941749","","","","","","","354-0045","埼玉県入間郡三芳町大字上富508","","","","","","","","","","","","","","","6030001056470","","","",""
"みらい機工株式会社","6740367017801","","","","","","","870-0018","大分県大分市豊海五丁目4-1","","","","","","","","","","","","","","","8320001015313","","","",""
"ミリオン合金株式会社","8226255999011","","","","","","","327-0811","栃木県佐野市関川町620-7","","","","","","","","","","","","","","","3010501013810","","","",""
"株式会社ミロク","9820099762895","","","","","","","146-0081","東京都大田区仲池上二丁目29-2","","","","","","","","","","","","","","","7010801011700","","","",""
"株式会社三輪スリッター工業","6071920631848","","","","","","","566-0055","大阪府摂津市新在家二丁目11-5","","","","","","","","","","","","","","","8120901009459","","","",""
"株式会社三輪鋳造所","4321480978176","","","","","","","454-0835","愛知県名古屋市中川区八家町二丁目53","","","","","","","","","","","","","","","3180001021041","","","",""
"株式会社ミワレイズ","3325562829498","","","","","","","649-0311","和歌山県有田市辻堂東瀬12-1","","","","","","","","","","","","","","","9170001007424","","","",""
"有限会社武川製作所","1530410795262","","","","","","","400-0335","山梨県南アルプス市加賀美1793-7","","","","","","","","","","","","","","","4090002007832","","","",""
"ムサシ工業株式会社","4840309615451","","","","","","","355-0812","埼玉県比企郡滑川町大字都25-41","","","","","","","","","","","","","","","3011401006243","","","",""
"ムサシ精密鋳造株式会社","9922058862923","","","","","","","152-0002","東京都目黒区目黒本町三丁目16-2","","","","","","","","","","","","","","","5013201005778","","","",""
"武蔵ダイカスト工業株式会社","1134720664187","","","","","","","350-1201","埼玉県日高市大字田波目658-5","","","","","","","","","","","","","","","4030001089852","","","",""
"ムツミ金属工業株式会社","3336380304669","","","","","","","536-0017","大阪府大阪市城東区新喜多東二丁目11-13","","","","","","","","","","","","","","","9120001016371","","","",""
"睦合金工業株式会社","4132188789051","","","","","","","340-0133","埼玉県幸手市大字惣新田5069","","","","","","","","","","","","","","","2030001031551","","","",""
"有限会社武藤工芸鋳物","7528814785350","","","","","","","010-0822","秋田県秋田市添川境内川原228-5","","","","","","","","","","","","","","","9410002003661","","","",""
"宗垣軽合金株式会社","8032936548678","","","","","","","532-0025","大阪府大阪市淀川区新北野二丁目8-9","","","","","","","","","","","","","","","1120001058727","","","",""
"村井メタル株式会社","5776862340499","","","","","","","596-0004","大阪府岸和田市荒木町二丁目5-15","","","","","","","","","","","","","","","1120101037688","","","",""
"株式会社村上商店","3972854724649","","","","","","","556-0023","大阪府大阪市浪速区稲荷二丁目6-11 マルジュウビル3F","","","","","","","","","","","","","","","6120001090709","","","",""
"有限会社村上鋳造所","5481101205541","","","","","","","322-0011","栃木県鹿沼市白桑田517-5","","","","","","","","","","","","","","","8060002020990","","","",""
"ムラカミマテリアル株式会社","4710119730282","","","","","","","252-0254","神奈川県相模原市中央区下九沢55-7","","","","","","","","","","","","","","","7021001014146","","","",""
"株式会社村田ダイカスト工業所","9388398742214","","","","","","","590-0904","大阪府堺市堺区南島町四丁154-10","","","","","","","","","","","","","","","8120101007354","","","",""
"有限会社村山合金鋳造所","1265791818740","","","","","","","940-0015","新潟県長岡市寿一丁目3-1","","","","","","","","","","","","","","","6110002029335","","","",""
"有限会社村山鉛工所","2618196751251","","","","","","","270-0222","千葉県野田市木間ケ瀬630-15","","","","","","","","","","","","","","","6040002098189","","","",""
"村山メタル株式会社","7959506840799","","","","","","","208-0023","東京都武蔵村山市伊奈平一丁目75-1","","","","","","","","","","","","","","","5012801003159","","","",""
"明光ダイカスト工業株式会社","2875829361148","","","","","","","368-0101","埼玉県秩父郡小鹿野町下小鹿野954","","","","","","","","","","","","","","","3030001091066","","","",""
"明興双葉株式会社","1532546108070","","","","","","","104-0031","東京都中央区京橋二丁目6-14 日立第六ビル4F","","","","","","","","","","","","","","","1010701009627","","","",""
"明昇産業有限会社","2737275406021","","","","","","","664-0843","兵庫県伊丹市岩屋一丁目3-50","","","","","","","","","","","","","","","4140002065107","","","",""
"株式会社明成","9885967597174","","","","","","","370-0706","群馬県邑楽郡明和町江口589","","","","","","","","","","","","","","","1070001022143","","","",""
"名成産業株式会社","9420458420141","","","","","","","462-0804","愛知県名古屋市北区上飯田南町五丁目92","","","","","","","","","","","","","","","8180001018421","","","",""
"株式会社明清産業","3202894200838","","","","","","","371-0202","群馬県前橋市粕川町室沢1332","","","","","","","","","","","","","","","3070001003257","","","",""
"名東電子工業株式会社","8085527610897","","","","","","","465-0055","愛知県名古屋市名東区勢子坊二丁目415-2","","","","","","","","","","","","","","","3180001067258","","","",""
"株式会社メイパルス","5703368163721","","","","","","","510-0053","三重県四日市市曙一丁目2-3","","","","","","","","","","","","","","","1190001016562","","","",""
"メイホウ金属株式会社","5112328887777","","","","","","","599-8242","大阪府堺市中区陶器北1067","","","","","","","","","","","","","","","5120101007175","","","",""
"有限会社名北電機","8153623125198","","","","","","","462-0063","愛知県名古屋市北区丸新町483","","","","","","","","","","","","","","","8180002036901","","","",""
"メイラ株式会社","6088969956875","","","","","","","453-0015","愛知県名古屋市中村区椿町17-15","","","","","","","","","","","","","","","1180001031884","","","",""
"有限会社明和アルミ","2734843577127","","","","","","","661-0964","兵庫県尼崎市神崎町21-13","","","","","","","","","","","","","","","7140002042846","","","",""
"有限会社明和工業","5085610999231","","","","","","","319-1224","茨城県日立市南高野町一丁目3-23","","","","","","","","","","","","","","","5050002031645","","","",""
"明和興業株式会社","4033558451606","","","","","","","470-1131","愛知県豊明市二村台二丁目26-14","","","","","","","","","","","","","","","1180001069520","","","",""
"株式会社明和製作所","4196998184775","","","","","","","819-1106","福岡県糸島市志登130-1","","","","","","","","","","","","","","","4290001033330","","","",""
"明和電工株式会社","2699413998526","","","","","","","661-0965","兵庫県尼崎市次屋三丁目5-54","","","","","","","","","","","","","","","5140001051619","","","",""
"株式会社メカ工業","7053851328953","","","","","","","989-5333","宮城県栗原市栗駒片子沢外鳥屋4-1","","","","","","","","","","","","","","","5370202004765","","","",""
"社会福祉法人恵の園","3800935926328","","","","","","","377-0008","群馬県渋川市渋川4418","","","","","","","","","","","","","","","6070005005313","","","",""
"株式会社メタックス","4303443529537","","","","","","","509-6472","岐阜県瑞浪市釜戸町川戸2478-33","","","","","","","","","","","","","","","5200001021953","","","",""
"株式会社メタックス","4756185078920","","","","","","","657-0846","兵庫県神戸市灘区岩屋北町四丁目4-1","","","","","","","","","","","","","","","1140001024017","","","",""
"メタリ株式会社","6743768395701","","","","","","","614-8214","京都府八幡市戸津水戸城31-1","","","","","","","","","","","","","","","9130001038233","","","",""
"株式会社メタルキャスト","1610859726677","","","","","","","939-1118","富山県高岡市戸出栄町46-5","","","","","","","","","","","","","","","8230001011065","","","",""
"株式会社メタルファ","3368370587774","","","","","","","438-0221","静岡県磐田市南平松9-3","","","","","","","","","","","","","","","1080401016470","","","",""
"メタルリボーン株式会社","8064159576104","","","","","","","683-0851","鳥取県米子市夜見町2845","","","","","","","","","","","","","","","2270001005894","","","",""
"株式会社メック","2191760304179","","","","","","","399-0211","長野県諏訪郡富士見町富士見248-34","","","","","","","","","","","","","","","4100001018886","","","",""
"株式会社メッツ","2146193064447","","","","","","","350-1101","埼玉県川越市大字的場1620","","","","","","","","","","","","","","","8030001059653","","","",""
"モガミ電線株式会社","9175404332268","","","","","","","399-6461","長野県塩尻市大字宗賀469","","","","","","","","","","","","","","","2010901012099","","","",""
"有限会社杢兵衛製作所","1518322989386","","","","","","","214-0001","神奈川県川崎市多摩区菅五丁目12-10","","","","","","","","","","","","","","","8020002093470","","","",""
"株式会社望月砲金鋳造所","4692873277291","","","","","","","416-0909","静岡県富士市松岡257","","","","","","","","","","","","","","","1080101009857","","","",""
"有限会社モトキ","3504458015138","","","","","","","372-0826","群馬県伊勢崎市福島町696","","","","","","","","","","","","","","","8070002019900","","","",""
"株式会社モトナリテック","9816820221647","","","","","","","678-0056","兵庫県相生市那波東本町7-20","","","","","","","","","","","","","","","8140001040404","","","",""
"株式会社モリイ製作所","7182495515480","","","","","","","578-0935","大阪府東大阪市若江東町五丁目1-15","","","","","","","","","","","","","","","9122001007342","","","",""
"森嘉鋳造株式会社","4880179358773","","","","","","","447-0818","愛知県碧南市若宮町六丁目34","","","","","","","","","","","","","","","1180301017229","","","",""
"株式会社森川合金","1275293356784","","","","","","","496-0906","愛知県愛西市日置町髭田104-3","","","","","","","","","","","","","","","3180001097222","","","",""
"森河伸線工業株式会社","5414331024589","","","","","","","619-1223","京都府相楽郡和束町大字杣田杣ノ谷3-1","","","","","","","","","","","","","","","3130001036952","","","",""
"森川鋳造鉄工株式会社","6039317865753","","","","","","","630-0243","奈良県生駒市俵口町860-1","","","","","","","","","","","","","","","7120001021877","","","",""
"株式会社森銀","9270395572679","","","","","","","400-0851","山梨県甲府市住吉四丁目14-21","","","","","","","","","","","","","","","2090001002183","","","",""
"株式会社森合金鋳造所","1486273941164","","","","","","","730-0832","広島県広島市中区江波東一丁目17-4 1101号","","","","","","","","","","","","","","","6240001011776","","","",""
"モリシタ株式会社","7268215114797","","","","","","","418-0111","静岡県富士宮市山宮2302-3","","","","","","","","","","","","","","","7080101011873","","","",""
"株式会社モリシタ","1158548620771","","","","","","","572-0845","大阪府寝屋川市楠根北町3-1","","","","","","","","","","","","","","","5120001146932","","","",""
"株式会社森角ダイカスト","2511789710170","","","","","","","306-0641","茨城県坂東市鵠戸1224-2","","","","","","","","","","","","","","","1030001022007","","","",""
"森田金属工業株式会社","4776048186677","","","","","","","631-0006","奈良県奈良市西登美ヶ丘六丁目3-2","","","","","","","","","","","","","","","4150001004543","","","",""
"株式会社森田ダイカスト工業所","6837815223648","","","","","","","581-0035","大阪府八尾市西弓削三丁目119","","","","","","","","","","","","","","","4120001019065","","","",""
"森田鋳工株式会社","8744867304301","","","","","","","143-0003","東京都大田区京浜島二丁目19-1","","","","","","","","","","","","","","","6010801011940","","","",""
"有限会社森田電機産業","7404359368491","","","","","","","252-0244","神奈川県相模原市中央区田名5044","","","","","","","","","","","","","","","7021002024904","","","",""
"株式会社モリテックス","8200124328147","","","","","","","225-0012","神奈川県横浜市青葉区あざみ野南一丁目3-3","","","","","","","","","","","","","","","1013301029292","","","",""
"有限会社森戸産業","1025375407456","","","","","","","328-0075","栃木県栃木市箱森町39-8","","","","","","","","","","","","","","","2060002032736","","","",""
"森銅コード株式会社","4548202788698","","","","","","","153-0064","東京都目黒区下目黒二丁目7-10 クレールモリドーモリドービル101","","","","","","","","","","","","","","","2013201005946","","","",""
"モリブデンビーピー株式会社","4209922466972","","","","","","","596-0835","大阪府岸和田市流木町128-1","","","","","","","","","","","","","","","5120101037718","","","",""
"森村商事株式会社","6392679914571","","","","","","","105-0001","東京都港区虎ノ門一丁目3-1","","","","","","","","","","","","","","","1010401029693","","","",""
"株式会社守屋製作所","6274941233844","","","","","","","252-0232","神奈川県相模原市中央区矢部二丁目24-14","","","","","","","","","","","","","","","2021001014191","","","",""
"有限会社森山砲金鋳造所","9266432369644","","","","","","","370-0046","群馬県高崎市江木町342","","","","","","","","","","","","","","","8070002012426","","","",""
"株式会社モーリレーザ","4543256926743","","","","","","","132-0025","東京都江戸川区松江七丁目2-10","","","","","","","","","","","","","","","4011701007840","","","",""
"有限会社モールドモデル","8770749205810","","","","","","","402-0025","山梨県都留市法能宮代1087-3","","","","","","","","","","","","","","","9090002010534","","","",""
"有限会社諸製作所","8231250644126","","","","","","","125-0033","東京都葛飾区東水元五丁目26-4","","","","","","","","","","","","","","","3011802007856","","","",""
"有限会社矢栄加工所","6275214849272","","","","","","","411-0041","静岡県三島市佐野見晴台一丁目29-14","","","","","","","","","","","","","","","2080102011860","","","",""
"有限会社弥久保商店","1247778335745","","","","","","","955-0033","新潟県三条市西大崎三丁目6-12","","","","","","","","","","","","","","","1110002017724","","","",""
"株式会社ヤサカ","3583804955526","","","","","","","577-0056","大阪府東大阪市長堂三丁目24-37","","","","","","","","","","","","","","","3122001007629","","","",""
"有限会社ヤサカ金属加工所","6548398205585","","","","","","","661-0975","兵庫県尼崎市下坂部三丁目7-20","","","","","","","","","","","","","","","5140002042930","","","",""
"弥栄電線株式会社","3892862209521","","","","","","","587-0042","大阪府堺市美原区木材通四丁目10-2","","","","","","","","","","","","","","","1120101021816","","","",""
"矢崎エナジーシステム株式会社","8432330986512","","","","","","","108-0075","東京都港区港南一丁目8-15 Wビル7F","","","","","","","","","","","","","","","8010401029761","","","",""
"八潮精機株式会社","3799323423992","","","","","","","340-0811","埼玉県八潮市大字二丁目378","","","","","","","","","","","","","","","9030001036412","","","",""
"八州製作株式会社","4145923466849","","","","","","","501-6304","岐阜県羽島市舟橋町出須賀四丁目68","","","","","","","","","","","","","","","5200001011632","","","",""
"八洲電材株式会社","2519029497399","","","","","","","213-0014","神奈川県川崎市高津区新作一丁目21-12","","","","","","","","","","","","","","","9013201005972","","","",""
"矢島鋳工株式会社","4971581785503","","","","","","","332-0034","埼玉県川口市並木二丁目9-2","","","","","","","","","","","","","","","7030001077573","","","",""
"株式会社安江豊商店","3799905566344","","","","","","","920-0000","石川県金沢市浅野本町ホ182","","","","","","","","","","","","","","","3220001007143","","","",""
"安岡金属粉工業株式会社","4262006153758","","","","","","","611-0000","京都府宇治市莵道山田50-2","","","","","","","","","","","","","","","4130001033164","","","",""
"有限会社安川製作所","4930640298712","","","","","","","334-0063","埼玉県川口市大字東本郷1595-11","","","","","","","","","","","","","","","2030002107813","","","",""
"安田株式会社","9950368676533","","","","","","","542-0081","大阪府大阪市中央区南船場一丁目11-9 長堀安田ビル7F","","","","","","","","","","","","","","","4120001091155","","","",""
"安田金属工業株式会社","2699195696304","","","","","","","542-0081","大阪府大阪市中央区南船場一丁目11-9 長堀安田ビル","","","","","","","","","","","","","","","1120001021908","","","",""
"安田金属工業株式会社","5855477143740","","","","","","","556-0024","大阪府大阪市浪速区塩草一丁目3-9","","","","","","","","","","","","","","","1120001040263","","","",""
"株式会社八千代製作所","7924750382043","","","","","","","123-0851","東京都足立区梅田二丁目13-1","","","","","","","","","","","","","","","1011801012677","","","",""
"株式会社ヤトミ","1422171742064","","","","","","","496-0911","愛知県愛西市西保町南川原92-2","","","","","","","","","","","","","","","5180001097229","","","",""
"有限会社柳田工作所","1460097211281","","","","","","","544-0003","大阪府大阪市生野区小路東三丁目12-5","","","","","","","","","","","","","","","8120002010432","","","",""
"株式会社箭野ダイカスト","2123985997423","","","","","","","112-0012","東京都文京区大塚一丁目4-15 804号","","","","","","","","","","","","","","","9010601017160","","","",""
"矢野ダイカスト工業有限会社","9029686161192","","","","","","","510-8103","三重県三重郡朝日町大字柿65-2","","","","","","","","","","","","","","","1190002022460","","","",""
"矢作産業株式会社","5372888620882","","","","","","","333-0834","埼玉県川口市大字安行領根岸1320","","","","","","","","","","","","","","","4030001077592","","","",""
"矢作電線株式会社","7137783497787","","","","","","","333-0842","埼玉県川口市前川二丁目11-10","","","","","","","","","","","","","","","2030001077594","","","",""
"八幡金属工業株式会社","8426272458532","","","","","","","356-0051","埼玉県ふじみ野市亀久保1614","","","","","","","","","","","","","","","5011401006456","","","",""
"有限会社矢花商店","3733062144625","","","","","","","175-0092","東京都板橋区赤塚三丁目26-13","","","","","","","","","","","","","","","7011402009092","","","",""
"山石金属株式会社","1528853971824","","","","","","","270-0222","千葉県野田市木間ケ瀬791","","","","","","","","","","","","","","","4040001072700","","","",""
"株式会社山石軽金属","2693151298014","","","","","","","334-0073","埼玉県川口市赤井四丁目15-1","","","","","","","","","","","","","","","1030001077604","","","",""
"山一金属株式会社","9070293385975","","","","","","","411-0945","静岡県駿東郡長泉町本宿715","","","","","","","","","","","","","","","6080101006338","","","",""
"山一特殊合金株式会社","8599117782462","","","","","","","570-0042","大阪府守口市寺方錦通二丁目4-6","","","","","","","","","","","","","","","5120001156907","","","",""
"株式会社ヤマイチプライメタル","7827357462065","","","","","","","448-0003","愛知県刈谷市一ツ木町大坪116","","","","","","","","","","","","","","","3180301014570","","","",""
"株式会社山内技研工業","3943829483202","","","","","","","223-0052","神奈川県横浜市港北区綱島東六丁目12-5","","","","","","","","","","","","","","","2020001021958","","","",""
"有限会社山内軽合金","6250282103709","","","","","","","430-0841","静岡県浜松市中央区寺脇町1281","","","","","","","","","","","","","","","3080402008424","","","",""
"ヤマウチマテックスＨＤ株式会社","7157968094620","","","","","","","918-8231","福井県福井市問屋町二丁目22","","","","","","","","","","","","","","","5210001010385","","","",""
"株式会社ヤマオカ","9063956612986","","","","","","","722-0431","広島県府中市諸毛町3503","","","","","","","","","","","","","","","6240001034463","","","",""
"株式会社山梶製作所","2071795789228","","","","","","","521-1342","滋賀県近江八幡市安土町上出313-4","","","","","","","","","","","","","","","5160001011174","","","",""
"山川金属興業株式会社","8663754675833","","","","","","","353-0001","埼玉県志木市上宗岡一丁目3-30","","","","","","","","","","","","","","","7030001045514","","","",""
"山川工業株式会社","8731864229417","","","","","","","352-0011","埼玉県新座市野火止六丁目17-12","","","","","","","","","","","","","","","8030001046296","","","",""
"有限会社山縣アルミ","6615700571500","","","","","","","920-0343","石川県金沢市畝田中四丁目49","","","","","","","","","","","","","","","7220002006025","","","",""
"山形シェル株式会社","6686669518195","","","","","","","990-2351","山形県山形市鋳物町19","","","","","","","","","","","","","","","7390001002033","","","",""
"株式会社山形ハーネス","3868255512667","","","","","","","997-1122","山形県鶴岡市友江川向25-6","","","","","","","","","","","","","","","2390001007409","","","",""
"株式会社ヤマキン","6523689395259","","","","","","","542-0082","大阪府大阪市中央区島之内一丁目19-13","","","","","","","","","","","","","","","7120001091210","","","",""
"株式会社山岸鍛工","7050630487146","","","","","","","379-2314","群馬県みどり市笠懸町西鹿田1384-1","","","","","","","","","","","","","","","9070001016699","","","",""
"有限会社山口アルマイト","1858910026734","","","","","","","547-0001","大阪府大阪市平野区加美北三丁目11-5","","","","","","","","","","","","","","","2120002012236","","","",""
"株式会社山口木型製作所","2291042445679","","","","","","","208-0023","東京都武蔵村山市伊奈平一丁目15-13","","","","","","","","","","","","","","","5012801009189","","","",""
"株式会社山口商店","8707427453486","","","","","","","136-0071","東京都江東区亀戸九丁目35-13","","","","","","","","","","","","","","","6010601007932","","","",""
"有限会社山口製作所","2333017398375","","","","","","","327-0318","栃木県佐野市山越町279","","","","","","","","","","","","","","","7060002039982","","","",""
"株式会社山口製作所","6353577231345","","","","","","","501-2259","岐阜県山県市岩佐669","","","","","","","","","","","","","","","3200001006691","","","",""
"有限会社山口製作所","8343862782404","","","","","","","509-0207","岐阜県可児市今渡2341-9","","","","","","","","","","","","","","","9200002017377","","","",""
"株式会社山口製作所","8198564366854","","","","","","","369-1222","埼玉県大里郡寄居町大字露梨子560-1","","","","","","","","","","","","","","","7030001085980","","","",""
"有限会社山口直線工業所","1134894472963","","","","","","","124-0014","東京都葛飾区東四つ木二丁目23-16","","","","","","","","","","","","","","","3011802008053","","","",""
"株式会社山口ナツト","1914511326609","","","","","","","130-0011","東京都墨田区石原四丁目31-7","","","","","","","","","","","","","","","4010601016407","","","",""
"ヤマコー産業株式会社","5461759698470","","","","","","","484-0814","愛知県犬山市字高根洞5-30","","","","","","","","","","","","","","","5180001081109","","","",""
"有限会社山越","5135074835128","","","","","","","386-0401","長野県上田市塩川3971 ロ","","","","","","","","","","","","","","","9100002016505","","","",""
"有限会社山﨑合金所","2634749811306","","","","","","","811-2104","福岡県糟屋郡宇美町大字井野309-9","","","","","","","","","","","","","","","4290002037223","","","",""
"山崎メタル株式会社","7485023327053","","","","","","","550-0015","大阪府大阪市西区南堀江四丁目3-8","","","","","","","","","","","","","","","4120001048089","","","",""
"山三電線株式会社","5121111156347","","","","","","","142-0062","東京都品川区小山一丁目5-2","","","","","","","","","","","","","","","6010701009944","","","",""
"株式会社山崎合金製作所","4304758418545","","","","","","","144-0033","東京都大田区東糀谷五丁目18-4","","","","","","","","","","","","","","","7010801012104","","","",""
"有限会社山崎製作所","5620694995808","","","","","","","989-2111","宮城県亘理郡山元町坂元宮ノ脇48","","","","","","","","","","","","","","","7370802001573","","","",""
"株式会社山崎鋳鉄工業所","8478832346503","","","","","","","332-0001","埼玉県川口市朝日二丁目2-11","","","","","","","","","","","","","","","3030001077627","","","",""
"山崎ＴＥＣＨ株式会社","1313172915859","","","","","","","573-0128","大阪府枚方市津田山手二丁目15-1","","","","","","","","","","","","","","","6120901027371","","","",""
"株式会社山品","4901438394300","","","","","","","557-0062","大阪府大阪市西成区津守三丁目6-15","","","","","","","","","","","","","","","6120001029046","","","",""
"株式会社山城屋","6339600106508","","","","","","","536-0011","大阪府大阪市城東区放出西三丁目2-12","","","","","","","","","","","","","","","5120001016458","","","",""
"有限会社山田化工製作所","5449673354477","","","","","","","453-0032","愛知県名古屋市中村区塩池町一丁目2-24","","","","","","","","","","","","","","","3180002029372","","","",""
"山田工業有限会社","2020843823382","","","","","","","355-0003","埼玉県東松山市殿山町31-20","","","","","","","","","","","","","","","1030002098211","","","",""
"有限会社山田合金鋳造所","9627235411135","","","","","","","578-0901","大阪府東大阪市加納四丁目14-2","","","","","","","","","","","","","","","8122002005206","","","",""
"山田鋳造鉄工株式会社","1960419007680","","","","","","","763-0042","香川県丸亀市港町147","","","","","","","","","","","","","","","9470001007716","","","",""
"山長熱処理工業株式会社","6427397487424","","","","","","","300-1246","茨城県つくば市菅間490-2","","","","","","","","","","","","","","","4050001016838","","","",""
"株式会社山電エンタープライズ","6548511869634","","","","","","","761-0434","香川県高松市十川東町763-1","","","","","","","","","","","","","","","3470001014651","","","",""
"株式会社ヤマトインテック","9436330662825","","","","","","","399-0702","長野県塩尻市大字広丘野村1048","","","","","","","","","","","","","","","5100001015809","","","",""
"大和金属粉工業株式会社","3861633200992","","","","","","","550-0012","大阪府大阪市西区立売堀一丁目2-12 本町平成ビル","","","","","","","","","","","","","","","8120001045116","","","",""
"やまと興業株式会社","9000262273613","","","","","","","434-0036","静岡県浜松市浜北区横須賀1136","","","","","","","","","","","","","","","6080401010485","","","",""
"株式会社ヤマト工業","2502590761735","","","","","","","955-0832","新潟県三条市直江町四丁目17-19","","","","","","","","","","","","","","","8110001014781","","","",""
"大和合金株式会社","5208967112341","","","","","","","174-0063","東京都板橋区前野町二丁目46-2","","","","","","","","","","","","","","","8011401003863","","","",""
"株式会社大和伸管所","3202423720090","","","","","","","351-0014","埼玉県朝霞市膝折町一丁目14-16","","","","","","","","","","","","","","","6030001046876","","","",""
"有限会社ヤマト精鋳","1369505462645","","","","","","","582-0022","大阪府柏原市国分市場二丁目12-55","","","","","","","","","","","","","","","1122002015599","","","",""
"株式会社ヤマト電材","5930941554327","","","","","","","194-0013","東京都町田市原町田五丁目15-5","","","","","","","","","","","","","","","1012301002581","","","",""
"有限会社山梨分析センター","6748975750375","","","","","","","400-0125","山梨県甲斐市長塚706-11","","","","","","","","","","","","","","","8090002013950","","","",""
"山文金属株式会社","1469450018188","","","","","","","547-0033","大阪府大阪市平野区平野西一丁目6-6","","","","","","","","","","","","","","","8120001021975","","","",""
"有限会社山辺加工","9167990214892","","","","","","","346-0012","埼玉県久喜市栗原二丁目2-4","","","","","","","","","","","","","","","8060002037663","","","",""
"有限会社ヤマベ製作所","4135528074835","","","","","","","386-1213","長野県上田市古安曽597","","","","","","","","","","","","","","","4100002016559","","","",""
"株式会社ヤマモト","6020915453542","","","","","","","418-0111","静岡県富士宮市山宮2344","","","","","","","","","","","","","","","8080101011897","","","",""
"株式会社山本金属商会","7974867199941","","","","","","","558-0042","大阪府大阪市住吉区殿辻一丁目9-11 JP大阪住吉ビル","","","","","","","","","","","","","","","9120001025694","","","",""
"株式会社山本合金製作所","8319481302233","","","","","","","600-8837","京都府京都市下京区夷馬場町6-6","","","","","","","","","","","","","","","6130001019178","","","",""
"株式会社山本合金鋳造所","8627939741520","","","","","","","424-0806","静岡県静岡市清水区辻三丁目6-5","","","","","","","","","","","","","","","6080001009341","","","",""
"有限会社山本製作所","4622147826886","","","","","","","808-0022","福岡県北九州市若松区大字安瀬33-1","","","","","","","","","","","","","","","9290802019531","","","",""
"株式会社山本鋳造所","8105570753958","","","","","","","444-0305","愛知県西尾市平坂町丸山10-2","","","","","","","","","","","","","","","8180301022775","","","",""
"有限会社山谷技研","8262266719900","","","","","","","333-0844","埼玉県川口市上青木一丁目19-7","","","","","","","","","","","","","","","8030002103311","","","",""
"有限会社ヤヨイ製作所","8607105951149","","","","","","","435-0057","静岡県浜松市中央区中田町561","","","","","","","","","","","","","","","1080402008624","","","",""
"株式会社ユーアイ","4378465916458","","","","","","","208-0021","東京都武蔵村山市三ツ藤三丁目7-15","","","","","","","","","","","","","","","9012801008170","","","",""
"ユーアイ工販株式会社","5927933244429","","","","","","","140-0002","東京都品川区東品川三丁目8-8","","","","","","","","","","","","","","","3010701010005","","","",""
"ユウアイ電子工業株式会社","8614858716348","","","","","","","404-0042","山梨県甲州市塩山上於曽612","","","","","","","","","","","","","","","7090001009199","","","",""
"有限会社友光合金鋳造所","9105584037570","","","","","","","150-0013","東京都渋谷区恵比寿二丁目17-18","","","","","","","","","","","","","","","9011002012552","","","",""
"有孝プレス工業株式会社","4610990717596","","","","","","","323-0815","栃木県小山市大字武井10-29","","","","","","","","","","","","","","","3011801012840","","","",""
"株式会社ユウデン","5604067769287","","","","","","","121-0056","東京都足立区北加平町7-23","","","","","","","","","","","","","","","5011801012855","","","",""
"祐兵工業株式会社","3438799105310","","","","","","","511-0244","三重県員弁郡東員町大字大木2254","","","","","","","","","","","","","","","6190002017828","","","",""
"株式会社友和エレクトロ","7941071610194","","","","","","","179-0081","東京都練馬区北町八丁目19-16","","","","","","","","","","","","","","","2011601007141","","","",""
"株式会社ＵＡＣＪ","1816978252997","","","","","","","108-0073","東京都港区三田三丁目5-19 住友不動産東京三田ガーデンタワー","","","","","","","","","","","","","","","9010001098116","","","",""
"株式会社ＵＡＣＪ押出加工安城","8196275927168","","","","","","","446-0011","愛知県安城市北山崎町築地1","","","","","","","","","","","","","","","7180001088622","","","",""
"株式会社ＵＡＣＪ押出加工滋賀","6443756364890","","","","","","","523-0021","滋賀県近江八幡市長福寺町172","","","","","","","","","","","","","","","5160001010969","","","",""
"株式会社ＵＡＣＪ押出加工群馬","9799563398332","","","","","","","372-0023","群馬県伊勢崎市粕川町1670","","","","","","","","","","","","","","","9010001033824","","","",""
"株式会社ＵＡＣＪ製箔","7434392659612","","","","","","","108-0073","東京都港区三田三丁目5-19 住友不動産東京三田ガーデンタワー","","","","","","","","","","","","","","","4010001118646","","","",""
"有限会社ユーエス電子","6625846516522","","","","","","","194-0201","東京都町田市上小山田町2491-5","","","","","","","","","","","","","","","4021002025161","","","",""
"株式会社ユーキ精工","4794461836522","","","","","","","579-8014","大阪府東大阪市中石切町六丁目4-18","","","","","","","","","","","","","","","4122001008254","","","",""
"行田電線株式会社","5003572440050","","","","","","","536-0001","大阪府大阪市城東区古市一丁目2-11","","","","","","","","","","","","","","","7120001016480","","","",""
"有限会社Ｕシステム","2062580816704","","","","","","","870-0921","大分県大分市萩原一丁目12-13","","","","","","","","","","","","","","","4320002009904","","","",""
"Ｕ’ｓエンジニアリング株式会社","8744726914907","","","","","","","671-1561","兵庫県揖保郡太子町鵤994-18","","","","","","","","","","","","","","","1140001040690","","","",""
"豊ダイカスト工業株式会社","3632869243792","","","","","","","458-0801","愛知県名古屋市緑区鳴海町中汐田15-1","","","","","","","","","","","","","","","9180001029062","","","",""
"豊電機有限会社","1647239355169","","","","","","","376-0011","群馬県桐生市相生町四丁目20-2","","","","","","","","","","","","","","","6070002025082","","","",""
"株式会社ユニオン金属","6549645402100","","","","","","","569-1042","大阪府高槻市南平台四丁目1-9","","","","","","","","","","","","","","","6120901026076","","","",""
"株式会社ユニオンダイキヤステイング","6526463520406","","","","","","","174-0063","東京都板橋区前野町二丁目30-9","","","","","","","","","","","","","","","5011401006621","","","",""
"株式会社ユニオン・テック","4129777263516","","","","","","","402-0045","山梨県都留市大幡1677","","","","","","","","","","","","","","","3090001009491","","","",""
"株式会社ユニテ","2067780157135","","","","","","","113-0033","東京都文京区本郷二丁目14-14","","","","","","","","","","","","","","","9010001031613","","","",""
"ユニテ総業株式会社","1912637708386","","","","","","","113-0033","東京都文京区本郷二丁目14-14","","","","","","","","","","","","","","","7010001031615","","","",""
"株式会社ユニテック","4059963219378","","","","","","","953-0015","新潟県新潟市西蒲区松野尾4134-1","","","","","","","","","","","","","","","9110001030571","","","",""
"株式会社ユニデン","6387186305774","","","","","","","144-0053","東京都大田区蒲田本町一丁目7-12","","","","","","","","","","","","","","","8010801012359","","","",""
"有限会社ユニバーサルプレシジョン","7267506816632","","","","","","","955-0036","新潟県三条市篭場9-19","","","","","","","","","","","","","","","3110002017747","","","",""
"有限会社湯山製作所","1841635411293","","","","","","","410-1106","静岡県裾野市金沢119-9","","","","","","","","","","","","","","","6080102004893","","","",""
"横井鋳工株式会社","4878683281877","","","","","","","601-8303","京都府京都市南区吉祥院西ノ庄西中町46","","","","","","","","","","","","","","","6130001011985","","","",""
"有限会社横倉工業所","2591212106986","","","","","","","990-2251","山形県山形市立谷川二丁目2028","","","","","","","","","","","","","","","7390002003014","","","",""
"横倉鋳造有限会社","8441549633472","","","","","","","990-2346","山形県山形市高木12","","","","","","","","","","","","","","","6390002003007","","","",""
"横沢金属工業株式会社","7071879950113","","","","","","","332-0003","埼玉県川口市東領家四丁目10-13","","","","","","","","","","","","","","","2030001077727","","","",""
"横浜金属株式会社","1507638214185","","","","","","","252-0132","神奈川県相模原市緑区橋本台三丁目5-2","","","","","","","","","","","","","","","6021001014320","","","",""
"横浜鉱業株式会社","4110382117834","","","","","","","222-0033","神奈川県横浜市港北区新横浜二丁目5-14 WISENEXT新横浜3F","","","","","","","","","","","","","","","9020001140727","","","",""
"横浜スリッター株式会社","6919452896368","","","","","","","222-0001","神奈川県横浜市港北区樽町四丁目13-6","","","","","","","","","","","","","","","8020001030516","","","",""
"株式会社吉井商店","9248794067070","","","","","","","920-0902","石川県金沢市尾張町一丁目10-30","","","","","","","","","","","","","","","8220001007386","","","",""
"吉井電材有限会社","1411328176393","","","","","","","336-0977","埼玉県さいたま市緑区大字上野田610","","","","","","","","","","","","","","","9030002014326","","","",""
"有限会社吉岡合金鋳工所","7887200151581","","","","","","","332-0003","埼玉県川口市東領家五丁目13-3","","","","","","","","","","","","","","","7030002108187","","","",""
"株式会社吉岡鋳工所","8461996608889","","","","","","","332-0011","埼玉県川口市元郷二丁目1-29","","","","","","","","","","","","","","","8030001077738","","","",""
"吉川商事株式会社","5244858399138","","","","","","","660-0805","兵庫県尼崎市西長洲町二丁目2-53","","","","","","","","","","","","","","","2140001051844","","","",""
"株式会社吉川ボールト","9034797790796","","","","","","","577-0826","大阪府東大阪市大蓮北三丁目19-6","","","","","","","","","","","","","","","7122001007922","","","",""
"株式会社ヨシカワメタル","9579811751118","","","","","","","577-0067","大阪府東大阪市高井田西三丁目1-6","","","","","","","","","","","","","","","9122001026714","","","",""
"吉倉金属精錬株式会社","9541134500718","","","","","","","335-0015","埼玉県戸田市川岸一丁目5-1","","","","","","","","","","","","","","","6030001020823","","","",""
"有限会社吉沢アルミ鋳造所","9612963302429","","","","","","","335-0031","埼玉県戸田市美女木六丁目15-21","","","","","","","","","","","","","","","7030002025498","","","",""
"ヨシザワエルディ株式会社","7658442517047","","","","","","","574-0052","大阪府大東市新田北町2-20","","","","","","","","","","","","","","","8122001016071","","","",""
"有限会社吉谷製作所","3159096618603","","","","","","","593-8316","大阪府堺市西区山田二丁74","","","","","","","","","","","","","","","4120102005055","","","",""
"有限会社吉田商会","1996570686604","","","","","","","581-0039","大阪府八尾市太田新町一丁目125","","","","","","","","","","","","","","","1122002015112","","","",""
"有限会社吉田製作所","7496757825387","","","","","","","370-0718","群馬県邑楽郡明和町大輪2486-3","","","","","","","","","","","","","","","5070002034480","","","",""
"有限会社吉田ダイカスト工業所","1872266686214","","","","","","","174-0062","東京都板橋区富士見町17-14","","","","","","","","","","","","","","","8011402009439","","","",""
"ヨシダ電子株式会社","7568822888596","","","","","","","381-0006","長野県長野市大字富竹157","","","","","","","","","","","","","","","2100001003700","","","",""
"有限会社吉田モールド","3074688994061","","","","","","","403-0031","山梨県富士吉田市浅間二丁目11-8","","","","","","","","","","","","","","","9090002012992","","","",""
"吉野川電線株式会社","9004476934813","","","","","","","761-0431","香川県高松市小村町331","","","","","","","","","","","","","","","7470001004236","","","",""
"有限会社吉野製作所","8401508857319","","","","","","","329-2336","栃木県塩谷郡塩谷町大字風見1076","","","","","","","","","","","","","","","2060002016656","","","",""
"吉野電気工業株式会社","2960223842433","","","","","","","764-0012","香川県仲多度郡多度津町桜川二丁目1-74","","","","","","","","","","","","","","","9470001007963","","","",""
"有限会社吉浜機工所","2867028550615","","","","","","","333-0844","埼玉県川口市上青木二丁目37-5","","","","","","","","","","","","","","","5030002108247","","","",""
"吉見商事株式会社","1719644913077","","","","","","","105-0013","東京都港区浜松町一丁目22-1 FFTビル2階","","","","","","","","","","","","","","","4010401030657","","","",""
"株式会社吉村","1338161062758","","","","","","","332-0001","埼玉県川口市朝日一丁目3-21","","","","","","","","","","","","","","","8030001077762","","","",""
"吉村工業株式会社","3137183168429","","","","","","","110-0016","東京都台東区台東三丁目12-2","","","","","","","","","","","","","","","6010501014277","","","",""
"株式会社吉持製作所","9294772479957","","","","","","","544-0005","大阪府大阪市生野区中川二丁目16-14","","","","","","","","","","","","","","","5120101007745","","","",""
"米沢電線株式会社","9194884439486","","","","","","","963-0531","福島県郡山市日和田町高倉矢沢道1-1","","","","","","","","","","","","","","","8380001022642","","","",""
"株式会社ヨネダアドキャスト","4873941489237","","","","","","","933-0951","富山県高岡市長慶寺910","","","","","","","","","","","","","","","1230001011154","","","",""
"米田ダイカスト工業株式会社","3340254789926","","","","","","","591-8011","大阪府堺市北区南花田町435-7","","","","","","","","","","","","","","","4120101032587","","","",""
"株式会社米山メタルライン","9745929300196","","","","","","","410-0022","静岡県沼津市大岡3559-156","","","","","","","","","","","","","","","7080101006865","","","",""
"有限会社寄島工業","5764583846669","","","","","","","714-0101","岡山県浅口市寄島町4259","","","","","","","","","","","","","","","7260002025517","","","",""
"ラインテック株式会社","5189096271842","","","","","","","869-1235","熊本県菊池郡大津町大字室1576-1","","","","","","","","","","","","","","","5330001009218","","","",""
"リカザイ株式会社","7488942644461","","","","","","","211-0011","神奈川県川崎市中原区下沼部1810-7","","","","","","","","","","","","","","","7020001070422","","","",""
"リケンケーブルテクノロジー株式会社","5115925383200","","","","","","","358-0032","埼玉県入間市大字狭山ケ原108-11","","","","","","","","","","","","","","","9030001030134","","","",""
"理研鍛造株式会社","4975216934700","","","","","","","371-0846","群馬県前橋市元総社町395-3","","","","","","","","","","","","","","","8070001003459","","","",""
"理研電線株式会社","6282305243006","","","","","","","104-0045","東京都中央区築地一丁目12-22 コンワビル5F","","","","","","","","","","","","","","","3010001034968","","","",""
"株式会社リケンヒートテクノ","3540589064026","","","","","","","360-0031","埼玉県熊谷市末広四丁目14-1","","","","","","","","","","","","","","","1030001126410","","","",""
"株式会社リサイクル広島","1557553059914","","","","","","","731-3163","広島県広島市安佐南区伴北五丁目3353-2","","","","","","","","","","","","","","","2240001012547","","","",""
"株式会社力興","4874896841181","","","","","","","574-0014","大阪府大東市寺川三丁目11-11","","","","","","","","","","","","","","","5122001016082","","","",""
"株式会社リテラ","8112150908779","","","","","","","368-0201","埼玉県秩父郡小鹿野町両神薄2703","","","","","","","","","","","","","","","1030001091299","","","",""
"株式会社リビラック","8588177123753","","","","","","","570-0045","大阪府守口市南寺方中通三丁目16-7","","","","","","","","","","","","","","","8120001159691","","","",""
"株式会社リープ","5007830920111","","","","","","","453-0856","愛知県名古屋市中村区並木二丁目83-1","","","","","","","","","","","","","","","9190001013073","","","",""
"株式会社リベリー富士","1269129370773","","","","","","","402-0032","山梨県都留市鹿留1800-2","","","","","","","","","","","","","","","9090001008538","","","",""
"琉球ＹＫＫ　ＡＰ工業株式会社","7324011612657","","","","","","","903-0101","沖縄県中頭郡西原町字掛保久217","","","","","","","","","","","","","","","7360001004313","","","",""
"株式会社龍泉刃物","1103731943605","","","","","","","915-0873","福井県越前市池ノ上町49-1-5","","","","","","","","","","","","","","","9210002012022","","","",""
"株式会社菱庄","7388339275826","","","","","","","458-0045","愛知県名古屋市緑区鹿山一丁目40","","","","","","","","","","","","","","","7180001109997","","","",""
"株式会社両毛製作所","3384218029434","","","","","","","371-0857","群馬県前橋市高井町一丁目9-12","","","","","","","","","","","","","","","4070001033773","","","",""
"リョービ株式会社","5972024178813","","","","","","","726-0033","広島県府中市目崎町762","","","","","","","","","","","","","","","8240001034478","","","",""
"リョービミツギ株式会社","8371753765902","","","","","","","722-0353","広島県尾道市御調町高尾200","","","","","","","","","","","","","","","4240001038879","","","",""
"リョービミラサカ株式会社","4255810467385","","","","","","","729-4307","広島県三次市三良坂町皆瀬10075-1","","","","","","","","","","","","","","","2240001024583","","","",""
"リンクス協業組合","5273232656330","","","","","","","433-8103","静岡県浜松市中央区豊岡町141-1","","","","","","","","","","","","","","","5080405000104","","","",""
"株式会社レアテクノ","7780499958182","","","","","","","400-0116","山梨県甲斐市玉川155-1","","","","","","","","","","","","","","","9090001014759","","","",""
"株式会社レオンアルミ","9491558102586","","","","","","","329-0502","栃木県下野市下古山2963","","","","","","","","","","","","","","","1060001015123","","","",""
"株式会社レーザックス","2177214528700","","","","","","","472-0017","愛知県知立市新林町小深田7","","","","","","","","","","","","","","","1180301014911","","","",""
"株式会社レーザーテック","2857471049899","","","","","","","555-0044","大阪府大阪市西淀川区百島一丁目3-66","","","","","","","","","","","","","","","7120001168256","","","",""
"レジエ株式会社","2548982228966","","","","","","","955-0862","新潟県三条市南新保6-16","","","","","","","","","","","","","","","6110001014263","","","",""
"株式会社レゾナック軽金属","1468967129235","","","","","","","966-0845","福島県喜多方市字長内7840","","","","","","","","","","","","","","","4380001018611","","","",""
"株式会社レゾナック・セラミックス","1836216636905","","","","","","","399-6461","長野県塩尻市大字宗賀1","","","","","","","","","","","","","","","6230001001282","","","",""
"株式会社レニエンス","5751305331389","","","","","","","480-0104","愛知県丹羽郡扶桑町大字斎藤県73","","","","","","","","","","","","","","","2180001131428","","","",""
"有限会社ロイヤル工業","9255285857927","","","","","","","367-0102","埼玉県児玉郡美里町大字関2072-3","","","","","","","","","","","","","","","8030002081672","","","",""
"株式会社ロング","8683334842330","","","","","","","121-0057","東京都足立区神明南一丁目3-22","","","","","","","","","","","","","","","7011801013232","","","",""
"有限会社ワイアンドエム","8765600826869","","","","","","","370-2202","群馬県甘楽郡甘楽町大字小幡457-1","","","","","","","","","","","","","","","3070002017058","","","",""
"株式会社ＹＳＫ","8091578256014","","","","","","","379-2235","群馬県伊勢崎市三室町4024-1","","","","","","","","","","","","","","","3070001015203","","","",""
"株式会社ワイエムキャスト","1396704152819","","","","","","","343-0006","埼玉県越谷市大字北川崎69","","","","","","","","","","","","","","","3030002091924","","","",""
"ワイズプロダクツ株式会社","3378814992618","","","","","","","587-0012","大阪府堺市美原区多治井841","","","","","","","","","","","","","","","7120001137013","","","",""
"株式会社ワイヤードジャパン","5056760101917","","","","","","","140-0015","東京都品川区西大井一丁目8-1","","","","","","","","","","","","","","","6010701010225","","","",""
"株式会社若野鋳造所","6707161179989","","","","","","","933-0957","富山県高岡市早川558","","","","","","","","","","","","","","","8230001011180","","","",""
"若林精工株式会社","2210628505730","","","","","","","322-0604","栃木県栃木市西方町元875","","","","","","","","","","","","","","","4060001017752","","","",""
"若松金属工業株式会社","1727774988430","","","","","","","566-0073","大阪府摂津市鳥飼和道一丁目4-30","","","","","","","","","","","","","","","7120901016753","","","",""
"若宮商事株式会社","9065296350357","","","","","","","366-0801","埼玉県深谷市上野台2060-1","","","","","","","","","","","","","","","5030001086650","","","",""
"有限会社脇谷ダイカスト工業所","8188261218995","","","","","","","339-0024","埼玉県さいたま市岩槻区大字釣上350-7","","","","","","","","","","","","","","","3030002022004","","","",""
"株式会社ワコー","2962962872593","","","","","","","152-0002","東京都目黒区目黒本町四丁目14-7","","","","","","","","","","","","","","","8013201006253","","","",""
"株式会社ワコー","1776556485672","","","","","","","116-0014","東京都荒川区東日暮里二丁目42-8","","","","","","","","","","","","","","","5010501015912","","","",""
"和光アルミニューム株式会社","1985182062400","","","","","","","447-0888","愛知県碧南市春日町四丁目24","","","","","","","","","","","","","","","8180301015622","","","",""
"有限会社和光工業","3036374979417","","","","","","","297-0035","千葉県茂原市下永吉1999-3","","","","","","","","","","","","","","","6040002081888","","","",""
"株式会社ワコー電線製造所","7291031132356","","","","","","","354-0045","埼玉県入間郡三芳町大字上富1713","","","","","","","","","","","","","","","8030001056493","","","",""
"和信化学工業株式会社","1979301021171","","","","","","","579-8011","大阪府東大阪市東石切町二丁目5-43","","","","","","","","","","","","","","","8122001008011","","","",""
"和信化学工業株式会社","1333427089945","","","","","","","424-0037","静岡県静岡市清水区袖師町1460","","","","","","","","","","","","","","","6080001009440","","","",""
"和伸工業株式会社","6069084880732","","","","","","","587-0012","大阪府堺市美原区多治井841","","","","","","","","","","","","","","","7120001004576","","","",""
"有限会社和生金属","9211220457970","","","","","","","143-0014","東京都大田区大森中三丁目9-6","","","","","","","","","","","","","","","7010802015907","","","",""
"ＷＡＴＡＳＥ　ｃａｓｔｉｎｇｓ株式会社","9451740732075","","","","","","","438-0026","静岡県磐田市西貝塚517","","","","","","","","","","","","","","","9080402008906","","","",""
"渡部金属工業有限会社","5820895642354","","","","","","","144-0033","東京都大田区東糀谷五丁目4-18","","","","","","","","","","","","","","","2010802015985","","","",""
"有限会社渡辺工業所","5117635271259","","","","","","","490-1435","愛知県海部郡飛島村大字梅之郷東梅26-22","","","","","","","","","","","","","","","2180002090573","","","",""
"株式会社渡辺合金","4321726722244","","","","","","","454-0006","愛知県名古屋市中川区柳堀町4-28","","","","","","","","","","","","","","","2180001021356","","","",""
"渡辺合金鑄造有限会社","4797099214744","","","","","","","466-0051","愛知県名古屋市昭和区御器所一丁目15-8","","","","","","","","","","","","","","","7180002009057","","","",""
"有限会社渡辺合金鋳造所","8863167212003","","","","","","","940-2022","新潟県長岡市鉄工町二丁目4-47","","","","","","","","","","","","","","","3110002029619","","","",""
"有限会社渡辺製作所","4490309404684","","","","","","","916-0202","福井県丹生郡越前町細野8-5-7","","","","","","","","","","","","","","","9210002012311","","","",""
"有限会社渡辺直線工業所","7555373086339","","","","","","","131-0032","東京都墨田区東向島六丁目17-9","","","","","","","","","","","","","","","9010602016302","","","",""
"有限会社渡辺電機製作所","5732780266454","","","","","","","324-0058","栃木県大田原市紫塚三丁目2644-6","","","","","","","","","","","","","","","5060002025745","","","",""
"有限会社渡辺電線工業","1002435249072","","","","","","","306-0126","茨城県古河市諸川2542","","","","","","","","","","","","","","","1050002025997","","","",""
"株式会社渡辺メタル","7840531373581","","","","","","","179-0083","東京都練馬区平和台三丁目10-11","","","","","","","","","","","","","","","9011601007531","","","",""
"株式会社ワタベ","5812538237514","","","","","","","161-0031","東京都新宿区西落合一丁目19-15","","","","","","","","","","","","","","","4011101022390","","","",""
"和田合金株式会社","4535829994580","","","","","","","800-0211","福岡県北九州市小倉南区新曽根7-32","","","","","","","","","","","","","","","9290801004030","","","",""
"株式会社和田ステンレスプロダクツ","4394205135500","","","","","","","959-1214","新潟県燕市新生町154","","","","","","","","","","","","","","","1110001029299","","","",""
"有限会社ワダハーネス","3777249687610","","","","","","","390-1242","長野県松本市大字和田340-2","","","","","","","","","","","","","","","1100002022147","","","",""
