"会社名","SOC","あなたの名刺所有枚数","全体の名刺所有枚数","最終名刺交換日","コンタクト登録数","最終コンタクト日","URL","郵便番号","住所","電話番号","代表者の役職名","代表者の氏名","主業：大分類","主業：中分類","従業：大分類","従業：中分類","従業員数","資本金（千円）","売上高（百万円）","決算年月","創業年月","設立年月","株式公開区分","法人番号","会社キーワード","企業動向","導入ITサービス","会社メモ"
"株式会社アイアール","3516689996120","","","","","","","454-0857","愛知県名古屋市中川区明徳町三丁目29","","","","","","","","","","","","","","","5180001018688","","","",""
"株式会社アイ・アール","7756690201782","","","","","","","278-0042","千葉県野田市吉春27-1","","","","","","","","","","","","","","","9040002098789","","","",""
"株式会社アイ・エイチ産業","2622639895815","","","","","","","721-0975","広島県福山市西深津町七丁目3-14-11","","","","","","","","","","","","","","","3240001040737","","","",""
"株式会社アイ．エス．テイ","2142556918358","","","","","","","520-2153","滋賀県大津市一里山五丁目13-13","","","","","","","","","","","","","","","5160001000012","","","",""
"有限会社アイエヌ工業","4650422522406","","","","","","","503-2409","岐阜県揖斐郡池田町舟子376-1","","","","","","","","","","","","","","","7200002015250","","","",""
"有限会社アイ・エヌ・ジー","2819162580449","","","","","","","379-2134","群馬県前橋市力丸町485-3","","","","","","","","","","","","","","","1070002008216","","","",""
"株式会社アイエヌトレーディング","9862839121565","","","","","","","729-3101","広島県福山市新市町大字戸手146-4","","","","","","","","","","","","","","","4240001033558","","","",""
"株式会社ＩＮＢプランニング","5146513057249","","","","","","","474-0042","愛知県大府市高丘町一丁目100","","","","","","","","","","","","","","","4180001095456","","","",""
"株式会社ＩＭＷホースサプライ","1312898106601","","","","","","","324-0036","栃木県大田原市下石上2113-5","","","","","","","","","","","","","","","1060002025121","","","",""
"有限会社アイ．オー．エス","1044881616292","","","","","","","731-0211","広島県広島市安佐北区三入二丁目3-13","","","","","","","","","","","","","","","6240002000076","","","",""
"株式会社アイキテック","1704332129387","","","","","","","470-2101","愛知県知多郡東浦町大字森岡栄東1-1","","","","","","","","","","","","","","","5180001018713","","","",""
"株式会社アイケーエム","8565389548270","","","","","","","630-0261","奈良県生駒市西旭ケ丘12-28 110号","","","","","","","","","","","","","","","7150001004648","","","",""
"有限会社アイケー産業","1739426938771","","","","","","","468-0055","愛知県名古屋市天白区池場一丁目1302","","","","","","","","","","","","","","","4180002056639","","","",""
"株式会社アイケン","7287189646172","","","","","","","289-1101","千葉県八街市朝日193-3","","","","","","","","","","","","","","","6040001047527","","","",""
"愛幸ポリマー株式会社","7014987102066","","","","","","","458-0929","愛知県名古屋市緑区桶狭間西408","","","","","","","","","","","","","","","4180001027707","","","",""
"有限会社アイコム石原技研","2688867120669","","","","","","","431-1304","静岡県浜松市浜名区細江町中川6438-1","","","","","","","","","","","","","","","6080402015780","","","",""
"有限会社相ゴム商店","9827171361603","","","","","","","124-0013","東京都葛飾区東立石二丁目2-5","","","","","","","","","","","","","","","6011802000081","","","",""
"アイサポート株式会社","1725473791419","","","","","","","842-0003","佐賀県神埼市神埼町本堀2598-10","","","","","","","","","","","","","","","9330001018058","","","",""
"愛三ゴム工業株式会社","5414143876515","","","","","","","470-1204","愛知県豊田市配津町矢通8","","","","","","","","","","","","","","","2180001009731","","","",""
"株式会社Ｉ．Ｃ","3573090481387","","","","","","","653-0038","兵庫県神戸市長田区若松町十丁目2-1","","","","","","","","","","","","","","","8140001087949","","","",""
"有限会社アイシン加工","9347218304827","","","","","","","509-0311","岐阜県加茂郡川辺町下吉田113-1","","","","","","","","","","","","","","","4200002017712","","","",""
"株式会社アイシンゴム","4754847640212","","","","","","","454-0857","愛知県名古屋市中川区明徳町三丁目29","","","","","","","","","","","","","","","1180001018700","","","",""
"会津ゴム工業株式会社","4743682568626","","","","","","","179-0076","東京都練馬区土支田一丁目20-13","","","","","","","","","","","","","","","1011601000139","","","",""
"株式会社アイ・セット","8454504135880","","","","","","","502-0909","岐阜県岐阜市白菊町六丁目44-1","","","","","","","","","","","","","","","1200001029950","","","",""
"愛知タイヤ工業株式会社","3307962717161","","","","","","","485-0000","愛知県小牧市大字大草年上坂5827-1","","","","","","","","","","","","","","","8180001007746","","","",""
"アイチベルトサービス有限会社","6604645650622","","","","","","","486-0901","愛知県春日井市牛山町殿田1247-3","","","","","","","","","","","","","","","6180002064904","","","",""
"有限会社会津ゴム工業","3010732013065","","","","","","","470-1126","愛知県豊明市三崎町高鴨14-7","","","","","","","","","","","","","","","7180002064515","","","",""
"アイティーエックス時津工場株式会社","6802136758064","","","","","","","851-2101","長崎県西彼杵郡時津町西時津郷1000-149","","","","","","","","","","","","","","","3310001003257","","","",""
"株式会社アイテック","3062979001878","","","","","","","791-2101","愛媛県伊予郡砥部町高尾田353-1","","","","","","","","","","","","","","","4500001016874","","","",""
"株式会社アイテック","9832588719028","","","","","","","958-0822","新潟県村上市坪根341-20","","","","","","","","","","","","","","","5110001018397","","","",""
"アイディーイー株式会社","9839625979667","","","","","","","562-0036","大阪府箕面市船場西一丁目6-7 三羽鶴ビル5階503号","","","","","","","","","","","","","","","1120901033192","","","",""
"株式会社Ｉ・Ｄ・Ｆ","4685782652866","","","","","","","986-0104","宮城県石巻市皿貝宮田7-3","","","","","","","","","","","","","","","8370301003228","","","",""
"有限会社愛電工業","5695856162646","","","","","","","452-0823","愛知県名古屋市西区あし原町90","","","","","","","","","","","","","","","6180002035351","","","",""
"株式会社アイプロ","4401538778527","","","","","","","437-1413","静岡県掛川市国安24-8","","","","","","","","","","","","","","","2080401015364","","","",""
"愛宝化学株式会社","4271811959497","","","","","","","490-1438","愛知県海部郡飛島村大宝五丁目109","","","","","","","","","","","","","","","9180001097324","","","",""
"株式会社愛洋産業","2503364795015","","","","","","","462-0828","愛知県名古屋市北区東水切町四丁目55-2","","","","","","","","","","","","","","","3180001011447","","","",""
"株式会社アイヨーコーポレーション","1587229939240","","","","","","","462-0828","愛知県名古屋市北区東水切町四丁目55-2","","","","","","","","","","","","","","","4180001011446","","","",""
"アイル株式会社","4434789325966","","","","","","","360-0238","埼玉県熊谷市妻沼西一丁目5","","","","","","","","","","","","","","","4030001088805","","","",""
"株式会社愛和","5678621839342","","","","","","","571-0017","大阪府門真市四宮四丁目5-33","","","","","","","","","","","","","","","8120001160195","","","",""
"株式会社アイワ","9687383699757","","","","","","","482-0032","愛知県岩倉市井上町種畑20","","","","","","","","","","","","","","","2180001087752","","","",""
"株式会社アーヴァン","9937214515523","","","","","","","816-0846","福岡県春日市下白水南七丁目131","","","","","","","","","","","","","","","2290001000670","","","",""
"有限会社アヴァンティ","5000582986663","","","","","","","120-0011","東京都足立区中央本町一丁目12-17","","","","","","","","","","","","","","","2011802008822","","","",""
"有限会社アオイ加工","4903959660029","","","","","","","455-0843","愛知県名古屋市港区錦町4-18","","","","","","","","","","","","","","","5180002037860","","","",""
"葵護謨工業株式会社","5446876489306","","","","","","","444-2203","愛知県豊田市豊松町人見6","","","","","","","","","","","","","","","5180301017761","","","",""
"葵産業株式会社","3831309102802","","","","","","","812-0006","福岡県福岡市博多区上牟田一丁目6-51","","","","","","","","","","","","","","","3290001011188","","","",""
"アオイテックス株式会社","7390568407053","","","","","","","123-0852","東京都足立区関原三丁目1-6","","","","","","","","","","","","","","","5011801018299","","","",""
"株式会社アオキ","6057207386745","","","","","","","577-0065","大阪府東大阪市高井田中五丁目7-3","","","","","","","","","","","","","","","8122001000125","","","",""
"株式会社青木ヱボナイト","8682879202552","","","","","","","131-0041","東京都墨田区八広六丁目29-12","","","","","","","","","","","","","","","6010601008518","","","",""
"青木工業株式会社","1741407999940","","","","","","","718-0002","岡山県新見市下熊谷100-5","","","","","","","","","","","","","","","5260001019109","","","",""
"株式会社青木ゴム工業所","7254922634720","","","","","","","124-0013","東京都葛飾区東立石一丁目19-11","","","","","","","","","","","","","","","2011801000061","","","",""
"有限会社青木ゴム製作所","1387419955856","","","","","","","350-0812","埼玉県川越市大字下小坂195-4","","","","","","","","","","","","","","","9030002072019","","","",""
"有限会社アオキパッキング工業","5787023594177","","","","","","","174-0071","東京都板橋区常盤台一丁目63-10","","","","","","","","","","","","","","","1011402000172","","","",""
"アオキポリマー株式会社","5682000408119","","","","","","","342-0059","埼玉県吉川市新栄一丁目12-1","","","","","","","","","","","","","","","6030001065430","","","",""
"有限会社アオト・ラバー","4810499343269","","","","","","","134-0013","東京都江戸川区江戸川六丁目41-1","","","","","","","","","","","","","","","9011702000204","","","",""
"あおみどり株式会社","5981686912405","","","","","","","150-0001","東京都渋谷区神宮前六丁目19-16 701","","","","","","","","","","","","","","","9010001049259","","","",""
"株式会社青山","6089722940544","","","","","","","653-0039","兵庫県神戸市長田区日吉町四丁目3-9","","","","","","","","","","","","","","","2140001024296","","","",""
"株式会社アオヤマ","3432347656537","","","","","","","424-0061","静岡県静岡市清水区大内709-4","","","","","","","","","","","","","","","4080001019111","","","",""
"青山ゴム株式会社","1870223742530","","","","","","","230-0042","神奈川県横浜市鶴見区仲通一丁目56-1","","","","","","","","","","","","","","","4020001016519","","","",""
"有限会社赤池タイヤ三好店","2739195353487","","","","","","","470-0226","愛知県みよし市西一色町〆林39","","","","","","","","","","","","","","","2180302023968","","","",""
"株式会社赤城","1651687662332","","","","","","","376-0124","群馬県桐生市新里町小林607-2","","","","","","","","","","","","","","","4070001015516","","","",""
"株式会社アカシカ","1647291328018","","","","","","","653-0022","兵庫県神戸市長田区東尻池町九丁目1-13","","","","","","","","","","","","","","","9140001019208","","","",""
"明司ゴム株式会社","9636703500035","","","","","","","101-0031","東京都千代田区東神田二丁目3-4 5階","","","","","","","","","","","","","","","2011801017353","","","",""
"株式会社アカネ技研","5921730117003","","","","","","","370-2206","群馬県甘楽郡甘楽町大字善慶寺55-1","","","","","","","","","","","","","","","6070001012222","","","",""
"株式会社赤堀パッキング","5424630407288","","","","","","","135-0021","東京都江東区白河三丁目18-10","","","","","","","","","","","","","","","5010601000442","","","",""
"県護謨工業株式会社","4575844786877","","","","","","","441-0304","愛知県豊川市御津町佐脇浜一号地1-3","","","","","","","","","","","","","","","5180301009726","","","",""
"株式会社アキタ","7825804681253","","","","","","","300-2334","茨城県つくばみらい市中平柳31-1","","","","","","","","","","","","","","","8050001028202","","","",""
"株式会社秋田アルス","1852387912378","","","","","","","018-2675","秋田県山本郡八峰町八森篭田39","","","","","","","","","","","","","","","3410001007339","","","",""
"秋田片山ゴム株式会社","8750693027690","","","","","","","010-0951","秋田県秋田市山王六丁目4-29","","","","","","","","","","","","","","","2410001000261","","","",""
"有限会社秋田ゴム化成","4034831375864","","","","","","","010-1423","秋田県秋田市仁井田古川向362-7","","","","","","","","","","","","","","","7410002000339","","","",""
"株式会社アキツ","7352098533813","","","","","","","577-0006","大阪府東大阪市楠根三丁目7-4","","","","","","","","","","","","","","","2122001014295","","","",""
"秋山ゴム工業株式会社","9557110076473","","","","","","","401-0201","山梨県上野原市秋山7500","","","","","","","","","","","","","","","7090001008267","","","",""
"株式会社秋山精密","5628337138960","","","","","","","399-0428","長野県上伊那郡辰野町大字伊那富砂田2382","","","","","","","","","","","","","","","3100002035064","","","",""
"アキラ工業株式会社","7059461413951","","","","","","","574-0052","大阪府大東市新田北町4-5","","","","","","","","","","","","","","","8122001015016","","","",""
"アキレス株式会社","5903801443346","","","","","","","169-0074","東京都新宿区北新宿二丁目21-1","","","","","","","","","","","","","","","7011101000682","","","",""
"株式会社アーク未来化学","5773306437923","","","","","","","760-0080","香川県高松市木太町2670-4","","","","","","","","","","","","","","","1470001004885","","","",""
"株式会社アークライン","3153802285447","","","","","","","547-0033","大阪府大阪市平野区平野西一丁目1-18","","","","","","","","","","","","","","","5120001019403","","","",""
"アクラシステム株式会社","5380936571849","","","","","","","702-8013","岡山県岡山市南区飽浦630-3","","","","","","","","","","","","","","","9260001009741","","","",""
"有限会社アグリビニール西本","4955930783110","","","","","","","632-0052","奈良県天理市柳本町2552","","","","","","","","","","","","","","","4150002005573","","","",""
"株式会社曙産業","3804950301741","","","","","","","270-0222","千葉県野田市木間ケ瀬2259","","","","","","","","","","","","","","","2011501013025","","","",""
"株式会社浅井ゴム製作所","7197968300713","","","","","","","124-0001","東京都葛飾区小菅三丁目19-12","","","","","","","","","","","","","","","6011801033702","","","",""
"浅賀工業ゴム株式会社","3468323689304","","","","","","","125-0062","東京都葛飾区青戸二丁目11-13","","","","","","","","","","","","","","","8011801000163","","","",""
"アサ倉工業株式会社","6743064245517","","","","","","","454-0041","愛知県名古屋市中川区八神町二丁目45","","","","","","","","","","","","","","","9180001018767","","","",""
"有限会社アサクラ・サムシング","6630388033802","","","","","","","125-0052","東京都葛飾区柴又三丁目27-7 ドミール松丸103号室","","","","","","","","","","","","","","","8011802000278","","","",""
"株式会社アサ乃","8018355001105","","","","","","","599-8242","大阪府堺市中区陶器北890","","","","","","","","","","","","","","","6120101000848","","","",""
"株式会社浅野商会","4044652450106","","","","","","","450-0002","愛知県名古屋市中村区名駅二丁目42-3","","","","","","","","","","","","","","","9180001029236","","","",""
"株式会社アサヒ","2081273768722","","","","","","","670-0061","兵庫県姫路市西今宿一丁目4-1","","","","","","","","","","","","","","","4140001057575","","","",""
"有限会社朝日化工","9770752462098","","","","","","","457-0067","愛知県名古屋市南区上浜町140","","","","","","","","","","","","","","","4180002025189","","","",""
"朝日化工株式会社","7599171216693","","","","","","","236-0042","神奈川県横浜市金沢区釜利谷東八丁目14-32","","","","","","","","","","","","","","","7010801000018","","","",""
"旭化工株式会社","3584934806410","","","","","","","577-0067","大阪府東大阪市高井田西二丁目2-6","","","","","","","","","","","","","","","1122001000197","","","",""
"朝日工業株式会社","4256147143093","","","","","","","803-0185","福岡県北九州市小倉南区大字石原町191-1","","","","","","","","","","","","","","","8290801000220","","","",""
"旭ゴム株式会社","7346997732535","","","","","","","550-0005","大阪府大阪市西区西本町二丁目3-10 西本町インテスビル3F","","","","","","","","","","","","","","","9120001040933","","","",""
"旭ゴム化工株式会社","7395589256473","","","","","","","464-0858","愛知県名古屋市千種区千種一丁目8-10","","","","","","","","","","","","","","","3180001003304","","","",""
"アサヒゴム加工株式会社","1122333689499","","","","","","","838-1302","福岡県朝倉市宮野1260-1","","","","","","","","","","","","","","","1290001043910","","","",""
"有限会社旭ゴム工業所","3421857036102","","","","","","","830-0048","福岡県久留米市梅満町28-1","","","","","","","","","","","","","","","1290002048322","","","",""
"株式会社朝日護謨工業所","6989456598995","","","","","","","577-0835","大阪府東大阪市柏田西二丁目12-3","","","","","","","","","","","","","","","4122001036528","","","",""
"アサヒゴム産業株式会社","7013590432409","","","","","","","332-0011","埼玉県川口市元郷一丁目26-1","","","","","","","","","","","","","","","4030001073427","","","",""
"アサヒ再生ゴム株式会社","8239753294383","","","","","","","849-0101","佐賀県三養基郡みやき町大字原古賀5810","","","","","","","","","","","","","","","6290001048327","","","",""
"株式会社旭産業社","5448746111819","","","","","","","574-0044","大阪府大東市諸福四丁目1-3","","","","","","","","","","","","","","","3122001015227","","","",""
"アサヒシューズ株式会社","3743833249036","","","","","","","830-0029","福岡県久留米市洗町1","","","","","","","","","","","","","","","9290001048324","","","",""
"朝日商事株式会社","7236862166872","","","","","","","457-0044","愛知県名古屋市南区柵下町二丁目61","","","","","","","","","","","","","","","2180001121651","","","",""
"アサヒ精工株式会社","1154457445754","","","","","","","924-0004","石川県白山市旭丘三丁目16","","","","","","","","","","","","","","","2220001008943","","","",""
"朝日精密ゴム株式会社","2751333713310","","","","","","","300-2322","茨城県つくばみらい市戸崎1086-4","","","","","","","","","","","","","","","1050001027359","","","",""
"株式会社アサヒ特販","7188869382064","","","","","","","003-0803","北海道札幌市白石区菊水三条一丁目3-2","","","","","","","","","","","","","","","5430001080051","","","",""
"旭プレス工業株式会社","1511442669348","","","","","","","532-0031","大阪府大阪市淀川区加島一丁目50-13","","","","","","","","","","","","","","","2120001053553","","","",""
"株式会社アサヒプロダクツ","9158205525093","","","","","","","670-0061","兵庫県姫路市西今宿一丁目2-5","","","","","","","","","","","","","","","8140001063685","","","",""
"アサヒポリマー化工株式会社","2750680131289","","","","","","","547-0011","大阪府大阪市平野区長吉出戸一丁目11-55","","","","","","","","","","","","","","","3120001120567","","","",""
"株式会社朝日ラバー","9116851621834","","","","","","","330-0801","埼玉県さいたま市大宮区土手町二丁目7-2","","","","","","","","","","","","","","","9030001000319","","","",""
"株式会社旭日ローラ製作所","4542377048122","","","","","","","599-8245","大阪府堺市中区辻之809","","","","","","","","","","","","","","","6120101001986","","","",""
"旭ワークス株式会社","1435748721808","","","","","","","550-0004","大阪府大阪市西区靱本町二丁目6-18","","","","","","","","","","","","","","","8120001040967","","","",""
"芦澤合成樹脂株式会社","6031009220579","","","","","","","224-0053","神奈川県横浜市都筑区池辺町3241","","","","","","","","","","","","","","","2020001081077","","","",""
"株式会社アシックス","7228887530435","","","","","","","650-0021","兵庫県神戸市中央区三宮町一丁目2-4 大和神戸ビル","","","","","","","","","","","","","","","8140001005877","","","",""
"アシックス商事株式会社","8029043936050","","","","","","","654-0161","兵庫県神戸市須磨区弥栄台三丁目5-2","","","","","","","","","","","","","","","7140001015662","","","",""
"芦森工業株式会社","1577986992351","","","","","","","566-0001","大阪府摂津市千里丘七丁目11-61","","","","","","","","","","","","","","","3120001048973","","","",""
"株式会社アシヤパッキング","3329729245239","","","","","","","546-0002","大阪府大阪市東住吉区杭全一丁目12-12","","","","","","","","","","","","","","","6120001184766","","","",""
"株式会社アシヤパツキング製作所","4051390029634","","","","","","","546-0002","大阪府大阪市東住吉区杭全一丁目12-12","","","","","","","","","","","","","","","3120001009125","","","",""
"株式会社Ａｓｓｉｒｅｖｏ","4087135760718","","","","","","","639-2328","奈良県御所市大字関屋834","","","","","","","","","","","","","","","2150001019691","","","",""
"株式会社ア・ジャストポリマー","8262402358956","","","","","","","412-0044","静岡県御殿場市杉名沢521","","","","","","","","","","","","","","","2080101003941","","","",""
"アスクホールディングス株式会社","1294522041101","","","","","","","381-0023","長野県長野市大字風間2034-25","","","","","","","","","","","","","","","8100001000106","","","",""
"アスタック株式会社","9983748201344","","","","","","","731-3168","広島県広島市安佐南区伴南二丁目5-36","","","","","","","","","","","","","","","2240001012869","","","",""
"株式会社アスティコ","8080035575473","","","","","","","702-8004","岡山県岡山市中区江並417-1","","","","","","","","","","","","","","","9260001000254","","","",""
"アスティック環境エンジニアリング株式会社","4945041601246","","","","","","","542-0086","大阪府大阪市中央区西心斎橋二丁目2-7 御堂筋ジュンアシダビル6階","","","","","","","","","","","","","","","8030001016729","","","",""
"アーステック株式会社","5798143835826","","","","","","","660-0857","兵庫県尼崎市西向島町52","","","","","","","","","","","","","","","8140001048645","","","",""
"アストン株式会社","6700197048989","","","","","","","173-0004","東京都板橋区板橋二丁目51-2","","","","","","","","","","","","","","","2011401015253","","","",""
"株式会社アースワーク","1194518209303","","","","","","","350-0812","埼玉県川越市大字下小坂683-2","","","","","","","","","","","","","","","8030001058085","","","",""
"吾嬬ゴム工業株式会社","8075368705220","","","","","","","375-0002","群馬県藤岡市立石1253","","","","","","","","","","","","","","","8070001012311","","","",""
"吾妻産業株式会社","6632474533433","","","","","","","131-0043","東京都墨田区立花三丁目10-13","","","","","","","","","","","","","","","6010601008336","","","",""
"株式会社東商店","2720739596302","","","","","","","653-0022","兵庫県神戸市長田区東尻池町六丁目3-30","","","","","","","","","","","","","","","3140001108362","","","",""
"有限会社東ローラー製作所","4309291523771","","","","","","","131-0031","東京都墨田区墨田五丁目12-3","","","","","","","","","","","","","","","5010602008393","","","",""
"足立ゴム株式会社","4324152826089","","","","","","","123-0851","東京都足立区梅田四丁目38-16","","","","","","","","","","","","","","","7011801005411","","","",""
"有限会社アップス","9259722775992","","","","","","","816-0821","福岡県春日市若葉台東二丁目12-1","","","","","","","","","","","","","","","9290002014003","","","",""
"アートジャパン株式会社","4756037609021","","","","","","","880-2116","宮崎県宮崎市大字細江3953","","","","","","","","","","","","","","","6350001000025","","","",""
"アトム株式会社","8530173037772","","","","","","","729-2317","広島県竹原市忠海東町四丁目2-1","","","","","","","","","","","","","","","9240001037174","","","",""
"アトム興産株式会社","6279856657676","","","","","","","154-0023","東京都世田谷区若林三丁目8-10","","","","","","","","","","","","","","","8010901000651","","","",""
"有限会社アトリエエス","3625034890207","","","","","","","270-1176","千葉県我孫子市柴崎台一丁目10-15","","","","","","","","","","","","","","","2040002094514","","","",""
"株式会社あとりえ岡田","6155901938162","","","","","","","653-0836","兵庫県神戸市長田区神楽町二丁目3-36","","","","","","","","","","","","","","","9140001021898","","","",""
"株式会社アートワールド","2666764082156","","","","","","","300-3561","茨城県結城郡八千代町大字平塚1973","","","","","","","","","","","","","","","9050001014960","","","",""
"有限会社アド九州企画","5713817401228","","","","","","","802-0023","福岡県北九州市小倉北区下富野四丁目7-13","","","","","","","","","","","","","","","1290802000333","","","",""
"株式会社アドバンス","3077084388554","","","","","","","578-0936","大阪府東大阪市花園西町一丁目13-15","","","","","","","","","","","","","","","8122001000380","","","",""
"株式会社アドバンス","8430569266147","","","","","","","494-0011","愛知県一宮市西萩原若宮前72","","","","","","","","","","","","","","","2180001116809","","","",""
"有限会社亜土パッキング","3722653996903","","","","","","","124-0001","東京都葛飾区小菅二丁目13-21","","","","","","","","","","","","","","","2011802000341","","","",""
"株式会社Ａｎｉ－Ｍａｄｏｎｎａ","7076219124172","","","","","","","544-0003","大阪府大阪市生野区小路東四丁目4-17","","","","","","","","","","","","","","","2120001107656","","","",""
"株式会社アビックゴム","2879853897691","","","","","","","939-1313","富山県砺波市柳瀬360","","","","","","","","","","","","","","","4230001016225","","","",""
"有限会社アプローズ","1832402228428","","","","","","","181-0005","東京都三鷹市中原一丁目26-18","","","","","","","","","","","","","","","6011102023378","","","",""
"安部ガナイト工業株式会社","3309121043121","","","","","","","807-1312","福岡県鞍手郡鞍手町大字中山3024-43","","","","","","","","","","","","","","","6290801009024","","","",""
"有限会社阿部ゴム工業所","3704307519475","","","","","","","910-0842","福井県福井市開発一丁目2002","","","","","","","","","","","","","","","5210002000212","","","",""
"株式会社アボテクノ","1658161707635","","","","","","","362-0064","埼玉県上尾市大字小敷谷1020","","","","","","","","","","","","","","","1030001041163","","","",""
"ＡＰＯＥＬ高分子化学株式会社","7723514666710","","","","","","","124-0005","東京都葛飾区宝町一丁目13-16","","","","","","","","","","","","","","","3011801001777","","","",""
"甘木工業株式会社","1731760686475","","","","","","","252-0245","神奈川県相模原市中央区田名塩田一丁目14-31","","","","","","","","","","","","","","","5021001046918","","","",""
"有限会社天野ゴム工業","1946792162765","","","","","","","480-0102","愛知県丹羽郡扶桑町大字高雄北羽根140","","","","","","","","","","","","","","","7180002074852","","","",""
"有限会社アマルフアス","8365947988512","","","","","","","236-0052","神奈川県横浜市金沢区富岡西六丁目34-30","","","","","","","","","","","","","","","1020002007412","","","",""
"アミノ化学工業株式会社","1763277749869","","","","","","","340-0004","埼玉県草加市弁天四丁目10-12","","","","","","","","","","","","","","","1030001034687","","","",""
"網野ゴム工業有限会社","6433715201316","","","","","","","121-0813","東京都足立区竹の塚二丁目19-10","","","","","","","","","","","","","","","7011802009295","","","",""
"有限会社アミン","8442213055748","","","","","","","300-3561","茨城県結城郡八千代町大字平塚札野4806-2","","","","","","","","","","","","","","","5050002018007","","","",""
"株式会社アメリ","9439471029550","","","","","","","603-8054","京都府京都市北区上賀茂桜井町88","","","","","","","","","","","","","","","6130001044192","","","",""
"綾羽工業株式会社","2647669297920","","","","","","","520-1512","滋賀県高島市新旭町太田1011-1","","","","","","","","","","","","","","","8160001011799","","","",""
"綾部トーヨーゴム株式会社","9675247026890","","","","","","","623-0222","京都府綾部市栗町沢115","","","","","","","","","","","","","","","3130001041655","","","",""
"有限会社新井金属工業","4596623545750","","","","","","","370-0514","群馬県邑楽郡大泉町朝日二丁目32-1","","","","","","","","","","","","","","","2070002027933","","","",""
"新井ゴム株式会社","4000392408678","","","","","","","544-0012","大阪府大阪市生野区巽西二丁目1-40","","","","","","","","","","","","","","","2120001016774","","","",""
"有限会社荒井ゴム工業","5334619075790","","","","","","","270-0221","千葉県野田市古布内427-4","","","","","","","","","","","","","","","5040002097860","","","",""
"株式会社新井商店","5403055397341","","","","","","","544-0005","大阪府大阪市生野区中川五丁目13-27","","","","","","","","","","","","","","","3120001016781","","","",""
"株式会社荒井製作所","5352796596443","","","","","","","103-0004","東京都中央区東日本橋二丁目16-4 Jプロ東日本橋ビル2F","","","","","","","","","","","","","","","1050001031286","","","",""
"株式会社荒井道製作所","6496793396712","","","","","","","447-0087","愛知県碧南市坂口町三丁目15","","","","","","","","","","","","","","","4180301015015","","","",""
"有限会社荒木工業","4024392968824","","","","","","","999-5206","山形県最上郡鮭川村大字曲川中沢438-6","","","","","","","","","","","","","","","2390002011186","","","",""
"アラタ商工有限会社","7855783217241","","","","","","","190-0001","東京都立川市若葉町二丁目39-14","","","","","","","","","","","","","","","9012802000168","","","",""
"株式会社アラテック","1411804914141","","","","","","","321-0901","栃木県宇都宮市平出町3774-1","","","","","","","","","","","","","","","8060002000992","","","",""
"アラフカゴム工業株式会社","9406211224700","","","","","","","501-2259","岐阜県山県市岩佐888","","","","","","","","","","","","","","","9200001006505","","","",""
"アラム株式会社","9790461127673","","","","","","","530-0044","大阪府大阪市北区東天満二丁目4-12","","","","","","","","","","","","","","","2120001060418","","","",""
"有限会社アラヤケミカル","1166344498640","","","","","","","399-8304","長野県安曇野市穂高柏原1150","","","","","","","","","","","","","","","4100002023191","","","",""
"有賀ゴム株式会社","9337788765895","","","","","","","105-0013","東京都港区浜松町一丁目14-2 相模ビル","","","","","","","","","","","","","","","5010401002119","","","",""
"有限会社有田工業所","2190726634917","","","","","","","557-0063","大阪府大阪市西成区南津守六丁目1-90","","","","","","","","","","","","","","","2120002001619","","","",""
"株式会社アールイーピー","1695372291165","","","","","","","252-0822","神奈川県藤沢市葛原1506-2","","","","","","","","","","","","","","","8021001035546","","","",""
"有限会社アルター産業","9376439988846","","","","","","","569-1121","大阪府高槻市真上町六丁目39-7","","","","","","","","","","","","","","","7120902009533","","","",""
"株式会社アール・ピー・トレード","1396883596845","","","","","","","532-0033","大阪府大阪市淀川区新高二丁目17-9","","","","","","","","","","","","","","","4120001103950","","","",""
"アルファコーポレーション株式会社","2833864012448","","","","","","","306-0631","茨城県坂東市岩井3440-1 YMビル2-1","","","","","","","","","","","","","","","8050001025117","","","",""
"有限会社アールプレス工業","2673494157334","","","","","","","371-0804","群馬県前橋市六供町五丁目1-5","","","","","","","","","","","","","","","1070002002367","","","",""
"有限会社アルミホイールメンテナンス札幌","7627617905678","","","","","","","003-0821","北海道札幌市白石区菊水元町一条一丁目2-6","","","","","","","","","","","","","","","1430002001308","","","",""
"淡路パッキン株式会社","7780971592449","","","","","","","570-0012","大阪府守口市大久保町一丁目50-10","","","","","","","","","","","","","","","6120001155156","","","",""
"有限会社安在商店","4032157967747","","","","","","","453-0866","愛知県名古屋市中村区横井一丁目77","","","","","","","","","","","","","","","1180002026990","","","",""
"株式会社ＵＮＤＥＲＭＩＮＥ","3487504517354","","","","","","","124-0005","東京都葛飾区宝町一丁目9-7","","","","","","","","","","","","","","","5011801024628","","","",""
"株式会社アンダーワークス","8379119092744","","","","","","","116-0003","東京都荒川区南千住七丁目1-1 2005号","","","","","","","","","","","","","","","5011501010721","","","",""
"有限会社アンツリー","3767310346916","","","","","","","738-0205","広島県廿日市市玖島5030","","","","","","","","","","","","","","","6240002037069","","","",""
"有限会社ＡＮＤＯ","6872594717512","","","","","","","108-0073","東京都港区三田二丁目14-5 1005号","","","","","","","","","","","","","","","5040002078159","","","",""
"有限会社アンドウ製作所","5265134424338","","","","","","","710-0802","岡山県倉敷市水江1601","","","","","","","","","","","","","","","2260002016280","","","",""
"有限会社飯島ゴム工業所","4702721896945","","","","","","","390-0874","長野県松本市大手一丁目6-27","","","","","","","","","","","","","","","5100002019164","","","",""
"有限会社飯田ゴム","9544952454103","","","","","","","651-2144","兵庫県神戸市西区小山二丁目22-2","","","","","","","","","","","","","","","9140002004126","","","",""
"イイダ産業株式会社","5927829024972","","","","","","","492-8446","愛知県稲沢市目比町一町割759","","","","","","","","","","","","","","","5180001034082","","","",""
"飯塚プレス工業株式会社","5722269368119","","","","","","","959-0214","新潟県燕市吉田法花堂2238-3","","","","","","","","","","","","","","","2110001015703","","","",""
"有限会社イイノ化成","6642474197973","","","","","","","544-0024","大阪府大阪市生野区生野西三丁目12-24","","","","","","","","","","","","","","","9120002009077","","","",""
"有限会社イーエム産業","8657856807635","","","","","","","410-1117","静岡県裾野市石脇472-2","","","","","","","","","","","","","","","8080102012127","","","",""
"株式会社五十嵐ゴム風船製作所","5598794866451","","","","","","","950-0902","新潟県新潟市中央区南万代町14-22","","","","","","","","","","","","","","","5110001001213","","","",""
"有限会社イガマリン企画","8644141895132","","","","","","","873-0501","大分県国東市国東町北江4088","","","","","","","","","","","","","","","3320002015069","","","",""
"有限会社五十嵐ゴム製作所","2878660021313","","","","","","","327-0031","栃木県佐野市田島町516","","","","","","","","","","","","","","","3060002038716","","","",""
"五十嵐タイヤ株式会社","9390014529935","","","","","","","050-0081","北海道室蘭市日の出町一丁目4-2","","","","","","","","","","","","","","","9430001065486","","","",""
"井川ゴム工業株式会社","3668340932843","","","","","","","343-0803","埼玉県越谷市大字砂原1334","","","","","","","","","","","","","","","3030001063528","","","",""
"株式会社井口ゴム工業所","6250889701335","","","","","","","434-0041","静岡県浜松市浜名区平口5130","","","","","","","","","","","","","","","7080401000403","","","",""
"株式会社池内","7110860552478","","","","","","","486-0905","愛知県春日井市稲口町三丁目1-17","","","","","","","","","","","","","","","8180001073680","","","",""
"池内産業株式会社","5506647923635","","","","","","","486-0905","愛知県春日井市稲口町三丁目1-15","","","","","","","","","","","","","","","7180001073681","","","",""
"池内ベルト商工株式会社","3485824573191","","","","","","","466-0059","愛知県名古屋市昭和区福江二丁目13-23","","","","","","","","","","","","","","","4180001007849","","","",""
"池田化学株式会社","3322855635649","","","","","","","503-2301","岐阜県安八郡神戸町大字横井1635-8","","","","","","","","","","","","","","","8200001015176","","","",""
"有限会社池本シート商会","3303862490832","","","","","","","474-0011","愛知県大府市横根町子新田3-3","","","","","","","","","","","","","","","1180002084592","","","",""
"生駒工業株式会社","7378365218537","","","","","","","577-0061","大阪府東大阪市森河内西一丁目13-4","","","","","","","","","","","","","","","9122001000272","","","",""
"有限会社石井ゴム工業所","3512239351321","","","","","","","124-0022","東京都葛飾区奥戸二丁目2-12","","","","","","","","","","","","","","","9011802000558","","","",""
"石井商事株式会社","4493924126867","","","","","","","340-0802","埼玉県八潮市大字鶴ケ曽根943","","","","","","","","","","","","","","","4011801000324","","","",""
"株式会社石井製作所","8622549641798","","","","","","","879-1504","大分県速見郡日出町大字大神8094-4","","","","","","","","","","","","","","","9320001008605","","","",""
"有限会社石井鉄工","9409671099167","","","","","","","379-2147","群馬県前橋市亀里町631","","","","","","","","","","","","","","","9070002000487","","","",""
"有限会社Ｅ．Ｃ．Ｏ","2361858182177","","","","","","","384-0809","長野県小諸市大字滋野甲738-50","","","","","","","","","","","","","","","6100002016111","","","",""
"株式会社石川","8004882647321","","","","","","","340-0043","埼玉県草加市草加五丁目9-8","","","","","","","","","","","","","","","5010501000889","","","",""
"株式会社イシカワ","2035405798468","","","","","","","341-0044","埼玉県三郷市戸ヶ崎2257-2","","","","","","","","","","","","","","","9030001114812","","","",""
"石川化成株式会社","9998769353698","","","","","","","653-0021","兵庫県神戸市長田区梅ケ香町二丁目1-11","","","","","","","","","","","","","","","7140001015712","","","",""
"石川産業有限会社","5140457801944","","","","","","","511-0106","三重県桑名市多度町多度1625","","","","","","","","","","","","","","","1190002017386","","","",""
"石川自動車鈑金塗裝有限会社","4789093749790","","","","","","","320-0834","栃木県宇都宮市陽南二丁目1-21","","","","","","","","","","","","","","","6060002001142","","","",""
"石川メリヤス有限会社","6210073756802","","","","","","","444-0515","愛知県西尾市吉良町富好新田紺屋堀27-2","","","","","","","","","","","","","","","2180302026665","","","",""
"株式会社いしかわ山口","3882669676681","","","","","","","752-0927","山口県下関市長府扇町4-29","","","","","","","","","","","","","","","3250001006927","","","",""
"石垣ゴム工業株式会社","2841301378896","","","","","","","547-0031","大阪府大阪市平野区平野南一丁目6-9","","","","","","","","","","","","","","","6120001019583","","","",""
"石黒化成工業株式会社","9876979086348","","","","","","","509-0233","岐阜県可児市柿下神崎野628-5","","","","","","","","","","","","","","","6200001017629","","","",""
"石黒ゴム工業株式会社","7675475009801","","","","","","","480-0202","愛知県西春日井郡豊山町大字豊場八反40","","","","","","","","","","","","","","","8180001052222","","","",""
"石黒ベルト株式会社","1221422067296","","","","","","","464-0086","愛知県名古屋市千種区萱場二丁目4-9","","","","","","","","","","","","","","","8180001003407","","","",""
"株式会社石塚","2969721121072","","","","","","","236-0017","神奈川県横浜市金沢区西柴三丁目15-12","","","","","","","","","","","","","","","7020001005873","","","",""
"有限会社石津製作所","6209766139509","","","","","","","370-0603","群馬県邑楽郡邑楽町大字中野2203-5","","","","","","","","","","","","","","","5070002028037","","","",""
"有限会社石原商店","2693665792245","","","","","","","116-0011","東京都荒川区西尾久二丁目25-9","","","","","","","","","","","","","","","6011502007014","","","",""
"株式会社石原製作所","2805530754514","","","","","","","208-0023","東京都武蔵村山市伊奈平三丁目4-1","","","","","","","","","","","","","","","6012801002721","","","",""
"株式会社石原パッキング工業","2283547280918","","","","","","","709-0625","岡山県岡山市東区上道北方325-1","","","","","","","","","","","","","","","3260001008039","","","",""
"株式会社石浩ゴム","7287357329407","","","","","","","350-1151","埼玉県川越市大字今福3032-40","","","","","","","","","","","","","","","3030001054320","","","",""
"株式会社石丸機工","3877014215857","","","","","","","791-8013","愛媛県松山市山越六丁目7-54","","","","","","","","","","","","","","","9500001000551","","","",""
"有限会社石丸高圧ホース","7757933675705","","","","","","","790-0056","愛媛県松山市土居田町489-2","","","","","","","","","","","","","","","9500002009336","","","",""
"石本ゴム工業株式会社","1566889416998","","","","","","","639-2244","奈良県御所市大字柏原1353-3","","","","","","","","","","","","","","","9150001017648","","","",""
"株式会社Ｅａｓｙｎａｌ","6654419309357","","","","","","","114-0023","東京都北区滝野川六丁目77-1 1004号ライオンズプラザ新板橋","","","","","","","","","","","","","","","6010001004506","","","",""
"株式会社イーストテック","5935546970386","","","","","","","454-0961","愛知県名古屋市中川区戸田明正一丁目2617","","","","","","","","","","","","","","","1180001064216","","","",""
"有限会社イーストヒル","3605828961363","","","","","","","675-0031","兵庫県加古川市加古川町北在家2065","","","","","","","","","","","","","","","7140002035296","","","",""
"有限会社伊豆海洋","1049549292854","","","","","","","415-0015","静岡県下田市武ガ浜4-5","","","","","","","","","","","","","","","8080102020864","","","",""
"有限会社泉ゴム工業所","5841218776095","","","","","","","590-0142","大阪府堺市南区檜尾141","","","","","","","","","","","","","","","8120102000440","","","",""
"泉フィルター株式会社","8479880448114","","","","","","","518-0445","三重県名張市瀬古口573-3","","","","","","","","","","","","","","","1120001059774","","","",""
"和泉ポリマー株式会社","2216301779964","","","","","","","594-1114","大阪府和泉市国分町826","","","","","","","","","","","","","","","4120101041217","","","",""
"株式会社イズモ化成工業","2641175749512","","","","","","","340-0835","埼玉県八潮市大字浮塚963-1","","","","","","","","","","","","","","","3030001035816","","","",""
"株式会社イズモヘルス","9223245970192","","","","","","","399-7104","長野県安曇野市明科七貴6057","","","","","","","","","","","","","","","7100001015393","","","",""
"株式会社伊勢工業","6534305608811","","","","","","","511-0838","三重県桑名市大字和泉701","","","","","","","","","","","","","","","8190001012019","","","",""
"イセゴム工業株式会社","3655466747134","","","","","","","515-2602","三重県津市白山町二本木3507-7","","","","","","","","","","","","","","","2190001002149","","","",""
"イセダ車輌株式会社","4392957484279","","","","","","","670-0802","兵庫県姫路市砥堀115-1","","","","","","","","","","","","","","","7140001057746","","","",""
"有限会社五十幡ゴム","7108803699156","","","","","","","340-0027","埼玉県草加市両新田西町204-2","","","","","","","","","","","","","","","8030002043227","","","",""
"磯原ウレタン工業株式会社","4934317822827","","","","","","","319-1541","茨城県北茨城市磯原町磯原1212-1","","","","","","","","","","","","","","","9050001024241","","","",""
"有限会社板倉ゴム製作所","5330884844409","","","","","","","448-0813","愛知県刈谷市小垣江町御茶屋下17-10","","","","","","","","","","","","","","","2180302017912","","","",""
"有限会社板倉商店","1925693558815","","","","","","","671-2214","兵庫県姫路市西夢前台二丁目16-1","","","","","","","","","","","","","","","9140002047455","","","",""
"株式会社板倉製作所","8961362783809","","","","","","","652-0801","兵庫県神戸市兵庫区中道通八丁目1-2","","","","","","","","","","","","","","","2140001012508","","","",""
"板坂ストレッチ物産株式会社","6953421349380","","","","","","","929-0316","石川県河北郡津幡町字御門ヘ80-1","","","","","","","","","","","","","","","9220001017426","","","",""
"板津ゴム株式会社","4080485396709","","","","","","","484-0833","愛知県犬山市字宮西47","","","","","","","","","","","","","","","8180001080693","","","",""
"一栄工業株式会社","2424626099518","","","","","","","494-0012","愛知県一宮市明地井之内1","","","","","","","","","","","","","","","7180001084142","","","",""
"市川ゴム工業株式会社","2773479908156","","","","","","","130-0015","東京都墨田区横網二丁目7-7","","","","","","","","","","","","","","","4010601008734","","","",""
"合資会社市川ゴム工業所","8578713036120","","","","","","","272-0021","千葉県市川市八幡三丁目11-20","","","","","","","","","","","","","","","5040003001128","","","",""
"株式会社一志化成","5749287197232","","","","","","","515-2523","三重県津市一志町井生1436","","","","","","","","","","","","","","","2190001001456","","","",""
"有限会社一志ゴム工業所","2817587350006","","","","","","","514-1113","三重県津市久居野村町775-1","","","","","","","","","","","","","","","2190002001785","","","",""
"有限会社一司産業","1186911860443","","","","","","","288-0871","千葉県銚子市富川町412","","","","","","","","","","","","","","","8040002085202","","","",""
"有限会社一宮キャンバス","9200205345036","","","","","","","491-0811","愛知県一宮市千秋町加納馬場魚目26","","","","","","","","","","","","","","","1180002075724","","","",""
"株式会社イチマツ化学工業","5276186851464","","","","","","","544-0013","大阪府大阪市生野区巽中一丁目21-5","","","","","","","","","","","","","","","5120001016838","","","",""
"株式会社一カク工業","1355921460371","","","","","","","674-0063","兵庫県明石市大久保町八木423","","","","","","","","","","","","","","","2140001034527","","","",""
"五和工業株式会社","3408276813643","","","","","","","133-0051","東京都江戸川区北小岩八丁目17-8","","","","","","","","","","","","","","","9011701003109","","","",""
"株式会社井爪商会","4901628904326","","","","","","","550-0002","大阪府大阪市西区江戸堀一丁目10-25","","","","","","","","","","","","","","","3120001041334","","","",""
"株式会社イーテック","1708684029924","","","","","","","510-0875","三重県四日市市大治田一丁目6-16","","","","","","","","","","","","","","","4190001017203","","","",""
"株式会社井出工業","2811012041199","","","","","","","370-2461","群馬県富岡市上丹生163-1","","","","","","","","","","","","","","","4070001012232","","","",""
"有限会社伊藤ゴム","2574701725834","","","","","","","457-0833","愛知県名古屋市南区東又兵ヱ町三丁目5-10","","","","","","","","","","","","","","","6180002013200","","","",""
"有限会社伊藤商会","8673966501544","","","","","","","485-0003","愛知県小牧市大字久保一色216-259","","","","","","","","","","","","","","","8180002068556","","","",""
"有限会社伊藤ベルト","6257487625094","","","","","","","432-8002","静岡県浜松市中央区富塚町1222-264","","","","","","","","","","","","","","","3080402000835","","","",""
"株式会社イトースリッパ","2121446310874","","","","","","","170-0005","東京都豊島区南大塚二丁目11-11","","","","","","","","","","","","","","","8013301001071","","","",""
"有限会社イトーホース","9904189092981","","","","","","","479-0848","愛知県常滑市港町五丁目127-1","","","","","","","","","","","","","","","1180002086770","","","",""
"株式会社いな","8786163135107","","","","","","","577-0067","大阪府東大阪市高井田西五丁目1-19","","","","","","","","","","","","","","","6122001000845","","","",""
"合名会社稲垣支店","2833674161213","","","","","","","332-0016","埼玉県川口市幸町一丁目1-26","","","","","","","","","","","","","","","4030003003992","","","",""
"株式会社稲垣製作所","4612999958473","","","","","","","445-0892","愛知県西尾市法光寺町東田12","","","","","","","","","","","","","","","4180301022309","","","",""
"有限会社稲正","2736897087304","","","","","","","116-0003","東京都荒川区南千住三丁目33-3","","","","","","","","","","","","","","","5011502007114","","","",""
"イナバゴム株式会社","7231175516520","","","","","","","550-0003","大阪府大阪市西区京町堀三丁目3-15","","","","","","","","","","","","","","","5120001041357","","","",""
"株式会社イナバ産業","8396103519661","","","","","","","573-0162","大阪府枚方市長尾西町一丁目20-8","","","","","","","","","","","","","","","5120001149043","","","",""
"イナバポリマー株式会社","2123498700635","","","","","","","577-0033","大阪府東大阪市御厨東一丁目6-32","","","","","","","","","","","","","","","6122001000639","","","",""
"株式会社イナポリ・トレイディング","3377545725855","","","","","","","248-0024","神奈川県鎌倉市稲村ガ崎三丁目15-8","","","","","","","","","","","","","","","5021001008843","","","",""
"犬山ゴム工業株式会社","4729185438374","","","","","","","484-0097","愛知県犬山市塔野地北二丁目18","","","","","","","","","","","","","","","1180001080717","","","",""
"イノアックエラストマー株式会社","4402567964138","","","","","","","503-2417","岐阜県揖斐郡池田町本郷680","","","","","","","","","","","","","","","1200001016180","","","",""
"株式会社イノウエ","7758803186355","","","","","","","252-0155","神奈川県相模原市緑区鳥屋750","","","","","","","","","","","","","","","7021001016101","","","",""
"井上化成株式会社","6663937821661","","","","","","","675-0058","兵庫県加古川市東神吉町天下原106-1","","","","","","","","","","","","","","","2140001042496","","","",""
"株式会社井上ゴム工業","6330106215372","","","","","","","319-0132","茨城県小美玉市部室62-1","","","","","","","","","","","","","","","1020001019499","","","",""
"株式会社井上ゴム工業所","9373137036489","","","","","","","544-0034","大阪府大阪市生野区桃谷二丁目28-6","","","","","","","","","","","","","","","8120001016851","","","",""
"株式会社イノウエ商会","9079759203328","","","","","","","460-0012","愛知県名古屋市中区千代田一丁目15-15","","","","","","","","","","","","","","","7180001058229","","","",""
"有限会社井上ベルトサービス","1977912301621","","","","","","","636-0906","奈良県生駒郡平群町菊美台二丁目19-5","","","","","","","","","","","","","","","3122002005755","","","",""
"有限会社猪子ゴム工業所","8775252467136","","","","","","","463-0068","愛知県名古屋市守山区瀬古三丁目1308","","","","","","","","","","","","","","","7180002047453","","","",""
"有限会社伊橋ゴム工業","1280960162583","","","","","","","341-0034","埼玉県三郷市新和三丁目298","","","","","","","","","","","","","","","8030002048317","","","",""
"イハラ株式会社","7013624704620","","","","","","","334-0012","埼玉県川口市八幡木三丁目3-31","","","","","","","","","","","","","","","1030001073066","","","",""
"茨城トーヨー株式会社","3240598238918","","","","","","","311-3157","茨城県東茨城郡茨城町大字小幡13-65","","","","","","","","","","","","","","","1050001002774","","","",""
"有限会社茨城ベルトサービス","7419081252313","","","","","","","310-0851","茨城県水戸市千波町2309-2","","","","","","","","","","","","","","","3050002000263","","","",""
"ＥＰＪ株式会社","7212583803124","","","","","","","103-0025","東京都中央区日本橋茅場町二丁目17-3 ブルーハイツ茅場町604号","","","","","","","","","","","","","","","7010001185485","","","",""
"有限会社ｅ－ＦＩＸ","2412117490980","","","","","","","240-0026","神奈川県横浜市保土ケ谷区権太坂二丁目337","","","","","","","","","","","","","","","9020002068232","","","",""
"伊福工業株式会社","9429068878982","","","","","","","144-0033","東京都大田区東糀谷二丁目6-6","","","","","","","","","","","","","","","2010801001111","","","",""
"株式会社ｉｐｓｅ","7028780765098","","","","","","","653-0843","兵庫県神戸市長田区御屋敷通五丁目2-11","","","","","","","","","","","","","","","6140001093684","","","",""
"有限会社今井ゴム","5110023485829","","","","","","","509-2311","岐阜県下呂市乗政1254-2","","","","","","","","","","","","","","","4200002027166","","","",""
"今井ゴム工業株式会社","1299581691959","","","","","","","349-0115","埼玉県蓮田市蓮田五丁目2","","","","","","","","","","","","","","","2030001018334","","","",""
"今井ベルト株式会社","6323192887217","","","","","","","130-0014","東京都墨田区亀沢四丁目12-3","","","","","","","","","","","","","","","5010601009211","","","",""
"有限会社今川ゴム工業","1400391716280","","","","","","","448-0015","愛知県刈谷市新田町一丁目79-1","","","","","","","","","","","","","","","7180302017916","","","",""
"株式会社イマズタイヤ","9365003181049","","","","","","","420-0941","静岡県静岡市葵区松富四丁目3-3","","","","","","","","","","","","","","","8080001012632","","","",""
"今林工業株式会社","2233345340663","","","","","","","424-0032","静岡県静岡市清水区横砂東町3-14","","","","","","","","","","","","","","","9080001011724","","","",""
"有限会社今村商店","8494244223780","","","","","","","830-0211","福岡県久留米市城島町楢津655-1","","","","","","","","","","","","","","","4290002050465","","","",""
"有限会社伊万里ゴム工業","1173870973887","","","","","","","342-0001","埼玉県吉川市大字上内川187-2","","","","","","","","","","","","","","","1030002089912","","","",""
"有限会社イリムラ","1653540612898","","","","","","","581-0082","大阪府八尾市相生町二丁目3-6","","","","","","","","","","","","","","","8122002013167","","","",""
"入間川ゴム株式会社","2792192719766","","","","","","","350-1305","埼玉県狭山市入間川一丁目15-40","","","","","","","","","","","","","","","4030001026120","","","",""
"有限会社岩泉ゴム工業","3002523697336","","","","","","","027-0421","岩手県下閉伊郡岩泉町小本内の沢2-2","","","","","","","","","","","","","","","5400002011330","","","",""
"イワオ工業株式会社","7099690788475","","","","","","","173-0004","東京都板橋区板橋四丁目45-1","","","","","","","","","","","","","","","6011401000680","","","",""
"有限会社岩香製作所","5313276235514","","","","","","","270-2261","千葉県松戸市常盤平六丁目11-20","","","","","","","","","","","","","","","2040002044411","","","",""
"株式会社イワカミ","6658784533057","","","","","","","124-0005","東京都葛飾区宝町二丁目4-9","","","","","","","","","","","","","","","3011801000457","","","",""
"有限会社磐城パイル加工所","7719763255315","","","","","","","124-0011","東京都葛飾区四つ木五丁目18-15","","","","","","","","","","","","","","","9011802000863","","","",""
"株式会社イワクラ","2490382803198","","","","","","","699-1832","島根県仁多郡奥出雲町横田1475-13","","","","","","","","","","","","","","","9280001005722","","","",""
"イワコーグローバル株式会社","5970225616021","","","","","","","216-0033","神奈川県川崎市宮前区宮崎二丁目8-51 花林ビル305","","","","","","","","","","","","","","","1020001123895","","","",""
"イワタ工販株式会社","4542424076605","","","","","","","438-0016","静岡県磐田市岩井1907-1761","","","","","","","","","","","","","","","8080401015689","","","",""
"有限会社岩田ゴム工業","7695014461734","","","","","","","492-8447","愛知県稲沢市野崎町三反地25","","","","","","","","","","","","","","","8180002080370","","","",""
"株式会社岩槻製作所","4946719860497","","","","","","","339-0043","埼玉県さいたま市岩槻区城南三丁目4-38","","","","","","","","","","","","","","","2030001017749","","","",""
"岩手アライ株式会社","7507522396584","","","","","","","027-0421","岩手県下閉伊郡岩泉町小本長内26","","","","","","","","","","","","","","","6400001007072","","","",""
"有限会社岩手ゴム製作所","8084018318671","","","","","","","131-0031","東京都墨田区墨田三丁目2-10","","","","","","","","","","","","","","","8010602010017","","","",""
"いわて東和電装有限会社","7253605300708","","","","","","","028-0141","岩手県花巻市東和町下浮田四区88","","","","","","","","","","","","","","","4400002008708","","","",""
"有限会社岩手マリンサービス","2160296350577","","","","","","","026-0301","岩手県釜石市鵜住居町第二十八地割14-15","","","","","","","","","","","","","","","4400002011439","","","",""
"岩波ローラー株式会社","3989240523135","","","","","","","124-0012","東京都葛飾区立石八丁目39-12504","","","","","","","","","","","","","","","8011801000469","","","",""
"有限会社イワモト工学","1772214221225","","","","","","","124-0004","東京都葛飾区東堀切三丁目19-5","","","","","","","","","","","","","","","3011802000902","","","",""
"有限会社インクス","7909338394003","","","","","","","540-0012","大阪府大阪市中央区谷町一丁目5-7","","","","","","","","","","","","","","","7120002060726","","","",""
"株式会社インター工業","2775940633720","","","","","","","289-1126","千葉県八街市沖中沖776-1","","","","","","","","","","","","","","","1040001048001","","","",""
"株式会社インタック","6600049627660","","","","","","","654-0121","兵庫県神戸市須磨区妙法寺円満林22-2","","","","","","","","","","","","","","","3140001018108","","","",""
"有限会社Ｉｎｔｅｇｒａ　Ｓｙｓｔｅｍ","7904057359509","","","","","","","862-0950","熊本県熊本市中央区水前寺四丁目7-10","","","","","","","","","","","","","","","1330002015004","","","",""
"株式会社インディアン","2939902748462","","","","","","","653-0843","兵庫県神戸市長田区御屋敷通四丁目3-11","","","","","","","","","","","","","","","9140001015719","","","",""
"株式会社ウイズ","5378966932733","","","","","","","520-0821","滋賀県大津市湖城が丘1-29","","","","","","","","","","","","","","","6160001000218","","","",""
"株式会社ウィズイング","3011016573899","","","","","","","791-0523","愛媛県西条市丹原町北田野307-3","","","","","","","","","","","","","","","1500001010681","","","",""
"ＷＩＳＨ株式会社","9191532397693","","","","","","","438-0825","静岡県磐田市森本607-2","","","","","","","","","","","","","","","3080401016122","","","",""
"有限会社ウィード・ジャパン","7988866356026","","","","","","","124-0006","東京都葛飾区堀切七丁目5-7","","","","","","","","","","","","","","","7011802000915","","","",""
"株式会社ウェイストボックス","1690580255246","","","","","","","100-0004","東京都千代田区大手町二丁目2-1","","","","","","","","","","","","","","","9180001056585","","","",""
"株式会社上木パツキング製作所","5865789098496","","","","","","","101-0041","東京都千代田区神田須田町一丁目34","","","","","","","","","","","","","","","7010001011360","","","",""
"株式会社植竹製作所","1813644726124","","","","","","","341-0044","埼玉県三郷市戸ヶ崎二丁目222","","","","","","","","","","","","","","","2011701001003","","","",""
"上田産業株式会社","7078198368397","","","","","","","779-3742","徳島県美馬市脇町西赤谷2216","","","","","","","","","","","","","","","9480001007277","","","",""
"植田興業株式会社","1139954689358","","","","","","","714-1224","岡山県小田郡矢掛町本堀159","","","","","","","","","","","","","","","3260001018070","","","",""
"株式会社上田ゴム工業","3883916504508","","","","","","","515-0052","三重県松阪市山室町1162-1","","","","","","","","","","","","","","","3190001011446","","","",""
"有限会社上野","1815105044049","","","","","","","969-0265","福島県西白河郡矢吹町中畑南198-6","","","","","","","","","","","","","","","5380002018816","","","",""
"株式会社ウエノタイヤ","7257511051102","","","","","","","476-0003","愛知県東海市荒尾町イノ割32","","","","","","","","","","","","","","","2180001096191","","","",""
"上原ゴム工業株式会社","2684402203131","","","","","","","125-0061","東京都葛飾区亀有四丁目37-11","","","","","","","","","","","","","","","6030001097234","","","",""
"上本工業株式会社","8895711740162","","","","","","","655-0861","兵庫県神戸市垂水区下畑町箱木谷1855-1","","","","","","","","","","","","","","","4140001018214","","","",""
"有限会社魚瀬ゴム","2873245822505","","","","","","","253-0101","神奈川県高座郡寒川町倉見1414","","","","","","","","","","","","","","","7021002000649","","","",""
"ウォールボンド工業株式会社","2610107372399","","","","","","","370-0603","群馬県邑楽郡邑楽町大字中野130","","","","","","","","","","","","","","","1060001019363","","","",""
"有限会社ウカイラバー","2439151901610","","","","","","","462-0021","愛知県名古屋市北区成願寺二丁目6-17","","","","","","","","","","","","","","","3180002010786","","","",""
"株式会社右川ゴム製造所","5742638999898","","","","","","","340-0834","埼玉県八潮市大字大曽根290","","","","","","","","","","","","","","","7030001037214","","","",""
"有限会社ウガイ","7766175800852","","","","","","","116-0012","東京都荒川区東尾久四丁目22-7","","","","","","","","","","","","","","","4011502007206","","","",""
"宇城裁断有限会社","3966842922389","","","","","","","869-0419","熊本県宇土市新松原町佐野免175","","","","","","","","","","","","","","","5330002024273","","","",""
"有限会社ウザワ工業","8269210219133","","","","","","","362-0803","埼玉県北足立郡伊奈町大字大針661-2","","","","","","","","","","","","","","","2030002056291","","","",""
"株式会社鵜澤商会","7924474625185","","","","","","","130-0013","東京都墨田区錦糸四丁目3-1","","","","","","","","","","","","","","","8010601009324","","","",""
"有限会社宇田パッキング製作所","3986394596559","","","","","","","131-0042","東京都墨田区東墨田三丁目20-6","","","","","","","","","","","","","","","7010602019331","","","",""
"合同会社ウチノ","5726155344276","","","","","","","150-0013","東京都渋谷区恵比寿二丁目28-10 SHUBLDG2998","","","","","","","","","","","","","","","1011003013573","","","",""
"ウチノミ化成有限会社","6039901934796","","","","","","","761-4422","香川県小豆郡小豆島町古江甲85-10","","","","","","","","","","","","","","","7470002019480","","","",""
"株式会社ウチムラ","1987924792951","","","","","","","173-0003","東京都板橋区加賀一丁目5-5","","","","","","","","","","","","","","","4011401000781","","","",""
"内山工業株式会社","5867799596700","","","","","","","702-8004","岡山県岡山市中区江並338","","","","","","","","","","","","","","","4260001000671","","","",""
"有限会社内山ゴム製作所","7948549682905","","","","","","","124-0005","東京都葛飾区宝町一丁目10-11","","","","","","","","","","","","","","","3011802001009","","","",""
"株式会社ウッドヴァリ","1826155167945","","","","","","","124-0012","東京都葛飾区立石八丁目48-10","","","","","","","","","","","","","","","3011801000523","","","",""
"株式会社ウッド・ハウス","8197761030079","","","","","","","673-0435","兵庫県三木市別所町高木三丁目563","","","","","","","","","","","","","","","2140001036093","","","",""
"宇都宮高圧ホース株式会社","5921788256629","","","","","","","320-0071","栃木県宇都宮市野沢町594-19","","","","","","","","","","","","","","","2060001000603","","","",""
"株式会社内海商店","3769563896211","","","","","","","670-0024","兵庫県姫路市鷹匠町乙-22","","","","","","","","","","","","","","","6140001057920","","","",""
"梅野産業株式会社","9208470012686","","","","","","","460-0013","愛知県名古屋市中区上前津二丁目14-15","","","","","","","","","","","","","","","4180001034455","","","",""
"株式会社浦和製作所","4337272321901","","","","","","","330-0052","埼玉県さいたま市浦和区本太二丁目9-24","","","","","","","","","","","","","","","9030001000863","","","",""
"株式会社ウレトン工業","3010903051287","","","","","","","347-0032","埼玉県加須市花崎1289-3","","","","","","","","","","","","","","","6030001033197","","","",""
"株式会社ヴァンコーポレーション","4614548058892","","","","","","","557-0016","大阪府大阪市西成区花園北二丁目5-8","","","","","","","","","","","","","","","4120001002995","","","",""
"株式会社ヴィ・エッチ","1740310909703","","","","","","","003-0013","北海道札幌市白石区中央三条四丁目4-3","","","","","","","","","","","","","","","4430001001842","","","",""
"ヴェルト工業株式会社","1479148951575","","","","","","","431-1202","静岡県浜松市中央区呉松町3210","","","","","","","","","","","","","","","8080401011928","","","",""
"エーアイ株式会社","9116920383383","","","","","","","459-8001","愛知県名古屋市緑区大高町奥中道41","","","","","","","","","","","","","","","9180001027850","","","",""
"ＡＩＤ株式会社","7400546647852","","","","","","","822-0033","福岡県直方市大字上新入1776-15","","","","","","","","","","","","","","","6290801021887","","","",""
"株式会社ＡＩ　Ｌａｂｏ","8131882547941","","","","","","","178-0062","東京都練馬区大泉町二丁目39-3","","","","","","","","","","","","","","","7011601014653","","","",""
"エア・ウォーター・マッハ株式会社","7641968129908","","","","","","","390-1701","長野県松本市梓川倭4009-1","","","","","","","","","","","","","","","3100001014457","","","",""
"エアフォルク株式会社","6586757880616","","","","","","","578-0903","大阪府東大阪市今米一丁目2-48 松栄ビル406","","","","","","","","","","","","","","","7140001107385","","","",""
"株式会社エーアールワークス","4472407870570","","","","","","","350-1153","埼玉県川越市大字下松原464-2","","","","","","","","","","","","","","","3030001105156","","","",""
"有限会社栄光ゴム工業","5335674448549","","","","","","","143-0027","東京都大田区中馬込一丁目15-14","","","","","","","","","","","","","","","9010802001938","","","",""
"栄光サービス株式会社","1049881227349","","","","","","","826-0041","福岡県田川市大字弓削田3260-4","","","","","","","","","","","","","","","1290802024381","","","",""
"エイコウ産業株式会社","4733173228517","","","","","","","880-1302","宮崎県東諸県郡綾町大字北俣4047-1","","","","","","","","","","","","","","","5021001006608","","","",""
"栄光商事株式会社","7127463071051","","","","","","","403-0004","山梨県富士吉田市下吉田六丁目24-26","","","","","","","","","","","","","","","5090001009572","","","",""
"株式会社エイコス","1865970871245","","","","","","","410-1104","静岡県裾野市今里471-1","","","","","","","","","","","","","","","3080101003461","","","",""
"永坂工業株式会社","2265048865643","","","","","","","447-0838","愛知県碧南市権田町二丁目30","","","","","","","","","","","","","","","8180301029192","","","",""
"英勝産業株式会社","3468339185199","","","","","","","460-0014","愛知県名古屋市中区富士見町1-24","","","","","","","","","","","","","","","9180001034509","","","",""
"有限会社栄進ゴム工業","4917258401589","","","","","","","437-0125","静岡県袋井市上山梨三丁目6-2","","","","","","","","","","","","","","","1080402021437","","","",""
"有限会社栄伸ゴム工業所","8280118608040","","","","","","","131-0032","東京都墨田区東向島四丁目40-7","","","","","","","","","","","","","","","6010602008748","","","",""
"有限会社永進ゴム製作所","7390215934414","","","","","","","340-0813","埼玉県八潮市大字木曽根1244-1","","","","","","","","","","","","","","","2030002046573","","","",""
"株式会社エイチアイ","7079155965910","","","","","","","304-0031","茨城県下妻市高道祖337-1","","","","","","","","","","","","","","","9050001014985","","","",""
"有限会社エイチ・エム・イー","6433428570302","","","","","","","581-0041","大阪府八尾市北木の本三丁目6-1","","","","","","","","","","","","","","","7122002013283","","","",""
"ＨＫＫ株式会社","7562053920329","","","","","","","714-0045","岡山県笠岡市港町1-19","","","","","","","","","","","","","","","5260001031071","","","",""
"有限会社エイチケイビー","7439249764409","","","","","","","431-3102","静岡県浜松市中央区豊西町626-5","","","","","","","","","","","","","","","9080402010713","","","",""
"株式会社ＨＧＳ","4904951393880","","","","","","","299-1152","千葉県君津市久保三丁目11-19","","","","","","","","","","","","","","","8010801026482","","","",""
"ＨＹプロジェクト有限会社","8424614991874","","","","","","","170-0005","東京都豊島区南大塚二丁目34-2","","","","","","","","","","","","","","","2013302020885","","","",""
"エイト産業株式会社","6032682837427","","","","","","","457-0016","愛知県名古屋市南区汐田町5-9","","","","","","","","","","","","","","","9180001014139","","","",""
"株式会社ＡＰＪ","2263057240450","","","","","","","242-0018","神奈川県大和市深見西一丁目5-2","","","","","","","","","","","","","","","3021001025709","","","",""
"株式会社エイワ","6458815593434","","","","","","","274-0071","千葉県船橋市習志野四丁目15-3","","","","","","","","","","","","","","","4040001016822","","","",""
"株式会社エイワ","6539501885397","","","","","","","651-1422","兵庫県西宮市山口町金仙寺二丁目1-1","","","","","","","","","","","","","","","7140001068082","","","",""
"栄和化学工業株式会社","7438483677289","","","","","","","274-0071","千葉県船橋市習志野四丁目15-3","","","","","","","","","","","","","","","2040001016824","","","",""
"永和工業株式会社","2196307755617","","","","","","","544-0012","大阪府大阪市生野区巽西四丁目5-66","","","","","","","","","","","","","","","8120001016950","","","",""
"エイワコーポレーション有限会社","9964119974374","","","","","","","193-0802","東京都八王子市犬目町337-4","","","","","","","","","","","","","","","7010102001104","","","",""
"有限会社エイワ産業","2198908778983","","","","","","","729-0141","広島県尾道市高須町3159","","","","","","","","","","","","","","","8240002052537","","","",""
"合資会社栄和物商","1703977969549","","","","","","","489-0804","愛知県瀬戸市京町二丁目43-4","","","","","","","","","","","","","","","4180003010504","","","",""
"ＡＯＳ株式会社","8880859902282","","","","","","","018-2304","秋田県山本郡三種町豊岡金田堀切126-1","","","","","","","","","","","","","","","5410001007469","","","",""
"エグチ産業有限会社","5164796456018","","","","","","","340-0055","埼玉県草加市清門一丁目259-5","","","","","","","","","","","","","","","6030002043443","","","",""
"株式会社エコーシール","1246192504437","","","","","","","550-0015","大阪府大阪市西区南堀江三丁目14-12 イイダ2ビル","","","","","","","","","","","","","","","7120001041685","","","",""
"有限会社エコ・トレイド","3874958859191","","","","","","","265-0043","千葉県千葉市若葉区中田町1314-2","","","","","","","","","","","","","","","3040002016137","","","",""
"有限会社エコーパッキング","5149788831721","","","","","","","176-0022","東京都練馬区向山二丁目17-3","","","","","","","","","","","","","","","6011602001494","","","",""
"エコロヴィーバルーン合同会社","3932637093182","","","","","","","730-0042","広島県広島市中区国泰寺町二丁目2-8 304","","","","","","","","","","","","","","","7040003003171","","","",""
"エーシーエム栃木株式会社","2841087816010","","","","","","","329-1334","栃木県さくら市押上353-1","","","","","","","","","","","","","","","2060001005949","","","",""
"エスアイ製作所株式会社","8815824474451","","","","","","","016-0000","秋田県能代市字塞ノ神60","","","","","","","","","","","","","","","7410001010041","","","",""
"株式会社エスアールジェー","3094347993521","","","","","","","006-0832","北海道札幌市手稲区曙二条三丁目6-31","","","","","","","","","","","","","","","5430001040988","","","",""
"エスイーシー化成株式会社","2852166847857","","","","","","","746-0053","山口県周南市室尾二丁目10-1","","","","","","","","","","","","","","","6250001009828","","","",""
"株式会社エスイーロジテック","1229222723747","","","","","","","299-0109","千葉県市原市千種二丁目16-39","","","","","","","","","","","","","","","4040001054855","","","",""
"ＳＨＣ株式会社","4775924439492","","","","","","","939-0351","富山県射水市戸破1845","","","","","","","","","","","","","","","3230001012910","","","",""
"有限会社エスエス","7766054383211","","","","","","","140-0015","東京都品川区西大井六丁目6-10","","","","","","","","","","","","","","","5010702001265","","","",""
"有限会社ＳＳＫエンジニアリング","3962036912939","","","","","","","274-0816","千葉県船橋市芝山七丁目33-21","","","","","","","","","","","","","","","1021002039503","","","",""
"株式会社エスエーテック","9977383997691","","","","","","","581-0039","大阪府八尾市太田新町六丁目39","","","","","","","","","","","","","","","5122001025653","","","",""
"エース化学株式会社","3537662986066","","","","","","","581-0052","大阪府八尾市竹渕三丁目98-3","","","","","","","","","","","","","","","6122001017864","","","",""
"有限会社エスケイコーポレーション","2675781816317","","","","","","","326-0003","栃木県足利市名草下町1015","","","","","","","","","","","","","","","2060002038089","","","",""
"株式会社エスコーポレーション","8247049073018","","","","","","","274-0067","千葉県船橋市大穴南一丁目2-14","","","","","","","","","","","","","","","5040001016838","","","",""
"株式会社エス・ジー・オール","5014633993396","","","","","","","125-0052","東京都葛飾区柴又六丁目3-6","","","","","","","","","","","","","","","7011801022043","","","",""
"ＳＷＳ東日本株式会社","4703173362019","","","","","","","021-0822","岩手県一関市東台50-30","","","","","","","","","","","","","","","5400501000899","","","",""
"株式会社エステイ","6707657826698","","","","","","","992-0472","山形県南陽市宮内2352-1","","","","","","","","","","","","","","","7390001010564","","","",""
"株式会社エスティーエス","1437588744544","","","","","","","763-0013","香川県丸亀市城東町二丁目8-26","","","","","","","","","","","","","","","7470001013815","","","",""
"エステー工業株式会社","4847720897568","","","","","","","252-0816","神奈川県藤沢市遠藤2021-4","","","","","","","","","","","","","","","4021001000272","","","",""
"株式会社エステック","3099578292896","","","","","","","653-0038","兵庫県神戸市長田区若松町一丁目1-3","","","","","","","","","","","","","","","7140001095928","","","",""
"有限会社エースパッキング","2220705153914","","","","","","","131-0042","東京都墨田区東墨田二丁目18-1","","","","","","","","","","","","","","","9010602027183","","","",""
"エスライト技研株式会社","8800546344833","","","","","","","116-0014","東京都荒川区東日暮里六丁目55-11","","","","","","","","","","","","","","","4011501005689","","","",""
"株式会社エス・ワイ・ケミカル","8216371542847","","","","","","","131-0032","東京都墨田区東向島六丁目48-16 11階","","","","","","","","","","","","","","","7030001054003","","","",""
"株式会社エス・ワールド","4000351893348","","","","","","","437-0055","静岡県袋井市土橋155-1","","","","","","","","","","","","","","","1080401017130","","","",""
"エータイ化学株式会社","5414522837420","","","","","","","166-0003","東京都杉並区高円寺南四丁目3-10","","","","","","","","","","","","","","","6011301000970","","","",""
"エーテックス株式会社","5742275923668","","","","","","","465-0024","愛知県名古屋市名東区本郷二丁目167","","","","","","","","","","","","","","","8180001044203","","","",""
"株式会社ＮＥＲ","9000738349645","","","","","","","752-0927","山口県下関市長府扇町7-41","","","","","","","","","","","","","","","1250001014799","","","",""
"エヌ、イー、シール株式会社","2534448591365","","","","","","","709-2331","岡山県加賀郡吉備中央町下加茂1825","","","","","","","","","","","","","","","4260001007510","","","",""
"エヌ．エフ．テー技研株式会社","4951350975588","","","","","","","535-0004","大阪府大阪市旭区生江二丁目1-29","","","","","","","","","","","","","","","1120001061739","","","",""
"ＮＯＫ株式会社","3369962465572","","","","","","","105-0012","東京都港区芝大門一丁目12-15","","","","","","","","","","","","","","","1010401004837","","","",""
"有限会社エヌケイ産業","1667742640575","","","","","","","814-0121","福岡県福岡市城南区神松寺三丁目12-38","","","","","","","","","","","","","","","2290002006527","","","",""
"株式会社ＮＫポリマー","3815647854124","","","","","","","929-1100","石川県かほく市中沼ム68-1","","","","","","","","","","","","","","","4220001018065","","","",""
"ＮＫリサイクル株式会社","3428847989496","","","","","","","190-1201","東京都西多摩郡瑞穂町大字二本木東樽ノ口429-1","","","","","","","","","","","","","","","2013101003224","","","",""
"有限会社エヌケーケー","7172811637997","","","","","","","264-0016","千葉県千葉市若葉区大宮町2841-1","","","","","","","","","","","","","","","8040002001935","","","",""
"エヌシーテツク株式会社","7029706493200","","","","","","","552-0007","大阪府大阪市港区弁天二丁目4-4","","","","","","","","","","","","","","","4120001028594","","","",""
"株式会社エヌティーマックス","4189879511425","","","","","","","332-0006","埼玉県川口市末広一丁目19-15","","","","","","","","","","","","","","","8030001079040","","","",""
"有限会社エヌワイ工業","3797802030315","","","","","","","289-1801","千葉県山武市蓮沼イ3055","","","","","","","","","","","","","","","9040002079376","","","",""
"株式会社ＮＹコーポレーション","9763165718261","","","","","","","485-0059","愛知県小牧市小木東一丁目221","","","","","","","","","","","","","","","6180001106525","","","",""
"ＥＮＥＯＳクレイトンエラストマー株式会社","3050165137947","","","","","","","108-0075","東京都港区港南二丁目16-2 太陽生命品川ビル9階","","","","","","","","","","","","","","","2010401012203","","","",""
"株式会社ＥＮＥＯＳマテリアル","8376430875596","","","","","","","105-0021","東京都港区東新橋一丁目5-2 汐留シティセンター","","","","","","","","","","","","","","","9010401160144","","","",""
"有限会社エノテック","1802576236395","","","","","","","272-0138","千葉県市川市南行徳二丁目9-24","","","","","","","","","","","","","","","4040002032934","","","",""
"榎本産業株式会社","1813850481640","","","","","","","448-0006","愛知県刈谷市西境町治右田84-7","","","","","","","","","","","","","","","3180301013738","","","",""
"江原ゴム有限会社","8504886329742","","","","","","","343-0032","埼玉県越谷市大字袋山1190","","","","","","","","","","","","","","","9030002088683","","","",""
"有限会社エバラ製作所","3385282796254","","","","","","","372-0842","群馬県伊勢崎市馬見塚町1550-2","","","","","","","","","","","","","","","6070002018549","","","",""
"愛媛ゴム株式会社","3581024171325","","","","","","","799-3412","愛媛県大洲市長浜町晴海3-4-2","","","","","","","","","","","","","","","7500001004703","","","",""
"有限会社エヒメパーツ","7624861662134","","","","","","","795-0061","愛媛県大洲市徳森1382-11","","","","","","","","","","","","","","","9500002011564","","","",""
"有限会社海老根ゴム製作所","1542575154156","","","","","","","331-0046","埼玉県さいたま市西区宮前町814-2","","","","","","","","","","","","","","","4030002016500","","","",""
"株式会社Ａ．Ｐ．Ｉ．","7555708798208","","","","","","","550-0014","大阪府大阪市西区北堀江四丁目14-1","","","","","","","","","","","","","","","5120001040961","","","",""
"有限会社エピナール","2479995328586","","","","","","","370-0426","群馬県太田市世良田町1214","","","","","","","","","","","","","","","6070002032070","","","",""
"株式会社エフ・エヌ製作所","3410627987291","","","","","","","470-2102","愛知県知多郡東浦町大字緒川南石根11-4","","","","","","","","","","","","","","","4180001093699","","","",""
"株式会社エフ・シー・シー","4214579239155","","","","","","","960-8201","福島県福島市岡島長岬6-4","","","","","","","","","","","","","","","7380001000236","","","",""
"有限会社エフテック","6764739810931","","","","","","","690-0011","島根県松江市東津田町793-5","","","","","","","","","","","","","","","2280002000381","","","",""
"株式会社エーホー","8464982029110","","","","","","","354-0041","埼玉県入間郡三芳町大字藤久保539-6 埼玉県東みずほ台1-4-13-301","","","","","","","","","","","","","","","7030001056288","","","",""
"株式会社エムアイシー","5548282724716","","","","","","","577-0827","大阪府東大阪市衣摺四丁目23-5","","","","","","","","","","","","","","","8122001024256","","","",""
"株式会社エムアールシー","4605825282429","","","","","","","300-0413","茨城県稲敷郡美浦村大字大谷198-1","","","","","","","","","","","","","","","7050001010937","","","",""
"株式会社エム・エス・アール","6547241047986","","","","","","","145-0074","東京都大田区東嶺町11-5","","","","","","","","","","","","","","","5021001014932","","","",""
"株式会社Ｍ・Ｓ・Ｂ","6554993808987","","","","","","","411-0047","静岡県三島市佐野478-2","","","","","","","","","","","","","","","1080102010839","","","",""
"株式会社エムエヌ","4881026527527","","","","","","","332-0003","埼玉県川口市東領家二丁目13-4","","","","","","","","","","","","","","","5030001074069","","","",""
"有限会社エム・ケー","4717688034029","","","","","","","761-0441","香川県高松市由良町986-2","","","","","","","","","","","","","","","9470002001445","","","",""
"株式会社ＭＫＫ","6431548177125","","","","","","","344-0135","埼玉県春日部市榎639","","","","","","","","","","","","","","","7030001112405","","","",""
"エムケイ産業株式会社","1306506450426","","","","","","","573-0137","大阪府枚方市春日北町一丁目3-1","","","","","","","","","","","","","","","4120001153863","","","",""
"有限会社エムケイラバー工業","8339296771026","","","","","","","334-0073","埼玉県川口市大字赤井1050","","","","","","","","","","","","","","","8030002101042","","","",""
"株式会社エム・ケー・テー","9741816984036","","","","","","","220-0051","神奈川県横浜市西区中央二丁目38-12","","","","","","","","","","","","","","","9020001092258","","","",""
"株式会社エムジェイテック","3424427695479","","","","","","","833-0055","福岡県筑後市大字熊野1344-22","","","","","","","","","","","","","","","5290001047619","","","",""
"エムスリー株式会社","9438422664359","","","","","","","580-0021","大阪府松原市高見の里六丁目16-10","","","","","","","","","","","","","","","6120101025011","","","",""
"有限会社エム・テイ・エフ・工業","6579263918633","","","","","","","701-2615","岡山県美作市中川1204-4","","","","","","","","","","","","","","","2260002030348","","","",""
"株式会社エム・ティー工機","9885878446908","","","","","","","252-0243","神奈川県相模原市中央区上溝2367-8","","","","","","","","","","","","","","","6021001018098","","","",""
"有限会社エムテックス宝田","6148448170034","","","","","","","938-0072","富山県黒部市生地中区58","","","","","","","","","","","","","","","2230002007976","","","",""
"有限会社エムデイ九州","8911264748211","","","","","","","862-0915","熊本県熊本市東区山ノ神一丁目5-21","","","","","","","","","","","","","","","7330002012838","","","",""
"エム・ビ・エル・総合サポート株式会社","5234990600007","","","","","","","769-2401","香川県さぬき市津田町津田2890-1","","","","","","","","","","","","","","","7470001011604","","","",""
"株式会社ＭＢＬマテリアルズ","5755228511385","","","","","","","305-0841","茨城県つくば市御幸が丘25","","","","","","","","","","","","","","","2010401097987","","","",""
"株式会社エムワイケー","1426357041497","","","","","","","321-4324","栃木県真岡市西沼830","","","","","","","","","","","","","","","9060001009266","","","",""
"エラストマーテクノロジー有限会社","4156643198969","","","","","","","123-0843","東京都足立区西新井栄町一丁目21-2","","","","","","","","","","","","","","","8011802010616","","","",""
"株式会社エラストミックス","2680984231636","","","","","","","510-0871","三重県四日市市川尻町100","","","","","","","","","","","","","","","8190001017125","","","",""
"株式会社エリート","9964521576992","","","","","","","116-0014","東京都荒川区東日暮里五丁目34-1 OAKビル201B号室","","","","","","","","","","","","","","","6010501036593","","","",""
"株式会社エリートグリップ","2278546591342","","","","","","","577-0066","大阪府東大阪市高井田本通七丁目1-14","","","","","","","","","","","","","","","6122001012840","","","",""
"株式会社ＬＥＤテクノス","1934842595644","","","","","","","924-0057","石川県白山市松本町1045-1","","","","","","","","","","","","","","","7220001009350","","","",""
"有限会社エール産業","8116939192225","","","","","","","990-0072","山形県山形市浜崎95-3","","","","","","","","","","","","","","","8390002000480","","","",""
"エル・シー・エル株式会社","4160095474869","","","","","","","289-1126","千葉県八街市沖1783-3","","","","","","","","","","","","","","","4040001047553","","","",""
"株式会社エルツ・インターナショナル","7990810861911","","","","","","","461-0003","愛知県名古屋市東区筒井二丁目10-41 EICビル2F","","","","","","","","","","","","","","","1180001016274","","","",""
"株式会社エルテック","2413672376798","","","","","","","503-0412","岐阜県海津市南濃町奥条篠13-2","","","","","","","","","","","","","","","2200001027920","","","",""
"エルリングクリンガー・マルサン株式会社","7382431549718","","","","","","","125-0062","東京都葛飾区青戸四丁目22-16","","","","","","","","","","","","","","","7011801020088","","","",""
"有限会社エンケン","8244178784205","","","","","","","555-0001","大阪府大阪市西淀川区佃五丁目4-6","","","","","","","","","","","","","","","9120002058909","","","",""
"株式会社エンゼル","3412813543170","","","","","","","123-0841","東京都足立区西新井四丁目2-10","","","","","","","","","","","","","","","7011801006376","","","",""
"円三加工有限会社","8975147046206","","","","","","","460-0011","愛知県名古屋市中区大須一丁目23-61","","","","","","","","","","","","","","","5180002030056","","","",""
"有限会社エンドー精工","6115322650896","","","","","","","258-0019","神奈川県足柄上郡大井町金子147-11","","","","","","","","","","","","","","","5021002054580","","","",""
"株式会社エンドレスサービス","2087887529292","","","","","","","431-1103","静岡県浜松市西区湖東町350-1","","","","","","","","","","","","","","","2080401000845","","","",""
"有限会社扇ゴム工業","3744858784473","","","","","","","340-0821","埼玉県八潮市大字伊勢野241","","","","","","","","","","","","","","","8030002046634","","","",""
"王子ゴム化成株式会社","1972574948705","","","","","","","747-0822","山口県防府市勝間二丁目1-6","","","","","","","","","","","","","","","1250001001896","","","",""
"株式会社王寺ゴム製作所","7396894055844","","","","","","","639-1116","奈良県大和郡山市伊豆七条町172-1","","","","","","","","","","","","","","","4150001005632","","","",""
"近江化学工業株式会社","7865761089506","","","","","","","521-0061","滋賀県米原市長沢1466-5","","","","","","","","","","","","","","","3160001006498","","","",""
"株式会社オーエスケー","6410512672310","","","","","","","709-4334","岡山県勝田郡勝央町平318","","","","","","","","","","","","","","","7120001032313","","","",""
"株式会社オーエスゴム","5741032985599","","","","","","","453-0819","愛知県名古屋市中村区城主町六丁目30","","","","","","","","","","","","","","","4180001029678","","","",""
"オーエステンプ株式会社","4740863272909","","","","","","","243-0018","神奈川県厚木市中町二丁目13-14 サンシャインビル6階","","","","","","","","","","","","","","","7021001023270","","","",""
"株式会社オーエヌエラストマー","7431294477797","","","","","","","963-6103","福島県東白川郡棚倉町大字逆川南原25","","","","","","","","","","","","","","","9380001010596","","","",""
"株式会社オーエヌテクノロジー","4437362708216","","","","","","","581-0041","大阪府八尾市北木の本二丁目9-1","","","","","","","","","","","","","","","2122001023981","","","",""
"株式会社大井加工","4484093748365","","","","","","","125-0035","東京都葛飾区南水元二丁目14-2","","","","","","","","","","","","","","","3011801000713","","","",""
"株式会社大井ゴム工業","6941359316755","","","","","","","546-0022","大阪府大阪市東住吉区住道矢田五丁目9-23","","","","","","","","","","","","","","","9120001009391","","","",""
"大石ゴム工業株式会社","2262308173191","","","","","","","455-0834","愛知県名古屋市港区神宮寺一丁目125","","","","","","","","","","","","","","","8180001006161","","","",""
"有限会社大石タイヤ商会","3890037415167","","","","","","","049-3519","北海道山越郡長万部町字旭浜158-9","","","","","","","","","","","","","","","3440002008853","","","",""
"大内新興化学工業株式会社","8261003305258","","","","","","","103-0024","東京都中央区日本橋小舟町7-4","","","","","","","","","","","","","","","4010001039058","","","",""
"大江産業株式会社","3019330652603","","","","","","","547-0035","大阪府大阪市平野区西脇一丁目17-22","","","","","","","","","","","","","","","2120001019769","","","",""
"株式会社オオカワ","9737569105585","","","","","","","125-0031","東京都葛飾区西水元二丁目19-9","","","","","","","","","","","","","","","4011801015470","","","",""
"株式会社おおかわ","6216034023313","","","","","","","125-0033","東京都葛飾区東水元四丁目8-2","","","","","","","","","","","","","","","8011801000725","","","",""
"大垣ラテックス株式会社","8761889683500","","","","","","","501-0324","岐阜県瑞穂市呂久1360","","","","","","","","","","","","","","","8200001012636","","","",""
"株式会社大倉","2695047275233","","","","","","","457-0863","愛知県名古屋市南区豊三丁目15-26","","","","","","","","","","","","","","","1180001014179","","","",""
"大倉産業株式会社","3196994923688","","","","","","","252-0203","神奈川県相模原市中央区東淵野辺二丁目23-11","","","","","","","","","","","","","","","8021001011514","","","",""
"大阪ケミカル工業株式会社","7701009739169","","","","","","","630-0213","奈良県生駒市東生駒三丁目398-242","","","","","","","","","","","","","","","6122001008376","","","",""
"大阪高圧ホース株式会社","7245020220147","","","","","","","574-0056","大阪府大東市新田中町7-26","","","","","","","","","","","","","","","8122001015164","","","",""
"大阪自動車タイヤ株式会社","5070626140345","","","","","","","595-0061","大阪府泉大津市春日町12-33","","","","","","","","","","","","","","","8120101042194","","","",""
"大阪染織機械株式会社","3347256464754","","","","","","","555-0001","大阪府大阪市西淀川区佃五丁目8-14","","","","","","","","","","","","","","","6120001050935","","","",""
"大阪電研工業株式会社","7464340683501","","","","","","","531-0071","大阪府大阪市北区中津五丁目10-14","","","","","","","","","","","","","","","6120001072590","","","",""
"株式会社大阪特殊パッキング製作所","5494301699435","","","","","","","559-0023","大阪府大阪市住之江区泉二丁目1-92","","","","","","","","","","","","","","","2120001031963","","","",""
"株式会社大阪ナツト製作所","4440124894848","","","","","","","537-0003","大阪府大阪市東成区神路一丁目12-9","","","","","","","","","","","","","","","7120001014071","","","",""
"有限会社大阪マテリアルス","2218789286463","","","","","","","577-0818","大阪府東大阪市小若江三丁目23-13","","","","","","","","","","","","","","","7122002006592","","","",""
"大阪マルニ株式会社","3053181503338","","","","","","","544-0012","大阪府大阪市生野区巽西二丁目14-3","","","","","","","","","","","","","","","8120001093008","","","",""
"大阪ラバテック株式会社","9348180551258","","","","","","","580-0031","大阪府松原市天美北四丁目4-11","","","","","","","","","","","","","","","1120001022170","","","",""
"大崎ゴム株式会社","5774161002470","","","","","","","341-0041","埼玉県三郷市花和田22-6","","","","","","","","","","","","","","","1030001138620","","","",""
"株式会社オオサワ","2814798478800","","","","","","","370-1204","群馬県高崎市東中里町81-5","","","","","","","","","","","","","","","9070001009018","","","",""
"株式会社大沢商会","1568281632565","","","","","","","577-0066","大阪府東大阪市高井田本通七丁目3-9","","","","","","","","","","","","","","","6122001001216","","","",""
"株式会社大鹿商会","6764419112333","","","","","","","530-0005","大阪府大阪市北区中之島六丁目1-1","","","","","","","","","","","","","","","8120001061567","","","",""
"有限会社大城ゴム工業","5621377147229","","","","","","","577-0835","大阪府東大阪市柏田西二丁目6-25","","","","","","","","","","","","","","","8122002009917","","","",""
"有限会社大杉製作所","7026979929349","","","","","","","325-0013","栃木県那須塩原市鍋掛1088-320","","","","","","","","","","","","","","","1060002022011","","","",""
"株式会社大堰","1255419081252","","","","","","","361-0004","埼玉県行田市大字須加382","","","","","","","","","","","","","","","6030001086757","","","",""
"株式会社大武製作所","3923989317223","","","","","","","388-8002","長野県長野市篠ノ井東福寺726-1","","","","","","","","","","","","","","","6100001000512","","","",""
"大田ゴム工業株式会社","9309084233949","","","","","","","731-1142","広島県広島市安佐北区安佐町大字飯室6505","","","","","","","","","","","","","","","8240001001718","","","",""
"株式会社太田製作所","5849281454837","","","","","","","124-0021","東京都葛飾区細田四丁目33-11","","","","","","","","","","","","","","","3011801000762","","","",""
"太田電子工業株式会社","5969029232042","","","","","","","313-0049","茨城県常陸太田市天神林町1035-1","","","","","","","","","","","","","","","5050001026497","","","",""
"有限会社太田刃型浅草","5880670448902","","","","","","","111-0022","東京都台東区清川一丁目20-13","","","","","","","","","","","","","","","8010502002080","","","",""
"株式会社太田廣","3820898466693","","","","","","","454-0056","愛知県名古屋市中川区十一番町二丁目6","","","","","","","","","","","","","","","5180001019100","","","",""
"有限会社大塚ゴム工業所","8779439947795","","","","","","","288-0864","千葉県銚子市小船木町一丁目162-1","","","","","","","","","","","","","","","8040002085334","","","",""
"大塚ポリテック株式会社","1902947191186","","","","","","","355-0811","埼玉県比企郡滑川町大字羽尾4962","","","","","","","","","","","","","","","5030001071207","","","",""
"株式会社大塚ポリテツク福島製作所","9455372776847","","","","","","","963-3521","福島県田村郡小野町大字飯豊二本木48","","","","","","","","","","","","","","","9380001007865","","","",""
"株式会社大手","8796655618827","","","","","","","113-0033","東京都文京区本郷一丁目11-6 大手ビル","","","","","","","","","","","","","","","6010001001445","","","",""
"大利根ゴム株式会社","7313365208045","","","","","","","341-0044","埼玉県三郷市戸ヶ崎二丁目158-2","","","","","","","","","","","","","","","9030001036577","","","",""
"大利根ベルト工業株式会社","8592302584963","","","","","","","360-0223","埼玉県熊谷市俵瀬138-4","","","","","","","","","","","","","","","3030001085720","","","",""
"有限会社オオトモ工業","1135363349439","","","","","","","344-0058","埼玉県春日部市栄町二丁目76-4","","","","","","","","","","","","","","","7030002067986","","","",""
"有限会社大友ゴム工業","2639977423299","","","","","","","818-0115","福岡県太宰府市大字内山956-1","","","","","","","","","","","","","","","3290002040640","","","",""
"有限会社大豊製作所","3509322476677","","","","","","","331-0812","埼玉県さいたま市北区宮原町一丁目187-5","","","","","","","","","","","","","","","1030002008582","","","",""
"大鳥産業株式会社","9195664662335","","","","","","","709-3113","岡山県岡山市北区建部町下神目985-1","","","","","","","","","","","","","","","9260001007480","","","",""
"株式会社大西","3408191975679","","","","","","","437-0215","静岡県周智郡森町森1102-1","","","","","","","","","","","","","","","8080401017520","","","",""
"株式会社大西産業","8381664970753","","","","","","","929-1716","石川県鹿島郡中能登町黒氏壱壱部34-1","","","","","","","","","","","","","","","9220001018317","","","",""
"株式会社大野光","5929865893089","","","","","","","501-6123","岐阜県岐阜市柳津町流通センター一丁目9-2","","","","","","","","","","","","","","","4200001000768","","","",""
"大野ゴム工業株式会社","9099072629148","","","","","","","105-0001","東京都港区虎ノ門一丁目9-11 GATE虎ノ門","","","","","","","","","","","","","","","8010401005944","","","",""
"合資会社大野タイヤ商会","7197958948787","","","","","","","012-0813","秋田県湯沢市前森三丁目5-16","","","","","","","","","","","","","","","1410003001052","","","",""
"有限会社大橋加工所","1906245355139","","","","","","","116-0012","東京都荒川区東尾久一丁目20-19 八城ビル","","","","","","","","","","","","","","","6011502007518","","","",""
"有限会社大橋工業","5393123222883","","","","","","","448-0001","愛知県刈谷市井ケ谷町庄司50-110","","","","","","","","","","","","","","","9180302018045","","","",""
"株式会社大橋鉄工所","7366616117583","","","","","","","503-0945","岐阜県大垣市浅西三丁目22-13","","","","","","","","","","","","","","","2200002014983","","","",""
"有限会社大畑管工","6677560479374","","","","","","","698-0025","島根県益田市あけぼの西町2-6","","","","","","","","","","","","","","","5280002009866","","","",""
"株式会社大畠ゴム製造所","8868995298206","","","","","","","141-0001","東京都品川区北品川五丁目8-10","","","","","","","","","","","","","","","3010701002118","","","",""
"大幡産業株式会社","1857054015806","","","","","","","536-0004","大阪府大阪市城東区今福西四丁目6-28 3F","","","","","","","","","","","","","","","1120001042004","","","",""
"有限会社大富士ゴム工業","1724879271437","","","","","","","418-0057","静岡県富士宮市朝日町2-10","","","","","","","","","","","","","","","3080102016537","","","",""
"株式会社大宮工業","5554159794671","","","","","","","337-0042","埼玉県さいたま市見沼区大字南中野3016-4","","","","","","","","","","","","","","","7030001001525","","","",""
"大屋ゴム工業有限会社","3492093051158","","","","","","","697-0024","島根県浜田市黒川町4232-4","","","","","","","","","","","","","","","6280002008173","","","",""
"株式会社大輪ゴム工業","8858758371797","","","","","","","300-2521","茨城県常総市大生郷町2862-1","","","","","","","","","","","","","","","7050001030225","","","",""
"株式会社オカイチ","1089779390762","","","","","","","581-0815","大阪府八尾市宮町六丁目2-19","","","","","","","","","","","","","","","2122001017975","","","",""
"有限会社岡ゴム商会","3199668996445","","","","","","","870-0143","大分県大分市三川上二丁目3-46","","","","","","","","","","","","","","","1320002001590","","","",""
"岡崎梱包資材有限会社","2892967285318","","","","","","","444-0855","愛知県岡崎市真宮町8-18","","","","","","","","","","","","","","","5180302000535","","","",""
"岡崎ゴム糸工業株式会社","2946049114672","","","","","","","444-0834","愛知県岡崎市柱町東荒子128-1","","","","","","","","","","","","","","","6180301000329","","","",""
"株式会社オカダ","3292794686806","","","","","","","729-0111","広島県福山市今津町五丁目13-9","","","","","","","","","","","","","","","3240001030192","","","",""
"有限会社オカダイゴム","6561186412554","","","","","","","125-0032","東京都葛飾区水元二丁目4-6","","","","","","","","","","","","","","","4011802001528","","","",""
"有限会社岡田打抜型刃物製作所","6373675425543","","","","","","","131-0032","東京都墨田区東向島三丁目14-10","","","","","","","","","","","","","","","2010602008545","","","",""
"有限会社岡田ゴム製作所","5345090887748","","","","","","","342-0002","埼玉県吉川市大字下内川762","","","","","","","","","","","","","","","7030002089980","","","",""
"株式会社岡田商会","6245801667033","","","","","","","532-0011","大阪府大阪市淀川区西中島六丁目2-3 217","","","","","","","","","","","","","","","2120001054361","","","",""
"株式会社岡田製作所","1870112964600","","","","","","","270-0221","千葉県野田市古布内1947-4","","","","","","","","","","","","","","","2040001072074","","","",""
"有限会社岡部ゴム工業","7851061538173","","","","","","","314-0142","茨城県神栖市深芝南一丁目7-11 JBcubeII号室","","","","","","","","","","","","","","","5050002027008","","","",""
"オカモト株式会社","6737709472388","","","","","","","113-0033","東京都文京区本郷三丁目27-12","","","","","","","","","","","","","","","5010001000002","","","",""
"株式会社岡本ゴム製作所","6961067709826","","","","","","","279-0041","千葉県浦安市堀江一丁目20-21","","","","","","","","","","","","","","","6040001029368","","","",""
"岡本製甲株式会社","7069496936652","","","","","","","710-1101","岡山県倉敷市茶屋町1988-12","","","","","","","","","","","","","","","9260001012852","","","",""
"株式会社岡本ローラ製作所","5197216026957","","","","","","","350-1165","埼玉県川越市南台一丁目4-5","","","","","","","","","","","","","","","1030001057515","","","",""
"岡安ゴム株式会社","9352750119638","","","","","","","525-0042","滋賀県草津市山寺町271-1","","","","","","","","","","","","","","","3120001011948","","","",""
"株式会社岡山ゴム会館","4433373271952","","","","","","","700-0821","岡山県岡山市北区中山下二丁目3-1","","","","","","","","","","","","","","","9260001001046","","","",""
"株式会社岡山パッキング","7960497334271","","","","","","","712-8003","岡山県倉敷市水島明神町7-35 水島ゴムビル3F","","","","","","","","","","","","","","","4260001012808","","","",""
"有限会社岡山パール","8540934051618","","","","","","","719-0303","岡山県浅口郡里庄町大字浜中93-270","","","","","","","","","","","","","","","1260002024895","","","",""
"有限会社岡山ベルトサービス","4043451307241","","","","","","","701-0203","岡山県岡山市南区古新田1367-32","","","","","","","","","","","","","","","4260002001834","","","",""
"岡山弁柄工業有限会社","7880756315578","","","","","","","709-0522","岡山県和気郡和気町加三方624","","","","","","","","","","","","","","","2260002030991","","","",""
"小笠原工業株式会社","3856176067758","","","","","","","331-0046","埼玉県さいたま市西区宮前町541-18","","","","","","","","","","","","","","","8030001001680","","","",""
"オガタ護謨株式会社","4550142948730","","","","","","","558-0033","大阪府大阪市住吉区清水丘一丁目6-20","","","","","","","","","","","","","","","7120001032296","","","",""
"株式会社ＯＧＡＷＡ","9642603007890","","","","","","","653-0015","兵庫県神戸市長田区菅原通七丁目36","","","","","","","","","","","","","","","1140001096865","","","",""
"小川ゴム株式会社","9214397589524","","","","","","","653-0862","兵庫県神戸市長田区西山町三丁目2-4","","","","","","","","","","","","","","","2140001015857","","","",""
"株式会社小川ゴム","6083095338693","","","","","","","930-0269","富山県中新川郡立山町半屋212","","","","","","","","","","","","","","","8230001014448","","","",""
"株式会社小川ゴム工業所","5090961889157","","","","","","","581-0092","大阪府八尾市老原九丁目127","","","","","","","","","","","","","","","8122001017953","","","",""
"株式会社小川ゴム商会","5697385092365","","","","","","","652-0047","兵庫県神戸市兵庫区下沢通二丁目2-18","","","","","","","","","","","","","","","9140001012708","","","",""
"株式会社小川ローラー工業所","1134002104658","","","","","","","482-0031","愛知県岩倉市八剱町大坪60-1","","","","","","","","","","","","","","","9180001087779","","","",""
"有限会社沖田ゴム工業","4651408313859","","","","","","","340-0807","埼玉県八潮市大字新町22-1","","","","","","","","","","","","","","","9030002046690","","","",""
"株式会社オキナカ","3689248032236","","","","","","","733-0037","広島県広島市西区西観音町1-10","","","","","","","","","","","","","","","8240001001890","","","",""
"有限会社沖中ゴム工業","6581437893387","","","","","","","811-4222","福岡県遠賀郡岡垣町大字戸切1402","","","","","","","","","","","","","","","1290802016577","","","",""
"株式会社オキナワブレッシング","6309573771722","","","","","","","904-2301","沖縄県うるま市与那城照間232-5","","","","","","","","","","","","","","","8360001008148","","","",""
"沖野株式会社","9866933692433","","","","","","","106-0047","東京都港区南麻布二丁目14-19","","","","","","","","","","","","","","","2010401006139","","","",""
"株式会社沖広開発","1590323943629","","","","","","","904-0301","沖縄県中頭郡読谷村字座喜味3105","","","","","","","","","","","","","","","1360002005423","","","",""
"沖本ゴム工業株式会社","5432067585147","","","","","","","116-0014","東京都荒川区東日暮里四丁目7-12","","","","","","","","","","","","","","","4011501005862","","","",""
"有限会社荻野ゴム工業","2392413675134","","","","","","","360-0223","埼玉県熊谷市俵瀬237","","","","","","","","","","","","","","","5030002114534","","","",""
"有限会社オーク","2818446734420","","","","","","","289-1111","千葉県八街市大木671-147","","","","","","","","","","","","","","","6040002064653","","","",""
"奥田パッキング株式会社","3548106550551","","","","","","","536-0016","大阪府大阪市城東区蒲生一丁目8-35","","","","","","","","","","","","","","","2120001014497","","","",""
"株式会社オクト産業","5186621705922","","","","","","","652-0815","兵庫県神戸市兵庫区三川口町二丁目2-25","","","","","","","","","","","","","","","8140001015843","","","",""
"奥野商事株式会社","9741039097986","","","","","","","631-0001","奈良県奈良市北登美ヶ丘四丁目5-13","","","","","","","","","","","","","","","2120001012757","","","",""
"株式会社オクムラ","2844010601385","","","","","","","515-0841","三重県松阪市曲町638-1","","","","","","","","","","","","","","","1190001010144","","","",""
"オクムラ化成株式会社","5956554236738","","","","","","","455-0877","愛知県名古屋市港区六軒家128","","","","","","","","","","","","","","","9180001006202","","","",""
"株式会社小熊商会","6480683284550","","","","","","","010-0014","秋田県秋田市南通宮田13-36","","","","","","","","","","","","","","","3410001000814","","","",""
"有限会社オグラゴム","8715344174268","","","","","","","120-0043","東京都足立区千住宮元町23-6","","","","","","","","","","","","","","","6010602018029","","","",""
"有限会社小椋ゴム工業","4044905066963","","","","","","","501-3266","岐阜県関市小瀬南一丁目5-24","","","","","","","","","","","","","","","4200002018553","","","",""
"有限会社小倉ゴム工業所","3833596353203","","","","","","","577-0067","大阪府東大阪市高井田西四丁目5-36","","","","","","","","","","","","","","","8122002000900","","","",""
"株式会社オグリ","4290228115167","","","","","","","942-0065","新潟県上越市川原町10-15","","","","","","","","","","","","","","","5110001018901","","","",""
"株式会社オーケー商工","3993226631347","","","","","","","537-0025","大阪府大阪市東成区中道三丁目10-19","","","","","","","","","","","","","","","1120001011941","","","",""
"オーサカゴム株式会社","7010345082669","","","","","","","543-0042","大阪府大阪市天王寺区烏ケ辻一丁目9-5","","","","","","","","","","","","","","","4120001022762","","","",""
"有限会社小山内タイヤ商会","9066490781059","","","","","","","036-1321","青森県弘前市大字熊嶋里見292","","","","","","","","","","","","","","","3420002014564","","","",""
"株式会社尾崎化成","7169394018800","","","","","","","581-0017","大阪府八尾市高美町七丁目1-31","","","","","","","","","","","","","","","2122001018008","","","",""
"株式会社小澤商会","6211447852897","","","","","","","171-0044","東京都豊島区千早三丁目26-1","","","","","","","","","","","","","","","3013301002371","","","",""
"小澤重ケミカル工業株式会社","3989180550510","","","","","","","420-0064","静岡県静岡市葵区本通七丁目11-7","","","","","","","","","","","","","","","4080001000921","","","",""
"株式会社押海製靴","6848162100521","","","","","","","557-0034","大阪府大阪市西成区松三丁目4-3","","","","","","","","","","","","","","","8120001131386","","","",""
"株式会社押谷製作所","1645704513234","","","","","","","334-0076","埼玉県川口市本蓮二丁目10","","","","","","","","","","","","","","","1030001080566","","","",""
"株式会社ＯＧＳ","8180822927168","","","","","","","448-0833","愛知県刈谷市城町一丁目60-1","","","","","","","","","","","","","","","8180302018021","","","",""
"尾高ゴム工業株式会社","2553370425608","","","","","","","640-0413","和歌山県紀の川市貴志川町神戸77-3","","","","","","","","","","","","","","","5170001000424","","","",""
"有限会社尾竹ゴム工業所","2697866968608","","","","","","","116-0001","東京都荒川区町屋八丁目18-11","","","","","","","","","","","","","","","3011502007603","","","",""
"お多福産業株式会社","7624024428863","","","","","","","770-0867","徳島県徳島市新南福島二丁目4-25","","","","","","","","","","","","","","","5480001000401","","","",""
"株式会社オダ","5201341408461","","","","","","","456-0034","愛知県名古屋市熱田区伝馬二丁目6-4","","","","","","","","","","","","","","","7180001021665","","","",""
"有限会社尾高工業","8237138051873","","","","","","","289-1300","千葉県山武市松ヶ谷ロ2470","","","","","","","","","","","","","","","8040002079393","","","",""
"有限会社織田技研","2552723215749","","","","","","","750-0324","山口県下関市菊川町大字久野1675-4","","","","","","","","","","","","","","","4250002012329","","","",""
"株式会社小田ゴム","1373867663941","","","","","","","131-0041","東京都墨田区八広五丁目6-11","","","","","","","","","","","","","","","1010601009504","","","",""
"株式会社オダニゴム","1664982309094","","","","","","","611-0021","京都府宇治市宇治下居97-7","","","","","","","","","","","","","","","4130001034476","","","",""
"株式会社落合組","3218905509030","","","","","","","444-0918","愛知県岡崎市日名中町17-19","","","","","","","","","","","","","","","8180301000434","","","",""
"オーツケミカル株式会社","4985275424945","","","","","","","592-0013","大阪府高石市取石五丁目9-1","","","","","","","","","","","","","","","4470001010369","","","",""
"オーツユーテライジング株式会社","9105301813837","","","","","","","595-0044","大阪府泉大津市河原町4-15","","","","","","","","","","","","","","","6120101042221","","","",""
"株式会社オーティーラバー","2216294209241","","","","","","","920-0061","石川県金沢市問屋町一丁目94","","","","","","","","","","","","","","","6220001021653","","","",""
"オーテック株式会社","8076018343423","","","","","","","546-0022","大阪府大阪市東住吉区住道矢田八丁目10-7","","","","","","","","","","","","","","","9120001106503","","","",""
"オーディオゴム・テクニカル株式会社","5500411325919","","","","","","","448-0026","愛知県刈谷市中山町三丁目22","","","","","","","","","","","","","","","4180301013786","","","",""
"株式会社オートウェイ","3311662635067","","","","","","","800-0365","福岡県京都郡苅田町大字苅田3787-62","","","","","","","","","","","","","","","1290801015778","","","",""
"有限会社オートライフケミカル","8963964948553","","","","","","","007-0880","北海道札幌市東区丘珠町555-1","","","","","","","","","","","","","","","4430002003912","","","",""
"小鳥商会有限会社","1710344118788","","","","","","","506-0003","岐阜県高山市本母町394","","","","","","","","","","","","","","","3200002025063","","","",""
"株式会社オニザキ","6583880608711","","","","","","","571-0015","大阪府門真市三ツ島四丁目23-8","","","","","","","","","","","","","","","8120001177867","","","",""
"小野工業有限会社","1820033413537","","","","","","","714-1227","岡山県小田郡矢掛町小田1235","","","","","","","","","","","","","","","3260002025933","","","",""
"小野ゴム工業株式会社","8413854719570","","","","","","","394-0083","長野県岡谷市長地柴宮一丁目1-9","","","","","","","","","","","","","","","9100001019376","","","",""
"小野沢ゴム株式会社","5787313519075","","","","","","","175-0045","東京都板橋区西台四丁目8-24","","","","","","","","","","","","","","","2011401001245","","","",""
"株式会社小野瀬ゴム製作所","2206548435675","","","","","","","341-0005","埼玉県三郷市彦川戸一丁目108-16","","","","","","","","","","","","","","","9030001036585","","","",""
"尾畑ゴム工業有限会社","1877595643265","","","","","","","441-3414","愛知県田原市東神戸町新古38-1","","","","","","","","","","","","","","","9180302010670","","","",""
"株式会社オーヨド","4350225596448","","","","","","","567-0046","大阪府茨木市南春日丘二丁目5-5","","","","","","","","","","","","","","","7120001034532","","","",""
"株式会社オリエンタル","4148874521179","","","","","","","719-1126","岡山県総社市総社一丁目11-1","","","","","","","","","","","","","","","6260001015841","","","",""
"有限会社オリエンタル商会","8078996951572","","","","","","","184-0012","東京都小金井市中町一丁目9-25","","","","","","","","","","","","","","","9012402004734","","","",""
"オリエント化成工業株式会社","4004666258525","","","","","","","551-0002","大阪府大阪市大正区三軒家東三丁目11-44","","","","","","","","","","","","","","","8120001027205","","","",""
"有限会社オリエントリトレッド","1760853658094","","","","","","","899-2704","鹿児島県鹿児島市春山町1857-2","","","","","","","","","","","","","","","1340002011407","","","",""
"株式会社オーレックス","4721966579700","","","","","","","144-0056","東京都大田区西六郷二丁目18-4","","","","","","","","","","","","","","","3010801019268","","","",""
"オロテックス秋田株式会社","8722859953720","","","","","","","013-0054","秋田県横手市柳田12-4","","","","","","","","","","","","","","","5180001137538","","","",""
"有限会社オン・アプルーバル","7242525332864","","","","","","","150-0001","東京都渋谷区神宮前五丁目41-13 グリーンリーフ1A","","","","","","","","","","","","","","","1011002021511","","","",""
"有限会社恩蔵商店","9353102499439","","","","","","","332-0031","埼玉県川口市青木三丁目8-39","","","","","","","","","","","","","","","8030002101348","","","",""
"株式会社カイ","6599793713758","","","","","","","239-0813","神奈川県横須賀市鴨居一丁目49-17","","","","","","","","","","","","","","","1021001050840","","","",""
"株式会社カイセイ","5755915302366","","","","","","","144-0047","東京都大田区萩中三丁目28-22","","","","","","","","","","","","","","","1010801019468","","","",""
"開成工業株式会社","4696981028870","","","","","","","273-0021","千葉県船橋市海神三丁目23-51","","","","","","","","","","","","","","","3040001016988","","","",""
"有限会社海津化学ゴム","6776386154361","","","","","","","503-0314","岐阜県海津市平田町西島1280","","","","","","","","","","","","","","","7200002014797","","","",""
"海洋ゴム株式会社","8774832758556","","","","","","","519-3404","三重県北牟婁郡紀北町中里658","","","","","","","","","","","","","","","2190001004467","","","",""
"有限会社鏡タイヤサービスセンター","8611100770660","","","","","","","869-4701","熊本県八代市千丁町太牟田2373-4","","","","","","","","","","","","","","","2330002026842","","","",""
"カガリ工業有限会社","2974770364479","","","","","","","721-0957","広島県福山市箕島町南丘6494-4","","","","","","","","","","","","","","","7240002039964","","","",""
"株式会社カガワ","4331419474605","","","","","","","566-0052","大阪府摂津市鳥飼本町四丁目14-8","","","","","","","","","","","","","","","9120901009185","","","",""
"株式会社カガワ","2806713579910","","","","","","","484-0061","愛知県犬山市大字前原前畑11","","","","","","","","","","","","","","","9180003002232","","","",""
"有限会社柿崎製作所","7990402999046","","","","","","","990-0002","山形県山形市高原町368-8","","","","","","","","","","","","","","","2390002000767","","","",""
"角一化成株式会社","7614338842706","","","","","","","564-0051","大阪府吹田市豊津町31-10","","","","","","","","","","","","","","","9120001076804","","","",""
"角一ゴム工業株式会社","7905717958452","","","","","","","651-2125","兵庫県神戸市西区玉津町新方東方257","","","","","","","","","","","","","","","2140001019908","","","",""
"角丸ゴム株式会社","3813195005245","","","","","","","538-0043","大阪府大阪市鶴見区今津南一丁目1-8","","","","","","","","","","","","","","","3120001001635","","","",""
"有限会社角屋ゴム工業所","6914069568143","","","","","","","131-0042","東京都墨田区東墨田二丁目22-1","","","","","","","","","","","","","","","1010602010188","","","",""
"株式会社筧工業","6278640079003","","","","","","","496-0025","愛知県津島市中一色町西訳166","","","","","","","","","","","","","","","7180002090890","","","",""
"影山工業株式会社","7628999683912","","","","","","","124-0001","東京都葛飾区小菅一丁目11-25","","","","","","","","","","","","","","","2011801000953","","","",""
"影山工業株式会社","2028258007758","","","","","","","210-0808","神奈川県川崎市川崎区旭町一丁目2-1","","","","","","","","","","","","","","","5020001072420","","","",""
"有限会社影山ゴム工業所","5251999445245","","","","","","","582-0027","大阪府柏原市円明町1000-143","","","","","","","","","","","","","","","3122002015333","","","",""
"有限会社かこうや","2125817430578","","","","","","","435-0041","静岡県浜松市東区北島町736","","","","","","","","","","","","","","","9080402001951","","","",""
"鹿児島ヨコハマタイヤ株式会社","7697876405262","","","","","","","891-0115","鹿児島県鹿児島市東開町4-95","","","","","","","","","","","","","","","9340001001070","","","",""
"有限会社かさい機器","3786657849840","","","","","","","400-0053","山梨県甲府市大里町2426-4","","","","","","","","","","","","","","","5090002000695","","","",""
"株式会社笠原車体工業","8734532645233","","","","","","","059-1366","北海道苫小牧市あけぼの町一丁目4-4","","","","","","","","","","","","","","","9430002058308","","","",""
"株式会社笠原製作所","6896869245206","","","","","","","370-0303","群馬県太田市新田小金井町321-11","","","","","","","","","","","","","","","7070001020728","","","",""
"有限会社風間自動車鈑金塗装","5417689466875","","","","","","","435-0017","静岡県浜松市中央区薬師町54-1","","","","","","","","","","","","","","","4080402013588","","","",""
"樫原工業株式会社","3404021638714","","","","","","","761-0905","香川県さぬき市大川町南川168","","","","","","","","","","","","","","","2470001011039","","","",""
"有限会社カシマ","7002373271789","","","","","","","979-2333","福島県南相馬市鹿島区寺内菖蒲苅場89-4","","","","","","","","","","","","","","","8380002029166","","","",""
"株式会社加島商店","3673601186401","","","","","","","871-0021","大分県中津市沖代町一丁目1-15","","","","","","","","","","","","","","","2320001010732","","","",""
"株式会社カーショップ四季","5191458111270","","","","","","","471-0812","愛知県豊田市野見町五丁目129-3","","","","","","","","","","","","","","","5180301025153","","","",""
"柏木パイル織物株式会社","1935622340507","","","","","","","336-0965","埼玉県さいたま市緑区大字間宮605","","","","","","","","","","","","","","","1030001001803","","","",""
"株式会社梶商会","4190147549067","","","","","","","123-0864","東京都足立区鹿浜五丁目20-11","","","","","","","","","","","","","","","3011801018788","","","",""
"株式会社カジノ","7707658336252","","","","","","","570-0041","大阪府守口市東郷通二丁目6-8","","","","","","","","","","","","","","","5120001155479","","","",""
"株式会社カジメイク","8378732418252","","","","","","","933-0054","富山県高岡市古定塚10-1","","","","","","","","","","","","","","","1230001009842","","","",""
"有限会社春日ゴム機工","3575895242318","","","","","","","826-0042","福岡県田川市大字川宮1098","","","","","","","","","","","","","","","9290802025348","","","",""
"上総ゴム工業有限会社","8850265366492","","","","","","","270-2303","千葉県印西市酒直卜杭43","","","","","","","","","","","","","","","7040002057160","","","",""
"化成工業株式会社","9426344282985","","","","","","","474-0011","愛知県大府市横根町坊主山1-64","","","","","","","","","","","","","","","4180001092437","","","",""
"株式会社加世産業","4477162907660","","","","","","","544-0001","大阪府大阪市生野区新今里二丁目3-6","","","","","","","","","","","","","","","6120001167597","","","",""
"株式会社片桐ゴム加工所","1072802203430","","","","","","","130-0011","東京都墨田区石原四丁目35-16","","","","","","","","","","","","","","","5010601010037","","","",""
"有限会社片野ゴム工業","5804014097325","","","","","","","287-0043","千葉県香取市大戸517","","","","","","","","","","","","","","","7040002086779","","","",""
"株式会社片山ゴム","4674108362458","","","","","","","335-0002","埼玉県蕨市塚越五丁目13-5","","","","","","","","","","","","","","","8030001020937","","","",""
"株式会社片山ゴム","9547959207828","","","","","","","711-0906","岡山県倉敷市児島下の町三丁目5-43","","","","","","","","","","","","","","","8260001012911","","","",""
"片山産業株式会社","6037388837157","","","","","","","481-0011","愛知県北名古屋市高田寺出口85-3","","","","","","","","","","","","","","","4180001051979","","","",""
"有限会社カッコウシューズ社","5047912193047","","","","","","","653-0835","兵庫県神戸市長田区細田町五丁目2-25 ライオンビル西館4F","","","","","","","","","","","","","","","9140002026310","","","",""
"有限会社葛飾ゴム製作所","8314077179508","","","","","","","131-0041","東京都墨田区八広六丁目5-16","","","","","","","","","","","","","","","4010602010160","","","",""
"有限会社葛飾ラテックス工業所","7770475318939","","","","","","","124-0005","東京都葛飾区宝町二丁目32-20","","","","","","","","","","","","","","","4011802001742","","","",""
"勝田工業株式会社","9626742177411","","","","","","","136-0071","東京都江東区亀戸六丁目46-2","","","","","","","","","","","","","","","5010601001804","","","",""
"有限会社勝見パッキング製作所","1772837887166","","","","","","","653-0841","兵庫県神戸市長田区松野通四丁目2-30","","","","","","","","","","","","","","","9140002008358","","","",""
"有限会社勝山製作所","4498594768001","","","","","","","759-6604","山口県下関市横野町一丁目14-13","","","","","","","","","","","","","","","8250002008579","","","",""
"カツラ工業株式会社","7450970774447","","","","","","","514-2327","三重県津市安濃町安部232-1","","","","","","","","","","","","","","","8190001001566","","","",""
"カツラ商事株式会社","3882704615073","","","","","","","610-1112","京都府京都市西京区大枝北福西町二丁目28-3","","","","","","","","","","","","","","","3130001046497","","","",""
"株式会社加貫ローラ製作所","4844882330955","","","","","","","544-0005","大阪府大阪市生野区中川五丁目3-13","","","","","","","","","","","","","","","7120001017140","","","",""
"株式会社カテックス","4392881976257","","","","","","","460-0013","愛知県名古屋市中区上前津一丁目3-3","","","","","","","","","","","","","","","4180001035206","","","",""
"有限会社カテロン工業","3412229362584","","","","","","","454-0013","愛知県名古屋市中川区八熊二丁目4-3","","","","","","","","","","","","","","","2180002017766","","","",""
"株式会社加陶","7382273644533","","","","","","","529-1851","滋賀県甲賀市信楽町長野1361-4","","","","","","","","","","","","","","","1160001005502","","","",""
"有限会社カトウ化学","9072429394161","","","","","","","341-0043","埼玉県三郷市栄三丁目281-1","","","","","","","","","","","","","","","5011802001840","","","",""
"株式会社加藤機料","1289564583068","","","","","","","915-0084","福井県越前市村国二丁目4-22","","","","","","","","","","","","","","","5210001011557","","","",""
"有限会社加藤軽合金","2365022454744","","","","","","","439-0019","静岡県菊川市半済1944-1","","","","","","","","","","","","","","","1080402018581","","","",""
"有限会社加東工業所","7685047123879","","","","","","","468-0015","愛知県名古屋市天白区原三丁目1310","","","","","","","","","","","","","","","8180002021275","","","",""
"加藤ゴム株式会社","6747299355070","","","","","","","460-0012","愛知県名古屋市中区千代田三丁目15-15","","","","","","","","","","","","","","","1180001035200","","","",""
"株式会社加藤ゴム商会","9081823676711","","","","","","","561-0856","大阪府豊中市穂積二丁目1-25","","","","","","","","","","","","","","","1120901023326","","","",""
"有限会社加藤ゴム製作所","9450802777810","","","","","","","131-0041","東京都墨田区八広二丁目17-7","","","","","","","","","","","","","","","5010602022980","","","",""
"有限会社加藤製作所","4623929110844","","","","","","","350-0838","埼玉県川越市宮元町37-13","","","","","","","","","","","","","","","4030002072849","","","",""
"株式会社加藤製作所","3796195450639","","","","","","","124-0003","東京都葛飾区お花茶屋一丁目12-2","","","","","","","","","","","","","","","9011801000971","","","",""
"有限会社加藤パツキング製作所","1800100383822","","","","","","","103-0007","東京都中央区日本橋浜町三丁目9-10","","","","","","","","","","","","","","","3010002018532","","","",""
"有限会社カトーセイコー","4358810595688","","","","","","","490-1112","愛知県あま市上萱津矢台2-2","","","","","","","","","","","","","","","1180002091523","","","",""
"門木商事有限会社","2718376973550","","","","","","","653-0032","兵庫県神戸市長田区苅藻通一丁目3-4","","","","","","","","","","","","","","","7140002008351","","","",""
"株式会社カナエ産業","2014121112962","","","","","","","341-0034","埼玉県三郷市新和四丁目514","","","","","","","","","","","","","","","6030001036605","","","",""
"株式会社金尾商店","3112253076719","","","","","","","544-0011","大阪府大阪市生野区田島一丁目9-16","","","","","","","","","","","","","","","5120001193875","","","",""
"有限会社金沢鉄工所","6004346572588","","","","","","","411-0904","静岡県駿東郡清水町柿田659-1","","","","","","","","","","","","","","","2080102009921","","","",""
"有限会社カナメ産業","8722632310661","","","","","","","103-0014","東京都中央区日本橋蛎殻町一丁目17-11","","","","","","","","","","","","","","","9010002047641","","","",""
"有限会社カネ市ゴム工業","9510920348151","","","","","","","470-2103","愛知県知多郡東浦町大字石浜廻間72","","","","","","","","","","","","","","","8180002085320","","","",""
"株式会社カネコ","7723029024193","","","","","","","327-0323","栃木県佐野市戸奈良町175","","","","","","","","","","","","","","","1060001020750","","","",""
"有限会社金子製作所","9341725148306","","","","","","","820-0073","福岡県飯塚市平恒1-7","","","","","","","","","","","","","","","9290002045015","","","",""
"株式会社カネテック","9776370806775","","","","","","","135-0016","東京都江東区東陽三丁目26-8 カネテックビル3F","","","","","","","","","","","","","","","3010601019055","","","",""
"株式会社カネテックビズ","7438547367501","","","","","","","550-0001","大阪府大阪市西区土佐堀三丁目4-12","","","","","","","","","","","","","","","4120001042307","","","",""
"株式会社金林商工","1802228973802","","","","","","","285-0858","千葉県佐倉市ユーカリが丘三丁目11-14","","","","","","","","","","","","","","","6040001046710","","","",""
"兼平ゴム工業株式会社","5586073700808","","","","","","","311-2405","茨城県潮来市築地395","","","","","","","","","","","","","","","2050001021410","","","",""
"株式会社金平製作所","5816579288910","","","","","","","544-0014","大阪府大阪市生野区巽東三丁目15-9","","","","","","","","","","","","","","","5120001130993","","","",""
"有限会社金房工業","3137510692485","","","","","","","470-2103","愛知県知多郡東浦町大字石浜前浜52","","","","","","","","","","","","","","","1180002085327","","","",""
"金本工業有限会社","6732464392912","","","","","","","509-1604","岐阜県下呂市金山町東沓部2115","","","","","","","","","","","","","","","1200002027607","","","",""
"有限会社金安ゴム工業","2311761148216","","","","","","","954-0214","新潟県長岡市中条新田1541-5","","","","","","","","","","","","","","","7110002030671","","","",""
"加納ゴム株式会社","7934908958663","","","","","","","103-0007","東京都中央区日本橋浜町三丁目3-1","","","","","","","","","","","","","","","3010001040082","","","",""
"加納ゴム工業株式会社","4600206964208","","","","","","","447-0085","愛知県碧南市金山町二丁目1-77","","","","","","","","","","","","","","","9180301015150","","","",""
"鎌倉ゴム工業株式会社","4965668843526","","","","","","","247-0055","神奈川県鎌倉市小袋谷一丁目5-1","","","","","","","","","","","","","","","8021001008980","","","",""
"蒲田工業株式会社","1849266419313","","","","","","","108-0075","東京都港区港南二丁目16-3 品川グランドセントラルタワー24F","","","","","","","","","","","","","","","4010001040750","","","",""
"有限会社蒲田ゴム工業所","9825798407647","","","","","","","181-0002","東京都三鷹市牟礼二丁目11-4","","","","","","","","","","","","","","","9012402018577","","","",""
"株式会社鎌田タイヤ","5323309324480","","","","","","","010-0022","秋田県秋田市楢山南中町6-22","","","","","","","","","","","","","","","4410003000209","","","",""
"株式会社上別府加工所","8816424218147","","","","","","","653-0842","兵庫県神戸市長田区水笠通一丁目4-5","","","","","","","","","","","","","","","1140001031236","","","",""
"有限会社神谷工業","8453789929923","","","","","","","437-1302","静岡県掛川市大渕7464-1","","","","","","","","","","","","","","","6080402018057","","","",""
"有限会社紙谷工業所","7362644101094","","","","","","","669-2222","兵庫県丹波篠山市味間南805","","","","","","","","","","","","","","","1140002035070","","","",""
"有限会社亀井重繊維","9758758358326","","","","","","","929-1127","石川県かほく市大崎ト51","","","","","","","","","","","","","","","2220002016862","","","",""
"亀山ビード株式会社","7072640330660","","","","","","","519-0168","三重県亀山市太岡寺町820-6","","","","","","","","","","","","","","","6190001022085","","","",""
"加茂製靴株式会社","8039305484223","","","","","","","279-0013","千葉県浦安市日の出二丁目1-8","","","","","","","","","","","","","","","6040001034194","","","",""
"株式会社化理府","2953932389886","","","","","","","302-0128","茨城県守谷市けやき台一丁目17-10 A-102","","","","","","","","","","","","","","","1040001118282","","","",""
"刈谷ゴム有限会社","2310750564743","","","","","","","448-0024","愛知県刈谷市下重原町一丁目76","","","","","","","","","","","","","","","1180302018085","","","",""
"株式会社カワイチ・テック","2884819502561","","","","","","","124-0013","東京都葛飾区東立石三丁目27-1","","","","","","","","","","","","","","","5011801017549","","","",""
"川上産商有限会社","1176273321877","","","","","","","373-0072","群馬県太田市高瀬町49-1","","","","","","","","","","","","","","","6070002028754","","","",""
"河久商事株式会社","5354011563822","","","","","","","566-0064","大阪府摂津市鳥飼中三丁目6-23","","","","","","","","","","","","","","","8120001077209","","","",""
"川口油機株式会社","5215915579425","","","","","","","333-0831","埼玉県川口市大字木曽呂16-5","","","","","","","","","","","","","","","6030001074530","","","",""
"川島工業株式会社","9054001924092","","","","","","","370-0871","群馬県高崎市上豊岡町571-6","","","","","","","","","","","","","","","3070001006565","","","",""
"川田工業株式会社","7038532316859","","","","","","","654-0121","兵庫県神戸市須磨区妙法寺界地86 , 87番地合併地","","","","","","","","","","","","","","","1140001017400","","","",""
"株式会社河内鉄工所","7493521177243","","","","","","","672-8039","兵庫県姫路市飾磨区阿成渡場932-2","","","","","","","","","","","","","","","3140001058384","","","",""
"有限会社川之江バッテリー","6866933518324","","","","","","","799-0113","愛媛県四国中央市妻鳥町1011-1","","","","","","","","","","","","","","","5500002021559","","","",""
"株式会社河野商会","5467913313026","","","","","","","802-0002","福岡県北九州市小倉北区京町三丁目6-9","","","","","","","","","","","","","","","5290801000792","","","",""
"有限会社河原テント","6918095269325","","","","","","","125-0061","東京都葛飾区亀有二丁目23-12","","","","","","","","","","","","","","","6011802021227","","","",""
"川プロ株式会社","7849112802658","","","","","","","929-1100","石川県かほく市白尾ロ18","","","","","","","","","","","","","","","1220001017417","","","",""
"株式会社カワベ","5200474929198","","","","","","","879-7125","大分県豊後大野市三重町内田3590-2","","","","","","","","","","","","","","","4320001009582","","","",""
"株式会社カワマタ・テクノス","9364839348569","","","","","","","300-2401","茨城県つくばみらい市台1056-1","","","","","","","","","","","","","","","6050001028963","","","",""
"有限会社川見ゴム工業所","9935691170671","","","","","","","590-0945","大阪府堺市堺区戎之町東三丁2-15","","","","","","","","","","","","","","","6120102001309","","","",""
"有限会社カワムラ","1182038716692","","","","","","","343-0015","埼玉県越谷市花田五丁目2-12","","","","","","","","","","","","","","","9030002085648","","","",""
"株式会社カワムラ機工","1507995142886","","","","","","","720-0802","広島県福山市松浜町三丁目7-32","","","","","","","","","","","","","","","5240001030298","","","",""
"川村工業株式会社","5940751170975","","","","","","","105-0012","東京都港区芝大門二丁目2-8","","","","","","","","","","","","","","","3010401007425","","","",""
"有限会社川村産業","6214018924042","","","","","","","491-0001","愛知県一宮市瀬部冨士下124","","","","","","","","","","","","","","","9180002076137","","","",""
"株式会社河村製作所","5644801576747","","","","","","","653-0811","兵庫県神戸市長田区大塚町四丁目1-18","","","","","","","","","","","","","","","4140001015946","","","",""
"有限会社川村製作所","6469302629734","","","","","","","360-0816","埼玉県熊谷市石原一丁目81","","","","","","","","","","","","","","","1030002113077","","","",""
"カンケンフローシステム株式会社","7105200244297","","","","","","","572-0819","大阪府寝屋川市大成町13-5","","","","","","","","","","","","","","","2120001149327","","","",""
"関西化工株式会社","1156301014984","","","","","","","640-8329","和歌山県和歌山市田中町四丁目104","","","","","","","","","","","","","","","2170001000749","","","",""
"株式会社関西技研化学","9511253466156","","","","","","","581-0066","大阪府八尾市北亀井町一丁目3-19","","","","","","","","","","","","","","","2122001025771","","","",""
"株式会社関西ゴム","2898627322864","","","","","","","519-1107","三重県亀山市関町木崎52-2","","","","","","","","","","","","","","","6190001003382","","","",""
"株式会社関西ゴム製品開発センター浜松","1754494624728","","","","","","","435-0001","静岡県浜松市中央区上石田町2285-3","","","","","","","","","","","","","","","2080401001182","","","",""
"関西ホース金具工業株式会社","9441965594346","","","","","","","556-0022","大阪府大阪市浪速区桜川四丁目12-22","","","","","","","","","","","","","","","8120001037798","","","",""
"関西理研ゴム株式会社","7119902998208","","","","","","","537-0001","大阪府大阪市東成区深江北一丁目4-3","","","","","","","","","","","","","","","8120001125719","","","",""
"カンセンエキスパンダー工業株式会社","7532346378269","","","","","","","573-0094","大阪府枚方市南中振二丁目31-3","","","","","","","","","","","","","","","7120001149314","","","",""
"関東エラストマー株式会社","3193569076998","","","","","","","963-3406","福島県田村郡小野町大字皮籠石北ノ内204-1","","","","","","","","","","","","","","","7380001007867","","","",""
"有限会社関東ゴム秋田","8397508124039","","","","","","","018-3302","秋田県北秋田市栄林岱57-4","","","","","","","","","","","","","","","8010802020427","","","",""
"関東ゴム工業株式会社","6195144901136","","","","","","","306-0113","茨城県古河市谷貝671-1","","","","","","","","","","","","","","","1011801006811","","","",""
"株式会社関東ゴム製作所","7041265273658","","","","","","","369-0305","埼玉県児玉郡上里町大字神保原町537-1","","","","","","","","","","","","","","","6010801002543","","","",""
"有限会社神林製作所","7736792868306","","","","","","","370-2127","群馬県高崎市吉井町長根2109-2","","","","","","","","","","","","","","","4070002009376","","","",""
"神戸ガスケツト株式会社","5560203153183","","","","","","","130-0002","東京都墨田区業平一丁目7-19","","","","","","","","","","","","","","","3010601011821","","","",""
"株式会社カンポリエフラバー","6050142423456","","","","","","","575-0041","大阪府四條畷市蔀屋新町2-9","","","","","","","","","","","","","","","1122002012489","","","",""
"ガーパックジャパン株式会社","5800106894838","","","","","","","146-0095","東京都大田区多摩川二丁目7-9","","","","","","","","","","","","","","","7020001025905","","","",""
"ガムスター株式会社","2449808194167","","","","","","","596-0806","大阪府岸和田市摩湯町126","","","","","","","","","","","","","","","6120101036413","","","",""
"有限会社がんこ本舗","8537721335029","","","","","","","811-0123","福岡県糟屋郡新宮町上府北四丁目7-15","","","","","","","","","","","","","","","6021002013668","","","",""
"紀伊生産株式会社","2787374649241","","","","","","","553-0003","大阪府大阪市福島区福島六丁目25-26","","","","","","","","","","","","","","","7120001034722","","","",""
"株式会社機器製造岡本","4769757494825","","","","","","","532-0011","大阪府大阪市淀川区西中島五丁目3-10","","","","","","","","","","","","","","","4120001051522","","","",""
"株式会社気球製作所","1099148408366","","","","","","","144-0032","東京都大田区北糀谷一丁目23-10","","","","","","","","","","","","","","","4010801002958","","","",""
"キクイパッキン株式会社","7682871652867","","","","","","","452-0839","愛知県名古屋市西区見寄町43","","","","","","","","","","","","","","","7180001052000","","","",""
"菊川シール工業株式会社","6874584328260","","","","","","","439-0031","静岡県菊川市加茂1257","","","","","","","","","","","","","","","6080401018751","","","",""
"有限会社菊池ローラー製作所","3343352074318","","","","","","","343-0844","埼玉県越谷市大間野町四丁目177-6","","","","","","","","","","","","","","","9030002085664","","","",""
"株式会社キクヤゴム","8554065160569","","","","","","","509-2311","岐阜県下呂市乗政269","","","","","","","","","","","","","","","5200001025764","","","",""
"有限会社木更津ラジエーター","8116401212837","","","","","","","292-0834","千葉県木更津市潮見六丁目15-4","","","","","","","","","","","","","","","9040002066457","","","",""
"株式会社岸部ゴム","6642612318351","","","","","","","673-0442","兵庫県三木市別所町興治321","","","","","","","","","","","","","","","5140001042675","","","",""
"木島ゴム工業株式会社","9324057483011","","","","","","","131-0041","東京都墨田区八広二丁目29-11","","","","","","","","","","","","","","","6010601011760","","","",""
"木曾産業株式会社","6078476717565","","","","","","","721-0954","広島県福山市卸町12-5","","","","","","","","","","","","","","","5240001030331","","","",""
"有限会社北カバリング工業","5313343233293","","","","","","","920-0261","石川県河北郡内灘町字室へ1-27","","","","","","","","","","","","","","","2220002016276","","","",""
"株式会社北九州ゴム工業","2878100993327","","","","","","","800-0064","福岡県北九州市門司区松原二丁目4-13","","","","","","","","","","","","","","","1290801020076","","","",""
"株式会社北工業所","6023544512651","","","","","","","457-0064","愛知県名古屋市南区星崎二丁目100-2","","","","","","","","","","","","","","","9180001014320","","","",""
"株式会社北島ベルト","4687975611601","","","","","","","670-0981","兵庫県姫路市西庄甲274-2","","","","","","","","","","","","","","","4140001058466","","","",""
"喜多村包装有限会社","8233903796409","","","","","","","720-0092","広島県福山市山手町一丁目3-11","","","","","","","","","","","","","","","2240002040191","","","",""
"北谷ゴム有限会社","6605376474233","","","","","","","440-0843","愛知県豊橋市東幸町東明13-1","","","","","","","","","","","","","","","3180302007144","","","",""
"株式会社ＫＩＴ","4028638719646","","","","","","","301-0032","茨城県龍ケ崎市佐貫三丁目14-5 レジェンド佐貫1002号室","","","","","","","","","","","","","","","5050001033634","","","",""
"鬼怒川ゴム工業株式会社","8801054447889","","","","","","","263-0005","千葉県千葉市稲毛区長沼町330","","","","","","","","","","","","","","","7010001172987","","","",""
"鬼怒川パシフィック株式会社","3107109291251","","","","","","","124-0012","東京都葛飾区立石八丁目33-1","","","","","","","","","","","","","","","6011801001147","","","",""
"きねや足袋株式会社","6445972990847","","","","","","","361-0032","埼玉県行田市佐間一丁目28-49","","","","","","","","","","","","","","","4030001086800","","","",""
"有限会社木下ゴム","3352626889562","","","","","","","731-3810","広島県山県郡安芸太田町大字戸河内657","","","","","","","","","","","","","","","2240002029739","","","",""
"木下ゴム工業株式会社","7191950839439","","","","","","","633-0017","奈良県桜井市大字慈恩寺768-2","","","","","","","","","","","","","","","2150001009288","","","",""
"株式会社木下正雄商店","9455353201893","","","","","","","539-0000","大阪府大阪市中央区日本橋二丁目19-4","","","","","","","","","","","","","","","1120001077875","","","",""
"キーパー株式会社","9073975300059","","","","","","","251-0041","神奈川県藤沢市辻堂神台二丁目4-36","","","","","","","","","","","","","","","8021001004625","","","",""
"株式会社キムラ","9428290099973","","","","","","","120-0002","東京都足立区中川一丁目12-15","","","","","","","","","","","","","","","2011801007206","","","",""
"株式会社木村製作所","1305764965924","","","","","","","294-0052","千葉県館山市亀ケ原748","","","","","","","","","","","","","","","1040001073767","","","",""
"木村ロール株式会社","4891072223404","","","","","","","124-0003","東京都葛飾区お花茶屋三丁目24-14","","","","","","","","","","","","","","","9011801001160","","","",""
"株式会社木本","1634983693695","","","","","","","577-0836","大阪府東大阪市渋川町四丁目2-39","","","","","","","","","","","","","","","2122001001913","","","",""
"木本ゴム工業株式会社","9478621867293","","","","","","","105-0013","東京都港区浜松町二丁目11-2","","","","","","","","","","","","","","","3010401007805","","","",""
"木本産業株式会社","9025337642049","","","","","","","577-0836","大阪府東大阪市渋川町四丁目2-39","","","","","","","","","","","","","","","9122001001915","","","",""
"株式会社キューアンドティ","1857825596505","","","","","","","950-3134","新潟県新潟市北区新崎111-3","","","","","","","","","","","","","","","7110001001673","","","",""
"株式会社キュウエイ","3106268261860","","","","","","","823-0003","福岡県宮若市本城1085-1","","","","","","","","","","","","","","","9290801014491","","","",""
"有限会社九州ウェル","8607313577581","","","","","","","861-1312","熊本県菊池市森北1643","","","","","","","","","","","","","","","8330002017695","","","",""
"株式会社九州カラーフォーム","3801901781574","","","","","","","838-1506","福岡県朝倉市杷木林田80","","","","","","","","","","","","","","","7290001044011","","","",""
"九州高圧ホース株式会社","1896545337379","","","","","","","870-0108","大分県大分市大字三佐2122-12","","","","","","","","","","","","","","","7320001000860","","","",""
"九州ゴム機材株式会社","4833365867193","","","","","","","849-0102","佐賀県三養基郡みやき町大字簑原5571","","","","","","","","","","","","","","","5290001048633","","","",""
"九州ゴム製品販売株式会社","8813504365864","","","","","","","805-0069","福岡県北九州市八幡東区前田一丁目11-1","","","","","","","","","","","","","","","8290801009121","","","",""
"九州再生ゴム資材株式会社","7533268820953","","","","","","","830-0049","福岡県久留米市大石町264","","","","","","","","","","","","","","","1290001048637","","","",""
"九州バルカー株式会社","9774580335833","","","","","","","820-0073","福岡県飯塚市平恒1-7","","","","","","","","","","","","","","","9290001045833","","","",""
"有限会社九州タイヤアールディサービス","4403275032558","","","","","","","810-0074","福岡県福岡市中央区大手門二丁目3-1","","","","","","","","","","","","","","","6290002010335","","","",""
"株式会社キューセキ","1800338019609","","","","","","","808-0109","福岡県北九州市若松区南二島二丁目6-12","","","","","","","","","","","","","","","2290801012130","","","",""
"株式会社キュビズム","6862500367188","","","","","","","153-0043","東京都目黒区東山三丁目3-10 大沢ビル3階","","","","","","","","","","","","","","","2013201013412","","","",""
"有限会社キュリオスモデルス","8803456683954","","","","","","","639-2324","奈良県御所市大字下茶屋141-2","","","","","","","","","","","","","","","6150002010571","","","",""
"株式会社協栄","9493995121132","","","","","","","444-0943","愛知県岡崎市矢作町金谷5","","","","","","","","","","","","","","","1180301000606","","","",""
"有限会社亨栄化工","7764827168339","","","","","","","452-0901","愛知県清須市阿原宮東62","","","","","","","","","","","","","","","9180002040472","","","",""
"共栄化成株式会社","9264232059944","","","","","","","531-0063","大阪府大阪市北区長柄東三丁目3-25","","","","","","","","","","","","","","","1120001062893","","","",""
"亨栄ケミカル株式会社","8506356018284","","","","","","","463-0081","愛知県名古屋市守山区川宮町149","","","","","","","","","","","","","","","9180001001434","","","",""
"享栄工業株式会社","5729409701425","","","","","","","547-0001","大阪府大阪市平野区加美北三丁目11-30","","","","","","","","","","","","","","","4120001019965","","","",""
"有限会社共栄工業","3415039286549","","","","","","","262-0011","千葉県千葉市花見川区三角町88","","","","","","","","","","","","","","","2040002003334","","","",""
"共栄ゴム工業株式会社","7550432717530","","","","","","","498-0063","愛知県弥富市東末広二丁目70","","","","","","","","","","","","","","","9180001096953","","","",""
"有限会社協栄ゴム工業","1674013588896","","","","","","","321-0214","栃木県下都賀郡壬生町大字壬生甲3354-10","","","","","","","","","","","","","","","2060002034261","","","",""
"株式会社共栄産業","1890453733443","","","","","","","452-0823","愛知県名古屋市西区あし原町289","","","","","","","","","","","","","","","6180001025238","","","",""
"共栄産業株式会社","7928153543618","","","","","","","340-0821","埼玉県八潮市大字伊勢野3-108","","","","","","","","","","","","","","","6011801001171","","","",""
"株式会社共栄産業","6344189636435","","","","","","","733-0005","広島県広島市西区三滝町19-18","","","","","","","","","","","","","","","5240001014367","","","",""
"共栄産業有限会社","6265392071347","","","","","","","270-0229","千葉県野田市なみき三丁目29-16","","","","","","","","","","","","","","","5040002098628","","","",""
"有限会社共栄製作所","4547001915095","","","","","","","105-0012","東京都港区芝大門二丁目3-15","","","","","","","","","","","","","","","1010402004142","","","",""
"株式会社協栄製作所","4359686979366","","","","","","","111-0024","東京都台東区今戸一丁目19-12","","","","","","","","","","","","","","","6010501003081","","","",""
"有限会社橋永製作所","7634408350082","","","","","","","432-8002","静岡県浜松市中央区富塚町3210-15","","","","","","","","","","","","","","","4080402013497","","","",""
"共栄プロセス株式会社","2782507447720","","","","","","","432-8058","静岡県浜松市南区新橋町1224","","","","","","","","","","","","","","","6080401001435","","","",""
"合資会社共栄ベルト商会","4764282350855","","","","","","","456-0002","愛知県名古屋市熱田区金山町二丁目8-7","","","","","","","","","","","","","","","9180003002835","","","",""
"有限会社協三工業","5151963263730","","","","","","","329-4306","栃木県栃木市岩舟町曲ケ島1922-2","","","","","","","","","","","","","","","6060002033202","","","",""
"協信印版工業株式会社","7132152327456","","","","","","","133-0051","東京都江戸川区北小岩二丁目24-16","","","","","","","","","","","","","","","8011701002417","","","",""
"協伸工業株式会社","1499852693575","","","","","","","132-0033","東京都江戸川区東小松川一丁目5-19","","","","","","","","","","","","","","","7011701002418","","","",""
"株式会社共伸ゴム","6439413883023","","","","","","","581-0811","大阪府八尾市新家町八丁目20","","","","","","","","","","","","","","","7122001028266","","","",""
"株式会社協進ゴム","7745130765850","","","","","","","340-0033","埼玉県草加市柳島町565-17","","","","","","","","","","","","","","","9030001034861","","","",""
"共進産業株式会社","7455564247241","","","","","","","739-0603","広島県大竹市西栄二丁目13-9","","","","","","","","","","","","","","","7240001028431","","","",""
"株式会社キョウセイ","9552524850400","","","","","","","712-8031","岡山県倉敷市福田町浦田1919-7","","","","","","","","","","","","","","","4260001013021","","","",""
"株式会社Ｋｙｏｕｓｅｉ","3596819848032","","","","","","","581-0041","大阪府八尾市北木の本四丁目31-1","","","","","","","","","","","","","","","9122001022820","","","",""
"紀洋精密株式会社","1888577707273","","","","","","","519-3205","三重県北牟婁郡紀北町長島169","","","","","","","","","","","","","","","6190001004505","","","",""
"株式会社京都エラストマ","2974487594799","","","","","","","615-8006","京都府京都市西京区桂上野西町283","","","","","","","","","","","","","","","3130001031020","","","",""
"株式会社京都調帯","4361019871617","","","","","","","601-8384","京都府京都市南区吉祥院石原野上町11","","","","","","","","","","","","","","","2130001012161","","","",""
"株式会社協同","7635878722327","","","","","","","162-0845","東京都新宿区市谷本村町2-1 クイーポビル7階","","","","","","","","","","","","","","","5010601010152","","","",""
"協同化成株式会社","9142710459718","","","","","","","136-0071","東京都江東区亀戸四丁目38-1","","","","","","","","","","","","","","","8010601000563","","","",""
"有限会社協同ゴム","3651265117118","","","","","","","309-1701","茨城県笠間市小原4287-11","","","","","","","","","","","","","","","6050002010103","","","",""
"協同ゴム工販株式会社","1590923983045","","","","","","","419-0317","静岡県富士宮市内房中一色4934-2","","","","","","","","","","","","","","","3080101011976","","","",""
"協同商事有限会社","2412255702638","","","","","","","162-0845","東京都新宿区市谷本村町2-1 クイーポビル701号室","","","","","","","","","","","","","","","5010602010259","","","",""
"キョウマチ株式会社","6089884675184","","","","","","","550-0003","大阪府大阪市西区京町堀一丁目14-29","","","","","","","","","","","","","","","9120001042698","","","",""
"共立化工株式会社","1229095443174","","","","","","","410-0315","静岡県沼津市桃里112-2","","","","","","","","","","","","","","","2080101000492","","","",""
"共立ゴム工業株式会社","3955968334699","","","","","","","544-0013","大阪府大阪市生野区巽中三丁目19-10","","","","","","","","","","","","","","","3120001017276","","","",""
"有限会社共立ゴム工業所","8419311360419","","","","","","","273-0123","千葉県鎌ケ谷市南初富二丁目14-37","","","","","","","","","","","","","","","9040002037788","","","",""
"共立産業株式会社","4340401519376","","","","","","","336-0021","埼玉県さいたま市南区別所二丁目6-2","","","","","","","","","","","","","","","5030001002129","","","",""
"株式会社共立パッキング","7156930543039","","","","","","","114-0031","東京都北区十条仲原四丁目8-23","","","","","","","","","","","","","","","6011501001224","","","",""
"協立パッキング株式会社","6253063466016","","","","","","","332-0005","埼玉県川口市新井町4-10","","","","","","","","","","","","","","","7030001074570","","","",""
"株式会社共和","7117456444213","","","","","","","135-0016","東京都江東区東陽五丁目29-16","","","","","","","","","","","","","","","4120001003267","","","",""
"共和化成株式会社","1332491139501","","","","","","","653-0033","兵庫県神戸市長田区苅藻島町二丁目1-25","","","","","","","","","","","","","","","8140001015983","","","",""
"株式会社協和技研","6160215710656","","","","","","","336-0931","埼玉県さいたま市緑区原山三丁目3-23","","","","","","","","","","","","","","","8030001002118","","","",""
"共和工業株式会社","7037989490059","","","","","","","120-0015","東京都足立区足立三丁目25-5","","","","","","","","","","","","","","","8011801007084","","","",""
"株式会社協和工業","9795026001817","","","","","","","121-0055","東京都足立区加平三丁目5-15","","","","","","","","","","","","","","","6011801007086","","","",""
"共和工業株式会社","9727773682162","","","","","","","334-0054","埼玉県川口市大字安行北谷523-3","","","","","","","","","","","","","","","7030001074447","","","",""
"協和合成株式会社","4881617545209","","","","","","","332-0001","埼玉県川口市朝日二丁目24-7","","","","","","","","","","","","","","","7030001073119","","","",""
"共和ゴム株式会社","3568125182909","","","","","","","573-0102","大阪府枚方市長尾家具町三丁目4-3","","","","","","","","","","","","","","","3120001149383","","","",""
"協和ゴム株式会社","4326271764423","","","","","","","104-0032","東京都中央区八丁堀三丁目16-1","","","","","","","","","","","","","","","1010001041322","","","",""
"有限会社協和ゴム工業","8668902290259","","","","","","","132-0025","東京都江戸川区松江七丁目7-19","","","","","","","","","","","","","","","1011702003412","","","",""
"協和ゴム工業有限会社","4853768287076","","","","","","","116-0002","東京都荒川区荒川六丁目54-3","","","","","","","","","","","","","","","7011502007913","","","",""
"協和ゴム工業株式会社","8603082393078","","","","","","","334-0013","埼玉県川口市南鳩ヶ谷三丁目21-4","","","","","","","","","","","","","","","4030001073121","","","",""
"株式会社共和ゴム製作所","4421689220953","","","","","","","340-0822","埼玉県八潮市大字大瀬399","","","","","","","","","","","","","","","6030001035953","","","",""
"株式会社協和産業","1923014473224","","","","","","","726-0013","広島県府中市高木町1029-1","","","","","","","","","","","","","","","8240001034197","","","",""
"協和産業株式会社","6974214077520","","","","","","","106-0047","東京都港区南麻布一丁目3-16","","","","","","","","","","","","","","","5010401008140","","","",""
"合資会社協和商会","3108087923139","","","","","","","145-0076","東京都大田区田園調布南20-7","","","","","","","","","","","","","","","6010803000198","","","",""
"協和シール工業株式会社","1528222029371","","","","","","","950-3133","新潟県新潟市北区すみれ野二丁目5-31","","","","","","","","","","","","","","","7110001001005","","","",""
"有限会社協和製作所","1122218040317","","","","","","","712-8046","岡山県倉敷市福田町古新田59-4","","","","","","","","","","","","","","","9260002017660","","","",""
"株式会社協和製作所","2054229622499","","","","","","","999-4552","山形県尾花沢市大字荻袋西荻原1289-1","","","","","","","","","","","","","","","1390001009199","","","",""
"協和塗装工業株式会社","3103996215027","","","","","","","455-0813","愛知県名古屋市港区善進本町283","","","","","","","","","","","","","","","9180001006334","","","",""
"協和ポリマー株式会社","6096225407991","","","","","","","332-0001","埼玉県川口市朝日三丁目7-8","","","","","","","","","","","","","","","1030001107947","","","",""
"株式会社極興ゴム製作所","2777260838866","","","","","","","340-0835","埼玉県八潮市大字浮塚873","","","","","","","","","","","","","","","5030001035954","","","",""
"旭伸商事株式会社","7083016013226","","","","","","","160-0023","東京都新宿区西新宿七丁目5-20","","","","","","","","","","","","","","","3011101005314","","","",""
"極東興業株式会社","9670607147152","","","","","","","982-0005","宮城県仙台市太白区諏訪町12-32","","","","","","","","","","","","","","","3370001001627","","","",""
"極東ゴム株式会社","3612991902845","","","","","","","590-0904","大阪府堺市堺区南島町四丁17","","","","","","","","","","","","","","","5120101001987","","","",""
"株式会社極東ゴム商会","3156099252138","","","","","","","761-0431","香川県高松市小村町393-12","","","","","","","","","","","","","","","2470001001279","","","",""
"キョクトウトレーディング株式会社","4996556514333","","","","","","","101-0046","東京都千代田区神田多町二丁目8 水野ビル6F","","","","","","","","","","","","","","","8010001080611","","","",""
"株式会社キョーシン","1008962059743","","","","","","","314-0016","茨城県鹿嶋市大字国末2467-1","","","","","","","","","","","","","","","6050002026388","","","",""
"有限会社清田製作所","9601459115787","","","","","","","933-0313","富山県高岡市福田六家24-1","","","","","","","","","","","","","","","4230002010937","","","",""
"株式会社キョーワコーポレーション","3455163733581","","","","","","","065-0013","北海道札幌市東区北十三条東四丁目1-46","","","","","","","","","","","","","","","6430001004728","","","",""
"株式会社桐野商会","5493371470158","","","","","","","101-0032","東京都千代田区岩本町一丁目4-4 神田第4パークビル2階","","","","","","","","","","","","","","","7010401008097","","","",""
"株式会社近畿バンダグ","8194396436887","","","","","","","571-0073","大阪府門真市北巣本町36-17","","","","","","","","","","","","","","","6120001157350","","","",""
"錦城護謨株式会社","6103030367816","","","","","","","581-0068","大阪府八尾市跡部北の町一丁目4-25","","","","","","","","","","","","","","","4122001018311","","","",""
"金星ゴム工業株式会社","4304786269400","","","","","","","131-0041","東京都墨田区八広五丁目3-4","","","","","","","","","","","","","","","4010601011762","","","",""
"株式会社錦西テック","2330177478519","","","","","","","526-0101","滋賀県長浜市錦織町546","","","","","","","","","","","","","","","3160001012463","","","",""
"有限会社近代ゴム工業","4295969386981","","","","","","","344-0057","埼玉県春日部市南栄町1-11-19","","","","","","","","","","","","","","","6030002068184","","","",""
"株式会社近政ゴム","1030817864625","","","","","","","132-0021","東京都江戸川区中央四丁目19-6","","","","","","","","","","","","","","","9011701005047","","","",""
"株式会社金陽社","5627068551661","","","","","","","141-0032","東京都品川区大崎一丁目2-2 アートヴィレッジ大崎セントラルタワー6階","","","","","","","","","","","","","","","6010701002627","","","",""
"キンヨーサプライ株式会社","4751553708953","","","","","","","141-0032","東京都品川区大崎一丁目2-2","","","","","","","","","","","","","","","4010701014896","","","",""
"株式会社ギャリング","9767472560488","","","","","","","230-0012","神奈川県横浜市鶴見区下末吉四丁目28-13","","","","","","","","","","","","","","","5020001100668","","","",""
"暁星糊引工業株式会社","6611995229986","","","","","","","653-0835","兵庫県神戸市長田区細田町一丁目3-3","","","","","","","","","","","","","","","4140001030540","","","",""
"有限会社空間アートシール","6310748068787","","","","","","","861-8043","熊本県熊本市東区戸島西二丁目3-80","","","","","","","","","","","","","","","2330002003024","","","",""
"クォー・ユー化成有限会社","7286581395438","","","","","","","242-0012","神奈川県大和市深見東三丁目3-28","","","","","","","","","","","","","","","3012302001564","","","",""
"株式会社クォーレ","9746614039876","","","","","","","731-5157","広島県広島市佐伯区観音台二丁目30-6","","","","","","","","","","","","","","","2240001015343","","","",""
"久喜ロール工業株式会社","9942357112387","","","","","","","346-0028","埼玉県久喜市河原井町42","","","","","","","","","","","","","","","6030001097795","","","",""
"有限会社日下部ゴム加工","8839507059017","","","","","","","509-2312","岐阜県下呂市御厩野535","","","","","","","","","","","","","","","6200002027255","","","",""
"株式会社楠化学工業","2225774259909","","","","","","","462-0006","愛知県名古屋市北区若鶴町194","","","","","","","","","","","","","","","1180001013643","","","",""
"有限会社クズハラゴム","5572567543600","","","","","","","446-0045","愛知県安城市横山町赤子97-1","","","","","","","","","","","","","","","4180302016598","","","",""
"久世高分子工業株式会社","5677540948749","","","","","","","719-3224","岡山県真庭市目木1800-2","","","","","","","","","","","","","","","3260001022717","","","",""
"有限会社沓名ゴム工業所","3606302461039","","","","","","","446-0036","愛知県安城市小堤町16-20","","","","","","","","","","","","","","","9180302016585","","","",""
"株式会社クニカ工業","3856689538648","","","","","","","503-2408","岐阜県揖斐郡池田町段628-1","","","","","","","","","","","","","","","1200001016214","","","",""
"有限会社國元漉商会","8307448947426","","","","","","","675-1112","兵庫県加古郡稲美町六分一998-1","","","","","","","","","","","","","","","3140002037783","","","",""
"有限会社久保製作所","7736083030760","","","","","","","954-0124","新潟県長岡市中之島4151-3","","","","","","","","","","","","","","","2110002030676","","","",""
"久保田ゴム工業株式会社","7653870175599","","","","","","","286-0222","千葉県富里市中沢299-5","","","","","","","","","","","","","","","6040001043344","","","",""
"株式会社久保田商店","4301480061747","","","","","","","460-0012","愛知県名古屋市中区千代田二丁目3-2","","","","","","","","","","","","","","","6180001035567","","","",""
"有限会社久保田製作所","8555278420890","","","","","","","307-0007","茨城県結城市大字小田林2497","","","","","","","","","","","","","","","1050002044543","","","",""
"株式会社クボタタイヤ","5093016904792","","","","","","","894-0006","鹿児島県奄美市名瀬小浜町30-5 1F","","","","","","","","","","","","","","","8340001015591","","","",""
"有限会社クボテック","8213744734755","","","","","","","270-2216","千葉県松戸市串崎新田226-2","","","","","","","","","","","","","","","8040002050049","","","",""
"有限会社久保パッキング加工所","1767361633749","","","","","","","273-0122","千葉県鎌ケ谷市東初富一丁目19-28","","","","","","","","","","","","","","","3040002037802","","","",""
"有限会社熊谷園芸","7722650276535","","","","","","","999-5201","山形県最上郡鮭川村大字京塚中ノ沢4701-3","","","","","","","","","","","","","","","2390002011203","","","",""
"株式会社熊谷ゴム工業","2729576361018","","","","","","","839-1233","福岡県久留米市田主丸町田主丸989-1","","","","","","","","","","","","","","","1290002044008","","","",""
"有限会社熊谷ゴム工業所","9918494608404","","","","","","","124-0013","東京都葛飾区東立石二丁目18-7","","","","","","","","","","","","","","","4011802002402","","","",""
"有限会社熊谷商事","8218425943415","","","","","","","893-0064","鹿児島県鹿屋市西原四丁目6-27","","","","","","","","","","","","","","","3340002025339","","","",""
"株式会社熊谷工業","4574515001162","","","","","","","421-1221","静岡県静岡市葵区牧ヶ谷2044-1","","","","","","","","","","","","","","","1080001018314","","","",""
"有限会社熊田パッキング","1092434595195","","","","","","","329-1311","栃木県さくら市氏家3246-30","","","","","","","","","","","","","","","6060002012602","","","",""
"クミ化成株式会社","2418099063338","","","","","","","101-0021","東京都千代田区外神田六丁目13-10 プロステック秋葉原4階","","","","","","","","","","","","","","","8010001015096","","","",""
"倉敷化工株式会社","9068123753895","","","","","","","712-8015","岡山県倉敷市連島町矢柄四の町4630","","","","","","","","","","","","","","","1260001013073","","","",""
"株式会社倉敷ロール","5714706066829","","","","","","","712-8006","岡山県倉敷市連島町鶴新田2602-1","","","","","","","","","","","","","","","2260002022452","","","",""
"倉岳工業株式会社","3065012324682","","","","","","","349-0131","埼玉県蓮田市大字根金後塚1007-1","","","","","","","","","","","","","","","4030001019710","","","",""
"倉田護謨工業株式会社","6552787349090","","","","","","","270-0226","千葉県野田市東宝珠花481","","","","","","","","","","","","","","","4040001071628","","","",""
"クラタゴム工業株式会社","5744590817594","","","","","","","131-0031","東京都墨田区墨田三丁目35-3","","","","","","","","","","","","","","","2010601010246","","","",""
"倉橋護謨工業株式会社","5304662282135","","","","","","","116-0002","東京都荒川区荒川一丁目54-9","","","","","","","","","","","","","","","4011501006233","","","",""
"倉林ゴム株式会社","5897194219893","","","","","","","326-0826","栃木県足利市借宿町310","","","","","","","","","","","","","","","1060001018555","","","",""
"クラレプラスチックス株式会社","6909983245330","","","","","","","530-0017","大阪府大阪市北区角田町8-1","","","","","","","","","","","","","","","3120001054963","","","",""
"クリテック九州株式会社","3261169075630","","","","","","","812-0006","福岡県福岡市博多区上牟田三丁目3-24","","","","","","","","","","","","","","","9290001021603","","","",""
"栗原工業株式会社","5239529931777","","","","","","","123-0843","東京都足立区西新井栄町二丁目14-2","","","","","","","","","","","","","","","8011801007415","","","",""
"栗原産業株式会社","9304024719197","","","","","","","494-0001","愛知県一宮市開明杁先5","","","","","","","","","","","","","","","7180001084217","","","",""
"クリヤマＲ＆Ｄ株式会社","8660077555951","","","","","","","728-0017","広島県三次市南畑敷町870-38","","","","","","","","","","","","","","","9250001000189","","","",""
"クリーンテックス・ジャパン株式会社","9370889018194","","","","","","","651-2271","兵庫県神戸市西区高塚台二丁目1-11","","","","","","","","","","","","","","","7140001004681","","","",""
"有限会社車塚ゴム工業所","6493204152635","","","","","","","121-0057","東京都足立区神明南二丁目3-23","","","","","","","","","","","","","","","4011802012153","","","",""
"株式会社呉シール商会","7928195712217","","","","","","","737-0134","広島県呉市広多賀谷一丁目8-39","","","","","","","","","","","","","","","5240001025819","","","",""
"株式会社クレタス","3435677668418","","","","","","","192-0919","東京都八王子市七国一丁目30-2","","","","","","","","","","","","","","","3012401008155","","","",""
"株式会社黒川工業","4669347346418","","","","","","","349-0212","埼玉県白岡市新白岡四丁目11-3","","","","","","","","","","","","","","","6030001032042","","","",""
"株式会社黒川産業","1020554068661","","","","","","","322-0049","栃木県鹿沼市花岡町93","","","","","","","","","","","","","","","7060001010374","","","",""
"くろがね産業株式会社","2734711348502","","","","","","","709-0635","岡山県岡山市東区草ケ部1249","","","","","","","","","","","","","","","8260001002193","","","",""
"株式会社黒瀬産業","7344301643402","","","","","","","739-2622","広島県東広島市黒瀬町乃美尾147","","","","","","","","","","","","","","","8240001022499","","","",""
"クロダ加工有限会社","9038799649595","","","","","","","731-3352","広島県広島市安佐北区安佐町大字後山1650","","","","","","","","","","","","","","","7240002005223","","","",""
"有限会社黒田ゴム工業所","1214280008391","","","","","","","124-0012","東京都葛飾区立石八丁目53-17","","","","","","","","","","","","","","","4011802002476","","","",""
"株式会社桑田護謨工業","4517272827503","","","","","","","275-0017","千葉県習志野市藤崎一丁目4-26","","","","","","","","","","","","","","","1040001014390","","","",""
"有限会社クワタプロダクト","2685322818684","","","","","","","726-0005","広島県府中市府中町118-20","","","","","","","","","","","","","","","3240002046766","","","",""
"有限会社桑名加工所","7400583577037","","","","","","","710-0803","岡山県倉敷市中島2707-2","","","","","","","","","","","","","","","9260002017891","","","",""
"株式会社郡上ゴム工業","2145789128367","","","","","","","501-4455","岐阜県郡上市八幡町小那比6544","","","","","","","","","","","","","","","3200001026376","","","",""
"株式会社グット・バーレ・カンパニー","7876830853559","","","","","","","590-0151","大阪府堺市南区小代138-1","","","","","","","","","","","","","","","3120101002005","","","",""
"株式会社グラストラバー","9085335950752","","","","","","","327-0821","栃木県佐野市高萩町159-4","","","","","","","","","","","","","","","1060001024512","","","",""
"有限会社グラッド・ジャパン","6701299060378","","","","","","","143-0016","東京都大田区大森北三丁目42-8","","","","","","","","","","","","","","","3010802017758","","","",""
"有限会社グラフィック・ツチダ","6454059793947","","","","","","","930-0997","富山県富山市新庄北町25-1","","","","","","","","","","","","","","","4230002001060","","","",""
"株式会社グランジール","4640476613591","","","","","","","661-0975","兵庫県尼崎市下坂部三丁目9-26","","","","","","","","","","","","","","","9140001099381","","","",""
"グリップ商事株式会社","6932330172165","","","","","","","352-0012","埼玉県新座市畑中一丁目24-8","","","","","","","","","","","","","","","4011301002110","","","",""
"株式会社グリーンエンドレス","1793064468209","","","","","","","311-2222","茨城県鹿嶋市大字小山1011-2","","","","","","","","","","","","","","","4050001022852","","","",""
"グリーンスタッフサービス株式会社","1296180266869","","","","","","","135-0044","東京都江東区越中島三丁目6-15","","","","","","","","","","","","","","","3010601029962","","","",""
"グリーン，ツィードアンドカンパニージャパン株式会社","6259273093103","","","","","","","108-0014","東京都港区芝五丁目31-17","","","","","","","","","","","","","","","4010401008538","","","",""
"株式会社グリーンポリマー開発","7712836741325","","","","","","","594-0081","大阪府和泉市葛の葉町一丁目5-1","","","","","","","","","","","","","","","1120101041401","","","",""
"有限会社グローバル工業","9444463843095","","","","","","","438-0074","静岡県磐田市二之宮969","","","","","","","","","","","","","","","3080402020940","","","",""
"株式会社グローラバー","2830718640061","","","","","","","447-0866","愛知県碧南市明石町7-20","","","","","","","","","","","","","","","8180301015580","","","",""
"群馬工商株式会社","1587697415893","","","","","","","370-3511","群馬県高崎市金古町69-1","","","","","","","","","","","","","","","6070001009409","","","",""
"株式会社群馬製作所","7078143302278","","","","","","","652-0801","兵庫県神戸市兵庫区中道通八丁目1-24","","","","","","","","","","","","","","","2140001012929","","","",""
"有限会社群馬パッキング","8954193889782","","","","","","","372-0801","群馬県伊勢崎市宮子町3516-1","","","","","","","","","","","","","","","5070002021330","","","",""
"群馬ビーエス株式会社","5339371666389","","","","","","","379-2122","群馬県前橋市駒形町1511","","","","","","","","","","","","","","","9070001000991","","","",""
"株式会社ケーアイ工業","1686212418831","","","","","","","494-0012","愛知県一宮市明地社宮地7","","","","","","","","","","","","","","","2180001082613","","","",""
"有限会社ＫＩＤ","3963836460133","","","","","","","861-6103","熊本県上天草市松島町今泉4176-12","","","","","","","","","","","","","","","9330002028411","","","",""
"有限会社ケイアイ工業","4958482493777","","","","","","","334-0073","埼玉県川口市大字赤井1079-6","","","","","","","","","","","","","","","2030002102228","","","",""
"株式会社ケイ・アイ・ディー","6091413057618","","","","","","","631-0823","奈良県奈良市西大寺国見町一丁目7-30 メゾンドール西大寺203号","","","","","","","","","","","","","","","8150001001454","","","",""
"株式会社ケイアンドケイ","1494849625691","","","","","","","653-0835","兵庫県神戸市長田区細田町一丁目4-13","","","","","","","","","","","","","","","4140001020558","","","",""
"株式会社ケイエス","4571408116498","","","","","","","140-0015","東京都品川区西大井五丁目21-9","","","","","","","","","","","","","","","9010701002938","","","",""
"株式会社ケイ・エス","7637669844726","","","","","","","194-0203","東京都町田市図師町609-9","","","","","","","","","","","","","","","5012301009904","","","",""
"有限会社ケイ・エッチ・ポリマー","8540690487855","","","","","","","544-0011","大阪府大阪市生野区田島二丁目1-14","","","","","","","","","","","","","","","7120002010136","","","",""
"ケーイーエフ株式会社","2720713847199","","","","","","","285-0812","千葉県佐倉市六崎1607","","","","","","","","","","","","","","","2040001046722","","","",""
"株式会社Ｋ－クリエイト","9347158512331","","","","","","","321-0517","栃木県那須烏山市東原61-1","","","","","","","","","","","","","","","7060001008055","","","",""
"株式会社啓伸産業","1781755508286","","","","","","","559-0013","大阪府大阪市住之江区御崎五丁目2-9","","","","","","","","","","","","","","","9120001030604","","","",""
"有限会社ケイスリー","5887935760967","","","","","","","561-0894","大阪府豊中市勝部一丁目82-2","","","","","","","","","","","","","","","6120902021266","","","",""
"株式会社京葉ゴム工業","3190440228298","","","","","","","125-0032","東京都葛飾区水元一丁目10-15","","","","","","","","","","","","","","","2011801001357","","","",""
"株式会社ケイリックス","4170728847998","","","","","","","439-0031","静岡県菊川市加茂333-2","","","","","","","","","","","","","","","3080401014902","","","",""
"株式会社ＫＨＳ","1722242985392","","","","","","","816-0921","福岡県大野城市仲畑一丁目21-9","","","","","","","","","","","","","","","1290001064287","","","",""
"ケーエム加工株式会社","1111474184551","","","","","","","136-0082","東京都江東区新木場二丁目5-8","","","","","","","","","","","","","","","5010601001944","","","",""
"有限会社ケーエム北原","8528792198450","","","","","","","330-0073","埼玉県さいたま市浦和区元町二丁目24-21-1","","","","","","","","","","","","","","","6030002004494","","","",""
"株式会社ケー・シップ","8050549607322","","","","","","","446-0011","愛知県安城市北山崎町西山22","","","","","","","","","","","","","","","1180301013483","","","",""
"株式会社ケースリー","1855260316542","","","","","","","103-0025","東京都中央区日本橋茅場町一丁目7-7 茅場町日殖ビル4F","","","","","","","","","","","","","","","6010001042860","","","",""
"株式会社ケットアンドケット","8269630222601","","","","","","","964-0874","福島県二本松市中里93-4","","","","","","","","","","","","","","","5380001009378","","","",""
"有限会社ケーティーテクニカル","3965321945302","","","","","","","433-8117","静岡県浜松市中央区高丘東一丁目6-17","","","","","","","","","","","","","","","7080402010087","","","",""
"有限会社Ｋテック","8201968442521","","","","","","","640-8316","和歌山県和歌山市有家249-3","","","","","","","","","","","","","","","6170002005504","","","",""
"株式会社ケーフリー","7585085760794","","","","","","","653-0836","兵庫県神戸市長田区神楽町四丁目5-5","","","","","","","","","","","","","","","4140001026638","","","",""
"ケミックス工業株式会社","3647893999005","","","","","","","143-0004","東京都大田区昭和島二丁目4-4","","","","","","","","","","","","","","","4011801001388","","","",""
"ケミテック株式会社","9145215753902","","","","","","","183-0023","東京都府中市宮町一丁目40","","","","","","","","","","","","","","","2012401000492","","","",""
"ケミテックテクニカル株式会社","8596652573953","","","","","","","358-0033","埼玉県入間市狭山台四丁目2-4","","","","","","","","","","","","","","","6030001026886","","","",""
"有限会社ケーヨー工業","5856560709126","","","","","","","125-0041","東京都葛飾区東金町四丁目29-15","","","","","","","","","","","","","","","6011802002573","","","",""
"有限会社ケーワイ工業","8416947074225","","","","","","","374-0055","群馬県館林市成島町1255-45","","","","","","","","","","","","","","","2070002029087","","","",""
"ケーワン株式会社","4122493158227","","","","","","","678-0232","兵庫県赤穂市中広東沖1699","","","","","","","","","","","","","","","6140001040050","","","",""
"研榮工業株式会社","8808452137201","","","","","","","370-0871","群馬県高崎市上豊岡町569-13","","","","","","","","","","","","","","","9070001006824","","","",""
"株式会社ケンコー","2272896266362","","","","","","","135-0032","東京都江東区福住一丁目4-7","","","","","","","","","","","","","","","3010601000353","","","",""
"ゲイツ・ユニッタ・アジア株式会社","5650529562933","","","","","","","556-0022","大阪府大阪市浪速区桜川四丁目4-26","","","","","","","","","","","","","","","6120001040382","","","",""
"有限会社ゲイナン","8795370182374","","","","","","","739-0603","広島県大竹市西栄一丁目8-10","","","","","","","","","","","","","","","6240002037622","","","",""
"株式会社芸南化成","1329296672451","","","","","","","590-0063","大阪府堺市堺区中安井町一丁2-12","","","","","","","","","","","","","","","6120101002076","","","",""
"株式会社玄海","4122425023219","","","","","","","653-0835","兵庫県神戸市長田区細田町四丁目1-27","","","","","","","","","","","","","","","3140001016012","","","",""
"有限会社小池ゴム工業","2198360805812","","","","","","","311-4143","茨城県水戸市大塚町1678-9","","","","","","","","","","","","","","","9050002001207","","","",""
"有限会社小泉化成","5516724628875","","","","","","","326-0322","栃木県足利市野田町2245-1","","","","","","","","","","","","","","","4060002036066","","","",""
"有限会社小泉ゴム工業所","5719803996382","","","","","","","124-0022","東京都葛飾区奥戸二丁目9-10","","","","","","","","","","","","","","","9011802002686","","","",""
"株式会社小泉製作所","9585418509974","","","","","","","125-0052","東京都葛飾区柴又三丁目5-17","","","","","","","","","","","","","","","3011801003179","","","",""
"株式会社興栄ケミカル工業所","3368227717077","","","","","","","648-0086","和歌山県橋本市神野々45-2","","","","","","","","","","","","","","","1170001010971","","","",""
"有限会社晃栄工業","6955740669716","","","","","","","183-0013","東京都府中市小柳町六丁目17-1","","","","","","","","","","","","","","","6012402000959","","","",""
"弘栄興産株式会社","9986441414794","","","","","","","650-0034","兵庫県神戸市中央区京町71","","","","","","","","","","","","","","","9140001007468","","","",""
"有限会社弘雅堂","3897159216527","","","","","","","110-0016","東京都台東区台東三丁目10-5","","","","","","","","","","","","","","","2010502004124","","","",""
"株式会社興起工業","3720199063281","","","","","","","130-0011","東京都墨田区石原一丁目35-8","","","","","","","","","","","","","","","1010601024420","","","",""
"株式会社工業ゴム研究所","6258567810557","","","","","","","253-0103","神奈川県高座郡寒川町小谷四丁目1-43","","","","","","","","","","","","","","","4021001006303","","","",""
"有限会社交告ゴム","1818535253844","","","","","","","501-3704","岐阜県美濃市保木脇391-1","","","","","","","","","","","","","","","3200002018678","","","",""
"興研株式会社","1517256168363","","","","","","","102-0081","東京都千代田区四番町7","","","","","","","","","","","","","","","3010001016132","","","",""
"弘研株式会社","4439514199554","","","","","","","063-0835","北海道札幌市西区発寒十五条十二丁目2-25","","","","","","","","","","","","","","","4430001005612","","","",""
"興国インテック株式会社","4528934860924","","","","","","","102-0083","東京都千代田区麴町二丁目1","","","","","","","","","","","","","","","8010501003724","","","",""
"株式会社興国ゴム赤羽工場","9575633326219","","","","","","","110-0015","東京都台東区東上野一丁目13-13","","","","","","","","","","","","","","","7010501003717","","","",""
"有限会社光照加工","5931175189932","","","","","","","653-0835","兵庫県神戸市長田区細田町二丁目1-5","","","","","","","","","","","","","","","8140002008499","","","",""
"興殖化学株式会社","4394789347694","","","","","","","673-0434","兵庫県三木市別所町小林158-1","","","","","","","","","","","","","","","5140001036264","","","",""
"有限会社幸信化工","3768384020783","","","","","","","125-0062","東京都葛飾区青戸七丁目31-10","","","","","","","","","","","","","","","1011802002660","","","",""
"弘進ゴム株式会社","2312044082307","","","","","","","984-0816","宮城県仙台市若林区河原町二丁目1-11","","","","","","","","","","","","","","","1370001002973","","","",""
"有限会社幸信ゴム工業","2570566835671","","","","","","","334-0074","埼玉県川口市江戸一丁目14-3","","","","","","","","","","","","","","","6030002102496","","","",""
"有限会社幸伸ゴム工業所","6966553837619","","","","","","","462-0063","愛知県名古屋市北区丸新町399","","","","","","","","","","","","","","","5180002011312","","","",""
"株式会社弘進製作所","3026868202519","","","","","","","592-0013","大阪府高石市取石六丁目23-8","","","","","","","","","","","","","","","2120101008283","","","",""
"弘進リトレッド株式会社","5351117029906","","","","","","","989-2324","宮城県亘理郡亘理町逢隈高屋堂田42-16","","","","","","","","","","","","","","","7370001002976","","","",""
"宏成産業株式会社","1231701612101","","","","","","","435-0016","静岡県浜松市東区和田町306-1","","","","","","","","","","","","","","","2080401001637","","","",""
"株式会社更生ベルト工業所","9954764646606","","","","","","","130-0005","東京都墨田区東駒形四丁目19-14","","","","","","","","","","","","","","","4010601010517","","","",""
"江東化工株式会社","9678015358669","","","","","","","341-0037","埼玉県三郷市高州二丁目426-7","","","","","","","","","","","","","","","8030001036669","","","",""
"株式会社甲南","1086555818218","","","","","","","662-0934","兵庫県西宮市西宮浜三丁目12","","","","","","","","","","","","","","","9140001068683","","","",""
"河南工芸有限会社","5805348817195","","","","","","","586-0071","大阪府河内長野市加賀田1665","","","","","","","","","","","","","","","3120102019709","","","",""
"有限会社江南ゴム産業","5815013703594","","","","","","","483-8087","愛知県江南市高屋町北上142","","","","","","","","","","","","","","","3180002082801","","","",""
"江南ジーテック株式会社","7253788716264","","","","","","","254-0016","神奈川県平塚市東八幡五丁目11-14","","","","","","","","","","","","","","","7021001036462","","","",""
"甲南精工株式会社","1773232186379","","","","","","","665-0845","兵庫県宝塚市栄町一丁目16-15","","","","","","","","","","","","","","","1120001028878","","","",""
"株式会社河野","9110248834273","","","","","","","729-0473","広島県三原市沼田西町小原10200-39","","","","","","","","","","","","","","","5240001049784","","","",""
"株式会社工販","4136350990292","","","","","","","651-0061","兵庫県神戸市中央区上筒井通三丁目5-5","","","","","","","","","","","","","","","8140001007543","","","",""
"有限会社幸文堂","8153686761599","","","","","","","272-0031","千葉県市川市平田三丁目24-7","","","","","","","","","","","","","","","6040002033922","","","",""
"株式会社神戸化学","7663602631963","","","","","","","653-0841","兵庫県神戸市長田区松野通二丁目5-7","","","","","","","","","","","","","","","2140001096914","","","",""
"神戸ゴム車輛有限会社","6229881538718","","","","","","","675-0037","兵庫県加古川市加古川町本町300-4","","","","","","","","","","","","","","","7140002035750","","","",""
"有限会社神戸スポンジ産業","4309563688531","","","","","","","675-0103","兵庫県加古川市平岡町高畑353-1-10 棟","","","","","","","","","","","","","","","4140002008057","","","",""
"神戸パッキン株式会社","8291757896987","","","","","","","652-0814","兵庫県神戸市兵庫区門口町4-24","","","","","","","","","","","","","","","6140001031586","","","",""
"幸邦化学株式会社","6576906812058","","","","","","","583-0841","大阪府羽曳野市駒ヶ谷5-44","","","","","","","","","","","","","","","5120101032074","","","",""
"株式会社江北ゴム製作所","7786453524081","","","","","","","123-0874","東京都足立区堀之内一丁目13-34","","","","","","","","","","","","","","","8011801023890","","","",""
"株式会社光明社製作所","4236424809765","","","","","","","146-0084","東京都大田区南久が原二丁目31-26","","","","","","","","","","","","","","","8010801003829","","","",""
"株式会社宏陽高分子","6090679952560","","","","","","","653-0055","兵庫県神戸市長田区浪松町三丁目2-24","","","","","","","","","","","","","","","4140001016044","","","",""
"功洋ゴム株式会社","7564225505803","","","","","","","454-0825","愛知県名古屋市中川区好本町一丁目29","","","","","","","","","","","","","","","7180001109626","","","",""
"光洋ゴム化成有限会社","5188791861571","","","","","","","125-0041","東京都葛飾区東金町七丁目5-9","","","","","","","","","","","","","","","4011802002732","","","",""
"浩洋産業株式会社","6068512307580","","","","","","","111-0052","東京都台東区柳橋二丁目19-6 柳橋ファーストビル10F","","","","","","","","","","","","","","","1010501016393","","","",""
"株式会社光洋テクニカ","8300642059084","","","","","","","581-0815","大阪府八尾市宮町三丁目2-15","","","","","","","","","","","","","","","1122001022613","","","",""
"有限会社光洋パッキング","8939222530095","","","","","","","564-0071","大阪府吹田市西の庄町7-26","","","","","","","","","","","","","","","7120902006200","","","",""
"有限会社光洋ロール製作所","4526651944841","","","","","","","144-0044","東京都大田区本羽田一丁目21-14","","","","","","","","","","","","","","","6010802005256","","","",""
"株式会社晃立","4316525073451","","","","","","","253-0016","神奈川県茅ヶ崎市小桜町8-3","","","","","","","","","","","","","","","7021002011051","","","",""
"有限会社コウリツ加工","1848933903069","","","","","","","418-0111","静岡県富士宮市山宮860-9","","","","","","","","","","","","","","","1080102013866","","","",""
"光立ゴム化学株式会社","2971102898316","","","","","","","270-0222","千葉県野田市木間ケ瀬161","","","","","","","","","","","","","","","7040001071633","","","",""
"広和機械株式会社","4041039595659","","","","","","","739-0265","広島県東広島市志和町冠147-1","","","","","","","","","","","","","","","8240001022516","","","",""
"興和工業株式会社","9786067205824","","","","","","","431-3113","静岡県浜松市中央区大瀬町2330","","","","","","","","","","","","","","","1080401001695","","","",""
"興和ゴム工業株式会社","7702636815689","","","","","","","382-0901","長野県須坂市大字小河原2243","","","","","","","","","","","","","","","3100001005514","","","",""
"光和産業株式会社","3802688947111","","","","","","","689-4122","鳥取県西伯郡伯耆町坂長1686","","","","","","","","","","","","","","","1270001003882","","","",""
"有限会社光和商事","5874327456697","","","","","","","484-0027","愛知県犬山市字倉曽洞50","","","","","","","","","","","","","","","2180002074824","","","",""
"有限会社光和タイヤ商会","8639900095878","","","","","","","036-8061","青森県弘前市大字神田四丁目2-7","","","","","","","","","","","","","","","8420002013223","","","",""
"有限会社郡山高圧","4504596890881","","","","","","","963-8061","福島県郡山市富久山町福原亀ノ子田19-1","","","","","","","","","","","","","","","6380002009343","","","",""
"有限会社郡山シフト","2877022361516","","","","","","","963-8813","福島県郡山市芳賀一丁目9-32","","","","","","","","","","","","","","","9380002014605","","","",""
"株式会社コカブ","9418046657521","","","","","","","653-0032","兵庫県神戸市長田区苅藻通一丁目1-17","","","","","","","","","","","","","","","8140001057175","","","",""
"株式会社古賀","5235166251027","","","","","","","322-0016","栃木県鹿沼市流通センター35","","","","","","","","","","","","","","","6060001010409","","","",""
"小金井ゴム株式会社","7526041223842","","","","","","","184-0013","東京都小金井市前原町五丁目9-15","","","","","","","","","","","","","","","5012401002932","","","",""
"小金丸彫刻工業株式会社","1568032434320","","","","","","","810-0001","福岡県福岡市中央区天神一丁目13-19","","","","","","","","","","","","","","","2290001007492","","","",""
"国栄ゴム工業株式会社","7525706285041","","","","","","","653-0031","兵庫県神戸市長田区西尻池町一丁目2-36","","","","","","","","","","","","","","","3140001016053","","","",""
"国際文化ネーム株式会社","9263796380389","","","","","","","141-0022","東京都品川区東五反田五丁目27-10 野村ビル2F","","","","","","","","","","","","","","","2020001012866","","","",""
"国産工業株式会社","9161855446175","","","","","","","338-0826","埼玉県さいたま市桜区大字大久保領家525","","","","","","","","","","","","","","","2013201002027","","","",""
"株式会社コクピット名谷","5712720194337","","","","","","","655-0852","兵庫県神戸市垂水区名谷町梨原2355-1","","","","","","","","","","","","","","","1140001018373","","","",""
"有限会社小久保加工所","4567477330254","","","","","","","470-2104","愛知県知多郡東浦町大字生路池下44","","","","","","","","","","","","","","","8180002085361","","","",""
"小暮ゴム株式会社","8797946565289","","","","","","","348-0022","埼玉県羽生市大字下手子林1422","","","","","","","","","","","","","","","7030001032792","","","",""
"コーケン工業株式会社","8265628200885","","","","","","","343-0012","埼玉県越谷市増森二丁目34-3","","","","","","","","","","","","","","","8030001040407","","","",""
"有限会社コサカ","7756514068889","","","","","","","501-6017","岐阜県羽島郡岐南町徳田西四丁目68","","","","","","","","","","","","","","","9200002010662","","","",""
"小里機材株式会社","7794582723974","","","","","","","125-0053","東京都葛飾区鎌倉一丁目39-7","","","","","","","","","","","","","","","9011801001524","","","",""
"有限会社越沼ゴム","1190086239104","","","","","","","325-0013","栃木県那須塩原市鍋掛1501","","","","","","","","","","","","","","","1060002022192","","","",""
"コーシン産業株式会社","3694327991077","","","","","","","452-0914","愛知県清須市土器野203-20","","","","","","","","","","","","","","","2180001045454","","","",""
"株式会社小嶋工業所","2502460337490","","","","","","","142-0062","東京都品川区小山五丁目21-3","","","","","","","","","","","","","","","5010701003345","","","",""
"小島ゴム工業株式会社","5772151054649","","","","","","","332-0006","埼玉県川口市末広二丁目14-12","","","","","","","","","","","","","","","1030001074816","","","",""
"株式会社小島鉄工所","1967738424994","","","","","","","444-0944","愛知県岡崎市北本郷町川田10","","","","","","","","","","","","","","","8180301000896","","","",""
"株式会社大笑プレス","5631336547314","","","","","","","468-0056","愛知県名古屋市天白区島田一丁目1505","","","","","","","","","","","","","","","1180001023510","","","",""
"有限会社コタカゴム工業所","6992070015550","","","","","","","454-0981","愛知県名古屋市中川区吉津一丁目1516-2","","","","","","","","","","","","","","","2180002027674","","","",""
"有限会社小平ゴム資材","6693251646095","","","","","","","187-0045","東京都小平市学園西町二丁目4-28","","","","","","","","","","","","","","","3012702000760","","","",""
"株式会社児玉ゴム商会","6555538342418","","","","","","","730-0856","広島県広島市中区河原町3-3","","","","","","","","","","","","","","","7240001003608","","","",""
"児玉商事有限会社","5087043317603","","","","","","","090-0838","北海道北見市西三輪四丁目731-17","","","","","","","","","","","","","","","6460302000646","","","",""
"株式会社小寺繊維","5883657133556","","","","","","","929-1171","石川県かほく市木津イ13","","","","","","","","","","","","","","","3220001017522","","","",""
"寿化学糊引株式会社","3114831514668","","","","","","","581-0053","大阪府八尾市竹渕東三丁目120","","","","","","","","","","","","","","","1122001023173","","","",""
"株式会社寿実業","6906634806400","","","","","","","439-0037","静岡県菊川市西方3850-1","","","","","","","","","","","","","","","2080401014903","","","",""
"有限会社寿製作所","3531713051280","","","","","","","963-3521","福島県田村郡小野町大字飯豊宮ノ下80","","","","","","","","","","","","","","","7380002014978","","","",""
"コーネル株式会社","3906265199498","","","","","","","457-0862","愛知県名古屋市南区内田橋二丁目14-14","","","","","","","","","","","","","","","1180001059042","","","",""
"有限会社コハラゴム","7588850806636","","","","","","","497-0044","愛知県海部郡蟹江町大字蟹江新田八反割54-1","","","","","","","","","","","","","","","7180002089735","","","",""
"株式会社コバック","8400228113834","","","","","","","111-0041","東京都台東区元浅草一丁目1-1 ヒューリック新御徒町6階","","","","","","","","","","","","","","","2030001037227","","","",""
"株式会社小林工業","1198248764196","","","","","","","424-0911","静岡県静岡市清水区宮加三671-4","","","","","","","","","","","","","","","3080001010995","","","",""
"有限会社小林工業所","7736677767122","","","","","","","729-0112","広島県福山市神村町658-1","","","","","","","","","","","","","","","5240002040619","","","",""
"小林ゴム株式会社","1889062395802","","","","","","","441-8016","愛知県豊橋市新栄町東小向76-1","","","","","","","","","","","","","","","4180301005593","","","",""
"小林ゴム工業株式会社","2527125244993","","","","","","","731-0138","広島県広島市安佐南区祇園三丁目12-29","","","","","","","","","","","","","","","4240001003635","","","",""
"小林ゴム工業株式会社","4232817150658","","","","","","","351-0001","埼玉県朝霞市大字上内間木376-9","","","","","","","","","","","","","","","3030001044734","","","",""
"株式会社小林ゴム製作所","6931382015077","","","","","","","124-0006","東京都葛飾区堀切四丁目30-3","","","","","","","","","","","","","","","7011801001583","","","",""
"株式会社小林製作所","2841078570312","","","","","","","561-0856","大阪府豊中市穂積二丁目7-14","","","","","","","","","","","","","","","4120901023769","","","",""
"小林パッキン株式会社","1424008984989","","","","","","","670-0000","兵庫県姫路市宮置706-3","","","","","","","","","","","","","","","9140001058874","","","",""
"有限会社コマイパッキングサービス","2966475927058","","","","","","","675-0025","兵庫県加古川市尾上町養田256-3","","","","","","","","","","","","","","","4140002035794","","","",""
"株式会社小松化成工業所","1276238432241","","","","","","","509-9232","岐阜県中津川市坂下2361-2","","","","","","","","","","","","","","","6200001024443","","","",""
"株式会社小松ゴム加工所","3848265517527","","","","","","","131-0034","東京都墨田区堤通二丁目1-23","","","","","","","","","","","","","","","3010601034104","","","",""
"有限会社小峰工業","3263866407915","","","","","","","270-2203","千葉県松戸市六高台七丁目66 ハートフルシティ1-703号","","","","","","","","","","","","","","","5010602002826","","","",""
"株式会社コムネッツ","1914871124427","","","","","","","651-0083","兵庫県神戸市中央区浜辺通四丁目1-23 205号","","","","","","","","","","","","","","","8140001027558","","","",""
"有限会社コメックス","8651290965352","","","","","","","990-1100","山形県西村山郡大江町大字本郷丙163","","","","","","","","","","","","","","","4390002016101","","","",""
"有限会社小森工業所","5728539344094","","","","","","","660-0085","兵庫県尼崎市元浜町一丁目38","","","","","","","","","","","","","","","9160002000742","","","",""
"有限会社小山カバーリング","6393065536869","","","","","","","929-1100","石川県かほく市高松エ13","","","","","","","","","","","","","","","8220002016907","","","",""
"コーヨー株式会社","5101260989411","","","","","","","538-0044","大阪府大阪市鶴見区放出東二丁目21-9","","","","","","","","","","","","","","","2120001063981","","","",""
"コロナ技研工業株式会社","2594056045367","","","","","","","271-0092","千葉県松戸市松戸2033-11","","","","","","","","","","","","","","","5040001035466","","","",""
"コンキゴム工業株式会社","1386851314726","","","","","","","544-0005","大阪府大阪市生野区中川五丁目9-10","","","","","","","","","","","","","","","3120001017417","","","",""
"株式会社コントライブ","6297135733065","","","","","","","446-0045","愛知県安城市横山町毛賀知20-1","","","","","","","","","","","","","","","5180301028882","","","",""
"紺藤織物株式会社","5063984429613","","","","","","","520-1511","滋賀県高島市新旭町藁園936-2","","","","","","","","","","","","","","","6160001011891","","","",""
"株式会社近藤科学器械製作所","6737663904220","","","","","","","101-0044","東京都千代田区鍛冶町二丁目7-2","","","","","","","","","","","","","","","3010001016388","","","",""
"株式会社近藤商会","9057604468912","","","","","","","491-0074","愛知県一宮市東島町二丁目13","","","","","","","","","","","","","","","3180002076349","","","",""
"コンノ護謨株式会社","9819347485559","","","","","","","141-0021","東京都品川区上大崎三丁目4-10","","","","","","","","","","","","","","","7010701003475","","","",""
"五一ゴム株式会社","4313682430960","","","","","","","544-0013","大阪府大阪市生野区巽中二丁目20-17","","","","","","","","","","","","","","","3120001017383","","","",""
"株式会社神戸製作所","4093759765190","","","","","","","143-0015","東京都大田区大森西四丁目12-21","","","","","","","","","","","","","","","8010801003820","","","",""
"株式会社五幸商会","4524815207319","","","","","","","111-0036","東京都台東区松が谷四丁目3-8","","","","","","","","","","","","","","","3010501003745","","","",""
"五合株式会社","1459355524443","","","","","","","550-0002","大阪府大阪市西区江戸堀二丁目5-29","","","","","","","","","","","","","","","2120001043091","","","",""
"株式会社ゴダイ","4051235415219","","","","","","","839-0809","福岡県久留米市東合川三丁目10-12","","","","","","","","","","","","","","","3290001051069","","","",""
"後藤ゴム株式会社","9324553958423","","","","","","","454-0836","愛知県名古屋市中川区福船町四丁目1-17","","","","","","","","","","","","","","","1180001019426","","","",""
"有限会社後藤ゴム工業所","7664811053305","","","","","","","131-0031","東京都墨田区墨田四丁目53-6","","","","","","","","","","","","","","","8010602011139","","","",""
"後藤産業株式会社","9567915389505","","","","","","","556-0006","大阪府大阪市浪速区日本橋東三丁目6-17","","","","","","","","","","","","","","","4120001038148","","","",""
"有限会社ゴトー宏販社","1227997008309","","","","","","","870-0106","大分県大分市大字鶴崎111-2","","","","","","","","","","","","","","","1320002002738","","","",""
"五味自動車工業株式会社","3334200681286","","","","","","","104-0061","東京都中央区銀座一丁目14-5","","","","","","","","","","","","","","","3010001043432","","","",""
"ゴムケン工業株式会社","3160179259318","","","","","","","701-0206","岡山県岡山市南区箕島2323-2","","","","","","","","","","","","","","","8260001002549","","","",""
"ゴム工業資材株式会社","8043838832814","","","","","","","650-0044","兵庫県神戸市中央区東川崎町一丁目3-3 神戸ハーバーランドセンタービル19階","","","","","","","","","","","","","","","1140001007723","","","",""
"有限会社ゴムセンター大竹","5329542350714","","","","","","","379-2206","群馬県伊勢崎市香林町一丁目446-3","","","","","","","","","","","","","","","7070002020132","","","",""
"ゴムノイナキ工業株式会社","2368616233029","","","","","","","459-8001","愛知県名古屋市緑区大高町奥中道41","","","","","","","","","","","","","","","3180001028111","","","",""
"株式会社ゴムプロテック","8408209809972","","","","","","","550-0024","大阪府大阪市西区境川一丁目3-28","","","","","","","","","","","","","","","1120001117078","","","",""
"ゴールド化成工業株式会社","5496634175229","","","","","","","420-0066","静岡県静岡市葵区本通西町26","","","","","","","","","","","","","","","7080001001454","","","",""
"権田ゴム株式会社","3298906879180","","","","","","","474-0026","愛知県大府市桃山町一丁目155-15","","","","","","","","","","","","","","","6180001092492","","","",""
"株式会社サイエンス・メタルズ中村","2821757719084","","","","","","","955-0852","新潟県三条市南四日町三丁目11-8","","","","","","","","","","","","","","","4110001014133","","","",""
"株式会社サイカイ","6091266466569","","","","","","","340-0003","埼玉県草加市稲荷二丁目21-4","","","","","","","","","","","","","","","2030001034950","","","",""
"西海機材ゴム株式会社","4557298872748","","","","","","","857-0851","長崎県佐世保市稲荷町31-6","","","","","","","","","","","","","","","2310001005444","","","",""
"西海ゴム工業株式会社","7429348654382","","","","","","","340-0003","埼玉県草加市稲荷二丁目22-20","","","","","","","","","","","","","","","1030001034951","","","",""
"有限会社彩光","3315519398464","","","","","","","380-0913","長野県長野市大字稲葉川合新田1008-3","","","","","","","","","","","","","","","2100002001884","","","",""
"埼光ゴム株式会社","8116879765554","","","","","","","343-0813","埼玉県越谷市越ヶ谷三丁目3-16","","","","","","","","","","","","","","","5030001063996","","","",""
"西条護謨株式会社","9616092491114","","","","","","","110-0016","東京都台東区台東一丁目5-24 西条護謨ビル","","","","","","","","","","","","","","","3010501023677","","","",""
"埼玉ゴム工業株式会社","8700085944790","","","","","","","347-0057","埼玉県加須市愛宕二丁目5-24","","","","","","","","","","","","","","","2030001032541","","","",""
"斉田ゴム工業株式会社","1359896799721","","","","","","","547-0005","大阪府大阪市平野区加美西二丁目11-5","","","","","","","","","","","","","","","5120001020212","","","",""
"有限会社サイトー","9297770633065","","","","","","","368-0002","埼玉県秩父市栃谷497","","","","","","","","","","","","","","","4030002122604","","","",""
"齋藤ガスケット工業株式会社","3344623777815","","","","","","","563-0219","大阪府豊能郡豊能町余野172-8","","","","","","","","","","","","","","","2120901021147","","","",""
"有限会社斎藤ゴム工業","5408814026687","","","","","","","959-1276","新潟県燕市小池4884","","","","","","","","","","","","","","","1110002019316","","","",""
"有限会社斉藤ゴム工業所","8112229508638","","","","","","","343-0035","埼玉県越谷市大字大道1820","","","","","","","","","","","","","","","6030002086112","","","",""
"サイトサービスジャパン株式会社","5973020934019","","","","","","","100-0004","東京都千代田区大手町一丁目5-1 大手町ファーストスクエアビルイーストタワー23階","","","","","","","","","","","","","","","6010001117852","","","",""
"最北産業有限会社","7440940154202","","","","","","","999-4101","山形県北村山郡大石田町大字鷹巣下北原104-5","","","","","","","","","","","","","","","3390002011945","","","",""
"株式会社彩北油圧","2343784811089","","","","","","","366-0815","埼玉県深谷市櫛引159-2","","","","","","","","","","","","","","","9030001110720","","","",""
"有限会社幸建興工業","7076208162531","","","","","","","938-0027","富山県黒部市中新99","","","","","","","","","","","","","","","7230002008045","","","",""
"有限会社サカイ工業","1208479783206","","","","","","","399-3801","長野県上伊那郡中川村大草4628-2","","","","","","","","","","","","","","","2100002034091","","","",""
"有限会社酒井ゴム工業所","7544125993968","","","","","","","176-0002","東京都練馬区桜台五丁目15-11","","","","","","","","","","","","","","","3011602021909","","","",""
"株式会社酒井商店","3200749836763","","","","","","","111-0051","東京都台東区蔵前三丁目2-4","","","","","","","","","","","","","","","2010501004975","","","",""
"サカイシール株式会社","6751116739800","","","","","","","550-0001","大阪府大阪市西区土佐堀三丁目4-12","","","","","","","","","","","","","","","2120001043455","","","",""
"有限会社境ローラー製作所","8160823668818","","","","","","","125-0063","東京都葛飾区白鳥四丁目9-6","","","","","","","","","","","","","","","1011802003171","","","",""
"サカエゴム株式会社","6007022546217","","","","","","","512-8061","三重県四日市市広永町1337","","","","","","","","","","","","","","","4190001014877","","","",""
"サカエゴム工業株式会社","3262467514064","","","","","","","360-0201","埼玉県熊谷市妻沼2181-1","","","","","","","","","","","","","","","2030001085531","","","",""
"有限会社栄ゴム製作所","5988731168567","","","","","","","131-0044","東京都墨田区文花二丁目9-18","","","","","","","","","","","","","","","2010602015839","","","",""
"株式会社栄タイヤ","3390254577702","","","","","","","431-0203","静岡県浜松市中央区馬郡町959-13","","","","","","","","","","","","","","","1080402009795","","","",""
"株式会社阪上製作所","1279453383200","","","","","","","130-0013","東京都墨田区錦糸四丁目17-6","","","","","","","","","","","","","","","2010601011500","","","",""
"株式会社サカキバラコーポレーション","2994288322832","","","","","","","446-0005","愛知県安城市宇頭茶屋町宮前27","","","","","","","","","","","","","","","2180301012889","","","",""
"阪口化成株式会社","5633669612823","","","","","","","596-0103","大阪府岸和田市稲葉町601-2","","","","","","","","","","","","","","","6120101036363","","","",""
"株式会社酒田タイヤ工業","3762030124049","","","","","","","998-0875","山形県酒田市東町一丁目8-13","","","","","","","","","","","","","","","5390001006234","","","",""
"株式会社サカモト","1321380413536","","","","","","","813-0034","福岡県福岡市東区多の津四丁目14-31","","","","","","","","","","","","","","","3290001003152","","","",""
"坂本タイヤ工業株式会社","7614820171982","","","","","","","639-2257","奈良県御所市大字小殿288","","","","","","","","","","","","","","","5150001013881","","","",""
"有限会社坂本タイヤ商会","8829468174970","","","","","","","918-8184","福井県福井市真木町132-17","","","","","","","","","","","","","","","8210002001430","","","",""
"佐賀ＮＯＫ株式会社","6821118671897","","","","","","","849-1403","佐賀県嬉野市塩田町大字久間丙4646-12","","","","","","","","","","","","","","","6300001005012","","","",""
"佐川工芸株式会社","1178852102494","","","","","","","579-8065","大阪府東大阪市新池島町一丁目17-4","","","","","","","","","","","","","","","3122001028286","","","",""
"株式会社左川商会","1624184237819","","","","","","","652-0813","兵庫県神戸市兵庫区兵庫町一丁目4-9 108号","","","","","","","","","","","","","","","9140001016106","","","",""
"株式会社佐川商店","7821042088539","","","","","","","029-3311","岩手県一関市藤沢町黄海町裏2","","","","","","","","","","","","","","","9400501000557","","","",""
"サクシード株式会社","5026998811719","","","","","","","135-0052","東京都江東区潮見一丁目28-11","","","","","","","","","","","","","","","8010601021510","","","",""
"有限会社作進化学工業所","6713190290216","","","","","","","578-0944","大阪府東大阪市若江西新町三丁目5-31","","","","","","","","","","","","","","","1122002001995","","","",""
"株式会社サクシンローラ","1771112684600","","","","","","","411-0907","静岡県駿東郡清水町伏見411-1","","","","","","","","","","","","","","","5080101005613","","","",""
"桜工業株式会社","7082271138436","","","","","","","633-0065","奈良県桜井市大字吉備509","","","","","","","","","","","","","","","8150001009332","","","",""
"株式会社サクラコーポレーション","7319381644678","","","","","","","660-0824","兵庫県尼崎市東本町一丁目24-2","","","","","","","","","","","","","","","9120001035009","","","",""
"櫻護謨株式会社","4219355585292","","","","","","","151-0073","東京都渋谷区笹塚一丁目48-3 住友不動産笹塚太陽ビル5階","","","","","","","","","","","","","","","3011001008986","","","",""
"さくらゴム加工有限会社","2263384156643","","","","","","","124-0014","東京都葛飾区東四つ木四丁目33-1","","","","","","","","","","","","","","","2011802028151","","","",""
"有限会社サクラゴム産業","6957057047383","","","","","","","370-2455","群馬県富岡市神農原409-5","","","","","","","","","","","","","","","3070002017124","","","",""
"桜田工業株式会社","3286320781669","","","","","","","702-8038","岡山県岡山市南区松浜町16-33","","","","","","","","","","","","","","","3260001002909","","","",""
"株式会社桜庭ゴム工業所","9696108984594","","","","","","","131-0031","東京都墨田区墨田五丁目15-4","","","","","","","","","","","","","","","5010602011918","","","",""
"有限会社サークル工業","1010693019793","","","","","","","653-0835","兵庫県神戸市長田区細田町一丁目3-15","","","","","","","","","","","","","","","8140002008549","","","",""
"株式会社佐々木化研","5136050186106","","","","","","","431-0203","静岡県浜松市中央区馬郡町4577-1","","","","","","","","","","","","","","","4080401001957","","","",""
"株式会社佐々木コーティング","6513566423335","","","","","","","467-0876","愛知県名古屋市瑞穂区亀城町六丁目1-1","","","","","","","","","","","","","","","7180001010247","","","",""
"佐々木商事株式会社","3568856237421","","","","","","","791-8013","愛媛県松山市山越六丁目16-3","","","","","","","","","","","","","","","9500001001789","","","",""
"株式会社佐々木製作所","7047591438293","","","","","","","467-0876","愛知県名古屋市瑞穂区亀城町六丁目1-1","","","","","","","","","","","","","","","6180001010248","","","",""
"有限会社笹倉機販","7217463963002","","","","","","","566-0052","大阪府摂津市鳥飼本町四丁目5-20","","","","","","","","","","","","","","","4120902008645","","","",""
"株式会社笹原商店","8443950716271","","","","","","","987-1102","宮城県石巻市和渕笈入42","","","","","","","","","","","","","","","8370301002287","","","",""
"ササフジケミカル株式会社","2402825877313","","","","","","","341-0034","埼玉県三郷市新和一丁目413","","","","","","","","","","","","","","","3030001037432","","","",""
"サステン工業株式会社","4814395820129","","","","","","","437-0215","静岡県周智郡森町森1408","","","","","","","","","","","","","","","7080401017455","","","",""
"有限会社佐世保調帯","4197946027581","","","","","","","857-1164","長崎県佐世保市白岳町787","","","","","","","","","","","","","","","4310002010045","","","",""
"株式会社五月産業","1493098769985","","","","","","","454-0914","愛知県名古屋市中川区本前田町258","","","","","","","","","","","","","","","1180001061205","","","",""
"さつき商工株式会社","3193054735176","","","","","","","761-0431","香川県高松市小村町459-5","","","","","","","","","","","","","","","4470001001698","","","",""
"ＳＡＰ株式会社","3499383561218","","","","","","","101-0048","東京都千代田区神田司町二丁目15-16 司町サトウビル3階","","","","","","","","","","","","","","","3011801020174","","","",""
"有限会社札幌エンドレス","3364799821459","","","","","","","004-0867","北海道札幌市清田区北野七条二丁目8-16","","","","","","","","","","","","","","","7430002043096","","","",""
"札幌高圧ホース株式会社","7031489386921","","","","","","","007-0030","北海道札幌市東区東雁来十条四丁目2-17","","","","","","","","","","","","","","","6430001058534","","","",""
"株式会社札幌ゴム","7209325297622","","","","","","","063-0835","北海道札幌市西区発寒十五条十二丁目2-45","","","","","","","","","","","","","","","9430001018790","","","",""
"サツマポリマー技研有限会社","7667417994057","","","","","","","899-2704","鹿児島県鹿児島市春山町1662-46","","","","","","","","","","","","","","","5340002000348","","","",""
"薩摩ローラー株式会社","8635850521101","","","","","","","597-0101","大阪府貝塚市三ケ山1825-1","","","","","","","","","","","","","","","8120101036733","","","",""
"株式会社佐藤機械","6039012271244","","","","","","","260-0012","千葉県千葉市中央区本町三丁目1-19","","","","","","","","","","","","","","","3040001002740","","","",""
"株式会社佐藤ゴム","4057157556054","","","","","","","131-0042","東京都墨田区東墨田三丁目11-4","","","","","","","","","","","","","","","6010602011033","","","",""
"佐藤ゴム化学工業株式会社","2532212024786","","","","","","","286-0101","千葉県成田市十余三111-133","","","","","","","","","","","","","","","1040001042879","","","",""
"株式会社佐藤ゴム研磨工業","5285964005343","","","","","","","838-1504","福岡県朝倉市杷木星丸549-2","","","","","","","","","","","","","","","8290001044373","","","",""
"有限会社佐藤ゴム工業所","2588088532220","","","","","","","136-0071","東京都江東区亀戸三丁目30-4","","","","","","","","","","","","","","","5010602003353","","","",""
"有限会社佐藤製作所","7570900082979","","","","","","","963-6312","福島県石川郡玉川村大字小高江平88-12","","","","","","","","","","","","","","","2380002021129","","","",""
"株式会社佐藤製作所","8830458306625","","","","","","","308-0827","茨城県筑西市市野辺160","","","","","","","","","","","","","","","6050001031439","","","",""
"サトーマテリアル株式会社","4649104488179","","","","","","","653-0038","兵庫県神戸市長田区若松町八丁目1-30 巨人ビル南館4階","","","","","","","","","","","","","","","7013201017978","","","",""
"讃岐ゴム株式会社","8624027947303","","","","","","","570-0051","大阪府守口市大枝南町4-15","","","","","","","","","","","","","","","2120001155770","","","",""
"サノゴム株式会社","3572277311319","","","","","","","417-0826","静岡県富士市中里993","","","","","","","","","","","","","","","3080101010557","","","",""
"佐野ゴム加工所有限会社","2126279261684","","","","","","","474-0002","愛知県大府市北崎町三丁目375","","","","","","","","","","","","","","","9180002084800","","","",""
"株式会社佐野車輛製作所","3096926624378","","","","","","","584-0023","大阪府富田林市若松町東一丁目9-10","","","","","","","","","","","","","","","1120101034371","","","",""
"株式会社佐野商会","8512027086438","","","","","","","514-0056","三重県津市北河路町131-1","","","","","","","","","","","","","","","5190001000397","","","",""
"株式会社サノテント","2612756383604","","","","","","","580-0043","大阪府松原市阿保六丁目11-21","","","","","","","","","","","","","","","7120101025241","","","",""
"佐橋工業株式会社","4144907200077","","","","","","","485-0006","愛知県小牧市久保新町32","","","","","","","","","","","","","","","7180001075843","","","",""
"サプライ・ＫＭ株式会社","9908312493170","","","","","","","632-0251","奈良県奈良市針町3575","","","","","","","","","","","","","","","2150001007432","","","",""
"株式会社佐保興発","4941092668519","","","","","","","636-0113","奈良県生駒郡斑鳩町法隆寺南三丁目8-1","","","","","","","","","","","","","","","6150001006991","","","",""
"有限会社狭山ゴム加工所","8677276860985","","","","","","","358-0054","埼玉県入間市大字野田1543","","","","","","","","","","","","","","","3030002035294","","","",""
"有限会社サラタゴム","1159350511545","","","","","","","182-0012","東京都調布市深大寺東町八丁目25-9","","","","","","","","","","","","","","","9012402011235","","","",""
"株式会社サロンドグレー","9606074738802","","","","","","","557-0016","大阪府大阪市西成区花園北二丁目10-16","","","","","","","","","","","","","","","1120001003427","","","",""
"有限会社沢口加工","5300592111288","","","","","","","136-0071","東京都江東区亀戸三丁目52-4","","","","","","","","","","","","","","","1010602003035","","","",""
"澤谷ゴム株式会社","1947941282844","","","","","","","680-1202","鳥取県鳥取市河原町布袋21-1","","","","","","","","","","","","","","","7270001002243","","","",""
"サワダ工業株式会社","9414220259974","","","","","","","470-2361","愛知県知多郡武豊町字多賀七丁目6","","","","","","","","","","","","","","","4180001092206","","","",""
"株式会社澤田ゴム商会","6057520322699","","","","","","","500-8474","岐阜県岐阜市加納本町八丁目31","","","","","","","","","","","","","","","3200001002369","","","",""
"有限会社澤田商店","8275987152022","","","","","","","652-0897","兵庫県神戸市兵庫区駅南通二丁目2-19","","","","","","","","","","","","","","","9140002023365","","","",""
"三愛ゴム株式会社","6625088637787","","","","","","","468-0065","愛知県名古屋市天白区中砂町327","","","","","","","","","","","","","","","7180001023570","","","",""
"有限会社三愛商会","4980681766910","","","","","","","510-0892","三重県四日市市泊山崎町13-6","","","","","","","","","","","","","","","3190002020215","","","",""
"山愛タイヤ有限会社","9506346436961","","","","","","","791-8042","愛媛県松山市南吉田町2110","","","","","","","","","","","","","","","7500002007119","","","",""
"サンアロー化成株式会社","7438374470252","","","","","","","952-0212","新潟県佐渡市宮川837-1","","","","","","","","","","","","","","","2110001027599","","","",""
"山陰アシックス工業株式会社","1096284794252","","","","","","","684-0072","鳥取県境港市渡町2900","","","","","","","","","","","","","","","9270001003776","","","",""
"株式会社サンエイ","7763737797152","","","","","","","131-0031","東京都墨田区墨田二丁目6-2","","","","","","","","","","","","","","","8010601020883","","","",""
"三栄化工株式会社","2158258370891","","","","","","","670-0835","兵庫県姫路市幸町49","","","","","","","","","","","","","","","9140001058965","","","",""
"三栄工業有限会社","3576744919458","","","","","","","463-0070","愛知県名古屋市守山区新守山3501","","","","","","","","","","","","","","","4180002000621","","","",""
"株式会社産栄ゴム工業","4646032011472","","","","","","","311-3403","茨城県小美玉市上吉影740-127","","","","","","","","","","","","","","","6011801001659","","","",""
"三栄ゴム工業株式会社","6491443628909","","","","","","","105-0004","東京都港区新橋六丁目22-2","","","","","","","","","","","","","","","5010401010781","","","",""
"山栄ゴム工業有限会社","6908375140033","","","","","","","581-0041","大阪府八尾市北木の本一丁目50","","","","","","","","","","","","","","","5122002016362","","","",""
"有限会社三栄産業","1707431088805","","","","","","","509-1605","岐阜県下呂市金山町戸部911-1","","","","","","","","","","","","","","","8200002027617","","","",""
"株式会社三栄舎ローラ製造所","7845811097064","","","","","","","501-0410","岐阜県本巣市石神269","","","","","","","","","","","","","","","2200001036491","","","",""
"株式会社三栄商工","9360998727006","","","","","","","427-0055","静岡県島田市新町通5-1","","","","","","","","","","","","","","","6080001013038","","","",""
"株式会社山栄精機","3789742999216","","","","","","","222-0001","神奈川県横浜市港北区樽町四丁目18-14","","","","","","","","","","","","","","","8010801004208","","","",""
"有限会社三英精機","3949927472842","","","","","","","230-0002","神奈川県横浜市鶴見区江ケ崎町10-14","","","","","","","","","","","","","","","1020002051815","","","",""
"有限会社三栄パッキン工業","2154150914593","","","","","","","536-0011","大阪府大阪市城東区放出西二丁目8-28","","","","","","","","","","","","","","","9120002041204","","","",""
"三栄プレス有限会社","1706472653779","","","","","","","714-0031","岡山県笠岡市西大島新田424-1","","","","","","","","","","","","","","","7260002025054","","","",""
"有限会社サンエー工業","9999455490184","","","","","","","241-0023","神奈川県横浜市旭区本宿町133-18","","","","","","","","","","","","","","","1020002009838","","","",""
"有限会社サンエー工業","1102781672814","","","","","","","929-0465","石川県河北郡津幡町字鳥越ニ44-3","","","","","","","","","","","","","","","2220002016581","","","",""
"株式会社サンヱー産業","2482580512839","","","","","","","500-8145","岐阜県岐阜市雲井町三丁目13","","","","","","","","","","","","","","","6200001002085","","","",""
"サンエス護謨工業株式会社","6271133018661","","","","","","","540-0003","大阪府大阪市中央区森ノ宮中央一丁目9-18","","","","","","","","","","","","","","","4120001080034","","","",""
"サンエム化成株式会社","7908924235492","","","","","","","340-0022","埼玉県草加市瀬崎五丁目37-1","","","","","","","","","","","","","","","2030001034975","","","",""
"三輝工業株式会社","2189577209663","","","","","","","110-0004","東京都台東区下谷三丁目4-4","","","","","","","","","","","","","","","7010501004797","","","",""
"三喜ゴム株式会社","1231240330824","","","","","","","542-0012","大阪府大阪市中央区谷町六丁目2-36","","","","","","","","","","","","","","","9120001090292","","","",""
"有限会社三喜ゴム工業所","1983395515367","","","","","","","135-0021","東京都江東区白河二丁目21-9","","","","","","","","","","","","","","","6010602008335","","","",""
"サンキゴム商事株式会社","1351277977368","","","","","","","546-0002","大阪府大阪市東住吉区杭全三丁目3-1","","","","","","","","","","","","","","","3120001009884","","","",""
"有限会社サンキ精工","5077797893778","","","","","","","252-0002","神奈川県座間市小松原二丁目51-12","","","","","","","","","","","","","","","9021002043563","","","",""
"三恊化成工業株式会社","2465742817375","","","","","","","124-0005","東京都葛飾区宝町二丁目4-23","","","","","","","","","","","","","","","8011801001789","","","",""
"三共工業株式会社","1086886897333","","","","","","","486-0953","愛知県春日井市御幸町三丁目6-23","","","","","","","","","","","","","","","7180001074151","","","",""
"株式会社三協ゴム","2889839484581","","","","","","","731-0216","広島県広島市安佐北区可部町大字上町屋1647-1","","","","","","","","","","","","","","","2240001004040","","","",""
"三協ゴム化学株式会社","6391293103252","","","","","","","321-2344","栃木県日光市猪倉1660","","","","","","","","","","","","","","","5060001008949","","","",""
"有限会社三協ゴム製作所","8987064214398","","","","","","","491-0001","愛知県一宮市瀬部諸谷20","","","","","","","","","","","","","","","3180002076431","","","",""
"三協物産株式会社","1348418462217","","","","","","","124-0013","東京都葛飾区東立石一丁目21-3","","","","","","","","","","","","","","","8011801001797","","","",""
"三協薬品株式会社","8475220867643","","","","","","","463-0068","愛知県名古屋市守山区瀬古一丁目908","","","","","","","","","","","","","","","5180001000448","","","",""
"株式会社サンケイ技研","2002655765994","","","","","","","333-0801","埼玉県川口市東川口六丁目11-34","","","","","","","","","","","","","","","9030001075047","","","",""
"サンケイ工業株式会社","6211831481845","","","","","","","454-0011","愛知県名古屋市中川区山王三丁目14-8","","","","","","","","","","","","","","","3180001019481","","","",""
"サンケイ工業株式会社","7697498403497","","","","","","","421-3306","静岡県富士市中之郷723","","","","","","","","","","","","","","","4080101010903","","","",""
"株式会社三啓商会","9667232379080","","","","","","","332-0001","埼玉県川口市朝日四丁目22-5","","","","","","","","","","","","","","","1030001105208","","","",""
"三恵商事株式会社","7210338690445","","","","","","","636-0051","奈良県北葛城郡河合町大字川合792-2","","","","","","","","","","","","","","","7120001049687","","","",""
"サン研工業株式会社","1994807157584","","","","","","","306-0615","茨城県坂東市大口2212-1","","","","","","","","","","","","","","","9050001014432","","","",""
"株式会社サンコー","1062084109006","","","","","","","491-0859","愛知県一宮市本町四丁目7-19","","","","","","","","","","","","","","","5180001084235","","","",""
"サンコー株式会社","3010424182521","","","","","","","578-0902","大阪府東大阪市川中6-18","","","","","","","","","","","","","","","6122001002569","","","",""
"株式会社サンコー","1669272310900","","","","","","","180-0005","東京都武蔵野市御殿山二丁目15-12","","","","","","","","","","","","","","","1012401011185","","","",""
"三興化学工業株式会社","5881326066909","","","","","","","739-0611","広島県大竹市新町二丁目11-4","","","","","","","","","","","","","","","6240001028440","","","",""
"三光化学工業株式会社","4467650577148","","","","","","","651-2234","兵庫県神戸市西区櫨谷町池谷31","","","","","","","","","","","","","","","1140001004761","","","",""
"三興化成株式会社","8193058867966","","","","","","","183-0022","東京都府中市宮西町二丁目16-2 第一生命ビル4階","","","","","","","","","","","","","","","8012401007730","","","",""
"サン工業株式会社","7507921274362","","","","","","","675-1218","兵庫県加古川市上荘町小野堂山349-1","","","","","","","","","","","","","","","8140001042953","","","",""
"有限会社三高工業所","9257736193026","","","","","","","653-0014","兵庫県神戸市長田区御蔵通六丁目10-5","","","","","","","","","","","","","","","2140002009313","","","",""
"山幸ゴム工業有限会社","5938360757090","","","","","","","115-0052","東京都北区赤羽北二丁目1-15 402号","","","","","","","","","","","","","","","7011502006106","","","",""
"三興護謨工業株式会社","9961445065259","","","","","","","116-0013","東京都荒川区西日暮里二丁目34-15","","","","","","","","","","","","","","","1011501006558","","","",""
"有限会社三興ゴム工業所","2197509330653","","","","","","","344-0064","埼玉県春日部市南四丁目8-8","","","","","","","","","","","","","","","9030002068355","","","",""
"三広産業株式会社","9482407212408","","","","","","","157-0068","東京都世田谷区宇奈根一丁目41-2","","","","","","","","","","","","","","","5010901004531","","","",""
"有限会社三光商会","6589494212350","","","","","","","564-0004","大阪府吹田市原町一丁目7-2","","","","","","","","","","","","","","","7120902006340","","","",""
"株式会社三晃商会","1025008963424","","","","","","","486-0906","愛知県春日井市下屋敷町知光院31-5","","","","","","","","","","","","","","","4180001077041","","","",""
"株式会社三興製作所","6075782817154","","","","","","","178-0062","東京都練馬区大泉町一丁目9-6","","","","","","","","","","","","","","","7011601015115","","","",""
"有限会社三光製作所","7598791085769","","","","","","","123-0855","東京都足立区本木南町3-20","","","","","","","","","","","","","","","6011802013034","","","",""
"有限会社三幸パッキング製作所","9123108171968","","","","","","","812-0892","福岡県福岡市博多区東那珂一丁目16-14","","","","","","","","","","","","","","","3290002015411","","","",""
"株式会社サンコーゴム","9033858953060","","","","","","","124-0012","東京都葛飾区立石六丁目11-16","","","","","","","","","","","","","","","5011801001734","","","",""
"株式会社サンコーセル","8425122785708","","","","","","","547-0002","大阪府大阪市平野区加美東七丁目2-29","","","","","","","","","","","","","","","9120001020340","","","",""
"株式会社三社技研工業","4623447486019","","","","","","","699-3162","島根県江津市敬川町2354","","","","","","","","","","","","","","","8280001006804","","","",""
"有限会社三秀ゴム","5564648207460","","","","","","","130-0023","東京都墨田区立川三丁目10-11","","","","","","","","","","","","","","","3010602011011","","","",""
"株式会社三商","3171290923008","","","","","","","234-0051","神奈川県横浜市港南区日野八丁目19-7","","","","","","","","","","","","","","","1020001008634","","","",""
"株式会社三昌化工","7503012604843","","","","","","","560-0021","大阪府豊中市本町二丁目2-37","","","","","","","","","","","","","","","1120901023912","","","",""
"三昌工業株式会社","6957087350956","","","","","","","289-2242","千葉県香取郡多古町染井966-1","","","","","","","","","","","","","","","3040001065655","","","",""
"三昌工業株式会社","9408088977043","","","","","","","154-0011","東京都世田谷区上馬一丁目34-17","","","","","","","","","","","","","","","5010901004746","","","",""
"有限会社三昌ゴム工業所","5378700516256","","","","","","","131-0032","東京都墨田区東向島二丁目19-2","","","","","","","","","","","","","","","2010602011012","","","",""
"サン商事株式会社","5041968569496","","","","","","","242-0023","神奈川県大和市渋谷一丁目7-13","","","","","","","","","","","","","","","3021001029544","","","",""
"株式会社サンシール商会","4143580174855","","","","","","","571-0042","大阪府門真市深田町21-16","","","","","","","","","","","","","","","3120001156405","","","",""
"株式会社サンシン","4583849783604","","","","","","","335-0021","埼玉県戸田市大字新曽1767","","","","","","","","","","","","","","","3030001022203","","","",""
"三信技建株式会社","6276541558675","","","","","","","001-0915","北海道札幌市北区新琴似町248-22","","","","","","","","","","","","","","","5430001019280","","","",""
"三伸工業株式会社","2196571673821","","","","","","","651-2412","兵庫県神戸市西区竜が岡五丁目28-8","","","","","","","","","","","","","","","1140001004786","","","",""
"三進興産株式会社","7669234985101","","","","","","","169-0074","東京都新宿区北新宿二丁目21-1","","","","","","","","","","","","","","","3010001016834","","","",""
"株式会社三伸ゴム加工所","3147050989371","","","","","","","131-0032","東京都墨田区東向島三丁目28-7","","","","","","","","","","","","","","","6010601023517","","","",""
"三伸ゴム工業株式会社","3351703680534","","","","","","","811-1324","福岡県福岡市南区警弥郷一丁目37-7","","","","","","","","","","","","","","","9290001001308","","","",""
"有限会社山粋","4212661147635","","","","","","","271-0051","千葉県松戸市馬橋3386","","","","","","","","","","","","","","","2040002052703","","","",""
"株式会社三水商工","5412070608130","","","","","","","494-0019","愛知県一宮市蓮池郷西72-1","","","","","","","","","","","","","","","3180001086340","","","",""
"株式会社三清","2672248838429","","","","","","","340-0023","埼玉県草加市谷塚町652","","","","","","","","","","","","","","","3030001034999","","","",""
"株式会社山星化成工業","7014534716151","","","","","","","277-0932","千葉県柏市藤ケ谷新田62-51","","","","","","","","","","","","","","","5040001068409","","","",""
"三清ゴム工業株式会社","4714266535248","","","","","","","653-0054","兵庫県神戸市長田区長楽町六丁目2-13","","","","","","","","","","","","","","","8140001016107","","","",""
"有限会社三清商会","8187696459594","","","","","","","314-0031","茨城県鹿嶋市大字宮中5297-5","","","","","","","","","","","","","","","7050002026486","","","",""
"有限会社サンテクノ","5710954496790","","","","","","","277-0852","千葉県柏市旭町八丁目2-12","","","","","","","","","","","","","","","7040002094914","","","",""
"有限会社サンテクノ","4195013476134","","","","","","","344-0043","埼玉県春日部市下蛭田376-3","","","","","","","","","","","","","","","3030002098523","","","",""
"株式会社サンテツク","2422525866456","","","","","","","457-0075","愛知県名古屋市南区石元町二丁目16","","","","","","","","","","","","","","","7180001014545","","","",""
"株式会社サンテックス","7019794395585","","","","","","","124-0012","東京都葛飾区立石八丁目45-14","","","","","","","","","","","","","","","5011801001866","","","",""
"サンデーシューズ株式会社","9843150429393","","","","","","","654-0081","兵庫県神戸市須磨区高倉台八丁目26-18","","","","","","","","","","","","","","","3140001094818","","","",""
"有限会社三東商会","7682466798121","","","","","","","113-0033","東京都文京区本郷二丁目22-8","","","","","","","","","","","","","","","2010002002685","","","",""
"有限会社サントミ精工","4321580025304","","","","","","","334-0073","埼玉県川口市大字赤井1315-17","","","","","","","","","","","","","","","8030002103237","","","",""
"有限会社サントモ工業","6908544142455","","","","","","","124-0022","東京都葛飾区奥戸七丁目9-5","","","","","","","","","","","","","","","6011802003398","","","",""
"サンナイト株式会社","6470319138709","","","","","","","653-0835","兵庫県神戸市長田区細田町二丁目1-22","","","","","","","","","","","","","","","2140001016129","","","",""
"サンフアイブ株式会社","1350608433538","","","","","","","680-0942","鳥取県鳥取市湖山町東五丁目133","","","","","","","","","","","","","","","4270001000266","","","",""
"サンフロア工業株式会社","1818804424003","","","","","","","068-0853","北海道岩見沢市大和三条四丁目10-1","","","","","","","","","","","","","","","9430001046478","","","",""
"有限会社山武化学工業所","9172428708377","","","","","","","289-1313","千葉県山武市上横地914-13","","","","","","","","","","","","","","","1040002079540","","","",""
"株式会社サンベーク","5428030895144","","","","","","","140-0002","東京都品川区東品川二丁目5-8","","","","","","","","","","","","","","","4010701020820","","","",""
"株式会社サン・ペトロケミカル","4704474214477","","","","","","","314-0255","茨城県神栖市砂山11-2","","","","","","","","","","","","","","","3050001020948","","","",""
"株式会社三宝","4176848355958","","","","","","","341-0012","埼玉県三郷市半田929","","","","","","","","","","","","","","","1030001036056","","","",""
"三報ゴム株式会社","3963884655892","","","","","","","103-0001","東京都中央区日本橋小伝馬町2-4 三報ビルディング","","","","","","","","","","","","","","","6010001044270","","","",""
"三宝ゴム工業株式会社","3003343742121","","","","","","","136-0071","東京都江東区亀戸四丁目52-17","","","","","","","","","","","","","","","7010601000597","","","",""
"サンポー工業株式会社","2735880689748","","","","","","","277-0861","千葉県柏市高田上野台子1338","","","","","","","","","","","","","","","6040001065669","","","",""
"サンポリマー株式会社","8037255352781","","","","","","","669-5200","兵庫県朝来市和田山町筒江中山165-50","","","","","","","","","","","","","","","7140001046815","","","",""
"サンマックス株式会社","1719005014387","","","","","","","342-0005","埼玉県吉川市大字川藤2622","","","","","","","","","","","","","","","1011801008254","","","",""
"有限会社サンユーインダストリー","3779839564018","","","","","","","496-0023","愛知県津島市鹿伏兎町下春日台15-1","","","","","","","","","","","","","","","2180002091191","","","",""
"株式会社三友ポリマー","7747575533102","","","","","","","910-0805","福井県福井市高木二丁目1308","","","","","","","","","","","","","","","6210001004551","","","",""
"株式会社山陽化成","8096702649673","","","","","","","654-0041","兵庫県神戸市須磨区古川町一丁目3-10","","","","","","","","","","","","","","","8140001017526","","","",""
"三洋工業株式会社","2238194196350","","","","","","","144-0034","東京都大田区西糀谷四丁目14-3","","","","","","","","","","","","","","","7010801004836","","","",""
"三洋工業株式会社","2881967484031","","","","","","","111-0031","東京都台東区千束三丁目21-15","","","","","","","","","","","","","","","2010501004686","","","",""
"三陽工業株式会社","4053537631729","","","","","","","451-0014","愛知県名古屋市西区又穂町四丁目22","","","","","","","","","","","","","","","1180001025597","","","",""
"山陽ゴム株式会社","7358857923873","","","","","","","755-0008","山口県宇部市明神町三丁目3-12","","","","","","","","","","","","","","","3250001003214","","","",""
"有限会社三陽ゴム工業","3260970837846","","","","","","","124-0014","東京都葛飾区東四つ木三丁目6-26","","","","","","","","","","","","","","","8011802003470","","","",""
"三洋ゴム工業株式会社","5209796528922","","","","","","","114-0032","東京都北区中十条三丁目31-14","","","","","","","","","","","","","","","5011501001910","","","",""
"株式会社三要ゴム製作所","4908321321563","","","","","","","132-0035","東京都江戸川区平井六丁目9-9","","","","","","","","","","","","","","","8011701003555","","","",""
"株式会社山陽商会","6951834620788","","","","","","","330-0065","埼玉県さいたま市浦和区神明二丁目12-35","","","","","","","","","","","","","","","8030001003264","","","",""
"三洋ポリマー工業株式会社","5505224009840","","","","","","","636-0355","奈良県磯城郡田原本町大字佐味535","","","","","","","","","","","","","","","3150001011169","","","",""
"山陽ローラ有限会社","2457055089060","","","","","","","703-8236","岡山県岡山市中区国富二丁目15-7","","","","","","","","","","","","","","","8260002004115","","","",""
"有限会社サンライズ","9180539735583","","","","","","","704-8138","岡山県岡山市東区神崎町1847-1","","","","","","","","","","","","","","","1260002004617","","","",""
"ＳＵＮＲＩＳＥ株式会社","6341134011644","","","","","","","546-0033","大阪府大阪市東住吉区南田辺一丁目7-7","","","","","","","","","","","","","","","2120001194653","","","",""
"サンライズ株式会社","9597320167029","","","","","","","541-0045","大阪府大阪市中央区道修町一丁目7-1","","","","","","","","","","","","","","","1120101002766","","","",""
"株式会社サンライズ","8963415563137","","","","","","","546-0031","大阪府大阪市東住吉区田辺六丁目7-7","","","","","","","","","","","","","","","1120001009903","","","",""
"サンライズ工業株式会社","7616850901822","","","","","","","581-0035","大阪府八尾市西弓削三丁目138","","","","","","","","","","","","","","","1122001026473","","","",""
"株式会社サンライズタイヤサービス","3207789576693","","","","","","","739-2105","広島県東広島市高屋町桧山1154-1","","","","","","","","","","","","","","","2240001023610","","","",""
"株式会社サンラバー","7029300706652","","","","","","","157-0063","東京都世田谷区粕谷四丁目8-15","","","","","","","","","","","","","","","9010901005022","","","",""
"株式会社サンラバー","5866486711671","","","","","","","967-0001","福島県南会津郡南会津町長野楡林5-1","","","","","","","","","","","","","","","6380001019153","","","",""
"有限会社三立ファスナー","8823834676571","","","","","","","418-0039","静岡県富士宮市野中1055-15","","","","","","","","","","","","","","","5080102017756","","","",""
"株式会社サンワ","3091505204728","","","","","","","327-0102","栃木県佐野市出流原町461","","","","","","","","","","","","","","","3060001020385","","","",""
"サンワ化工株式会社","6339966603754","","","","","","","577-0809","大阪府東大阪市永和一丁目14-10","","","","","","","","","","","","","","","7122001003351","","","",""
"三和化工株式会社","1816554604515","","","","","","","601-8103","京都府京都市南区上鳥羽仏現寺町56","","","","","","","","","","","","","","","7130001010771","","","",""
"株式会社サンワクリエイト","6544684633131","","","","","","","479-0866","愛知県常滑市大野町二丁目126-1","","","","","","","","","","","","","","","4180001093170","","","",""
"三和ケミカル株式会社","5702611144778","","","","","","","577-0061","大阪府東大阪市森河内西一丁目5-10","","","","","","","","","","","","","","","4122001003362","","","",""
"三和ケミカル工業株式会社","4285281524292","","","","","","","505-0303","岐阜県加茂郡八百津町伊岐津志2850","","","","","","","","","","","","","","","4200001017432","","","",""
"有限会社サンワコイル","4734452409053","","","","","","","915-0057","福井県越前市矢船町5-14-1","","","","","","","","","","","","","","","7210002011661","","","",""
"三和工業株式会社","7621432074262","","","","","","","652-0835","兵庫県神戸市兵庫区西仲町2-8","","","","","","","","","","","","","","","2140001013159","","","",""
"三和ゴム株式会社","8917965969585","","","","","","","123-0841","東京都足立区西新井七丁目14-22","","","","","","","","","","","","","","","4011801007848","","","",""
"三和ゴム工業株式会社","3488186903686","","","","","","","636-0247","奈良県磯城郡田原本町大字阪手610","","","","","","","","","","","","","","","8150001011164","","","",""
"有限会社三和ゴム工業所","9883170646856","","","","","","","841-0027","佐賀県鳥栖市松原町1797-4","","","","","","","","","","","","","","","6300002008955","","","",""
"株式会社三和ゴム商会","8670369501768","","","","","","","910-0807","福井県福井市高木北二丁目802-1","","","","","","","","","","","","","","","5210001001483","","","",""
"株式会社三和産業","7842302564638","","","","","","","483-8014","愛知県江南市和田町川東170","","","","","","","","","","","","","","","6180001012285","","","",""
"株式会社三和製作所","4181442728247","","","","","","","431-0441","静岡県湖西市吉美1853","","","","","","","","","","","","","","","9080402010143","","","",""
"三和テクノ株式会社","9753160197974","","","","","","","653-0032","兵庫県神戸市長田区苅藻通七丁目4-27","","","","","","","","","","","","","","","3140001013166","","","",""
"有限会社三和鉄工所","3652264012729","","","","","","","514-1138","三重県津市戸木町5141-14","","","","","","","","","","","","","","","8190002001879","","","",""
"株式会社サンワード","5983421522147","","","","","","","561-0836","大阪府豊中市庄内宝町二丁目6-18","","","","","","","","","","","","","","","2120901023969","","","",""
"有限会社三和パッケージ","3076414009169","","","","","","","586-0096","大阪府河内長野市自由ケ丘3-19","","","","","","","","","","","","","","","1120002003112","","","",""
"株式会社ザオウ製作所","1306086777003","","","","","","","999-3122","山形県上山市仙石大沢225","","","","","","","","","","","","","","","3390001004768","","","",""
"株式会社ＴＨＥ　ＯＮＬＹ　ＯＮＥ","9238942046014","","","","","","","167-0023","東京都杉並区上井草一丁目21-12","","","","","","","","","","","","","","","9021001051419","","","",""
"株式会社ザ・サン","5131178657629","","","","","","","581-0017","大阪府八尾市高美町四丁目12-33","","","","","","","","","","","","","","","1122001023842","","","",""
"有限会社シーエス工販","3977290673285","","","","","","","486-0953","愛知県春日井市御幸町二丁目4-22","","","","","","","","","","","","","","","3180002073965","","","",""
"有限会社Ｃ．Ｎ．Ｓ","4505472002860","","","","","","","574-0062","大阪府大東市氷野三丁目12-66","","","","","","","","","","","","","","","4122002012809","","","",""
"塩谷工業株式会社","5560233683445","","","","","","","672-8057","兵庫県姫路市飾磨区恵美酒250-5","","","","","","","","","","","","","","","3140001059234","","","",""
"師勝化成株式会社","9494135702980","","","","","","","481-0004","愛知県北名古屋市鹿田東海66","","","","","","","","","","","","","","","7180001052033","","","",""
"滋賀日宏株式会社","8428642561252","","","","","","","520-3415","滋賀県甲賀市甲賀町大原上田1128","","","","","","","","","","","","","","","5160001005374","","","",""
"有限会社四季","9551868985803","","","","","","","125-0041","東京都葛飾区東金町五丁目19-17","","","","","","","","","","","","","","","9011802022387","","","",""
"株式会社シグマ技研","9342509044519","","","","","","","370-0873","群馬県高崎市下豊岡町1182","","","","","","","","","","","","","","","2070001007168","","","",""
"株式会社重利鉄工所","8647747198773","","","","","","","701-2142","岡山県岡山市北区玉柏231-3","","","","","","","","","","","","","","","6260001010611","","","",""
"茂ゴム株式会社","3659086016535","","","","","","","434-0012","静岡県浜松市浜名区中瀬7660","","","","","","","","","","","","","","","2010501005585","","","",""
"四国手袋株式会社","7856169300637","","","","","","","769-2702","香川県東かがわ市松原595-4","","","","","","","","","","","","","","","5470001011382","","","",""
"四国バンダグ有限会社","7182970128585","","","","","","","763-0083","香川県丸亀市土器町北二丁目108","","","","","","","","","","","","","","","7470002011792","","","",""
"四国ロール株式会社","9521558937007","","","","","","","761-1705","香川県高松市香川町川東下1589-2","","","","","","","","","","","","","","","4470001005435","","","",""
"システック株式会社","4686268400808","","","","","","","578-0905","大阪府東大阪市川田四丁目1-47","","","","","","","","","","","","","","","9122001028132","","","",""
"株式会社システムカーマ","6552279511225","","","","","","","933-0321","富山県高岡市六家1234","","","","","","","","","","","","","","","6230001010168","","","",""
"株式会社静岡共和部品","9216760733417","","","","","","","422-8045","静岡県静岡市駿河区西島329-5","","","","","","","","","","","","","","","5080001002727","","","",""
"静岡ゴム株式会社","4287340079276","","","","","","","110-0015","東京都台東区東上野一丁目13-13","","","","","","","","","","","","","","","7010501018863","","","",""
"株式会社シダゴム","8840654806652","","","","","","","955-0021","新潟県三条市下保内409-11","","","","","","","","","","","","","","","7110001015038","","","",""
"株式会社シーテク","8308347601501","","","","","","","639-1115","奈良県大和郡山市横田町620-3","","","","","","","","","","","","","","","5150001015069","","","",""
"株式会社シード","7366645845360","","","","","","","561-0894","大阪府豊中市勝部三丁目2-17","","","","","","","","","","","","","","","9120001007668","","","",""
"株式会社ＳＥＥＤ","1950429233910","","","","","","","530-0004","大阪府大阪市北区堂島浜二丁目2-28 堂島アクシスビル3階","","","","","","","","","","","","","","","3120001143312","","","",""
"有限会社シードローラー工業","6190015665520","","","","","","","338-0826","埼玉県さいたま市桜区大字大久保領家659-12","","","","","","","","","","","","","","","8030002006340","","","",""
"株式会社シナガワ","3741117311612","","","","","","","578-0984","大阪府東大阪市菱江三丁目8-25","","","","","","","","","","","","","","","9122001003382","","","",""
"篠田ゴム工業株式会社","8802873960280","","","","","","","343-0844","埼玉県越谷市大間野町二丁目167","","","","","","","","","","","","","","","6030001064119","","","",""
"シノン電気産業株式会社","4994546353645","","","","","","","116-0014","東京都荒川区東日暮里六丁目60-10 日暮里駅前中央ビル","","","","","","","","","","","","","","","6011501006891","","","",""
"シバタ工業株式会社","4780465571226","","","","","","","674-0082","兵庫県明石市魚住町中尾1058","","","","","","","","","","","","","","","2140001034972","","","",""
"株式会社柴田工業所","7140521922198","","","","","","","480-1207","愛知県瀬戸市品野町五丁目424","","","","","","","","","","","","","","","1180001078884","","","",""
"株式会社柴田ゴム工業所","1257322414626","","","","","","","544-0031","大阪府大阪市生野区鶴橋三丁目5-9","","","","","","","","","","","","","","","5120001017646","","","",""
"柴谷パッキング工業株式会社","6114691834961","","","","","","","540-0039","大阪府大阪市中央区東高麗橋5-12","","","","","","","","","","","","","","","9120001081135","","","",""
"株式会社柴野商会","1900754158504","","","","","","","654-0101","兵庫県神戸市須磨区白川不計1-4","","","","","","","","","","","","","","","9140001017566","","","",""
"株式会社シバハラ商会","8036472060117","","","","","","","852-8025","長崎県長崎市立岩町4-8","","","","","","","","","","","","","","","9310001003680","","","",""
"株式会社柴又製作所","6563089523399","","","","","","","125-0032","東京都葛飾区水元二丁目18-8","","","","","","","","","","","","","","","6011801014322","","","",""
"柴山商事株式会社","8357998003358","","","","","","","420-0072","静岡県静岡市葵区二番町10-3","","","","","","","","","","","","","","","5080001002066","","","",""
"株式会社シービーエス","3770884338882","","","","","","","431-1112","静岡県浜松市中央区大人見町3416-2","","","","","","","","","","","","","","","2080401002172","","","",""
"有限会社渋沢技研","2846979330560","","","","","","","379-2215","群馬県伊勢崎市赤堀今井町一丁目317","","","","","","","","","","","","","","","2070002020161","","","",""
"渋谷ゴム株式会社","4117171173790","","","","","","","168-0062","東京都杉並区方南二丁目8-13 方南シティハイツ108","","","","","","","","","","","","","","","4011301003273","","","",""
"有限会社渋谷商会","7548446266641","","","","","","","333-0863","埼玉県川口市在家町26-21","","","","","","","","","","","","","","","1030002103607","","","",""
"株式会社シープロン化成","6287723686863","","","","","","","552-0013","大阪府大阪市港区福崎三丁目1-94","","","","","","","","","","","","","","","3120001115402","","","",""
"島田ゴム工業株式会社","8957849278993","","","","","","","342-0050","埼玉県吉川市栄町1448","","","","","","","","","","","","","","","3011801008599","","","",""
"島田燈器工業株式会社","3832640053665","","","","","","","552-0012","大阪府大阪市港区市岡三丁目4-2","","","","","","","","","","","","","","","2120001029066","","","",""
"島根イーグル株式会社","1744816982922","","","","","","","690-2706","島根県雲南市掛合町多根212-3","","","","","","","","","","","","","","","5280001005676","","","",""
"島根スパイアー株式会社","1442515797598","","","","","","","699-4701","島根県邑智郡美郷町浜原75-1","","","","","","","","","","","","","","","4280001004869","","","",""
"株式会社シマモト","4720205408217","","","","","","","653-0015","兵庫県神戸市長田区菅原通七丁目38","","","","","","","","","","","","","","","2140001016236","","","",""
"嶋本ダイカスト株式会社","5979654941928","","","","","","","651-2228","兵庫県神戸市西区見津が丘二丁目3-6","","","","","","","","","","","","","","","3140001013257","","","",""
"シマモリスリッパ株式会社","6787724714478","","","","","","","328-0024","栃木県栃木市樋ノ口町46-15","","","","","","","","","","","","","","","4060001023742","","","",""
"清水工業株式会社","1143306568381","","","","","","","513-0001","三重県鈴鹿市広瀬町1461","","","","","","","","","","","","","","","5190002004538","","","",""
"有限会社清水ゴム工業","2679456759375","","","","","","","342-0042","埼玉県吉川市中野345-1","","","","","","","","","","","","","","","6030002090246","","","",""
"有限会社清水ゴム工業商会","2873713269342","","","","","","","340-0034","埼玉県草加市氷川町321-9","","","","","","","","","","","","","","","4030002044443","","","",""
"株式会社清水ゴム商会","4221200185643","","","","","","","011-0904","秋田県秋田市寺内蛭根三丁目5-12","","","","","","","","","","","","","","","1410001001368","","","",""
"株式会社清水製作所延岡","4840431932866","","","","","","","882-0024","宮崎県延岡市大武町39-161","","","","","","","","","","","","","","","2350001007131","","","",""
"株式会社清水パッキング製作所","5753991121862","","","","","","","135-0042","東京都江東区木場三丁目7-13","","","","","","","","","","","","","","","6010601030884","","","",""
"有限会社清水防水布","5988135199779","","","","","","","124-0012","東京都葛飾区立石三丁目21-1","","","","","","","","","","","","","","","2011802023581","","","",""
"シム工業株式会社","6049911393749","","","","","","","144-0034","東京都大田区西糀谷三丁目6-22","","","","","","","","","","","","","","","5010801005472","","","",""
"有限会社シム・テック","7410764461166","","","","","","","537-0001","大阪府大阪市東成区深江北一丁目10-24","","","","","","","","","","","","","","","6120002000369","","","",""
"株式会社志村商店","6779856591483","","","","","","","220-0023","神奈川県横浜市西区平沼一丁目23-6","","","","","","","","","","","","","","","6020001015048","","","",""
"霜田ゴム工業株式会社","5687598170546","","","","","","","131-0033","東京都墨田区向島三丁目15-9","","","","","","","","","","","","","","","5010601012322","","","",""
"下関パッキング株式会社","1438780791373","","","","","","","750-0061","山口県下関市上新地町一丁目4-1","","","","","","","","","","","","","","","4250001005721","","","",""
"有限会社下山製作所","5802650484346","","","","","","","258-0028","神奈川県足柄上郡開成町金井島1254","","","","","","","","","","","","","","","9021002055617","","","",""
"シャミー株式会社","1803747454560","","","","","","","639-1042","奈良県大和郡山市小泉町2475-12","","","","","","","","","","","","","","","9150001005850","","","",""
"株式会社シュアレ","1178134767627","","","","","","","651-0084","兵庫県神戸市中央区磯辺通二丁目2-10","","","","","","","","","","","","","","","9140001024851","","","",""
"株式会社秀プロダクト","8223113001067","","","","","","","710-0834","岡山県倉敷市笹沖1365 十合ビル2F","","","","","","","","","","","","","","","7260001025352","","","",""
"株式会社シューズ・セーラー","1242444350527","","","","","","","653-0022","兵庫県神戸市長田区東尻池町二丁目12-15","","","","","","","","","","","","","","","6140001016249","","","",""
"有限会社松亜クレーン商会","9619671086629","","","","","","","381-0038","長野県長野市大字東和田八幡堰北沖740-1","","","","","","","","","","","","","","","3100002002436","","","",""
"株式会社ショウエー","8149329615137","","","","","","","967-0004","福島県南会津郡南会津町田島田部原158","","","","","","","","","","","","","","","8021001019895","","","",""
"有限会社正栄","9544769896252","","","","","","","510-0263","三重県鈴鹿市郡山町33","","","","","","","","","","","","","","","6190002006418","","","",""
"匠叡技研株式会社","7658918771610","","","","","","","661-0975","兵庫県尼崎市下坂部三丁目7-7","","","","","","","","","","","","","","","7120001211577","","","",""
"株式会社松栄ゴム","4882370071935","","","","","","","104-0045","東京都中央区築地七丁目4-1 内田ビル","","","","","","","","","","","","","","","8010601023028","","","",""
"松栄ゴム工業株式会社","7420703214594","","","","","","","484-0061","愛知県犬山市大字前原東野畔2-2","","","","","","","","","","","","","","","7180001081040","","","",""
"有限会社昭栄ゴム製作所","8063372918565","","","","","","","131-0031","東京都墨田区墨田五丁目25-7","","","","","","","","","","","","","","","6010602011628","","","",""
"正栄産業株式会社","3042564012630","","","","","","","370-0006","群馬県高崎市問屋町三丁目6-6","","","","","","","","","","","","","","","2070001007234","","","",""
"昭英ポリマー株式会社","4692905724560","","","","","","","558-0043","大阪府大阪市住吉区墨江三丁目11-16","","","","","","","","","","","","","","","8120001032824","","","",""
"株式会社ショウエイワークス","5191529952919","","","","","","","230-0051","神奈川県横浜市鶴見区鶴見中央四丁目36-30","","","","","","","","","","","","","","","1020001017635","","","",""
"有限会社ショウシン","3603294283155","","","","","","","279-0043","千葉県浦安市富士見三丁目25-8","","","","","","","","","","","","","","","8040002041015","","","",""
"株式会社昌進","6801767420660","","","","","","","370-0851","群馬県高崎市上中居町284-1","","","","","","","","","","","","","","","1070001030088","","","",""
"株式会社小路","4114371756874","","","","","","","653-0044","兵庫県神戸市長田区南駒栄町4-18","","","","","","","","","","","","","","","1140001016245","","","",""
"株式会社庄内工業","1369234932121","","","","","","","431-1208","静岡県浜松市西区庄内町707-1","","","","","","","","","","","","","","","4080402003795","","","",""
"昭南ゴム工業株式会社","4209664594853","","","","","","","131-0041","東京都墨田区八広二丁目48-12","","","","","","","","","","","","","","","9010601010974","","","",""
"有限会社湘南ゴム工業所","1348902824535","","","","","","","239-0831","神奈川県横須賀市久里浜三丁目12-5","","","","","","","","","","","","","","","3021002064870","","","",""
"株式会社松風プロダクツ京都","1603066764994","","","","","","","613-0022","京都府久世郡久御山町市田新珠城21-1","","","","","","","","","","","","","","","4130001014692","","","",""
"有限会社ショウホウ","1460039159418","","","","","","","759-6602","山口県下関市大字蒲生野901-4","","","","","","","","","","","","","","","1250002009377","","","",""
"昭和アルファックス株式会社","8882819372431","","","","","","","330-0063","埼玉県さいたま市浦和区高砂二丁目8-16 浦和ガーデンビル8階","","","","","","","","","","","","","","","6011501016288","","","",""
"有限会社昭和化学工業所","8446517494385","","","","","","","519-0137","三重県亀山市阿野田町2171","","","","","","","","","","","","","","","3190002004705","","","",""
"昭和工業ゴム株式会社","5982108419051","","","","","","","542-0064","大阪府大阪市中央区上汐一丁目5-2","","","","","","","","","","","","","","","9120001081688","","","",""
"昭和ゴム株式会社","7003582636090","","","","","","","277-0872","千葉県柏市十余二348","","","","","","","","","","","","","","","5040001070174","","","",""
"昭和ゴム株式会社","2769715722741","","","","","","","333-0866","埼玉県川口市大字芝4478-4","","","","","","","","","","","","","","","3030001079383","","","",""
"昭和ゴム株式会社","4864489331788","","","","","","","849-0112","佐賀県三養基郡みやき町大字江口4834-24","","","","","","","","","","","","","","","3290001048981","","","",""
"株式会社昭和ゴム化学","7039821419710","","","","","","","125-0042","東京都葛飾区金町二丁目5-9","","","","","","","","","","","","","","","8011801001962","","","",""
"昭和ゴム機工株式会社","1088742552863","","","","","","","136-0071","東京都江東区亀戸一丁目16-8","","","","","","","","","","","","","","","6010601003915","","","",""
"昭和ゴム機材株式会社","9911249742008","","","","","","","125-0061","東京都葛飾区亀有五丁目3-12","","","","","","","","","","","","","","","7011801001963","","","",""
"昭和ゴム工業株式会社","1621489656692","","","","","","","276-0046","千葉県八千代市大和田新田388-19","","","","","","","","","","","","","","","8040001020837","","","",""
"昭和ゴム産業株式会社","4940166817853","","","","","","","581-0052","大阪府八尾市竹渕三丁目153","","","","","","","","","","","","","","","8122001018786","","","",""
"昭和精機株式会社","2717907484999","","","","","","","143-0004","東京都大田区昭和島二丁目4-1","","","","","","","","","","","","","","","8010801005668","","","",""
"昭和物産株式会社","3361462465616","","","","","","","131-0045","東京都墨田区押上三丁目50-10","","","","","","","","","","","","","","","6010601011661","","","",""
"株式会社ショーエイ","1368770058461","","","","","","","341-0034","埼玉県三郷市新和四丁目484-8","","","","","","","","","","","","","","","9030001039423","","","",""
"ショーワグローブ株式会社","7921817617457","","","","","","","670-0802","兵庫県姫路市砥堀565","","","","","","","","","","","","","","","1140001059426","","","",""
"株式会社白瀬パッキン","6018512773693","","","","","","","424-0832","静岡県静岡市清水区入江南町4-1","","","","","","","","","","","","","","","4080001008345","","","",""
"株式会社白塚ゴム工業所","5713132732950","","","","","","","577-0065","大阪府東大阪市高井田中二丁目4-25","","","","","","","","","","","","","","","8122001030007","","","",""
"白鳥ガスケット製造株式会社","2165478036445","","","","","","","384-0045","長野県小諸市大字滝原1676-1","","","","","","","","","","","","","","","4100001008474","","","",""
"白鳥パツキング製造株式会社","9775672806727","","","","","","","143-0016","東京都大田区大森北一丁目4-1","","","","","","","","","","","","","","","2010801005806","","","",""
"白峰工業株式会社","2467442480367","","","","","","","920-2501","石川県白山市白峰ヌ、34","","","","","","","","","","","","","","","2220001000025","","","",""
"株式会社シリコーンテクノ","9235502365632","","","","","","","340-0124","埼玉県幸手市大字上宇和田572-20","","","","","","","","","","","","","","","8030001033971","","","",""
"有限会社シール工業所","4333147489305","","","","","","","166-0016","東京都杉並区成田西一丁目21-2","","","","","","","","","","","","","","","1011302004439","","","",""
"シールドゴム機工株式会社","3969773508044","","","","","","","104-0052","東京都中央区月島三丁目3-11","","","","","","","","","","","","","","","5010001046664","","","",""
"シールメント株式会社","5612291043680","","","","","","","487-0015","愛知県春日井市気噴町北二丁目231","","","","","","","","","","","","","","","6180001074219","","","",""
"株式会社白井シーエムビー","1762230844091","","","","","","","270-2231","千葉県松戸市稔台一丁目23-6","","","","","","","","","","","","","","","8040001035785","","","",""
"有限会社白石工販","7328394941040","","","","","","","989-0232","宮城県白石市福岡長袋上畑ケ8-18","","","","","","","","","","","","","","","7370102002405","","","",""
"株式会社白石ゴム製作所","8581463541657","","","","","","","003-0834","北海道札幌市白石区北郷四条四丁目20-17","","","","","","","","","","","","","","","7430001008158","","","",""
"株式会社白井ポリマー","7205617304047","","","","","","","270-2231","千葉県松戸市稔台一丁目23-6","","","","","","","","","","","","","","","7040001035786","","","",""
"株式会社シ・ワールド","1751295681079","","","","","","","254-0014","神奈川県平塚市四之宮二丁目4-35","","","","","","","","","","","","","","","1021001036740","","","",""
"有限会社シンアイ産業","4864263965606","","","","","","","483-8069","愛知県江南市飛高町宮町1","","","","","","","","","","","","","","","3180002069237","","","",""
"株式会社新栄","9281332901835","","","","","","","273-0047","千葉県船橋市藤原三丁目29-21","","","","","","","","","","","","","","","7040001017495","","","",""
"神栄化工株式会社","7796578864120","","","","","","","654-0042","兵庫県神戸市須磨区小寺町一丁目1-17","","","","","","","","","","","","","","","3140001017539","","","",""
"有限会社新栄伎巧","9348237412642","","","","","","","455-0801","愛知県名古屋市港区小碓四丁目338","","","","","","","","","","","","","","","5180002043529","","","",""
"株式会社伸栄工業","9178876980216","","","","","","","501-2259","岐阜県山県市岩佐1858-1","","","","","","","","","","","","","","","2200001006593","","","",""
"信栄工業株式会社","3716847908002","","","","","","","540-0003","大阪府大阪市中央区森ノ宮中央一丁目9-18","","","","","","","","","","","","","","","2120001081744","","","",""
"株式会社神栄興業","9253698101155","","","","","","","653-0031","兵庫県神戸市長田区西尻池町二丁目5-6","","","","","","","","","","","","","","","8140001016172","","","",""
"伸栄合成株式会社","8923192205114","","","","","","","340-0835","埼玉県八潮市大字浮塚1066-13","","","","","","","","","","","","","","","6030001036068","","","",""
"信栄ゴム工業株式会社","8313070161743","","","","","","","504-0957","岐阜県各務原市金属団地20","","","","","","","","","","","","","","","9200001007189","","","",""
"有限会社清栄ゴム工業所","4989271970183","","","","","","","115-0043","東京都北区神谷三丁目3-3","","","","","","","","","","","","","","","3011502003255","","","",""
"有限会社真栄商会","2040248610997","","","","","","","232-0042","神奈川県横浜市南区堀ノ内町二丁目146-25","","","","","","","","","","","","","","","3020002030230","","","",""
"シンエイテクノ株式会社","3721374057703","","","","","","","652-0874","兵庫県神戸市兵庫区高松町2-28","","","","","","","","","","","","","","","5140001020367","","","",""
"信越工業株式会社","1379872618845","","","","","","","145-0074","東京都大田区東嶺町23-7","","","","","","","","","","","","","","","2010801005203","","","",""
"信越シンコーモールド株式会社","9829131746404","","","","","","","379-0127","群馬県安中市磯部二丁目13-1","","","","","","","","","","","","","","","2070001009932","","","",""
"信越シンコーモールド埼玉株式会社","7803152824755","","","","","","","355-0071","埼玉県東松山市大字新郷88-78","","","","","","","","","","","","","","","2030001070839","","","",""
"株式会社信越自動車商会","9028501620213","","","","","","","940-0856","新潟県長岡市美沢二丁目51-1","","","","","","","","","","","","","","","7110001022653","","","",""
"信越ポリマー株式会社","9087814845905","","","","","","","100-0004","東京都千代田区大手町一丁目1-3","","","","","","","","","","","","","","","4010001034802","","","",""
"シンカイゴム株式会社","6651173973178","","","","","","","392-0131","長野県諏訪市大字湖南4028-1","","","","","","","","","","","","","","","8100001018387","","","",""
"有限会社新九州タイヤ工業","2645079106558","","","","","","","803-0801","福岡県北九州市小倉北区西港町30-12","","","","","","","","","","","","","","","1290802003286","","","",""
"有限会社新琴海","2270068866003","","","","","","","851-3101","長崎県長崎市西海町1555-11","","","","","","","","","","","","","","","5310002002256","","","",""
"株式会社ＳＩＮＧ","2284462256287","","","","","","","830-0073","福岡県久留米市大善寺町宮本768-2","","","","","","","","","","","","","","","9290001056293","","","",""
"有限会社シンコー","1435275878078","","","","","","","583-0856","大阪府羽曳野市白鳥一丁目11-12","","","","","","","","","","","","","","","3120102018108","","","",""
"シンコー株式会社","6194113569291","","","","","","","581-0053","大阪府八尾市竹渕東三丁目147","","","","","","","","","","","","","","","8122001018811","","","",""
"株式会社シンコー","8931525417487","","","","","","","885-1203","宮崎県都城市高城町大井手1945-1","","","","","","","","","","","","","","","2350001008716","","","",""
"株式会社シンコウ","8924614536103","","","","","","","379-2214","群馬県伊勢崎市下触町1113-1","","","","","","","","","","","","","","","5070002019077","","","",""
"新光化学株式会社","7594995111340","","","","","","","654-0023","兵庫県神戸市須磨区戎町一丁目1-3","","","","","","","","","","","","","","","8140001028168","","","",""
"神港化学工業株式会社","8611453130500","","","","","","","651-2271","兵庫県神戸市西区高塚台三丁目1-48","","","","","","","","","","","","","","","8140001004838","","","",""
"新光ゴム工業株式会社","5945018767911","","","","","","","456-0056","愛知県名古屋市熱田区三番町4-25","","","","","","","","","","","","","","","7180001021970","","","",""
"伸幸ゴム工業株式会社","1760350197773","","","","","","","131-0041","東京都墨田区八広六丁目5-6","","","","","","","","","","","","","","","1010601012235","","","",""
"親宏ゴム工業株式会社","4098887341144","","","","","","","110-0015","東京都台東区東上野六丁目12-1 1F","","","","","","","","","","","","","","","7010501031734","","","",""
"伸光ゴム工業株式会社","1675238535070","","","","","","","124-0011","東京都葛飾区四つ木一丁目35-14","","","","","","","","","","","","","","","5011801002022","","","",""
"有限会社新興ゴム工業所","3634195029681","","","","","","","444-2201","愛知県豊田市坂上町入洞16","","","","","","","","","","","","","","","7180302022255","","","",""
"有限会社新幸産業","7084511090871","","","","","","","652-0884","兵庫県神戸市兵庫区和田山通一丁目2-25","","","","","","","","","","","","","","","6140002008633","","","",""
"伸幸産業有限会社","6648971699740","","","","","","","720-0004","広島県福山市御幸町大字中津原1898-9","","","","","","","","","","","","","","","7240002041169","","","",""
"株式会社新晃製作所","4572503410315","","","","","","","457-0007","愛知県名古屋市南区駈上一丁目8-3","","","","","","","","","","","","","","","1180001056080","","","",""
"有限会社シンコー商事","4011698788166","","","","","","","700-0953","岡山県岡山市南区西市378-4","","","","","","","","","","","","","","","4260002004795","","","",""
"株式会社シンコーテック","4850056616573","","","","","","","547-0022","大阪府大阪市平野区瓜破東四丁目2-27","","","","","","","","","","","","","","","4120001020469","","","",""
"有限会社新坂加工","5325472496713","","","","","","","720-1901","広島県神石郡神石高原町小野1201-6","","","","","","","","","","","","","","","8240002046126","","","",""
"株式会社新山加工","6755529182216","","","","","","","358-0055","埼玉県入間市大字新光235","","","","","","","","","","","","","","","5030001097689","","","",""
"株式会社信州輸入タイヤ","4384620035389","","","","","","","399-4601","長野県上伊那郡箕輪町大字中箕輪3010-1","","","","","","","","","","","","","","","8100001021523","","","",""
"神商ロール株式会社","9300278633159","","","","","","","650-0033","兵庫県神戸市中央区江戸町91","","","","","","","","","","","","","","","5140001020144","","","",""
"株式会社新星","3611871129104","","","","","","","354-0045","埼玉県入間郡三芳町大字上富2036-1","","","","","","","","","","","","","","","3030001056390","","","",""
"株式会社神星","7122502779791","","","","","","","448-0033","愛知県刈谷市丸田町三丁目5","","","","","","","","","","","","","","","9180301014094","","","",""
"株式会社新生ゴム","2982104150825","","","","","","","061-1270","北海道北広島市大曲519-4","","","","","","","","","","","","","","","1430001033491","","","",""
"新生ゴム工業株式会社","2654730216695","","","","","","","125-0051","東京都葛飾区新宿二丁目17-15","","","","","","","","","","","","","","","6011801002062","","","",""
"真晟産業株式会社","3443680276705","","","","","","","110-0003","東京都台東区根岸四丁目17-5","","","","","","","","","","","","","","","4010501033097","","","",""
"新誠産業株式会社","8260671286541","","","","","","","111-0055","東京都台東区三筋二丁目17-7","","","","","","","","","","","","","","","7011301003163","","","",""
"有限会社新聖パーツ","7210978792527","","","","","","","876-0834","大分県佐伯市城南町395","","","","","","","","","","","","","","","4320002016784","","","",""
"有限会社新生パッキング製作所","3817741612450","","","","","","","111-0031","東京都台東区千束三丁目12-2","","","","","","","","","","","","","","","2010502005097","","","",""
"有限会社新東加工","1692713048359","","","","","","","300-0724","茨城県稲敷市八筋川79-1","","","","","","","","","","","","","","","8050002034587","","","",""
"新日本エスライト工業株式会社","3474785348998","","","","","","","116-0014","東京都荒川区東日暮里六丁目55-11","","","","","","","","","","","","","","","7011501006899","","","",""
"有限会社新日本防水","6912489279433","","","","","","","379-2201","群馬県伊勢崎市間野谷町852-4","","","","","","","","","","","","","","","9070002021351","","","",""
"有限会社神明","6419041593468","","","","","","","653-0841","兵庫県神戸市長田区松野通二丁目3 千代田株式会社ビル別館2F","","","","","","","","","","","","","","","9140002008655","","","",""
"有限会社神明化工","1396953283502","","","","","","","654-0153","兵庫県神戸市須磨区南落合一丁目5-3","","","","","","","","","","","","","","","3140002007365","","","",""
"有限会社新明機工","1551821389762","","","","","","","490-1202","愛知県あま市富塚七反地47-1","","","","","","","","","","","","","","","8180002092036","","","",""
"有限会社伸明工業","7746064069010","","","","","","","431-3423","静岡県浜松市天竜区渡ケ島1520","","","","","","","","","","","","","","","9080402016396","","","",""
"株式会社信明産業","9173927616676","","","","","","","143-0006","東京都大田区平和島六丁目1-1","","","","","","","","","","","","","","","8010801005478","","","",""
"新陽ゴム工業株式会社","9295090431091","","","","","","","124-0013","東京都葛飾区東立石二丁目16-4","","","","","","","","","","","","","","","7011801002169","","","",""
"有限会社新立産業","1468811117956","","","","","","","447-0865","愛知県碧南市浅間町四丁目116-4","","","","","","","","","","","","","","","1180302020041","","","",""
"有限会社シンワ","5489810019181","","","","","","","651-2228","兵庫県神戸市西区見津が丘二丁目1-7","","","","","","","","","","","","","","","2140002004685","","","",""
"株式会社信和","2455294342212","","","","","","","556-0016","大阪府大阪市浪速区元町二丁目10-6","","","","","","","","","","","","","","","3120001107671","","","",""
"株式会社信和化学","4371068661545","","","","","","","004-0863","北海道札幌市清田区北野三条三丁目5-6","","","","","","","","","","","","","","","2430001008179","","","",""
"伸和化工株式会社","1058843457809","","","","","","","370-3531","群馬県高崎市足門町39-2","","","","","","","","","","","","","","","7070001009457","","","",""
"親和工業株式会社","4572617491412","","","","","","","577-0066","大阪府東大阪市高井田本通三丁目3-8","","","","","","","","","","","","","","","5122001003601","","","",""
"有限会社新和ゴム","3019951071689","","","","","","","731-3701","広島県山県郡安芸太田町大字上筒賀244","","","","","","","","","","","","","","","7240002029775","","","",""
"神和ゴム工業株式会社","5173981007943","","","","","","","242-0014","神奈川県大和市上和田2740-3","","","","","","","","","","","","","","","7021001025390","","","",""
"新和ゴム工業株式会社","9140752319132","","","","","","","144-0031","東京都大田区東蒲田二丁目16-10","","","","","","","","","","","","","","","7010801005792","","","",""
"株式会社伸和商事","8761007359409","","","","","","","322-0027","栃木県鹿沼市貝島町456","","","","","","","","","","","","","","","1060001010446","","","",""
"シンワピーケージー株式会社","8348194937865","","","","","","","120-0022","東京都足立区柳原一丁目22-28","","","","","","","","","","","","","","","7011801008827","","","",""
"株式会社ＧＥＮＫＩＩ","4781734000623","","","","","","","986-0202","宮城県石巻市北上町橋浦大須77","","","","","","","","","","","","","","","5370001040986","","","",""
"ジイワイ四国販売株式会社","9327559951508","","","","","","","781-8134","高知県高知市一宮中町三丁目10-3","","","","","","","","","","","","","","","6490001001281","","","",""
"株式会社Ｊ＆Ｃ","9836368122943","","","","","","","342-0058","埼玉県吉川市きよみ野二丁目17-8","","","","","","","","","","","","","","","1030001065443","","","",""
"ＪＡ全農Ａコープ株式会社","3083855113217","","","","","","","222-0033","神奈川県横浜市港北区新横浜三丁目2-3 EPICTOWERSHINYOKOHAMA8F","","","","","","","","","","","","","","","5140001023997","","","",""
"株式会社ＪＦＰ技研","4526698094111","","","","","","","550-0027","大阪府大阪市西区九条一丁目23-14 豊栄ビル203","","","","","","","","","","","","","","","5120001109170","","","",""
"株式会社ジェイエンドジェイコーポレーション","9950327625589","","","","","","","662-0024","兵庫県西宮市名次町12-40","","","","","","","","","","","","","","","3120001064806","","","",""
"株式会社ジェイテクトシーリングテクノ","4361194142441","","","","","","","771-1262","徳島県板野郡藍住町笠木西野39","","","","","","","","","","","","","","","9480001005413","","","",""
"株式会社ジェイテクトフルードパワーシステム","6083251646018","","","","","","","444-3512","愛知県岡崎市鉢地町開山45","","","","","","","","","","","","","","","3180301001461","","","",""
"株式会社ＪＵＣＯ．ｄｅｓｉｇｎ　ｒｏｏｍ","6860917981794","","","","","","","111-0025","東京都台東区東浅草一丁目9-4","","","","","","","","","","","","","","","3010901034794","","","",""
"ＧＳＩマルロンテックス株式会社","7696163199925","","","","","","","103-0005","東京都中央区日本橋久松町9-9 FRAME日本橋ビル2階","","","","","","","","","","","","","","","9010501012947","","","",""
"ジーエスアンドティー株式会社","5292264483894","","","","","","","187-0043","東京都小平市学園東町一丁目2-13 402号","","","","","","","","","","","","","","","3012701010827","","","",""
"有限会社ジェーズファクトリー","5842514794775","","","","","","","244-0803","神奈川県横浜市戸塚区平戸町1154-2 hagu組む東戸塚106号","","","","","","","","","","","","","","","4021002010865","","","",""
"株式会社ジオテックス","1242893403021","","","","","","","247-0055","神奈川県鎌倉市小袋谷一丁目1-6 三美ビル2階","","","","","","","","","","","","","","","2010001046353","","","",""
"ジーテイーエスタイヤサービス株式会社","5506692193665","","","","","","","870-1133","大分県大分市大字宮崎1384-1","","","","","","","","","","","","","","","1320001001328","","","",""
"ジーティースーツ株式会社","3045534652865","","","","","","","236-0057","神奈川県横浜市金沢区能見台五丁目14-6","","","","","","","","","","","","","","","3020001098913","","","",""
"株式会社ＧＤ","7116275482765","","","","","","","174-0046","東京都板橋区蓮根三丁目23-18","","","","","","","","","","","","","","","4011401010632","","","",""
"有限会社ＧＰ　Ｏｆｆｉｃｅ","7954694883411","","","","","","","990-0073","山形県山形市大野目一丁目4-5 ハウス大野目205号","","","","","","","","","","","","","","","5390002003775","","","",""
"株式会社ジポン","5268798018150","","","","","","","640-1121","和歌山県海草郡紀美野町下佐々1024-2","","","","","","","","","","","","","","","3170001005961","","","",""
"ジーモスジャパン株式会社","7842173375484","","","","","","","130-0004","東京都墨田区本所一丁目11-14","","","","","","","","","","","","","","","3010501029591","","","",""
"株式会社Ｊａｙ　Ｊａｙ　Ｊａｐａｎ","6396471368695","","","","","","","654-0025","兵庫県神戸市須磨区寺田町一丁目3-19","","","","","","","","","","","","","","","2140001092203","","","",""
"ＪＡＳＩ株式会社","9493943286104","","","","","","","594-1144","大阪府和泉市テクノステージ二丁目1-13","","","","","","","","","","","","","","","3120101047173","","","",""
"ジャスカット株式会社","7967589435653","","","","","","","538-0041","大阪府大阪市鶴見区今津北四丁目3-27","","","","","","","","","","","","","","","3122001012538","","","",""
"ジャスティン株式会社","1149611157805","","","","","","","799-0101","愛媛県四国中央市川之江町3125-3","","","","","","","","","","","","","","","1500001014815","","","",""
"ジャスティンジャスト株式会社","7206216592489","","","","","","","799-0101","愛媛県四国中央市川之江町3125-3","","","","","","","","","","","","","","","2500001015201","","","",""
"有限会社ジャストシール","1588763842819","","","","","","","550-0027","大阪府大阪市西区九条一丁目29-7","","","","","","","","","","","","","","","5120002044755","","","",""
"ジャバラ産業株式会社","7309658032383","","","","","","","460-0022","愛知県名古屋市中区金山二丁目4-10","","","","","","","","","","","","","","","1180001025738","","","",""
"株式会社ジャバラワークス","7899887018374","","","","","","","541-0053","大阪府大阪市中央区本町三丁目5-7 御堂筋本町ビル4階","","","","","","","","","","","","","","","8120001051972","","","",""
"ジャパントラスティ株式会社","6010370346782","","","","","","","467-0861","愛知県名古屋市瑞穂区二野町4-11","","","","","","","","","","","","","","","5180001050187","","","",""
"株式会社ジャムコ　エアロテック","7391343494734","","","","","","","181-0015","東京都三鷹市大沢六丁目11-25","","","","","","","","","","","","","","","4012401012544","","","",""
"株式会社ジャンクションプロデュース","2536917978556","","","","","","","586-0077","大阪府河内長野市南花台一丁目7-1","","","","","","","","","","","","","","","8120101033763","","","",""
"重機高圧ホース株式会社","3409992098199","","","","","","","640-0332","和歌山県和歌山市冬野1275-1","","","","","","","","","","","","","","","7170001001536","","","",""
"十字屋ゴム株式会社","7973758376592","","","","","","","332-0001","埼玉県川口市朝日二丁目5-17","","","","","","","","","","","","","","","5030001075439","","","",""
"株式会社ジュウロック","1739471964579","","","","","","","556-0016","大阪府大阪市浪速区元町一丁目5-7 ナンバプラザビル5階","","","","","","","","","","","","","","","8120001193749","","","",""
"株式会社上越高圧","9773981179789","","","","","","","942-0063","新潟県上越市下門前2296","","","","","","","","","","","","","","","6110001020071","","","",""
"常幸株式会社","4584093495423","","","","","","","598-0002","大阪府泉佐野市中庄316","","","","","","","","","","","","","","","2120101039758","","","",""
"城東化成株式会社","9571501459212","","","","","","","692-0031","島根県安来市佐久保町496-1","","","","","","","","","","","","","","","4120001001956","","","",""
"株式会社城東製作所","6857046308181","","","","","","","538-0052","大阪府大阪市鶴見区横堤四丁目3-22","","","","","","","","","","","","","","","1120001001950","","","",""
"城南化成株式会社","3461384938431","","","","","","","543-0028","大阪府大阪市天王寺区小橋町7-10","","","","","","","","","","","","","","","8120001023773","","","",""
"有限会社城南ゴム工業","7215006545616","","","","","","","300-1223","茨城県牛久市城中町62","","","","","","","","","","","","","","","8050002037722","","","",""
"株式会社城南ゴム製作所","4719730238771","","","","","","","144-0055","東京都大田区仲六郷一丁目33-2","","","","","","","","","","","","","","","2010801005013","","","",""
"常武ゴム株式会社","4804737553996","","","","","","","115-0056","東京都北区西が丘三丁目17-17 一803","","","","","","","","","","","","","","","6011501013954","","","",""
"城北護謨株式会社","3139601716539","","","","","","","174-0063","東京都板橋区前野町五丁目34-5","","","","","","","","","","","","","","","1011401003201","","","",""
"城北ゴム製造販売株式会社","5396982562254","","","","","","","114-0003","東京都北区豊島三丁目14-9","","","","","","","","","","","","","","","8011501001949","","","",""
"株式会社常陽産業","1184863924534","","","","","","","334-0074","埼玉県川口市江戸三丁目33-15","","","","","","","","","","","","","","","4030001081719","","","",""
"ジー・ワイ庄内販売株式会社","1691958555977","","","","","","","998-0875","山形県酒田市東町一丁目20-11","","","","","","","","","","","","","","","1390002007482","","","",""
"神中パツキング株式会社","2741740385826","","","","","","","243-0013","神奈川県厚木市泉町6-10","","","","","","","","","","","","","","","1021001019885","","","",""
"スカイジャパンコーポレーション株式会社","1603240287457","","","","","","","541-0042","大阪府大阪市中央区今橋四丁目1-1 淀屋橋三井ビルディング4階","","","","","","","","","","","","","","","7120001104509","","","",""
"須賀ゴム工業株式会社","2264100600749","","","","","","","132-0013","東京都江戸川区江戸川三丁目14","","","","","","","","","","","","","","","9011701004214","","","",""
"株式会社菅沼パッキング製作所","9120767727105","","","","","","","132-0033","東京都江戸川区東小松川四丁目25-6","","","","","","","","","","","","","","","9011701018296","","","",""
"株式会社菅原護謨工業所","6840501493503","","","","","","","110-0012","東京都台東区竜泉二丁目14-9","","","","","","","","","","","","","","","1010501006147","","","",""
"株式会社杉浦工業","9251370147018","","","","","","","446-0019","愛知県安城市新明町28-8","","","","","","","","","","","","","","","3180301013003","","","",""
"有限会社杉善商店","3457847932794","","","","","","","025-0073","岩手県花巻市一日市2-2","","","","","","","","","","","","","","","4400002008204","","","",""
"株式会社スギタ","5558821439751","","","","","","","514-1134","三重県津市久居旅籠町1322","","","","","","","","","","","","","","","2190001001332","","","",""
"有限会社杉田コルク","6241934741513","","","","","","","355-0324","埼玉県比企郡小川町大字青山1232","","","","","","","","","","","","","","","5030002097473","","","",""
"株式会社杉野ゴム化学工業所","2032541471758","","","","","","","125-0063","東京都葛飾区白鳥一丁目4-9","","","","","","","","","","","","","","","4011801002320","","","",""
"杉村部品株式会社","2538950655151","","","","","","","812-0004","福岡県福岡市博多区榎田二丁目3-48","","","","","","","","","","","","","","","3290001013985","","","",""
"杉本ゴム株式会社","4020316665651","","","","","","","586-0048","大阪府河内長野市三日市町416-6","","","","","","","","","","","","","","","7120001023907","","","",""
"有限会社杉本精工","8522764405579","","","","","","","930-0214","富山県中新川郡立山町五百石156","","","","","","","","","","","","","","","7230002007212","","","",""
"有限会社杉本パイプ","6803883906490","","","","","","","438-0077","静岡県磐田市国府台366-1","","","","","","","","","","","","","","","6080402020979","","","",""
"株式会社杉山工業","1590159177447","","","","","","","969-1204","福島県本宮市糠沢二斗内226-1","","","","","","","","","","","","","","","8380001009714","","","",""
"杉山商店株式会社","8213173701971","","","","","","","445-0016","愛知県西尾市下永良町鎮守21","","","","","","","","","","","","","","","3180301022532","","","",""
"有限会社杉山商店","6788033442028","","","","","","","781-0014","高知県高知市薊野南町22-5","","","","","","","","","","","","","","","4490002002561","","","",""
"鈴木機械株式会社","5282617002288","","","","","","","515-0812","三重県松阪市船江町861-9","","","","","","","","","","","","","","","1190001010284","","","",""
"有限会社鈴英工業","8153111561707","","","","","","","452-0836","愛知県名古屋市西区新木町24","","","","","","","","","","","","","","","5180002023670","","","",""
"有限会社スズエ製作所","2351124659669","","","","","","","243-0301","神奈川県愛甲郡愛川町角田625-1","","","","","","","","","","","","","","","8021002034118","","","",""
"株式会社鈴鹿エラストマー","6028785903336","","","","","","","513-0015","三重県鈴鹿市木田町1172","","","","","","","","","","","","","","","6190001005107","","","",""
"有限会社スズカケ","1003251225589","","","","","","","421-0512","静岡県牧之原市大江1528","","","","","","","","","","","","","","","2080002014897","","","",""
"鈴鹿ゴム株式会社","6679066866733","","","","","","","513-0806","三重県鈴鹿市算所三丁目18-23","","","","","","","","","","","","","","","2190001005102","","","",""
"スズカ繊維工業株式会社","8947426748724","","","","","","","527-0132","滋賀県東近江市下一色町622-1","","","","","","","","","","","","","","","2160001010501","","","",""
"有限会社鈴木工業","4605582181763","","","","","","","485-0825","愛知県小牧市大字下末1636-9","","","","","","","","","","","","","","","2180002069279","","","",""
"鈴木工業株式会社","8778720898270","","","","","","","492-8357","愛知県稲沢市一色道上町56-1","","","","","","","","","","","","","","","6180001086932","","","",""
"株式会社スズキゴム","2533770316630","","","","","","","444-1336","愛知県高浜市呉竹町七丁目1-19","","","","","","","","","","","","","","","5180301015798","","","",""
"有限会社鈴木ゴム","6305682306375","","","","","","","441-8154","愛知県豊橋市西高師町白山94","","","","","","","","","","","","","","","5180302008017","","","",""
"鈴木ゴム株式会社","4932536540170","","","","","","","131-0032","東京都墨田区東向島六丁目3-8","","","","","","","","","","","","","","","1010601012697","","","",""
"有限会社鈴木ゴム工業所","7708328474479","","","","","","","306-0611","茨城県坂東市神田山新田107","","","","","","","","","","","","","","","8050002019935","","","",""
"有限会社鈴木ゴム工業所","2704119865429","","","","","","","124-0014","東京都葛飾区東四つ木一丁目6-20","","","","","","","","","","","","","","","9011802021810","","","",""
"株式会社鈴木ゴム商店","4026076330539","","","","","","","440-0836","愛知県豊橋市飯村町東川1-13","","","","","","","","","","","","","","","7180301008759","","","",""
"有限会社スズキ商工","3981473529098","","","","","","","136-0071","東京都江東区亀戸三丁目2-12","","","","","","","","","","","","","","","1010602003852","","","",""
"有限会社鈴木商店","1550777737997","","","","","","","130-0002","東京都墨田区業平二丁目10-2","","","","","","","","","","","","","","","8010602016724","","","",""
"有限会社鈴木製作所","9509712733749","","","","","","","170-0005","東京都豊島区南大塚一丁目60-16","","","","","","","","","","","","","","","1013302005202","","","",""
"株式会社鈴木製作所","3403249766022","","","","","","","481-0046","愛知県北名古屋市石橋郷259","","","","","","","","","","","","","","","7180001045895","","","",""
"有限会社鈴木製作所","8844375309282","","","","","","","393-0000","長野県諏訪郡下諏訪町10616-74","","","","","","","","","","","","","","","2100002028424","","","",""
"有限会社鈴木製作所","5735845033993","","","","","","","399-2221","長野県飯田市龍江5512-7","","","","","","","","","","","","","","","4100002036581","","","",""
"株式会社鈴木ラテックス","4597873424423","","","","","","","285-0813","千葉県佐倉市石川591-10","","","","","","","","","","","","","","","3040001010157","","","",""
"有限会社鈴康産業","9494914754558","","","","","","","124-0013","東京都葛飾区東立石四丁目19-3","","","","","","","","","","","","","","","5011802004125","","","",""
"鈴与ワークス株式会社","9081855878981","","","","","","","480-0132","愛知県丹羽郡大口町秋田一丁目100-1","","","","","","","","","","","","","","","5180001081067","","","",""
"株式会社スズラン","9002411897998","","","","","","","653-0045","兵庫県神戸市長田区駒ケ林南町1-80","","","","","","","","","","","","","","","9140001016287","","","",""
"スターコックス株式会社","7466078739413","","","","","","","873-0511","大分県国東市国東町小原4200-5","","","","","","","","","","","","","","","4320001008270","","","",""
"スターパツキング工業株式会社","9467974213314","","","","","","","555-0012","大阪府大阪市西淀川区御幣島六丁目16-32","","","","","","","","","","","","","","","1120001049841","","","",""
"有限会社ｓｃｈａｌｌａ","7096613970225","","","","","","","167-0042","東京都杉並区西荻北四丁目1-16 マンションマングローブ101号","","","","","","","","","","","","","","","5011302011753","","","",""
"株式会社ストロング","3565109141696","","","","","","","116-0002","東京都荒川区荒川四丁目1-4","","","","","","","","","","","","","","","8011501007112","","","",""
"ストロングラバー工業株式会社","1726178392936","","","","","","","456-0053","愛知県名古屋市熱田区一番一丁目7-2","","","","","","","","","","","","","","","6180001022053","","","",""
"ブリヂストン化工品ジャパン株式会社","2940612809893","","","","","","","244-0812","神奈川県横浜市戸塚区柏尾町1 化工品技術センター6階","","","","","","","","","","","","","","","4010401094207","","","",""
"株式会社須藤シール","2478030951054","","","","","","","105-0001","東京都港区虎ノ門一丁目11-15","","","","","","","","","","","","","","","9010401074716","","","",""
"有限会社砂辺テント","2638086126532","","","","","","","904-2244","沖縄県うるま市字江洲383","","","","","","","","","","","","","","","5360002013389","","","",""
"スバルゴム工業株式会社","7995820542259","","","","","","","131-0043","東京都墨田区立花三丁目19-13","","","","","","","","","","","","","","","7010601010976","","","",""
"スミクラ株式会社","4253069021946","","","","","","","700-0954","岡山県岡山市南区米倉37-3","","","","","","","","","","","","","","","8260001021400","","","",""
"有限会社角商会","8968957988322","","","","","","","460-0002","愛知県名古屋市中区丸の内一丁目1-6","","","","","","","","","","","","","","","3180002031394","","","",""
"有限会社隅田工革製作所","2681669745853","","","","","","","136-0071","東京都江東区亀戸三丁目44-2","","","","","","","","","","","","","","","6010602016635","","","",""
"株式会社スミテック","7272330068700","","","","","","","578-0932","大阪府東大阪市玉串町東三丁目5-32","","","","","","","","","","","","","","","4122001003742","","","",""
"有限会社スミテック","8087164783626","","","","","","","491-0865","愛知県一宮市印田通四丁目31-3","","","","","","","","","","","","","","","8180002076666","","","",""
"住友ゴム工業株式会社","7512895379415","","","","","","","651-0072","兵庫県神戸市中央区脇浜町三丁目6-9","","","","","","","","","","","","","","","6140001008691","","","",""
"住友電工ファインポリマー株式会社","4317303514027","","","","","","","590-0458","大阪府泉南郡熊取町朝代西一丁目950","","","","","","","","","","","","","","","6120101040423","","","",""
"住友理工株式会社","1532867603872","","","","","","","450-0002","愛知県名古屋市中村区名駅一丁目1-1 JPタワー名古屋","","","","","","","","","","","","","","","6180001076207","","","",""
"住友理工ホーステックス株式会社","7494001207512","","","","","","","623-0117","京都府綾部市とよさか町1","","","","","","","","","","","","","","","8130001052268","","","",""
"株式会社スミヤゴム","4316125199868","","","","","","","447-0843","愛知県碧南市西浜町一丁目59","","","","","","","","","","","","","","","5180301022167","","","",""
"株式会社住理工大分ＡＥ","5852924506002","","","","","","","879-0600","大分県豊後高田市かなえ台1","","","","","","","","","","","","","","","5320001007833","","","",""
"株式会社住理工九州","5279824233182","","","","","","","879-0600","大分県豊後高田市かなえ台33","","","","","","","","","","","","","","","6320001008054","","","",""
"住理工山形株式会社","8513201243266","","","","","","","992-1128","山形県米沢市八幡原三丁目4452-33","","","","","","","","","","","","","","","4180001118480","","","",""
"ＳＭＯＯＳ株式会社","5935131403110","","","","","","","337-0005","埼玉県さいたま市見沼区大字小深作438-3","","","","","","","","","","","","","","","5030001136983","","","",""
"合名会社スヤマゴム商店","6572028941600","","","","","","","652-0822","兵庫県神戸市兵庫区西出町二丁目3-25","","","","","","","","","","","","","","","3140003000526","","","",""
"スリーエムジャパンプロダクツ株式会社","3032437844017","","","","","","","141-0001","東京都品川区北品川六丁目7-29 ガーデンシティ品川御殿山2F","","","","","","","","","","","","","","","3390001009478","","","",""
"有限会社諏訪製作所","2094669901395","","","","","","","132-0021","東京都江戸川区中央一丁目15-16","","","","","","","","","","","","","","","5011702006337","","","",""
"西遠ゴム工業株式会社","2674863243106","","","","","","","438-0231","静岡県磐田市豊岡6988-1","","","","","","","","","","","","","","","7080401016341","","","",""
"株式会社正貴ラバー・コンパウンズ","3005499023929","","","","","","","585-0044","大阪府南河内郡千早赤阪村大字森屋510-1","","","","","","","","","","","","","","","3120101031549","","","",""
"株式会社整研出版社","6187803520762","","","","","","","106-0032","東京都港区六本木四丁目3-6","","","","","","","","","","","","","","","7010401038086","","","",""
"株式会社精工化学工業所","6048896085437","","","","","","","584-0036","大阪府富田林市甲田三丁目10-58","","","","","","","","","","","","","","","6120101030952","","","",""
"成光工業株式会社","4993365467191","","","","","","","664-0842","兵庫県伊丹市森本七丁目113","","","","","","","","","","","","","","","5140001078496","","","",""
"有限会社精工パッキング","5439851083698","","","","","","","125-0054","東京都葛飾区高砂三丁目28-18","","","","","","","","","","","","","","","3011802004275","","","",""
"有限会社セイコー産業","4182818397457","","","","","","","361-0007","埼玉県行田市大字小見44-1","","","","","","","","","","","","","","","1030002117895","","","",""
"有限会社西三ゴム工業","4269417524344","","","","","","","444-0423","愛知県西尾市一色町一色東前新田47","","","","","","","","","","","","","","","2180302027011","","","",""
"勢進産業株式会社","9323945966044","","","","","","","511-0283","三重県いなべ市大安町南金井馬盥2746-5","","","","","","","","","","","","","","","3190001012898","","","",""
"盛上ゴム工業株式会社","2109347506116","","","","","","","290-0055","千葉県市原市五井東一丁目22-8","","","","","","","","","","","","","","","4040001054120","","","",""
"成美工業株式会社","5926727604000","","","","","","","716-0121","岡山県高梁市成羽町成羽2952-1","","","","","","","","","","","","","","","8260001018974","","","",""
"西武ポリマ化成株式会社","1100673670630","","","","","","","103-0027","東京都中央区日本橋三丁目8-2","","","","","","","","","","","","","","","4010001113192","","","",""
"有限会社誠文堂","8500338028742","","","","","","","144-0031","東京都大田区東蒲田二丁目27-9","","","","","","","","","","","","","","","5010802007963","","","",""
"誠和株式会社","4567827895434","","","","","","","457-0067","愛知県名古屋市南区上浜町171","","","","","","","","","","","","","","","1180001014724","","","",""
"株式会社誠和","5844438293726","","","","","","","483-8259","愛知県江南市上奈良町天王180","","","","","","","","","","","","","","","7180001088052","","","",""
"株式会社成和","3369586536738","","","","","","","653-0038","兵庫県神戸市長田区若松町八丁目4-13","","","","","","","","","","","","","","","9150001014208","","","",""
"誠和化工株式会社","3360949590350","","","","","","","578-0944","大阪府東大阪市若江西新町四丁目9-3","","","","","","","","","","","","","","","7122001003995","","","",""
"成和工業株式会社","6987114447926","","","","","","","132-0025","東京都江戸川区松江二丁目11-17","","","","","","","","","","","","","","","4011701004375","","","",""
"正和産業株式会社","4921891259391","","","","","","","649-0304","和歌山県有田市箕島812-9","","","","","","","","","","","","","","","9170001007358","","","",""
"有限会社清和樹脂","2771744662892","","","","","","","663-8241","兵庫県西宮市津門大塚町9-20","","","","","","","","","","","","","","","2140002056917","","","",""
"青和ポリマー株式会社","6344210443946","","","","","","","305-0861","茨城県つくば市谷田部15-1","","","","","","","","","","","","","","","3050001028231","","","",""
"株式会社関口ゴム製造所","5226380099919","","","","","","","116-0002","東京都荒川区荒川二丁目28-7","","","","","","","","","","","","","","","2011501007175","","","",""
"有限会社関工業","2328042399383","","","","","","","501-3936","岐阜県関市倉知2535-16","","","","","","","","","","","","","","","3200002018835","","","",""
"有限会社セキサンポリマー","8664609575203","","","","","","","336-0035","埼玉県さいたま市南区松本四丁目15-12","","","","","","","","","","","","","","","4030002007664","","","",""
"積水ポリマテック株式会社","1980493124996","","","","","","","338-0837","埼玉県さいたま市桜区田島八丁目10-1","","","","","","","","","","","","","","","8010001150257","","","",""
"有限会社関本ゴム製作所","2898668046627","","","","","","","179-0081","東京都練馬区北町二丁目32-7","","","","","","","","","","","","","","","6011602011436","","","",""
"有限会社セーショーゴム","9221523419735","","","","","","","411-0901","静岡県駿東郡清水町新宿186-4","","","","","","","","","","","","","","","9080102010682","","","",""
"合同会社瀬戸工作所","6015318462538","","","","","","","796-8008","愛媛県八幡浜市栗野浦574","","","","","","","","","","","","","","","7500003000881","","","",""
"株式会社せーの","6842600387866","","","","","","","150-0033","東京都渋谷区猿楽町11-6 サンローゼ代官山4階","","","","","","","","","","","","","","","5013201017848","","","",""
"セパック工業株式会社","9605518306263","","","","","","","143-0016","東京都大田区大森北二丁目9-2","","","","","","","","","","","","","","","4010801006240","","","",""
"株式会社世美庵","7998605318005","","","","","","","355-0324","埼玉県比企郡小川町大字青山1575-2","","","","","","","","","","","","","","","6030001071544","","","",""
"株式会社ライトラバー工業","7217978425304","","","","","","","470-1112","愛知県豊明市新田町村合54-1","","","","","","","","","","","","","","","7180001107571","","","",""
"株式会社芹沢ゴム工業","5415881926419","","","","","","","311-3422","茨城県小美玉市中延2199-5","","","","","","","","","","","","","","","6050001012307","","","",""
"セルキ工業株式会社","3700026502969","","","","","","","547-0001","大阪府大阪市平野区加美北三丁目1-14","","","","","","","","","","","","","","","1120001017856","","","",""
"株式会社セルコ","7767468007164","","","","","","","444-0912","愛知県岡崎市井田西町7-11","","","","","","","","","","","","","","","5180301001261","","","",""
"株式会社千寿ラバー","4378381568567","","","","","","","123-0851","東京都足立区梅田三丁目21-13","","","","","","","","","","","","","","","2011801009103","","","",""
"有限会社セントラルゴム","4711508162877","","","","","","","518-0014","三重県伊賀市西条35-3","","","","","","","","","","","","","","","1190002012206","","","",""
"セントラルゴム工業株式会社","5074565703701","","","","","","","456-0011","愛知県名古屋市熱田区花町1-20","","","","","","","","","","","","","","","4180001022071","","","",""
"ゼオンポリミクス株式会社","9663442067274","","","","","","","520-2272","滋賀県大津市石居一丁目11-1","","","","","","","","","","","","","","","4160001004641","","","",""
"善明工業株式会社","3581737827746","","","","","","","590-0831","大阪府堺市堺区出島西町3-20","","","","","","","","","","","","","","","2120101004357","","","",""
"有限会社創榮","4121509417875","","","","","","","709-2551","岡山県加賀郡吉備中央町下土井172","","","","","","","","","","","","","","","7260002011921","","","",""
"有限会社双伸合成","5262299963263","","","","","","","447-0841","愛知県碧南市塩浜町一丁目21-5","","","","","","","","","","","","","","","1180302020090","","","",""
"有限会社相馬ゴム製作所","9345772143092","","","","","","","124-0001","東京都葛飾区小菅三丁目10-33","","","","","","","","","","","","","","","7011802004437","","","",""
"株式会社相立ゴム製作所","4066991704333","","","","","","","111-0042","東京都台東区寿二丁目8-7","","","","","","","","","","","","","","","7010501006892","","","",""
"有限会社添島パッキング","5482129006199","","","","","","","341-0037","埼玉県三郷市高州三丁目177-10","","","","","","","","","","","","","","","6030002049192","","","",""
"曾我産業株式会社","7163791368202","","","","","","","553-0002","大阪府大阪市福島区鷺洲五丁目6-65","","","","","","","","","","","","","","","5120001035417","","","",""
"株式会社ソーゴ","5951442629133","","","","","","","581-0066","大阪府八尾市北亀井町二丁目2-2","","","","","","","","","","","","","","","4120001020675","","","",""
"株式会社そごう商店","2795633595797","","","","","","","599-8253","大阪府堺市中区深阪一丁3-5","","","","","","","","","","","","","","","5120101009989","","","",""
"袖田工業株式会社","8235157168115","","","","","","","143-0012","東京都大田区大森東二丁目1-6","","","","","","","","","","","","","","","6010801006338","","","",""
"曽部ゴム株式会社","9407162072002","","","","","","","101-0025","東京都千代田区神田佐久間町三丁目10","","","","","","","","","","","","","","","1010001021258","","","",""
"株式会社ソマールゴム","4419149537436","","","","","","","350-1335","埼玉県狭山市柏原654-8","","","","","","","","","","","","","","","1030001026420","","","",""
"有限会社染谷タイヤ商会","1431645064286","","","","","","","277-0005","千葉県柏市柏五丁目8-8","","","","","","","","","","","","","","","4040002090420","","","",""
"空知高圧ホース株式会社","2012160640534","","","","","","","074-0014","北海道深川市開西町二丁目5074-1","","","","","","","","","","","","","","","9450001005787","","","",""
"株式会社ソーワエンドレス","2227460639673","","","","","","","230-0037","神奈川県横浜市鶴見区向井町四丁目88-3","","","","","","","","","","","","","","","7020001015229","","","",""
"ソーワシール工業有限会社","5826623447929","","","","","","","531-0076","大阪府大阪市北区大淀中二丁目2-13 ユニハイム4D","","","","","","","","","","","","","","","4020002012137","","","",""
"大栄実業有限会社","6551505083138","","","","","","","630-8441","奈良県奈良市神殿町155-7","","","","","","","","","","","","","","","3150002001029","","","",""
"タイガースポリマー株式会社","8629597730804","","","","","","","560-0082","大阪府豊中市新千里東町一丁目4-1","","","","","","","","","","","","","","","6120901024427","","","",""
"タイキ株式会社","9639576002876","","","","","","","131-0033","東京都墨田区向島四丁目20-10","","","","","","","","","","","","","","","3010601012745","","","",""
"大絋産業株式会社","9010211924626","","","","","","","454-0981","愛知県名古屋市中川区吉津四丁目3109","","","","","","","","","","","","","","","4180001019893","","","",""
"タイショーゴム株式会社","6032675205985","","","","","","","334-0057","埼玉県川口市大字安行原146-2","","","","","","","","","","","","","","","4030001004902","","","",""
"タイシン商事株式会社","6170112371206","","","","","","","918-8203","福井県福井市上北野一丁目8-7","","","","","","","","","","","","","","","9210001001843","","","",""
"有限会社タイスイ","2502538170807","","","","","","","510-8104","三重県三重郡朝日町大字埋縄550-3","","","","","","","","","","","","","","","8190002020805","","","",""
"株式会社タイセイ","2006449888576","","","","","","","653-0834","兵庫県神戸市長田区川西通五丁目103-1","","","","","","","","","","","","","","","3140001016359","","","",""
"大成機材株式会社","9878980691756","","","","","","","041-0852","北海道函館市鍛治一丁目25-21","","","","","","","","","","","","","","","9440001001119","","","",""
"大成興業株式会社","7490421257633","","","","","","","174-0051","東京都板橋区小豆沢二丁目22-24","","","","","","","","","","","","","","","5011401003726","","","",""
"有限会社太成ゴム工業","3130929779799","","","","","","","501-3301","岐阜県加茂郡富加町加治田黒ヶ谷2115","","","","","","","","","","","","","","","3200002017647","","","",""
"太成ゴム産業株式会社","1348080951149","","","","","","","592-0012","大阪府高石市西取石六丁目1-2","","","","","","","","","","","","","","","6120101024442","","","",""
"大成車輛株式会社","8929280418567","","","","","","","537-0024","大阪府大阪市東成区東小橋二丁目5-35","","","","","","","","","","","","","","","1120001012790","","","",""
"大成商事株式会社","2198331093945","","","","","","","462-0044","愛知県名古屋市北区元志賀町一丁目46","","","","","","","","","","","","","","","5180001012575","","","",""
"タイセイポリマー株式会社","2510663952937","","","","","","","131-0041","東京都墨田区八広六丁目15-1","","","","","","","","","","","","","","","1010601012763","","","",""
"株式会社泰一","1399767113076","","","","","","","120-0038","東京都足立区千住橋戸町11","","","","","","","","","","","","","","","4011802025403","","","",""
"泰東株式会社","1460346814310","","","","","","","131-0043","東京都墨田区立花四丁目13-14","","","","","","","","","","","","","","","8010601013672","","","",""
"泰東工業株式会社","4312437920103","","","","","","","145-0064","東京都大田区上池台四丁目21-16","","","","","","","","","","","","","","","3010801006687","","","",""
"有限会社台東製作所","3734329433238","","","","","","","111-0056","東京都台東区小島一丁目3-10","","","","","","","","","","","","","","","2010502006475","","","",""
"有限会社太洋防水布加工所","6282734981685","","","","","","","370-1301","群馬県高崎市新町1763-3","","","","","","","","","","","","","","","8070002015593","","","",""
"株式会社大平化学","2472377353203","","","","","","","544-0015","大阪府大阪市生野区巽南五丁目6-16","","","","","","","","","","","","","","","5120001208682","","","",""
"株式会社大平化学","1518671718785","","","","","","","362-0066","埼玉県上尾市大字領家71","","","","","","","","","","","","","","","6030001041489","","","",""
"太邦工業株式会社","6048152106290","","","","","","","583-0884","大阪府羽曳野市野19-1","","","","","","","","","","","","","","","4120101032208","","","",""
"株式会社大峰産業","8814653259270","","","","","","","321-3628","栃木県芳賀郡茂木町大字深沢162","","","","","","","","","","","","","","","1060001010066","","","",""
"泰朋鉄工株式会社","6789539894364","","","","","","","242-0002","神奈川県大和市つきみ野二丁目1-3","","","","","","","","","","","","","","","4021001025501","","","",""
"株式会社タイム","7885278625727","","","","","","","636-0215","奈良県磯城郡三宅町大字上但馬230-5","","","","","","","","","","","","","","","2150001011211","","","",""
"株式会社タイヤガーデン茨城","1951445152685","","","","","","","310-0852","茨城県水戸市笠原町1976-1","","","","","","","","","","","","","","","4050001005064","","","",""
"株式会社タイヤガーデンタケシン","9658715592119","","","","","","","039-2511","青森県上北郡七戸町字笊田川久保19-2","","","","","","","","","","","","","","","5420001014002","","","",""
"株式会社タイヤガーデン宮古島","5735888158382","","","","","","","906-0012","沖縄県宮古島市平良西里933-1","","","","","","","","","","","","","","","8360002022750","","","",""
"有限会社タイヤケアサービス名和","8554017836762","","","","","","","476-0002","愛知県東海市名和町二丁目96","","","","","","","","","","","","","","","4180002088855","","","",""
"株式会社タイヤサービスいとう","8505243942219","","","","","","","331-0061","埼玉県さいたま市西区大字西遊馬763-1","","","","","","","","","","","","","","","6030001017150","","","",""
"有限会社タイヤサービス西日本","6967424786935","","","","","","","839-0809","福岡県久留米市東合川一丁目8-14","","","","","","","","","","","","","","","2290002049377","","","",""
"有限会社タイヤセンター・ワタナベ","6675428214834","","","","","","","769-2601","香川県東かがわ市三本松1090-7","","","","","","","","","","","","","","","8470002018473","","","",""
"株式会社タイヤセンター小牧","3105914730333","","","","","","","485-0073","愛知県小牧市大字舟津1172-1","","","","","","","","","","","","","","","3180001106445","","","",""
"有限会社タイヤワールド","7064166649782","","","","","","","761-8003","香川県高松市神在川窪町334-2","","","","","","","","","","","","","","","3470002008933","","","",""
"有限会社太陽","8534923012268","","","","","","","636-0021","奈良県北葛城郡王寺町畠田二丁目49-1","","","","","","","","","","","","","","","6150002009127","","","",""
"株式会社タイヨウ","3551507876110","","","","","","","558-0023","大阪府大阪市住吉区山之内二丁目5-15","","","","","","","","","","","","","","","8120001033013","","","",""
"太陽株式会社","3455933775420","","","","","","","230-0031","神奈川県横浜市鶴見区平安町一丁目57-2","","","","","","","","","","","","","","","5020001017912","","","",""
"太洋化学工業株式会社","1533698374944","","","","","","","501-3301","岐阜県加茂郡富加町加治田1765-1","","","","","","","","","","","","","","","6200001017579","","","",""
"太陽化学ゴム株式会社","7220546651482","","","","","","","468-0058","愛知県名古屋市天白区植田西二丁目209","","","","","","","","","","","","","","","6180001037704","","","",""
"太陽化成株式会社","3161104587891","","","","","","","497-0005","愛知県あま市七宝町伊福新家西54","","","","","","","","","","","","","","","4180001098426","","","",""
"大洋工業有限会社","7035653355719","","","","","","","370-0105","群馬県伊勢崎市境伊与久2794","","","","","","","","","","","","","","","7070002020454","","","",""
"太陽興業株式会社","2377894458361","","","","","","","116-0013","東京都荒川区西日暮里六丁目63-4","","","","","","","","","","","","","","","7011501007385","","","",""
"大洋ゴム株式会社","8354327053772","","","","","","","132-0003","東京都江戸川区春江町三丁目50-14","","","","","","","","","","","","","","","6011701010792","","","",""
"大洋ゴム株式会社","8974907976782","","","","","","","567-0853","大阪府茨木市宮島二丁目2-16","","","","","","","","","","","","","","","7120901009708","","","",""
"太陽ゴム工業株式会社","9606246206603","","","","","","","124-0006","東京都葛飾区堀切一丁目20-12","","","","","","","","","","","","","","","7011801002714","","","",""
"太洋ゴム工業有限会社","9953248535742","","","","","","","121-0053","東京都足立区佐野一丁目30-12","","","","","","","","","","","","","","","3011802015165","","","",""
"株式会社太陽ゴム商会","9910871493684","","","","","","","848-0027","佐賀県伊万里市立花町4018-1","","","","","","","","","","","","","","","6300001005581","","","",""
"有限会社太洋ゴム製作所","6503638589030","","","","","","","340-0033","埼玉県草加市柳島町554-1","","","","","","","","","","","","","","","8030002044786","","","",""
"大洋産業株式会社","5366782148670","","","","","","","222-0033","神奈川県横浜市港北区新横浜三丁目2-6 VORT新横浜6F","","","","","","","","","","","","","","","6020001062222","","","",""
"株式会社太陽テント北陸","6194293336068","","","","","","","920-0061","石川県金沢市問屋町二丁目24","","","","","","","","","","","","","","","9220001008045","","","",""
"有限会社大洋ハード","8875395425505","","","","","","","441-8117","愛知県豊橋市浜道町管石47-14","","","","","","","","","","","","","","","5180302008280","","","",""
"大洋パッキング株式会社","7812701272748","","","","","","","759-2211","山口県美祢市大嶺町北分1257-2","","","","","","","","","","","","","","","3250001018641","","","",""
"大洋パッキング商事株式会社","6380091146384","","","","","","","567-0828","大阪府茨木市舟木町3-6","","","","","","","","","","","","","","","2120901001322","","","",""
"タイヨーパッキング株式会社","3394544073556","","","","","","","116-0014","東京都荒川区東日暮里一丁目26-5","","","","","","","","","","","","","","","5011501007395","","","",""
"株式会社タイヨーラベックス","3186149589539","","","","","","","485-0034","愛知県小牧市市之久田一丁目396","","","","","","","","","","","","","","","7180001076098","","","",""
"株式会社タイラ","4500997981442","","","","","","","359-0011","埼玉県所沢市大字南永井15-1","","","","","","","","","","","","","","","2030001025470","","","",""
"田岡播磨ジェネラルサービス株式会社","6684078873996","","","","","","","532-0006","大阪府大阪市淀川区西三国四丁目2-11","","","","","","","","","","","","","","","1120001175794","","","",""
"高石工業株式会社","3839199079308","","","","","","","567-0897","大阪府茨木市主原町3-18","","","","","","","","","","","","","","","3120901001346","","","",""
"有限会社タカイ繊維","8293733719889","","","","","","","929-1176","石川県かほく市外日角ニ35-2","","","","","","","","","","","","","","","6220002016966","","","",""
"有限会社タカイチ護謨工業所","8536050241560","","","","","","","669-1148","兵庫県西宮市名塩東久保2-29","","","","","","","","","","","","","","","8140002057026","","","",""
"高尾化成株式会社","6545343006839","","","","","","","660-0076","兵庫県尼崎市大島一丁目19-5","","","","","","","","","","","","","","","6140001049777","","","",""
"有限会社高岡製作所","1304181814725","","","","","","","611-0041","京都府宇治市槇島町目川6","","","","","","","","","","","","","","","5130002026595","","","",""
"タカ化成株式会社","5729393620375","","","","","","","257-0031","神奈川県秦野市曽屋1237-1","","","","","","","","","","","","","","","1021001024365","","","",""
"タカギ産業有限会社","6751218236908","","","","","","","599-8111","大阪府堺市東区日置荘北町二丁12-6","","","","","","","","","","","","","","","4120102002845","","","",""
"株式会社高木テック","2457774876096","","","","","","","731-4215","広島県安芸郡熊野町大字城之堀1369-28","","","","","","","","","","","","","","","2240001036827","","","",""
"高崎高圧ホース株式会社","7334730403505","","","","","","","370-0871","群馬県高崎市上豊岡町554-6","","","","","","","","","","","","","","","1070001007441","","","",""
"有限会社高崎商会","9655740247295","","","","","","","467-0033","愛知県名古屋市瑞穂区彌富町円山51","","","","","","","","","","","","","","","5180002009802","","","",""
"株式会社高崎ベルト商会","4769247999935","","","","","","","370-0031","群馬県高崎市上大類町314-2","","","","","","","","","","","","","","","9070001007517","","","",""
"株式会社タカサゴ","7736145736856","","","","","","","676-0822","兵庫県高砂市阿弥陀町魚橋1276","","","","","","","","","","","","","","","4140001044078","","","",""
"株式会社高砂産業","9187632059450","","","","","","","676-0082","兵庫県高砂市曽根町2867-10","","","","","","","","","","","","","","","5140001044069","","","",""
"株式会社高須ゴム","4013107764759","","","","","","","457-0835","愛知県名古屋市南区西又兵ヱ町三丁目49","","","","","","","","","","","","","","","8180001014825","","","",""
"株式会社高田工業","9287322888346","","","","","","","131-0041","東京都墨田区八広二丁目48-13","","","","","","","","","","","","","","","7010601029397","","","",""
"高田ゴム工業株式会社","2939972657653","","","","","","","635-0054","奈良県大和高田市大字曽大根358-2","","","","","","","","","","","","","","","9150001012995","","","",""
"有限会社タカダ商会","6175601606383","","","","","","","202-0013","東京都西東京市中町五丁目7-7","","","","","","","","","","","","","","","6012702004486","","","",""
"株式会社タカダ創美","6764327917101","","","","","","","503-1316","岐阜県養老郡養老町押越1001-7","","","","","","","","","","","","","","","5200001015022","","","",""
"高槻化成株式会社","5320246835334","","","","","","","569-0002","大阪府高槻市東上牧一丁目1-3","","","","","","","","","","","","","","","2120902010677","","","",""
"株式会社高徳ゴム","5444760705667","","","","","","","459-8001","愛知県名古屋市緑区大高町中道6-3","","","","","","","","","","","","","","","5180001028398","","","",""
"株式会社タカトモインダストリ","3343583834600","","","","","","","336-0026","埼玉県さいたま市南区辻七丁目15-14","","","","","","","","","","","","","","","7011401003963","","","",""
"株式会社タカード","3109299320421","","","","","","","950-0812","新潟県新潟市東区豊二丁目2-55","","","","","","","","","","","","","","","5110001003102","","","",""
"株式会社高梨ゴム","6434989559856","","","","","","","113-0024","東京都文京区西片一丁目2-10","","","","","","","","","","","","","","","6010001004662","","","",""
"高野ゴム工業株式会社","4169315568783","","","","","","","329-0414","栃木県下野市小金井1812-15","","","","","","","","","","","","","","","8060001015067","","","",""
"高野ゴム工業株式会社","7473303969795","","","","","","","270-2254","千葉県松戸市河原塚431-2","","","","","","","","","","","","","","","2040001036070","","","",""
"株式会社鷹巣ゴム工業","7007251576693","","","","","","","018-3454","秋田県北秋田市脇神赤川岱62-1","","","","","","","","","","","","","","","8410001006451","","","",""
"有限会社高野ベルト","2332829099847","","","","","","","335-0011","埼玉県戸田市下戸田二丁目31-15","","","","","","","","","","","","","","","3030002024669","","","",""
"株式会社タカノリ","7193086386838","","","","","","","130-0024","東京都墨田区菊川一丁目17-9","","","","","","","","","","","","","","","9010601012855","","","",""
"株式会社タカハシ","9908859287023","","","","","","","116-0014","東京都荒川区東日暮里六丁目3-5","","","","","","","","","","","","","","","3011501010616","","","",""
"株式会社高橋ゴム化工所","8803206569980","","","","","","","300-2716","茨城県常総市大房653-1","","","","","","","","","","","","","","","3050001042934","","","",""
"高橋ゴム工業有限会社","8498582907957","","","","","","","599-8276","大阪府堺市中区小阪652-2","","","","","","","","","","","","","","","4120102007200","","","",""
"有限会社高橋ゴム工業所","4672256830712","","","","","","","277-0044","千葉県柏市新逆井一丁目29-17","","","","","","","","","","","","","","","1040002090539","","","",""
"株式会社高橋護謨工業所","4071030208608","","","","","","","359-0043","埼玉県所沢市弥生町2899","","","","","","","","","","","","","","","5030001024503","","","",""
"有限会社高橋ゴム製作所","9596202480436","","","","","","","594-1144","大阪府和泉市テクノステージ三丁目9-2","","","","","","","","","","","","","","","9120102025908","","","",""
"株式会社高橋ゴムパツキング製作所","4453827583498","","","","","","","564-0033","大阪府吹田市東御旅町5-16","","","","","","","","","","","","","","","4120901007251","","","",""
"株式会社高橋商会","2845437593511","","","","","","","604-8821","京都府京都市中京区壬生梛ノ宮町11","","","","","","","","","","","","","","","2130001021484","","","",""
"株式会社高橋商店","4461734303529","","","","","","","534-0021","大阪府大阪市都島区都島本通四丁目7-30","","","","","","","","","","","","","","","9120001008014","","","",""
"高橋ベルト株式会社","9055110748329","","","","","","","370-0007","群馬県高崎市問屋町西一丁目5-10","","","","","","","","","","","","","","","2070001007655","","","",""
"有限会社高見部品商会","7826908334758","","","","","","","882-0033","宮崎県延岡市川原崎町411","","","","","","","","","","","","","","","4350002012244","","","",""
"高村工材株式会社","2455650223014","","","","","","","607-8184","京都府京都市山科区大宅甲ノ辻町114-7","","","","","","","","","","","","","","","7130001012958","","","",""
"タカムラ総業株式会社","5993245585370","","","","","","","412-0048","静岡県御殿場市板妻21","","","","","","","","","","","","","","","9080101004157","","","",""
"有限会社高本鉄工所","9773181952400","","","","","","","030-0901","青森県青森市港町二丁目18-11","","","","","","","","","","","","","","","8420002001748","","","",""
"タカヤマ株式会社","9365349666068","","","","","","","651-2228","兵庫県神戸市西区見津が丘二丁目4-5","","","","","","","","","","","","","","","6140001030183","","","",""
"タカラ工業株式会社","6093853124447","","","","","","","120-0012","東京都足立区青井三丁目32-23","","","","","","","","","","","","","","","8011801009659","","","",""
"有限会社タカラ産業","9467394435557","","","","","","","651-2233","兵庫県神戸市西区櫨谷町福谷685","","","","","","","","","","","","","","","1140002004843","","","",""
"宝産業株式会社","7203053488119","","","","","","","832-0827","福岡県柳川市三橋町蒲船津717-7","","","","","","","","","","","","","","","9290001053002","","","",""
"有限会社宝製作所","1517910919474","","","","","","","341-0035","埼玉県三郷市鷹野五丁目192","","","","","","","","","","","","","","","9030002049289","","","",""
"株式会社宝製作所","5200143025585","","","","","","","480-0133","愛知県丹羽郡大口町替地二丁目5","","","","","","","","","","","","","","","2180002074683","","","",""
"株式会社宝製作所","2777257508578","","","","","","","592-0005","大阪府高石市千代田二丁目7-18","","","","","","","","","","","","","","","6120101008420","","","",""
"宝電器有限会社","6946921309772","","","","","","","707-0003","岡山県美作市明見又加781-4","","","","","","","","","","","","","","","3260002030553","","","",""
"株式会社タガシラ","8517068133446","","","","","","","729-0114","広島県福山市柳津町814-5","","","","","","","","","","","","","","","1240001031283","","","",""
"有限会社田上ゴム","8366486238622","","","","","","","453-0814","愛知県名古屋市中村区熊野町一丁目68","","","","","","","","","","","","","","","7180002028214","","","",""
"多賀美ゴム工業株式会社","8706958669710","","","","","","","131-0031","東京都墨田区墨田五丁目33-25","","","","","","","","","","","","","","","1010601013340","","","",""
"田上ゴム工業株式会社","3808719375342","","","","","","","342-0043","埼玉県吉川市大字小松川544-7","","","","","","","","","","","","","","","1030001065633","","","",""
"タガミシール株式会社","9880991182215","","","","","","","653-0032","兵庫県神戸市長田区苅藻通一丁目4-2","","","","","","","","","","","","","","","9140001032061","","","",""
"滝沢産業株式会社","1555164510881","","","","","","","124-0013","東京都葛飾区東立石二丁目6-13","","","","","","","","","","","","","","","7011801002739","","","",""
"株式会社滝野ゴム製造","6574148344044","","","","","","","334-0061","埼玉県川口市大字新堀1312","","","","","","","","","","","","","","","6030001075917","","","",""
"株式会社滝野製作所","5029064293171","","","","","","","458-0847","愛知県名古屋市緑区浦里三丁目69","","","","","","","","","","","","","","","5180001068700","","","",""
"株式会社タク技研","8376846753984","","","","","","","385-0054","長野県佐久市跡部453","","","","","","","","","","","","","","","1100001007314","","","",""
"株式会社匠エンジニアリング","2536210450059","","","","","","","354-0003","埼玉県富士見市大字南畑新田96-4","","","","","","","","","","","","","","","2011101040097","","","",""
"有限会社匠ジャパン","6982064291395","","","","","","","131-0034","東京都墨田区堤通一丁目17-24","","","","","","","","","","","","","","","7010602028316","","","",""
"株式会社タクミ精工","8498102355325","","","","","","","341-0037","埼玉県三郷市高州二丁目374-1","","","","","","","","","","","","","","","6030001036828","","","",""
"株式会社タグチゴム","2299009647536","","","","","","","124-0012","東京都葛飾区立石三丁目11-12","","","","","","","","","","","","","","","9011801002745","","","",""
"株式会社田口製作所","7724293617875","","","","","","","368-0001","埼玉県秩父市黒谷416","","","","","","","","","","","","","","","4030001090810","","","",""
"有限会社竹内パッキング製作所","9451515459877","","","","","","","123-0851","東京都足立区梅田三丁目22-15","","","","","","","","","","","","","","","8011802015227","","","",""
"株式会社竹川ゴム","6344709017818","","","","","","","509-0312","岐阜県加茂郡川辺町中野8-148","","","","","","","","","","","","","","","1200001018730","","","",""
"有限会社武ゴム工業","9509027077779","","","","","","","892-0871","鹿児島県鹿児島市吉野町5113","","","","","","","","","","","","","","","6340002005858","","","",""
"株式会社武田ゴム商店","3828183621445","","","","","","","123-0851","東京都足立区梅田五丁目10-4","","","","","","","","","","","","","","","1011801009566","","","",""
"株式会社タケチ","1972738434477","","","","","","","791-1121","愛媛県松山市中野町甲936","","","","","","","","","","","","","","","5500001002601","","","",""
"株式会社タケナカ","9826635139160","","","","","","","508-0421","岐阜県中津川市加子母1797","","","","","","","","","","","","","","","3200001024215","","","",""
"株式会社竹原ゴム加工","1397070089776","","","","","","","508-0421","岐阜県中津川市加子母1797","","","","","","","","","","","","","","","9200001023871","","","",""
"有限会社竹原商会","8529152669642","","","","","","","062-0021","北海道札幌市豊平区月寒西一条九丁目1-22","","","","","","","","","","","","","","","2430002034034","","","",""
"株式会社タケヤグループ","4988328377487","","","","","","","479-0003","愛知県常滑市金山六治68 タケヤビル1階","","","","","","","","","","","","","","","4180001153651","","","",""
"建ゴム工業株式会社","2272062962425","","","","","","","438-0811","静岡県磐田市一言1655","","","","","","","","","","","","","","","8080401016183","","","",""
"株式会社田崎アサヒ","9470450807388","","","","","","","130-0011","東京都墨田区石原四丁目17-2","","","","","","","","","","","","","","","6010601013369","","","",""
"株式会社タシロ","3546686724397","","","","","","","840-0024","佐賀県佐賀市本庄町大字末次174","","","","","","","","","","","","","","","1300001000793","","","",""
"タジマエンジニアリング株式会社","4713307382956","","","","","","","661-0045","兵庫県尼崎市武庫豊町三丁目6-1 605号","","","","","","","","","","","","","","","3140001049879","","","",""
"但馬ティエスケイ株式会社","9320502172205","","","","","","","668-0242","兵庫県豊岡市出石町桐野1150","","","","","","","","","","","","","","","5140001056411","","","",""
"有限会社立花商会","7340595252161","","","","","","","332-0001","埼玉県川口市朝日一丁目1-19","","","","","","","","","","","","","","","7030002109053","","","",""
"株式会社タックオン","2293794413085","","","","","","","350-1155","埼玉県川越市大字下赤坂557-5","","","","","","","","","","","","","","","5030002078481","","","",""
"有限会社龍田鉄工所","4820648046240","","","","","","","915-0232","福井県越前市新在家町9-7-4","","","","","","","","","","","","","","","1210002012104","","","",""
"株式会社多津美興商","4930924105979","","","","","","","360-0816","埼玉県熊谷市石原795","","","","","","","","","","","","","","","9030001088899","","","",""
"辰己合成有限会社","1788577707027","","","","","","","243-0426","神奈川県海老名市門沢橋六丁目18-5","","","","","","","","","","","","","","","4021002045291","","","",""
"辰己精工株式会社","9998573555798","","","","","","","532-0036","大阪府大阪市淀川区三津屋中三丁目3-26","","","","","","","","","","","","","","","2120001056770","","","",""
"有限会社立石ゴム","2408330589541","","","","","","","849-0113","佐賀県三養基郡みやき町大字東尾2543-1","","","","","","","","","","","","","","","2300002009404","","","",""
"有限会社田所製作所","2026296279406","","","","","","","340-0834","埼玉県八潮市大字大曽根448-12","","","","","","","","","","","","","","","6030002047394","","","",""
"有限会社田名網化工","2821809302612","","","","","","","327-0003","栃木県佐野市大橋町1126-7","","","","","","","","","","","","","","","7060002040073","","","",""
"タナイ産業株式会社","3282953242611","","","","","","","729-0114","広島県福山市柳津町三丁目3-36","","","","","","","","","","","","","","","8240001034593","","","",""
"有限会社タナカ","9273093896529","","","","","","","510-8101","三重県三重郡朝日町大字縄生258-1","","","","","","","","","","","","","","","4190002020957","","","",""
"有限会社田中工業所","1868501653594","","","","","","","515-2521","三重県津市一志町井関743","","","","","","","","","","","","","","","4190002002484","","","",""
"有限会社田中ゴム","6901257190324","","","","","","","305-0861","茨城県つくば市谷田部1631","","","","","","","","","","","","","","","6050002021760","","","",""
"田中ゴム化学工業株式会社","4591518577789","","","","","","","873-0001","大分県杵築市大字杵築1477-1","","","","","","","","","","","","","","","9320001008282","","","",""
"田中商事株式会社","3670341494641","","","","","","","500-8258","岐阜県岐阜市西川手五丁目146","","","","","","","","","","","","","","","4200001003234","","","",""
"有限会社田中精機製作所","9375295007652","","","","","","","651-2404","兵庫県神戸市西区岩岡町古郷1526-1","","","","","","","","","","","","","","","3140002004858","","","",""
"株式会社田中製作所","6391808203564","","","","","","","532-0031","大阪府大阪市淀川区加島一丁目23-7","","","","","","","","","","","","","","","7120001177604","","","",""
"株式会社田中鉄工所","3658102026367","","","","","","","675-0333","兵庫県加古川市志方町西山125-1","","","","","","","","","","","","","","","5140001043194","","","",""
"有限会社田中物産","9078287577307","","","","","","","739-1804","広島県安芸高田市高宮町房後1072","","","","","","","","","","","","","","","2240002031075","","","",""
"株式会社タナック","3951289582299","","","","","","","500-8185","岐阜県岐阜市元町四丁目24","","","","","","","","","","","","","","","1200001003253","","","",""
"有限会社田辺製作所","7160916550683","","","","","","","125-0054","東京都葛飾区高砂二丁目20-3","","","","","","","","","","","","","","","6011802005007","","","",""
"有限会社タニガワ","9586737491999","","","","","","","653-0836","兵庫県神戸市長田区神楽町四丁目2-15","","","","","","","","","","","","","","","3140002008867","","","",""
"株式会社タニグチ","6379464961629","","","","","","","567-0006","大阪府茨木市耳原三丁目8-8","","","","","","","","","","","","","","","8120901001275","","","",""
"有限会社谷光ゴム","6630885541791","","","","","","","570-0045","大阪府守口市南寺方中通一丁目13-16","","","","","","","","","","","","","","","7120002078644","","","",""
"有限会社谷商","5597644538772","","","","","","","731-0213","広島県広島市安佐北区三入南二丁目34-17","","","","","","","","","","","","","","","1240002026662","","","",""
"株式会社ＴＡＮＩＳＨＯ","6668291209062","","","","","","","731-0213","広島県広島市安佐北区三入南二丁目34-17","","","","","","","","","","","","","","","6240001043712","","","",""
"谷タイヤ株式会社","1797863053645","","","","","","","763-0083","香川県丸亀市土器町北二丁目108","","","","","","","","","","","","","","","8470001007378","","","",""
"有限会社谷本ゴム印店","2124622796474","","","","","","","110-0008","東京都台東区池之端四丁目14-8","","","","","","","","","","","","","","","7010502006371","","","",""
"有限会社田主丸化成","2126584725156","","","","","","","839-1231","福岡県久留米市田主丸町野田601","","","","","","","","","","","","","","","9290002052309","","","",""
"株式会社ＴＡＢＩ・ＳＱＵＡＲＥ","9347081956632","","","","","","","630-8217","奈良県奈良市橋本町3-1 301号","","","","","","","","","","","","","","","5150001008832","","","",""
"有限会社タフクルー","6892283089947","","","","","","","203-0043","東京都東久留米市下里一丁目12-5","","","","","","","","","","","","","","","3012702012764","","","",""
"玉井産業株式会社","1757108445147","","","","","","","636-0203","奈良県磯城郡川西町大字梅戸313","","","","","","","","","","","","","","","3150001011210","","","",""
"多摩イシバシ株式会社","7642292324846","","","","","","","205-0003","東京都羽村市緑ヶ丘二丁目17-41 椎名ビル1階","","","","","","","","","","","","","","","2013101000650","","","",""
"多摩第一工業有限会社","1956896258754","","","","","","","198-0043","東京都青梅市千ヶ瀬町五丁目686","","","","","","","","","","","","","","","2013102006317","","","",""
"有限会社玉造ゴム","3528685027203","","","","","","","152-0003","東京都目黒区碑文谷四丁目14-3","","","","","","","","","","","","","","","8013202004082","","","",""
"有限会社タマムラカコウ","3422559350312","","","","","","","348-0063","埼玉県羽生市大字発戸1495","","","","","","","","","","","","","","","1030002041815","","","",""
"有限会社タマル工業","2778089164372","","","","","","","266-0032","千葉県千葉市緑区おゆみ野中央九丁目8-13","","","","","","","","","","","","","","","1030002008855","","","",""
"株式会社タム","1700078112479","","","","","","","815-0041","福岡県福岡市南区野間一丁目24-24","","","","","","","","","","","","","","","1290001001686","","","",""
"株式会社田村金属工業所","9659135049399","","","","","","","654-0121","兵庫県神戸市須磨区妙法寺上野路1065-13","","","","","","","","","","","","","","","7140001033524","","","",""
"タモネックス株式会社","5756325558132","","","","","","","447-0864","愛知県碧南市道場山町一丁目130","","","","","","","","","","","","","","","3180301030015","","","",""
"垂井商事株式会社","7858600343637","","","","","","","520-0022","滋賀県大津市柳が崎4-6","","","","","","","","","","","","","","","6160001001190","","","",""
"有限会社丹沢工業","3017166984868","","","","","","","236-0003","神奈川県横浜市金沢区幸浦二丁目12-8","","","","","","","","","","","","","","","5020002008407","","","",""
"丹波ケーブル株式会社","3599110190193","","","","","","","669-3833","兵庫県丹波市青垣町山垣1217","","","","","","","","","","","","","","","6140001041172","","","",""
"有限会社大亜ゴム製作所","1378407020908","","","","","","","341-0037","埼玉県三郷市高州二丁目438-12","","","","","","","","","","","","","","","6030002049201","","","",""
"大安産業株式会社","4244539032485","","","","","","","803-0801","福岡県北九州市小倉北区西港町90-15","","","","","","","","","","","","","","","1290801002289","","","",""
"株式会社第一化学","8019310685190","","","","","","","674-0074","兵庫県明石市魚住町清水2353","","","","","","","","","","","","","","","8140001035049","","","",""
"第一化工株式会社","5505365900147","","","","","","","386-0005","長野県上田市古里1488-1","","","","","","","","","","","","","","","9100001009988","","","",""
"第一ガスケット工業株式会社","8646029335812","","","","","","","340-0034","埼玉県草加市氷川町2112-20","","","","","","","","","","","","","","","9011801009261","","","",""
"第一工販株式会社","8589819842222","","","","","","","452-0807","愛知県名古屋市西区歌里町21","","","","","","","","","","","","","","","4180001037607","","","",""
"第一ゴム株式会社","1728147837653","","","","","","","047-0013","北海道小樽市奥沢三丁目29-5","","","","","","","","","","","","","","","4430001050162","","","",""
"第一ゴム工業株式会社","6883400330334","","","","","","","730-0843","広島県広島市中区舟入本町7-2","","","","","","","","","","","","","","","2240001005757","","","",""
"有限会社大一商会","1053730910421","","","","","","","547-0021","大阪府大阪市平野区喜連東一丁目7-33","","","","","","","","","","","","","","","8120002011513","","","",""
"有限会社第一精工","5927897028242","","","","","","","490-1104","愛知県あま市西今宿六反地四7-1","","","","","","","","","","","","","","","8180002091649","","","",""
"第一通商株式会社","9608437195405","","","","","","","386-0401","長野県上田市塩川2895-1","","","","","","","","","","","","","","","3100001011041","","","",""
"第一ロール株式会社","4137212468856","","","","","","","614-8286","京都府八幡市美濃山千原谷72-4","","","","","","","","","","","","","","","2120001151654","","","",""
"大栄護謨株式会社","9435594216886","","","","","","","544-0004","大阪府大阪市生野区巽北一丁目28-19","","","","","","","","","","","","","","","8120001017973","","","",""
"株式会社ダイカツ","1147598413858","","","","","","","039-1103","青森県八戸市大字長苗代化石85-3","","","","","","","","","","","","","","","5420001006049","","","",""
"大叶パッキング有限会社","3839394704016","","","","","","","181-0015","東京都三鷹市大沢四丁目16-28","","","","","","","","","","","","","","","9012402019146","","","",""
"株式会社大喜工業","6347705684732","","","","","","","121-0063","東京都足立区東保木間二丁目33-13","","","","","","","","","","","","","","","2011801019894","","","",""
"株式会社大久","4559277105089","","","","","","","653-0041","兵庫県神戸市長田区久保町一丁目2-18","","","","","","","","","","","","","","","7140001016355","","","",""
"大京産業株式会社","5933489223321","","","","","","","579-8065","大阪府東大阪市新池島町四丁目1-1","","","","","","","","","","","","","","","3122001004147","","","",""
"有限会社大京産業","3519961232563","","","","","","","709-0521","岡山県和気郡和気町父井原1769-32","","","","","","","","","","","","","","","5260002031442","","","",""
"株式会社ダイケン工学","7562726695352","","","","","","","061-1405","北海道恵庭市戸磯573","","","","","","","","","","","","","","","8430001044458","","","",""
"株式会社ダイケンゴム","9743413817118","","","","","","","430-0813","静岡県浜松市中央区芳川町108-2","","","","","","","","","","","","","","","2080401002858","","","",""
"大源化成工業株式会社","4838859030990","","","","","","","660-0801","兵庫県尼崎市長洲東通三丁目2-9","","","","","","","","","","","","","","","1140001049609","","","",""
"株式会社ダイコー","9352859224938","","","","","","","557-0063","大阪府大阪市西成区南津守四丁目4-12","","","","","","","","","","","","","","","1120001003666","","","",""
"有限会社大幸","7237034847458","","","","","","","213-0014","神奈川県川崎市高津区新作四丁目19-1","","","","","","","","","","","","","","","2020002089672","","","",""
"大弘ゴム工業株式会社","9649301879917","","","","","","","132-0025","東京都江戸川区松江一丁目11-1","","","","","","","","","","","","","","","8011701004628","","","",""
"有限会社大晃商会","6891360561694","","","","","","","910-0102","福井県福井市川合鷲塚町25-10-2","","","","","","","","","","","","","","","3210002002012","","","",""
"株式会社大黒製作所","9089801126273","","","","","","","551-0003","大阪府大阪市大正区千島一丁目1-47","","","","","","","","","","","","","","","7120001176647","","","",""
"株式会社ダイコーゴム","2515333428099","","","","","","","459-8001","愛知県名古屋市緑区大高町寅新田56-1","","","","","","","","","","","","","","","5180001063593","","","",""
"大五ゴム工業株式会社","8574507988558","","","","","","","547-0006","大阪府大阪市平野区加美正覚寺四丁目6-21","","","","","","","","","","","","","","","9120001020803","","","",""
"有限会社大師製作所","2810076794384","","","","","","","123-0851","東京都足立区梅田五丁目23-8","","","","","","","","","","","","","","","5011802015064","","","",""
"有限会社ダイシヨウ","2677825828836","","","","","","","131-0032","東京都墨田区東向島一丁目13-7","","","","","","","","","","","","","","","3010602013073","","","",""
"株式会社大商","9744205668226","","","","","","","381-0006","長野県長野市大字富竹1667-1","","","","","","","","","","","","","","","9100001001788","","","",""
"株式会社大笑","5633986524524","","","","","","","457-0077","愛知県名古屋市南区立脇町五丁目12","","","","","","","","","","","","","","","8180001014783","","","",""
"有限会社大昭産業社","8225491460035","","","","","","","536-0008","大阪府大阪市城東区関目二丁目12-23","","","","","","","","","","","","","","","5120002000493","","","",""
"株式会社ダイシン","9077756836004","","","","","","","453-0035","愛知県名古屋市中村区十王町2-7","","","","","","","","","","","","","","","3180001004475","","","",""
"大伸化学工業株式会社","9251307504078","","","","","","","124-0012","東京都葛飾区立石四丁目3-7","","","","","","","","","","","","","","","9011801002621","","","",""
"有限会社大新ゴム工業","9170544217989","","","","","","","341-0035","埼玉県三郷市鷹野四丁目245-1","","","","","","","","","","","","","","","5030002049210","","","",""
"有限会社大進ゴム工業所","3188380175104","","","","","","","124-0006","東京都葛飾区堀切三丁目30-4","","","","","","","","","","","","","","","9011802004690","","","",""
"ダイシン産業株式会社","1507820677427","","","","","","","486-0937","愛知県春日井市細木町二丁目2","","","","","","","","","","","","","","","7180001075298","","","",""
"大伸産業株式会社","1050705345629","","","","","","","566-0052","大阪府摂津市鳥飼本町一丁目3-43","","","","","","","","","","","","","","","9120901009689","","","",""
"有限会社ダイシン製作所","2208518106966","","","","","","","211-0013","神奈川県川崎市中原区上平間1700","","","","","","","","","","","","","","","5020002084316","","","",""
"株式会社大伸物産","2555459237491","","","","","","","572-0806","大阪府寝屋川市高宮一丁目10-21","","","","","","","","","","","","","","","2120001159978","","","",""
"株式会社ダイセン","2793508734585","","","","","","","430-0826","静岡県浜松市中央区四本松町437-1","","","","","","","","","","","","","","","2080401006454","","","",""
"株式会社大東","2331005951143","","","","","","","596-0105","大阪府岸和田市内畑町749","","","","","","","","","","","","","","","3120101038668","","","",""
"株式会社大東","1913826953960","","","","","","","123-0864","東京都足立区鹿浜三丁目27-11","","","","","","","","","","","","","","","9011801009402","","","",""
"大藤工業株式会社","3691666684754","","","","","","","401-0201","山梨県上野原市秋山10294","","","","","","","","","","","","","","","8090001008274","","","",""
"大藤パッキング株式会社","1520173394872","","","","","","","453-0042","愛知県名古屋市中村区大秋町三丁目22-3","","","","","","","","","","","","","","","1180001031018","","","",""
"大徳化工有限会社","5583954330035","","","","","","","468-0048","愛知県名古屋市天白区中坪町9","","","","","","","","","","","","","","","2180002021727","","","",""
"ダイトゴム株式会社","5340949290184","","","","","","","363-0027","埼玉県桶川市大字川田谷6208-1","","","","","","","","","","","","","","","6030001042149","","","",""
"株式会社大同","2844784597935","","","","","","","534-0027","大阪府大阪市都島区中野町三丁目3-21","","","","","","","","","","","","","","","4120001007953","","","",""
"大同化学産業株式会社","9764829559115","","","","","","","146-0081","東京都大田区仲池上一丁目33-18","","","","","","","","","","","","","","","1010801006697","","","",""
"大同ゴム株式会社","9615290217100","","","","","","","763-0062","香川県丸亀市蓬萊町20","","","","","","","","","","","","","","","4470001007365","","","",""
"大同樹脂工業株式会社","4451010160231","","","","","","","493-0005","愛知県一宮市木曽川町里小牧山方10","","","","","","","","","","","","","","","4180001084525","","","",""
"大同石油株式会社","5138193914466","","","","","","","115-0042","東京都北区志茂二丁目33-11","","","","","","","","","","","","","","","9011501002640","","","",""
"ダイドー産業株式会社","2989490412648","","","","","","","653-0836","兵庫県神戸市長田区神楽町二丁目3-9","","","","","","","","","","","","","","","8140001016379","","","",""
"ダイナガ株式会社","3784953316231","","","","","","","536-0014","大阪府大阪市城東区鴫野西一丁目2-7","","","","","","","","","","","","","","","4120001015378","","","",""
"株式会社ダイニチ","5285942715673","","","","","","","143-0024","東京都大田区中央八丁目42-5","","","","","","","","","","","","","","","2010801006746","","","",""
"大日工業株式会社","7870929595088","","","","","","","330-0072","埼玉県さいたま市浦和区領家七丁目20-3","","","","","","","","","","","","","","","9030001004930","","","",""
"大日ゴム株式会社","4088844357863","","","","","","","130-0013","東京都墨田区錦糸四丁目18-7","","","","","","","","","","","","","","","7010601012386","","","",""
"大発工業株式会社","9124175849992","","","","","","","130-0002","東京都墨田区業平二丁目12-4","","","","","","","","","","","","","","","9010601012418","","","",""
"有限会社ダイヒサ","1746991308605","","","","","","","595-0013","大阪府泉大津市宮町3-27","","","","","","","","","","","","","","","1120102025915","","","",""
"大百工革製造株式会社","5052267323859","","","","","","","461-0017","愛知県名古屋市東区東外堀町63","","","","","","","","","","","","","","","4180001037549","","","",""
"株式会社大福","9480636415979","","","","","","","653-0032","兵庫県神戸市長田区苅藻通二丁目2-2","","","","","","","","","","","","","","","5140001092638","","","",""
"株式会社ダイブウエイズ","6625373240475","","","","","","","124-0013","東京都葛飾区東立石二丁目11-7","","","","","","","","","","","","","","","9011801002679","","","",""
"株式会社ダイマツ","4728520827066","","","","","","","420-0036","静岡県静岡市駿河町区脇435","","","","","","","","","","","","","","","1080001003150","","","",""
"株式会社大松商会","4649465201237","","","","","","","921-8015","石川県金沢市東力二丁目16","","","","","","","","","","","","","","","9220001003921","","","",""
"ダイミクス株式会社","3283579884054","","","","","","","327-0835","栃木県佐野市植下町1248","","","","","","","","","","","","","","","4060001020491","","","",""
"ダイヤゴム株式会社","8672550627977","","","","","","","379-2111","群馬県前橋市飯土井町1244","","","","","","","","","","","","","","","3070001001970","","","",""
"ダイヤゴム化工株式会社","4784807856752","","","","","","","581-0075","大阪府八尾市渋川町六丁目1-1","","","","","","","","","","","","","","","2122001018998","","","",""
"ダイヤテックス株式会社","7202704081104","","","","","","","101-0035","東京都千代田区神田紺屋町7 神田システムビル5階","","","","","","","","","","","","","","","3010001022122","","","",""
"ダイヤ用品販売株式会社","6725526094297","","","","","","","053-0812","北海道苫小牧市有明町一丁目6-33","","","","","","","","","","","","","","","6430001009792","","","",""
"株式会社ダイヤレックス","1918135058664","","","","","","","039-1211","青森県三戸郡階上町蒼前東八丁目6-5","","","","","","","","","","","","","","","9420001006887","","","",""
"有限会社大友工業","9358553367075","","","","","","","907-0001","沖縄県石垣市字大浜1349-141","","","","","","","","","","","","","","","7360002021729","","","",""
"ダイワ化工株式会社","8319537601020","","","","","","","480-0100","愛知県丹羽郡扶桑町大字斉藤字山神45番地","","","","","","","","","","","","","","","2180001081516","","","",""
"有限会社大和化成","5740155133995","","","","","","","839-0862","福岡県久留米市野中町729","","","","","","","","","","","","","","","5290002049382","","","",""
"株式会社ダイワ広告","4553648322276","","","","","","","910-0837","福井県福井市高柳一丁目805 レガリア21ビル1F","","","","","","","","","","","","","","","9210001008491","","","",""
"株式会社ダイワゴム","3734138011872","","","","","","","341-0035","埼玉県三郷市鷹野一丁目133","","","","","","","","","","","","","","","7030002049258","","","",""
"大和ゴム工業株式会社","9069660022286","","","","","","","409-2212","山梨県南巨摩郡南部町南部9172","","","","","","","","","","","","","","","5090001012270","","","",""
"大和ゴム工業株式会社","5797081036847","","","","","","","830-0048","福岡県久留米市梅満町94-3","","","","","","","","","","","","","","","7290001049101","","","",""
"株式会社大和商事","5034892584806","","","","","","","237-0065","神奈川県横須賀市追浜南町一丁目28 長岡ハイム106号","","","","","","","","","","","","","","","8021001040694","","","",""
"大和シール工業株式会社","7967817095020","","","","","","","538-0042","大阪府大阪市鶴見区今津中一丁目9-21","","","","","","","","","","","","","","","4120001002129","","","",""
"株式会社大和パツキング商会","1619764789866","","","","","","","121-0052","東京都足立区六木一丁目1-9","","","","","","","","","","","","","","","7011801009230","","","",""
"有限会社ダキシス","3463494054503","","","","","","","150-0013","東京都渋谷区恵比寿一丁目21-12","","","","","","","","","","","","","","","3012302007347","","","",""
"有限会社ダブサーフィングウェットスーツ","2216622261791","","","","","","","254-0016","神奈川県平塚市東八幡三丁目1-21","","","","","","","","","","","","","","","2021002058733","","","",""
"株式会社ダブレス","1881233996308","","","","","","","120-0044","東京都足立区千住緑町三丁目6-8","","","","","","","","","","","","","","","5011801009752","","","",""
"有限会社ダルマ屋","7572375091502","","","","","","","116-0013","東京都荒川区西日暮里六丁目51-2 東林ビル302号室","","","","","","","","","","","","","","","9011502009734","","","",""
"株式会社ダロック","2288635940522","","","","","","","060-0041","北海道札幌市中央区大通東七丁目1-159 エルフラット1F","","","","","","","","","","","","","","","4430001072413","","","",""
"株式会社團帝ゴム工業所","6577560246527","","","","","","","590-0903","大阪府堺市堺区松屋町一丁57","","","","","","","","","","","","","","","8120101004129","","","",""
"檀浦ゴム株式会社","5223281924538","","","","","","","543-0037","大阪府大阪市天王寺区上之宮町1-13","","","","","","","","","","","","","","","5120001024089","","","",""
"株式会社ダンロップリトレッドサービス","6364823668956","","","","","","","675-1318","兵庫県小野市北丘町355-9","","","","","","","","","","","","","","","7140001076762","","","",""
"チエリーケミカル工業株式会社","8141924077834","","","","","","","105-0001","東京都港区虎ノ門二丁目5-5 櫻ビル10階","","","","","","","","","","","","","","","1011801009772","","","",""
"チェリー工業有限会社","7151571265836","","","","","","","420-0068","静岡県静岡市葵区田町七丁目71","","","","","","","","","","","","","","","7080002003838","","","",""
"有限会社千曲川ゴム製作所","1111211882617","","","","","","","131-0043","東京都墨田区立花五丁目19-16","","","","","","","","","","","","","","","3010602012868","","","",""
"智昌加工株式会社","1539446599371","","","","","","","572-0075","大阪府寝屋川市葛原一丁目2-14","","","","","","","","","","","","","","","9120001156242","","","",""
"知多ゴム工業株式会社","5237064172682","","","","","","","490-1441","愛知県海部郡飛島村政成二丁目58","","","","","","","","","","","","","","","7180001097409","","","",""
"チャオ株式会社","8256679484359","","","","","","","653-0054","兵庫県神戸市長田区長楽町六丁目2-29 チャレンジビル1階","","","","","","","","","","","","","","","7140001102741","","","",""
"株式会社チヤーリー","3020247392691","","","","","","","150-0001","東京都渋谷区神宮前三丁目15-10 401号","","","","","","","","","","","","","","","6011001014131","","","",""
"株式会社中央","7974374846346","","","","","","","600-8119","京都府京都市下京区本塩竈町533","","","","","","","","","","","","","","","9130001018061","","","",""
"有限会社中央ウレタン","4544857798280","","","","","","","350-1257","埼玉県日高市大字横手776-1","","","","","","","","","","","","","","","5030002120607","","","",""
"有限会社中央ゴム","4853160046325","","","","","","","700-0942","岡山県岡山市南区豊成三丁目9-29","","","","","","","","","","","","","","","9260002006416","","","",""
"中央樹脂化学株式会社","2399065527084","","","","","","","362-0806","埼玉県北足立郡伊奈町大字小室7116-1","","","","","","","","","","","","","","","5030001043841","","","",""
"株式会社中央物産","9057562547263","","","","","","","508-0011","岐阜県中津川市駒場1666-3437","","","","","","","","","","","","","","","4200001023414","","","",""
"有限会社中外","6982131236316","","","","","","","136-0071","東京都江東区亀戸五丁目40-16","","","","","","","","","","","","","","","8010602020271","","","",""
"株式会社中京ゴム","7182437424462","","","","","","","456-0058","愛知県名古屋市熱田区六番二丁目10-24","","","","","","","","","","","","","","","5180001022228","","","",""
"中興ベルト株式会社","2610120586556","","","","","","","222-0033","神奈川県横浜市港北区新横浜三丁目18-20 パシフィックマークス新横浜9F","","","","","","","","","","","","","","","6010401083843","","","",""
"中国ゴム印株式会社","4480489959957","","","","","","","733-0005","広島県広島市西区三滝町5-11","","","","","","","","","","","","","","","7240001006602","","","",""
"中国ゴム工業株式会社","9200220730213","","","","","","","653-0022","兵庫県神戸市長田区東尻池町五丁目2-28","","","","","","","","","","","","","","","8140001016461","","","",""
"有限会社中国パッキン製作所","9796538053344","","","","","","","745-0002","山口県周南市二番町三丁目32","","","","","","","","","","","","","","","1250002015739","","","",""
"株式会社中勢ゴム","7345683533330","","","","","","","514-2303","三重県津市安濃町内多400","","","","","","","","","","","","","","","6190001001584","","","",""
"中濃産業株式会社","2060505837960","","","","","","","501-1534","岐阜県本巣市根尾神所362-1","","","","","","","","","","","","","","","5200001010056","","","",""
"中部高圧ホース株式会社","6007767475337","","","","","","","454-0825","愛知県名古屋市中川区好本町一丁目24","","","","","","","","","","","","","","","1180002055098","","","",""
"中部ゴム株式会社","7307819029783","","","","","","","458-0815","愛知県名古屋市緑区徳重五丁目1116","","","","","","","","","","","","","","","6180001028463","","","",""
"中部パッキング有限会社","1247059552459","","","","","","","455-0821","愛知県名古屋市港区高木町一丁目24-8","","","","","","","","","","","","","","","2180002044942","","","",""
"千代田ゴム株式会社","5761051210594","","","","","","","101-0045","東京都千代田区神田鍛冶町三丁目3-3","","","","","","","","","","","","","","","9010001022835","","","",""
"千代田ゴム工業株式会社","3448363738386","","","","","","","170-0011","東京都豊島区池袋本町一丁目17-18","","","","","","","","","","","","","","","3013301007461","","","",""
"千代田商事株式会社","6310272895536","","","","","","","661-0002","兵庫県尼崎市塚口町四丁目33-43","","","","","","","","","","","","","","","1140001050013","","","",""
"有限会社ツインケミカル","6683260872682","","","","","","","550-0023","大阪府大阪市西区千代崎一丁目7-10","","","","","","","","","","","","","","","8120002022444","","","",""
"ツインスターテクノロジー株式会社","6813367962194","","","","","","","358-0054","埼玉県入間市大字野田233-8","","","","","","","","","","","","","","","8030001028162","","","",""
"株式会社ツインズ","9326939802293","","","","","","","654-0026","兵庫県神戸市須磨区大池町三丁目1-8","","","","","","","","","","","","","","","1140001020040","","","",""
"塚口タイヤ株式会社","3645869286280","","","","","","","661-0011","兵庫県尼崎市東塚口町二丁目4-54","","","","","","","","","","","","","","","8140001050031","","","",""
"株式会社ツカサ","8973140288088","","","","","","","950-3134","新潟県新潟市北区新崎386-18","","","","","","","","","","","","","","","8110001009105","","","",""
"司ゴム工業株式会社","6980433074621","","","","","","","124-0013","東京都葛飾区東立石一丁目24-3","","","","","","","","","","","","","","","8011801002960","","","",""
"株式会社司電子","5412924901299","","","","","","","400-0212","山梨県南アルプス市下今諏訪中河原907-12","","","","","","","","","","","","","","","9090001004958","","","",""
"株式会社塚本ゴム","9567268762510","","","","","","","288-0868","千葉県銚子市塚本町55","","","","","","","","","","","","","","","7040001062327","","","",""
"株式会社ツガル","3564374459971","","","","","","","342-0043","埼玉県吉川市大字小松川544-1","","","","","","","","","","","","","","","1030001065641","","","",""
"有限会社つくばゴム製作所","2317433392401","","","","","","","341-0016","埼玉県三郷市田中新田374-17","","","","","","","","","","","","","","","6030002049325","","","",""
"有限会社ツゲ商会","4422483363209","","","","","","","485-0067","愛知県小牧市藤島町居屋敷286-2","","","","","","","","","","","","","","","1180002069461","","","",""
"ツーコーパツキング工業株式会社","2250655867576","","","","","","","555-0022","大阪府大阪市西淀川区柏里一丁目1-9","","","","","","","","","","","","","","","5120001050135","","","",""
"株式会社對馬金物店","8124374357919","","","","","","","030-0811","青森県青森市青柳一丁目7-15","","","","","","","","","","","","","","","1420001001409","","","",""
"辻化成株式会社","6835286091961","","","","","","","578-0932","大阪府東大阪市玉串町東三丁目5-63","","","","","","","","","","","","","","","6122001005126","","","",""
"株式会社辻幸商店","4268972606520","","","","","","","411-0853","静岡県三島市大社町1-23","","","","","","","","","","","","","","","1080101005914","","","",""
"有限会社津田産業","7408415054532","","","","","","","929-1111","石川県かほく市気屋ア68","","","","","","","","","","","","","","","7220002017006","","","",""
"土田ゴム工業株式会社","3513275350316","","","","","","","340-0012","埼玉県草加市神明一丁目7-7","","","","","","","","","","","","","","","7030001035267","","","",""
"つちやゴム株式会社","2787460742189","","","","","","","861-3103","熊本県上益城郡嘉島町大字井寺431-21","","","","","","","","","","","","","","","9330001010873","","","",""
"土谷ゴム化成株式会社","9627196983150","","","","","","","133-0051","東京都江戸川区北小岩六丁目7-5","","","","","","","","","","","","","","","6011701005165","","","",""
"槌屋デカル工業株式会社","5434038531563","","","","","","","472-0006","愛知県知立市山町東並木北22-4","","","","","","","","","","","","","","","3180301014802","","","",""
"株式会社都竹ゴム","4451712828795","","","","","","","509-3103","岐阜県下呂市小坂町大垣内1130-1","","","","","","","","","","","","","","","9200001025835","","","",""
"株式会社綱嶋工業所","3717052669575","","","","","","","670-0823","兵庫県姫路市宮上町二丁目38","","","","","","","","","","","","","","","6140001060098","","","",""
"株式会社ツノダ","6745873032463","","","","","","","133-0056","東京都江戸川区南小岩七丁目34-7","","","","","","","","","","","","","","","4011701012832","","","",""
"有限会社津野田ゴム加工所","8352424560907","","","","","","","851-2123","長崎県西彼杵郡長与町平木場郷609","","","","","","","","","","","","","","","8310002008143","","","",""
"ツバキ山久チエイン株式会社","6409676738070","","","","","","","346-0028","埼玉県久喜市河原井町11","","","","","","","","","","","","","","","2010401029998","","","",""
"有限会社ツムラヤ","1043363217085","","","","","","","969-0253","福島県西白河郡矢吹町明新西66","","","","","","","","","","","","","","","8380002018152","","","",""
"艶繊株式会社","8112934130071","","","","","","","501-0124","岐阜県岐阜市鏡島中二丁目4-1","","","","","","","","","","","","","","","3200001003466","","","",""
"鶴岡ラバー化成株式会社","5783615575360","","","","","","","270-1407","千葉県白井市名内315-10","","","","","","","","","","","","","","","2040001043892","","","",""
"株式会社弦巻ゴム製作所","7833386636469","","","","","","","133-0043","東京都江戸川区松本一丁目13-12","","","","","","","","","","","","","","","6011701005181","","","",""
"有限会社鶴間ラミネート","6676552615960","","","","","","","361-0054","埼玉県行田市城南14-37","","","","","","","","","","","","","","","1030002117978","","","",""
"鶴見化学工業株式会社","7456193939227","","","","","","","314-0255","茨城県神栖市砂山28","","","","","","","","","","","","","","","5050001020995","","","",""
"株式会社ツーワン","3602250554399","","","","","","","513-0032","三重県鈴鹿市池田町1228","","","","","","","","","","","","","","","1190001005210","","","",""
"有限会社ティー・アール・シー","5283033781554","","","","","","","039-1103","青森県八戸市長苗代二丁目16-3","","","","","","","","","","","","","","","8420002007860","","","",""
"株式会社Ｔ＆Ｇヒーター","2955138994885","","","","","","","458-0847","愛知県名古屋市緑区浦里五丁目218-1","","","","","","","","","","","","","","","8180001046793","","","",""
"株式会社ＴＡＴ","4323478791723","","","","","","","653-0835","兵庫県神戸市長田区細田町三丁目1-22","","","","","","","","","","","","","","","8140001095976","","","",""
"株式会社ティエス","1494167649847","","","","","","","739-0041","広島県東広島市西条町寺家7278-1","","","","","","","","","","","","","","","9240001023406","","","",""
"株式会社ティー・エー・ディー","9461210384951","","","","","","","143-0025","東京都大田区南馬込二丁目29-16","","","","","","","","","","","","","","","4010801014697","","","",""
"株式会社ティーエヌ製作所","9360462573516","","","","","","","491-0832","愛知県一宮市若竹四丁目2-9","","","","","","","","","","","","","","","3180001083148","","","",""
"ティーエフシー株式会社","3727204415600","","","","","","","581-0802","大阪府八尾市北本町四丁目6-6","","","","","","","","","","","","","","","9122001019354","","","",""
"株式会社ティエムエフ","2849300343361","","","","","","","491-0827","愛知県一宮市三ツ井五丁目18-5","","","","","","","","","","","","","","","9180001084776","","","",""
"株式会社ティ・キュー・ワン・エコ","6747126386009","","","","","","","350-0812","埼玉県川越市大字下小坂328-2","","","","","","","","","","","","","","","2030001058883","","","",""
"テイケイ気化器株式会社","4249745017691","","","","","","","471-0834","愛知県豊田市寿町五丁目10","","","","","","","","","","","","","","","9180301018715","","","",""
"有限会社ティーツー","7128237702660","","","","","","","274-0051","千葉県船橋市車方町1141-6","","","","","","","","","","","","","","","4040002023792","","","",""
"株式会社ＴＴＲ","3640278251838","","","","","","","950-3312","新潟県新潟市北区笠柳1-1","","","","","","","","","","","","","","","9110001028310","","","",""
"株式会社Ｔ．Ｔ．ＲＵＢＢＥＲ","5588900814575","","","","","","","270-2214","千葉県松戸市松飛台239-4","","","","","","","","","","","","","","","6040001041232","","","",""
"帝都工業資材株式会社","4904080567248","","","","","","","144-0035","東京都大田区南蒲田三丁目10-6","","","","","","","","","","","","","","","4010801007511","","","",""
"テイト興産株式会社","9996006347316","","","","","","","143-0015","東京都大田区大森西二丁目17-31 301号","","","","","","","","","","","","","","","3010801007512","","","",""
"ＴＰＲサンライト株式会社","9018143711762","","","","","","","341-0058","埼玉県三郷市彦江一丁目60","","","","","","","","","","","","","","","3011501001929","","","",""
"ＴＰＲノブカワ株式会社","3843607859682","","","","","","","101-0045","東京都千代田区神田鍛冶町三丁目3 大木ビル2F","","","","","","","","","","","","","","","8010001081774","","","",""
"合同会社ＴＰＭカンパニー","5666157267899","","","","","","","332-0003","埼玉県川口市東領家三丁目8-11","","","","","","","","","","","","","","","1030003009497","","","",""
"株式会社ティーフラップ","6362200894853","","","","","","","432-8045","静岡県浜松市中央区西浅田二丁目2-18 ビジネスパーク西浅田B-15","","","","","","","","","","","","","","","5080401018579","","","",""
"ＴＶＣ株式会社","5558054366904","","","","","","","683-0362","鳥取県西伯郡南部町原938-2","","","","","","","","","","","","","","","9270001003917","","","",""
"株式会社テイワイシイ","5613732475820","","","","","","","309-1231","茨城県桜川市本木1905-1","","","","","","","","","","","","","","","6050001043715","","","",""
"有限会社テーエム・トーイ","8940870852853","","","","","","","133-0071","東京都江戸川区東松本二丁目1-10","","","","","","","","","","","","","","","9011702007711","","","",""
"テクノ化成株式会社","3319389656689","","","","","","","333-0834","埼玉県川口市大字安行領根岸1826-12","","","","","","","","","","","","","","","3030001076133","","","",""
"テクノ化成株式会社","3221996016139","","","","","","","555-0021","大阪府大阪市西淀川区歌島四丁目8-38","","","","","","","","","","","","","","","8120001050149","","","",""
"株式会社テクノ黒崎","7943797770387","","","","","","","710-0014","岡山県倉敷市黒崎222","","","","","","","","","","","","","","","7260001024882","","","",""
"テクノサド株式会社","7329237255113","","","","","","","952-0318","新潟県佐渡市真野新町31-3","","","","","","","","","","","","","","","4110001027639","","","",""
"株式会社テクノ月星","9286137749639","","","","","","","839-1406","福岡県うきは市浮羽町高見215","","","","","","","","","","","","","","","7290001055248","","","",""
"有限会社テクノパッキン","7205384440930","","","","","","","857-1151","長崎県佐世保市日宇町2744-2","","","","","","","","","","","","","","","3310002013924","","","",""
"株式会社テクノフローワン","4063552348830","","","","","","","653-0836","兵庫県神戸市長田区神楽町二丁目3-2","","","","","","","","","","","","","","","9140001016510","","","",""
"株式会社テクノプレニードヒダ","4183981649096","","","","","","","509-0315","岐阜県加茂郡川辺町比久見445-6","","","","","","","","","","","","","","","5200001017497","","","",""
"有限会社テクノラバー","9557309087741","","","","","","","950-0322","新潟県新潟市江南区両川一丁目1201-14","","","","","","","","","","","","","","","8110002008329","","","",""
"テクノロール株式会社","9326745663347","","","","","","","594-1144","大阪府和泉市テクノステージ三丁目4-5","","","","","","","","","","","","","","","1120101041707","","","",""
"株式会社テックササキ","8241173255640","","","","","","","739-1303","広島県広島市安佐北区白木町大字志路井手山302-1","","","","","","","","","","","","","","","2240001007241","","","",""
"有限会社鉄炮塚精工","6777556386262","","","","","","","308-0007","茨城県筑西市折本299","","","","","","","","","","","","","","","5050002042295","","","",""
"有限会社手塚商店","1226808764103","","","","","","","142-0043","東京都品川区二葉三丁目1-23","","","","","","","","","","","","","","","2010702005500","","","",""
"寺崎ゴム工業株式会社","5441223156008","","","","","","","306-0416","茨城県猿島郡境町大字伏木1341-1","","","","","","","","","","","","","","","9050001013954","","","",""
"有限会社寺島ゴム工業所","7030459558410","","","","","","","299-4347","千葉県長生郡長生村小泉1496-6","","","","","","","","","","","","","","","1040002082767","","","",""
"寺戸産業株式会社","4463776690046","","","","","","","734-0011","広島県広島市南区宇品海岸三丁目10-24","","","","","","","","","","","","","","","2240001007290","","","",""
"有限会社テンクパッキング製作所","4220829399329","","","","","","","655-0862","兵庫県神戸市垂水区朝谷町11-20","","","","","","","","","","","","","","","6140002016933","","","",""
"株式会社天昭堂","1541336112532","","","","","","","578-0932","大阪府東大阪市玉串町東三丁目4-6","","","","","","","","","","","","","","","6120001045522","","","",""
"株式会社テント綜合センター","6472122523900","","","","","","","712-8043","岡山県倉敷市広江一丁目14-8","","","","","","","","","","","","","","","8260001014073","","","",""
"有限会社ディーアンドディーカンパニー","3136589525552","","","","","","","064-0806","北海道札幌市中央区南六条西十三丁目3-15","","","","","","","","","","","","","","","4430002045129","","","",""
"ディーエヌプロダクツ株式会社","9602321455636","","","","","","","674-0084","兵庫県明石市魚住町西岡2050","","","","","","","","","","","","","","","9140001036021","","","",""
"株式会社ＤＭＴＳ","1022571907538","","","","","","","463-0079","愛知県名古屋市守山区幸心一丁目1208","","","","","","","","","","","","","","","8180001128039","","","",""
"株式会社デイシーテイ","9309132710446","","","","","","","536-0004","大阪府大阪市城東区今福西三丁目4-17","","","","","","","","","","","","","","","4120001015601","","","",""
"有限会社ディーネツト弐壱","4531935396125","","","","","","","545-0021","大阪府大阪市阿倍野区阪南町二丁目26-27","","","","","","","","","","","","","","","1120002047530","","","",""
"有限会社デコルテ","5988140457070","","","","","","","104-0051","東京都中央区佃一丁目11-6 705号","","","","","","","","","","","","","","","7010002022670","","","",""
"デュポン・東レ・スペシャルティ・マテリアル株式会社","9211442621723","","","","","","","100-0014","東京都千代田区永田町二丁目11-1 山王パークタワー10階","","","","","","","","","","","","","","","6010001023992","","","",""
"有限会社デルタス","3526916780248","","","","","","","690-1401","島根県松江市八束町江島宮ノ脇189-1","","","","","","","","","","","","","","","8280002004410","","","",""
"田園ゴム工業株式会社","5857643395009","","","","","","","131-0041","東京都墨田区八広六丁目43-4","","","","","","","","","","","","","","","4010601013503","","","",""
"デンカ株式会社","2211348122511","","","","","","","103-0022","東京都中央区日本橋室町二丁目1-1","","","","","","","","","","","","","","","3010001008757","","","",""
"デンカエラストリューション株式会社","4676352069328","","","","","","","370-0071","群馬県高崎市小八木町306","","","","","","","","","","","","","","","2070001007127","","","",""
"株式会社トーア","4341864141101","","","","","","","116-0002","東京都荒川区荒川一丁目57-9","","","","","","","","","","","","","","","9011501007771","","","",""
"株式会社トーア・アイアール","8870433314279","","","","","","","174-0055","東京都板橋区泉町6-2","","","","","","","","","","","","","","","2011401004371","","","",""
"トーア産業ゴム株式会社","1692615316391","","","","","","","466-0051","愛知県名古屋市昭和区御器所二丁目4-19","","","","","","","","","","","","","","","7180001008927","","","",""
"トーアテック株式会社","9151974561972","","","","","","","323-0804","栃木県小山市大字萱橋1194","","","","","","","","","","","","","","","6060001014509","","","",""
"株式会社トーイツ","8502640177735","","","","","","","699-3676","島根県益田市遠田町1667","","","","","","","","","","","","","","","1280001005077","","","",""
"東亜インダストリー株式会社","8276511657462","","","","","","","547-0011","大阪府大阪市平野区長吉出戸七丁目2-55","","","","","","","","","","","","","","","4120001021095","","","",""
"東亜ケミカル株式会社","5517457036189","","","","","","","701-0206","岡山県岡山市南区箕島290-1","","","","","","","","","","","","","","","6260001014125","","","",""
"東亜工業株式会社","4938153509152","","","","","","","133-0056","東京都江戸川区南小岩四丁目4-5","","","","","","","","","","","","","","","9011701005501","","","",""
"東亜ゴム工業株式会社","7312442174870","","","","","","","518-0609","三重県名張市西田原413-1","","","","","","","","","","","","","","","1190001009418","","","",""
"株式会社東亜・ソロ・リフォーム","3413925171284","","","","","","","059-0013","北海道登別市幌別町六丁目5-1","","","","","","","","","","","","","","","7430001057361","","","",""
"東亜鉄網株式会社","4369150521022","","","","","","","327-0312","栃木県佐野市栃本町2224","","","","","","","","","","","","","","","8060001020810","","","",""
"東亜ポリマー株式会社","3371084275119","","","","","","","124-0005","東京都葛飾区宝町一丁目8-3","","","","","","","","","","","","","","","5011801003268","","","",""
"東栄化学工業株式会社","5579327519682","","","","","","","379-2206","群馬県伊勢崎市香林町二丁目1284","","","","","","","","","","","","","","","8070001013929","","","",""
"東栄化成株式会社","8226803100362","","","","","","","543-0001","大阪府大阪市天王寺区上本町三丁目3-8","","","","","","","","","","","","","","","7120001024574","","","",""
"東永化成株式会社","7421197371935","","","","","","","121-0824","東京都足立区西伊興一丁目13-27","","","","","","","","","","","","","","","4011801010249","","","",""
"株式会社東栄ゴム工業所","7386795093516","","","","","","","654-0037","兵庫県神戸市須磨区行平町二丁目3-20","","","","","","","","","","","","","","","5140001016489","","","",""
"株式会社東栄製作所","2668962546469","","","","","","","121-0011","東京都足立区中央本町三丁目6-3","","","","","","","","","","","","","","","9011801010252","","","",""
"東王精機工業株式会社","9612618666788","","","","","","","651-2273","兵庫県神戸市西区糀台五丁目5-1 805号","","","","","","","","","","","","","","","3140001016490","","","",""
"東海エンドレス株式会社","9133679168329","","","","","","","437-1203","静岡県磐田市福田3186-6","","","","","","","","","","","","","","","8180001061710","","","",""
"株式会社東海化成九州","4618642008050","","","","","","","879-0600","大分県豊後高田市かなえ台1","","","","","","","","","","","","","","","5320001008055","","","",""
"東海ガスケット工業株式会社","1370599467721","","","","","","","470-0335","愛知県豊田市青木町一丁目24","","","","","","","","","","","","","","","5180301018842","","","",""
"東海機器株式会社","4605822404226","","","","","","","456-0053","愛知県名古屋市熱田区一番三丁目9-6","","","","","","","","","","","","","","","5180001022327","","","",""
"東海興業株式会社","4468946859402","","","","","","","474-0021","愛知県大府市長根町四丁目1","","","","","","","","","","","","","","","9180001092622","","","",""
"株式会社東海産業","9279859751719","","","","","","","816-0906","福岡県大野城市中三丁目7-20","","","","","","","","","","","","","","","1290001040965","","","",""
"東海シーラント工業株式会社","9559216728019","","","","","","","418-0023","静岡県富士宮市山本395-1","","","","","","","","","","","","","","","7080101011618","","","",""
"東海パーツ株式会社","6443975676702","","","","","","","244-0813","神奈川県横浜市戸塚区舞岡町688","","","","","","","","","","","","","","","5020001007748","","","",""
"東海パッキング工業株式会社","1828373744801","","","","","","","533-0013","大阪府大阪市東淀川区豊里四丁目6-20","","","","","","","","","","","","","","","1120001052424","","","",""
"東海油圧器具株式会社","4182628994555","","","","","","","430-0903","静岡県浜松市中央区助信町5-18","","","","","","","","","","","","","","","9080401003461","","","",""
"株式会社東海理化電機製作所","2713460469378","","","","","","","480-0134","愛知県丹羽郡大口町豊田三丁目260","","","","","","","","","","","","","","","5180001081083","","","",""
"株式会社東海ロール工業","2850722642432","","","","","","","425-0073","静岡県焼津市小柳津66-2","","","","","","","","","","","","","","","9080001016062","","","",""
"東華護謨工業株式会社","2369749511684","","","","","","","658-0015","兵庫県神戸市東灘区本山南町六丁目5-10","","","","","","","","","","","","","","","4140001002060","","","",""
"東葛テクノ株式会社","2402200230391","","","","","","","274-0063","千葉県船橋市習志野台四丁目4-7","","","","","","","","","","","","","","","7040001021695","","","",""
"株式会社東金パッキング","6276868162724","","","","","","","189-0002","東京都東村山市青葉町二丁目40-10","","","","","","","","","","","","","","","9012701004575","","","",""
"東京アイデイサービス株式会社","6661255553298","","","","","","","108-0014","東京都港区芝四丁目7-6","","","","","","","","","","","","","","","6010401020383","","","",""
"東京ガスケット工業株式会社","1315490805375","","","","","","","350-0151","埼玉県比企郡川島町八幡六丁目12","","","","","","","","","","","","","","","8030001056568","","","",""
"株式会社東京機革","1848354092532","","","","","","","130-0011","東京都墨田区石原四丁目30-9","","","","","","","","","","","","","","","7010601013054","","","",""
"東京機材株式会社","9058167095288","","","","","","","335-0004","埼玉県蕨市中央六丁目11-24","","","","","","","","","","","","","","","3030001021122","","","",""
"株式会社東京ゴム","3694243206593","","","","","","","413-0015","静岡県熱海市中央町15-5","","","","","","","","","","","","","","","8080101012755","","","",""
"株式会社東京ゴム製作所","2828665818353","","","","","","","252-0823","神奈川県藤沢市菖蒲沢48","","","","","","","","","","","","","","","5021001001492","","","",""
"株式会社東京シオノヤ","3477247280168","","","","","","","141-0031","東京都品川区西五反田七丁目16-6","","","","","","","","","","","","","","","4010701006497","","","",""
"有限会社東京商会","3109774940263","","","","","","","144-0044","東京都大田区本羽田三丁目1-11","","","","","","","","","","","","","","","9010802009898","","","",""
"東京ジャバラ株式会社","8495124251851","","","","","","","321-3232","栃木県宇都宮市氷室町2642","","","","","","","","","","","","","","","9060001003277","","","",""
"有限会社東京総合化成品","4777013460065","","","","","","","158-0082","東京都世田谷区等々力四丁目13-19","","","","","","","","","","","","","","","5010902019561","","","",""
"東京十川ゴム株式会社","3033835515913","","","","","","","130-0026","東京都墨田区両国二丁目18-4","","","","","","","","","","","","","","","6010501028426","","","",""
"東京パーツ株式会社","5681649373151","","","","","","","183-0036","東京都府中市日新町一丁目2-8 MK-2ビル","","","","","","","","","","","","","","","4012401001126","","","",""
"東京ファブリック化工株式会社","7610533359989","","","","","","","165-0022","東京都中野区江古田四丁目4-13","","","","","","","","","","","","","","","6011201003636","","","",""
"東京ファブリック工業株式会社","7104806076159","","","","","","","160-0023","東京都新宿区西新宿二丁目1-1","","","","","","","","","","","","","","","2011101015140","","","",""
"東京プレシジヨン株式会社","2056347504814","","","","","","","180-0001","東京都武蔵野市吉祥寺北町五丁目9-12","","","","","","","","","","","","","","","1011601004593","","","",""
"東京ポーラス工業有限会社","2541975311238","","","","","","","333-0842","埼玉県川口市前川二丁目36-3","","","","","","","","","","","","","","","9030002105141","","","",""
"東京メタリコン株式会社","8824229243096","","","","","","","146-0081","東京都大田区仲池上一丁目20-16","","","","","","","","","","","","","","","8010801007920","","","",""
"東光株式会社","6358295322483","","","","","","","577-0835","大阪府東大阪市柏田西三丁目5-26","","","","","","","","","","","","","","","1122001009379","","","",""
"株式会社東光エンジニアリング","3633355054417","","","","","","","418-0002","静岡県富士宮市中原町184-2","","","","","","","","","","","","","","","2080101011622","","","",""
"有限会社東光ゴム製作所","8123795532132","","","","","","","338-0823","埼玉県さいたま市桜区栄和六丁目9-7","","","","","","","","","","","","","","","6030002009386","","","",""
"株式会社東興社","6718407684314","","","","","","","212-0033","神奈川県川崎市幸区東小倉12-5","","","","","","","","","","","","","","","3020001071300","","","",""
"東西企業株式会社","6375026010427","","","","","","","379-0127","群馬県安中市磯部二丁目13-1","","","","","","","","","","","","","","","6070002014969","","","",""
"東商ゴム工業株式会社","2117131501817","","","","","","","130-0026","東京都墨田区両国二丁目9-12","","","","","","","","","","","","","","","2010601013620","","","",""
"東新株式会社","4871728245238","","","","","","","362-0041","埼玉県上尾市富士見二丁目8-2","","","","","","","","","","","","","","","4030001041854","","","",""
"東神興業株式会社","9034321637430","","","","","","","124-0006","東京都葛飾区堀切二丁目63-6","","","","","","","","","","","","","","","9011801003322","","","",""
"東信工業株式会社","5919539952292","","","","","","","221-0804","神奈川県横浜市神奈川区栗田谷5-29","","","","","","","","","","","","","","","4020001052919","","","",""
"東新ゴム化学株式会社","9232385134443","","","","","","","470-0206","愛知県みよし市莇生町南山ノ上192-4","","","","","","","","","","","","","","","7180301019707","","","",""
"有限会社東伸ゴム工業所","6271164676397","","","","","","","131-0041","東京都墨田区八広四丁目8-17","","","","","","","","","","","","","","","5010602012577","","","",""
"有限会社東伸ゴム商会","4036753463267","","","","","","","486-0951","愛知県春日井市花長町一丁目19-3","","","","","","","","","","","","","","","4180002066729","","","",""
"東絶工業株式会社","6109825762004","","","","","","","532-0005","大阪府大阪市淀川区三国本町二丁目13-26","","","","","","","","","","","","","","","5120001057114","","","",""
"東全ゴム工業株式会社","2076368891494","","","","","","","101-0023","東京都千代田区神田松永町17","","","","","","","","","","","","","","","6010001023885","","","",""
"株式会社東知","3914644689176","","","","","","","504-0014","岐阜県各務原市那加山崎町87-8","","","","","","","","","","","","","","","2200001008516","","","",""
"株式会社東都ラバーインダストリー","9326618059455","","","","","","","333-0844","埼玉県川口市上青木二丁目49-12","","","","","","","","","","","","","","","6030001076262","","","",""
"東備ゴム工業有限会社","4703777161830","","","","","","","705-0036","岡山県備前市閑谷1849","","","","","","","","","","","","","","","6260002031862","","","",""
"東武ゴム工業株式会社","7822453523735","","","","","","","103-0007","東京都中央区日本橋浜町二丁目57-1","","","","","","","","","","","","","","","3010001051501","","","",""
"東武ボンド株式会社","9109196551628","","","","","","","340-0203","埼玉県久喜市桜田五丁目4-1","","","","","","","","","","","","","","","4030001031228","","","",""
"東邦化成工業株式会社","3188163550463","","","","","","","171-0033","東京都豊島区高田二丁目1-12","","","","","","","","","","","","","","","1013301008528","","","",""
"東邦工業ゴム株式会社","7511191679266","","","","","","","600-8264","京都府京都市下京区樽屋町385","","","","","","","","","","","","","","","3130001018182","","","",""
"東邦ゴム加工株式会社","2799422700342","","","","","","","929-0319","石川県河北郡津幡町字能瀬ワ12-3","","","","","","","","","","","","","","","7220001000433","","","",""
"有限会社東邦ゴム工業","5699841467891","","","","","","","121-0836","東京都足立区入谷九丁目30-29","","","","","","","","","","","","","","","7011802016325","","","",""
"東邦ゴム工業株式会社","8622138527162","","","","","","","964-0903","福島県二本松市根崎一丁目241","","","","","","","","","","","","","","","9380001009424","","","",""
"株式会社東豊パツキング製作所","6408595512123","","","","","","","130-0012","東京都墨田区太平二丁目17-7","","","","","","","","","","","","","","","1010601014470","","","",""
"株式会社東北イノアック","2322265992779","","","","","","","987-0005","宮城県遠田郡美里町北浦二又下28","","","","","","","","","","","","","","","2370201000314","","","",""
"東北共栄株式会社","6504176226921","","","","","","","988-0066","宮城県気仙沼市東新城二丁目10-21","","","","","","","","","","","","","","","9370501000932","","","",""
"東北ゴム株式会社","3043619058228","","","","","","","983-0001","宮城県仙台市宮城野区港一丁目1-12","","","","","","","","","","","","","","","6370001002432","","","",""
"東北車輛株式会社","8519136470559","","","","","","","010-0951","秋田県秋田市山王三丁目4-12","","","","","","","","","","","","","","","2410001001920","","","",""
"株式会社東名アーネスト","9212338849441","","","","","","","470-0125","愛知県日進市赤池一丁目3001 第25オーシャンプラザビル502","","","","","","","","","","","","","","","3180001067472","","","",""
"東名ブレージング株式会社","3816433425267","","","","","","","444-0232","愛知県岡崎市合歓木町郷東187","","","","","","","","","","","","","","","1180301001587","","","",""
"遠山産業株式会社","3042655167247","","","","","","","799-0101","愛媛県四国中央市川之江町1570-5","","","","","","","","","","","","","","","8500001014734","","","",""
"株式会社東洋オイルシール製作所","9136079714545","","","","","","","340-0035","埼玉県草加市西町1103-4","","","","","","","","","","","","","","","3030001035345","","","",""
"株式会社東洋化学研究所","9065798340247","","","","","","","662-0934","兵庫県西宮市西宮浜一丁目5-1","","","","","","","","","","","","","","","2140001069556","","","",""
"東洋化学工業株式会社","3983833985933","","","","","","","496-0914","愛知県愛西市東條町西田面21","","","","","","","","","","","","","","","8180001097192","","","",""
"株式会社東洋クオリティワン","1310762308470","","","","","","","350-0812","埼玉県川越市大字下小坂328-2","","","","","","","","","","","","","","","3030001058882","","","",""
"株式会社東洋興業","4727497745335","","","","","","","581-0035","大阪府八尾市西弓削三丁目133","","","","","","","","","","","","","","","7122001019455","","","",""
"東洋ゴム化工品株式会社","8274244770549","","","","","","","675-1112","兵庫県加古郡稲美町六分一1183","","","","","","","","","","","","","","","8011101045421","","","",""
"東陽ゴム工業株式会社","1513642896493","","","","","","","432-8047","静岡県浜松市中央区神田町390-1","","","","","","","","","","","","","","","7080401003661","","","",""
"東陽ゴム工業株式会社","2514813830612","","","","","","","710-0023","岡山県倉敷市帯高695-1","","","","","","","","","","","","","","","9260001014147","","","",""
"東洋ゴム織布株式会社","6788107899685","","","","","","","830-0047","福岡県久留米市津福本町中津留2320-14","","","","","","","","","","","","","","","3290001049245","","","",""
"株式会社東洋ゴム精工","7518493925297","","","","","","","341-0004","埼玉県三郷市上彦名274","","","","","","","","","","","","","","","1030001038663","","","",""
"東洋産業株式会社","5688651435180","","","","","","","636-0113","奈良県生駒郡斑鳩町法隆寺南三丁目8-1","","","","","","","","","","","","","","","3150001007092","","","",""
"東洋産業株式会社","5279890169563","","","","","","","537-0023","大阪府大阪市東成区玉津一丁目9-27 903号","","","","","","","","","","","","","","","2120001013103","","","",""
"株式会社東洋三和フレツクス","4783930083513","","","","","","","811-1235","福岡県那珂川市大字成竹576-5","","","","","","","","","","","","","","","4290001018026","","","",""
"東洋商事株式会社","8552037998846","","","","","","","364-0006","埼玉県北本市北本四丁目88","","","","","","","","","","","","","","","9030001062061","","","",""
"東洋シール工業株式会社","7964900480968","","","","","","","636-0113","奈良県生駒郡斑鳩町法隆寺南三丁目8-1","","","","","","","","","","","","","","","5150001007090","","","",""
"株式会社東洋精工","2669372600302","","","","","","","584-0066","大阪府富田林市錦織北二丁目7-2","","","","","","","","","","","","","","","7120101031066","","","",""
"東洋タピア株式会社","5502520912330","","","","","","","114-0014","東京都北区田端一丁目25-28","","","","","","","","","","","","","","","3010401020361","","","",""
"東洋パツキング株式会社","3259720062890","","","","","","","503-0009","岐阜県大垣市坂下町2","","","","","","","","","","","","","","","9200001014029","","","",""
"東洋マテリアル株式会社","1691923076187","","","","","","","452-0961","愛知県清須市春日東出69","","","","","","","","","","","","","","","1180001045240","","","",""
"東洋理研工業株式会社","3274726800177","","","","","","","672-8057","兵庫県姫路市飾磨区恵美酒337-1","","","","","","","","","","","","","","","5140001060248","","","",""
"東洋リコー株式会社","9680480255393","","","","","","","556-0020","大阪府大阪市浪速区立葉二丁目2-15","","","","","","","","","","","","","","","1120001035882","","","",""
"有限会社十和","8133541771965","","","","","","","335-0005","埼玉県蕨市錦町三丁目6-26","","","","","","","","","","","","","","","5030002025987","","","",""
"株式会社東和","2265295686272","","","","","","","537-0011","大阪府大阪市東成区東今里三丁目5-15","","","","","","","","","","","","","","","7120001213929","","","",""
"東和インテック株式会社","6869170794650","","","","","","","370-0346","群馬県太田市新田上田中町99","","","","","","","","","","","","","","","1070001019809","","","",""
"東和化学株式会社","8933675020283","","","","","","","673-0514","兵庫県三木市志染町戸田1872-92","","","","","","","","","","","","","","","3140001016516","","","",""
"有限会社東和工業","8657091365834","","","","","","","463-0023","愛知県名古屋市守山区今尻町1210","","","","","","","","","","","","","","","7180002000759","","","",""
"有限会社東和工業","9036491770025","","","","","","","738-0026","広島県廿日市市上平良1434-7","","","","","","","","","","","","","","","6240002036723","","","",""
"株式会社東和コーポレーション","6709328030516","","","","","","","830-0047","福岡県久留米市津福本町227","","","","","","","","","","","","","","","5290001049251","","","",""
"東和ゴム株式会社","1268275422432","","","","","","","110-0015","東京都台東区東上野六丁目1-1","","","","","","","","","","","","","","","3010501027991","","","",""
"東和ゴム工業株式会社","4112761606253","","","","","","","891-0145","鹿児島県鹿児島市錦江台一丁目17-3","","","","","","","","","","","","","","","4340001002949","","","",""
"東和ゴム工業株式会社","8090933334243","","","","","","","590-0930","大阪府堺市堺区柳之町西三丁2-12","","","","","","","","","","","","","","","4120101009305","","","",""
"株式会社東和トーケン製作所","1155542623245","","","","","","","444-1221","愛知県安城市和泉町庄司作8-21","","","","","","","","","","","","","","","8180301012834","","","",""
"東和パッキング株式会社","7530824102237","","","","","","","578-0914","大阪府東大阪市箕輪二丁目1-14","","","","","","","","","","","","","","","9122001005180","","","",""
"トーエイ株式会社","8848937990405","","","","","","","459-8001","愛知県名古屋市緑区大高町坊主山5","","","","","","","","","","","","","","","1180001038748","","","",""
"有限会社享栄ゴム工業所","1900454286668","","","","","","","270-0222","千葉県野田市木間ケ瀬2454-127","","","","","","","","","","","","","","","3040002097945","","","",""
"有限会社トーカイ浜松","1931134332133","","","","","","","438-0067","静岡県磐田市草崎131","","","","","","","","","","","","","","","7080402019772","","","",""
"トーカイベルトサービス株式会社","6432963622376","","","","","","","640-8287","和歌山県和歌山市築港二丁目13","","","","","","","","","","","","","","","4170001002264","","","",""
"株式会社十川","2758117644377","","","","","","","349-0101","埼玉県蓮田市大字黒浜704","","","","","","","","","","","","","","","4030001018464","","","",""
"株式会社十川ゴム","1377457353358","","","","","","","550-0015","大阪府大阪市西区南堀江四丁目2-5","","","","","","","","","","","","","","","2120001045823","","","",""
"株式会社トキ商会","6822074005073","","","","","","","467-0015","愛知県名古屋市瑞穂区十六町一丁目82-4","","","","","","","","","","","","","","","4180001010695","","","",""
"有限会社鴇田ゴム工業所","1846988564536","","","","","","","131-0044","東京都墨田区文花二丁目2-16","","","","","","","","","","","","","","","7010602016931","","","",""
"株式会社トーキョータイヤ","4927620393200","","","","","","","892-0824","鹿児島県鹿児島市堀江町8-21","","","","","","","","","","","","","","","8340001011137","","","",""
"株式会社トキワ","1033657796644","","","","","","","540-0015","大阪府大阪市中央区十二軒町7-2","","","","","","","","","","","","","","","4120001085553","","","",""
"常盤ゴム株式会社","4003603874741","","","","","","","124-0022","東京都葛飾区奥戸二丁目37-15","","","","","","","","","","","","","","","9011801015094","","","",""
"常盤ゴム販売株式会社","1912350315776","","","","","","","537-0024","大阪府大阪市東成区東小橋一丁目6-12","","","","","","","","","","","","","","","9120001013063","","","",""
"株式会社徳市商店","8924245760757","","","","","","","176-0012","東京都練馬区豊玉北四丁目17-1","","","","","","","","","","","","","","","2011603000094","","","",""
"株式会社徳重","3013392364327","","","","","","","450-0002","愛知県名古屋市中村区名駅四丁目6-23 第三堀内ビルディング7F","","","","","","","","","","","","","","","7180301017017","","","",""
"特技ゴム株式会社","2525263305337","","","","","","","537-0021","大阪府大阪市東成区東中本三丁目10-23","","","","","","","","","","","","","","","3120001104248","","","",""
"特殊ゴム研工業株式会社","2805679431281","","","","","","","332-0031","埼玉県川口市青木三丁目23-10","","","","","","","","","","","","","","","3030001076348","","","",""
"徳武産業株式会社","2204495430746","","","","","","","761-0901","香川県さぬき市大川町富田西3007","","","","","","","","","","","","","","","7470001011050","","","",""
"有限会社德田ゴム工業所","9048233601417","","","","","","","211-0011","神奈川県川崎市中原区下沼部1935","","","","","","","","","","","","","","","9020002084411","","","",""
"株式会社徳永","2668879544896","","","","","","","538-0031","大阪府大阪市鶴見区茨田大宮二丁目3-20","","","","","","","","","","","","","","","5120001002292","","","",""
"株式会社徳丸","3489316936256","","","","","","","544-0012","大阪府大阪市生野区巽西四丁目3-8","","","","","","","","","","","","","","","7120001021019","","","",""
"株式会社トクヤマ","7342522772073","","","","","","","633-0007","奈良県桜井市大字外山343-1","","","","","","","","","","","","","","","9150001009439","","","",""
"徳山産業株式会社","3832145754777","","","","","","","731-1504","広島県山県郡北広島町寺原3687","","","","","","","","","","","","","","","3240001023956","","","",""
"株式会社トクワ産業","5951712676667","","","","","","","424-0826","静岡県静岡市清水区万世町二丁目6-12","","","","","","","","","","","","","","","5080001008781","","","",""
"有限会社トシズ・マリン・プロジェクト","7423058395588","","","","","","","243-0422","神奈川県海老名市中新田三丁目30-20","","","","","","","","","","","","","","","3021002045367","","","",""
"トーシン産業株式会社","6309955698146","","","","","","","170-0013","東京都豊島区東池袋三丁目23-22 1301号","","","","","","","","","","","","","","","7013301008448","","","",""
"トスピック株式会社","3642530759134","","","","","","","924-0004","石川県白山市旭丘二丁目43","","","","","","","","","","","","","","","2220001009289","","","",""
"株式会社ＴＯＺＥＮ","3595115583215","","","","","","","342-0008","埼玉県吉川市旭8-4","","","","","","","","","","","","","","","4030001065812","","","",""
"トダゴム工業株式会社","1177740677724","","","","","","","124-0006","東京都葛飾区堀切一丁目30-18","","","","","","","","","","","","","","","4011801003459","","","",""
"株式会社トチギ","7463015283269","","","","","","","338-0012","埼玉県さいたま市中央区大戸五丁目24-16","","","","","","","","","","","","","","","3030001005901","","","",""
"栃木カネカ株式会社","4805801875224","","","","","","","321-4367","栃木県真岡市鬼怒ケ丘14","","","","","","","","","","","","","","","3060001009387","","","",""
"栃木ゴム株式会社","8623004271830","","","","","","","329-1411","栃木県さくら市鷲宿4573","","","","","","","","","","","","","","","3010501018792","","","",""
"有限会社鳥取潜水","9793333086554","","","","","","","689-3124","鳥取県西伯郡大山町上市170-1","","","","","","","","","","","","","","","7270002008264","","","",""
"株式会社トップピット","6734083819586","","","","","","","446-0007","愛知県安城市東栄町五丁目5-2","","","","","","","","","","","","","","","1180301015414","","","",""
"トーテックス株式会社","4614910000733","","","","","","","362-0058","埼玉県上尾市大字上野765","","","","","","","","","","","","","","","6030001041844","","","",""
"株式会社トーテム","6530974515214","","","","","","","976-0032","福島県相馬市大曲大毛内22","","","","","","","","","","","","","","","6380002029762","","","",""
"ＴＯＴＯプラテクノ株式会社","4710483873161","","","","","","","828-0021","福岡県豊前市大字八屋322-43","","","","","","","","","","","","","","","7290801015442","","","",""
"有限会社等々力製作所","4588759849664","","","","","","","399-0033","長野県松本市大字笹賀6016-5 大久保工場公園団地内","","","","","","","","","","","","","","","6100002020889","","","",""
"外池産業株式会社","4649936779854","","","","","","","321-3232","栃木県宇都宮市氷室町1729-16","","","","","","","","","","","","","","","6060001003222","","","",""
"有限会社トビシマゴム","2951613330243","","","","","","","490-1442","愛知県海部郡飛島村大字古政成一丁目27","","","","","","","","","","","","","","","8180002090543","","","",""
"株式会社トビタ","3420547813540","","","","","","","114-0002","東京都北区王子四丁目23-13","","","","","","","","","","","","","","","6011501003352","","","",""
"戸邊ゴム商工有限会社","7969816401837","","","","","","","131-0032","東京都墨田区東向島六丁目59-4","","","","","","","","","","","","","","","6010602014829","","","",""
"株式会社トーホーゴム","3009113374750","","","","","","","584-0052","大阪府富田林市大字佐備404","","","","","","","","","","","","","","","7120001003891","","","",""
"トーホーポリマー株式会社","3581452396272","","","","","","","101-0052","東京都千代田区神田小川町三丁目28-7 603","","","","","","","","","","","","","","","2010001052376","","","",""
"株式会社トマックス","5648528632651","","","","","","","448-0003","愛知県刈谷市一ツ木町八丁目13-1","","","","","","","","","","","","","","","1180301014309","","","",""
"有限会社トミス自動車","6384963834632","","","","","","","795-0064","愛媛県大洲市東大洲986-3","","","","","","","","","","","","","","","3500002011768","","","",""
"株式会社富田タイヤサービス","7329969854457","","","","","","","370-2344","群馬県富岡市黒川1654-1","","","","","","","","","","","","","","","1070001029353","","","",""
"トミダゴム株式会社","5522776078453","","","","","","","466-0058","愛知県名古屋市昭和区白金三丁目17-1","","","","","","","","","","","","","","","4180001008946","","","",""
"有限会社富永ゴム工業所","4963240470443","","","","","","","341-0037","埼玉県三郷市高州一丁目64-4","","","","","","","","","","","","","","","1030002049370","","","",""
"株式会社富藤製作所","5392252328259","","","","","","","116-0003","東京都荒川区南千住六丁目60-14","","","","","","","","","","","","","","","4011501007933","","","",""
"有限会社富谷エンドレス工業","2809552418629","","","","","","","990-0813","山形県山形市桧町一丁目6-5","","","","","","","","","","","","","","","1390002001948","","","",""
"有限会社トミヤ工販","7678325056393","","","","","","","960-1102","福島県福島市永井川松木下82-1","","","","","","","","","","","","","","","7380002002512","","","",""
"有限会社富谷ゴム工業","8777868559111","","","","","","","309-1347","茨城県桜川市富谷1833","","","","","","","","","","","","","","","7050002044141","","","",""
"有限会社冨山ゴム工業","9323214570121","","","","","","","270-0001","千葉県松戸市幸田四丁目33-2","","","","","","","","","","","","","","","7040002047574","","","",""
"有限会社トモエ","8789004936728","","","","","","","503-0006","岐阜県大垣市加賀野一丁目625","","","","","","","","","","","","","","","4200002012944","","","",""
"有限会社トモエ","6913807273872","","","","","","","411-0914","静岡県駿東郡清水町畑中64-33","","","","","","","","","","","","","","","3080102011091","","","",""
"株式会社友象","2518294814412","","","","","","","879-5504","大分県由布市挾間町下市757","","","","","","","","","","","","","","","2320002007067","","","",""
"有限会社戸谷ゴム工業所","7347345285622","","","","","","","350-1134","埼玉県川越市大字扇河岸98","","","","","","","","","","","","","","","4030002074374","","","",""
"株式会社トヤマ弘進","2704400632357","","","","","","","932-0052","富山県小矢部市泉町1-12","","","","","","","","","","","","","","","2230001009049","","","",""
"株式会社豊栄商事","3865555412451","","","","","","","308-0803","茨城県筑西市直井1297-4","","","","","","","","","","","","","","","9050001031948","","","",""
"トーヨー産業株式会社","7035063895627","","","","","","","340-0835","埼玉県八潮市大字浮塚336-1","","","","","","","","","","","","","","","9030001036214","","","",""
"ＴＯＹＯ　ＴＩＲＥ株式会社","5335368384090","","","","","","","664-0847","兵庫県伊丹市藤ノ木二丁目2-13","","","","","","","","","","","","","","","7120001049019","","","",""
"株式会社トーヨータイヤジャパン","7243722801213","","","","","","","664-0847","兵庫県伊丹市藤ノ木二丁目2-13","","","","","","","","","","","","","","","9010001108428","","","",""
"トーヨータイヤ成田サービス有限会社","7273038649499","","","","","","","286-0025","千葉県成田市東町91-1","","","","","","","","","","","","","","","6040002055454","","","",""
"有限会社トーヨータイヤ新見販売","9653815338353","","","","","","","718-0011","岡山県新見市新見137-4","","","","","","","","","","","","","","","9260002027263","","","",""
"トーヨータイヤ物流株式会社","1271326912879","","","","","","","664-0847","兵庫県伊丹市藤ノ木二丁目2-13","","","","","","","","","","","","","","","6120001045910","","","",""
"トヨタ紡織九州株式会社","7278714885260","","","","","","","842-0007","佐賀県神埼市神埼町鶴1600","","","","","","","","","","","","","","","2300001003151","","","",""
"豊田合成日乃出株式会社","1008039695576","","","","","","","512-1111","三重県四日市市山田町260-1","","","","","","","","","","","","","","","9190001016002","","","",""
"株式会社豊田商会","4056192340361","","","","","","","544-0006","大阪府大阪市生野区中川東二丁目2-14","","","","","","","","","","","","","","","7120001018238","","","",""
"株式会社トヨックス","7569483028795","","","","","","","938-0806","富山県黒部市前沢4371","","","","","","","","","","","","","","","1230001007383","","","",""
"ＴＯＹＯ　ＴＲＡＤＩＮＧ株式会社","2999039345945","","","","","","","275-0016","千葉県習志野市津田沼四丁目10-30 0033号","","","","","","","","","","","","","","","1010601042001","","","",""
"株式会社豊中ホツト研究所","9068785567417","","","","","","","561-0859","大阪府豊中市服部豊町一丁目3-11","","","","","","","","","","","","","","","4120901024791","","","",""
"豊実ゴム株式会社","4118711632025","","","","","","","125-0063","東京都葛飾区白鳥四丁目22-13","","","","","","","","","","","","","","","6011801004364","","","",""
"トーヨーリトレッド株式会社","7691565516646","","","","","","","941-0058","新潟県糸魚川市寺町三丁目10-15","","","","","","","","","","","","","","","5110001021789","","","",""
"鳥居工業株式会社","4285246266874","","","","","","","192-0033","東京都八王子市高倉町66-1","","","","","","","","","","","","","","","1012401012836","","","",""
"有限会社鳥山ゴム","5185267421874","","","","","","","116-0003","東京都荒川区南千住七丁目27-11","","","","","","","","","","","","","","","9011502010139","","","",""
"株式会社トレンドエース","3600132278902","","","","","","","639-0227","奈良県香芝市鎌田167-1","","","","","","","","","","","","","","","6150001015043","","","",""
"株式会社トンボ鉛筆","5074476025314","","","","","","","114-0003","東京都北区豊島六丁目10-12","","","","","","","","","","","","","","","2011501003348","","","",""
"トンボ産業株式会社","9148627338826","","","","","","","420-0871","静岡県静岡市葵区昭府二丁目35-3","","","","","","","","","","","","","","","2080001009989","","","",""
"有限会社ドアーテック","8490102748352","","","","","","","812-0894","福岡県福岡市博多区諸岡二丁目10-23","","","","","","","","","","","","","","","6290002030440","","","",""
"有限会社堂島製作所","7058403618840","","","","","","","598-0076","大阪府泉佐野市貝田町二丁目7-32","","","","","","","","","","","","","","","9120102028464","","","",""
"道藤ゴム工業株式会社","2295624519524","","","","","","","066-0075","北海道千歳市北信濃776-7","","","","","","","","","","","","","","","2430001043770","","","",""
"道南高圧ホース株式会社","9419978256429","","","","","","","041-1222","北海道北斗市千代田555-3","","","","","","","","","","","","","","","4440001005611","","","",""
"有限会社道南ゴム","9594289132776","","","","","","","050-0087","北海道室蘭市仲町12","","","","","","","","","","","","","","","7430002065974","","","",""
"道北高圧ホース株式会社","1629725224231","","","","","","","098-0502","北海道名寄市風連町北栄町150-1","","","","","","","","","","","","","","","2450001007947","","","",""
"株式会社ドクターフィット","9851208364651","","","","","","","654-0043","兵庫県神戸市須磨区外浜町二丁目3-8","","","","","","","","","","","","","","","9140001027326","","","",""
"株式会社ドーワコーポレィション","5861970352661","","","","","","","343-0116","埼玉県北葛飾郡松伏町大字下赤岩297-1","","","","","","","","","","","","","","","9030001065378","","","",""
"内外ゴム株式会社","5062824689506","","","","","","","674-0084","兵庫県明石市魚住町西岡2050","","","","","","","","","","","","","","","1140001009744","","","",""
"株式会社ナイガイサービス","6311501366933","","","","","","","674-0084","兵庫県明石市魚住町西岡2050","","","","","","","","","","","","","","","2140001035228","","","",""
"内外マテリアル株式会社","3453045340451","","","","","","","210-0832","神奈川県川崎市川崎区池上新町三丁目2-2","","","","","","","","","","","","","","","1020001073802","","","",""
"有限会社内藤ゴム工業","6563274232123","","","","","","","472-0001","愛知県知立市八橋町山田谷8-479","","","","","","","","","","","","","","","4180302019568","","","",""
"有限会社直江パツキング製作所","3221905278787","","","","","","","141-0032","東京都品川区大崎一丁目20-19","","","","","","","","","","","","","","","7010702005933","","","",""
"中井ゴム工業株式会社","5580660346355","","","","","","","600-8028","京都府京都市下京区植松町705","","","","","","","","","","","","","","","7130001018261","","","",""
"株式会社中岡工業所","3585058582267","","","","","","","653-0042","兵庫県神戸市長田区二葉町三丁目4-1 1203号","","","","","","","","","","","","","","","4140001031019","","","",""
"株式会社ＮＡＫＡＧＡＷＡ","6452962729615","","","","","","","515-0831","三重県松阪市岡本町218-1","","","","","","","","","","","","","","","8190001011004","","","",""
"中川ゴム株式会社","3695991183798","","","","","","","550-0005","大阪府大阪市西区西本町一丁目14-13","","","","","","","","","","","","","","","7120001045983","","","",""
"中川ゴム工業株式会社","7547650291320","","","","","","","485-0829","愛知県小牧市小牧原三丁目17","","","","","","","","","","","","","","","1180001076244","","","",""
"有限会社中川ゴム工業所","9520320611851","","","","","","","807-1311","福岡県鞍手郡鞍手町大字小牧197","","","","","","","","","","","","","","","1290802020819","","","",""
"株式会社中川商会","3642860218707","","","","","","","630-0142","奈良県生駒市北田原町1424-1","","","","","","","","","","","","","","","8150001005075","","","",""
"中川商工株式会社","4947362540295","","","","","","","370-0065","群馬県高崎市末広町87","","","","","","","","","","","","","","","5070001007891","","","",""
"中下合金有限会社","2582382491089","","","","","","","739-2732","広島県東広島市黒瀬町津江4956-1","","","","","","","","","","","","","","","4240002033549","","","",""
"株式会社ナカシマ","7112938474812","","","","","","","509-0145","岐阜県各務原市鵜沼朝日町二丁目20-1","","","","","","","","","","","","","","","9200001007370","","","",""
"中島ゴム工業株式会社","3070952070541","","","","","","","830-0047","福岡県久留米市津福本町上津留2305-10","","","","","","","","","","","","","","","9290001050346","","","",""
"有限会社中島革ゴムローラー製作所","1113170052512","","","","","","","142-0053","東京都品川区中延一丁目7-9","","","","","","","","","","","","","","","6010702005975","","","",""
"有限会社中島商会","3432992799460","","","","","","","271-0094","千葉県松戸市上矢切235","","","","","","","","","","","","","","","5040002047642","","","",""
"中宗機工株式会社","9443943537774","","","","","","","763-0084","香川県丸亀市飯野町東二1397","","","","","","","","","","","","","","","8470001007428","","","",""
"株式会社ナカタ","6074599297745","","","","","","","733-0006","広島県広島市西区三篠北町16-7","","","","","","","","","","","","","","","1240001007845","","","",""
"株式会社ナカタニ","1478217255419","","","","","","","457-0821","愛知県名古屋市南区弥次ヱ町二丁目16","","","","","","","","","","","","","","","4180002014373","","","",""
"有限会社中谷ゴム","2551564543826","","","","","","","501-3936","岐阜県関市倉知2177-7","","","","","","","","","","","","","","","5200002025648","","","",""
"中谷パッキング工業株式会社","5363618098583","","","","","","","535-0022","大阪府大阪市旭区新森四丁目15-17","","","","","","","","","","","","","","","4120001000891","","","",""
"仲田産業株式会社","2054279473590","","","","","","","131-0045","東京都墨田区押上一丁目43-12","","","","","","","","","","","","","","","6010601013914","","","",""
"有限会社中塚テント","6877217440002","","","","","","","870-0891","大分県大分市荏隈町一丁目8-11","","","","","","","","","","","","","","","2320002008156","","","",""
"有限会社ナカネシール","7847897517517","","","","","","","734-0055","広島県広島市南区向洋新町二丁目19-29","","","","","","","","","","","","","","","7240002011782","","","",""
"有限会社中野産業","8886198065721","","","","","","","729-0112","広島県福山市神村町3112-4","","","","","","","","","","","","","","","2240002042072","","","",""
"株式会社中野製作所","1011307427231","","","","","","","571-0015","大阪府門真市三ツ島四丁目24-8","","","","","","","","","","","","","","","9120001157934","","","",""
"株式会社中野製作所","6598678530226","","","","","","","124-0021","東京都葛飾区細田三丁目30-6","","","","","","","","","","","","","","","1011801003585","","","",""
"ナカハラ・インコム株式会社","6752616469859","","","","","","","713-8101","岡山県倉敷市玉島上成595","","","","","","","","","","","","","","","2260002020101","","","",""
"株式会社ナカバリコート","2713823235492","","","","","","","779-2305","徳島県海部郡美波町奥河内奥潟72","","","","","","","","","","","","","","","8480001007063","","","",""
"株式会社中平商店","3596750234895","","","","","","","534-0021","大阪府大阪市都島区都島本通五丁目14-1","","","","","","","","","","","","","","","7120001008255","","","",""
"仲丸ゴム工業有限会社","4080470788929","","","","","","","341-0044","埼玉県三郷市戸ヶ崎一丁目105-13","","","","","","","","","","","","","","","4030002051431","","","",""
"株式会社中満ゴム工業","8184712479139","","","","","","","861-0511","熊本県山鹿市熊入町735-1","","","","","","","","","","","","","","","6330001022401","","","",""
"株式会社中村化学工業","9116113428478","","","","","","","131-0043","東京都墨田区立花四丁目19-14","","","","","","","","","","","","","","","5010601018154","","","",""
"ナカムラクニ株式会社","7511184417415","","","","","","","920-0209","石川県金沢市東蚊爪町一丁目27-3","","","","","","","","","","","","","","","3220001004818","","","",""
"中村工機株式会社","7651194211292","","","","","","","955-0081","新潟県三条市東裏館二丁目11-6","","","","","","","","","","","","","","","5110001014479","","","",""
"有限会社中村ゴム","9673970087249","","","","","","","501-3501","岐阜県関市富之保2748-2","","","","","","","","","","","","","","","9200002019662","","","",""
"株式会社中村商店","5007437673593","","","","","","","986-0815","宮城県石巻市中里七丁目2-36","","","","","","","","","","","","","","","9370301000975","","","",""
"中村ラバー化学有限会社","1647353069372","","","","","","","124-0006","東京都葛飾区堀切五丁目42-6","","","","","","","","","","","","","","","7011802005831","","","",""
"有限会社中本鐵工所","2905887656547","","","","","","","300-3544","茨城県結城郡八千代町大字若1511-1","","","","","","","","","","","","","","","2050002017424","","","",""
"株式会社ナカモリ","1373019332509","","","","","","","636-0215","奈良県磯城郡三宅町大字上但馬194-3","","","","","","","","","","","","","","","7150001011248","","","",""
"ナガイケゴム有限会社","6526667703261","","","","","","","457-0067","愛知県名古屋市南区上浜町13","","","","","","","","","","","","","","","3180002041773","","","",""
"永井工業株式会社","6653794114383","","","","","","","509-5117","岐阜県土岐市肥田浅野朝日町一丁目26","","","","","","","","","","","","","","","8200001023476","","","",""
"株式会社永井精機","2282937897293","","","","","","","501-2102","岐阜県山県市伊佐美259-1","","","","","","","","","","","","","","","9200001006629","","","",""
"有限会社長岡パッキングオール","1623088001275","","","","","","","375-0002","群馬県藤岡市立石1266","","","","","","","","","","","","","","","5070002017634","","","",""
"有限会社ナガオカ表記","1002444805453","","","","","","","940-0012","新潟県長岡市下々条二丁目1355-6","","","","","","","","","","","","","","","1110002028548","","","",""
"株式会社長坂","9656152907604","","","","","","","448-0034","愛知県刈谷市神明町一丁目16","","","","","","","","","","","","","","","6180301014337","","","",""
"株式会社ナガサキ","8997739851693","","","","","","","372-0855","群馬県伊勢崎市長沼町1463","","","","","","","","","","","","","","","6070001013609","","","",""
"有限会社長崎工芸","8497121272955","","","","","","","495-0001","愛知県稲沢市祖父江町祖父江鍋島88","","","","","","","","","","","","","","","2180002080913","","","",""
"永島ダイヤフラム株式会社","5537665914648","","","","","","","144-0033","東京都大田区東糀谷五丁目12-7","","","","","","","","","","","","","","","7010701007229","","","",""
"株式会社ナガセ","3166334932760","","","","","","","307-0001","茨城県結城市大字結城2470","","","","","","","","","","","","","","","9050001032616","","","",""
"株式会社ナガト","4857302597084","","","","","","","581-0063","大阪府八尾市太子堂二丁目2-39","","","","","","","","","","","","","","","5122001022601","","","",""
"長野ゴム工業株式会社","7134737499216","","","","","","","202-0001","東京都西東京市ひばりが丘一丁目1-1 1102","","","","","","","","","","","","","","","8010501009721","","","",""
"株式会社長野三洋化成","2891653166608","","","","","","","389-0511","長野県東御市滋野甲甲2305","","","","","","","","","","","","","","","4100001010827","","","",""
"株式会社ナガノ商会","2693913495909","","","","","","","799-0113","愛媛県四国中央市妻鳥町1915-3","","","","","","","","","","","","","","","5500001015165","","","",""
"株式会社長野製作所","3489281757475","","","","","","","387-0012","長野県千曲市大字桜堂483-1","","","","","","","","","","","","","","","6100001004827","","","",""
"長野ロイヤル販売株式会社","5271518906384","","","","","","","394-0004","長野県岡谷市神明町二丁目1-47","","","","","","","","","","","","","","","6100001019668","","","",""
"長浜化成株式会社","9326297107144","","","","","","","799-3413","愛媛県大洲市長浜町拓海3-19","","","","","","","","","","","","","","","8500001007861","","","",""
"有限会社永浜ゴム工業所","2536605357985","","","","","","","334-0005","埼玉県川口市大字里392","","","","","","","","","","","","","","","3030002099224","","","",""
"永柳工業株式会社","4494720092946","","","","","","","131-0032","東京都墨田区東向島二丁目11-17","","","","","","","","","","","","","","","9010601008878","","","",""
"名交タイヤー株式会社","2121849546831","","","","","","","455-0831","愛知県名古屋市港区十一屋二丁目215","","","","","","","","","","","","","","","9180001007522","","","",""
"名古屋合成株式会社","5938008740462","","","","","","","452-0001","愛知県清須市西枇杷島町古城一丁目5-10","","","","","","","","","","","","","","","2180001045669","","","",""
"株式会社名古屋ゴム工販","7413699010863","","","","","","","446-0073","愛知県安城市篠目町ハゼ原8-1","","","","","","","","","","","","","","","1180301013178","","","",""
"株式会社名古屋タイヤセンター","7713182064983","","","","","","","476-0002","愛知県東海市名和町寝覚235","","","","","","","","","","","","","","","4180001095555","","","",""
"ナゴヤパツキング製造株式会社","3548977724473","","","","","","","460-0012","愛知県名古屋市中区千代田二丁目3-19","","","","","","","","","","","","","","","6180001039023","","","",""
"ナショナル護謨株式会社","3145681685785","","","","","","","675-1112","兵庫県加古郡稲美町六分一1176","","","","","","","","","","","","","","","5140001044589","","","",""
"洋株式会社","9587921939997","","","","","","","136-0071","東京都江東区亀戸三丁目2-12","","","","","","","","","","","","","","","3010601036067","","","",""
"株式会社ナチハマ","7820590924296","","","","","","","675-1105","兵庫県加古郡稲美町加古1676-10","","","","","","","","","","","","","","","3140001044590","","","",""
"株式会社ナツメ","4230208353938","","","","","","","165-0034","東京都中野区大和町四丁目15-1","","","","","","","","","","","","","","","3011201004026","","","",""
"名取ゴム工業株式会社","2925069890154","","","","","","","132-0021","東京都江戸川区中央二丁目18-9","","","","","","","","","","","","","","","9011701005963","","","",""
"七ツ星ゴム工業有限会社","8873526727920","","","","","","","581-0063","大阪府八尾市太子堂二丁目4-6","","","","","","","","","","","","","","","6120002009988","","","",""
"ナニワ産業株式会社","8204894640037","","","","","","","553-0001","大阪府大阪市福島区海老江七丁目6-37","","","","","","","","","","","","","","","4120001035954","","","",""
"株式会社ナフサ","9479601125100","","","","","","","503-0321","岐阜県海津市平田町今尾2066","","","","","","","","","","","","","","","3200001016716","","","",""
"株式会社ナベ商","3344627329374","","","","","","","121-0823","東京都足立区伊興四丁目11-6 502号","","","","","","","","","","","","","","","9030001035389","","","",""
"有限会社鍋田製作所","8964904029024","","","","","","","411-0917","静岡県駿東郡清水町徳倉岩下71","","","","","","","","","","","","","","","8080102011194","","","",""
"ナリタ合成株式会社","6814808545952","","","","","","","286-0805","千葉県成田市南羽鳥570-5","","","","","","","","","","","","","","","8040001043078","","","",""
"有限会社成松工業","7831887499444","","","","","","","289-1622","千葉県山武郡芝山町宝馬94-98","","","","","","","","","","","","","","","9040002080128","","","",""
"株式会社鳴尾ゴム","8649124077924","","","","","","","457-0065","愛知県名古屋市南区元鳴尾町33","","","","","","","","","","","","","","","4180001065657","","","",""
"ナルキ工業株式会社","3842271910848","","","","","","","508-0011","岐阜県中津川市駒場1508-24","","","","","","","","","","","","","","","6200001023461","","","",""
"株式会社成瀬商会","6307439917207","","","","","","","476-0002","愛知県東海市名和町一丁目31","","","","","","","","","","","","","","","1180001094452","","","",""
"株式会社ナルト商会","6887376233669","","","","","","","550-0015","大阪府大阪市西区南堀江四丁目23-29","","","","","","","","","","","","","","","9120001046096","","","",""
"有限会社鳴海タイヤ商会","6595183666709","","","","","","","272-0025","千葉県市川市大和田五丁目9-1","","","","","","","","","","","","","","","3040002035748","","","",""
"株式会社ナンキュウ","2957830772668","","","","","","","899-4344","鹿児島県霧島市国分野口北1-91","","","","","","","","","","","","","","","6340001007319","","","",""
"有限会社南伸ゴム化工","2469955207487","","","","","","","124-0006","東京都葛飾区堀切一丁目10-14","","","","","","","","","","","","","","","1011802005853","","","",""
"株式会社ナンバ","3390487755812","","","","","","","144-0034","東京都大田区西糀谷三丁目1-7","","","","","","","","","","","","","","","2010801008809","","","",""
"有限会社南部工業","9269932833143","","","","","","","272-0832","千葉県市川市曽谷四丁目16-3","","","","","","","","","","","","","","","7040002035728","","","",""
"南葉ゴム工業株式会社","4082452885817","","","","","","","124-0011","東京都葛飾区四つ木一丁目16-6","","","","","","","","","","","","","","","4011801003624","","","",""
"ナンヨー化成株式会社","9858753631145","","","","","","","455-0863","愛知県名古屋市港区新茶屋二丁目1401","","","","","","","","","","","","","","","8180001013026","","","",""
"新潟アライ株式会社","3263238450499","","","","","","","948-0046","新潟県十日町市明石町5","","","","","","","","","","","","","","","7110001020987","","","",""
"新潟栗原工業株式会社","4341980999165","","","","","","","955-0097","新潟県三条市荻島1405-2","","","","","","","","","","","","","","","5110001014520","","","",""
"新潟タイヤ株式会社","9735070330825","","","","","","","950-0025","新潟県新潟市東区藤見町一丁目23-29","","","","","","","","","","","","","","","4110001003937","","","",""
"新潟中央ゴム販売株式会社","8778269785878","","","","","","","950-3135","新潟県新潟市北区つくし野一丁目8-17","","","","","","","","","","","","","","","6110001027422","","","",""
"新潟ユニ工業株式会社","3435862645751","","","","","","","950-3102","新潟県新潟市北区島見町1106-1","","","","","","","","","","","","","","","2110001004160","","","",""
"有限会社二幸産業","1067095492553","","","","","","","336-0916","埼玉県さいたま市緑区宮本一丁目7-29","","","","","","","","","","","","","","","4030002010263","","","",""
"株式会社二幸製作所","6457324088589","","","","","","","341-0044","埼玉県三郷市戸ヶ崎三丁目329-1","","","","","","","","","","","","","","","3030002049526","","","",""
"有限会社二幸パッキング工業","2381112132005","","","","","","","337-0052","埼玉県さいたま市見沼区堀崎町862-5","","","","","","","","","","","","","","","3030002020189","","","",""
"株式会社二幸パッキング工業所","7244136408060","","","","","","","657-0034","兵庫県神戸市灘区記田町五丁目1-7","","","","","","","","","","","","","","","2140001023546","","","",""
"有限会社ニシイ","5950549522016","","","","","","","653-0044","兵庫県神戸市長田区南駒栄町4-14","","","","","","","","","","","","","","","9140002008993","","","",""
"西井産業株式会社","1622834056094","","","","","","","716-1422","岡山県真庭市上中津井3445-47","","","","","","","","","","","","","","","9260001022991","","","",""
"有限会社ニシカワ","3854058697890","","","","","","","699-1311","島根県雲南市木次町里方1102-2","","","","","","","","","","","","","","","3280002011460","","","",""
"西川ゴム工業株式会社","4616239911396","","","","","","","733-0003","広島県広島市西区三篠町二丁目2-8","","","","","","","","","","","","","","","8240001008325","","","",""
"株式会社西川ゴム山口","2249328776810","","","","","","","752-0927","山口県下関市長府扇町4-1","","","","","","","","","","","","","","","2250001006077","","","",""
"株式会社西川ビッグオーシャン","9419026906070","","","","","","","731-3362","広島県広島市安佐北区安佐町大字久地3723-1","","","","","","","","","","","","","","","3240001001128","","","",""
"錦産業株式会社","7171506021806","","","","","","","456-0068","愛知県名古屋市熱田区神野町一丁目43","","","","","","","","","","","","","","","8180001022522","","","",""
"株式会社西木製作所","2536782457018","","","","","","","357-0127","埼玉県飯能市大字唐竹266","","","","","","","","","","","","","","","3030002119700","","","",""
"株式会社西商","8927259195701","","","","","","","582-0018","大阪府柏原市大県四丁目16-29","","","","","","","","","","","","","","","6122001021131","","","",""
"株式会社ニシタニ","2314063897936","","","","","","","515-0041","三重県松阪市上川町2720","","","","","","","","","","","","","","","2190001011034","","","",""
"株式会社西田技研","8469478535400","","","","","","","594-1142","大阪府和泉市久井町1263","","","","","","","","","","","","","","","9120101027194","","","",""
"有限会社ニシダベルト工業","7274928848394","","","","","","","584-0024","大阪府富田林市若松町四丁目6-4","","","","","","","","","","","","","","","1120102016988","","","",""
"株式会社西東京アイダ","4923624859443","","","","","","","309-1724","茨城県笠間市大古山528-61","","","","","","","","","","","","","","","9050001015224","","","",""
"西中機工株式会社","3185349804570","","","","","","","702-8022","岡山県岡山市南区福成二丁目12-2","","","","","","","","","","","","","","","4260001005101","","","",""
"有限会社西日本ケンタイヤー商事","6670484824249","","","","","","","800-0115","福岡県北九州市門司区新門司三丁目8-4","","","","","","","","","","","","","","","7290802009732","","","",""
"西日本ジョイントサービス株式会社","3803182296736","","","","","","","739-2624","広島県東広島市黒瀬町菅田313-12","","","","","","","","","","","","","","","4240001049612","","","",""
"株式会社西日本ニチアス","8144352565751","","","","","","","712-8055","岡山県倉敷市南畝二丁目6-24","","","","","","","","","","","","","","","1260001012372","","","",""
"西野敷物株式会社","6091487510249","","","","","","","599-8241","大阪府堺市中区福田916","","","","","","","","","","","","","","","4120101006194","","","",""
"株式会社西原商工","3742549513423","","","","","","","221-0864","神奈川県横浜市神奈川区菅田町1112-1","","","","","","","","","","","","","","","2020001031437","","","",""
"株式会社ニシベケミカル","4107130173559","","","","","","","639-2301","奈良県御所市大字元町375","","","","","","","","","","","","","","","4150001013949","","","",""
"有限会社ニシモト","6054612228409","","","","","","","420-0961","静岡県静岡市葵区北一丁目21-1","","","","","","","","","","","","","","","1080002004445","","","",""
"株式会社ニシヤマ","9488149943413","","","","","","","143-0016","東京都大田区大森北四丁目11-11","","","","","","","","","","","","","","","8010801013514","","","",""
"株式会社西山ケミックス","1137498010051","","","","","","","611-0041","京都府宇治市槇島町目川138-1","","","","","","","","","","","","","","","4130001032942","","","",""
"株式会社ニーズエンジニア","8314852709559","","","","","","","718-0017","岡山県新見市西方2774-12","","","","","","","","","","","","","","","3260002027558","","","",""
"ニチアスセラテック株式会社","7581007059041","","","","","","","389-1211","長野県上水内郡飯綱町大字牟礼396","","","","","","","","","","","","","","","2100001004062","","","",""
"有限会社日栄ベルト","1146593988030","","","","","","","445-0063","愛知県西尾市今川町落38-1","","","","","","","","","","","","","","","1180302026377","","","",""
"日進工機株式会社","7003198656655","","","","","","","583-0881","大阪府羽曳野市島泉七丁目5-14","","","","","","","","","","","","","","","2120101032341","","","",""
"ニチダイ株式会社","6613888612649","","","","","","","578-0935","大阪府東大阪市若江東町六丁目6-2","","","","","","","","","","","","","","","8122001005693","","","",""
"株式会社日電加工","4842465271795","","","","","","","731-0223","広島県広島市安佐北区可部南四丁目27-6","","","","","","","","","","","","","","","2240001008594","","","",""
"株式会社ニチネン","2327205836745","","","","","","","331-0068","埼玉県さいたま市西区大字飯田新田250-6","","","","","","","","","","","","","","","1030001006562","","","",""
"日米ゴム株式会社","5455230993770","","","","","","","830-0028","福岡県久留米市京町5-196","","","","","","","","","","","","","","","2290001049353","","","",""
"株式会社ニチマン","1261111416217","","","","","","","726-0005","広島県府中市府中町74-1","","","","","","","","","","","","","","","2240001034343","","","",""
"株式会社日油機工","4795701350186","","","","","","","049-3122","北海道二海郡八雲町花浦100-13","","","","","","","","","","","","","","","3440001007402","","","",""
"株式会社ニチヨウ","4676222344150","","","","","","","467-0847","愛知県名古屋市瑞穂区神穂町7-1","","","","","","","","","","","","","","","6180001010842","","","",""
"株式会社ニチリン","5055579794983","","","","","","","650-0033","兵庫県神戸市中央区江戸町98-1","","","","","","","","","","","","","","","1140001010033","","","",""
"株式会社ニチリン白山","9259110725558","","","","","","","515-2613","三重県津市白山町山田野3434","","","","","","","","","","","","","","","7190001002144","","","",""
"ニツカ商工株式会社","3378455313660","","","","","","","541-0053","大阪府大阪市中央区本町四丁目4-24","","","","","","","","","","","","","","","6120001086533","","","",""
"日関ゴム工業株式会社","2865520386500","","","","","","","590-0985","大阪府堺市堺区戎島町四丁16","","","","","","","","","","","","","","","7120101005292","","","",""
"株式会社日近化学工業所","2069745927991","","","","","","","596-0821","大阪府岸和田市小松里町843-2","","","","","","","","","","","","","","","4120101037339","","","",""
"株式会社ニッケン","3814113158829","","","","","","","410-0317","静岡県沼津市石川459","","","","","","","","","","","","","","","1080101001401","","","",""
"日研化学工業株式会社","2969917046272","","","","","","","599-0212","大阪府阪南市自然田1567","","","","","","","","","","","","","","","8120101044728","","","",""
"株式会社日研舎","5901109885334","","","","","","","534-0016","大阪府大阪市都島区友渕町三丁目9-5","","","","","","","","","","","","","","","7120001008321","","","",""
"有限会社日研商会","8058202093437","","","","","","","463-0082","愛知県名古屋市守山区村前町34","","","","","","","","","","","","","","","5180002001206","","","",""
"株式会社日研シール","3492551002281","","","","","","","216-0035","神奈川県川崎市宮前区馬絹六丁目17-3","","","","","","","","","","","","","","","2020001068289","","","",""
"株式会社日興エボナイト製造所","7315842533488","","","","","","","116-0002","東京都荒川区荒川一丁目38-6","","","","","","","","","","","","","","","4011501008139","","","",""
"日興化学工業株式会社","3891280745803","","","","","","","135-0021","東京都江東区白河四丁目9-5","","","","","","","","","","","","","","","8010601005026","","","",""
"日工技研株式会社","8517667060000","","","","","","","961-0005","福島県白河市豊地箭内小屋40-47","","","","","","","","","","","","","","","2380001010371","","","",""
"日興ゴム工業株式会社","1759558299732","","","","","","","830-0041","福岡県久留米市白山町390","","","","","","","","","","","","","","","7290001049340","","","",""
"有限会社日興商事","5626755638126","","","","","","","274-0077","千葉県船橋市薬円台一丁目4-17","","","","","","","","","","","","","","","7040002024342","","","",""
"株式会社ニッコープロスパ","2290306690570","","","","","","","333-0844","埼玉県川口市上青木二丁目4-33","","","","","","","","","","","","","","","9030001076631","","","",""
"日産化工株式会社","8969146572682","","","","","","","544-0004","大阪府大阪市生野区巽北一丁目17-3","","","","","","","","","","","","","","","9120001018426","","","",""
"日産パッキング株式会社","6262163348858","","","","","","","612-8401","京都府京都市伏見区深草下川原町130-3","","","","","","","","","","","","","","","6130001015334","","","",""
"株式会社日紹","7392988893145","","","","","","","486-0902","愛知県春日井市新開町平渕39","","","","","","","","","","","","","","","5180001074707","","","",""
"合資会社日昇ゴム商会","2116321079015","","","","","","","830-0048","福岡県久留米市梅満町末ケ本334-1","","","","","","","","","","","","","","","7290003003072","","","",""
"株式会社ニッショウテクノス","3978923971970","","","","","","","807-1312","福岡県鞍手郡鞍手町大字中山49-61","","","","","","","","","","","","","","","1290801014565","","","",""
"日昭ポリマー株式会社","1775392512366","","","","","","","125-0063","東京都葛飾区白鳥二丁目14-3","","","","","","","","","","","","","","","6011801003787","","","",""
"日進株式会社","4444905474231","","","","","","","701-0303","岡山県都窪郡早島町前潟524-3","","","","","","","","","","","","","","","8260001014370","","","",""
"日進株式会社","2471640791716","","","","","","","124-0005","東京都葛飾区宝町二丁目8-4","","","","","","","","","","","","","","","2011801003758","","","",""
"株式会社日進化成工業","8856462828638","","","","","","","121-0801","東京都足立区東伊興三丁目21-20","","","","","","","","","","","","","","","9011801010979","","","",""
"有限会社日進工業","5001040892555","","","","","","","289-1304","千葉県山武市井之内2907-4","","","","","","","","","","","","","","","3040002079753","","","",""
"日新工販有限会社","5311065207351","","","","","","","984-0002","宮城県仙台市若林区卸町東二丁目1-26 SKビルA-2","","","","","","","","","","","","","","","6370002005748","","","",""
"日進ゴム株式会社","1746480784945","","","","","","","700-0975","岡山県岡山市北区今八丁目16-17","","","","","","","","","","","","","","","5260001005216","","","",""
"有限会社日伸ゴム工業所","1182376997197","","","","","","","462-0018","愛知県名古屋市北区玄馬町145","","","","","","","","","","","","","","","3180002012246","","","",""
"日新ゴム資材株式会社","5798190702582","","","","","","","839-0837","福岡県久留米市草野町矢作233-2","","","","","","","","","","","","","","","9290001049347","","","",""
"株式会社日新ゴム商会","3954499010825","","","","","","","970-8026","福島県いわき市平五町目16-9","","","","","","","","","","","","","","","3380001013571","","","",""
"日進ベルト工業株式会社","4782450804435","","","","","","","143-0024","東京都大田区中央八丁目44-5","","","","","","","","","","","","","","","4010801009383","","","",""
"株式会社ニッセイエコ","2151204768077","","","","","","","252-0821","神奈川県藤沢市用田475","","","","","","","","","","","","","","","5021001001682","","","",""
"日成化学株式会社","2436976952301","","","","","","","537-0012","大阪府大阪市東成区大今里二丁目8-3","","","","","","","","","","","","","","","2120001013284","","","",""
"日生ゴム株式会社","4821970253705","","","","","","","635-0016","奈良県大和高田市大東町8-3","","","","","","","","","","","","","","","7150001013211","","","",""
"合資会社日生パツキング製作所","8875547771323","","","","","","","653-0022","兵庫県神戸市長田区東尻池町二丁目9-13","","","","","","","","","","","","","","","7140003003392","","","",""
"ニッタ株式会社","8841389599381","","","","","","","556-0022","大阪府大阪市浪速区桜川四丁目4-26","","","","","","","","","","","","","","","4120001039435","","","",""
"ニッタ化工品株式会社","7854640117328","","","","","","","556-0022","大阪府大阪市浪速区桜川四丁目4-26 ニッタビル","","","","","","","","","","","","","","","9120001207887","","","",""
"新田ゴム粉末工業株式会社","2769203076936","","","","","","","653-0022","兵庫県神戸市長田区東尻池町四丁目3-1","","","","","","","","","","","","","","","3140001016623","","","",""
"ニッタ・デュポントレーディング株式会社","2193731291326","","","","","","","556-0022","大阪府大阪市浪速区桜川四丁目4-26","","","","","","","","","","","","","","","1120001097072","","","",""
"日長護謨工業株式会社","8278380369885","","","","","","","123-0844","東京都足立区興野二丁目18-3","","","","","","","","","","","","","","","8011801011037","","","",""
"日東化工株式会社","4436276375207","","","","","","","253-0111","神奈川県高座郡寒川町一之宮六丁目1-3","","","","","","","","","","","","","","","2021001006445","","","",""
"日東合成株式会社","1330646937686","","","","","","","581-0042","大阪府八尾市南木の本二丁目27-19","","","","","","","","","","","","","","","3122001019640","","","",""
"日東ゴム株式会社","8427993052177","","","","","","","733-0012","広島県広島市西区中広町一丁目18-10","","","","","","","","","","","","","","","4240001008576","","","",""
"日東産業株式会社","5107625344063","","","","","","","555-0001","大阪府大阪市西淀川区佃四丁目1-27","","","","","","","","","","","","","","","1120001050378","","","",""
"日東物産株式会社","8306484093045","","","","","","","171-0033","東京都豊島区高田三丁目6-10","","","","","","","","","","","","","","","6013301009620","","","",""
"日特産業株式会社","7669125295313","","","","","","","121-0076","東京都足立区平野三丁目22-8","","","","","","","","","","","","","","","4011801011032","","","",""
"株式会社ニットクシーケー","6890784567257","","","","","","","824-0022","福岡県行橋市大字稲童484-3","","","","","","","","","","","","","","","4290801015296","","","",""
"日邦工業株式会社","4123585858080","","","","","","","270-2231","千葉県松戸市稔台六丁目3-1","","","","","","","","","","","","","","","7010401021802","","","",""
"有限会社日豊ゴム","1455883244154","","","","","","","731-3352","広島県広島市安佐北区安佐町大字後山1781-3","","","","","","","","","","","","","","","7240002012335","","","",""
"株式会社日暮里ベルト工業所","2941344976914","","","","","","","277-0861","千葉県柏市高田1059-2","","","","","","","","","","","","","","","6040001069686","","","",""
"日本ヱボナイト株式会社","5202347413381","","","","","","","144-0056","東京都大田区西六郷四丁目36-5","","","","","","","","","","","","","","","1010801008883","","","",""
"株式会社日本オーエスジー","2698262855401","","","","","","","371-0122","群馬県前橋市小坂子町921-6","","","","","","","","","","","","","","","7070001002387","","","",""
"ニツポンケミカル株式会社","2379004752385","","","","","","","410-0872","静岡県沼津市小諏訪616-2","","","","","","","","","","","","","","","5080101001380","","","",""
"株式会社日本高圧","9692785338889","","","","","","","224-0045","神奈川県横浜市都筑区東方町343","","","","","","","","","","","","","","","2020001033020","","","",""
"有限会社日本ゴム製作所","7699119034920","","","","","","","131-0031","東京都墨田区墨田三丁目39-15","","","","","","","","","","","","","","","5010602013261","","","",""
"日本ジャイアントタイヤ株式会社","2540489986050","","","","","","","679-4124","兵庫県たつの市龍野町中井338","","","","","","","","","","","","","","","3140001038460","","","",""
"日本ゼオン株式会社","5106593598768","","","","","","","100-0005","東京都千代田区丸の内一丁目6-2","","","","","","","","","","","","","","","9010001008834","","","",""
"ニッポンタイヤ有限会社","9960154822558","","","","","","","273-0128","千葉県鎌ケ谷市くぬぎ山五丁目1-28","","","","","","","","","","","","","","","6040002039886","","","",""
"株式会社ニッポンポリマー","9683637997194","","","","","","","264-0012","千葉県千葉市若葉区坂月町257","","","","","","","","","","","","","","","2040001005876","","","",""
"日本ミラクトラン株式会社","2500922506230","","","","","","","243-0032","神奈川県厚木市恩名五丁目2-4","","","","","","","","","","","","","","","6021001020285","","","",""
"二藤合成株式会社","7842406768962","","","","","","","581-0033","大阪府八尾市志紀町南二丁目63","","","","","","","","","","","","","","","6122001019555","","","",""
"有限会社二の岡製作所","4303070309249","","","","","","","412-0026","静岡県御殿場市東田中1778-5","","","","","","","","","","","","","","","1080102007298","","","",""
"有限会社二宮ゴム製作所","7874630435239","","","","","","","124-0013","東京都葛飾区東立石四丁目32-12","","","","","","","","","","","","","","","7011802006037","","","",""
"有限会社二宮パッキング製作所","4470378926332","","","","","","","547-0023","大阪府大阪市平野区瓜破南二丁目4-124","","","","","","","","","","","","","","","9120002011751","","","",""
"有限会社二瓶ゴム工業所","7393842888312","","","","","","","332-0006","埼玉県川口市末広一丁目24-7","","","","","","","","","","","","","","","2030002105882","","","",""
"日本アスプラ株式会社","5873073083149","","","","","","","344-0062","埼玉県春日部市粕壁東六丁目2-6","","","","","","","","","","","","","","","6030001051331","","","",""
"日本エイアンドエル株式会社","1877396380781","","","","","","","541-0041","大阪府大阪市中央区北浜四丁目5-33 住友ビル","","","","","","","","","","","","","","","2120001093129","","","",""
"日本益大精密ゴム株式会社","4648613008694","","","","","","","100-0005","東京都千代田区丸の内一丁目11-1 パシフィックセンチュリープレイス丸の内13F","","","","","","","","","","","","","","","1010001243232","","","",""
"日本エラストマー株式会社","9943726039563","","","","","","","100-0006","東京都千代田区有楽町一丁目1-2","","","","","","","","","","","","","","","6010001032928","","","",""
"日本海護謨株式会社","1322038620402","","","","","","","950-0051","新潟県新潟市東区桃山町二丁目131","","","","","","","","","","","","","","","9110001004237","","","",""
"日本海シール工業株式会社","8728094373397","","","","","","","950-3304","新潟県新潟市北区木崎下山1822-5","","","","","","","","","","","","","","","6110001007845","","","",""
"株式会社日本化学サンドブラスト工業","6267377174385","","","","","","","454-0981","愛知県名古屋市中川区吉津五丁目605","","","","","","","","","","","","","","","7180001020543","","","",""
"日本機材株式会社","3823835060993","","","","","","","103-0008","東京都中央区日本橋中洲6-10 107号","","","","","","","","","","","","","","","2010001061963","","","",""
"日本クリン株式会社","3070451906610","","","","","","","270-0014","千葉県松戸市小金西424-1","","","","","","","","","","","","","","","6040001036447","","","",""
"日本ケミカル機器株式会社","4132411900528","","","","","","","712-8055","岡山県倉敷市南畝一丁目5-35","","","","","","","","","","","","","","","1260001014311","","","",""
"日本ゴムエンドレス工業株式会社","2813944493246","","","","","","","989-2351","宮城県亘理郡亘理町字裏城戸15","","","","","","","","","","","","","","","5370801000578","","","",""
"日本ゴム化学株式会社","3074198042181","","","","","","","503-0956","岐阜県大垣市大外羽二丁目13","","","","","","","","","","","","","","","3200003001690","","","",""
"有限会社日本ゴム商事","5844138209350","","","","","","","224-0023","神奈川県横浜市都筑区東山田一丁目12-18","","","","","","","","","","","","","","","5020002006674","","","",""
"日本シール精工株式会社","4456540721004","","","","","","","550-0011","大阪府大阪市西区阿波座二丁目2-18","","","","","","","","","","","","","","","6120001048698","","","",""
"日本ダースボンド株式会社","6616552121849","","","","","","","636-0205","奈良県磯城郡川西町大字保田260-3","","","","","","","","","","","","","","","3150001011276","","","",""
"日本中部工業資材株式会社","8852269480270","","","","","","","462-0045","愛知県名古屋市北区敷島町16","","","","","","","","","","","","","","","5180001013136","","","",""
"日本ブチル株式会社","6015380178458","","","","","","","210-0862","神奈川県川崎市川崎区浮島町10-3","","","","","","","","","","","","","","","6020001074093","","","",""
"株式会社日本ベルト工業","6943076774460","","","","","","","410-0001","静岡県沼津市足高303-3 沼津工業団地内","","","","","","","","","","","","","","","3080101001390","","","",""
"日本ポリマー株式会社","6191842791850","","","","","","","579-8037","大阪府東大阪市新町23-24","","","","","","","","","","","","","","","5122001008534","","","",""
"二本松ＮＯＫ株式会社","9928266199365","","","","","","","964-0811","福島県二本松市宮戸30","","","","","","","","","","","","","","","5380001021218","","","",""
"日本ミラコン産業株式会社","6250881239340","","","","","","","185-0014","東京都国分寺市東恋ケ窪三丁目34-11","","","","","","","","","","","","","","","1012401002473","","","",""
"株式会社日本ラバテック","2069302987357","","","","","","","532-0011","大阪府大阪市淀川区西中島三丁目9-13","","","","","","","","","","","","","","","2120001108217","","","",""
"日本リステン株式会社","1186814496989","","","","","","","509-5103","岐阜県土岐市泉東窯町四丁目65","","","","","","","","","","","","","","","5200001022266","","","",""
"株式会社ニューオタニ","4790544073607","","","","","","","344-0014","埼玉県春日部市豊野町二丁目20-8","","","","","","","","","","","","","","","6030001051356","","","",""
"株式会社ＮＵＣＬＥＡＲ　ＴＥＣＨＮＯＬＯＧＹ","2077396203230","","","","","","","919-1145","福井県三方郡美浜町金山13-22-5","","","","","","","","","","","","","","","8210001011364","","","",""
"ヌーベルバーグインターナショナルホールディングス株式会社","2318442716247","","","","","","","253-0034","神奈川県茅ヶ崎市緑が浜12-1","","","","","","","","","","","","","","","5021001007283","","","",""
"株式会社沼田皮革製作所","7077506052495","","","","","","","130-0012","東京都墨田区太平四丁目10-14","","","","","","","","","","","","","","","7010601014085","","","",""
"有限会社根岸ゴム工業","7350092693822","","","","","","","379-2313","群馬県みどり市笠懸町鹿3005","","","","","","","","","","","","","","","8070002024388","","","",""
"株式会社ネクストレベル","3233647674512","","","","","","","299-5223","千葉県勝浦市部原1951-8","","","","","","","","","","","","","","","4040001084571","","","",""
"有限会社根来工業","3401660225654","","","","","","","636-0246","奈良県磯城郡田原本町大字千代339-5","","","","","","","","","","","","","","","4150002007966","","","",""
"株式会社根津商店","2462683158077","","","","","","","111-0023","東京都台東区橋場一丁目14-7","","","","","","","","","","","","","","","8010501010233","","","",""
"丸石プラス株式会社","4482869474705","","","","","","","501-6013","岐阜県羽島郡岐南町平成五丁目88","","","","","","","","","","","","","","","2200001011354","","","",""
"有限会社根本産業","6637692647916","","","","","","","299-0102","千葉県市原市青柳664","","","","","","","","","","","","","","","7040002074668","","","",""
"株式会社野口護謨工業","2014586387585","","","","","","","223-0066","神奈川県横浜市港北区高田西四丁目30-39","","","","","","","","","","","","","","","5020001021352","","","",""
"野口ゴム工業株式会社","2265534657795","","","","","","","739-0038","広島県東広島市田口研究団地6-40","","","","","","","","","","","","","","","6240001022583","","","",""
"株式会社ノザワ","6066209152626","","","","","","","193-0931","東京都八王子市台町一丁目21-21","","","","","","","","","","","","","","","3010101003055","","","",""
"野澤ゴム株式会社","3828913964840","","","","","","","550-0022","大阪府大阪市西区本田二丁目5-3","","","","","","","","","","","","","","","6120001046421","","","",""
"野島物産有限会社","9398218748370","","","","","","","720-0841","広島県福山市津之郷町大字津之郷354-1","","","","","","","","","","","","","","","9240002042256","","","",""
"有限会社のだ","1113794566493","","","","","","","818-0102","福岡県太宰府市白川24-4","","","","","","","","","","","","","","","5290002039870","","","",""
"野田ゴム工業株式会社","8709589472612","","","","","","","104-0032","東京都中央区八丁堀三丁目16-1","","","","","","","","","","","","","","","5010001053999","","","",""
"野田産業株式会社","5762942543350","","","","","","","833-0001","福岡県筑後市大字一条627-1","","","","","","","","","","","","","","","3290001047430","","","",""
"ノーテープ工業株式会社","1073491860895","","","","","","","581-0064","大阪府八尾市跡部本町三丁目1-19","","","","","","","","","","","","","","","5122001019696","","","",""
"能登ゴム産業株式会社","4806004565095","","","","","","","551-0002","大阪府大阪市大正区三軒家東六丁目1-13","","","","","","","","","","","","","","","3120001027977","","","",""
"株式会社野畑義商店","1939769080346","","","","","","","590-0056","大阪府堺市堺区神保通3-7","","","","","","","","","","","","","","","7120101005573","","","",""
"有限会社野村ゴム商店","8507548791911","","","","","","","116-0014","東京都荒川区東日暮里二丁目38-5","","","","","","","","","","","","","","","1011502010410","","","",""
"株式会社野村商店","1645816181098","","","","","","","101-0048","東京都千代田区神田司町二丁目8-1","","","","","","","","","","","","","","","5010001026187","","","",""
"株式会社野村製作所","2964157639669","","","","","","","920-0209","石川県金沢市東蚊爪町一丁目15","","","","","","","","","","","","","","","8220001005233","","","",""
"株式会社灰田商会","2639819850222","","","","","","","733-0037","広島県広島市西区西観音町20-6","","","","","","","","","","","","","","","5240001008781","","","",""
"ハイテック株式会社","4758855522865","","","","","","","930-0985","富山県富山市田中町一丁目4-18","","","","","","","","","","","","","","","8230001002493","","","",""
"株式会社ハイドロストッパー","3634142161153","","","","","","","110-0004","東京都台東区下谷二丁目11-3","","","","","","","","","","","","","","","3010501028429","","","",""
"灰原ゴム工業株式会社","2165421646908","","","","","","","726-0005","広島県府中市府中町147-2","","","","","","","","","","","","","","","7240001034355","","","",""
"株式会社ハイヤーング","1916919986909","","","","","","","581-0042","大阪府八尾市南木の本九丁目36","","","","","","","","","","","","","","","7122001019785","","","",""
"株式会社ハーキュリーズグループ","5389254777408","","","","","","","543-0034","大阪府大阪市天王寺区松ケ鼻町4-18 1506号","","","","","","","","","","","","","","","6120001013330","","","",""
"有限会社博伸産業","9305392636229","","","","","","","125-0063","東京都葛飾区白鳥二丁目3-14","","","","","","","","","","","","","","","9011802006142","","","",""
"函館工業用品株式会社","8404991304539","","","","","","","041-0824","北海道函館市西桔梗町859-5","","","","","","","","","","","","","","","9440001001606","","","",""
"有限会社羽島ゴム商会","7018771051565","","","","","","","125-0031","東京都葛飾区西水元三丁目12-3","","","","","","","","","","","","","","","8011802006176","","","",""
"株式会社ハシモト","2505348709015","","","","","","","113-0034","東京都文京区湯島三丁目37-4","","","","","","","","","","","","","","","9010001082623","","","",""
"ハシモト工販周南有限会社","8525375571291","","","","","","","745-0056","山口県周南市新宿通六丁目7-22","","","","","","","","","","","","","","","5250002016279","","","",""
"ハシモトゴム株式会社","8703887732202","","","","","","","581-0813","大阪府八尾市泉町三丁目19-2","","","","","","","","","","","","","","","5122001026668","","","",""
"株式会社橋本ゴム","9934354857528","","","","","","","340-0103","埼玉県幸手市大字内国府間岸内684-1","","","","","","","","","","","","","","","1030001031610","","","",""
"有限会社橋本製作所","3333623054708","","","","","","","373-0842","群馬県太田市細谷町1094","","","","","","","","","","","","","","","9070002030526","","","",""
"株式会社ハスキー","9421987100522","","","","","","","120-0003","東京都足立区東和五丁目12-24","","","","","","","","","","","","","","","1011801011175","","","",""
"ハスダ加工株式会社","3981862812004","","","","","","","349-0111","埼玉県蓮田市東一丁目4-14","","","","","","","","","","","","","","","9030001018484","","","",""
"有限会社蓮本ゴム工業所","3522686473078","","","","","","","340-0811","埼玉県八潮市大字二丁目1049","","","","","","","","","","","","","","","7030002047641","","","",""
"ハセガワ化成株式会社","9652568623311","","","","","","","730-0847","広島県広島市中区舟入南一丁目6-44","","","","","","","","","","","","","","","5240001012775","","","",""
"株式会社長谷川鉄工所","1082619305890","","","","","","","143-0013","東京都大田区大森南二丁目1-20","","","","","","","","","","","","","","","6010801009679","","","",""
"株式会社ハタダ","9433031921288","","","","","","","144-0045","東京都大田区南六郷二丁目38-18","","","","","","","","","","","","","","","3010801009731","","","",""
"株式会社羽田野ゴム製作所","1414287839532","","","","","","","501-4455","岐阜県郡上市八幡町小那比855","","","","","","","","","","","","","","","8200001026479","","","",""
"羽田調帯株式会社","1741096045755","","","","","","","101-0032","東京都千代田区岩本町一丁目9-5","","","","","","","","","","","","","","","4010001026337","","","",""
"株式会社ハチケン","6561231255101","","","","","","","334-0013","埼玉県川口市南鳩ヶ谷五丁目3-11","","","","","","","","","","","","","","","1030001073322","","","",""
"株式会社ハチツボ","3413778178072","","","","","","","653-0024","兵庫県神戸市長田区浜添通六丁目1-2","","","","","","","","","","","","","","","3140001095361","","","",""
"株式会社ハチヤマ","3759287377310","","","","","","","245-0052","神奈川県横浜市戸塚区秋葉町281","","","","","","","","","","","","","","","2020001007924","","","",""
"有限会社初生加工所","2852785793102","","","","","","","433-8103","静岡県浜松市中央区豊岡町238-3","","","","","","","","","","","","","","","2080402006354","","","",""
"株式会社八興","3397987227915","","","","","","","173-0004","東京都板橋区板橋一丁目42-18 ユニティフォーラム5F","","","","","","","","","","","","","","","2011401005246","","","",""
"八甲ゴム工業株式会社","4689113465359","","","","","","","031-0077","青森県八戸市長根四丁目8-3","","","","","","","","","","","","","","","5420001006321","","","",""
"株式会社服部商会","4231135041115","","","","","","","466-0051","愛知県名古屋市昭和区御器所三丁目11-12","","","","","","","","","","","","","","","9180001009147","","","",""
"株式会社ハトダイヤ","9465407713756","","","","","","","556-0001","大阪府大阪市浪速区下寺一丁目2-7","","","","","","","","","","","","","","","5120001039574","","","",""
"ハナキゴム株式会社","2733084106703","","","","","","","300-1211","茨城県牛久市柏田町3259","","","","","","","","","","","","","","","2050001031013","","","",""
"有限会社英製作所","9715681689927","","","","","","","458-0035","愛知県名古屋市緑区曽根三丁目102","","","","","","","","","","","","","","","9180002026348","","","",""
"ハバジット日本株式会社","3834596565653","","","","","","","141-0031","東京都品川区西五反田三丁目11-6 サンウエスト山手ビル6F","","","","","","","","","","","","","","","7020001021409","","","",""
"有限会社浜幸機工","2610686866361","","","","","","","430-0856","静岡県浜松市中央区中島一丁目20-3","","","","","","","","","","","","","","","9080402006397","","","",""
"浜田工業株式会社","4507763146644","","","","","","","697-1321","島根県浜田市周布町ロ24","","","","","","","","","","","","","","","1280001004368","","","",""
"ハマダゴム株式会社","3548605274827","","","","","","","339-0076","埼玉県さいたま市岩槻区大字平林寺623","","","","","","","","","","","","","","","4030001018134","","","",""
"浜名部品工業株式会社","7299452703233","","","","","","","431-0431","静岡県湖西市鷲津933-1","","","","","","","","","","","","","","","9080401006051","","","",""
"有限会社浜野ベルト製作所","5129429892399","","","","","","","333-0866","埼玉県川口市芝一丁目48-8","","","","","","","","","","","","","","","8030002106157","","","",""
"有限会社ハマベルトサービス","9858196465794","","","","","","","890-0023","鹿児島県鹿児島市永吉一丁目6-7","","","","","","","","","","","","","","","2340002007791","","","",""
"浜松化工株式会社","6772521322853","","","","","","","434-0011","静岡県浜松市浜北区上島1-25","","","","","","","","","","","","","","","5080401004034","","","",""
"有限会社浜松ベルト","1402186944149","","","","","","","431-1111","静岡県浜松市中央区伊左地町8510-2","","","","","","","","","","","","","","","1080402006198","","","",""
"早川工業株式会社","3798774286774","","","","","","","135-0022","東京都江東区三好三丁目5-4","","","","","","","","","","","","","","","3010601005179","","","",""
"有限会社早川ゴム","3795534455807","","","","","","","444-1221","愛知県安城市和泉町庄司作1-3","","","","","","","","","","","","","","","6180302017611","","","",""
"早川ゴム株式会社","8611609835091","","","","","","","721-0957","広島県福山市箕島町南丘5351","","","","","","","","","","","","","","","6240001031717","","","",""
"早川商事株式会社","2604119201208","","","","","","","653-0836","兵庫県神戸市長田区神楽町二丁目3-1 丸鹿ビル","","","","","","","","","","","","","","","3140001016680","","","",""
"有限会社早川商店","4915770313691","","","","","","","111-0021","東京都台東区日本堤一丁目2-5","","","","","","","","","","","","","","","4010502009220","","","",""
"有限会社林オートサービス","3129071430379","","","","","","","173-0004","東京都板橋区板橋四丁目13-17 101号","","","","","","","","","","","","","","","8011402010735","","","",""
"ハヤシ化成工業株式会社","6697325641485","","","","","","","270-0222","千葉県野田市木間ケ瀬7992","","","","","","","","","","","","","","","9040001071697","","","",""
"林工業有限会社","2321348386844","","","","","","","790-0813","愛媛県松山市萱町三丁目5-2","","","","","","","","","","","","","","","9500002005426","","","",""
"株式会社林ゴム","3333504346381","","","","","","","537-0011","大阪府大阪市東成区東今里三丁目17-22","","","","","","","","","","","","","","","7120001013370","","","",""
"有限会社林ゴム工業","5607376434896","","","","","","","860-0072","熊本県熊本市西区花園三丁目14-7","","","","","","","","","","","","","","","6330002015412","","","",""
"有限会社林ゴム工業所","3351072798257","","","","","","","130-0012","東京都墨田区太平三丁目13-4","","","","","","","","","","","","","","","6010602015950","","","",""
"有限会社林ゴム工業所","1041922408148","","","","","","","362-0056","埼玉県上尾市大字上野本郷21-1","","","","","","","","","","","","","","","1030002054668","","","",""
"株式会社林ゴム製作所","5444476882144","","","","","","","501-6237","岐阜県羽島市江吉良町江西二丁目21","","","","","","","","","","","","","","","9200002011710","","","",""
"株式会社林製作所","6996989087784","","","","","","","125-0042","東京都葛飾区金町四丁目15-6","","","","","","","","","","","","","","","2011801003972","","","",""
"有限会社林テント","6519737148017","","","","","","","706-0002","岡山県玉野市築港二丁目17-15","","","","","","","","","","","","","","","5260002033158","","","",""
"株式会社林パッキン","1877018623934","","","","","","","341-0035","埼玉県三郷市鷹野三丁目173","","","","","","","","","","","","","","","1030001036923","","","",""
"株式会社林パツキング工業","6366457466988","","","","","","","124-0002","東京都葛飾区西亀有一丁目17-11","","","","","","","","","","","","","","","1011801003973","","","",""
"株式会社早藤","7260287504222","","","","","","","606-0827","京都府京都市左京区下鴨西半木町65","","","","","","","","","","","","","","","9130001007089","","","",""
"ハヤマ工業有限会社","4522770097442","","","","","","","975-0065","福島県南相馬市原町区陣ケ崎239-5","","","","","","","","","","","","","","","4380002028972","","","",""
"株式会社ハヤミ","3365360460116","","","","","","","745-0055","山口県周南市相生町一丁目22","","","","","","","","","","","","","","","9140001018713","","","",""
"原田シール技研株式会社","5318933677188","","","","","","","509-0201","岐阜県可児市川合238-1","","","","","","","","","","","","","","","4200001017696","","","",""
"株式会社原抜型製作所","3024985235511","","","","","","","131-0032","東京都墨田区東向島六丁目50-8","","","","","","","","","","","","","","","5010601023534","","","",""
"有限会社原部工業所","3833874707302","","","","","","","514-1113","三重県津市久居野村町831","","","","","","","","","","","","","","","5190002001964","","","",""
"春木化工株式会社","1604731890889","","","","","","","123-0851","東京都足立区梅田六丁目26-12","","","","","","","","","","","","","","","8011801011284","","","",""
"株式会社春田精機","4268606943280","","","","","","","341-0037","埼玉県三郷市高州二丁目64-2","","","","","","","","","","","","","","","6030001036935","","","",""
"株式会社春田パッキング","2599409184049","","","","","","","580-0046","大阪府松原市三宅中七丁目1-10","","","","","","","","","","","","","","","3120101027159","","","",""
"春日ゴム工業株式会社","8232807954398","","","","","","","490-1305","愛知県稲沢市平和町丸渕上155-1","","","","","","","","","","","","","","","9180001085601","","","",""
"株式会社Ｈａｎｓｈｉｎ","9820536867021","","","","","","","654-0025","兵庫県神戸市須磨区寺田町二丁目1-18","","","","","","","","","","","","","","","4140001093488","","","",""
"阪神ブレーキ工業株式会社","1777318770503","","","","","","","661-0024","兵庫県尼崎市三反田町三丁目1-12","","","","","","","","","","","","","","","1140001050723","","","",""
"株式会社阪奈宣伝社","4307993652903","","","","","","","630-8014","奈良県奈良市四条大路四丁目2-15","","","","","","","","","","","","","","","5150001001936","","","",""
"株式会社ハンワ","2648603432436","","","","","","","561-0857","大阪府豊中市服部寿町五丁目153-1","","","","","","","","","","","","","","","1120901025297","","","",""
"株式会社バックヤード","2115560577391","","","","","","","415-0012","静岡県下田市白浜2679-14","","","","","","","","","","","","","","","2080101018196","","","",""
"合名会社馬場商店","1901478079062","","","","","","","839-0863","福岡県久留米市国分町671","","","","","","","","","","","","","","","8290003002726","","","",""
"株式会社バルカーシールソリューションズ","2970528195592","","","","","","","637-0014","奈良県五條市住川町 テクノパーク・なら工業団地5-2","","","","","","","","","","","","","","","5150001015746","","","",""
"バルカナイズ関東株式会社","2689081503527","","","","","","","167-0042","東京都杉並区西荻北一丁目2-17 パーク荻窪403号室","","","","","","","","","","","","","","","4011301016903","","","",""
"バルカナイズ中国株式会社","9900974100599","","","","","","","167-0042","東京都杉並区西荻北一丁目2-17 パーク荻窪403号室","","","","","","","","","","","","","","","8011301015439","","","",""
"株式会社バルカーミカワフロンテック","8718520376979","","","","","","","441-1347","愛知県新城市川田本宮道8-52","","","","","","","","","","","","","","","2120901022756","","","",""
"有限会社バルーンフラワー舞","2849484772022","","","","","","","950-2043","新潟県新潟市西区須賀12-6","","","","","","","","","","","","","","","9110002011158","","","",""
"有限会社バルーンブラッサム","8931706903570","","","","","","","146-0081","東京都大田区仲池上一丁目17-13","","","","","","","","","","","","","","","7010702015271","","","",""
"株式会社バルーン夢工房","5497568400252","","","","","","","700-0977","岡山県岡山市北区問屋町19-103","","","","","","","","","","","","","","","8260001022596","","","",""
"バンドー化学株式会社","3870084451399","","","","","","","650-0047","兵庫県神戸市中央区港島南町四丁目6-6","","","","","","","","","","","","","","","5140001013916","","","",""
"バンドー・ショルツ株式会社","4111988966307","","","","","","","675-0104","兵庫県加古川市平岡町土山コモ池ノ内648","","","","","","","","","","","","","","","6140001043433","","","",""
"有限会社パイオニアモス","7530806733510","","","","","","","248-0026","神奈川県鎌倉市七里ガ浜一丁目11-10","","","","","","","","","","","","","","","3021002015345","","","",""
"株式会社パーカーアコウスティック","6562320661120","","","","","","","103-0013","東京都中央区日本橋人形町二丁目22-1","","","","","","","","","","","","","","","9010001055117","","","",""
"パーカーアサヒ株式会社","2560705594899","","","","","","","369-1242","埼玉県深谷市北根15","","","","","","","","","","","","","","","9010001035589","","","",""
"株式会社パシフィック","9065401480863","","","","","","","124-0003","東京都葛飾区お花茶屋三丁目27-3","","","","","","","","","","","","","","","2011801020142","","","",""
"パナレーサー株式会社","8469481403009","","","","","","","669-3464","兵庫県丹波市氷上町石生250","","","","","","","","","","","","","","","8010401151516","","","",""
"株式会社パリッシュ","9894087737799","","","","","","","557-0032","大阪府大阪市西成区旭一丁目4-15","","","","","","","","","","","","","","","3120001108694","","","",""
"株式会社日置商事","7224480718327","","","","","","","454-0011","愛知県名古屋市中川区山王三丁目15-28","","","","","","","","","","","","","","","7180001020675","","","",""
"光化成株式会社","5575449188686","","","","","","","675-0104","兵庫県加古川市平岡町土山482-3","","","","","","","","","","","","","","","1140001043363","","","",""
"ヒカリ技研工業株式会社","5885350496774","","","","","","","577-0836","大阪府東大阪市渋川町三丁目1-36","","","","","","","","","","","","","","","5122001006026","","","",""
"光ケミカル・エンジニアリング株式会社","1139997506625","","","","","","","359-0002","埼玉県所沢市大字中富1438","","","","","","","","","","","","","","","1030001024886","","","",""
"光ゴム株式会社","1473714286718","","","","","","","124-0001","東京都葛飾区小菅一丁目11-19","","","","","","","","","","","","","","","3011801004037","","","",""
"光ゴム工業株式会社","3181900767278","","","","","","","546-0001","大阪府大阪市東住吉区今林四丁目6-14","","","","","","","","","","","","","","","5120001010808","","","",""
"有限会社ヒカリゴム工業","5290294113747","","","","","","","700-0982","岡山県岡山市北区中島田町一丁目7-11","","","","","","","","","","","","","","","4260002008136","","","",""
"株式会社光産業","3906701673230","","","","","","","362-0011","埼玉県上尾市大字平塚2426-3","","","","","","","","","","","","","","","3030001041913","","","",""
"株式会社ヒカリワールド","8885484019289","","","","","","","637-0014","奈良県五條市住川町1309","","","","","","","","","","","","","","","8150001013961","","","",""
"有限会社東川ゴム工業","3186898408210","","","","","","","515-0814","三重県松阪市久保田町377","","","","","","","","","","","","","","","3190002014308","","","",""
"有限会社東ゴム工業所","6681875263368","","","","","","","544-0005","大阪府大阪市生野区中川二丁目7-7","","","","","","","","","","","","","","","1120002008978","","","",""
"東田護謨化工株式会社","1404456025251","","","","","","","653-0022","兵庫県神戸市長田区東尻池町二丁目11-6","","","","","","","","","","","","","","","8140001016701","","","",""
"有限会社東成ゴム工業所","8952182135641","","","","","","","544-0003","大阪府大阪市生野区小路東四丁目9-15","","","","","","","","","","","","","","","6120002010129","","","",""
"東日本ジャバラ株式会社","6307709477706","","","","","","","187-0022","東京都小平市上水本町一丁目22-16","","","","","","","","","","","","","","","9011401005363","","","",""
"疋田ビル株式会社","6243794701725","","","","","","","920-0172","石川県金沢市河原市町10","","","","","","","","","","","","","","","3220001005485","","","",""
"樋口商事株式会社","4677144710155","","","","","","","890-0031","鹿児島県鹿児島市武岡二丁目14-4","","","","","","","","","","","","","","","7340001013464","","","",""
"有限会社樋口製作所","8965913674378","","","","","","","144-0046","東京都大田区東六郷二丁目17-8","","","","","","","","","","","","","","","4010802011917","","","",""
"株式会社ヒショー加工","2526722806440","","","","","","","639-1115","奈良県大和郡山市横田町620-3","","","","","","","","","","","","","","","1150001020428","","","",""
"飛驒工業株式会社","5120582323149","","","","","","","509-2506","岐阜県下呂市萩原町羽根1797-1","","","","","","","","","","","","","","","9200001025876","","","",""
"日野商事有限会社","1984236171798","","","","","","","693-0014","島根県出雲市武志町906-1","","","","","","","","","","","","","","","2280002005892","","","",""
"日の出護謨株式会社","2166606061404","","","","","","","555-0033","大阪府大阪市西淀川区姫島一丁目1-11","","","","","","","","","","","","","","","8120001050512","","","",""
"有限会社ヒノデシール","4633525840363","","","","","","","340-0834","埼玉県八潮市大字大曽根1331-4","","","","","","","","","","","","","","","8030002047698","","","",""
"株式会社日之出製作所","6105549038178","","","","","","","125-0052","東京都葛飾区柴又三丁目21-8","","","","","","","","","","","","","","","5011801004068","","","",""
"日之出テックス株式会社","9065461940588","","","","","","","441-8083","愛知県豊橋市東脇三丁目19-6","","","","","","","","","","","","","","","3180301006881","","","",""
"ヒノデワシ株式会社","1521436745540","","","","","","","131-0032","東京都墨田区東向島一丁目7-8","","","","","","","","","","","","","","","2010601015055","","","",""
"ヒノマル株式会社","2800625943450","","","","","","","679-0103","兵庫県加西市別府町甲172-1","","","","","","","","","","","","","","","8140001076423","","","",""
"一二三興業株式会社","4930476474222","","","","","","","503-1633","岐阜県大垣市上石津町打上800","","","","","","","","","","","","","","","6200001015145","","","",""
"株式会社檜山製作所","5614986581352","","","","","","","311-1301","茨城県東茨城郡大洗町磯浜町6995","","","","","","","","","","","","","","","8050001007247","","","",""
"兵庫建機産業株式会社","2428826315766","","","","","","","651-2122","兵庫県神戸市西区玉津町高津橋437","","","","","","","","","","","","","","","5140001064505","","","",""
"兵庫シューズ株式会社","9656458635831","","","","","","","678-1275","兵庫県赤穂郡上郡町大枝405","","","","","","","","","","","","","","","3140001039707","","","",""
"株式会社兵頭タイヤ","8579566691154","","","","","","","121-0824","東京都足立区西伊興三丁目8-1","","","","","","","","","","","","","","","7011801024485","","","",""
"兵和工業株式会社","7289218311752","","","","","","","653-0015","兵庫県神戸市長田区菅原通一丁目3-1","","","","","","","","","","","","","","","7140001016719","","","",""
"日吉化学工業株式会社","9515063663373","","","","","","","254-0027","神奈川県平塚市堤町3-11","","","","","","","","","","","","","","","8021001037253","","","",""
"日吉工業株式会社","2721677172037","","","","","","","966-0911","福島県喜多方市豊川町高堂太橋向2941","","","","","","","","","","","","","","","2380001018695","","","",""
"有限会社ヒライ","6247977416308","","","","","","","830-0049","福岡県久留米市大石町264","","","","","","","","","","","","","","","3290002049863","","","",""
"平石化成品工業株式会社","5139425146262","","","","","","","321-0921","栃木県宇都宮市瑞穂三丁目4-7","","","","","","","","","","","","","","","4060001003793","","","",""
"有限会社平井自動車板金工業","2200796957013","","","","","","","232-0007","神奈川県横浜市南区清水ケ丘165-24","","","","","","","","","","","","","","","7020002031191","","","",""
"有限会社ヒラオパッキング","2040672765256","","","","","","","125-0041","東京都葛飾区東金町二丁目17-16","","","","","","","","","","","","","","","6011802006500","","","",""
"株式会社枚方技研","4284764006423","","","","","","","573-0128","大阪府枚方市津田山手二丁目20-10","","","","","","","","","","","","","","","6120001150487","","","",""
"有限会社平木ゴム","3639788768592","","","","","","","331-0052","埼玉県さいたま市西区三橋六丁目1640-11","","","","","","","","","","","","","","","3030002011361","","","",""
"株式会社ヒラタ","3829137709817","","","","","","","531-0071","大阪府大阪市北区中津七丁目4-24 ヒラタビル","","","","","","","","","","","","","","","9120001069535","","","",""
"有限会社平田興業","6450080277648","","","","","","","438-0233","静岡県磐田市駒場1144","","","","","","","","","","","","","","","4080402020667","","","",""
"平田ゴム工業有限会社","6497528064604","","","","","","","334-0061","埼玉県川口市大字新堀1013","","","","","","","","","","","","","","","7030002106380","","","",""
"平田パッキン工業株式会社","6495744540921","","","","","","","561-0805","大阪府豊中市原田南一丁目4-1","","","","","","","","","","","","","","","2120901025370","","","",""
"ひらの高分子工業株式会社","6164716944877","","","","","","","547-0001","大阪府大阪市平野区加美北一丁目11-30","","","","","","","","","","","","","","","5120001202941","","","",""
"有限会社平野ゴム製作所","1181872998269","","","","","","","174-0053","東京都板橋区清水町60-13","","","","","","","","","","","","","","","7011402007575","","","",""
"平野産業株式会社","1281615483175","","","","","","","486-0851","愛知県春日井市篠木町一丁目65","","","","","","","","","","","","","","","8180001074828","","","",""
"株式会社平野商店","7745482588766","","","","","","","653-0021","兵庫県神戸市長田区梅ケ香町一丁目18-27","","","","","","","","","","","","","","","3140001005270","","","",""
"広化エンジニアリング株式会社","3173318482850","","","","","","","720-0802","広島県福山市松浜町四丁目2-15","","","","","","","","","","","","","","","2240001031803","","","",""
"広研ゴム株式会社","7268421049407","","","","","","","738-0024","広島県廿日市市新宮二丁目15-5","","","","","","","","","","","","","","","8240001009959","","","",""
"株式会社ヒロ工業","2668347334198","","","","","","","437-0012","静岡県袋井市国本987-4","","","","","","","","","","","","","","","9080401020762","","","",""
"ヒロシ化成株式会社","8340219700135","","","","","","","632-0055","奈良県天理市遠田町45","","","","","","","","","","","","","","","7150001008938","","","",""
"広島化成株式会社","3942711520432","","","","","","","720-0802","広島県福山市松浜町二丁目2-11","","","","","","","","","","","","","","","9240001032943","","","",""
"広島極東ゴム株式会社","6051760923215","","","","","","","727-0023","広島県庄原市七塚町729","","","","","","","","","","","","","","","8240001025015","","","",""
"有限会社広島船具商工","4223771853507","","","","","","","734-0012","広島県広島市南区元宇品町40-3","","","","","","","","","","","","","","","6240002024851","","","",""
"広島ヒールセンター協同組合","6068506182178","","","","","","","729-0114","広島県福山市柳津町四丁目8-6","","","","","","","","","","","","","","","7240005007662","","","",""
"有限会社尋商","3468811329254","","","","","","","361-0011","埼玉県行田市大字荒木1567-1","","","","","","","","","","","","","","","2030002118125","","","",""
"広瀬産業株式会社","9603884162162","","","","","","","929-1125","石川県かほく市宇野気ヌ25","","","","","","","","","","","","","","","5220001017784","","","",""
"株式会社廣田化学","9373632230853","","","","","","","675-1112","兵庫県加古郡稲美町六分一蕩ヶ谷1185","","","","","","","","","","","","","","","4140001044615","","","",""
"有限会社ヒロテック","2660449208432","","","","","","","839-0806","福岡県久留米市東合川干出町3-32","","","","","","","","","","","","","","","1290002049881","","","",""
"有限会社ＨＩＲＯ　ＰＬＡＮＮＩＮＧ","3997144419535","","","","","","","371-0846","群馬県前橋市元総社町一丁目33-18","","","","","","","","","","","","","","","7070002007328","","","",""
"広木工業株式会社","2976011617079","","","","","","","729-0104","広島県福山市松永町三丁目18-11","","","","","","","","","","","","","","","7240001031807","","","",""
"株式会社ビーアイエムシー","4139883844048","","","","","","","503-2417","岐阜県揖斐郡池田町本郷680","","","","","","","","","","","","","","","4200001016293","","","",""
"株式会社Ｂ・Ｉ・Ｄ","1722594207076","","","","","","","963-8871","福島県郡山市本町一丁目19-11","","","","","","","","","","","","","","","4380001008091","","","",""
"株式会社ＢＭＺ","9981439070635","","","","","","","379-1414","群馬県利根郡みなかみ町布施225","","","","","","","","","","","","","","","5070002036007","","","",""
"株式会社ビクトリー","6884402869893","","","","","","","653-0031","兵庫県神戸市長田区西尻池町一丁目3-5","","","","","","","","","","","","","","","6140001016703","","","",""
"株式会社美笑館","2055829792171","","","","","","","512-8054","三重県四日市市朝明町196-1","","","","","","","","","","","","","","","7190001018784","","","",""
"株式会社美笑館化学","3554960687715","","","","","","","512-8054","三重県四日市市朝明町196-4","","","","","","","","","","","","","","","8190001015995","","","",""
"ビッグコーティング株式会社","5411815347947","","","","","","","639-2261","奈良県御所市大字城山台166-17","","","","","","","","","","","","","","","1150001014537","","","",""
"株式会社ビナン","7570737545491","","","","","","","710-0836","岡山県倉敷市沖321-3","","","","","","","","","","","","","","","7260001014545","","","",""
"株式会社ビー・ビー・エム","7680937499735","","","","","","","103-0027","東京都中央区日本橋三丁目8-2","","","","","","","","","","","","","","","2010001055197","","","",""
"備後特殊金網株式会社","7098075875612","","","","","","","722-0000","広島県尾道市長者原二丁目165-29","","","","","","","","","","","","","","","9240001038453","","","",""
"ピー・エス・シー株式会社","2035250447537","","","","","","","488-0871","愛知県尾張旭市平子町東241-1","","","","","","","","","","","","","","","5180001051210","","","",""
"有限会社ピュアディオ","7449730992785","","","","","","","759-0204","山口県宇部市大字妻崎開作484-1","","","","","","","","","","","","","","","7250002006914","","","",""
"ピンチブロック株式会社","8452407787226","","","","","","","108-0023","東京都港区芝浦二丁目8-14 第2AKビル5F","","","","","","","","","","","","","","","3010401025195","","","",""
"ファインウレタン株式会社","5525558171199","","","","","","","345-0025","埼玉県北葛飾郡杉戸町清地三丁目23-14","","","","","","","","","","","","","","","1030001051947","","","",""
"ファーストラバー株式会社","8861124728611","","","","","","","674-0093","兵庫県明石市二見町南二見18-11","","","","","","","","","","","","","","","6140001035414","","","",""
"有限会社ファミリー産業","5917462497014","","","","","","","583-0884","大阪府羽曳野市野323-6","","","","","","","","","","","","","","","1120102004225","","","",""
"有限会社フィールド","1267580177759","","","","","","","518-0731","三重県名張市夏秋574-1","","","","","","","","","","","","","","","4190002012335","","","",""
"フォルボ・ジークリング・ジャパン株式会社","1153650446760","","","","","","","141-0032","東京都品川区大崎五丁目10-10 大崎CNビル4F","","","","","","","","","","","","","","","3010701013858","","","",""
"有限会社フォーレスト","1453189738081","","","","","","","675-0005","兵庫県加古川市神野町石守356-1","","","","","","","","","","","","","","","2140002036489","","","",""
"フカイ工業株式会社","5245155697136","","","","","","","532-0005","大阪府大阪市淀川区三国本町一丁目11-10","","","","","","","","","","","","","","","7120901020887","","","",""
"株式会社フカエ","5752796963000","","","","","","","340-0815","埼玉県八潮市八潮七丁目35-14","","","","","","","","","","","","","","","5030001036300","","","",""
"株式会社冨金原義肢","4330906739244","","","","","","","571-0039","大阪府門真市速見町13-17","","","","","","","","","","","","","","","9120001158437","","","",""
"福井高圧ホース株式会社","1304330635180","","","","","","","918-8239","福井県福井市成和二丁目705","","","","","","","","","","","","","","","3210001011922","","","",""
"福井ベルト工業株式会社","8456378511477","","","","","","","918-8037","福井県福井市下江守町23 字山花1番地7","","","","","","","","","","","","","","","8210001003320","","","",""
"フクイロジス株式会社","1067652815656","","","","","","","596-0011","大阪府岸和田市木材町13-1","","","","","","","","","","","","","","","8120101045593","","","",""
"有限会社福栄ゴム製作所","2078166663125","","","","","","","341-0035","埼玉県三郷市鷹野五丁目302","","","","","","","","","","","","","","","3030002049708","","","",""
"福岡化学工業株式会社","1471253933181","","","","","","","770-0867","徳島県徳島市新南福島二丁目3-7","","","","","","","","","","","","","","","5480001001993","","","",""
"福岡クロス工業株式会社","3642242787463","","","","","","","812-0014","福岡県福岡市博多区比恵町9-24","","","","","","","","","","","","","","","9290001016090","","","",""
"福岡工業株式会社","1733811309393","","","","","","","356-0054","埼玉県ふじみ野市大井武蔵野1351","","","","","","","","","","","","","","","9030001057045","","","",""
"株式会社福岡潜水","4499487134863","","","","","","","819-1564","福岡県糸島市大門412-1","","","","","","","","","","","","","","","6290001033262","","","",""
"福岡パツキング株式会社","2580364328547","","","","","","","150-0013","東京都渋谷区恵比寿四丁目9-5","","","","","","","","","","","","","","","9011001020275","","","",""
"有限会社フクオカヤ","2360800011195","","","","","","","111-0022","東京都台東区清川一丁目7-5","","","","","","","","","","","","","","","9010502009810","","","",""
"有限会社福岡ラバーテック","8470959869550","","","","","","","813-0025","福岡県福岡市東区青葉三丁目37-7","","","","","","","","","","","","","","","5290002026225","","","",""
"福島ゴム株式会社","8460232798969","","","","","","","664-0847","兵庫県伊丹市藤ノ木二丁目2-13","","","","","","","","","","","","","","","2380001001412","","","",""
"福島ゴム工業品株式会社","3179289649065","","","","","","","960-8152","福島県福島市鳥谷野道光内23-5","","","","","","","","","","","","","","","9380001001414","","","",""
"福島篠田ゴム工業株式会社","9092581625837","","","","","","","963-5342","福島県東白川郡塙町大字伊香高ノ平66","","","","","","","","","","","","","","","1380001010661","","","",""
"福島司工業株式会社","3315233348645","","","","","","","124-0013","東京都葛飾区東立石一丁目24-3","","","","","","","","","","","","","","","8011801004247","","","",""
"フクシロ工業株式会社","5648961372242","","","","","","","581-0092","大阪府八尾市老原四丁目105","","","","","","","","","","","","","","","9122001019882","","","",""
"福寿ワークテック株式会社","2450221339851","","","","","","","496-0931","愛知県愛西市早尾町舟原83-1","","","","","","","","","","","","","","","3180001118317","","","",""
"株式会社福田工業","3395889784881","","","","","","","261-0002","千葉県千葉市美浜区新港214","","","","","","","","","","","","","","","3040001006510","","","",""
"有限会社福地ゴム工業所","3599050801057","","","","","","","131-0031","東京都墨田区墨田二丁目1-11","","","","","","","","","","","","","","","4010602014260","","","",""
"福本ゴム工業株式会社","2883936803632","","","","","","","125-0063","東京都葛飾区白鳥二丁目4-8","","","","","","","","","","","","","","","1011801004261","","","",""
"福守産業株式会社","9670694882769","","","","","","","545-0001","大阪府大阪市阿倍野区天王寺町北二丁目25-1","","","","","","","","","","","","","","","4120001006336","","","",""
"福山高圧ホース株式会社","7630962853185","","","","","","","720-0002","広島県福山市御幸町大字下岩成1073","","","","","","","","","","","","","","","8240001032647","","","",""
"福山ゴム工業株式会社","2146313849403","","","","","","","470-0151","愛知県愛知郡東郷町大字諸輪北山158-314","","","","","","","","","","","","","","","8180001067609","","","",""
"福山ゴム工業株式会社","9855739054583","","","","","","","720-0802","広島県福山市松浜町三丁目1-63","","","","","","","","","","","","","","","4240001032683","","","",""
"株式会社フコク","4352267240580","","","","","","","362-0003","埼玉県上尾市菅谷三丁目105","","","","","","","","","","","","","","","5030001044311","","","",""
"フコク産業株式会社","1099018320077","","","","","","","581-0067","大阪府八尾市神武町1-81","","","","","","","","","","","","","","","3122001021357","","","",""
"フコク物産株式会社","7053755603072","","","","","","","143-0015","東京都大田区大森西二丁目32-7","","","","","","","","","","","","","","","2010801010384","","","",""
"フシマン販売株式会社","8303773747063","","","","","","","540-0013","大阪府大阪市中央区内久宝寺町四丁目3-8","","","","","","","","","","","","","","","5120001046967","","","",""
"株式会社富士","8956717445532","","","","","","","474-0001","愛知県大府市北崎町井田132","","","","","","","","","","","","","","","4180001092379","","","",""
"株式会社フジ","9564002637909","","","","","","","150-0046","東京都渋谷区松濤一丁目29-24 松涛郵便ビル503","","","","","","","","","","","","","","","7011001020483","","","",""
"株式会社フジアーチ","3560657618591","","","","","","","252-1125","神奈川県綾瀬市吉岡東三丁目1-3","","","","","","","","","","","","","","","1021001027582","","","",""
"株式会社藤井","2078186138402","","","","","","","342-0042","埼玉県吉川市中野301","","","","","","","","","","","","","","","3030001065730","","","",""
"有限会社富士エンドレス","7424601977299","","","","","","","410-0821","静岡県沼津市大平2711-4","","","","","","","","","","","","","","","2080102004699","","","",""
"有限会社藤岡化学工業所","9372518777180","","","","","","","375-0002","群馬県藤岡市立石1331-5","","","","","","","","","","","","","","","1070002017712","","","",""
"藤岡ゴム工業株式会社","4266570079195","","","","","","","124-0012","東京都葛飾区立石八丁目55-10","","","","","","","","","","","","","","","3011801014325","","","",""
"株式会社フジカ工業","6591998369042","","","","","","","334-0013","埼玉県川口市南鳩ヶ谷七丁目6-9 フジカビル","","","","","","","","","","","","","","","6030001073342","","","",""
"株式会社藤加工所","6882659226531","","","","","","","979-2305","福島県南相馬市鹿島区永田永田48","","","","","","","","","","","","","","","1380001015925","","","",""
"藤川ゴム株式会社","1079780013842","","","","","","","544-0005","大阪府大阪市生野区中川二丁目19-11","","","","","","","","","","","","","","","1120001018706","","","",""
"藤倉コンポジット株式会社","6855274778877","","","","","","","141-0031","東京都品川区西五反田八丁目4-13 五反田JPビルディング4F","","","","","","","","","","","","","","","5010701008682","","","",""
"株式会社富士高圧","2795692862182","","","","","","","653-0022","兵庫県神戸市長田区東尻池町二丁目11-6","","","","","","","","","","","","","","","6140001030407","","","",""
"冨士高圧フレキシブルホース株式会社","9121677365984","","","","","","","743-0063","山口県光市島田六丁目2-20","","","","","","","","","","","","","","","9250001010320","","","",""
"フジ工業株式会社","8325620643392","","","","","","","133-0073","東京都江戸川区鹿骨一丁目14-1","","","","","","","","","","","","","","","2011701006737","","","",""
"富士工業株式会社","3842804055554","","","","","","","192-0012","東京都八王子市左入町50","","","","","","","","","","","","","","","7010101003456","","","",""
"富士高分子工業株式会社","9177056287718","","","","","","","450-0002","愛知県名古屋市中村区名駅五丁目21-1 FUJIPOLYビル","","","","","","","","","","","","","","","9180001040234","","","",""
"株式会社フジゴム","3888923205505","","","","","","","577-0827","大阪府東大阪市衣摺六丁目12-12","","","","","","","","","","","","","","","1122001026011","","","",""
"株式会社不二ゴム工業","1653623921011","","","","","","","929-1100","石川県かほく市大崎ハ31-1","","","","","","","","","","","","","","","4220001018049","","","",""
"有限会社藤ゴム工業所","4112129826183","","","","","","","542-0012","大阪府大阪市中央区谷町六丁目9-18","","","","","","","","","","","","","","","5120002038303","","","",""
"富士産業株式会社","7502968543886","","","","","","","254-0016","神奈川県平塚市東八幡五丁目11-3","","","","","","","","","","","","","","","8021001038895","","","",""
"株式会社フジショー","7591989590205","","","","","","","350-1305","埼玉県狭山市入間川一丁目13-29","","","","","","","","","","","","","","","3030001132786","","","",""
"藤正株式会社","8920176757035","","","","","","","636-0054","奈良県北葛城郡河合町大字穴闇180-1","","","","","","","","","","","","","","","2150001014081","","","",""
"富士シール株式会社","9680122497930","","","","","","","485-0805","愛知県小牧市大字林西山1833","","","","","","","","","","","","","","","2180001076409","","","",""
"富士スポンジ工業株式会社","1387926971342","","","","","","","173-0005","東京都板橋区仲宿15-2","","","","","","","","","","","","","","","7011401007312","","","",""
"不二精工株式会社","5653181385520","","","","","","","501-6257","岐阜県羽島市福寿町平方十三丁目60","","","","","","","","","","","","","","","3200001011444","","","",""
"有限会社不二タイヤ商会","5473092566304","","","","","","","028-0012","岩手県久慈市新井田第三地割193-2","","","","","","","","","","","","","","","8400002013002","","","",""
"株式会社フジタ機工","2222483683335","","","","","","","221-0045","神奈川県横浜市神奈川区神奈川二丁目10-18","","","","","","","","","","","","","","","8020001024294","","","",""
"株式会社藤田工業所","1028716923376","","","","","","","319-1418","茨城県日立市砂沢町25-4","","","","","","","","","","","","","","","9050001023524","","","",""
"有限会社フジタゴム","2033663194071","","","","","","","340-0800","埼玉県八潮市大字二丁目398-1","","","","","","","","","","","","","","","7030002047749","","","",""
"有限会社藤田ゴム工業所","5159680208075","","","","","","","674-0061","兵庫県明石市大久保町森田140","","","","","","","","","","","","","","","1140002029601","","","",""
"株式会社フジタ商会","1600602295684","","","","","","","422-8041","静岡県静岡市駿河区中田一丁目18-15","","","","","","","","","","","","","","","5080001004558","","","",""
"株式会社フジックス","1715709403311","","","","","","","154-0023","東京都世田谷区若林一丁目36-15","","","","","","","","","","","","","","","4010901010605","","","",""
"有限会社フジテック","2357972734101","","","","","","","011-0916","秋田県秋田市飯島穀丁12-10","","","","","","","","","","","","","","","9410002003216","","","",""
"有限会社藤友工業","2598686199322","","","","","","","365-0014","埼玉県鴻巣市屈巣2263-2","","","","","","","","","","","","","","","9030002084360","","","",""
"有限会社富士トラスト","9105495025930","","","","","","","132-0031","東京都江戸川区松島二丁目8-8","","","","","","","","","","","","","","","8011702009782","","","",""
"株式会社富士宮ヨコハマ","2097540665817","","","","","","","418-0014","静岡県富士宮市富士見ケ丘117","","","","","","","","","","","","","","","2080101011721","","","",""
"株式会社富士パッキング工業所","2307909576040","","","","","","","567-0879","大阪府茨木市東宇野辺町3-18","","","","","","","","","","","","","","","1120901001884","","","",""
"有限会社不二パツキング製作所","2564407992105","","","","","","","341-0037","埼玉県三郷市高州一丁目310-1","","","","","","","","","","","","","","","1030002049701","","","",""
"株式会社フジプラス","5937755781747","","","","","","","544-0001","大阪府大阪市生野区新今里六丁目8-1","","","","","","","","","","","","","","","4120001018686","","","",""
"株式会社富士ベルト","8751582521017","","","","","","","334-0057","埼玉県川口市大字安行原根谷654-7","","","","","","","","","","","","","","","5030001076940","","","",""
"株式会社フジベルト工業","5055911682391","","","","","","","416-0931","静岡県富士市蓼原103-26","","","","","","","","","","","","","","","4080102016032","","","",""
"株式会社藤巻製作所","8463246691305","","","","","","","410-0022","静岡県沼津市大岡989-6","","","","","","","","","","","","","","","9080101015988","","","",""
"株式会社フジマツ","8127745710965","","","","","","","975-0027","福島県南相馬市原町区上北高平高松313","","","","","","","","","","","","","","","1380001015561","","","",""
"富士美産業株式会社","7998012368334","","","","","","","557-0033","大阪府大阪市西成区梅南一丁目6-15","","","","","","","","","","","","","","","6120001004230","","","",""
"藤吉ゴム株式会社","1846181955249","","","","","","","599-8122","大阪府堺市東区丈六72-1","","","","","","","","","","","","","","","4120101006153","","","",""
"株式会社藤原","3713131957243","","","","","","","675-2322","兵庫県加西市北条町西高室550-7","","","","","","","","","","","","","","","9140001076447","","","",""
"藤原化工株式会社","1743668001967","","","","","","","654-0038","兵庫県神戸市須磨区青葉町四丁目1-1","","","","","","","","","","","","","","","9140001017888","","","",""
"株式会社フセアス","2307974220848","","","","","","","105-0004","東京都港区新橋五丁目7-13","","","","","","","","","","","","","","","6010401025969","","","",""
"扶桑化学株式会社","3980882652388","","","","","","","141-0031","東京都品川区西五反田一丁目20-7","","","","","","","","","","","","","","","1010701008703","","","",""
"株式会社扶桑ケミカル","7353810735786","","","","","","","105-0004","東京都港区新橋五丁目8-5","","","","","","","","","","","","","","","6010401025977","","","",""
"富双ゴム株式会社","1593559948183","","","","","","","101-0051","東京都千代田区神田神保町二丁目28","","","","","","","","","","","","","","","5010001027755","","","",""
"富双ゴム工業株式会社","9010080962826","","","","","","","335-0005","埼玉県蕨市錦町六丁目4-21","","","","","","","","","","","","","","","9011401005603","","","",""
"扶桑ゴム工業株式会社","6798211000928","","","","","","","125-0052","東京都葛飾区柴又三丁目20-10","","","","","","","","","","","","","","","7011801004264","","","",""
"株式会社扶桑ゴム産業","1986096620866","","","","","","","734-0014","広島県広島市南区宇品西二丁目16-40","","","","","","","","","","","","","","","3240001017727","","","",""
"双葉化工有限会社","4545871803132","","","","","","","341-0037","埼玉県三郷市高州一丁目323","","","","","","","","","","","","","","","7030002049687","","","",""
"双葉工業有限会社","2467724752439","","","","","","","779-3634","徳島県美馬市脇町小星1196-20","","","","","","","","","","","","","","","3480002014996","","","",""
"二葉ゴム工業株式会社","5154085752368","","","","","","","700-0982","岡山県岡山市北区中島田町二丁目7-8","","","","","","","","","","","","","","","6260001005909","","","",""
"合資会社二葉ゴム商会","4560422877083","","","","","","","496-0026","愛知県津島市唐臼町代官田代官田75","","","","","","","","","","","","","","","9180003013444","","","",""
"株式会社双葉ゴム製作所","4807269632658","","","","","","","592-0014","大阪府高石市綾園七丁目7-22","","","","","","","","","","","","","","","9120101008590","","","",""
"有限会社フタバ産業","8649185688134","","","","","","","340-0813","埼玉県八潮市大字木曽根2-759-1","","","","","","","","","","","","","","","9030002047763","","","",""
"株式会社二葉パツキング製作所","1203145102257","","","","","","","173-0004","東京都板橋区板橋四丁目30-8","","","","","","","","","","","","","","","1011401005627","","","",""
"双葉パッキング製造株式会社","7330884106379","","","","","","","114-0014","東京都北区田端一丁目25-28","","","","","","","","","","","","","","","1010401026105","","","",""
"有限会社双芽興業","9946554549211","","","","","","","125-0032","東京都葛飾区水元一丁目13-12","","","","","","","","","","","","","","","6011802006780","","","",""
"不動ゴム工業株式会社","9685762009488","","","","","","","538-0042","大阪府大阪市鶴見区今津中三丁目11-4","","","","","","","","","","","","","","","6120001002515","","","",""
"船堀ゴム株式会社","4062478141470","","","","","","","132-0035","東京都江戸川区平井七丁目12-8","","","","","","","","","","","","","","","6011701006972","","","",""
"株式会社フナヤマ","5091254112900","","","","","","","311-0104","茨城県那珂市堤973-6","","","","","","","","","","","","","","","1050001004762","","","",""
"フミ印刷工業有限会社","2499953258381","","","","","","","519-2404","三重県多気郡大台町佐原339","","","","","","","","","","","","","","","7190002015731","","","",""
"有限会社古市製作所","3807883758627","","","","","","","131-0041","東京都墨田区八広一丁目13-5","","","","","","","","","","","","","","","3010602014195","","","",""
"有限会社フルタエンジニアリング","1103614266820","","","","","","","599-8276","大阪府堺市中区小阪113-3","","","","","","","","","","","","","","","6120102010821","","","",""
"株式会社フルポン","5582308528270","","","","","","","424-0822","静岡県静岡市清水区旭町7-22","","","","","","","","","","","","","","","4080001009079","","","",""
"有限会社古谷ゴム工業所","6887688524487","","","","","","","327-0003","栃木県佐野市大橋町2008","","","","","","","","","","","","","","","3060002039441","","","",""
"有限会社古谷ゴム製作所","7559668494495","","","","","","","124-0006","東京都葛飾区堀切一丁目32-6","","","","","","","","","","","","","","","7011802006862","","","",""
"株式会社フレック","2706145612773","","","","","","","640-1131","和歌山県海草郡紀美野町動木1873","","","","","","","","","","","","","","","4170001005853","","","",""
"不老ゴム工業株式会社","4403030420993","","","","","","","124-0005","東京都葛飾区宝町二丁目4-19","","","","","","","","","","","","","","","9011801004287","","","",""
"フローバル株式会社","3558731379951","","","","","","","550-0005","大阪府大阪市西区西本町一丁目15-10 辰野西本町ビル14F","","","","","","","","","","","","","","","5120001034550","","","",""
"フロンテイア産業株式会社","9606871088480","","","","","","","571-0012","大阪府門真市江端町6-7","","","","","","","","","","","","","","","1120001158064","","","",""
"株式会社フロント広島","5934043505640","","","","","","","732-0818","広島県広島市南区段原日出一丁目9-5","","","","","","","","","","","","","","","8240001016658","","","",""
"株式会社ＦｕｗａＦｕｗａ","4245504852771","","","","","","","719-3201","岡山県真庭市久世2241","","","","","","","","","","","","","","","9260001023032","","","",""
"武州工業株式会社","4502193692390","","","","","","","198-0025","東京都青梅市末広町一丁目2-3","","","","","","","","","","","","","","","6012801003083","","","",""
"有限会社武南プラス","8262203054336","","","","","","","350-1101","埼玉県川越市大字的場1696-1","","","","","","","","","","","","","","","1030002120429","","","",""
"株式会社ブライドン","4205652143398","","","","","","","125-0041","東京都葛飾区東金町八丁目17-4","","","","","","","","","","","","","","","5011801013606","","","",""
"株式会社ＢＲＡＶＯ","3151650783533","","","","","","","446-0051","愛知県安城市箕輪町鳥屋金74-1","","","","","","","","","","","","","","","3180301016526","","","",""
"株式会社ブリヂストントレッドシステム","5246425772105","","","","","","","620-0853","京都府福知山市長田野町二丁目68-3","","","","","","","","","","","","","","","6130001041272","","","",""
"株式会社ブリヂストン","6955774191258","","","","","","","104-0031","東京都中央区京橋三丁目1-1","","","","","","","","","","","","","","","3010001034943","","","",""
"ブリヂストンタイヤ会津販売株式会社","6790038599186","","","","","","","965-0005","福島県会津若松市一箕町大字亀賀郷之原227-2","","","","","","","","","","","","","","","9380001017815","","","",""
"ブリヂストンタイヤサービス東日本株式会社","6053989291902","","","","","","","187-0031","東京都小平市小川東町三丁目1-1 B-TRINITYビル3階","","","","","","","","","","","","","","","1010001142723","","","",""
"ブリヂストンタイヤソリューションジャパン株式会社","3266398960607","","","","","","","187-0031","東京都小平市小川東町三丁目1-1 B-TRINITYビル","","","","","","","","","","","","","","","2010001142722","","","",""
"ブリヂストンＢＭＳ株式会社","1841942536795","","","","","","","187-0031","東京都小平市小川東町三丁目1-1","","","","","","","","","","","","","","","9010001122255","","","",""
"ブリヂストンフローテック株式会社","5942695176109","","","","","","","347-0017","埼玉県加須市南篠崎一丁目3-1","","","","","","","","","","","","","","","5030001033165","","","",""
"ブレインシール株式会社","5209418232953","","","","","","","503-0854","岐阜県大垣市築捨町四丁目87","","","","","","","","","","","","","","","3200001014216","","","",""
"有限会社プライムフィールド","9259396078904","","","","","","","371-0244","群馬県前橋市鼻毛石町751","","","","","","","","","","","","","","","1070002006186","","","",""
"有限会社プラセス・ナカムラ","8249284987612","","","","","","","493-0002","愛知県一宮市木曽川町門間金屎21","","","","","","","","","","","","","","","8180002078687","","","",""
"プリンス化成株式会社","6261601102406","","","","","","","271-0042","千葉県松戸市主水新田525","","","","","","","","","","","","","","","2040001036748","","","",""
"株式会社プリンス技研","7907878854406","","","","","","","651-2243","兵庫県神戸市西区井吹台西町四丁目25-9","","","","","","","","","","","","","","","4140001023791","","","",""
"有限会社プレーン","7504243106026","","","","","","","653-0022","兵庫県神戸市長田区東尻池町二丁目5-8","","","","","","","","","","","","","","","3140002024666","","","",""
"株式会社プロアペックス","2913717532839","","","","","","","933-0003","富山県高岡市能町1940-1","","","","","","","","","","","","","","","8230001015074","","","",""
"株式会社プログレス","8352864884810","","","","","","","370-3105","群馬県高崎市箕郷町西明屋978-6","","","","","","","","","","","","","","","8070001009613","","","",""
"株式会社プログレス","5803475914939","","","","","","","480-0202","愛知県西春日井郡豊山町大字豊場大山44-1","","","","","","","","","","","","","","","6180001065102","","","",""
"有限会社プログローブ・ジャパン","7603544239258","","","","","","","123-0845","東京都足立区西新井本町四丁目19-5","","","","","","","","","","","","","","","4010602028797","","","",""
"株式会社プロスパイラ","7250421729387","","","","","","","212-0013","神奈川県川崎市幸区堀川町580","","","","","","","","","","","","","","","4010001223933","","","",""
"有限会社プロセッシングコクボ","8051502608283","","","","","","","474-0001","愛知県大府市北崎町島原13","","","","","","","","","","","","","","","3180002085093","","","",""
"プロフレックス株式会社","8761731938910","","","","","","","337-0033","埼玉県さいたま市見沼区大字御蔵1172","","","","","","","","","","","","","","","8030001135594","","","",""
"有限会社ヘイセイエンドレス","9389150224215","","","","","","","437-0064","静岡県袋井市川井1200-1","","","","","","","","","","","","","","","6080402022406","","","",""
"有限会社平正工業","2360763121052","","","","","","","459-8001","愛知県名古屋市緑区大高町寅新田94-1","","","","","","","","","","","","","","","6180002026417","","","",""
"平和株式会社","9036659068858","","","","","","","657-0861","兵庫県神戸市灘区新在家北町一丁目1-30","","","","","","","","","","","","","","","6140001010730","","","",""
"株式会社平和ゴム","5977201971473","","","","","","","327-0842","栃木県佐野市奈良渕町657","","","","","","","","","","","","","","","8060001020620","","","",""
"平和ゴム商工株式会社","8025532755333","","","","","","","135-0034","東京都江東区永代二丁目12-5","","","","","","","","","","","","","","","9010601006072","","","",""
"有限会社ヘリック","9806324094735","","","","","","","240-0006","神奈川県横浜市保土ケ谷区星川一丁目4-11 ビッグヴァンステーションスクエア星川602","","","","","","","","","","","","","","","1020002054025","","","",""
"ヘルメット潜水株式会社","3321195169762","","","","","","","873-0202","大分県国東市安岐町瀬戸田1300","","","","","","","","","","","","","","","8320001008317","","","",""
"株式会社ＶＥＧＡ","2634802100706","","","","","","","654-0025","兵庫県神戸市須磨区寺田町一丁目3-19","","","","","","","","","","","","","","","7140001029828","","","",""
"株式会社ベッスル","6780398452509","","","","","","","501-3706","岐阜県美濃市須原589","","","","","","","","","","","","","","","8200001031925","","","",""
"株式会社ベルゲス","2656927256021","","","","","","","654-0041","兵庫県神戸市須磨区古川町一丁目3-10","","","","","","","","","","","","","","","8140001017906","","","",""
"ベルテックシステムズ株式会社","7461161017242","","","","","","","596-0011","大阪府岸和田市木材町3-7","","","","","","","","","","","","","","","4120101055893","","","",""
"有限会社ベルト工業","3883797753569","","","","","","","243-0122","神奈川県厚木市森の里一丁目1-4","","","","","","","","","","","","","","","3021002033074","","","",""
"ベルポリマー共栄株式会社","8378199402305","","","","","","","456-0002","愛知県名古屋市熱田区金山町二丁目8-7","","","","","","","","","","","","","","","4180001046657","","","",""
"株式会社豊栄","6611268037109","","","","","","","277-0924","千葉県柏市風早一丁目8-9","","","","","","","","","","","","","","","1040001067298","","","",""
"豊英株式会社","7564858430886","","","","","","","431-0411","静岡県湖西市入出350-1","","","","","","","","","","","","","","","3080401009654","","","",""
"株式会社豊栄","6586959966886","","","","","","","420-0875","静岡県静岡市葵区美川町15-14","","","","","","","","","","","","","","","2080001004692","","","",""
"有限会社邦栄ゴム工業","2655163480308","","","","","","","124-0001","東京都葛飾区小菅二丁目16-13","","","","","","","","","","","","","","","6011802006913","","","",""
"株式会社北栄ゴム商会","1805532266976","","","","","","","920-0059","石川県金沢市示野町ホ30","","","","","","","","","","","","","","","5220001010137","","","",""
"株式会社豊栄パッキング製作所","2246300963404","","","","","","","130-0012","東京都墨田区太平四丁目4-3","","","","","","","","","","","","","","","6010601015423","","","",""
"株式会社宝協","5822703884183","","","","","","","492-8272","愛知県稲沢市桜木二丁目8-6","","","","","","","","","","","","","","","2180001086060","","","",""
"朋伸ゴム工業有限会社","8525557169623","","","","","","","125-0002","東京都葛飾区西亀有三丁目30-21","","","","","","","","","","","","","","","8011802006928","","","",""
"有限会社豊伸ゴム工業","4446786233782","","","","","","","454-0981","愛知県名古屋市中川区吉津五丁目1201","","","","","","","","","","","","","","","9180002019285","","","",""
"株式会社宝洋","7398301363538","","","","","","","130-0021","東京都墨田区緑一丁目23-10","","","","","","","","","","","","","","","8010601006131","","","",""
"宝来ゴム加工株式会社","9861111070441","","","","","","","347-0108","埼玉県加須市戸崎308-12","","","","","","","","","","","","","","","8030001033039","","","",""
"宝和興産株式会社","6930046981047","","","","","","","654-0151","兵庫県神戸市須磨区北落合二丁目7-7","","","","","","","","","","","","","","","7140001016818","","","",""
"株式会社ホーエン","1391942107233","","","","","","","503-0986","岐阜県大垣市中曽根町485","","","","","","","","","","","","","","","7200001016778","","","",""
"北愛工業有限会社","5118356707194","","","","","","","458-0915","愛知県名古屋市緑区野末町602","","","","","","","","","","","","","","","9180002026513","","","",""
"株式会社北栄","6306324797313","","","","","","","252-0132","神奈川県相模原市緑区橋本台二丁目9-10","","","","","","","","","","","","","","","2021001013920","","","",""
"有限会社北越軽金属工業","4136106457844","","","","","","","946-0057","新潟県魚沼市中島795-2","","","","","","","","","","","","","","","1110002033969","","","",""
"北伸ゴム株式会社","4685130491619","","","","","","","115-0042","東京都北区志茂二丁目39-3","","","","","","","","","","","","","","","5011501004260","","","",""
"北進ゴム工業有限会社","3991790997304","","","","","","","131-0031","東京都墨田区墨田二丁目34-19","","","","","","","","","","","","","","","6010602014928","","","",""
"北星ゴム工業株式会社","1064084363954","","","","","","","938-0054","富山県黒部市岡362-14","","","","","","","","","","","","","","","5230001007421","","","",""
"北星産業株式会社","9405053050942","","","","","","","590-0948","大阪府堺市堺区戎之町西一丁1-1","","","","","","","","","","","","","","","3120101006328","","","",""
"有限会社北星マリーン","4137405192131","","","","","","","062-0902","北海道札幌市豊平区豊平二条五丁目1-1","","","","","","","","","","","","","","","5430002017993","","","",""
"株式会社北東工業","4828721147244","","","","","","","286-0101","千葉県成田市十余三瓜生池59-257","","","","","","","","","","","","","","","2040001043208","","","",""
"株式会社北斗ゴム製作所","4004324516904","","","","","","","047-0261","北海道小樽市銭函三丁目274-5","","","","","","","","","","","","","","","8430001050398","","","",""
"有限会社北日商会","1828057107852","","","","","","","910-0004","福井県福井市宝永二丁目8-1","","","","","","","","","","","","","","","3210002003373","","","",""
"有限会社ホクホウ","1956506377845","","","","","","","573-0095","大阪府枚方市翠香園町2-13","","","","","","","","","","","","","","","8120002075070","","","",""
"株式会社北陽化学工業所","4956371282486","","","","","","","341-0034","埼玉県三郷市新和四丁目534-1","","","","","","","","","","","","","","","6030001036984","","","",""
"株式会社北陸エンジニアプラスチツク","5625234331216","","","","","","","933-0253","富山県射水市七美中野212","","","","","","","","","","","","","","","5230001012545","","","",""
"株式会社北陸カラーフオーム","6760202958308","","","","","","","923-1100","石川県能美市莇生町カ4-1 岩内工業団地内","","","","","","","","","","","","","","","6220001014005","","","",""
"北陸バンドー株式会社","9553369909228","","","","","","","930-0834","富山県富山市問屋町三丁目2-19","","","","","","","","","","","","","","","3230001003042","","","",""
"北陸リトレッド株式会社","9198022061534","","","","","","","915-0801","福井県越前市家久町24-3-1","","","","","","","","","","","","","","","2210001011972","","","",""
"星ゴム株式会社","8125749738122","","","","","","","577-0834","大阪府東大阪市柏田本町14-2","","","","","","","","","","","","","","","8122001012525","","","",""
"有限会社星ゴム工業","7682155662463","","","","","","","341-0035","埼玉県三郷市鷹野四丁目222","","","","","","","","","","","","","","","2030002049766","","","",""
"有限会社星野ゴム工業","7504343323007","","","","","","","321-1522","栃木県日光市足尾町中才2910-1","","","","","","","","","","","","","","","3060002016309","","","",""
"有限会社星野製作所","6894247372389","","","","","","","131-0041","東京都墨田区八広四丁目20-1","","","","","","","","","","","","","","","6010602030792","","","",""
"合名会社星野パッキング製作所","5247200584223","","","","","","","130-0004","東京都墨田区本所一丁目20-4","","","","","","","","","","","","","","","7010603003227","","","",""
"星野ローラー有限会社","1507950528191","","","","","","","131-0041","東京都墨田区八広二丁目55-12","","","","","","","","","","","","","","","4010602014558","","","",""
"有限会社ホースサービス柏","8748805775530","","","","","","","277-0921","千葉県柏市大津ケ丘四丁目33-4 石戸第一ビル101","","","","","","","","","","","","","","","5040002094841","","","",""
"有限会社ホースサービス埼京","7381164753064","","","","","","","338-0014","埼玉県さいたま市中央区上峰四丁目1-9","","","","","","","","","","","","","","","7030002012281","","","",""
"ホースワークス株式会社","3871935285445","","","","","","","086-1137","北海道標津郡中標津町字俵橋1329-2","","","","","","","","","","","","","","","6462502001250","","","",""
"有限会社細江ゴム","3290285238693","","","","","","","509-2424","岐阜県下呂市門和佐1438","","","","","","","","","","","","","","","8200002027451","","","",""
"株式会社細谷ゴム工業","7735927305780","","","","","","","131-0031","東京都墨田区墨田五丁目25-6","","","","","","","","","","","","","","","1010601032282","","","",""
"北海道高圧ホース株式会社","7709373830860","","","","","","","079-8444","北海道旭川市流通団地四条五丁目23-3","","","","","","","","","","","","","","","8450002005028","","","",""
"株式会社北海道ゴム工業所","4445200517613","","","","","","","069-1202","北海道夕張郡由仁町古川108","","","","","","","","","","","","","","","8430001047576","","","",""
"北海道セメント資材株式会社","1813212090446","","","","","","","060-0051","北海道札幌市中央区南一条東一丁目5-1","","","","","","","","","","","","","","","6430001073509","","","",""
"北海道バンダグ株式会社","5158367427018","","","","","","","003-0027","北海道札幌市白石区本通十七丁目北17-51","","","","","","","","","","","","","","","9430001022454","","","",""
"ホッカン高圧ゴム商会有限会社","8478469395302","","","","","","","371-0852","群馬県前橋市総社町総社2841","","","","","","","","","","","","","","","2070002004833","","","",""
"合資会社堀田商店","4051453962645","","","","","","","450-0002","愛知県名古屋市中村区名駅五丁目31-4","","","","","","","","","","","","","","","1180003005390","","","",""
"ホッティーポリマー株式会社","3488015941141","","","","","","","131-0032","東京都墨田区東向島四丁目43-8","","","","","","","","","","","","","","","1010601017085","","","",""
"有限会社ホットホイールズ","8904958172282","","","","","","","673-0434","兵庫県三木市別所町小林186","","","","","","","","","","","","","","","6140002030323","","","",""
"株式会社ホットライン","8247865070498","","","","","","","253-0023","神奈川県茅ヶ崎市美住町2-35","","","","","","","","","","","","","","","7021001027610","","","",""
"株式会社布袋屋ゴム商店","1256045766133","","","","","","","547-0001","大阪府大阪市平野区加美北五丁目3-8","","","","","","","","","","","","","","","7120001021605","","","",""
"有限会社保谷ゴム","4251195622379","","","","","","","333-0854","埼玉県川口市芝富士一丁目2-23","","","","","","","","","","","","","","","5030002112216","","","",""
"株式会社堀内工業","8302771738426","","","","","","","439-0036","静岡県菊川市中内田1167","","","","","","","","","","","","","","","9080401014954","","","",""
"有限会社堀内ゴム","9209987687858","","","","","","","924-0007","石川県白山市倉部町2018","","","","","","","","","","","","","","","6220002009409","","","",""
"有限会社堀内ゴム工業所","8714506869703","","","","","","","340-0017","埼玉県草加市吉町三丁目3-76","","","","","","","","","","","","","","","2030002045732","","","",""
"株式会社ホリエ","8090581228791","","","","","","","733-0003","広島県広島市西区三篠町二丁目6-10","","","","","","","","","","","","","","","5240001010845","","","",""
"堀川ゴム株式会社","9343509608951","","","","","","","120-0014","東京都足立区西綾瀬二丁目23-4","","","","","","","","","","","","","","","5011801011931","","","",""
"堀川護謨工業株式会社","6576745001567","","","","","","","131-0041","東京都墨田区八広六丁目15-8","","","","","","","","","","","","","","","9010601015478","","","",""
"株式会社堀越","2202635308676","","","","","","","111-0032","東京都台東区浅草六丁目14-10","","","","","","","","","","","","","","","2010501012284","","","",""
"株式会社ホリテック","2106695882986","","","","","","","306-0658","茨城県坂東市緑の里5","","","","","","","","","","","","","","","4050001014511","","","",""
"有限会社ホロス","7513988556486","","","","","","","274-0075","千葉県船橋市滝台町94-49","","","","","","","","","","","","","","","9040002025280","","","",""
"株式会社ホロン精工","3112321445741","","","","","","","649-1341","和歌山県御坊市藤田町藤井1951-1","","","","","","","","","","","","","","","5170001010167","","","",""
"有限会社本田ゴム工業","9829229664569","","","","","","","495-0001","愛知県稲沢市祖父江町祖父江外川田89","","","","","","","","","","","","","","","3180002080961","","","",""
"ボクーテクノ株式会社","3813582409228","","","","","","","471-0847","愛知県豊田市千足町九丁目73","","","","","","","","","","","","","","","1180301027418","","","",""
"ボードライダーズジャパン合同会社","9808538642378","","","","","","","150-0001","東京都渋谷区神宮前六丁目27-8 京セラ原宿ビル2-3階","","","","","","","","","","","","","","","9011001064149","","","",""
"株式会社ＢＯＮＤＳサービス","9897293284030","","","","","","","336-0967","埼玉県さいたま市緑区美園六丁目10-1","","","","","","","","","","","","","","","3030001148543","","","",""
"ポバール興業株式会社","3022358440801","","","","","","","453-0858","愛知県名古屋市中村区野田町中深30","","","","","","","","","","","","","","","9180001032652","","","",""
"ポバールメンテナンス株式会社","4026876415440","","","","","","","719-1156","岡山県総社市門田295-1","","","","","","","","","","","","","","","4260001016040","","","",""
"有限会社ポリシス・プロダクツ","7026716325498","","","","","","","434-0043","静岡県浜松市浜名区中条1381","","","","","","","","","","","","","","","2080402015388","","","",""
"ポリタイ化学株式会社","2527087255463","","","","","","","583-0848","大阪府羽曳野市川向2060-1","","","","","","","","","","","","","","","4120101032455","","","",""
"株式会社ポリテック","5650769318975","","","","","","","719-3507","岡山県新見市大佐小南575","","","","","","","","","","","","","","","9260001019278","","","",""
"ポリマー株式会社","7696412379403","","","","","","","121-0062","東京都足立区南花畑一丁目18-19","","","","","","","","","","","","","","","1011801014913","","","",""
"株式会社ポリマーテック","1440463008036","","","","","","","335-0035","埼玉県戸田市笹目南町4-11","","","","","","","","","","","","","","","1011701013577","","","",""
"有限会社ＭＩケミカル","4306447905287","","","","","","","578-0903","大阪府東大阪市今米一丁目7-25","","","","","","","","","","","","","","","1122002006722","","","",""
"株式会社マイティ化成","5834785657396","","","","","","","276-0036","千葉県八千代市高津390-351","","","","","","","","","","","","","","","7040001021167","","","",""
"株式会社マイルド","6875682904224","","","","","","","654-0024","兵庫県神戸市須磨区大田町五丁目1-11","","","","","","","","","","","","","","","6140001017924","","","",""
"有限会社前川ゴム工業所","5197318838396","","","","","","","270-0021","千葉県松戸市小金原二丁目7-4","","","","","","","","","","","","","","","6040002048664","","","",""
"前川化学工業株式会社","7226769280643","","","","","","","612-8473","京都府京都市伏見区下鳥羽広長町172","","","","","","","","","","","","","","","1130001009662","","","",""
"前田エンジニアリング株式会社","3807461205768","","","","","","","882-0872","宮崎県延岡市愛宕町二丁目5-3","","","","","","","","","","","","","","","7350001007028","","","",""
"前田化学有限会社","2323417919975","","","","","","","547-0011","大阪府大阪市平野区長吉出戸七丁目3-43","","","","","","","","","","","","","","","4120002012102","","","",""
"有限会社マエダ工販","5302191713064","","","","","","","755-0084","山口県宇部市大字川上420-152","","","","","","","","","","","","","","","4250002005729","","","",""
"株式会社前田商店","4876087847605","","","","","","","438-0213","静岡県磐田市竜洋稗原627","","","","","","","","","","","","","","","4080401016377","","","",""
"合資会社前田商店","8664704497722","","","","","","","453-0031","愛知県名古屋市中村区新富町三丁目4-15","","","","","","","","","","","","","","","6180003005394","","","",""
"有限会社前田製作所","3305228558802","","","","","","","544-0004","大阪府大阪市生野区巽北一丁目11-29","","","","","","","","","","","","","","","3120002046407","","","",""
"ＭＡＸＸＩＳ　ＲＵＢＢＥＲ　ＪＡＰＡＮ株式会社","7252697084498","","","","","","","231-0023","神奈川県横浜市中区山下町1 シルクセンター国際貿易観光会館323","","","","","","","","","","","","","","","7020001135092","","","",""
"マキノ商事株式会社","5009621186044","","","","","","","547-0001","大阪府大阪市平野区加美北三丁目9-11","","","","","","","","","","","","","","","6140002023211","","","",""
"有限会社牧村ゴム工業所","6206642658639","","","","","","","496-0857","愛知県津島市南門前町二丁目45-4","","","","","","","","","","","","","","","3180002093154","","","",""
"マクセルクレハ株式会社","1726243182890","","","","","","","541-0056","大阪府大阪市中央区久太郎町二丁目4-27","","","","","","","","","","","","","","","6120001077400","","","",""
"有限会社マクロポリマー","7829456571956","","","","","","","654-0039","兵庫県神戸市須磨区鷹取町一丁目1-23","","","","","","","","","","","","","","","2140002009239","","","",""
"有限会社誠商店","7712121893434","","","","","","","654-0042","兵庫県神戸市須磨区小寺町一丁目1-40","","","","","","","","","","","","","","","7140002007840","","","",""
"有限会社誠樹脂工業所","8016984216055","","","","","","","651-2144","兵庫県神戸市西区小山二丁目1-2","","","","","","","","","","","","","","","6140002005226","","","",""
"真鉄工株式会社","5248712861879","","","","","","","701-0113","岡山県倉敷市栗坂854-8","","","","","","","","","","","","","","","3260001014747","","","",""
"有限会社まごめ製作所","9518672088422","","","","","","","252-1123","神奈川県綾瀬市早川上原2605-37","","","","","","","","","","","","","","","3021002046927","","","",""
"有限会社正木ゴム","4489834134667","","","","","","","771-1704","徳島県阿波市阿波町梅ノ木原157","","","","","","","","","","","","","","","3480002009823","","","",""
"有限会社マサル産業","1161360206206","","","","","","","444-1213","愛知県安城市東端町南用地65","","","","","","","","","","","","","","","7180302017247","","","",""
"株式会社マスオカ","3905757318204","","","","","","","881-0026","宮崎県西都市大字穂北870","","","","","","","","","","","","","","","6350001005619","","","",""
"益岡産業株式会社","2489598570104","","","","","","","550-0013","大阪府大阪市西区新町一丁目18-13","","","","","","","","","","","","","","","3120001047447","","","",""
"株式会社益岡製作所","8894393835226","","","","","","","125-0061","東京都葛飾区亀有四丁目29-16","","","","","","","","","","","","","","","9011801014583","","","",""
"マスオカ東京株式会社","2369633103126","","","","","","","110-0016","東京都台東区台東三丁目29-1 中央法規ビル3F","","","","","","","","","","","","","","","7010501013187","","","",""
"株式会社増田タイヤ商会","7366065471281","","","","","","","301-0005","茨城県龍ケ崎市川原代町2645-1","","","","","","","","","","","","","","","7050001025373","","","",""
"有限会社増渕商会","5778223257902","","","","","","","485-0078","愛知県小牧市西島町66","","","","","","","","","","","","","","","8180002069926","","","",""
"株式会社マスヤマ","8515898586211","","","","","","","362-0043","埼玉県上尾市西宮下二丁目112-1","","","","","","","","","","","","","","","5030001041705","","","",""
"株式会社マセック","6278694031508","","","","","","","838-0112","福岡県小郡市干潟南畦ヶ浦892-5","","","","","","","","","","","","","","","7290001050505","","","",""
"株式会社又一製紐","2563630037435","","","","","","","929-1215","石川県かほく市高松ナ134","","","","","","","","","","","","","","","4220001017810","","","",""
"又野パツキン株式会社","4198686273051","","","","","","","590-0526","大阪府泉南市男里五丁目10-1","","","","","","","","","","","","","","","4120101044426","","","",""
"マツイ株式会社","4211664348832","","","","","","","441-8069","愛知県豊橋市潮崎町20","","","","","","","","","","","","","","","9180301007123","","","",""
"松井産業株式会社","2104655124503","","","","","","","154-0016","東京都世田谷区弦巻一丁目43-15","","","","","","","","","","","","","","","2010901011324","","","",""
"株式会社松井商店","5787523833132","","","","","","","544-0001","大阪府大阪市生野区新今里一丁目6-10","","","","","","","","","","","","","","","7120001018816","","","",""
"松一ゴム株式会社","2920591745253","","","","","","","581-0851","大阪府八尾市上尾町五丁目1-27","","","","","","","","","","","","","","","7122001006783","","","",""
"有限会社松浦工業","3413945553195","","","","","","","729-0105","広島県福山市南松永町四丁目11-33","","","","","","","","","","","","","","","8240002044740","","","",""
"有限会社マツオカゴム","8481858714047","","","","","","","501-3785","岐阜県美濃市小倉403-2","","","","","","","","","","","","","","","1200002019141","","","",""
"有限会社松岡ゴム工業","5896931269554","","","","","","","501-0504","岐阜県揖斐郡大野町大字野1222-3","","","","","","","","","","","","","","","3200002015717","","","",""
"松岡ゴム工業有限会社","4566324664063","","","","","","","870-0921","大分県大分市萩原三丁目16-27","","","","","","","","","","","","","","","1320002006375","","","",""
"松岡ゴムヨケ株式会社","7456575494672","","","","","","","653-0022","兵庫県神戸市長田区東尻池町四丁目10-12","","","","","","","","","","","","","","","3140001016854","","","",""
"松尾ゴム工業有限会社","1271862814689","","","","","","","850-0976","長崎県長崎市毛井首町96-25","","","","","","","","","","","","","","","8310002005140","","","",""
"有限会社松尾製作所","8911718938346","","","","","","","110-0012","東京都台東区竜泉三丁目42-5","","","","","","","","","","","","","","","1010502010429","","","",""
"株式会社マックス","2081704965235","","","","","","","639-2313","奈良県御所市大字楢原564","","","","","","","","","","","","","","","5150001013980","","","",""
"株式会社松下化学工業","5374081074773","","","","","","","656-1743","兵庫県淡路市斗ノ内991","","","","","","","","","","","","","","","9140001085340","","","",""
"有限会社松昭製作所","1216057685508","","","","","","","300-2505","茨城県常総市中妻町911","","","","","","","","","","","","","","","3050002039970","","","",""
"松永商工株式会社","6218797707913","","","","","","","252-0245","神奈川県相模原市中央区田名塩田一丁目14-3","","","","","","","","","","","","","","","9021001014012","","","",""
"有限会社松永商店","8539837803733","","","","","","","361-0057","埼玉県行田市城西二丁目7-13","","","","","","","","","","","","","","","3030002118198","","","",""
"有限会社マツノ商会","5574720443969","","","","","","","417-0045","静岡県富士市錦町一丁目6-25","","","","","","","","","","","","","","","6080102015593","","","",""
"株式会社マッハゴム工業所","8795352703188","","","","","","","492-8229","愛知県稲沢市稲島四丁目56","","","","","","","","","","","","","","","2180001086234","","","",""
"株式会社マッハゴム工業所","9112312355042","","","","","","","486-0817","愛知県春日井市東野町九丁目6-15","","","","","","","","","","","","","","","9180001074967","","","",""
"マツバ化成株式会社","2741514975121","","","","","","","999-7652","山形県鶴岡市添川新地105-2","","","","","","","","","","","","","","","2390001008027","","","",""
"株式会社松村機械産業","3218451667711","","","","","","","803-0277","福岡県北九州市小倉南区徳吉東四丁目12-35","","","","","","","","","","","","","","","4290801003508","","","",""
"有限会社松村パツキング製作所","8674562990789","","","","","","","115-0042","東京都北区志茂五丁目18-14","","","","","","","","","","","","","","","5011502005605","","","",""
"有限会社松本工業","3447590224789","","","","","","","424-0943","静岡県静岡市清水区港町二丁目7-11","","","","","","","","","","","","","","","3080002011274","","","",""
"株式会社松元ゴム製作所","4384012083225","","","","","","","491-0925","愛知県一宮市大和町南高井袋田109","","","","","","","","","","","","","","","3180001083791","","","",""
"株式会社松本新栄商会","5089067740230","","","","","","","390-0851","長野県松本市大字島内3688-17","","","","","","","","","","","","","","","4100001014068","","","",""
"株式会社マツモトセイコー","8226230358324","","","","","","","324-0004","栃木県大田原市富池1535-2","","","","","","","","","","","","","","","3060001013208","","","",""
"有限会社松本皮革製造所","4833919906683","","","","","","","671-0256","兵庫県姫路市花田町高木238","","","","","","","","","","","","","","","8140002050955","","","",""
"株式会社松山","1863673633777","","","","","","","577-0005","大阪府東大阪市七軒家18-36","","","","","","","","","","","","","","","3122001006572","","","",""
"マーテック株式会社","9290723163524","","","","","","","351-0002","埼玉県朝霞市大字下内間木1449-9","","","","","","","","","","","","","","","9030001049521","","","",""
"株式会社マミアン","4615627393836","","","","","","","653-0835","兵庫県神戸市長田区細田町二丁目2-11","","","","","","","","","","","","","","","8140001024167","","","",""
"株式会社マリアンヌ製靴","6767673081815","","","","","","","675-2212","兵庫県加西市東笠原町23-1","","","","","","","","","","","","","","","2140001076478","","","",""
"有限会社丸伊産業","5095731915086","","","","","","","900-0002","沖縄県那覇市曙二丁目27-1","","","","","","","","","","","","","","","2360002008573","","","",""
"丸石産業株式会社","9617376116432","","","","","","","140-0004","東京都品川区南品川一丁目8-9","","","","","","","","","","","","","","","7010701009290","","","",""
"丸一化成工業株式会社","7455212587696","","","","","","","519-2212","三重県多気郡多気町色太947-9","","","","","","","","","","","","","","","3190001010902","","","",""
"丸一ゴム工業株式会社","9074058092148","","","","","","","102-0074","東京都千代田区九段南二丁目2-3 九段プラザビル6F","","","","","","","","","","","","","","","9010001029368","","","",""
"丸一ゴム工業有限会社","2888295902305","","","","","","","349-0135","埼玉県蓮田市大字井沼675-21","","","","","","","","","","","","","","","8030002022494","","","",""
"株式会社丸一ゴム製作所","2803163626337","","","","","","","342-0027","埼玉県吉川市大字三輪野江1009-1","","","","","","","","","","","","","","","7030001065751","","","",""
"丸榮ゴム株式会社","8218385066060","","","","","","","114-0015","東京都北区中里二丁目6-12","","","","","","","","","","","","","","","3011501004411","","","",""
"丸榮日産株式会社","8915405335647","","","","","","","673-0028","兵庫県明石市硯町三丁目3-8","","","","","","","","","","","","","","","7140001035504","","","",""
"有限会社マルエスゴム工業所","1046217201062","","","","","","","820-0071","福岡県飯塚市忠隈448-1","","","","","","","","","","","","","","","3290002045152","","","",""
"株式会社マルエス商会","1056640136712","","","","","","","114-0021","東京都北区岸町一丁目9-2","","","","","","","","","","","","","","","7011501004416","","","",""
"丸尾興商株式会社","5360125543688","","","","","","","427-0053","静岡県島田市御仮屋町8753","","","","","","","","","","","","","","","4080401017326","","","",""
"株式会社マルカツ","2541564460028","","","","","","","729-3431","広島県府中市上下町上下807-3","","","","","","","","","","","","","","","8240001034511","","","",""
"株式会社丸金","9380095638056","","","","","","","952-0513","新潟県佐渡市羽茂村山809-1","","","","","","","","","","","","","","","8110002034886","","","",""
"有限会社丸幸","4381437612670","","","","","","","146-0092","東京都大田区下丸子一丁目17-1","","","","","","","","","","","","","","","3010802013641","","","",""
"有限会社丸幸ゴム","1468600233742","","","","","","","314-0254","茨城県神栖市太田3175","","","","","","","","","","","","","","","3050002028131","","","",""
"マルコ化学株式会社","2661580701405","","","","","","","547-0001","大阪府大阪市平野区加美北一丁目5-19","","","","","","","","","","","","","","","2120001021725","","","",""
"株式会社マルコーゴム","1333585037444","","","","","","","501-2258","岐阜県山県市中洞895","","","","","","","","","","","","","","","7200001006671","","","",""
"株式会社丸五","6011374184554","","","","","","","710-1101","岡山県倉敷市茶屋町1680-1","","","","","","","","","","","","","","","1260001014798","","","",""
"丸五ゴム工業株式会社","9685830929491","","","","","","","710-0846","岡山県倉敷市上富井58","","","","","","","","","","","","","","","5260001014803","","","",""
"丸五シーエス工業株式会社","7863008239354","","","","","","","710-0846","岡山県倉敷市上富井58","","","","","","","","","","","","","","","3260001014805","","","",""
"株式会社マルサンフットウエアー","3385086723322","","","","","","","639-2301","奈良県御所市大字元町85-1","","","","","","","","","","","","","","","1150001014603","","","",""
"株式会社丸昇","1791782023244","","","","","","","304-0819","茨城県下妻市鎌庭2052-124","","","","","","","","","","","","","","","3050001014751","","","",""
"有限会社丸昭","9977423799784","","","","","","","341-0044","埼玉県三郷市戸ヶ崎二丁目329-2","","","","","","","","","","","","","","","3030002049856","","","",""
"丸章工業株式会社","4396755506839","","","","","","","501-3217","岐阜県関市下有知5420-1","","","","","","","","","","","","","","","3200001019586","","","",""
"株式会社丸章商店","9597102118968","","","","","","","801-0882","福岡県北九州市門司区清見二丁目4-27","","","","","","","","","","","","","","","6290801004181","","","",""
"有限会社丸省精工","4041900616785","","","","","","","652-0885","兵庫県神戸市兵庫区御所通一丁目3-15","","","","","","","","","","","","","","","6140002012230","","","",""
"マルシン株式会社","5008189434777","","","","","","","543-0013","大阪府大阪市天王寺区玉造本町6-16","","","","","","","","","","","","","","","8120001191018","","","",""
"株式会社丸信化工","3344463134488","","","","","","","329-0115","栃木県下都賀郡野木町大字野渡212","","","","","","","","","","","","","","","5060001014757","","","",""
"マルシン産業株式会社","5871542805535","","","","","","","370-0868","群馬県高崎市鼻高町42","","","","","","","","","","","","","","","9070001008440","","","",""
"丸心産業株式会社","3302788108705","","","","","","","312-0036","茨城県ひたちなか市津田東三丁目1-17","","","","","","","","","","","","","","","4050001007705","","","",""
"有限会社丸信商会","4122855434450","","","","","","","121-0057","東京都足立区神明南一丁目1-33","","","","","","","","","","","","","","","5011802018884","","","",""
"株式会社マルセ","3480901450586","","","","","","","653-0835","兵庫県神戸市長田区細田町四丁目1-2","","","","","","","","","","","","","","","7140001016883","","","",""
"丸善株式会社","4661400629804","","","","","","","460-0022","愛知県名古屋市中区金山四丁目3-11","","","","","","","","","","","","","","","7180001040723","","","",""
"丸全ゴム株式会社","8085310743850","","","","","","","547-0011","大阪府大阪市平野区長吉出戸七丁目2-57","","","","","","","","","","","","","","","9120001018871","","","",""
"マルタカゴム工業株式会社","5941282238856","","","","","","","438-0004","静岡県磐田市匂坂中1600-26","","","","","","","","","","","","","","","4080401016014","","","",""
"株式会社丸大製作所","1571658767261","","","","","","","350-1205","埼玉県日高市大字原宿652-1","","","","","","","","","","","","","","","1030001089839","","","",""
"株式会社丸定パツキング工業所","3657879747214","","","","","","","653-0841","兵庫県神戸市長田区松野通四丁目2-27","","","","","","","","","","","","","","","3140001016887","","","",""
"株式会社マルテック","1512708350236","","","","","","","498-0014","愛知県弥富市五明二丁目12","","","","","","","","","","","","","","","8180001099098","","","",""
"株式会社丸友ゴム製作所","9483029907996","","","","","","","339-0015","埼玉県さいたま市岩槻区大字大谷299-1","","","","","","","","","","","","","","","6030001019329","","","",""
"丸友産業株式会社","6750035216076","","","","","","","143-0006","東京都大田区平和島一丁目2-30 センコー平和島PDセンター内","","","","","","","","","","","","","","","9010801011343","","","",""
"株式会社丸友ホッカイゴム","7055761961566","","","","","","","007-0880","北海道札幌市東区丘珠町594-1","","","","","","","","","","","","","","","7430001023487","","","",""
"株式会社マルナカ","5096594881109","","","","","","","457-0044","愛知県名古屋市南区柵下町三丁目4","","","","","","","","","","","","","","","4180001015546","","","",""
"株式会社丸中工業所","3786535969034","","","","","","","639-2302","奈良県御所市大字東松本276-4","","","","","","","","","","","","","","","4150001018270","","","",""
"マルニ工業株式会社","7845630759728","","","","","","","544-0022","大阪府大阪市生野区舎利寺三丁目11-1","","","","","","","","","","","","","","","4120001018884","","","",""
"マルニシ株式会社","7580358954947","","","","","","","430-0801","静岡県浜松市中央区神立町136-1","","","","","","","","","","","","","","","2080401005175","","","",""
"丸八ゴム工業有限会社","4512719484870","","","","","","","466-0064","愛知県名古屋市昭和区鶴舞二丁目1-36","","","","","","","","","","","","","","","2180002008831","","","",""
"有限会社丸博","1255713671130","","","","","","","431-2102","静岡県浜松市浜名区都田町8593-3","","","","","","","","","","","","","","","1080402007857","","","",""
"丸益商事株式会社","2556006109467","","","","","","","361-0071","埼玉県行田市栄町3-6","","","","","","","","","","","","","","","6030001087103","","","",""
"株式会社マルミツ","8408098357193","","","","","","","116-0003","東京都荒川区南千住八丁目5-9 はなみずき通り北弐番館102","","","","","","","","","","","","","","","8011501008861","","","",""
"有限会社マルミツアパレル","5087555523704","","","","","","","711-0907","岡山県倉敷市児島上の町二丁目4-25","","","","","","","","","","","","","","","4260002021337","","","",""
"有限会社丸宮パッキング製作所","2709021994605","","","","","","","361-0073","埼玉県行田市行田17-16","","","","","","","","","","","","","","","2030002118208","","","",""
"マルモポリマー株式会社","9497987218159","","","","","","","701-4502","岡山県瀬戸内市邑久町福谷1304","","","","","","","","","","","","","","","5260001021452","","","",""
"丸彌ゴム工業株式会社","3908182608840","","","","","","","577-0832","大阪府東大阪市長瀬町一丁目2-24","","","","","","","","","","","","","","","4122001006670","","","",""
"有限会社丸八潮","2699006222785","","","","","","","340-0821","埼玉県八潮市大字伊勢野116-5","","","","","","","","","","","","","","","7030002047872","","","",""
"マルヤス工業株式会社","9159144242466","","","","","","","444-0908","愛知県岡崎市橋目町北山1","","","","","","","","","","","","","","","6180001009422","","","",""
"マルヤポリテック株式会社","5994131582198","","","","","","","555-0001","大阪府大阪市西淀川区佃七丁目5-7","","","","","","","","","","","","","","","9120001050668","","","",""
"丸山化工株式会社","7901008536158","","","","","","","124-0006","東京都葛飾区堀切三丁目14-14","","","","","","","","","","","","","","","5011801004662","","","",""
"有限会社丸吉産業","4741032777912","","","","","","","358-0002","埼玉県入間市東町三丁目9-13","","","","","","","","","","","","","","","2030002035907","","","",""
"マルヨシポリマー株式会社","4503145632534","","","","","","","669-4133","兵庫県丹波市春日町平松738","","","","","","","","","","","","","","","2140001108660","","","",""
"株式会社ＭＡＲＵＷＡ","8922630331325","","","","","","","653-0025","兵庫県神戸市長田区真野町1-18","","","","","","","","","","","","","","","9140001102351","","","",""
"有限会社丸和商会","9985519641950","","","","","","","580-0002","大阪府松原市小川六丁目4-8","","","","","","","","","","","","","","","4120102015657","","","",""
"株式会社美足美人","7741964739980","","","","","","","191-0041","東京都日野市南平九丁目40-18","","","","","","","","","","","","","","","6013402004231","","","",""
"株式会社御井ゴム","5681683088157","","","","","","","839-0841","福岡県久留米市御井旗崎三丁目1-24","","","","","","","","","","","","","","","8290002050098","","","",""
"有限会社三浦加工所","1784667426819","","","","","","","443-0105","愛知県蒲郡市西浦町南馬相14","","","","","","","","","","","","","","","6180302015978","","","",""
"株式会社三浦ゴム製作所","8976249242595","","","","","","","124-0011","東京都葛飾区四つ木二丁目29-14","","","","","","","","","","","","","","","4011801004671","","","",""
"株式会社ミエコー","3248167633650","","","","","","","518-1141","三重県伊賀市菖蒲池2773","","","","","","","","","","","","","","","5190001009711","","","",""
"三重ＪＲ株式会社","7756722982434","","","","","","","515-0052","三重県松阪市山室町1938-2","","","","","","","","","","","","","","","5190001011758","","","",""
"三重中西金属株式会社","6037273365269","","","","","","","514-1118","三重県津市久居新町650","","","","","","","","","","","","","","","5190001001395","","","",""
"株式会社ミカサ","3759300958752","","","","","","","731-3362","広島県広島市安佐北区安佐町大字久地1","","","","","","","","","","","","","","","9240001011682","","","",""
"ミカミ工業株式会社","6946540471104","","","","","","","503-0841","岐阜県大垣市平町631-1","","","","","","","","","","","","","","","6200001014312","","","",""
"三川ゴム工業有限会社","6115593375841","","","","","","","121-0075","東京都足立区一ツ家三丁目10-5","","","","","","","","","","","","","","","8011802027065","","","",""
"三木ゴム工業株式会社","2779870177448","","","","","","","592-0003","大阪府高石市東羽衣一丁目9-13","","","","","","","","","","","","","","","9120101008525","","","",""
"有限会社三國ゴム工業所","2866543839445","","","","","","","369-0137","埼玉県鴻巣市大芦1258-2","","","","","","","","","","","","","","","4030002083920","","","",""
"御蔵パッキング工業株式会社","4336394786907","","","","","","","653-0038","兵庫県神戸市長田区若松町一丁目1-3 神戸ポリマーセンタービル","","","","","","","","","","","","","","","5140001016919","","","",""
"株式会社三咲ゴム","6082980990720","","","","","","","273-0014","千葉県船橋市高瀬町62-2 船橋総合卸商業団地B3号棟","","","","","","","","","","","","","","","3040001018811","","","",""
"ミサト化成株式会社","7938240255654","","","","","","","342-0005","埼玉県吉川市大字川藤785-1","","","","","","","","","","","","","","","1030001037046","","","",""
"有限会社ミサトゴム","2678172429449","","","","","","","342-0041","埼玉県吉川市大字保845-8","","","","","","","","","","","","","","","3030002090629","","","",""
"有限会社三島製作所","8849963793276","","","","","","","975-0075","福島県南相馬市原町区石神坂下69-2","","","","","","","","","","","","","","","3380002029170","","","",""
"ミシュランタイヤ静岡販売株式会社","6181815988600","","","","","","","435-0042","静岡県浜松市中央区篠ケ瀬町632","","","","","","","","","","","","","","","7080401005294","","","",""
"ミシュランタイヤ千葉販売株式会社","3755734156717","","","","","","","284-0042","千葉県四街道市小名木83-1","","","","","","","","","","","","","","","1040001047440","","","",""
"ミシュランタイヤ福島販売株式会社","1463246157184","","","","","","","963-8845","福島県郡山市字名倉336","","","","","","","","","","","","","","","2380001006717","","","",""
"株式会社美杉","3189302313209","","","","","","","544-0012","大阪府大阪市生野区巽西二丁目1-1","","","","","","","","","","","","","","","3120001018935","","","",""
"有限会社美杉ロール製作所","8130966697037","","","","","","","547-0001","大阪府大阪市平野区加美北三丁目13-34","","","","","","","","","","","","","","","3120002067460","","","",""
"三鈴ゴム興業株式会社","9271144648688","","","","","","","435-0002","静岡県浜松市中央区白鳥町343","","","","","","","","","","","","","","","9080401005276","","","",""
"三鈴ゴム工業株式会社","4982413796279","","","","","","","125-0063","東京都葛飾区白鳥四丁目11-6","","","","","","","","","","","","","","","1011801004690","","","",""
"有限会社ミスタータイヤマンカナオカ","9933444530551","","","","","","","591-8046","大阪府堺市北区東三国ヶ丘町五丁7-17","","","","","","","","","","","","","","","4120102007423","","","",""
"株式会社水内ゴム","3451412717679","","","","","","","703-8222","岡山県岡山市中区下461","","","","","","","","","","","","","","","9260001006400","","","",""
"株式会社ミズキ","3147975587988","","","","","","","310-0041","茨城県水戸市上水戸二丁目8-50","","","","","","","","","","","","","","","6050001004452","","","",""
"株式会社水谷製作所","9960246757019","","","","","","","511-0018","三重県桑名市今中町24","","","","","","","","","","","","","","","6190001012615","","","",""
"有限会社水谷ローラー","2151658790379","","","","","","","490-1144","愛知県海部郡大治町大字西條松下81-1","","","","","","","","","","","","","","","8180002092168","","","",""
"水留ゴム工業株式会社","9753262187889","","","","","","","124-0014","東京都葛飾区東四つ木四丁目1-4","","","","","","","","","","","","","","","8011801004692","","","",""
"株式会社水鳥工業","1455049636543","","","","","","","420-0876","静岡県静岡市葵区平和一丁目18-22","","","","","","","","","","","","","","","3080001005079","","","",""
"有限会社水野工業","6871479528452","","","","","","","437-1611","静岡県御前崎市新野4811-1","","","","","","","","","","","","","","","2080402019216","","","",""
"有限会社水野パッキング製作所","3949255360115","","","","","","","245-0053","神奈川県横浜市戸塚区上矢部町2193-3","","","","","","","","","","","","","","","6020002012944","","","",""
"ミズハラゴム株式会社","8207255387498","","","","","","","544-0012","大阪府大阪市生野区巽西四丁目7-32","","","","","","","","","","","","","","","8120001021777","","","",""
"株式会社三谷ゴム","8066945606056","","","","","","","124-0011","東京都葛飾区四つ木五丁目10-15","","","","","","","","","","","","","","","8011801004734","","","",""
"有限会社みちのく商会","1152449425843","","","","","","","031-0801","青森県八戸市江陽五丁目6-21","","","","","","","","","","","","","","","9420002008957","","","",""
"有限会社三ッ石ゴム工業所","9312371595895","","","","","","","807-0813","福岡県北九州市八幡西区夕原町7-9","","","","","","","","","","","","","","","1290802015439","","","",""
"株式会社三井製作所","8028041428577","","","","","","","194-0035","東京都町田市忠生二丁目27-67","","","","","","","","","","","","","","","5012301006240","","","",""
"株式会社ミツウマ","3033280552577","","","","","","","047-0013","北海道小樽市奥沢四丁目26-1","","","","","","","","","","","","","","","4430001050559","","","",""
"ミツキ産業株式会社","5761355683316","","","","","","","671-1242","兵庫県姫路市網干区浜田1000-75","","","","","","","","","","","","","","","5140001061808","","","",""
"株式会社ミツバ","1352371216074","","","","","","","101-0024","東京都千代田区神田和泉町1-11","","","","","","","","","","","","","","","5010001034702","","","",""
"三福工業株式会社","9741888210150","","","","","","","327-0835","栃木県佐野市植下町1248","","","","","","","","","","","","","","","6060001020655","","","",""
"株式会社三ツ星商會","2304297416299","","","","","","","544-0004","大阪府大阪市生野区巽北二丁目5-19","","","","","","","","","","","","","","","4120001018942","","","",""
"三ツ星ベルト株式会社","2795204518520","","","","","","","653-0024","兵庫県神戸市長田区浜添通四丁目1-21","","","","","","","","","","","","","","","6140001016934","","","",""
"三ツ星ベルト技研株式会社","7764475123865","","","","","","","653-0024","兵庫県神戸市長田区浜添通四丁目1-21","","","","","","","","","","","","","","","9140001019926","","","",""
"三ツ星ベルトコンベヤ株式会社","7458471791541","","","","","","","485-0077","愛知県小牧市大字西之島西ノ田1733-1","","","","","","","","","","","","","","","6180001076545","","","",""
"三ツ星ベルト販賣株式会社","8148817074083","","","","","","","103-0027","東京都中央区日本橋二丁目3-4","","","","","","","","","","","","","","","7010001081544","","","",""
"ミツマ化学工業株式会社","6297787167899","","","","","","","544-0001","大阪府大阪市生野区新今里三丁目19-12","","","","","","","","","","","","","","","2120001018952","","","",""
"ミツマ技研株式会社","4877223895221","","","","","","","544-0001","大阪府大阪市生野区新今里三丁目24-25","","","","","","","","","","","","","","","7120001018948","","","",""
"有限会社三森ゴム工業所","5965755931334","","","","","","","131-0031","東京都墨田区墨田三丁目21-18","","","","","","","","","","","","","","","9010602015758","","","",""
"有限会社ミツル製作所","1088589254977","","","","","","","123-0841","東京都足立区西新井七丁目3-11","","","","","","","","","","","","","","","5011802019172","","","",""
"株式会社みつわ","2157263397775","","","","","","","703-8227","岡山県岡山市中区兼基36-1","","","","","","","","","","","","","","","9260001006466","","","",""
"ミツワ化工株式会社","5199535312224","","","","","","","028-0776","岩手県遠野市上郷町板沢十地割17","","","","","","","","","","","","","","","4400001006687","","","",""
"有限会社三渡ゴム","3377447223685","","","","","","","459-8001","愛知県名古屋市緑区大高町北関山27-2","","","","","","","","","","","","","","","3180002036591","","","",""
"ミトクゴム株式会社","7060953238730","","","","","","","457-0802","愛知県名古屋市南区要町四丁目30","","","","","","","","","","","","","","","8180001015591","","","",""
"有限会社ミトク商事","4653144772453","","","","","","","323-0811","栃木県小山市犬塚一丁目5-18","","","","","","","","","","","","","","","1060002029386","","","",""
"株式会社三巴ゴム工業所","7538813322024","","","","","","","301-0852","茨城県龍ケ崎市向陽台二丁目1-1 つくばの里工業団地内","","","","","","","","","","","","","","","4050001025376","","","",""
"株式会社ミトヨ","3130097765441","","","","","","","104-0033","東京都中央区新川一丁目28-25 東京ダイヤビルディング3号館6階","","","","","","","","","","","","","","","6010001058378","","","",""
"碧高分子工業株式会社","8084189415065","","","","","","","447-0875","愛知県碧南市善明町三丁目94-1","","","","","","","","","","","","","","","5180301015567","","","",""
"ミドリロジスティクス株式会社","8802061384369","","","","","","","340-0003","埼玉県草加市稲荷五丁目27-1","","","","","","","","","","","","","","","5030001035632","","","",""
"ミナト化学工業所株式会社","3269563333192","","","","","","","342-0015","埼玉県吉川市大字中井小松川14-1","","","","","","","","","","","","","","","6030001065760","","","",""
"ミナトゴム株式会社","9538311188969","","","","","","","273-0018","千葉県船橋市栄町二丁目7-17","","","","","","","","","","","","","","","9040001018847","","","",""
"有限会社港ゴム商会","4366674161342","","","","","","","425-0031","静岡県焼津市小川新町一丁目2-30","","","","","","","","","","","","","","","9080002016326","","","",""
"株式会社湊パッキング工業所","8485768132637","","","","","","","652-0847","兵庫県神戸市兵庫区切戸町2-11","","","","","","","","","","","","","","","2140001014322","","","",""
"南化研株式会社","9931033295213","","","","","","","174-0063","東京都板橋区前野町六丁目55-1","","","","","","","","","","","","","","","7011401006173","","","",""
"株式会社ミネルバ","1953354850099","","","","","","","444-2342","愛知県豊田市則定町駒越15-7","","","","","","","","","","","","","","","9180301029381","","","",""
"株式会社ミネロン","2305707166337","","","","","","","581-0039","大阪府八尾市太田新町六丁目154","","","","","","","","","","","","","","","5122001020233","","","",""
"有限会社箕形ゴム工業所","8093142286920","","","","","","","131-0032","東京都墨田区東向島四丁目39-5","","","","","","","","","","","","","","","7010602015198","","","",""
"三原機工有限会社","6810790416207","","","","","","","716-0204","岡山県高梁市川上町領家488","","","","","","","","","","","","","","","2260002027022","","","",""
"株式会社三福","1909676069258","","","","","","","653-0037","兵庫県神戸市長田区大橋町二丁目3-2","","","","","","","","","","","","","","","7140001028978","","","",""
"美作ゴム株式会社","3793125637129","","","","","","","131-0041","東京都墨田区八広一丁目16-12","","","","","","","","","","","","","","","7010601015991","","","",""
"三松工業株式会社","4196645861615","","","","","","","153-0051","東京都目黒区上目黒四丁目7-6","","","","","","","","","","","","","","","1013201005724","","","",""
"有限会社三松製作所","2505408145923","","","","","","","491-0922","愛知県一宮市大和町妙興寺中之町1-1","","","","","","","","","","","","","","","6180002077732","","","",""
"株式会社宮内","5152329621432","","","","","","","690-0047","島根県松江市嫁島町2-4","","","","","","","","","","","","","","","8280001000765","","","",""
"宮川ローラー株式会社","2584279891262","","","","","","","981-0134","宮城県宮城郡利府町しらかし台六丁目11-4","","","","","","","","","","","","","","","5370001004140","","","",""
"株式会社宮川ゴム工業所","7513838231827","","","","","","","131-0031","東京都墨田区墨田四丁目24-6","","","","","","","","","","","","","","","1010601055416","","","",""
"有限会社ミヤギ機材","5961103165370","","","","","","","983-0011","宮城県仙台市宮城野区栄四丁目10-5","","","","","","","","","","","","","","","2370002009117","","","",""
"有限会社都ゴム工業所","6355552078017","","","","","","","651-2231","兵庫県神戸市西区櫨谷町寺谷1242-561","","","","","","","","","","","","","","","7140002005299","","","",""
"株式会社都城ゴム化学","8107605462611","","","","","","","363-0006","埼玉県桶川市大字倉田186-5","","","","","","","","","","","","","","","5030001042240","","","",""
"株式会社都ローラー工業","7234750671169","","","","","","","333-0811","埼玉県川口市戸塚五丁目14-3","","","","","","","","","","","","","","","2030001077421","","","",""
"宮坂ゴム株式会社","3898373780617","","","","","","","391-0213","長野県茅野市豊平5350","","","","","","","","","","","","","","","4100001019232","","","",""
"株式会社宮坂商会","7291267941682","","","","","","","174-0063","東京都板橋区前野町四丁目34-4","","","","","","","","","","","","","","","1011401006212","","","",""
"株式会社宮坂ポリマー","1353478674883","","","","","","","992-0083","山形県米沢市広幡町成島2051","","","","","","","","","","","","","","","9100001019236","","","",""
"株式会社宮坂ポリマー青森","8844999388568","","","","","","","038-2816","青森県つがる市森田町森田月見野370","","","","","","","","","","","","","","","7420001008456","","","",""
"宮崎化成株式会社","2184987249570","","","","","","","880-1302","宮崎県東諸県郡綾町大字北俣中川原142-1","","","","","","","","","","","","","","","2350001004211","","","",""
"株式会社宮崎産業","1884708451084","","","","","","","547-0002","大阪府大阪市平野区加美東一丁目14-23","","","","","","","","","","","","","","","3120001021831","","","",""
"株式会社宮下製作所","2836220876431","","","","","","","482-0005","愛知県岩倉市下本町天神塚208","","","","","","","","","","","","","","","7180001087806","","","",""
"有限会社宮寺タイヤ商会","1579432634439","","","","","","","197-0011","東京都福生市大字福生2254","","","","","","","","","","","","","","","5013102000738","","","",""
"有限会社みやはら","5674736696712","","","","","","","710-0803","岡山県倉敷市中島1337-1","","","","","","","","","","","","","","","9260002021563","","","",""
"宮原ゴム工業株式会社","4033112589790","","","","","","","653-0032","兵庫県神戸市長田区苅藻通一丁目1-20","","","","","","","","","","","","","","","4140001016960","","","",""
"有限会社美山産業","8829346975263","","","","","","","537-0003","大阪府大阪市東成区神路三丁目17-16","","","","","","","","","","","","","","","5122002004846","","","",""
"ミヤマ精工株式会社","5585190000490","","","","","","","472-0021","愛知県知立市逢妻町金山16-1","","","","","","","","","","","","","","","3180301014926","","","",""
"宮本機械株式会社","5097047141903","","","","","","","080-0012","北海道帯広市西二条南五丁目3","","","","","","","","","","","","","","","3460101001807","","","",""
"有限会社宮本製作所","8647659106812","","","","","","","339-0072","埼玉県さいたま市岩槻区大字古ケ場104","","","","","","","","","","","","","","","5030002021838","","","",""
"株式会社ミユキ","1205395776831","","","","","","","230-0002","神奈川県横浜市鶴見区江ケ崎町7-3","","","","","","","","","","","","","","","4020001080597","","","",""
"有限会社ミユキ製作所","2563771023697","","","","","","","221-0005","神奈川県横浜市神奈川区松見町二丁目473-6","","","","","","","","","","","","","","","3020002040403","","","",""
"株式会社三好商工","2612009480871","","","","","","","124-0013","東京都葛飾区東立石四丁目19-2","","","","","","","","","","","","","","","1011801004781","","","",""
"有限会社三好鉄工所","1725108570153","","","","","","","739-2611","広島県東広島市黒瀬町大多田1420-1","","","","","","","","","","","","","","","2240002028484","","","",""
"美吉野産業株式会社","7270370990205","","","","","","","771-2501","徳島県三好郡東みよし町昼間1327-1","","","","","","","","","","","","","","","4480001007595","","","",""
"有限会社三好パッキン加工","6579790954099","","","","","","","344-0012","埼玉県春日部市六軒町344","","","","","","","","","","","","","","","9030002070947","","","",""
"有限会社三次ベルト販売サービス","6517672715383","","","","","","","728-0016","広島県三次市四拾貫町102-1","","","","","","","","","","","","","","","8240002030419","","","",""
"三義ワークス株式会社","4495398536646","","","","","","","419-0201","静岡県富士市厚原214-20","","","","","","","","","","","","","","","6080101009811","","","",""
"ミラノ化学株式会社","4759442569621","","","","","","","653-0015","兵庫県神戸市長田区菅原通七丁目14-1","","","","","","","","","","","","","","","8140001016965","","","",""
"ミルストン株式会社","6933529505587","","","","","","","488-0833","愛知県尾張旭市東印場町二反田88","","","","","","","","","","","","","","","4180001012452","","","",""
"有限会社三輪工業","9448297849837","","","","","","","288-0825","千葉県銚子市新町355","","","","","","","","","","","","","","","5040002085543","","","",""
"美和工業株式会社","2512466343714","","","","","","","457-0021","愛知県名古屋市南区鶴里町三丁目32","","","","","","","","","","","","","","","9180001015582","","","",""
"株式会社ミワックス","2372377551518","","","","","","","542-0062","大阪府大阪市中央区上本町西五丁目1-35 2501号","","","","","","","","","","","","","","","6120001090650","","","",""
"株式会社美和テック","7467201156954","","","","","","","103-0027","東京都中央区日本橋三丁目11-1 HSBCビルディング3F","","","","","","","","","","","","","","","8010001058302","","","",""
"有限会社ムーヴ・オン","1075384484670","","","","","","","511-0808","三重県桑名市大字下深谷部2060","","","","","","","","","","","","","","","1190002018673","","","",""
"武庫川化成株式会社","6289252076410","","","","","","","660-0085","兵庫県尼崎市元浜町一丁目45","","","","","","","","","","","","","","","6140002042814","","","",""
"武蔵オイルシール工業株式会社","2549450525031","","","","","","","106-0032","東京都港区六本木五丁目11-29","","","","","","","","","","","","","","","6010401029078","","","",""
"ムサシ工業株式会社","4158490924832","","","","","","","124-0022","東京都葛飾区奥戸七丁目15-2","","","","","","","","","","","","","","","9011801004816","","","",""
"株式会社武蔵野化工","9383920966482","","","","","","","131-0045","東京都墨田区押上一丁目39-10","","","","","","","","","","","","","","","3010601015830","","","",""
"ムサシノケミカル株式会社","7113704095663","","","","","","","336-0925","埼玉県さいたま市緑区大字下山口新田1170-1","","","","","","","","","","","","","","","2030001008252","","","",""
"有限会社ムサシノ高圧","9824234479249","","","","","","","336-0033","埼玉県さいたま市南区曲本三丁目6-11","","","","","","","","","","","","","","","5030002013406","","","",""
"有限会社ムツキ","6985482710359","","","","","","","131-0042","東京都墨田区東墨田二丁目19-12","","","","","","","","","","","","","","","9010602015329","","","",""
"六菱ゴム株式会社","3854823070833","","","","","","","651-2228","兵庫県神戸市西区見津が丘二丁目3-5","","","","","","","","","","","","","","","5140001017108","","","",""
"株式会社ムツミ","2636907180992","","","","","","","124-0022","東京都葛飾区奥戸四丁目14-7","","","","","","","","","","","","","","","8011801004825","","","",""
"睦ゴム株式会社","8234311571504","","","","","","","333-0861","埼玉県川口市柳崎五丁目12-31","","","","","","","","","","","","","","","9030001108070","","","",""
"株式会社ムツミゴム商会","8098743576335","","","","","","","462-0023","愛知県名古屋市北区安井一丁目2-21","","","","","","","","","","","","","","","3180001013699","","","",""
"有限会社ムトウ","2841580987335","","","","","","","302-0023","茨城県取手市白山三丁目9-1","","","","","","","","","","","","","","","6050002036726","","","",""
"有限会社宗像製作所","1058912305705","","","","","","","963-3521","福島県田村郡小野町大字飯豊三王堂40","","","","","","","","","","","","","","","8380002015091","","","",""
"宗田ゴム株式会社","2686087324592","","","","","","","554-0024","大阪府大阪市此花区島屋四丁目4-51 佐川急便大阪店7F","","","","","","","","","","","","","","","7120001085757","","","",""
"有限会社村井ゴム","6646988067727","","","","","","","462-0023","愛知県名古屋市北区安井二丁目2-6","","","","","","","","","","","","","","","5180002048511","","","",""
"村岡ゴム工業株式会社","2615374266497","","","","","","","272-0023","千葉県市川市南八幡四丁目6-5 ラフィネ市川1F","","","","","","","","","","","","","","","4040001030410","","","",""
"有限会社村岡ゴム製作所","1524997858811","","","","","","","302-0034","茨城県取手市戸頭1744-4","","","","","","","","","","","","","","","7011702011467","","","",""
"村上ゴム株式会社","5436952822244","","","","","","","340-0831","埼玉県八潮市大字南後谷67-3","","","","","","","","","","","","","","","2030001036385","","","",""
"村上物流サービス株式会社","3967183170403","","","","","","","740-0003","山口県岩国市飯田町一丁目2-30","","","","","","","","","","","","","","","3250001012000","","","",""
"村瀬ゴム株式会社","9632719288913","","","","","","","111-0051","東京都台東区蔵前三丁目13-8","","","","","","","","","","","","","","","1010501014554","","","",""
"有限会社村田","7824707546977","","","","","","","731-5102","広島県広島市佐伯区五日市町大字石内白畑1195","","","","","","","","","","","","","","","5240002016577","","","",""
"有限会社村﨑タイヤ商会","7768206599157","","","","","","","937-0805","富山県魚津市本江2288","","","","","","","","","","","","","","","9230002007879","","","",""
"村林工業株式会社","2801218746848","","","","","","","116-0014","東京都荒川区東日暮里二丁目33 1F","","","","","","","","","","","","","","","3010401029163","","","",""
"有限会社村山ゴム工業","6595361759232","","","","","","","132-0022","東京都江戸川区大杉五丁目25-18","","","","","","","","","","","","","","","9011702011515","","","",""
"株式会社室田ゴム工業","6587995787457","","","","","","","131-0041","東京都墨田区八広四丁目45-4","","","","","","","","","","","","","","","8010602015362","","","",""
"有限会社室橋機械店","8137104982763","","","","","","","371-0016","群馬県前橋市城東町二丁目4-30","","","","","","","","","","","","","","","2070002005360","","","",""
"有限会社室山商店","8094618048609","","","","","","","714-1222","岡山県小田郡矢掛町西川面97-1","","","","","","","","","","","","","","","4260002026451","","","",""
"株式会社ムーンスター","2101081635169","","","","","","","830-0041","福岡県久留米市白山町60","","","","","","","","","","","","","","","7290001049191","","","",""
"名機ゴム株式会社","6359771871309","","","","","","","467-0868","愛知県名古屋市瑞穂区大喜新町三丁目4-2","","","","","","","","","","","","","","","4180001011198","","","",""
"株式会社名岐","9013918429518","","","","","","","509-0221","岐阜県可児市広眺ケ丘六丁目67","","","","","","","","","","","","","","","7200001017776","","","",""
"株式会社明光製作所","6982545132123","","","","","","","250-0055","神奈川県小田原市久野176","","","","","","","","","","","","","","","8021001033211","","","",""
"有限会社名西ホースサービス","5950606593436","","","","","","","490-1105","愛知県あま市新居屋郷49","","","","","","","","","","","","","","","7180002091831","","","",""
"有限会社明親工業","5280420274868","","","","","","","816-0941","福岡県大野城市東大利三丁目9-18","","","","","","","","","","","","","","","7290002041890","","","",""
"有限会社名伸ゴム商会","1518831974041","","","","","","","462-0008","愛知県名古屋市北区如来町47 清邦産業ビル105号","","","","","","","","","","","","","","","5180002061349","","","",""
"株式会社明治エンジニヤリング","6515346942274","","","","","","","258-0026","神奈川県足柄上郡開成町延沢1","","","","","","","","","","","","","","","5021001034146","","","",""
"株式会社明治ゴム化成","9872775824837","","","","","","","160-0023","東京都新宿区西新宿七丁目22-35","","","","","","","","","","","","","","","1011101020934","","","",""
"株式会社メイジフローシステム","1731797198165","","","","","","","258-0026","神奈川県足柄上郡開成町延沢31-7","","","","","","","","","","","","","","","4021001034147","","","",""
"メイセイ株式会社","7977351392895","","","","","","","466-0064","愛知県名古屋市昭和区鶴舞四丁目6-7","","","","","","","","","","","","","","","1180001009501","","","",""
"名成化学工業株式会社","9200721715730","","","","","","","486-0908","愛知県春日井市西屋町西屋敷49","","","","","","","","","","","","","","","9180001075073","","","",""
"株式会社メイテック","1393898240901","","","","","","","518-0031","三重県伊賀市長田北山出4836-7","","","","","","","","","","","","","","","3190001008723","","","",""
"有限会社メイ・テック","7066237152511","","","","","","","270-2218","千葉県松戸市五香西四丁目50-2","","","","","","","","","","","","","","","2040002049113","","","",""
"有限会社メイトテクニカルセンター","8123895781737","","","","","","","437-0051","静岡県袋井市深見419","","","","","","","","","","","","","","","3080402021831","","","",""
"株式会社名南ゴム化成","7317949060879","","","","","","","476-0002","愛知県東海市名和町五番割17","","","","","","","","","","","","","","","9180001047007","","","",""
"株式会社名南ゴム工業所","3626157772764","","","","","","","478-0041","愛知県知多市日長大曽根88-1","","","","","","","","","","","","","","","8180001094826","","","",""
"有限会社名北護謨","1995265511678","","","","","","","463-0069","愛知県名古屋市守山区新守西1008","","","","","","","","","","","","","","","7180002001600","","","",""
"名北ゴム株式会社","4694285673508","","","","","","","491-0365","愛知県一宮市萩原町西御堂四ツ辻1527","","","","","","","","","","","","","","","9180001084066","","","",""
"株式会社明輪","1249363805634","","","","","","","379-1116","群馬県渋川市赤城町持柏木981","","","","","","","","","","","","","","","1070001017960","","","",""
"メイリンベルト株式会社","6496368499096","","","","","","","474-0057","愛知県大府市共和町上入道30-22","","","","","","","","","","","","","","","5180001015306","","","",""
"有限会社明和技研","4444029273154","","","","","","","370-0724","群馬県邑楽郡千代田町大字下中森42-1","","","","","","","","","","","","","","","5070002031222","","","",""
"明和ゴム株式会社","3366311686954","","","","","","","578-0977","大阪府東大阪市鴻池徳庵町5-7","","","","","","","","","","","","","","","1122001007424","","","",""
"明和ゴム工業株式会社","4354796604428","","","","","","","146-0092","東京都大田区下丸子二丁目27-20","","","","","","","","","","","","","","","7010801011816","","","",""
"明和ホース株式会社","8925389485961","","","","","","","640-8451","和歌山県和歌山市中460","","","","","","","","","","","","","","","8170001003300","","","",""
"メクテック株式会社","6484263533950","","","","","","","105-0012","東京都港区芝大門一丁目12-15","","","","","","","","","","","","","","","1010401023267","","","",""
"メタコート工業株式会社","9039086559175","","","","","","","104-0032","東京都中央区八丁堀一丁目6-1","","","","","","","","","","","","","","","4010401029410","","","",""
"株式会社メンテックジャパン","3553943685927","","","","","","","334-0075","埼玉県川口市江戸袋一丁目30-13","","","","","","","","","","","","","","","1010001113476","","","",""
"株式会社真岡加工センター","5147515045281","","","","","","","321-4369","栃木県真岡市熊倉一丁目26-3","","","","","","","","","","","","","","","5060001009484","","","",""
"モガミ産業株式会社","5148115102787","","","","","","","336-0042","埼玉県さいたま市南区大字大谷口1303-4-6","","","","","","","","","","","","","","","4030001012599","","","",""
"有限会社木造ゴム工業","9682237082465","","","","","","","131-0032","東京都墨田区東向島二丁目23-7 1306号","","","","","","","","","","","","","","","4010602015028","","","",""
"株式会社望梅製作所","3098614659694","","","","","","","420-0004","静岡県静岡市葵区末広町123","","","","","","","","","","","","","","","7080001005257","","","",""
"有限会社元嶋製作所","5791857177129","","","","","","","124-0005","東京都葛飾区宝町二丁目2-30","","","","","","","","","","","","","","","8011802007810","","","",""
"株式会社モードナカムラ","1694513987994","","","","","","","653-0014","兵庫県神戸市長田区御蔵通六丁目12","","","","","","","","","","","","","","","5140001016984","","","",""
"有限会社モノマーエンジニアリング","8099382181287","","","","","","","990-0813","山形県山形市桧町一丁目2-12","","","","","","","","","","","","","","","2390002002730","","","",""
"株式会社モビーディック","5326174612180","","","","","","","231-0062","神奈川県横浜市中区桜木町二丁目2-9 港陽ビル2F","","","","","","","","","","","","","","","5370301001341","","","",""
"有限会社森川ゴム工業所","5565586737137","","","","","","","639-2123","奈良県葛城市忍海467-5","","","","","","","","","","","","","","","9240002031226","","","",""
"株式会社森研","8810313924832","","","","","","","799-0113","愛媛県四国中央市妻鳥町66-3","","","","","","","","","","","","","","","6500001016261","","","",""
"森工業有限会社","5795309830476","","","","","","","640-8303","和歌山県和歌山市鳴神131-3","","","","","","","","","","","","","","","5170002003797","","","",""
"有限会社森下ゴム商店","7110695175568","","","","","","","174-0056","東京都板橋区志村三丁目31-16","","","","","","","","","","","","","","","7011402008978","","","",""
"守商産業株式会社","7351846144146","","","","","","","486-0937","愛知県春日井市細木町一丁目5","","","","","","","","","","","","","","","6180001075101","","","",""
"株式会社モリセイ","9772117713942","","","","","","","131-0043","東京都墨田区立花三丁目23-14","","","","","","","","","","","","","","","5010601016240","","","",""
"株式会社森清化工","7303287031058","","","","","","","131-0041","東京都墨田区八広一丁目30-9","","","","","","","","","","","","","","","7010601016239","","","",""
"モリソウ化成株式会社","2517164135401","","","","","","","830-0116","福岡県久留米市三潴町清松42-12","","","","","","","","","","","","","","","8290001060494","","","",""
"株式会社森高ローラ製作所","1067678388465","","","","","","","601-8396","京都府京都市南区吉祥院中河原里南町6","","","","","","","","","","","","","","","7130001011877","","","",""
"株式会社モリタゴム","5080850601835","","","","","","","120-0005","東京都足立区綾瀬七丁目2-27","","","","","","","","","","","","","","","5011801012608","","","",""
"有限会社森田ゴム製作所","1103398924038","","","","","","","334-0057","埼玉県川口市大字安行原168-3","","","","","","","","","","","","","","","5030002107769","","","",""
"有限会社森田製作所","9935044926466","","","","","","","124-0005","東京都葛飾区宝町一丁目8-14","","","","","","","","","","","","","","","7011802021498","","","",""
"株式会社モリタ製作所","3965043743335","","","","","","","114-0001","東京都北区東十条一丁目15-10","","","","","","","","","","","","","","","6011501004722","","","",""
"株式会社モリテック","6874973823932","","","","","","","552-0007","大阪府大阪市港区弁天一丁目2-1","","","","","","","","","","","","","","","1120001029967","","","",""
"有限会社森本ゴム工業","6091663640391","","","","","","","509-2511","岐阜県下呂市萩原町宮田1373-4","","","","","","","","","","","","","","","7200002027411","","","",""
"株式会社モリヤ","4972033342383","","","","","","","131-0041","東京都墨田区八広四丁目47-8","","","","","","","","","","","","","","","7010601016379","","","",""
"森谷ゴム工業株式会社","4530834642011","","","","","","","140-0013","東京都品川区南大井六丁目13-15","","","","","","","","","","","","","","","3010701009781","","","",""
"株式会社モルテン","3623867929682","","","","","","","733-0036","広島県広島市西区観音新町四丁目10-97-21","","","","","","","","","","","","","","","8240001011790","","","",""
"株式会社モルテン大津","8277002136771","","","","","","","759-2212","山口県美祢市大嶺町東分1162-3","","","","","","","","","","","","","","","1250001004800","","","",""
"株式会社モルテンポリミックス","9962013993168","","","","","","","731-1512","広島県山県郡北広島町川東氏神2046","","","","","","","","","","","","","","","9240001023975","","","",""
"株式会社モンテク","2754495806709","","","","","","","769-0105","香川県高松市国分寺町柏原1075-19","","","","","","","","","","","","","","","1470001015107","","","",""
"有限会社ヤオキ産業","5365958439570","","","","","","","116-0002","東京都荒川区荒川一丁目51-12","","","","","","","","","","","","","","","2011502011548","","","",""
"矢掛ゴム工業有限会社","8730082702704","","","","","","","714-1211","岡山県小田郡矢掛町東三成3447-3","","","","","","","","","","","","","","","5260002026062","","","",""
"柳生ゴム化成株式会社","8215843151304","","","","","","","456-0012","愛知県名古屋市熱田区沢上一丁目1-1","","","","","","","","","","","","","","","8180001023009","","","",""
"株式会社弥栄商会","3786392208730","","","","","","","601-8034","京都府京都市南区東九条南河辺町15-3","","","","","","","","","","","","","","","5130001011887","","","",""
"株式会社ヤシマ","6895217673974","","","","","","","144-0056","東京都大田区西六郷四丁目28-15","","","","","","","","","","","","","","","7010801012021","","","",""
"八洲ゴム工業株式会社","6254217699809","","","","","","","969-6581","福島県河沼郡会津坂下町大字片門仲ノ坂51-1","","","","","","","","","","","","","","","8030001064629","","","",""
"株式会社野州ゴム工業所","6418989669526","","","","","","","321-4227","栃木県芳賀郡益子町大字東田井111","","","","","","","","","","","","","","","4060001009675","","","",""
"株式会社ヤジマ","7686887433017","","","","","","","124-0022","東京都葛飾区奥戸一丁目18-5","","","","","","","","","","","","","","","6011801004942","","","",""
"安川護謨工業株式会社","6001228080196","","","","","","","654-0042","兵庫県神戸市須磨区小寺町一丁目1-40","","","","","","","","","","","","","","","5140001018007","","","",""
"安田建機株式会社","9663052034583","","","","","","","836-0057","福岡県大牟田市汐屋町4-35","","","","","","","","","","","","","","","2290001081034","","","",""
"株式会社安野産業","2620581010628","","","","","","","671-0231","兵庫県姫路市御国野町深志野950","","","","","","","","","","","","","","","1140001062025","","","",""
"安福ゴム工業株式会社","6616925858449","","","","","","","651-2413","兵庫県神戸市西区福吉台一丁目1-1","","","","","","","","","","","","","","","2140001038164","","","",""
"有限会社ヤスミネ産業","2168418642886","","","","","","","477-0032","愛知県東海市加木屋町大堀109-1","","","","","","","","","","","","","","","6180002088085","","","",""
"有限会社ｙａｔａ","6119307397805","","","","","","","212-0025","神奈川県川崎市幸区古川町19-4","","","","","","","","","","","","","","","7020002104113","","","",""
"株式会社谷内ゴム工業所","1119918157443","","","","","","","578-0922","大阪府東大阪市松原一丁目18-9","","","","","","","","","","","","","","","2122001012398","","","",""
"有限会社柳ゴムロール","9043502182485","","","","","","","300-2748","茨城県常総市馬場2318-1","","","","","","","","","","","","","","","7030002048029","","","",""
"株式会社柳瀬製作所","2856967043180","","","","","","","651-2228","兵庫県神戸市西区見津が丘二丁目2-5","","","","","","","","","","","","","","","9140001018011","","","",""
"簗瀬電機有限会社","9454187289552","","","","","","","379-0135","群馬県安中市郷原1245","","","","","","","","","","","","","","","4070002015184","","","",""
"有限会社八幡ゴム工業所","5157457437177","","","","","","","131-0041","東京都墨田区八広一丁目39-13","","","","","","","","","","","","","","","3010602016167","","","",""
"有限会社ヤバセイラスティック","9689632130444","","","","","","","732-0811","広島県広島市南区段原一丁目5-7 103号","","","","","","","","","","","","","","","4240002018649","","","",""
"株式会社八広","5560063258301","","","","","","","131-0042","東京都墨田区東墨田二丁目22-2","","","","","","","","","","","","","","","2010601036869","","","",""
"株式会社八広ゴムクラフト","7035569354750","","","","","","","131-0032","東京都墨田区東向島六丁目55-9","","","","","","","","","","","","","","","2010602016176","","","",""
"株式会社ヤマアック","6444379110538","","","","","","","457-0067","愛知県名古屋市南区上浜町113","","","","","","","","","","","","","","","4180001015760","","","",""
"株式会社ヤマイチ","1635825627746","","","","","","","750-0322","山口県下関市菊川町大字楢崎山月644-1","","","","","","","","","","","","","","","2250001006473","","","",""
"株式会社山一","8903506988146","","","","","","","639-2123","奈良県葛城市忍海479","","","","","","","","","","","","","","","9150001013606","","","",""
"有限会社山一工業所","5497843350276","","","","","","","465-0072","愛知県名古屋市名東区牧の原二丁目915","","","","","","","","","","","","","","","2180002003304","","","",""
"株式会社山一ゴム工業所","9679606050865","","","","","","","577-0827","大阪府東大阪市衣摺六丁目6-3","","","","","","","","","","","","","","","7122001030759","","","",""
"山一商事株式会社","6341952510337","","","","","","","755-0043","山口県宇部市相生町4-3","","","","","","","","","","","","","","","1250001003661","","","",""
"ヤマウチ株式会社","3100958292506","","","","","","","573-1132","大阪府枚方市招提田近二丁目7","","","","","","","","","","","","","","","9120001150848","","","",""
"株式会社山勝","1017050621834","","","","","","","344-0053","埼玉県春日部市梅田本町一丁目10-37","","","","","","","","","","","","","","","4030001051564","","","",""
"山川モールディング株式会社","6975709217087","","","","","","","515-0054","三重県松阪市立野町484-2","","","","","","","","","","","","","","","7190001010675","","","",""
"山形アキレスエアロン株式会社","9095573270205","","","","","","","999-5402","山形県最上郡金山町大字金山861","","","","","","","","","","","","","","","5390001014170","","","",""
"株式会社ヤマキ","2614524963371","","","","","","","123-0865","東京都足立区新田三丁目31-12","","","","","","","","","","","","","","","9011801023361","","","",""
"株式会社ヤマキン","8669068927286","","","","","","","537-0014","大阪府大阪市東成区大今里西一丁目19-13","","","","","","","","","","","","","","","5122001022329","","","",""
"山口ゴム株式会社","9704866664646","","","","","","","105-0013","東京都港区浜松町一丁目15-6 星野ビル1F","","","","","","","","","","","","","","","2010401029890","","","",""
"山口哲株式会社","8745604635844","","","","","","","929-1174","石川県かほく市浜北ハ、10","","","","","","","","","","","","","","","9220001017847","","","",""
"有限会社山﨑製作所","2342643637047","","","","","","","538-0054","大阪府大阪市鶴見区緑三丁目15-21","","","","","","","","","","","","","","","6120002001557","","","",""
"株式会社ヤマザキアクティブ","7038963237132","","","","","","","389-0603","長野県埴科郡坂城町大字南条2223-2","","","","","","","","","","","","","","","3100001011561","","","",""
"山崎化学工業株式会社","2264525195890","","","","","","","131-0034","東京都墨田区堤通二丁目7-14","","","","","","","","","","","","","","","9010601016419","","","",""
"有限会社山崎商会","9059263399521","","","","","","","849-0113","佐賀県三養基郡みやき町大字東尾2430-1","","","","","","","","","","","","","","","3300002009675","","","",""
"山下工業株式会社","7761715699804","","","","","","","420-0882","静岡県静岡市葵区安東三丁目19-35","","","","","","","","","","","","","","","8080001005413","","","",""
"山下ゴム株式会社","7759328502697","","","","","","","356-0051","埼玉県ふじみ野市亀久保1239","","","","","","","","","","","","","","","2030001056243","","","",""
"山下ゴム株式会社","3269757171224","","","","","","","254-0026","神奈川県平塚市中堂15-10","","","","","","","","","","","","","","","4011501009129","","","",""
"株式会社山下ゴム","5317945530593","","","","","","","110-0015","東京都台東区東上野二丁目8-3","","","","","","","","","","","","","","","5010501014154","","","",""
"山下ゴム株式会社","1699299971282","","","","","","","130-0004","東京都墨田区本所一丁目12-11","","","","","","","","","","","","","","","1010601016434","","","",""
"有限会社山下ゴム工業","1423799512527","","","","","","","470-2412","愛知県知多郡美浜町大字浦戸森下1-9","","","","","","","","","","","","","","","4180002085919","","","",""
"有限会社山下ゴム工業","6464014327236","","","","","","","859-3241","長崎県佐世保市有福町4164-4","","","","","","","","","","","","","","","2310002011904","","","",""
"有限会社山下製作所","7330491764984","","","","","","","437-1101","静岡県袋井市浅羽2751-1","","","","","","","","","","","","","","","7080402022025","","","",""
"有限会社山昭","6143664001959","","","","","","","458-0801","愛知県名古屋市緑区鳴海町片坂95","","","","","","","","","","","","","","","6180002026796","","","",""
"株式会社山城産業","5126973464956","","","","","","","458-0801","愛知県名古屋市緑区鳴海町山腰42","","","","","","","","","","","","","","","5180001029033","","","",""
"山清工業株式会社","2860751067120","","","","","","","457-0065","愛知県名古屋市南区元鳴尾町22","","","","","","","","","","","","","","","2180001014525","","","",""
"山清産業株式会社","1991384264431","","","","","","","466-0064","愛知県名古屋市昭和区鶴舞三丁目23-18","","","","","","","","","","","","","","","6180001009604","","","",""
"山清工業株式会社","6302723579960","","","","","","","916-0033","福井県鯖江市中野町257-8-2","","","","","","","","","","","","","","","9210001004391","","","",""
"有限会社ヤマセ商会","5128910763342","","","","","","","915-0264","福井県越前市野岡町3-2","","","","","","","","","","","","","","","5210002012158","","","",""
"山田工業株式会社","9905003872156","","","","","","","277-0872","千葉県柏市十余二380-104","","","","","","","","","","","","","","","5040001066593","","","",""
"山田護謨株式会社","3892363502705","","","","","","","345-0025","埼玉県北葛飾郡杉戸町清地三丁目23-14","","","","","","","","","","","","","","","6030001051967","","","",""
"山田鉄工業株式会社","1860008739456","","","","","","","706-0011","岡山県玉野市宇野三丁目21-5","","","","","","","","","","","","","","","5260001022491","","","",""
"株式会社ヤマテックラバー","6279305239055","","","","","","","501-3753","岐阜県美濃市松森717-3","","","","","","","","","","","","","","","4200001020015","","","",""
"ヤマト株式会社","5186997410732","","","","","","","799-2425","愛媛県松山市中西外1035-1","","","","","","","","","","","","","","","4500001000168","","","",""
"株式会社ヤマトウ","2641897333772","","","","","","","571-0038","大阪府門真市柳田町30-1","","","","","","","","","","","","","","","3120001158335","","","",""
"ヤマト化成株式会社","3220801925189","","","","","","","121-0824","東京都足立区西伊興四丁目10-13","","","","","","","","","","","","","","","9011801014385","","","",""
"有限会社山徳鉄工所","2459665540548","","","","","","","857-1164","長崎県佐世保市白岳町50-4","","","","","","","","","","","","","","","6310002011917","","","",""
"ヤマトケミカル有限会社","5922111967559","","","","","","","635-0823","奈良県北葛城郡広陵町大字三吉175-1","","","","","","","","","","","","","","","7150002009456","","","",""
"株式会社大和ケミカル","7445632142346","","","","","","","243-0801","神奈川県厚木市上依知1405-3","","","","","","","","","","","","","","","9021001020068","","","",""
"有限会社大和工業所","2180640401681","","","","","","","452-0911","愛知県清須市西須ケ口101","","","","","","","","","","","","","","","3180002040593","","","",""
"株式会社山登ゴム","6222826541383","","","","","","","505-0027","岐阜県美濃加茂市本郷町六丁目5-22","","","","","","","","","","","","","","","4200001017317","","","",""
"有限会社大和ゴム商会","8180322644560","","","","","","","454-0953","愛知県名古屋市中川区富田町大字榎津東新海1451-2","","","","","","","","","","","","","","","6180002018496","","","",""
"株式会社大和裁断所","5086473055664","","","","","","","131-0042","東京都墨田区東墨田二丁目23-24","","","","","","","","","","","","","","","9010601012467","","","",""
"大和産業有限会社","9821606588054","","","","","","","151-0072","東京都渋谷区幡ケ谷三丁目60-14","","","","","","","","","","","","","","","5011002007556","","","",""
"株式会社大和スポンジ","2943577965394","","","","","","","124-0012","東京都葛飾区立石五丁目19-16","","","","","","","","","","","","","","","1011801002538","","","",""
"株式会社大和製作所","8962432510174","","","","","","","309-1243","茨城県桜川市高久1661","","","","","","","","","","","","","","","2050001033158","","","",""
"有限会社大和パツキング工業所","3429760138358","","","","","","","169-0075","東京都新宿区高田馬場三丁目18-7","","","","","","","","","","","","","","","3011102007763","","","",""
"有限会社大和屋","5933692745585","","","","","","","254-0044","神奈川県平塚市錦町15-2","","","","","","","","","","","","","","","9021002058603","","","",""
"山豊護謨株式会社","9721314618507","","","","","","","135-0004","東京都江東区森下三丁目5-8","","","","","","","","","","","","","","","7010601000589","","","",""
"株式会社ヤマナカケミカル","6821387539632","","","","","","","368-0072","埼玉県秩父郡横瀬町大字横瀬3318-10","","","","","","","","","","","","","","","8030001094122","","","",""
"山梨精密株式会社","4964316601099","","","","","","","409-0133","山梨県上野原市八ツ沢1000-264 「上野原・東京西工業団地内」","","","","","","","","","","","","","","","8090001008687","","","",""
"山梨ミラクトラン株式会社","3784506334657","","","","","","","405-0059","山梨県笛吹市一宮町上矢作角田757-1","","","","","","","","","","","","","","","5090001006215","","","",""
"ヤマニゴム工業株式会社","9841478958809","","","","","","","731-5151","広島県広島市佐伯区五日市町大字上河内354","","","","","","","","","","","","","","","1240001012028","","","",""
"有限会社ヤマネ","4726909095945","","","","","","","546-0041","大阪府大阪市東住吉区桑津一丁目31-2","","","","","","","","","","","","","","","6120002010434","","","",""
"株式会社やまの化成工業所","3518301194861","","","","","","","730-0846","広島県広島市中区西川口町3-11","","","","","","","","","","","","","","","6240001012023","","","",""
"ヤマハマリン株式会社","2287661076333","","","","","","","869-3600","熊本県上天草市姫戸町ﾆ間戸5995番地","","","","","","","","","","","","","","","6330001013929","","","",""
"山本化学工業株式会社","5006823306354","","","","","","","544-0005","大阪府大阪市生野区中川五丁目13-11","","","","","","","","","","","","","","","6120001019154","","","",""
"山本化工株式会社","6749782587814","","","","","","","143-0024","東京都大田区中央八丁目1-2","","","","","","","","","","","","","","","4010801012197","","","",""
"株式会社山本製作所","6716712540726","","","","","","","492-8145","愛知県稲沢市正明寺三丁目192","","","","","","","","","","","","","","","2180001086201","","","",""
"株式会社山本パッキング製作所","2478506957752","","","","","","","533-0022","大阪府大阪市東淀川区菅原六丁目22-2","","","","","","","","","","","","","","","7120001053136","","","",""
"株式会社ヤマモリ","9802560170623","","","","","","","545-0021","大阪府大阪市阿倍野区阪南町四丁目9-26","","","","","","","","","","","","","","","2120001006610","","","",""
"有限会社ヤマワ","5740521505554","","","","","","","361-0056","埼玉県行田市持田三丁目1-16","","","","","","","","","","","","","","","2030002118273","","","",""
"山和工業有限会社","5076661001454","","","","","","","362-0021","埼玉県上尾市大字原市4259-2","","","","","","","","","","","","","","","6030002055075","","","",""
"株式会社ユー・アイ","3857863526155","","","","","","","272-0836","千葉県市川市北国分三丁目5-6","","","","","","","","","","","","","","","1040001027830","","","",""
"有限会社ユーアイテック","2958861190820","","","","","","","731-0103","広島県広島市安佐南区緑井一丁目17-42","","","","","","","","","","","","","","","5240002017427","","","",""
"株式会社ユーイーアイ","9858637653082","","","","","","","014-0067","秋田県大仙市飯田大道端40-14","","","","","","","","","","","","","","","1410001008388","","","",""
"株式会社優","3398297252859","","","","","","","121-0064","東京都足立区保木間三丁目18-5","","","","","","","","","","","","","","","1011801028310","","","",""
"ＹｕｕＫｉ交易株式会社","3445047003630","","","","","","","700-0807","岡山県岡山市北区南方四丁目5-10","","","","","","","","","","","","","","","5260001029396","","","",""
"勇気工業株式会社","2865922553942","","","","","","","435-0002","静岡県浜松市中央区白鳥町585-2","","","","","","","","","","","","","","","6080401005642","","","",""
"有限会社結城ゴム","6169157541575","","","","","","","307-0025","茨城県結城市大字浜野辺550","","","","","","","","","","","","","","","7050002045098","","","",""
"株式会社有恒商会","7982131759018","","","","","","","153-0064","東京都目黒区下目黒二丁目19 6F","","","","","","","","","","","","","","","9013201000420","","","",""
"有限会社裕工ローラー製作所","9343840808174","","","","","","","114-0016","東京都北区上中里三丁目1-18","","","","","","","","","","","","","","","7011502006205","","","",""
"友宏ワイズ株式会社","6991303724386","","","","","","","462-0011","愛知県名古屋市北区五反田町302","","","","","","","","","","","","","","","6180001013804","","","",""
"雄心化成株式会社","5731154444711","","","","","","","114-0016","東京都北区上中里三丁目20-10","","","","","","","","","","","","","","","7011501004845","","","",""
"ユウテックコーポレーション株式会社","9471308491764","","","","","","","612-8384","京都府京都市伏見区下鳥羽浄春ケ前町115","","","","","","","","","","","","","","","1130001016015","","","",""
"株式会社ユウワゴム","3446324456134","","","","","","","273-0121","千葉県鎌ケ谷市初富804-21","","","","","","","","","","","","","","","2040001081439","","","",""
"ユーエスバレー・ラバー株式会社","4872156558249","","","","","","","563-0050","大阪府池田市新町6-5","","","","","","","","","","","","","","","7120901033856","","","",""
"雪ヶ谷化学工業株式会社","4296361014252","","","","","","","140-0011","東京都品川区東大井五丁目12-10 大井朝陽ビル6F","","","","","","","","","","","","","","","4010801012296","","","",""
"ユーサンガスケット株式会社","3436837466766","","","","","","","410-1325","静岡県駿東郡小山町一色305","","","","","","","","","","","","","","","1080101004338","","","",""
"株式会社ユタカ","9448547353933","","","","","","","446-0071","愛知県安城市今池町三丁目6-37","","","","","","","","","","","","","","","3180301013440","","","",""
"豊ゴム株式会社","8641665083615","","","","","","","534-0021","大阪府大阪市都島区都島本通三丁目3-23","","","","","","","","","","","","","","","4120001008893","","","",""
"ユタカ商会株式会社","3628438572647","","","","","","","737-0933","広島県呉市焼山桜ヶ丘三丁目10-5","","","","","","","","","","","","","","","1240001047701","","","",""
"株式会社ユタカ商会","5177935955905","","","","","","","802-0023","福岡県北九州市小倉北区下富野五丁目11-15","","","","","","","","","","","","","","","5290801003845","","","",""
"株式会社豊樹脂","6429853970467","","","","","","","146-0094","東京都大田区東矢口三丁目15-2","","","","","","","","","","","","","","","8010801012326","","","",""
"株式会社ユニ・オートプランニング","6484114831970","","","","","","","610-0331","京都府京田辺市田辺平68","","","","","","","","","","","","","","","4130001060811","","","",""
"株式会社ユニオン","7821437991510","","","","","","","791-0054","愛媛県松山市空港通三丁目7-5","","","","","","","","","","","","","","","6500001004266","","","",""
"ユニオンゴム工業株式会社","8297535053556","","","","","","","650-0031","兵庫県神戸市中央区東町126 神戸シルクセンタービル6階","","","","","","","","","","","","","","","7140001017048","","","",""
"株式会社ユニカ","9876382297003","","","","","","","578-0975","大阪府東大阪市中鴻池町一丁目7-4 104号","","","","","","","","","","","","","","","5122001007874","","","",""
"ユニコン有限会社","6036990122584","","","","","","","650-0044","兵庫県神戸市中央区東川崎町一丁目5-1 906号","","","","","","","","","","","","","","","7140002002585","","","",""
"ユニマテック株式会社","4741048324953","","","","","","","105-0012","東京都港区芝大門一丁目12-15","","","","","","","","","","","","","","","1010401047027","","","",""
"ＵＢＥエラストマー株式会社","7157314648071","","","","","","","105-0023","東京都港区芝浦一丁目2-1","","","","","","","","","","","","","","","9010401163056","","","",""
"有限会社ユーピー工業","5869169351663","","","","","","","375-0011","群馬県藤岡市岡之郷1322-1","","","","","","","","","","","","","","","4070002018212","","","",""
"有限会社ユリシス","3930821443897","","","","","","","305-0831","茨城県つくば市西大橋大境584-3","","","","","","","","","","","","","","","9050002022921","","","",""
"株式会社ユーワ","8084098161576","","","","","","","370-0874","群馬県高崎市中豊岡町226","","","","","","","","","","","","","","","5070001008675","","","",""
"有限会社陽栄ゴム化成","7888512760443","","","","","","","273-0047","千葉県船橋市藤原三丁目24-8","","","","","","","","","","","","","","","1040002026170","","","",""
"陽光産業株式会社","4808496155282","","","","","","","176-0002","東京都練馬区桜台二丁目30-21","","","","","","","","","","","","","","","9011601007201","","","",""
"洋光物産株式会社","8986272688561","","","","","","","110-0016","東京都台東区台東一丁目21-4","","","","","","","","","","","","","","","1010501014315","","","",""
"有限会社ヨコー","4655884333880","","","","","","","577-0006","大阪府東大阪市楠根一丁目7-36","","","","","","","","","","","","","","","6122002000084","","","",""
"ヨコサン株式会社","8341705171856","","","","","","","447-0867","愛知県碧南市田尻町四丁目68","","","","","","","","","","","","","","","9180301015613","","","",""
"横田工機株式会社","3610600949354","","","","","","","791-8031","愛媛県松山市北斎院町499","","","","","","","","","","","","","","","5500001004291","","","",""
"株式会社横手ワークス","3670530363828","","","","","","","013-0105","秋田県横手市平鹿町浅舞福田158-1","","","","","","","","","","","","","","","2410001008949","","","",""
"株式会社横浜高分子研究所","8420325564321","","","","","","","222-0033","神奈川県横浜市港北区新横浜三丁目13-5","","","","","","","","","","","","","","","5020001021930","","","",""
"横浜ゴム株式会社","6926849019138","","","","","","","254-0047","神奈川県平塚市追分2-1","","","","","","","","","","","","","","","4010401030574","","","",""
"有限会社横浜ゴム商会","9534800971267","","","","","","","240-0003","神奈川県横浜市保土ケ谷区天王町二丁目42-27","","","","","","","","","","","","","","","5020002025170","","","",""
"ヨコハマタイヤ滋賀販売株式会社","1564649253940","","","","","","","526-0021","滋賀県長浜市八幡中山町365","","","","","","","","","","","","","","","9160001007160","","","",""
"株式会社ヨコハマタイヤセンター四国","9666107518484","","","","","","","783-0087","高知県南国市三和琴平一丁目1743-10","","","","","","","","","","","","","","","8490002012004","","","",""
"ヨコハマタイヤリトレッド株式会社","3093907708366","","","","","","","722-0221","広島県尾道市長者原二丁目165-28","","","","","","","","","","","","","","","7030001056404","","","",""
"横浜フォームラバー株式会社","6237329520514","","","","","","","236-0002","神奈川県横浜市金沢区鳥浜町13-2","","","","","","","","","","","","","","","4020001006949","","","",""
"ヨコハマ物産株式会社","8306739108646","","","","","","","370-0035","群馬県高崎市柴崎町622-12","","","","","","","","","","","","","","","8070001008697","","","",""
"有限会社ヨコハマベルト","1422126174183","","","","","","","240-0061","神奈川県横浜市保土ケ谷区峰沢町88-13","","","","","","","","","","","","","","","6020002025236","","","",""
"ヨコハマポリマー化成株式会社","8953395744115","","","","","","","259-1135","神奈川県伊勢原市岡崎6756-2","","","","","","","","","","","","","","","8021001021983","","","",""
"横松工業株式会社","7447871298267","","","","","","","241-0802","神奈川県横浜市旭区上川井町467","","","","","","","","","","","","","","","7020001005741","","","",""
"株式会社吉川","1834616648550","","","","","","","632-0086","奈良県磯城郡三宅町庵治町１８６－１","","","","","","","","","","","","","","","4150001011374","","","",""
"吉谷工業株式会社","7082569110321","","","","","","","886-0006","宮崎県小林市北西方1086-5","","","","","","","","","","","","","","","6260001019017","","","",""
"有限会社ヨシダケミカル","2734809451012","","","","","","","341-0052","埼玉県三郷市彦野一丁目174-1","","","","","","","","","","","","","","","9030002050809","","","",""
"吉田産業株式会社","9784456289859","","","","","","","455-0076","愛知県名古屋市港区川間町一丁目163","","","","","","","","","","","","","","","3180001007668","","","",""
"有限会社吉田産業","1634770734282","","","","","","","540-0034","大阪府大阪市中央区島町二丁目1-7","","","","","","","","","","","","","","","2120002039254","","","",""
"有限会社吉田商会","8866652598079","","","","","","","232-0033","神奈川県横浜市南区中村町一丁目1-7","","","","","","","","","","","","","","","4020002045830","","","",""
"吉田精機株式会社","9902407051477","","","","","","","336-0932","埼玉県さいたま市緑区大字中尾695-5","","","","","","","","","","","","","","","1030001008765","","","",""
"有限会社吉田製作所","2476137782583","","","","","","","437-0066","静岡県袋井市山科2839-2","","","","","","","","","","","","","","","5080402021879","","","",""
"吉田テック株式会社","5743806640535","","","","","","","581-0088","大阪府八尾市松山町一丁目2-15","","","","","","","","","","","","","","","2122001020599","","","",""
"有限会社吉田パッキング","7273817312135","","","","","","","399-0014","長野県松本市平田東一丁目23-12","","","","","","","","","","","","","","","7100002022100","","","",""
"吉野ゴム工業株式会社","8671214345409","","","","","","","553-0006","大阪府大阪市福島区吉野四丁目26-14","","","","","","","","","","","","","","","6120001036835","","","",""
"ヨツギ株式会社","2775657269464","","","","","","","104-0031","東京都中央区京橋二丁目6-13","","","","","","","","","","","","","","","8120001048309","","","",""
"ヨツギテクノ株式会社","8198589921046","","","","","","","639-2103","奈良県葛城市西室180","","","","","","","","","","","","","","","2150001013678","","","",""
"有限会社四ッ葉商会","6306361866755","","","","","","","041-0851","北海道函館市本通二丁目14-21","","","","","","","","","","","","","","","2440002005174","","","",""
"有限会社四谷ゴム工業","6113853749470","","","","","","","210-0828","神奈川県川崎市川崎区四谷上町21-19","","","","","","","","","","","","","","","8020002099765","","","",""
"淀川パッキング株式会社","8403238017043","","","","","","","564-0044","大阪府吹田市南金田一丁目3-25","","","","","","","","","","","","","","","9120901008740","","","",""
"株式会社萬ゴム","1777918520418","","","","","","","468-0001","愛知県名古屋市天白区植田山二丁目707-3","","","","","","","","","","","","","","","2180001049001","","","",""
"有限会社萬製作所","2667978317296","","","","","","","544-0004","大阪府大阪市生野区巽北一丁目20-12","","","","","","","","","","","","","","","7120002010482","","","",""
"株式会社ライオンゴム","3399386738231","","","","","","","124-0013","東京都葛飾区東立石四丁目20-9","","","","","","","","","","","","","","","1011801005177","","","",""
"株式会社ライト","8714875373088","","","","","","","435-0041","静岡県浜松市中央区北島町741-1","","","","","","","","","","","","","","","4080401005727","","","",""
"株式会社ライドウィン","4989257438105","","","","","","","242-0029","神奈川県大和市上草柳八丁目1-15","","","","","","","","","","","","","","","3020001093187","","","",""
"有限会社ライン工房","6592739870972","","","","","","","543-0045","大阪府大阪市天王寺区寺田町二丁目5-4 へ-ベルメゾン天王寺1F","","","","","","","","","","","","","","","6120002013899","","","",""
"ライン精工有限会社","9375862688011","","","","","","","940-0805","新潟県長岡市浦瀬町191","","","","","","","","","","","","","","","6110002029574","","","",""
"ラクダ護謨工業株式会社","5718600230111","","","","","","","650-0025","兵庫県神戸市中央区相生町一丁目1-1 805","","","","","","","","","","","","","","","5140001018056","","","",""
"ラッキーベル株式会社","9149884914064","","","","","","","653-0836","兵庫県神戸市長田区神楽町四丁目3-1","","","","","","","","","","","","","","","7140001017080","","","",""
"ラバーテツク株式会社","2706029401560","","","","","","","459-8001","愛知県名古屋市緑区大高町己新田56-4","","","","","","","","","","","","","","","8180001029096","","","",""
"有限会社ラバーテック","9085197605890","","","","","","","372-0006","群馬県伊勢崎市太田町866-1","","","","","","","","","","","","","","","4070002021934","","","",""
"株式会社ラバーテック","6227825929804","","","","","","","720-0808","広島県福山市昭和町10-18","","","","","","","","","","","","","","","3240001034037","","","",""
"株式会社ラバーテック","7091096536635","","","","","","","323-0808","栃木県小山市大字出井1193-8","","","","","","","","","","","","","","","9060001015792","","","",""
"有限会社ラバーテック芳賀","2492794840803","","","","","","","509-0262","岐阜県可児市菅刈572-5","","","","","","","","","","","","","","","9200002017393","","","",""
"ラバーマテリアル株式会社","4518129309875","","","","","","","581-0036","大阪府八尾市沼一丁目68-82","","","","","","","","","","","","","","","3122001020607","","","",""
"ラビット株式会社","4149931689001","","","","","","","537-0025","大阪府大阪市東成区中道一丁目10-17","","","","","","","","","","","","","","","8120001104367","","","",""
"有限会社ランドロール","1290558353636","","","","","","","496-0866","愛知県津島市大和町二丁目18","","","","","","","","","","","","","","","1180002091317","","","",""
"株式会社リークオフ","9060183890450","","","","","","","661-0951","兵庫県尼崎市田能六丁目6-33","","","","","","","","","","","","","","","2140001090017","","","",""
"リックス株式会社","5227518533489","","","","","","","990-0401","山形県東村山郡中山町大字長崎渡丸4145-1","","","","","","","","","","","","","","","2390001002517","","","",""
"株式会社立成化学工業所","8360672723343","","","","","","","651-2145","兵庫県神戸市西区玉津町居住244-2","","","","","","","","","","","","","","","3140001022968","","","",""
"株式会社リトワードリンクス","7679439595145","","","","","","","433-8118","静岡県浜松市中央区高丘西一丁目6-4","","","","","","","","","","","","","","","8080401018386","","","",""
"株式会社リード","1314531183526","","","","","","","211-0051","神奈川県川崎市中原区宮内二丁目21-6","","","","","","","","","","","","","","","7020001067261","","","",""
"リバーゴム工業株式会社","5681753791138","","","","","","","574-0016","大阪府大東市南津の辺町17-30","","","","","","","","","","","","","","","1122001016078","","","",""
"株式会社リバテック","1223694679183","","","","","","","587-0042","大阪府堺市美原区木材通一丁目4-2","","","","","","","","","","","","","","","7120101007974","","","",""
"リバレックス株式会社","3966936543037","","","","","","","800-0115","福岡県北九州市門司区新門司三丁目73","","","","","","","","","","","","","","","9290801024755","","","",""
"株式会社リファインラバー","3161897751345","","","","","","","417-0847","静岡県富士市比奈589-3","","","","","","","","","","","","","","","2080101022990","","","",""
"琉球Ｔ＆Ｐ合同会社","7250640901540","","","","","","","904-2174","沖縄県沖縄市与儀三丁目3-14","","","","","","","","","","","","","","","5360003007943","","","",""
"竜興化学工業株式会社","8464971599572","","","","","","","124-0014","東京都葛飾区東四つ木二丁目6-2","","","","","","","","","","","","","","","5011801005280","","","",""
"有限会社隆昌","7310324595922","","","","","","","146-0083","東京都大田区千鳥一丁目17-4","","","","","","","","","","","","","","","4010802015645","","","",""
"株式会社隆成ゴム","7539606207195","","","","","","","124-0005","東京都葛飾区宝町一丁目20-2","","","","","","","","","","","","","","","3011801024828","","","",""
"有限会社永興","5027430794366","","","","","","","610-1101","京都府京都市西京区大枝北沓掛町六丁目4-10","","","","","","","","","","","","","","","4130002008487","","","",""
"菱星機工株式会社","2280232878939","","","","","","","360-0841","埼玉県熊谷市新堀1008","","","","","","","","","","","","","","","3030001085729","","","",""
"有限会社良文堂","1847861611490","","","","","","","997-0034","山形県鶴岡市本町二丁目13-31","","","","","","","","","","","","","","","2390002009908","","","",""
"株式会社リョーワ","5923249500021","","","","","","","340-0811","埼玉県八潮市大字二丁目1112-9","","","","","","","","","","","","","","","6030001037297","","","",""
"株式会社リンテック２１","7402679628687","","","","","","","141-0022","東京都品川区東五反田二丁目5-2 THECASKGOTANDA805","","","","","","","","","","","","","","","4010401084100","","","",""
"株式会社ルートスロープ","2575743609431","","","","","","","607-8142","京都府京都市山科区東野中井ノ上町9-132","","","","","","","","","","","","","","","1130001053479","","","",""
"株式会社ループラ","8579748217877","","","","","","","950-3362","新潟県新潟市北区高森新田80-2","","","","","","","","","","","","","","","7110001007885","","","",""
"有限会社嶺工業所","3881740782932","","","","","","","510-1325","三重県三重郡菰野町大字榊861-3","","","","","","","","","","","","","","","9190002024235","","","",""
"株式会社レイワテック","4121656611904","","","","","","","171-0021","東京都豊島区西池袋一丁目9-11","","","","","","","","","","","","","","","2010901035273","","","",""
"有限会社レヴォルフェドットコム","1681935998322","","","","","","","224-0053","神奈川県横浜市都筑区池辺町3960","","","","","","","","","","","","","","","7020002062113","","","",""
"株式会社レヂテックス","8193468639458","","","","","","","243-0801","神奈川県厚木市上依知1411-2","","","","","","","","","","","","","","","4021001020881","","","",""
"レヂン工業株式会社","1235874128447","","","","","","","376-0011","群馬県桐生市相生町二丁目718","","","","","","","","","","","","","","","7070001016783","","","",""
"株式会社レプロ","9076744497608","","","","","","","503-0321","岐阜県海津市平田町今尾2022","","","","","","","","","","","","","","","1200001033399","","","",""
"株式会社ロックス","6763996929964","","","","","","","270-0123","千葉県流山市若葉台3-6","","","","","","","","","","","","","","","1040001038506","","","",""
"株式会社ロビン","5927839784017","","","","","","","653-0031","兵庫県神戸市長田区西尻池町二丁目5-14","","","","","","","","","","","","","","","7140001017114","","","",""
"株式会社ロンタム","6698252690909","","","","","","","653-0834","兵庫県神戸市長田区川西通一丁目1-1","","","","","","","","","","","","","","","8140001028713","","","",""
"ＹＳテック株式会社","7835345604091","","","","","","","532-0034","大阪府大阪市淀川区野中北一丁目4-10","","","","","","","","","","","","","","","9120901013848","","","",""
"株式会社Ｙ．Ｋ．","8716504747483","","","","","","","876-0841","大分県佐伯市来島町11-2","","","","","","","","","","","","","","","4320001009343","","","",""
"有限会社ワイズ","4385775532661","","","","","","","899-5117","鹿児島県霧島市隼人町見次624-1","","","","","","","","","","","","","","","8340002014337","","","",""
"有限会社ワイズ製作所","3967439039439","","","","","","","125-0063","東京都葛飾区白鳥四丁目4-3","","","","","","","","","","","","","","","7011802026431","","","",""
"株式会社ワイテック","6107128435741","","","","","","","452-0001","愛知県清須市西枇杷島町古城一丁目12-7","","","","","","","","","","","","","","","1180001088669","","","",""
"有限会社ワイベック","5368890259296","","","","","","","673-0433","兵庫県三木市福井2175-3","","","","","","","","","","","","","","","6140002022015","","","",""
"有限会社ワカバ技研","7888347972422","","","","","","","344-0056","埼玉県春日部市新方袋1119-1","","","","","","","","","","","","","","","1030002069609","","","",""
"株式会社若松","3446148119412","","","","","","","649-0304","和歌山県有田市箕島733","","","","","","","","","","","","","","","9170001007440","","","",""
"若松パッキング有限会社","9061010788178","","","","","","","808-0022","福岡県北九州市若松区大字安瀬64-112","","","","","","","","","","","","","","","3290802019578","","","",""
"有限会社若海ゴム工業","8359508292483","","","","","","","288-0825","千葉県銚子市新町355","","","","","","","","","","","","","","","7040002086127","","","",""
"和歌山高圧ホース株式会社","9914088165475","","","","","","","640-8303","和歌山県和歌山市鳴神1046-13","","","","","","","","","","","","","","","1170001003728","","","",""
"有限会社若山ゴム","8522436814900","","","","","","","501-1314","岐阜県揖斐郡揖斐川町谷汲名礼1178-1","","","","","","","","","","","","","","","9200002015802","","","",""
"和歌山ゴム工業株式会社","2735651644957","","","","","","","640-0424","和歌山県紀の川市貴志川町井ノ口1477","","","","","","","","","","","","","","","4170001008344","","","",""
"有限会社ワークスケイ","3261676513798","","","","","","","343-0825","埼玉県越谷市大成町二丁目215-9","","","","","","","","","","","","","","","7030002088529","","","",""
"ワコー有限会社","9983159639139","","","","","","","319-1559","茨城県北茨城市中郷町上桜井2581","","","","","","","","","","","","","","","5050002032701","","","",""
"株式会社ワコー","8409802726300","","","","","","","144-0032","東京都大田区北糀谷一丁目24-5","","","","","","","","","","","","","","","8010801012813","","","",""
"和興株式会社","8452912918282","","","","","","","420-0061","静岡県静岡市葵区新富町二丁目25-14","","","","","","","","","","","","","","","8080001005603","","","",""
"有限会社和興ウレタン","2987572144593","","","","","","","300-3504","茨城県結城郡八千代町大字西大山25","","","","","","","","","","","","","","","7050002017519","","","",""
"和幸ゴム工業株式会社","5250190354394","","","","","","","336-0024","埼玉県さいたま市南区根岸五丁目9-16","","","","","","","","","","","","","","","7030001008859","","","",""
"和幸ゴム工業有限会社","8801577424816","","","","","","","811-2112","福岡県糟屋郡須恵町大字植木185-87","","","","","","","","","","","","","","","9290002022369","","","",""
"株式会社和光製作所","9273530792657","","","","","","","671-1132","兵庫県姫路市大津区勘兵衛町一丁目158-4","","","","","","","","","","","","","","","6140001062268","","","",""
"有限会社渡富製作所","7099264092378","","","","","","","123-0841","東京都足立区西新井四丁目40-25","","","","","","","","","","","","","","","6011802020427","","","",""
"有限会社渡邊加工","5020898881780","","","","","","","211-0051","神奈川県川崎市中原区宮内一丁目7-40","","","","","","","","","","","","","","","5020002085561","","","",""
"株式会社渡辺製作所","7270598230589","","","","","","","601-8186","京都府京都市南区上鳥羽北戒光町1","","","","","","","","","","","","","","","9130001012089","","","",""
"有限会社渡辺タイヤ商会","2736074977382","","","","","","","052-0022","北海道伊達市梅本町4-41","","","","","","","","","","","","","","","5430002063518","","","",""
"有限会社渡辺タイヤー商会","6152567978735","","","","","","","142-0064","東京都品川区旗の台一丁目1-14","","","","","","","","","","","","","","","6010702008986","","","",""
"ワタナベラバー株式会社","4772154369858","","","","","","","485-0046","愛知県小牧市堀の内五丁目55","","","","","","","","","","","","","","","1180001076657","","","",""
"株式会社渡航機","6172490101331","","","","","","","144-0033","東京都大田区東糀谷一丁目5-24","","","","","","","","","","","","","","","9010801012903","","","",""
"有限会社和田","9086958660196","","","","","","","581-0063","大阪府八尾市太子堂二丁目2-32","","","","","","","","","","","","","","","1122002015211","","","",""
"稚内ビーエスタイヤセンター株式会社","9925246258275","","","","","","","097-0013","北海道稚内市若葉台1825-6","","","","","","","","","","","","","","","6450001008413","","","",""
"Ｗａｔｓｏｎ－Ｍａｒｌｏｗ株式会社","2561192019135","","","","","","","115-0051","東京都北区浮間四丁目23-21","","","","","","","","","","","","","","","8010401118408","","","",""
"有限会社ワム","4990157106379","","","","","","","152-0023","東京都目黒区八雲一丁目5-19 604号","","","","","","","","","","","","","","","7013202011138","","","",""
"有限会社和良工業","6269317235210","","","","","","","501-4515","岐阜県郡上市和良町方須301","","","","","","","","","","","","","","","4200002028057","","","",""
"ワールド産業株式会社","6224559531869","","","","","","","130-0005","東京都墨田区東駒形二丁目22-6","","","","","","","","","","","","","","","4010601016902","","","",""
"ワールドダイブ株式会社","8912233381041","","","","","","","580-0024","大阪府松原市東新町四丁目7-21","","","","","","","","","","","","","","","3120101025922","","","",""
"株式会社ｗｉｔｈ　Ｏｃｅａｎ","2180490674963","","","","","","","299-2702","千葉県南房総市和田町柴259-1","","","","","","","","","","","","","","","1040001075862","","","",""
